ISO-10303-21;
HEADER;
/* Generated by software containing ST-Developer
 * from STEP Tools, Inc. (www.steptools.com) 
 */
/* OPTION: strings as raw bytes, not using required /X/ escapes */

FILE_DESCRIPTION(
/* description */ ('Unknown'),
/* implementation_level */ '2;1');

FILE_NAME(
/* name */ 'FIT0587',
/* time_stamp */ '2023-09-14T09:11:39+02:00',
/* author */ ('Unknown'),
/* organization */ ('Unknown'),
/* preprocessor_version */ 'ST-DEVELOPER v18.102',
/* originating_system */ 'Solid Edge',
/* authorisation */ 'Unknown');

FILE_SCHEMA (('AUTOMOTIVE_DESIGN {1 0 10303 214 3 1 1}'));
ENDSEC;

DATA;
#10=PROPERTY_DEFINITION_REPRESENTATION(#14,#12);
#11=PROPERTY_DEFINITION_REPRESENTATION(#15,#13);
#12=REPRESENTATION('',(#16),#8681);
#13=REPRESENTATION('',(#17),#8681);
#14=PROPERTY_DEFINITION('pmi validation property','',#8690);
#15=PROPERTY_DEFINITION('pmi validation property','',#8690);
#16=VALUE_REPRESENTATION_ITEM('number of annotations',COUNT_MEASURE(0.));
#17=VALUE_REPRESENTATION_ITEM('number of views',COUNT_MEASURE(0.));
#18=B_SPLINE_SURFACE_WITH_KNOTS('',3,1,((#8128,#8129),(#8130,#8131),(#8132,
#8133),(#8134,#8135),(#8136,#8137)),.SURF_OF_LINEAR_EXTRUSION.,.F.,.F.,
 .F.,(4,1,4),(2,2),(0.,0.5,1.),(0.,1.),.UNSPECIFIED.);
#19=B_SPLINE_SURFACE_WITH_KNOTS('',3,1,((#8140,#8141),(#8142,#8143),(#8144,
#8145),(#8146,#8147),(#8148,#8149),(#8150,#8151),(#8152,#8153)),
 .SURF_OF_LINEAR_EXTRUSION.,.F.,.F.,.F.,(4,1,1,1,4),(2,2),(0.,0.25,0.5,
0.75,1.),(0.,1.),.UNSPECIFIED.);
#20=B_SPLINE_SURFACE_WITH_KNOTS('',3,1,((#8155,#8156),(#8157,#8158),(#8159,
#8160),(#8161,#8162),(#8163,#8164),(#8165,#8166),(#8167,#8168)),
 .SURF_OF_LINEAR_EXTRUSION.,.F.,.F.,.F.,(4,1,1,1,4),(2,2),(0.,0.25,0.5,
0.75,1.),(0.,1.),.UNSPECIFIED.);
#21=B_SPLINE_SURFACE_WITH_KNOTS('',3,1,((#8170,#8171),(#8172,#8173),(#8174,
#8175),(#8176,#8177),(#8178,#8179)),.SURF_OF_LINEAR_EXTRUSION.,.F.,.F.,
 .F.,(4,1,4),(2,2),(0.,0.5,1.),(0.,1.),.UNSPECIFIED.);
#22=B_SPLINE_SURFACE_WITH_KNOTS('',3,1,((#8181,#8182),(#8183,#8184),(#8185,
#8186),(#8187,#8188),(#8189,#8190)),.SURF_OF_LINEAR_EXTRUSION.,.F.,.F.,
 .F.,(4,1,4),(2,2),(0.,0.5,1.),(0.,1.),.UNSPECIFIED.);
#23=B_SPLINE_SURFACE_WITH_KNOTS('',3,1,((#8192,#8193),(#8194,#8195),(#8196,
#8197),(#8198,#8199)),.SURF_OF_LINEAR_EXTRUSION.,.F.,.F.,.F.,(4,4),(2,2),
(0.,1.),(0.,1.),.PIECEWISE_BEZIER_KNOTS.);
#24=B_SPLINE_SURFACE_WITH_KNOTS('',3,1,((#8201,#8202),(#8203,#8204),(#8205,
#8206),(#8207,#8208),(#8209,#8210),(#8211,#8212)),
 .SURF_OF_LINEAR_EXTRUSION.,.F.,.F.,.F.,(4,1,1,4),(2,2),(0.,0.5,0.75,1.),
(0.,1.),.UNSPECIFIED.);
#25=B_SPLINE_SURFACE_WITH_KNOTS('',3,1,((#8214,#8215),(#8216,#8217),(#8218,
#8219),(#8220,#8221),(#8222,#8223)),.SURF_OF_LINEAR_EXTRUSION.,.F.,.F.,
 .F.,(4,1,4),(2,2),(0.,0.5,1.),(0.,1.),.UNSPECIFIED.);
#26=B_SPLINE_SURFACE_WITH_KNOTS('',3,1,((#8226,#8227),(#8228,#8229),(#8230,
#8231),(#8232,#8233),(#8234,#8235)),.SURF_OF_LINEAR_EXTRUSION.,.F.,.F.,
 .F.,(4,1,4),(2,2),(0.,0.5,1.),(0.,1.),.UNSPECIFIED.);
#27=B_SPLINE_SURFACE_WITH_KNOTS('',3,1,((#8251,#8252),(#8253,#8254),(#8255,
#8256),(#8257,#8258),(#8259,#8260)),.SURF_OF_LINEAR_EXTRUSION.,.F.,.F.,
 .F.,(4,1,4),(2,2),(0.,0.5,1.),(0.,1.),.UNSPECIFIED.);
#28=B_SPLINE_SURFACE_WITH_KNOTS('',3,1,((#8274,#8275),(#8276,#8277),(#8278,
#8279),(#8280,#8281),(#8282,#8283)),.SURF_OF_LINEAR_EXTRUSION.,.F.,.F.,
 .F.,(4,1,4),(2,2),(0.,0.5,1.),(0.,1.),.UNSPECIFIED.);
#29=B_SPLINE_SURFACE_WITH_KNOTS('',3,1,((#8297,#8298),(#8299,#8300),(#8301,
#8302),(#8303,#8304),(#8305,#8306)),.SURF_OF_LINEAR_EXTRUSION.,.F.,.F.,
 .F.,(4,1,4),(2,2),(0.,0.5,1.),(0.,1.),.UNSPECIFIED.);
#30=B_SPLINE_SURFACE_WITH_KNOTS('',3,1,((#8480,#8481),(#8482,#8483),(#8484,
#8485),(#8486,#8487),(#8488,#8489),(#8490,#8491),(#8492,#8493)),
 .SURF_OF_LINEAR_EXTRUSION.,.F.,.F.,.F.,(4,1,1,1,4),(2,2),(0.,0.25,0.5,
0.75,1.),(0.,1.),.UNSPECIFIED.);
#31=B_SPLINE_SURFACE_WITH_KNOTS('',3,1,((#8496,#8497),(#8498,#8499),(#8500,
#8501),(#8502,#8503),(#8504,#8505),(#8506,#8507),(#8508,#8509)),
 .SURF_OF_LINEAR_EXTRUSION.,.F.,.F.,.F.,(4,1,1,1,4),(2,2),(0.,0.25,0.5,
0.75,1.),(0.,1.),.UNSPECIFIED.);
#32=B_SPLINE_SURFACE_WITH_KNOTS('',3,1,((#8511,#8512),(#8513,#8514),(#8515,
#8516),(#8517,#8518),(#8519,#8520),(#8521,#8522),(#8523,#8524)),
 .SURF_OF_LINEAR_EXTRUSION.,.F.,.F.,.F.,(4,1,1,1,4),(2,2),(0.,0.25,0.5,
0.75,1.),(0.,1.),.UNSPECIFIED.);
#33=B_SPLINE_SURFACE_WITH_KNOTS('',3,1,((#8526,#8527),(#8528,#8529),(#8530,
#8531),(#8532,#8533),(#8534,#8535),(#8536,#8537),(#8538,#8539)),
 .SURF_OF_LINEAR_EXTRUSION.,.F.,.F.,.F.,(4,1,1,1,4),(2,2),(0.,0.25,0.5,
0.75,1.),(0.,1.),.UNSPECIFIED.);
#34=B_SPLINE_SURFACE_WITH_KNOTS('',3,1,((#8540,#8541),(#8542,#8543),(#8544,
#8545),(#8546,#8547),(#8548,#8549),(#8550,#8551),(#8552,#8553)),
 .SURF_OF_LINEAR_EXTRUSION.,.F.,.F.,.F.,(4,1,1,1,4),(2,2),(0.,0.25,0.5,
0.75,1.),(0.,1.),.UNSPECIFIED.);
#35=B_SPLINE_SURFACE_WITH_KNOTS('',3,1,((#8571,#8572),(#8573,#8574),(#8575,
#8576),(#8577,#8578),(#8579,#8580),(#8581,#8582),(#8583,#8584)),
 .SURF_OF_LINEAR_EXTRUSION.,.F.,.F.,.F.,(4,1,1,1,4),(2,2),(0.,0.25,0.5,
0.75,1.),(0.,1.),.UNSPECIFIED.);
#36=B_SPLINE_SURFACE_WITH_KNOTS('',3,1,((#8600,#8601),(#8602,#8603),(#8604,
#8605),(#8606,#8607),(#8608,#8609),(#8610,#8611)),
 .SURF_OF_LINEAR_EXTRUSION.,.F.,.F.,.F.,(4,1,1,4),(2,2),(0.,0.5,0.75,1.),
(0.,1.),.UNSPECIFIED.);
#37=B_SPLINE_SURFACE_WITH_KNOTS('',3,1,((#8633,#8634),(#8635,#8636),(#8637,
#8638),(#8639,#8640),(#8641,#8642),(#8643,#8644),(#8645,#8646)),
 .SURF_OF_LINEAR_EXTRUSION.,.F.,.F.,.F.,(4,1,1,1,4),(2,2),(0.,0.25,0.5,
0.75,1.),(0.,1.),.UNSPECIFIED.);
#38=ELLIPSE('',#5497,0.206155281280883,0.2);
#39=ELLIPSE('',#5498,0.206155281280883,0.2);
#40=ELLIPSE('',#5499,0.206155281280883,0.2);
#41=ELLIPSE('',#5500,0.206155281280883,0.2);
#42=ELLIPSE('',#5501,0.206155281280883,0.2);
#43=ELLIPSE('',#5502,0.206155281280883,0.2);
#44=ELLIPSE('',#5504,0.206155281280883,0.2);
#45=ELLIPSE('',#5505,0.206155281280883,0.2);
#46=ELLIPSE('',#5506,0.206155281280883,0.2);
#47=ELLIPSE('',#5507,0.206155281280883,0.2);
#48=ELLIPSE('',#5508,0.206155281280883,0.2);
#49=ELLIPSE('',#5509,0.206155281280883,0.2);
#50=ELLIPSE('',#5510,0.206155281280883,0.2);
#51=ELLIPSE('',#5511,0.206155281280883,0.2);
#52=ELLIPSE('',#5534,0.206155281280883,0.2);
#53=ELLIPSE('',#5550,0.206155281280883,0.2);
#54=ELLIPSE('',#5647,0.103077640640441,0.1);
#55=ELLIPSE('',#5650,0.103077640640441,0.1);
#56=ELLIPSE('',#5653,0.103077640640441,0.1);
#57=ELLIPSE('',#5656,0.103077640640442,0.1);
#58=CONTEXT_DEPENDENT_SHAPE_REPRESENTATION(#64,#8692);
#59=CONTEXT_DEPENDENT_SHAPE_REPRESENTATION(#65,#8693);
#60=CONTEXT_DEPENDENT_SHAPE_REPRESENTATION(#66,#8695);
#61=NEXT_ASSEMBLY_USAGE_OCCURRENCE('PinoXT-60_Macho','PinoXT-60_Macho',
'PinoXT-60_Macho',#8696,#8697,'');
#62=NEXT_ASSEMBLY_USAGE_OCCURRENCE('PinoXT-60_Macho','PinoXT-60_Macho',
'PinoXT-60_Macho',#8696,#8697,'');
#63=NEXT_ASSEMBLY_USAGE_OCCURRENCE('XT-60_Macho','XT-60_Macho',
'XT-60_Macho',#8696,#8698,'');
#64=(
REPRESENTATION_RELATIONSHIP(' ',' ',#5424,#5425)
REPRESENTATION_RELATIONSHIP_WITH_TRANSFORMATION(#67)
SHAPE_REPRESENTATION_RELATIONSHIP()
);
#65=(
REPRESENTATION_RELATIONSHIP(' ',' ',#5424,#5425)
REPRESENTATION_RELATIONSHIP_WITH_TRANSFORMATION(#68)
SHAPE_REPRESENTATION_RELATIONSHIP()
);
#66=(
REPRESENTATION_RELATIONSHIP(' ',' ',#5426,#5425)
REPRESENTATION_RELATIONSHIP_WITH_TRANSFORMATION(#69)
SHAPE_REPRESENTATION_RELATIONSHIP()
);
#67=ITEM_DEFINED_TRANSFORMATION(' ',' ',#5427,#5494);
#68=ITEM_DEFINED_TRANSFORMATION(' ',' ',#5427,#5495);
#69=ITEM_DEFINED_TRANSFORMATION(' ',' ',#5427,#5727);
#70=SHAPE_REPRESENTATION_RELATIONSHIP('','',#5424,#72);
#71=SHAPE_REPRESENTATION_RELATIONSHIP('','',#5426,#73);
#72=ADVANCED_BREP_SHAPE_REPRESENTATION('',(#5419),#8682);
#73=ADVANCED_BREP_SHAPE_REPRESENTATION('',(#5420),#8683);
#74=TOROIDAL_SURFACE('',#5490,1.35,0.5);
#75=TOROIDAL_SURFACE('',#5491,1.35,0.5);
#76=TOROIDAL_SURFACE('',#5492,1.35,0.5);
#77=TOROIDAL_SURFACE('',#5493,1.35,0.5);
#78=B_SPLINE_CURVE_WITH_KNOTS('',3,(#6809,#6810,#6811,#6812),
 .UNSPECIFIED.,.F.,.F.,(4,4),(0.,0.000787430036976578),.UNSPECIFIED.);
#79=B_SPLINE_CURVE_WITH_KNOTS('',3,(#6816,#6817,#6818,#6819),
 .UNSPECIFIED.,.F.,.F.,(4,4),(0.,0.000722549354008497),.UNSPECIFIED.);
#80=B_SPLINE_CURVE_WITH_KNOTS('',3,(#6830,#6831,#6832,#6833),
 .UNSPECIFIED.,.F.,.F.,(4,4),(0.,0.000787444556029935),.UNSPECIFIED.);
#81=B_SPLINE_CURVE_WITH_KNOTS('',3,(#6834,#6835,#6836,#6837),
 .UNSPECIFIED.,.F.,.F.,(4,4),(0.,0.000722549354008498),.UNSPECIFIED.);
#82=B_SPLINE_CURVE_WITH_KNOTS('',3,(#6845,#6846,#6847,#6848),
 .UNSPECIFIED.,.F.,.F.,(4,4),(0.,0.000787430036976578),.UNSPECIFIED.);
#83=B_SPLINE_CURVE_WITH_KNOTS('',3,(#6852,#6853,#6854,#6855),
 .UNSPECIFIED.,.F.,.F.,(4,4),(6.94228120891928E-19,0.000722549354008497),
 .UNSPECIFIED.);
#84=B_SPLINE_CURVE_WITH_KNOTS('',3,(#6866,#6867,#6868,#6869),
 .UNSPECIFIED.,.F.,.F.,(4,4),(0.,0.000787444556029935),.UNSPECIFIED.);
#85=B_SPLINE_CURVE_WITH_KNOTS('',3,(#6870,#6871,#6872,#6873),
 .UNSPECIFIED.,.F.,.F.,(4,4),(0.,0.000722549354008498),.UNSPECIFIED.);
#86=B_SPLINE_CURVE_WITH_KNOTS('',3,(#6881,#6882,#6883,#6884),
 .UNSPECIFIED.,.F.,.F.,(4,4),(0.,0.000787430036976578),.UNSPECIFIED.);
#87=B_SPLINE_CURVE_WITH_KNOTS('',3,(#6888,#6889,#6890,#6891),
 .UNSPECIFIED.,.F.,.F.,(4,4),(6.94228120891928E-19,0.000722549354008497),
 .UNSPECIFIED.);
#88=B_SPLINE_CURVE_WITH_KNOTS('',3,(#6902,#6903,#6904,#6905),
 .UNSPECIFIED.,.F.,.F.,(4,4),(0.,0.000787444556029935),.UNSPECIFIED.);
#89=B_SPLINE_CURVE_WITH_KNOTS('',3,(#6906,#6907,#6908,#6909),
 .UNSPECIFIED.,.F.,.F.,(4,4),(0.,0.000722549354008498),.UNSPECIFIED.);
#90=B_SPLINE_CURVE_WITH_KNOTS('',3,(#6917,#6918,#6919,#6920),
 .UNSPECIFIED.,.F.,.F.,(4,4),(0.,0.000787430036976579),.UNSPECIFIED.);
#91=B_SPLINE_CURVE_WITH_KNOTS('',3,(#6924,#6925,#6926,#6927),
 .UNSPECIFIED.,.F.,.F.,(4,4),(0.,0.000722549354008501),.UNSPECIFIED.);
#92=B_SPLINE_CURVE_WITH_KNOTS('',3,(#6938,#6939,#6940,#6941),
 .UNSPECIFIED.,.F.,.F.,(4,4),(0.,0.000787444556029936),.UNSPECIFIED.);
#93=B_SPLINE_CURVE_WITH_KNOTS('',3,(#6942,#6943,#6944,#6945),
 .UNSPECIFIED.,.F.,.F.,(4,4),(0.,0.000722549354008502),.UNSPECIFIED.);
#94=B_SPLINE_CURVE_WITH_KNOTS('',3,(#6974,#6975,#6976,#6977,#6978),
 .UNSPECIFIED.,.F.,.F.,(4,1,4),(2.77044181635681E-15,0.000537224363523405,
0.00107444872704404),.UNSPECIFIED.);
#95=B_SPLINE_CURVE_WITH_KNOTS('',3,(#6981,#6982,#6983,#6984,#6985),
 .UNSPECIFIED.,.F.,.F.,(4,1,4),(0.,0.000540182378183068,0.00108036475636614),
 .UNSPECIFIED.);
#96=B_SPLINE_CURVE_WITH_KNOTS('',3,(#6989,#6990,#6991,#6992),
 .UNSPECIFIED.,.F.,.F.,(4,4),(4.24918736097037E-18,0.00109590244768572),
 .UNSPECIFIED.);
#97=B_SPLINE_CURVE_WITH_KNOTS('',3,(#6994,#6995,#6996,#6997),
 .UNSPECIFIED.,.F.,.F.,(4,4),(0.,0.00109178406883548),.UNSPECIFIED.);
#98=B_SPLINE_CURVE_WITH_KNOTS('',3,(#7048,#7049,#7050,#7051),
 .UNSPECIFIED.,.F.,.F.,(4,4),(3.82221698098148E-15,0.000970588416853678),
 .UNSPECIFIED.);
#99=B_SPLINE_CURVE_WITH_KNOTS('',3,(#7053,#7054,#7055,#7056),
 .UNSPECIFIED.,.F.,.F.,(4,4),(0.,0.000974479166108789),.UNSPECIFIED.);
#100=B_SPLINE_CURVE_WITH_KNOTS('',3,(#7108,#7109,#7110,#7111),
 .UNSPECIFIED.,.F.,.F.,(4,4),(0.,0.00101402943370135),.UNSPECIFIED.);
#101=B_SPLINE_CURVE_WITH_KNOTS('',3,(#7113,#7114,#7115,#7116,#7117),
 .UNSPECIFIED.,.F.,.F.,(4,1,4),(0.,0.000477617867183598,0.000955235734367196),
 .UNSPECIFIED.);
#102=B_SPLINE_CURVE_WITH_KNOTS('',3,(#7131,#7132,#7133,#7134),
 .UNSPECIFIED.,.F.,.F.,(4,4),(0.,0.000835835144898414),.UNSPECIFIED.);
#103=B_SPLINE_CURVE_WITH_KNOTS('',3,(#7138,#7139,#7140,#7141),
 .UNSPECIFIED.,.F.,.F.,(4,4),(0.,0.000251573238089528),.UNSPECIFIED.);
#104=B_SPLINE_CURVE_WITH_KNOTS('',3,(#7143,#7144,#7145,#7146),
 .UNSPECIFIED.,.F.,.F.,(4,4),(0.,0.000579865239757908),.UNSPECIFIED.);
#105=B_SPLINE_CURVE_WITH_KNOTS('',3,(#7151,#7152,#7153,#7154),
 .UNSPECIFIED.,.F.,.F.,(4,4),(4.75073589413134E-18,0.000836096545893159),
 .UNSPECIFIED.);
#106=B_SPLINE_CURVE_WITH_KNOTS('',3,(#7169,#7170,#7171,#7172),
 .UNSPECIFIED.,.F.,.F.,(4,4),(0.,0.000369094649349707),.UNSPECIFIED.);
#107=B_SPLINE_CURVE_WITH_KNOTS('',3,(#7174,#7175,#7176,#7177),
 .UNSPECIFIED.,.F.,.F.,(4,4),(0.,0.000455913693853554),.UNSPECIFIED.);
#108=B_SPLINE_CURVE_WITH_KNOTS('',3,(#7181,#7182,#7183,#7184),
 .UNSPECIFIED.,.F.,.F.,(4,4),(6.9928938926747E-18,0.000971466128467428),
 .UNSPECIFIED.);
#109=B_SPLINE_CURVE_WITH_KNOTS('',3,(#7186,#7187,#7188,#7189),
 .UNSPECIFIED.,.F.,.F.,(4,4),(2.2354555652519E-16,0.000463241216802595),
 .UNSPECIFIED.);
#110=B_SPLINE_CURVE_WITH_KNOTS('',3,(#7192,#7193,#7194,#7195),
 .UNSPECIFIED.,.F.,.F.,(4,4),(0.,0.000361774993190607),.UNSPECIFIED.);
#111=B_SPLINE_CURVE_WITH_KNOTS('',3,(#7212,#7213,#7214,#7215),
 .UNSPECIFIED.,.F.,.F.,(4,4),(0.,0.00084219321646272),.UNSPECIFIED.);
#112=B_SPLINE_CURVE_WITH_KNOTS('',3,(#7219,#7220,#7221,#7222),
 .UNSPECIFIED.,.F.,.F.,(4,4),(1.08481401029144E-15,0.000358274819498778),
 .UNSPECIFIED.);
#113=B_SPLINE_CURVE_WITH_KNOTS('',3,(#7226,#7227,#7228,#7229,#7230),
 .UNSPECIFIED.,.F.,.F.,(4,1,4),(0.,0.00028551836975387,0.00057103673950774),
 .UNSPECIFIED.);
#114=B_SPLINE_CURVE_WITH_KNOTS('',3,(#7232,#7233,#7234,#7235,#7236,#7237),
 .UNSPECIFIED.,.F.,.F.,(4,1,1,4),(0.,0.000247241594352308,0.000494483188704615,
0.000988966377409231),.UNSPECIFIED.);
#115=B_SPLINE_CURVE_WITH_KNOTS('',3,(#7241,#7242,#7243,#7244),
 .UNSPECIFIED.,.F.,.F.,(4,4),(0.,0.000329979486537826),.UNSPECIFIED.);
#116=B_SPLINE_CURVE_WITH_KNOTS('',3,(#7246,#7247,#7248,#7249),
 .UNSPECIFIED.,.F.,.F.,(4,4),(0.,0.000358936930680134),.UNSPECIFIED.);
#117=B_SPLINE_CURVE_WITH_KNOTS('',3,(#7254,#7255,#7256,#7257),
 .UNSPECIFIED.,.F.,.F.,(4,4),(1.89225911701808E-15,0.000842602551901456),
 .UNSPECIFIED.);
#118=B_SPLINE_CURVE_WITH_KNOTS('',3,(#7272,#7273,#7274,#7275),
 .UNSPECIFIED.,.F.,.F.,(4,4),(0.,0.00083897091744946),.UNSPECIFIED.);
#119=B_SPLINE_CURVE_WITH_KNOTS('',3,(#7287,#7288,#7289,#7290),
 .UNSPECIFIED.,.F.,.F.,(4,4),(0.,0.00034274835914216),.UNSPECIFIED.);
#120=B_SPLINE_CURVE_WITH_KNOTS('',3,(#7292,#7293,#7294,#7295),
 .UNSPECIFIED.,.F.,.F.,(4,4),(0.,0.000482417287972723),.UNSPECIFIED.);
#121=B_SPLINE_CURVE_WITH_KNOTS('',3,(#7301,#7302,#7303,#7304),
 .UNSPECIFIED.,.F.,.F.,(4,4),(2.95030516539711E-17,0.000205693440717926),
 .UNSPECIFIED.);
#122=B_SPLINE_CURVE_WITH_KNOTS('',3,(#7307,#7308,#7309,#7310),
 .UNSPECIFIED.,.F.,.F.,(4,4),(0.,0.000278362921032528),.UNSPECIFIED.);
#123=B_SPLINE_CURVE_WITH_KNOTS('',3,(#7323,#7324,#7325,#7326),
 .UNSPECIFIED.,.F.,.F.,(4,4),(0.,0.000849283869617029),.UNSPECIFIED.);
#124=B_SPLINE_CURVE_WITH_KNOTS('',3,(#7938,#7939,#7940,#7941,#7942,#7943,
#7944,#7945,#7946,#7947,#7948,#7949,#7950,#7951,#7952,#7953,#7954),
 .UNSPECIFIED.,.F.,.F.,(4,1,1,1,1,1,1,1,1,1,1,1,1,1,4),(0.,0.160041026912402,
0.233507256825373,0.303153976344915,0.369528946068271,0.432813705084427,
0.493269732345275,0.552189384146959,0.609526284474158,0.6654743557331,0.720209433977484,
0.774812950501539,0.829350567152615,0.884456697927929,1.),.UNSPECIFIED.);
#125=B_SPLINE_CURVE_WITH_KNOTS('',3,(#7957,#7958,#7959,#7960,#7961,#7962,
#7963,#7964,#7965,#7966,#7967,#7968,#7969,#7970,#7971,#7972,#7973),
 .UNSPECIFIED.,.F.,.F.,(4,1,1,1,1,1,1,1,1,1,1,1,1,1,4),(0.,0.0941914831328987,
0.139569063637758,0.185153044347202,0.231445011791445,0.279707510575076,
0.330253005615271,0.383463380801586,0.440497726162792,0.502247398350513,
0.569436759258936,0.642403077401851,0.721478651885716,0.807342430542315,
1.),.UNSPECIFIED.);
#126=B_SPLINE_CURVE_WITH_KNOTS('',3,(#7975,#7976,#7977,#7978,#7979,#7980,
#7981,#7982,#7983,#7984,#7985,#7986,#7987,#7988,#7989,#7990,#7991),
 .UNSPECIFIED.,.F.,.F.,(4,1,1,1,1,1,1,1,1,1,1,1,1,1,4),(0.,0.19596946911311,
0.283082285553003,0.363521531098742,0.437181372087746,0.504930402073857,
0.566796045131951,0.624013578582648,0.677239728604006,0.727262260747737,
0.775087077799113,0.820469965966882,0.865314869015482,0.909306504879766,
1.),.UNSPECIFIED.);
#127=B_SPLINE_CURVE_WITH_KNOTS('',3,(#7993,#7994,#7995,#7996,#7997,#7998,
#7999,#8000,#8001,#8002,#8003,#8004,#8005,#8006,#8007,#8008,#8009),
 .UNSPECIFIED.,.F.,.F.,(4,1,1,1,1,1,1,1,1,1,1,1,1,1,4),(0.,0.111089779917877,
0.16501446204162,0.218479764695262,0.272281416773653,0.327893331803929,
0.385296905550684,0.444836500501514,0.506191073901419,0.568667966792775,
0.633363815678606,0.699575509093829,0.769502851056323,0.842153057373299,
1.),.UNSPECIFIED.);
#128=B_SPLINE_CURVE_WITH_KNOTS('',3,(#8011,#8012,#8013,#8014,#8015,#8016,
#8017,#8018,#8019,#8020,#8021,#8022,#8023,#8024,#8025,#8026,#8027),
 .UNSPECIFIED.,.F.,.F.,(4,1,1,1,1,1,1,1,1,1,1,1,1,1,4),(0.,0.157983617160418,
0.23142629928808,0.302223596473154,0.370199570260156,0.436457640330782,
0.500905423903463,0.564961061023498,0.6266534921804,0.684944501555052,0.740702623788208,
0.794044862060346,0.845792666512156,0.89662672693827,1.),.UNSPECIFIED.);
#129=B_SPLINE_CURVE_WITH_KNOTS('',3,(#8029,#8030,#8031,#8032,#8033,#8034,
#8035,#8036,#8037),.UNSPECIFIED.,.F.,.F.,(4,1,1,1,1,1,4),(0.,0.239451007729041,
0.356362548283298,0.473397708234725,0.594822046429699,0.722001992394517,
1.),.UNSPECIFIED.);
#130=B_SPLINE_CURVE_WITH_KNOTS('',3,(#8039,#8040,#8041,#8042,#8043,#8044,
#8045,#8046,#8047,#8048,#8049,#8050,#8051,#8052,#8053,#8054,#8055),
 .UNSPECIFIED.,.F.,.F.,(4,1,1,1,1,1,1,1,1,1,1,1,1,1,4),(0.,0.23294502300072,
0.334282273338126,0.424998956786211,0.505481995662906,0.576175941792482,
0.637903614806949,0.690256435967126,0.736597836666365,0.779541845771687,
0.81963876711601,0.856965309621438,0.893567777136919,0.928893710334924,
1.),.UNSPECIFIED.);
#131=B_SPLINE_CURVE_WITH_KNOTS('',3,(#8057,#8058,#8059,#8060,#8061,#8062,
#8063,#8064,#8065),.UNSPECIFIED.,.F.,.F.,(4,1,1,1,1,1,4),(0.,0.214378077029804,
0.317172038447534,0.424274111084944,0.542968122187218,0.676648962359491,
1.),.UNSPECIFIED.);
#132=B_SPLINE_CURVE_WITH_KNOTS('',3,(#8068,#8069,#8070,#8071,#8072,#8073,
#8074,#8075,#8076,#8077,#8078,#8079,#8080,#8081,#8082,#8083,#8084),
 .UNSPECIFIED.,.F.,.F.,(4,1,1,1,1,1,1,1,1,1,1,1,1,1,4),(0.,0.178482481803824,
0.260708927607467,0.336947951063616,0.409467619546166,0.478213440040127,
0.543503213944798,0.605672981439734,0.6650874777941,0.720355930763261,0.771459164849147,
0.820010483244169,0.866344773194722,0.911449984968269,1.),.UNSPECIFIED.);
#133=B_SPLINE_CURVE_WITH_KNOTS('',3,(#8087,#8088,#8089,#8090,#8091,#8092,
#8093,#8094,#8095,#8096,#8097,#8098,#8099),.UNSPECIFIED.,.F.,.F.,(4,1,1,
1,1,1,1,1,1,1,4),(0.,0.192976456821432,0.293260507667045,0.403878770463751,
0.464412824992715,0.527516318811,0.593906739292443,0.665362139334193,0.741185596428342,
0.821937250444365,1.),.UNSPECIFIED.);
#134=B_SPLINE_CURVE_WITH_KNOTS('',3,(#8101,#8102,#8103,#8104,#8105,#8106,
#8107,#8108,#8109,#8110,#8111,#8112,#8113),.UNSPECIFIED.,.F.,.F.,(4,1,1,
1,1,1,1,1,1,1,4),(0.,0.18920756433326,0.273855026938034,0.352111633799428,
0.42532444331324,0.492836359543774,0.555472206560455,0.613994860100676,
0.720194150347668,0.816437051294472,1.),.UNSPECIFIED.);
#135=B_SPLINE_CURVE_WITH_KNOTS('',3,(#8115,#8116,#8117,#8118,#8119,#8120,
#8121,#8122,#8123,#8124,#8125,#8126,#8127),.UNSPECIFIED.,.F.,.F.,(4,1,1,
1,1,1,1,1,1,1,4),(0.,0.182717956024968,0.277311697196701,0.38192098740285,
0.439334057311908,0.501576805183357,0.568145712913847,0.641920660167584,
0.721049878450617,0.806868135358672,1.),.UNSPECIFIED.);
#136=B_SPLINE_CURVE_WITH_KNOTS('',3,(#8238,#8239,#8240,#8241),
 .UNSPECIFIED.,.F.,.F.,(4,4),(0.,0.00022927359295151),.UNSPECIFIED.);
#137=B_SPLINE_CURVE_WITH_KNOTS('',3,(#8245,#8246,#8247,#8248),
 .UNSPECIFIED.,.F.,.F.,(4,4),(5.43677392835466E-17,0.000534416660100146),
 .UNSPECIFIED.);
#138=B_SPLINE_CURVE_WITH_KNOTS('',3,(#8263,#8264,#8265,#8266),
 .UNSPECIFIED.,.F.,.F.,(4,4),(0.,0.000205481469501717),.UNSPECIFIED.);
#139=B_SPLINE_CURVE_WITH_KNOTS('',3,(#8270,#8271,#8272,#8273),
 .UNSPECIFIED.,.F.,.F.,(4,4),(1.61596697817332E-14,0.000647936134859474),
 .UNSPECIFIED.);
#140=B_SPLINE_CURVE_WITH_KNOTS('',3,(#8287,#8288,#8289,#8290),
 .UNSPECIFIED.,.F.,.F.,(4,4),(2.90921971083665E-18,0.00020739878632397),
 .UNSPECIFIED.);
#141=B_SPLINE_CURVE_WITH_KNOTS('',3,(#8293,#8294,#8295,#8296),
 .UNSPECIFIED.,.F.,.F.,(4,4),(0.,0.000575015990199799),.UNSPECIFIED.);
#142=B_SPLINE_CURVE_WITH_KNOTS('',3,(#8310,#8311,#8312,#8313),
 .UNSPECIFIED.,.F.,.F.,(4,4),(2.06898048032224E-17,0.000288069330227485),
 .UNSPECIFIED.);
#143=B_SPLINE_CURVE_WITH_KNOTS('',3,(#8314,#8315,#8316,#8317),
 .UNSPECIFIED.,.F.,.F.,(4,4),(0.,0.000538059320148162),.UNSPECIFIED.);
#144=B_SPLINE_CURVE_WITH_KNOTS('',3,(#8328,#8329,#8330,#8331,#8332,#8333,
#8334,#8335,#8336,#8337,#8338,#8339,#8340,#8341,#8342,#8343,#8344),
 .UNSPECIFIED.,.F.,.F.,(4,1,1,1,1,1,1,1,1,1,1,1,1,1,4),(0.,0.0894768695177159,
0.132811795192891,0.176281274454169,0.2205655446315,0.266404989576055,0.314705319584759,
0.365831120482991,0.421331844166697,0.482471503070991,0.550115842180111,
0.624884003970166,0.706829084421739,0.796507580958457,1.),.UNSPECIFIED.);
#145=B_SPLINE_CURVE_WITH_KNOTS('',3,(#8347,#8348,#8349,#8350,#8351,#8352,
#8353,#8354,#8355,#8356,#8357,#8358,#8359,#8360,#8361,#8362,#8363,#8364,
#8365,#8366,#8367,#8368,#8369,#8370,#8371),.UNSPECIFIED.,.F.,.F.,(4,1,1,
1,1,1,1,1,1,1,1,1,1,1,1,1,1,1,1,1,1,1,4),(0.,0.106992476357709,0.157044192744834,
0.205567809219158,0.251613209733163,0.295893366919539,0.338054356269933,
0.378533165947647,0.416641510622098,0.453101843606829,0.487965575036024,
0.520892413720761,0.552157597964636,0.581623557284577,0.609791394516594,
0.636495379817574,0.687009201521932,0.734950357758947,0.780262335047024,
0.824238360440383,0.867548878470583,0.910582167362546,1.),.UNSPECIFIED.);
#146=B_SPLINE_CURVE_WITH_KNOTS('',3,(#8373,#8374,#8375,#8376,#8377,#8378,
#8379,#8380,#8381,#8382,#8383,#8384,#8385,#8386,#8387,#8388,#8389),
 .UNSPECIFIED.,.F.,.F.,(4,1,1,1,1,1,1,1,1,1,1,1,1,1,4),(0.,0.0893082115642107,
0.132561453783995,0.175948995965314,0.22014979323595,0.265902833872713,
0.314112120968796,0.36514155312953,0.420537661636989,0.48156207634684,0.549383191656091,
0.624010420429347,0.706429534663416,0.79625551029179,1.),.UNSPECIFIED.);
#147=B_SPLINE_CURVE_WITH_KNOTS('',3,(#8391,#8392,#8393,#8394,#8395,#8396,
#8397,#8398,#8399,#8400,#8401,#8402,#8403,#8404,#8405,#8406,#8407),
 .UNSPECIFIED.,.F.,.F.,(4,1,1,1,1,1,1,1,1,1,1,1,1,1,4),(0.,0.203896050546369,
0.293825048015436,0.376048949092006,0.450809200097791,0.518166117645885,
0.579338895101212,0.634603795583015,0.685512362375683,0.733819519228262,
0.779464191853417,0.823560297666502,0.867129140357369,0.910279935443811,
1.),.UNSPECIFIED.);
#148=B_SPLINE_CURVE_WITH_KNOTS('',3,(#8408,#8409,#8410,#8411,#8412,#8413,
#8414,#8415,#8416,#8417,#8418,#8419,#8420,#8421,#8422,#8423,#8424),
 .UNSPECIFIED.,.F.,.F.,(4,1,1,1,1,1,1,1,1,1,1,1,1,1,4),(0.,0.0549717337358032,
0.0825430375514644,0.11144939180458,0.142585763093435,0.175843141379615,
0.212799817830916,0.253577709210284,0.301907888290069,0.362981983009429,
0.436474837615865,0.522452757971923,0.622212789702515,0.734739184200546,
1.),.UNSPECIFIED.);
#149=B_SPLINE_CURVE_WITH_KNOTS('',3,(#8427,#8428,#8429,#8430,#8431,#8432,
#8433,#8434,#8435,#8436,#8437,#8438,#8439,#8440,#8441,#8442,#8443),
 .UNSPECIFIED.,.F.,.F.,(4,1,1,1,1,1,1,1,1,1,1,1,1,1,4),(0.,0.265054696076913,
0.377493652446766,0.477137187445275,0.563048299045449,0.636484046360125,
0.697510683729179,0.745633806109029,0.78638001121151,0.823042206748616,
0.856590679913359,0.8877028568251,0.917005745543274,0.944555625201449,1.),
 .UNSPECIFIED.);
#150=B_SPLINE_CURVE_WITH_KNOTS('',3,(#8445,#8446,#8447,#8448,#8449,#8450,
#8451,#8452,#8453,#8454,#8455,#8456,#8457,#8458,#8459,#8460,#8461),
 .UNSPECIFIED.,.F.,.F.,(4,1,1,1,1,1,1,1,1,1,1,1,1,1,4),(0.,0.0555642790526194,
0.0831737382043332,0.112539997481316,0.143719457726643,0.177750146820291,
0.214491628186201,0.255325951214922,0.303553144875463,0.364205914459546,
0.437288662211614,0.523385565567761,0.622727248857915,0.735409366220036,
1.),.UNSPECIFIED.);
#151=B_SPLINE_CURVE_WITH_KNOTS('',3,(#8463,#8464,#8465,#8466,#8467,#8468,
#8469,#8470,#8471,#8472,#8473,#8474,#8475,#8476,#8477,#8478,#8479),
 .UNSPECIFIED.,.F.,.F.,(4,1,1,1,1,1,1,1,1,1,1,1,1,1,4),(0.,0.265261864403713,
0.378008810200546,0.477964371208201,0.564110807956235,0.637235601777832,
0.69792326619887,0.746348172243069,0.78673849580623,0.823767607200703,0.857503930946678,
0.88833216781774,0.917295178413597,0.944920521878296,1.),.UNSPECIFIED.);
#152=B_SPLINE_CURVE_WITH_KNOTS('',3,(#8557,#8558,#8559,#8560),
 .UNSPECIFIED.,.F.,.F.,(4,4),(0.,0.000463061484147301),.UNSPECIFIED.);
#153=B_SPLINE_CURVE_WITH_KNOTS('',3,(#8565,#8566,#8567,#8568,#8569,#8570),
 .UNSPECIFIED.,.F.,.F.,(4,1,1,4),(0.,0.000236534999677014,0.000473069999354028,
0.000946139998708057),.UNSPECIFIED.);
#154=B_SPLINE_CURVE_WITH_KNOTS('',3,(#8587,#8588,#8589,#8590),
 .UNSPECIFIED.,.F.,.F.,(4,4),(0.,0.000463059603090845),.UNSPECIFIED.);
#155=B_SPLINE_CURVE_WITH_KNOTS('',3,(#8594,#8595,#8596,#8597,#8598,#8599),
 .UNSPECIFIED.,.F.,.F.,(4,1,1,4),(0.,0.000467794483864269,0.000701691725796403,
0.000935588967728538),.UNSPECIFIED.);
#156=B_SPLINE_CURVE_WITH_KNOTS('',3,(#8614,#8615,#8616,#8617),
 .UNSPECIFIED.,.F.,.F.,(4,4),(0.,0.000184493997524693),.UNSPECIFIED.);
#157=B_SPLINE_CURVE_WITH_KNOTS('',3,(#8621,#8622,#8623,#8624,#8625),
 .UNSPECIFIED.,.F.,.F.,(4,1,4),(3.83016572725805E-18,0.000430378821042821,
0.000860757642085637),.UNSPECIFIED.);
#158=B_SPLINE_CURVE_WITH_KNOTS('',3,(#8629,#8630,#8631,#8632),
 .UNSPECIFIED.,.F.,.F.,(4,4),(5.2759554800502E-18,0.000361688826114375),
 .UNSPECIFIED.);
#159=B_SPLINE_CURVE_WITH_KNOTS('',3,(#8650,#8651,#8652,#8653),
 .UNSPECIFIED.,.F.,.F.,(4,4),(9.91939263591894E-16,0.000185441308652415),
 .UNSPECIFIED.);
#160=B_SPLINE_CURVE_WITH_KNOTS('',3,(#8654,#8655,#8656,#8657),
 .UNSPECIFIED.,.F.,.F.,(4,4),(0.,0.000361689011936672),.UNSPECIFIED.);
#161=B_SPLINE_CURVE_WITH_KNOTS('',3,(#8661,#8662,#8663,#8664,#8665),
 .UNSPECIFIED.,.F.,.F.,(4,1,4),(5.50279333404246E-18,0.000428799441650225,
0.000857598883300444),.UNSPECIFIED.);
#162=VERTEX_LOOP('',#2187);
#163=CONICAL_SURFACE('',#5437,0.,0.554995727338587);
#164=CONICAL_SURFACE('',#5486,1.25,0.785398163397457);
#165=CONICAL_SURFACE('',#5487,1.25,0.785398163397449);
#166=CONICAL_SURFACE('',#5488,1.25,0.785398163397449);
#167=CONICAL_SURFACE('',#5489,1.25,0.785398163397449);
#168=PLANE('',#5432);
#169=PLANE('',#5438);
#170=PLANE('',#5449);
#171=PLANE('',#5452);
#172=PLANE('',#5455);
#173=PLANE('',#5458);
#174=PLANE('',#5461);
#175=PLANE('',#5464);
#176=PLANE('',#5467);
#177=PLANE('',#5470);
#178=PLANE('',#5471);
#179=PLANE('',#5474);
#180=PLANE('',#5477);
#181=PLANE('',#5480);
#182=PLANE('',#5483);
#183=PLANE('',#5484);
#184=PLANE('',#5485);
#185=PLANE('',#5496);
#186=PLANE('',#5503);
#187=PLANE('',#5512);
#188=PLANE('',#5513);
#189=PLANE('',#5514);
#190=PLANE('',#5515);
#191=PLANE('',#5516);
#192=PLANE('',#5517);
#193=PLANE('',#5518);
#194=PLANE('',#5519);
#195=PLANE('',#5520);
#196=PLANE('',#5521);
#197=PLANE('',#5522);
#198=PLANE('',#5523);
#199=PLANE('',#5524);
#200=PLANE('',#5525);
#201=PLANE('',#5526);
#202=PLANE('',#5527);
#203=PLANE('',#5528);
#204=PLANE('',#5529);
#205=PLANE('',#5530);
#206=PLANE('',#5531);
#207=PLANE('',#5532);
#208=PLANE('',#5533);
#209=PLANE('',#5535);
#210=PLANE('',#5536);
#211=PLANE('',#5537);
#212=PLANE('',#5538);
#213=PLANE('',#5539);
#214=PLANE('',#5540);
#215=PLANE('',#5541);
#216=PLANE('',#5542);
#217=PLANE('',#5543);
#218=PLANE('',#5544);
#219=PLANE('',#5545);
#220=PLANE('',#5546);
#221=PLANE('',#5547);
#222=PLANE('',#5548);
#223=PLANE('',#5549);
#224=PLANE('',#5551);
#225=PLANE('',#5552);
#226=PLANE('',#5553);
#227=PLANE('',#5554);
#228=PLANE('',#5555);
#229=PLANE('',#5560);
#230=PLANE('',#5561);
#231=PLANE('',#5562);
#232=PLANE('',#5575);
#233=PLANE('',#5576);
#234=PLANE('',#5579);
#235=PLANE('',#5580);
#236=PLANE('',#5581);
#237=PLANE('',#5582);
#238=PLANE('',#5583);
#239=PLANE('',#5586);
#240=PLANE('',#5587);
#241=PLANE('',#5588);
#242=PLANE('',#5589);
#243=PLANE('',#5590);
#244=PLANE('',#5591);
#245=PLANE('',#5592);
#246=PLANE('',#5593);
#247=PLANE('',#5594);
#248=PLANE('',#5595);
#249=PLANE('',#5596);
#250=PLANE('',#5597);
#251=PLANE('',#5598);
#252=PLANE('',#5601);
#253=PLANE('',#5605);
#254=PLANE('',#5611);
#255=PLANE('',#5614);
#256=PLANE('',#5617);
#257=PLANE('',#5620);
#258=PLANE('',#5623);
#259=PLANE('',#5626);
#260=PLANE('',#5629);
#261=PLANE('',#5632);
#262=PLANE('',#5635);
#263=PLANE('',#5638);
#264=PLANE('',#5641);
#265=PLANE('',#5644);
#266=PLANE('',#5645);
#267=PLANE('',#5648);
#268=PLANE('',#5651);
#269=PLANE('',#5654);
#270=PLANE('',#5657);
#271=PLANE('',#5658);
#272=PLANE('',#5659);
#273=PLANE('',#5660);
#274=PLANE('',#5661);
#275=PLANE('',#5664);
#276=PLANE('',#5665);
#277=PLANE('',#5668);
#278=PLANE('',#5671);
#279=PLANE('',#5674);
#280=PLANE('',#5677);
#281=PLANE('',#5678);
#282=PLANE('',#5681);
#283=PLANE('',#5682);
#284=PLANE('',#5683);
#285=PLANE('',#5684);
#286=PLANE('',#5687);
#287=PLANE('',#5690);
#288=PLANE('',#5691);
#289=PLANE('',#5694);
#290=PLANE('',#5697);
#291=PLANE('',#5698);
#292=PLANE('',#5701);
#293=PLANE('',#5704);
#294=PLANE('',#5705);
#295=PLANE('',#5708);
#296=PLANE('',#5711);
#297=PLANE('',#5712);
#298=PLANE('',#5713);
#299=PLANE('',#5714);
#300=PLANE('',#5715);
#301=PLANE('',#5716);
#302=PLANE('',#5717);
#303=PLANE('',#5718);
#304=PLANE('',#5719);
#305=PLANE('',#5720);
#306=PLANE('',#5721);
#307=PLANE('',#5722);
#308=PLANE('',#5723);
#309=PLANE('',#5724);
#310=PLANE('',#5725);
#311=PLANE('',#5726);
#312=CIRCLE('',#5429,2.15);
#313=CIRCLE('',#5430,2.15);
#314=CIRCLE('',#5431,2.15);
#315=CIRCLE('',#5433,1.55);
#316=CIRCLE('',#5435,1.55);
#317=CIRCLE('',#5436,1.55);
#318=CIRCLE('',#5439,0.75);
#319=CIRCLE('',#5440,1.85);
#320=CIRCLE('',#5441,0.75);
#321=CIRCLE('',#5442,1.85);
#322=CIRCLE('',#5443,0.75);
#323=CIRCLE('',#5444,1.85);
#324=CIRCLE('',#5445,0.75);
#325=CIRCLE('',#5446,1.85);
#326=CIRCLE('',#5448,1.85);
#327=CIRCLE('',#5451,0.75);
#328=CIRCLE('',#5454,1.85);
#329=CIRCLE('',#5457,0.75);
#330=CIRCLE('',#5460,1.85);
#331=CIRCLE('',#5463,0.75);
#332=CIRCLE('',#5466,1.85);
#333=CIRCLE('',#5469,0.75);
#334=CIRCLE('',#5472,1.35);
#335=CIRCLE('',#5473,1.25);
#336=CIRCLE('',#5475,1.35);
#337=CIRCLE('',#5476,1.25);
#338=CIRCLE('',#5478,1.35);
#339=CIRCLE('',#5479,1.25);
#340=CIRCLE('',#5481,1.35);
#341=CIRCLE('',#5482,1.25);
#342=CIRCLE('',#5556,0.1);
#343=CIRCLE('',#5557,0.1);
#344=CIRCLE('',#5558,0.1);
#345=CIRCLE('',#5559,0.1);
#346=CIRCLE('',#5563,0.1);
#347=CIRCLE('',#5564,0.1);
#348=CIRCLE('',#5565,0.1);
#349=CIRCLE('',#5566,0.1);
#350=CIRCLE('',#5567,0.1);
#351=CIRCLE('',#5568,0.1);
#352=CIRCLE('',#5569,0.1);
#353=CIRCLE('',#5570,0.1);
#354=CIRCLE('',#5571,0.1);
#355=CIRCLE('',#5572,0.1);
#356=CIRCLE('',#5573,0.1);
#357=CIRCLE('',#5574,0.1);
#358=CIRCLE('',#5577,2.15);
#359=CIRCLE('',#5578,2.15);
#360=CIRCLE('',#5584,3.);
#361=CIRCLE('',#5585,3.);
#362=CIRCLE('',#5600,3.);
#363=CIRCLE('',#5602,2.15);
#364=CIRCLE('',#5604,3.);
#365=CIRCLE('',#5606,2.15);
#366=CIRCLE('',#5610,0.1);
#367=CIRCLE('',#5613,0.1);
#368=CIRCLE('',#5616,0.1);
#369=CIRCLE('',#5619,0.1);
#370=CIRCLE('',#5622,0.1);
#371=CIRCLE('',#5625,0.1);
#372=CIRCLE('',#5628,0.1);
#373=CIRCLE('',#5631,0.1);
#374=CIRCLE('',#5634,0.1);
#375=CIRCLE('',#5637,0.1);
#376=CIRCLE('',#5640,0.1);
#377=CIRCLE('',#5643,0.1);
#378=CIRCLE('',#5663,0.2);
#379=CIRCLE('',#5667,0.2);
#380=CIRCLE('',#5670,0.2);
#381=CIRCLE('',#5673,0.2);
#382=CIRCLE('',#5676,0.2);
#383=CIRCLE('',#5680,0.2);
#384=CIRCLE('',#5686,0.2);
#385=CIRCLE('',#5689,0.2);
#386=CIRCLE('',#5693,0.2);
#387=CIRCLE('',#5696,0.2);
#388=CIRCLE('',#5700,0.2);
#389=CIRCLE('',#5703,0.2);
#390=CIRCLE('',#5707,0.2);
#391=CIRCLE('',#5710,0.2);
#392=ORIENTED_EDGE('',*,*,#1582,.F.);
#393=ORIENTED_EDGE('',*,*,#1583,.F.);
#394=ORIENTED_EDGE('',*,*,#1584,.F.);
#395=ORIENTED_EDGE('',*,*,#1585,.T.);
#396=ORIENTED_EDGE('',*,*,#1586,.F.);
#397=ORIENTED_EDGE('',*,*,#1587,.F.);
#398=ORIENTED_EDGE('',*,*,#1583,.T.);
#399=ORIENTED_EDGE('',*,*,#1588,.F.);
#400=ORIENTED_EDGE('',*,*,#1589,.F.);
#401=ORIENTED_EDGE('',*,*,#1590,.F.);
#402=ORIENTED_EDGE('',*,*,#1591,.T.);
#403=ORIENTED_EDGE('',*,*,#1592,.F.);
#404=ORIENTED_EDGE('',*,*,#1589,.T.);
#405=ORIENTED_EDGE('',*,*,#1593,.F.);
#406=ORIENTED_EDGE('',*,*,#1593,.T.);
#407=ORIENTED_EDGE('',*,*,#1594,.F.);
#408=ORIENTED_EDGE('',*,*,#1595,.F.);
#409=ORIENTED_EDGE('',*,*,#1596,.F.);
#410=ORIENTED_EDGE('',*,*,#1597,.F.);
#411=ORIENTED_EDGE('',*,*,#1598,.F.);
#412=ORIENTED_EDGE('',*,*,#1599,.F.);
#413=ORIENTED_EDGE('',*,*,#1600,.F.);
#414=ORIENTED_EDGE('',*,*,#1601,.F.);
#415=ORIENTED_EDGE('',*,*,#1602,.F.);
#416=ORIENTED_EDGE('',*,*,#1603,.F.);
#417=ORIENTED_EDGE('',*,*,#1604,.F.);
#418=ORIENTED_EDGE('',*,*,#1605,.F.);
#419=ORIENTED_EDGE('',*,*,#1606,.F.);
#420=ORIENTED_EDGE('',*,*,#1607,.F.);
#421=ORIENTED_EDGE('',*,*,#1608,.F.);
#422=ORIENTED_EDGE('',*,*,#1609,.F.);
#423=ORIENTED_EDGE('',*,*,#1586,.T.);
#424=ORIENTED_EDGE('',*,*,#1610,.T.);
#425=ORIENTED_EDGE('',*,*,#1611,.T.);
#426=ORIENTED_EDGE('',*,*,#1612,.F.);
#427=ORIENTED_EDGE('',*,*,#1609,.T.);
#428=ORIENTED_EDGE('',*,*,#1612,.T.);
#429=ORIENTED_EDGE('',*,*,#1613,.T.);
#430=ORIENTED_EDGE('',*,*,#1614,.F.);
#431=ORIENTED_EDGE('',*,*,#1615,.T.);
#432=ORIENTED_EDGE('',*,*,#1616,.F.);
#433=ORIENTED_EDGE('',*,*,#1606,.T.);
#434=ORIENTED_EDGE('',*,*,#1616,.T.);
#435=ORIENTED_EDGE('',*,*,#1617,.T.);
#436=ORIENTED_EDGE('',*,*,#1618,.F.);
#437=ORIENTED_EDGE('',*,*,#1607,.T.);
#438=ORIENTED_EDGE('',*,*,#1619,.F.);
#439=ORIENTED_EDGE('',*,*,#1620,.T.);
#440=ORIENTED_EDGE('',*,*,#1610,.F.);
#441=ORIENTED_EDGE('',*,*,#1608,.T.);
#442=ORIENTED_EDGE('',*,*,#1618,.T.);
#443=ORIENTED_EDGE('',*,*,#1621,.T.);
#444=ORIENTED_EDGE('',*,*,#1622,.T.);
#445=ORIENTED_EDGE('',*,*,#1623,.T.);
#446=ORIENTED_EDGE('',*,*,#1624,.F.);
#447=ORIENTED_EDGE('',*,*,#1605,.T.);
#448=ORIENTED_EDGE('',*,*,#1624,.T.);
#449=ORIENTED_EDGE('',*,*,#1625,.T.);
#450=ORIENTED_EDGE('',*,*,#1626,.F.);
#451=ORIENTED_EDGE('',*,*,#1627,.T.);
#452=ORIENTED_EDGE('',*,*,#1628,.F.);
#453=ORIENTED_EDGE('',*,*,#1602,.T.);
#454=ORIENTED_EDGE('',*,*,#1628,.T.);
#455=ORIENTED_EDGE('',*,*,#1629,.T.);
#456=ORIENTED_EDGE('',*,*,#1630,.F.);
#457=ORIENTED_EDGE('',*,*,#1603,.T.);
#458=ORIENTED_EDGE('',*,*,#1631,.F.);
#459=ORIENTED_EDGE('',*,*,#1632,.T.);
#460=ORIENTED_EDGE('',*,*,#1622,.F.);
#461=ORIENTED_EDGE('',*,*,#1604,.T.);
#462=ORIENTED_EDGE('',*,*,#1630,.T.);
#463=ORIENTED_EDGE('',*,*,#1633,.T.);
#464=ORIENTED_EDGE('',*,*,#1634,.T.);
#465=ORIENTED_EDGE('',*,*,#1635,.T.);
#466=ORIENTED_EDGE('',*,*,#1636,.F.);
#467=ORIENTED_EDGE('',*,*,#1601,.T.);
#468=ORIENTED_EDGE('',*,*,#1636,.T.);
#469=ORIENTED_EDGE('',*,*,#1637,.T.);
#470=ORIENTED_EDGE('',*,*,#1638,.F.);
#471=ORIENTED_EDGE('',*,*,#1639,.T.);
#472=ORIENTED_EDGE('',*,*,#1640,.F.);
#473=ORIENTED_EDGE('',*,*,#1598,.T.);
#474=ORIENTED_EDGE('',*,*,#1640,.T.);
#475=ORIENTED_EDGE('',*,*,#1641,.T.);
#476=ORIENTED_EDGE('',*,*,#1642,.F.);
#477=ORIENTED_EDGE('',*,*,#1599,.T.);
#478=ORIENTED_EDGE('',*,*,#1643,.F.);
#479=ORIENTED_EDGE('',*,*,#1644,.T.);
#480=ORIENTED_EDGE('',*,*,#1634,.F.);
#481=ORIENTED_EDGE('',*,*,#1600,.T.);
#482=ORIENTED_EDGE('',*,*,#1642,.T.);
#483=ORIENTED_EDGE('',*,*,#1645,.T.);
#484=ORIENTED_EDGE('',*,*,#1646,.T.);
#485=ORIENTED_EDGE('',*,*,#1647,.T.);
#486=ORIENTED_EDGE('',*,*,#1648,.F.);
#487=ORIENTED_EDGE('',*,*,#1597,.T.);
#488=ORIENTED_EDGE('',*,*,#1648,.T.);
#489=ORIENTED_EDGE('',*,*,#1649,.T.);
#490=ORIENTED_EDGE('',*,*,#1650,.F.);
#491=ORIENTED_EDGE('',*,*,#1651,.T.);
#492=ORIENTED_EDGE('',*,*,#1652,.F.);
#493=ORIENTED_EDGE('',*,*,#1594,.T.);
#494=ORIENTED_EDGE('',*,*,#1652,.T.);
#495=ORIENTED_EDGE('',*,*,#1653,.T.);
#496=ORIENTED_EDGE('',*,*,#1654,.F.);
#497=ORIENTED_EDGE('',*,*,#1595,.T.);
#498=ORIENTED_EDGE('',*,*,#1655,.F.);
#499=ORIENTED_EDGE('',*,*,#1656,.T.);
#500=ORIENTED_EDGE('',*,*,#1646,.F.);
#501=ORIENTED_EDGE('',*,*,#1596,.T.);
#502=ORIENTED_EDGE('',*,*,#1654,.T.);
#503=ORIENTED_EDGE('',*,*,#1657,.T.);
#504=ORIENTED_EDGE('',*,*,#1650,.T.);
#505=ORIENTED_EDGE('',*,*,#1658,.T.);
#506=ORIENTED_EDGE('',*,*,#1655,.T.);
#507=ORIENTED_EDGE('',*,*,#1659,.T.);
#508=ORIENTED_EDGE('',*,*,#1638,.T.);
#509=ORIENTED_EDGE('',*,*,#1660,.T.);
#510=ORIENTED_EDGE('',*,*,#1643,.T.);
#511=ORIENTED_EDGE('',*,*,#1661,.T.);
#512=ORIENTED_EDGE('',*,*,#1626,.T.);
#513=ORIENTED_EDGE('',*,*,#1662,.T.);
#514=ORIENTED_EDGE('',*,*,#1631,.T.);
#515=ORIENTED_EDGE('',*,*,#1663,.T.);
#516=ORIENTED_EDGE('',*,*,#1614,.T.);
#517=ORIENTED_EDGE('',*,*,#1664,.T.);
#518=ORIENTED_EDGE('',*,*,#1619,.T.);
#519=ORIENTED_EDGE('',*,*,#1665,.T.);
#520=ORIENTED_EDGE('',*,*,#1582,.T.);
#521=ORIENTED_EDGE('',*,*,#1666,.F.);
#522=ORIENTED_EDGE('',*,*,#1590,.T.);
#523=ORIENTED_EDGE('',*,*,#1588,.T.);
#524=ORIENTED_EDGE('',*,*,#1584,.T.);
#525=ORIENTED_EDGE('',*,*,#1587,.T.);
#526=ORIENTED_EDGE('',*,*,#1592,.T.);
#527=ORIENTED_EDGE('',*,*,#1667,.F.);
#528=ORIENTED_EDGE('',*,*,#1667,.T.);
#529=ORIENTED_EDGE('',*,*,#1591,.F.);
#530=ORIENTED_EDGE('',*,*,#1666,.T.);
#531=ORIENTED_EDGE('',*,*,#1585,.F.);
#532=ORIENTED_EDGE('',*,*,#1657,.F.);
#533=ORIENTED_EDGE('',*,*,#1653,.F.);
#534=ORIENTED_EDGE('',*,*,#1651,.F.);
#535=ORIENTED_EDGE('',*,*,#1659,.F.);
#536=ORIENTED_EDGE('',*,*,#1645,.F.);
#537=ORIENTED_EDGE('',*,*,#1641,.F.);
#538=ORIENTED_EDGE('',*,*,#1639,.F.);
#539=ORIENTED_EDGE('',*,*,#1661,.F.);
#540=ORIENTED_EDGE('',*,*,#1621,.F.);
#541=ORIENTED_EDGE('',*,*,#1617,.F.);
#542=ORIENTED_EDGE('',*,*,#1615,.F.);
#543=ORIENTED_EDGE('',*,*,#1665,.F.);
#544=ORIENTED_EDGE('',*,*,#1633,.F.);
#545=ORIENTED_EDGE('',*,*,#1629,.F.);
#546=ORIENTED_EDGE('',*,*,#1627,.F.);
#547=ORIENTED_EDGE('',*,*,#1663,.F.);
#548=ORIENTED_EDGE('',*,*,#1637,.F.);
#549=ORIENTED_EDGE('',*,*,#1635,.F.);
#550=ORIENTED_EDGE('',*,*,#1644,.F.);
#551=ORIENTED_EDGE('',*,*,#1660,.F.);
#552=ORIENTED_EDGE('',*,*,#1613,.F.);
#553=ORIENTED_EDGE('',*,*,#1611,.F.);
#554=ORIENTED_EDGE('',*,*,#1620,.F.);
#555=ORIENTED_EDGE('',*,*,#1664,.F.);
#556=ORIENTED_EDGE('',*,*,#1649,.F.);
#557=ORIENTED_EDGE('',*,*,#1647,.F.);
#558=ORIENTED_EDGE('',*,*,#1656,.F.);
#559=ORIENTED_EDGE('',*,*,#1658,.F.);
#560=ORIENTED_EDGE('',*,*,#1625,.F.);
#561=ORIENTED_EDGE('',*,*,#1623,.F.);
#562=ORIENTED_EDGE('',*,*,#1632,.F.);
#563=ORIENTED_EDGE('',*,*,#1662,.F.);
#564=ORIENTED_EDGE('',*,*,#1668,.T.);
#565=ORIENTED_EDGE('',*,*,#1669,.T.);
#566=ORIENTED_EDGE('',*,*,#1670,.F.);
#567=ORIENTED_EDGE('',*,*,#1671,.T.);
#568=ORIENTED_EDGE('',*,*,#1672,.T.);
#569=ORIENTED_EDGE('',*,*,#1673,.F.);
#570=ORIENTED_EDGE('',*,*,#1674,.T.);
#571=ORIENTED_EDGE('',*,*,#1675,.T.);
#572=ORIENTED_EDGE('',*,*,#1676,.T.);
#573=ORIENTED_EDGE('',*,*,#1677,.T.);
#574=ORIENTED_EDGE('',*,*,#1678,.T.);
#575=ORIENTED_EDGE('',*,*,#1679,.F.);
#576=ORIENTED_EDGE('',*,*,#1680,.T.);
#577=ORIENTED_EDGE('',*,*,#1681,.T.);
#578=ORIENTED_EDGE('',*,*,#1682,.T.);
#579=ORIENTED_EDGE('',*,*,#1683,.T.);
#580=ORIENTED_EDGE('',*,*,#1684,.T.);
#581=ORIENTED_EDGE('',*,*,#1685,.F.);
#582=ORIENTED_EDGE('',*,*,#1686,.T.);
#583=ORIENTED_EDGE('',*,*,#1687,.T.);
#584=ORIENTED_EDGE('',*,*,#1688,.T.);
#585=ORIENTED_EDGE('',*,*,#1689,.T.);
#586=ORIENTED_EDGE('',*,*,#1690,.T.);
#587=ORIENTED_EDGE('',*,*,#1691,.F.);
#588=ORIENTED_EDGE('',*,*,#1692,.T.);
#589=ORIENTED_EDGE('',*,*,#1693,.T.);
#590=ORIENTED_EDGE('',*,*,#1694,.F.);
#591=ORIENTED_EDGE('',*,*,#1695,.F.);
#592=ORIENTED_EDGE('',*,*,#1696,.T.);
#593=ORIENTED_EDGE('',*,*,#1697,.T.);
#594=ORIENTED_EDGE('',*,*,#1698,.T.);
#595=ORIENTED_EDGE('',*,*,#1699,.T.);
#596=ORIENTED_EDGE('',*,*,#1700,.F.);
#597=ORIENTED_EDGE('',*,*,#1701,.F.);
#598=ORIENTED_EDGE('',*,*,#1702,.T.);
#599=ORIENTED_EDGE('',*,*,#1703,.T.);
#600=ORIENTED_EDGE('',*,*,#1704,.T.);
#601=ORIENTED_EDGE('',*,*,#1705,.T.);
#602=ORIENTED_EDGE('',*,*,#1706,.T.);
#603=ORIENTED_EDGE('',*,*,#1707,.T.);
#604=ORIENTED_EDGE('',*,*,#1708,.T.);
#605=ORIENTED_EDGE('',*,*,#1709,.T.);
#606=ORIENTED_EDGE('',*,*,#1710,.T.);
#607=ORIENTED_EDGE('',*,*,#1711,.T.);
#608=ORIENTED_EDGE('',*,*,#1712,.T.);
#609=ORIENTED_EDGE('',*,*,#1713,.T.);
#610=ORIENTED_EDGE('',*,*,#1714,.T.);
#611=ORIENTED_EDGE('',*,*,#1715,.T.);
#612=ORIENTED_EDGE('',*,*,#1716,.T.);
#613=ORIENTED_EDGE('',*,*,#1717,.T.);
#614=ORIENTED_EDGE('',*,*,#1718,.T.);
#615=ORIENTED_EDGE('',*,*,#1719,.T.);
#616=ORIENTED_EDGE('',*,*,#1720,.T.);
#617=ORIENTED_EDGE('',*,*,#1721,.T.);
#618=ORIENTED_EDGE('',*,*,#1722,.T.);
#619=ORIENTED_EDGE('',*,*,#1723,.T.);
#620=ORIENTED_EDGE('',*,*,#1724,.T.);
#621=ORIENTED_EDGE('',*,*,#1725,.T.);
#622=ORIENTED_EDGE('',*,*,#1670,.T.);
#623=ORIENTED_EDGE('',*,*,#1726,.T.);
#624=ORIENTED_EDGE('',*,*,#1727,.F.);
#625=ORIENTED_EDGE('',*,*,#1728,.T.);
#626=ORIENTED_EDGE('',*,*,#1729,.F.);
#627=ORIENTED_EDGE('',*,*,#1730,.T.);
#628=ORIENTED_EDGE('',*,*,#1695,.T.);
#629=ORIENTED_EDGE('',*,*,#1731,.F.);
#630=ORIENTED_EDGE('',*,*,#1727,.T.);
#631=ORIENTED_EDGE('',*,*,#1732,.T.);
#632=ORIENTED_EDGE('',*,*,#1733,.F.);
#633=ORIENTED_EDGE('',*,*,#1734,.T.);
#634=ORIENTED_EDGE('',*,*,#1735,.T.);
#635=ORIENTED_EDGE('',*,*,#1736,.F.);
#636=ORIENTED_EDGE('',*,*,#1737,.T.);
#637=ORIENTED_EDGE('',*,*,#1729,.T.);
#638=ORIENTED_EDGE('',*,*,#1738,.F.);
#639=ORIENTED_EDGE('',*,*,#1733,.T.);
#640=ORIENTED_EDGE('',*,*,#1739,.T.);
#641=ORIENTED_EDGE('',*,*,#1740,.F.);
#642=ORIENTED_EDGE('',*,*,#1741,.T.);
#643=ORIENTED_EDGE('',*,*,#1742,.F.);
#644=ORIENTED_EDGE('',*,*,#1743,.T.);
#645=ORIENTED_EDGE('',*,*,#1736,.T.);
#646=ORIENTED_EDGE('',*,*,#1744,.F.);
#647=ORIENTED_EDGE('',*,*,#1745,.T.);
#648=ORIENTED_EDGE('',*,*,#1746,.T.);
#649=ORIENTED_EDGE('',*,*,#1747,.F.);
#650=ORIENTED_EDGE('',*,*,#1748,.T.);
#651=ORIENTED_EDGE('',*,*,#1740,.T.);
#652=ORIENTED_EDGE('',*,*,#1749,.T.);
#653=ORIENTED_EDGE('',*,*,#1750,.T.);
#654=ORIENTED_EDGE('',*,*,#1742,.T.);
#655=ORIENTED_EDGE('',*,*,#1751,.F.);
#656=ORIENTED_EDGE('',*,*,#1752,.F.);
#657=ORIENTED_EDGE('',*,*,#1747,.T.);
#658=ORIENTED_EDGE('',*,*,#1753,.T.);
#659=ORIENTED_EDGE('',*,*,#1754,.F.);
#660=ORIENTED_EDGE('',*,*,#1755,.T.);
#661=ORIENTED_EDGE('',*,*,#1756,.F.);
#662=ORIENTED_EDGE('',*,*,#1757,.T.);
#663=ORIENTED_EDGE('',*,*,#1752,.T.);
#664=ORIENTED_EDGE('',*,*,#1758,.F.);
#665=ORIENTED_EDGE('',*,*,#1754,.T.);
#666=ORIENTED_EDGE('',*,*,#1759,.T.);
#667=ORIENTED_EDGE('',*,*,#1760,.F.);
#668=ORIENTED_EDGE('',*,*,#1761,.T.);
#669=ORIENTED_EDGE('',*,*,#1762,.T.);
#670=ORIENTED_EDGE('',*,*,#1763,.T.);
#671=ORIENTED_EDGE('',*,*,#1764,.T.);
#672=ORIENTED_EDGE('',*,*,#1765,.T.);
#673=ORIENTED_EDGE('',*,*,#1766,.T.);
#674=ORIENTED_EDGE('',*,*,#1767,.T.);
#675=ORIENTED_EDGE('',*,*,#1768,.F.);
#676=ORIENTED_EDGE('',*,*,#1769,.T.);
#677=ORIENTED_EDGE('',*,*,#1756,.T.);
#678=ORIENTED_EDGE('',*,*,#1770,.F.);
#679=ORIENTED_EDGE('',*,*,#1760,.T.);
#680=ORIENTED_EDGE('',*,*,#1771,.T.);
#681=ORIENTED_EDGE('',*,*,#1696,.F.);
#682=ORIENTED_EDGE('',*,*,#1772,.T.);
#683=ORIENTED_EDGE('',*,*,#1699,.F.);
#684=ORIENTED_EDGE('',*,*,#1773,.T.);
#685=ORIENTED_EDGE('',*,*,#1768,.T.);
#686=ORIENTED_EDGE('',*,*,#1774,.F.);
#687=ORIENTED_EDGE('',*,*,#1673,.T.);
#688=ORIENTED_EDGE('',*,*,#1775,.T.);
#689=ORIENTED_EDGE('',*,*,#1776,.F.);
#690=ORIENTED_EDGE('',*,*,#1777,.T.);
#691=ORIENTED_EDGE('',*,*,#1776,.T.);
#692=ORIENTED_EDGE('',*,*,#1778,.T.);
#693=ORIENTED_EDGE('',*,*,#1779,.F.);
#694=ORIENTED_EDGE('',*,*,#1780,.T.);
#695=ORIENTED_EDGE('',*,*,#1779,.T.);
#696=ORIENTED_EDGE('',*,*,#1781,.T.);
#697=ORIENTED_EDGE('',*,*,#1782,.F.);
#698=ORIENTED_EDGE('',*,*,#1783,.T.);
#699=ORIENTED_EDGE('',*,*,#1784,.T.);
#700=ORIENTED_EDGE('',*,*,#1785,.T.);
#701=ORIENTED_EDGE('',*,*,#1786,.F.);
#702=ORIENTED_EDGE('',*,*,#1787,.T.);
#703=ORIENTED_EDGE('',*,*,#1782,.T.);
#704=ORIENTED_EDGE('',*,*,#1788,.T.);
#705=ORIENTED_EDGE('',*,*,#1789,.T.);
#706=ORIENTED_EDGE('',*,*,#1790,.F.);
#707=ORIENTED_EDGE('',*,*,#1786,.T.);
#708=ORIENTED_EDGE('',*,*,#1791,.T.);
#709=ORIENTED_EDGE('',*,*,#1792,.F.);
#710=ORIENTED_EDGE('',*,*,#1793,.T.);
#711=ORIENTED_EDGE('',*,*,#1790,.T.);
#712=ORIENTED_EDGE('',*,*,#1794,.T.);
#713=ORIENTED_EDGE('',*,*,#1765,.F.);
#714=ORIENTED_EDGE('',*,*,#1795,.T.);
#715=ORIENTED_EDGE('',*,*,#1792,.T.);
#716=ORIENTED_EDGE('',*,*,#1796,.T.);
#717=ORIENTED_EDGE('',*,*,#1797,.F.);
#718=ORIENTED_EDGE('',*,*,#1798,.T.);
#719=ORIENTED_EDGE('',*,*,#1799,.T.);
#720=ORIENTED_EDGE('',*,*,#1800,.T.);
#721=ORIENTED_EDGE('',*,*,#1797,.T.);
#722=ORIENTED_EDGE('',*,*,#1801,.T.);
#723=ORIENTED_EDGE('',*,*,#1723,.F.);
#724=ORIENTED_EDGE('',*,*,#1802,.T.);
#725=ORIENTED_EDGE('',*,*,#1691,.T.);
#726=ORIENTED_EDGE('',*,*,#1803,.T.);
#727=ORIENTED_EDGE('',*,*,#1804,.F.);
#728=ORIENTED_EDGE('',*,*,#1805,.T.);
#729=ORIENTED_EDGE('',*,*,#1806,.F.);
#730=ORIENTED_EDGE('',*,*,#1807,.T.);
#731=ORIENTED_EDGE('',*,*,#1685,.T.);
#732=ORIENTED_EDGE('',*,*,#1808,.T.);
#733=ORIENTED_EDGE('',*,*,#1809,.F.);
#734=ORIENTED_EDGE('',*,*,#1810,.T.);
#735=ORIENTED_EDGE('',*,*,#1679,.T.);
#736=ORIENTED_EDGE('',*,*,#1811,.T.);
#737=ORIENTED_EDGE('',*,*,#1804,.T.);
#738=ORIENTED_EDGE('',*,*,#1812,.T.);
#739=ORIENTED_EDGE('',*,*,#1813,.F.);
#740=ORIENTED_EDGE('',*,*,#1814,.T.);
#741=ORIENTED_EDGE('',*,*,#1815,.T.);
#742=ORIENTED_EDGE('',*,*,#1816,.T.);
#743=ORIENTED_EDGE('',*,*,#1806,.T.);
#744=ORIENTED_EDGE('',*,*,#1817,.F.);
#745=ORIENTED_EDGE('',*,*,#1818,.T.);
#746=ORIENTED_EDGE('',*,*,#1809,.T.);
#747=ORIENTED_EDGE('',*,*,#1819,.T.);
#748=ORIENTED_EDGE('',*,*,#1813,.T.);
#749=ORIENTED_EDGE('',*,*,#1820,.T.);
#750=ORIENTED_EDGE('',*,*,#1821,.F.);
#751=ORIENTED_EDGE('',*,*,#1822,.T.);
#752=ORIENTED_EDGE('',*,*,#1823,.F.);
#753=ORIENTED_EDGE('',*,*,#1824,.T.);
#754=ORIENTED_EDGE('',*,*,#1817,.T.);
#755=ORIENTED_EDGE('',*,*,#1825,.T.);
#756=ORIENTED_EDGE('',*,*,#1826,.T.);
#757=ORIENTED_EDGE('',*,*,#1827,.T.);
#758=ORIENTED_EDGE('',*,*,#1828,.F.);
#759=ORIENTED_EDGE('',*,*,#1829,.T.);
#760=ORIENTED_EDGE('',*,*,#1821,.T.);
#761=ORIENTED_EDGE('',*,*,#1830,.T.);
#762=ORIENTED_EDGE('',*,*,#1831,.T.);
#763=ORIENTED_EDGE('',*,*,#1823,.T.);
#764=ORIENTED_EDGE('',*,*,#1832,.T.);
#765=ORIENTED_EDGE('',*,*,#1833,.F.);
#766=ORIENTED_EDGE('',*,*,#1828,.T.);
#767=ORIENTED_EDGE('',*,*,#1834,.T.);
#768=ORIENTED_EDGE('',*,*,#1835,.F.);
#769=ORIENTED_EDGE('',*,*,#1836,.T.);
#770=ORIENTED_EDGE('',*,*,#1837,.F.);
#771=ORIENTED_EDGE('',*,*,#1838,.T.);
#772=ORIENTED_EDGE('',*,*,#1833,.T.);
#773=ORIENTED_EDGE('',*,*,#1839,.T.);
#774=ORIENTED_EDGE('',*,*,#1835,.T.);
#775=ORIENTED_EDGE('',*,*,#1840,.T.);
#776=ORIENTED_EDGE('',*,*,#1841,.F.);
#777=ORIENTED_EDGE('',*,*,#1842,.T.);
#778=ORIENTED_EDGE('',*,*,#1843,.F.);
#779=ORIENTED_EDGE('',*,*,#1844,.T.);
#780=ORIENTED_EDGE('',*,*,#1837,.T.);
#781=ORIENTED_EDGE('',*,*,#1845,.T.);
#782=ORIENTED_EDGE('',*,*,#1846,.T.);
#783=ORIENTED_EDGE('',*,*,#1847,.T.);
#784=ORIENTED_EDGE('',*,*,#1848,.T.);
#785=ORIENTED_EDGE('',*,*,#1849,.T.);
#786=ORIENTED_EDGE('',*,*,#1850,.F.);
#787=ORIENTED_EDGE('',*,*,#1841,.T.);
#788=ORIENTED_EDGE('',*,*,#1851,.T.);
#789=ORIENTED_EDGE('',*,*,#1703,.F.);
#790=ORIENTED_EDGE('',*,*,#1852,.T.);
#791=ORIENTED_EDGE('',*,*,#1715,.F.);
#792=ORIENTED_EDGE('',*,*,#1853,.T.);
#793=ORIENTED_EDGE('',*,*,#1843,.T.);
#794=ORIENTED_EDGE('',*,*,#1854,.T.);
#795=ORIENTED_EDGE('',*,*,#1850,.T.);
#796=ORIENTED_EDGE('',*,*,#1855,.T.);
#797=ORIENTED_EDGE('',*,*,#1709,.F.);
#798=ORIENTED_EDGE('',*,*,#1856,.T.);
#799=ORIENTED_EDGE('',*,*,#1857,.T.);
#800=ORIENTED_EDGE('',*,*,#1858,.F.);
#801=ORIENTED_EDGE('',*,*,#1859,.F.);
#802=ORIENTED_EDGE('',*,*,#1860,.T.);
#803=ORIENTED_EDGE('',*,*,#1861,.T.);
#804=ORIENTED_EDGE('',*,*,#1862,.T.);
#805=ORIENTED_EDGE('',*,*,#1863,.T.);
#806=ORIENTED_EDGE('',*,*,#1864,.T.);
#807=ORIENTED_EDGE('',*,*,#1865,.T.);
#808=ORIENTED_EDGE('',*,*,#1866,.T.);
#809=ORIENTED_EDGE('',*,*,#1867,.T.);
#810=ORIENTED_EDGE('',*,*,#1868,.T.);
#811=ORIENTED_EDGE('',*,*,#1869,.F.);
#812=ORIENTED_EDGE('',*,*,#1870,.F.);
#813=ORIENTED_EDGE('',*,*,#1871,.T.);
#814=ORIENTED_EDGE('',*,*,#1872,.T.);
#815=ORIENTED_EDGE('',*,*,#1873,.T.);
#816=ORIENTED_EDGE('',*,*,#1874,.F.);
#817=ORIENTED_EDGE('',*,*,#1875,.F.);
#818=ORIENTED_EDGE('',*,*,#1876,.T.);
#819=ORIENTED_EDGE('',*,*,#1877,.T.);
#820=ORIENTED_EDGE('',*,*,#1878,.F.);
#821=ORIENTED_EDGE('',*,*,#1879,.F.);
#822=ORIENTED_EDGE('',*,*,#1858,.T.);
#823=ORIENTED_EDGE('',*,*,#1880,.F.);
#824=ORIENTED_EDGE('',*,*,#1881,.F.);
#825=ORIENTED_EDGE('',*,*,#1882,.F.);
#826=ORIENTED_EDGE('',*,*,#1883,.F.);
#827=ORIENTED_EDGE('',*,*,#1884,.F.);
#828=ORIENTED_EDGE('',*,*,#1885,.F.);
#829=ORIENTED_EDGE('',*,*,#1886,.F.);
#830=ORIENTED_EDGE('',*,*,#1887,.F.);
#831=ORIENTED_EDGE('',*,*,#1888,.F.);
#832=ORIENTED_EDGE('',*,*,#1889,.F.);
#833=ORIENTED_EDGE('',*,*,#1890,.F.);
#834=ORIENTED_EDGE('',*,*,#1891,.F.);
#835=ORIENTED_EDGE('',*,*,#1892,.F.);
#836=ORIENTED_EDGE('',*,*,#1893,.F.);
#837=ORIENTED_EDGE('',*,*,#1894,.F.);
#838=ORIENTED_EDGE('',*,*,#1895,.F.);
#839=ORIENTED_EDGE('',*,*,#1896,.F.);
#840=ORIENTED_EDGE('',*,*,#1897,.F.);
#841=ORIENTED_EDGE('',*,*,#1898,.F.);
#842=ORIENTED_EDGE('',*,*,#1899,.F.);
#843=ORIENTED_EDGE('',*,*,#1900,.F.);
#844=ORIENTED_EDGE('',*,*,#1901,.F.);
#845=ORIENTED_EDGE('',*,*,#1902,.F.);
#846=ORIENTED_EDGE('',*,*,#1903,.F.);
#847=ORIENTED_EDGE('',*,*,#1904,.F.);
#848=ORIENTED_EDGE('',*,*,#1905,.F.);
#849=ORIENTED_EDGE('',*,*,#1906,.F.);
#850=ORIENTED_EDGE('',*,*,#1907,.T.);
#851=ORIENTED_EDGE('',*,*,#1908,.F.);
#852=ORIENTED_EDGE('',*,*,#1909,.T.);
#853=ORIENTED_EDGE('',*,*,#1910,.T.);
#854=ORIENTED_EDGE('',*,*,#1911,.F.);
#855=ORIENTED_EDGE('',*,*,#1912,.F.);
#856=ORIENTED_EDGE('',*,*,#1913,.F.);
#857=ORIENTED_EDGE('',*,*,#1914,.F.);
#858=ORIENTED_EDGE('',*,*,#1915,.F.);
#859=ORIENTED_EDGE('',*,*,#1916,.F.);
#860=ORIENTED_EDGE('',*,*,#1917,.F.);
#861=ORIENTED_EDGE('',*,*,#1908,.T.);
#862=ORIENTED_EDGE('',*,*,#1918,.F.);
#863=ORIENTED_EDGE('',*,*,#1919,.F.);
#864=ORIENTED_EDGE('',*,*,#1920,.F.);
#865=ORIENTED_EDGE('',*,*,#1904,.T.);
#866=ORIENTED_EDGE('',*,*,#1921,.T.);
#867=ORIENTED_EDGE('',*,*,#1922,.T.);
#868=ORIENTED_EDGE('',*,*,#1923,.T.);
#869=ORIENTED_EDGE('',*,*,#1870,.T.);
#870=ORIENTED_EDGE('',*,*,#1924,.T.);
#871=ORIENTED_EDGE('',*,*,#1925,.T.);
#872=ORIENTED_EDGE('',*,*,#1926,.F.);
#873=ORIENTED_EDGE('',*,*,#1927,.F.);
#874=ORIENTED_EDGE('',*,*,#1878,.T.);
#875=ORIENTED_EDGE('',*,*,#1928,.T.);
#876=ORIENTED_EDGE('',*,*,#1876,.F.);
#877=ORIENTED_EDGE('',*,*,#1929,.F.);
#878=ORIENTED_EDGE('',*,*,#1926,.T.);
#879=ORIENTED_EDGE('',*,*,#1930,.T.);
#880=ORIENTED_EDGE('',*,*,#1860,.F.);
#881=ORIENTED_EDGE('',*,*,#1931,.F.);
#882=ORIENTED_EDGE('',*,*,#1874,.T.);
#883=ORIENTED_EDGE('',*,*,#1872,.F.);
#884=ORIENTED_EDGE('',*,*,#1932,.F.);
#885=ORIENTED_EDGE('',*,*,#1933,.F.);
#886=ORIENTED_EDGE('',*,*,#1934,.F.);
#887=ORIENTED_EDGE('',*,*,#1910,.F.);
#888=ORIENTED_EDGE('',*,*,#1935,.F.);
#889=ORIENTED_EDGE('',*,*,#1879,.T.);
#890=ORIENTED_EDGE('',*,*,#1927,.T.);
#891=ORIENTED_EDGE('',*,*,#1929,.T.);
#892=ORIENTED_EDGE('',*,*,#1875,.T.);
#893=ORIENTED_EDGE('',*,*,#1931,.T.);
#894=ORIENTED_EDGE('',*,*,#1859,.T.);
#895=ORIENTED_EDGE('',*,*,#1936,.F.);
#896=ORIENTED_EDGE('',*,*,#1937,.F.);
#897=ORIENTED_EDGE('',*,*,#1877,.F.);
#898=ORIENTED_EDGE('',*,*,#1857,.F.);
#899=ORIENTED_EDGE('',*,*,#1930,.F.);
#900=ORIENTED_EDGE('',*,*,#1873,.F.);
#901=ORIENTED_EDGE('',*,*,#1928,.F.);
#902=ORIENTED_EDGE('',*,*,#1925,.F.);
#903=ORIENTED_EDGE('',*,*,#1932,.T.);
#904=ORIENTED_EDGE('',*,*,#1871,.F.);
#905=ORIENTED_EDGE('',*,*,#1923,.F.);
#906=ORIENTED_EDGE('',*,*,#1938,.T.);
#907=ORIENTED_EDGE('',*,*,#1933,.T.);
#908=ORIENTED_EDGE('',*,*,#1938,.F.);
#909=ORIENTED_EDGE('',*,*,#1922,.F.);
#910=ORIENTED_EDGE('',*,*,#1939,.T.);
#911=ORIENTED_EDGE('',*,*,#1934,.T.);
#912=ORIENTED_EDGE('',*,*,#1939,.F.);
#913=ORIENTED_EDGE('',*,*,#1921,.F.);
#914=ORIENTED_EDGE('',*,*,#1911,.T.);
#915=ORIENTED_EDGE('',*,*,#1935,.T.);
#916=ORIENTED_EDGE('',*,*,#1909,.F.);
#917=ORIENTED_EDGE('',*,*,#1924,.F.);
#918=ORIENTED_EDGE('',*,*,#1869,.T.);
#919=ORIENTED_EDGE('',*,*,#1918,.T.);
#920=ORIENTED_EDGE('',*,*,#1907,.F.);
#921=ORIENTED_EDGE('',*,*,#1940,.F.);
#922=ORIENTED_EDGE('',*,*,#1941,.T.);
#923=ORIENTED_EDGE('',*,*,#1920,.T.);
#924=ORIENTED_EDGE('',*,*,#1942,.F.);
#925=ORIENTED_EDGE('',*,*,#1943,.F.);
#926=ORIENTED_EDGE('',*,*,#1905,.T.);
#927=ORIENTED_EDGE('',*,*,#1919,.T.);
#928=ORIENTED_EDGE('',*,*,#1941,.F.);
#929=ORIENTED_EDGE('',*,*,#1944,.F.);
#930=ORIENTED_EDGE('',*,*,#1942,.T.);
#931=ORIENTED_EDGE('',*,*,#1940,.T.);
#932=ORIENTED_EDGE('',*,*,#1906,.T.);
#933=ORIENTED_EDGE('',*,*,#1943,.T.);
#934=ORIENTED_EDGE('',*,*,#1944,.T.);
#935=ORIENTED_EDGE('',*,*,#1914,.T.);
#936=ORIENTED_EDGE('',*,*,#1945,.F.);
#937=ORIENTED_EDGE('',*,*,#1946,.F.);
#938=ORIENTED_EDGE('',*,*,#1947,.T.);
#939=ORIENTED_EDGE('',*,*,#1915,.T.);
#940=ORIENTED_EDGE('',*,*,#1947,.F.);
#941=ORIENTED_EDGE('',*,*,#1948,.F.);
#942=ORIENTED_EDGE('',*,*,#1949,.T.);
#943=ORIENTED_EDGE('',*,*,#1916,.T.);
#944=ORIENTED_EDGE('',*,*,#1949,.F.);
#945=ORIENTED_EDGE('',*,*,#1950,.F.);
#946=ORIENTED_EDGE('',*,*,#1951,.T.);
#947=ORIENTED_EDGE('',*,*,#1917,.T.);
#948=ORIENTED_EDGE('',*,*,#1951,.F.);
#949=ORIENTED_EDGE('',*,*,#1952,.F.);
#950=ORIENTED_EDGE('',*,*,#1945,.T.);
#951=ORIENTED_EDGE('',*,*,#1946,.T.);
#952=ORIENTED_EDGE('',*,*,#1952,.T.);
#953=ORIENTED_EDGE('',*,*,#1950,.T.);
#954=ORIENTED_EDGE('',*,*,#1948,.T.);
#955=ORIENTED_EDGE('',*,*,#1953,.F.);
#956=ORIENTED_EDGE('',*,*,#1937,.T.);
#957=ORIENTED_EDGE('',*,*,#1954,.F.);
#958=ORIENTED_EDGE('',*,*,#1953,.T.);
#959=ORIENTED_EDGE('',*,*,#1955,.F.);
#960=ORIENTED_EDGE('',*,*,#1936,.T.);
#961=ORIENTED_EDGE('',*,*,#1956,.F.);
#962=ORIENTED_EDGE('',*,*,#1955,.T.);
#963=ORIENTED_EDGE('',*,*,#1913,.T.);
#964=ORIENTED_EDGE('',*,*,#1954,.T.);
#965=ORIENTED_EDGE('',*,*,#1912,.T.);
#966=ORIENTED_EDGE('',*,*,#1956,.T.);
#967=ORIENTED_EDGE('',*,*,#1880,.T.);
#968=ORIENTED_EDGE('',*,*,#1957,.F.);
#969=ORIENTED_EDGE('',*,*,#1958,.F.);
#970=ORIENTED_EDGE('',*,*,#1959,.T.);
#971=ORIENTED_EDGE('',*,*,#1903,.T.);
#972=ORIENTED_EDGE('',*,*,#1960,.F.);
#973=ORIENTED_EDGE('',*,*,#1961,.F.);
#974=ORIENTED_EDGE('',*,*,#1957,.T.);
#975=ORIENTED_EDGE('',*,*,#1902,.T.);
#976=ORIENTED_EDGE('',*,*,#1962,.F.);
#977=ORIENTED_EDGE('',*,*,#1963,.F.);
#978=ORIENTED_EDGE('',*,*,#1960,.T.);
#979=ORIENTED_EDGE('',*,*,#1901,.T.);
#980=ORIENTED_EDGE('',*,*,#1964,.F.);
#981=ORIENTED_EDGE('',*,*,#1965,.F.);
#982=ORIENTED_EDGE('',*,*,#1962,.T.);
#983=ORIENTED_EDGE('',*,*,#1900,.T.);
#984=ORIENTED_EDGE('',*,*,#1966,.F.);
#985=ORIENTED_EDGE('',*,*,#1967,.F.);
#986=ORIENTED_EDGE('',*,*,#1964,.T.);
#987=ORIENTED_EDGE('',*,*,#1899,.T.);
#988=ORIENTED_EDGE('',*,*,#1968,.F.);
#989=ORIENTED_EDGE('',*,*,#1969,.F.);
#990=ORIENTED_EDGE('',*,*,#1966,.T.);
#991=ORIENTED_EDGE('',*,*,#1898,.T.);
#992=ORIENTED_EDGE('',*,*,#1970,.F.);
#993=ORIENTED_EDGE('',*,*,#1971,.F.);
#994=ORIENTED_EDGE('',*,*,#1968,.T.);
#995=ORIENTED_EDGE('',*,*,#1897,.T.);
#996=ORIENTED_EDGE('',*,*,#1972,.F.);
#997=ORIENTED_EDGE('',*,*,#1973,.F.);
#998=ORIENTED_EDGE('',*,*,#1970,.T.);
#999=ORIENTED_EDGE('',*,*,#1896,.T.);
#1000=ORIENTED_EDGE('',*,*,#1974,.F.);
#1001=ORIENTED_EDGE('',*,*,#1975,.F.);
#1002=ORIENTED_EDGE('',*,*,#1972,.T.);
#1003=ORIENTED_EDGE('',*,*,#1895,.T.);
#1004=ORIENTED_EDGE('',*,*,#1976,.F.);
#1005=ORIENTED_EDGE('',*,*,#1977,.F.);
#1006=ORIENTED_EDGE('',*,*,#1974,.T.);
#1007=ORIENTED_EDGE('',*,*,#1894,.T.);
#1008=ORIENTED_EDGE('',*,*,#1978,.F.);
#1009=ORIENTED_EDGE('',*,*,#1979,.F.);
#1010=ORIENTED_EDGE('',*,*,#1976,.T.);
#1011=ORIENTED_EDGE('',*,*,#1893,.T.);
#1012=ORIENTED_EDGE('',*,*,#1980,.F.);
#1013=ORIENTED_EDGE('',*,*,#1981,.F.);
#1014=ORIENTED_EDGE('',*,*,#1978,.T.);
#1015=ORIENTED_EDGE('',*,*,#1892,.T.);
#1016=ORIENTED_EDGE('',*,*,#1982,.F.);
#1017=ORIENTED_EDGE('',*,*,#1983,.F.);
#1018=ORIENTED_EDGE('',*,*,#1980,.T.);
#1019=ORIENTED_EDGE('',*,*,#1891,.T.);
#1020=ORIENTED_EDGE('',*,*,#1984,.F.);
#1021=ORIENTED_EDGE('',*,*,#1985,.F.);
#1022=ORIENTED_EDGE('',*,*,#1982,.T.);
#1023=ORIENTED_EDGE('',*,*,#1890,.T.);
#1024=ORIENTED_EDGE('',*,*,#1986,.F.);
#1025=ORIENTED_EDGE('',*,*,#1987,.F.);
#1026=ORIENTED_EDGE('',*,*,#1984,.T.);
#1027=ORIENTED_EDGE('',*,*,#1889,.T.);
#1028=ORIENTED_EDGE('',*,*,#1988,.F.);
#1029=ORIENTED_EDGE('',*,*,#1989,.F.);
#1030=ORIENTED_EDGE('',*,*,#1986,.T.);
#1031=ORIENTED_EDGE('',*,*,#1888,.T.);
#1032=ORIENTED_EDGE('',*,*,#1990,.F.);
#1033=ORIENTED_EDGE('',*,*,#1991,.F.);
#1034=ORIENTED_EDGE('',*,*,#1988,.T.);
#1035=ORIENTED_EDGE('',*,*,#1887,.T.);
#1036=ORIENTED_EDGE('',*,*,#1992,.F.);
#1037=ORIENTED_EDGE('',*,*,#1993,.F.);
#1038=ORIENTED_EDGE('',*,*,#1990,.T.);
#1039=ORIENTED_EDGE('',*,*,#1886,.T.);
#1040=ORIENTED_EDGE('',*,*,#1994,.F.);
#1041=ORIENTED_EDGE('',*,*,#1995,.F.);
#1042=ORIENTED_EDGE('',*,*,#1992,.T.);
#1043=ORIENTED_EDGE('',*,*,#1885,.T.);
#1044=ORIENTED_EDGE('',*,*,#1996,.F.);
#1045=ORIENTED_EDGE('',*,*,#1997,.F.);
#1046=ORIENTED_EDGE('',*,*,#1994,.T.);
#1047=ORIENTED_EDGE('',*,*,#1884,.T.);
#1048=ORIENTED_EDGE('',*,*,#1998,.F.);
#1049=ORIENTED_EDGE('',*,*,#1999,.F.);
#1050=ORIENTED_EDGE('',*,*,#1996,.T.);
#1051=ORIENTED_EDGE('',*,*,#1883,.T.);
#1052=ORIENTED_EDGE('',*,*,#2000,.F.);
#1053=ORIENTED_EDGE('',*,*,#2001,.F.);
#1054=ORIENTED_EDGE('',*,*,#1998,.T.);
#1055=ORIENTED_EDGE('',*,*,#1882,.T.);
#1056=ORIENTED_EDGE('',*,*,#2002,.F.);
#1057=ORIENTED_EDGE('',*,*,#2003,.F.);
#1058=ORIENTED_EDGE('',*,*,#2000,.T.);
#1059=ORIENTED_EDGE('',*,*,#1881,.T.);
#1060=ORIENTED_EDGE('',*,*,#1959,.F.);
#1061=ORIENTED_EDGE('',*,*,#2004,.F.);
#1062=ORIENTED_EDGE('',*,*,#2002,.T.);
#1063=ORIENTED_EDGE('',*,*,#1958,.T.);
#1064=ORIENTED_EDGE('',*,*,#1961,.T.);
#1065=ORIENTED_EDGE('',*,*,#1963,.T.);
#1066=ORIENTED_EDGE('',*,*,#1965,.T.);
#1067=ORIENTED_EDGE('',*,*,#1967,.T.);
#1068=ORIENTED_EDGE('',*,*,#1969,.T.);
#1069=ORIENTED_EDGE('',*,*,#1971,.T.);
#1070=ORIENTED_EDGE('',*,*,#1973,.T.);
#1071=ORIENTED_EDGE('',*,*,#1975,.T.);
#1072=ORIENTED_EDGE('',*,*,#1977,.T.);
#1073=ORIENTED_EDGE('',*,*,#1979,.T.);
#1074=ORIENTED_EDGE('',*,*,#1981,.T.);
#1075=ORIENTED_EDGE('',*,*,#1983,.T.);
#1076=ORIENTED_EDGE('',*,*,#1985,.T.);
#1077=ORIENTED_EDGE('',*,*,#1987,.T.);
#1078=ORIENTED_EDGE('',*,*,#1989,.T.);
#1079=ORIENTED_EDGE('',*,*,#1991,.T.);
#1080=ORIENTED_EDGE('',*,*,#1993,.T.);
#1081=ORIENTED_EDGE('',*,*,#1995,.T.);
#1082=ORIENTED_EDGE('',*,*,#1997,.T.);
#1083=ORIENTED_EDGE('',*,*,#1999,.T.);
#1084=ORIENTED_EDGE('',*,*,#2001,.T.);
#1085=ORIENTED_EDGE('',*,*,#2003,.T.);
#1086=ORIENTED_EDGE('',*,*,#2004,.T.);
#1087=ORIENTED_EDGE('',*,*,#2005,.F.);
#1088=ORIENTED_EDGE('',*,*,#2006,.T.);
#1089=ORIENTED_EDGE('',*,*,#1861,.F.);
#1090=ORIENTED_EDGE('',*,*,#2007,.F.);
#1091=ORIENTED_EDGE('',*,*,#2008,.F.);
#1092=ORIENTED_EDGE('',*,*,#2009,.T.);
#1093=ORIENTED_EDGE('',*,*,#1862,.F.);
#1094=ORIENTED_EDGE('',*,*,#2006,.F.);
#1095=ORIENTED_EDGE('',*,*,#2010,.F.);
#1096=ORIENTED_EDGE('',*,*,#2011,.T.);
#1097=ORIENTED_EDGE('',*,*,#1863,.F.);
#1098=ORIENTED_EDGE('',*,*,#2009,.F.);
#1099=ORIENTED_EDGE('',*,*,#2012,.F.);
#1100=ORIENTED_EDGE('',*,*,#2013,.F.);
#1101=ORIENTED_EDGE('',*,*,#1692,.F.);
#1102=ORIENTED_EDGE('',*,*,#1805,.F.);
#1103=ORIENTED_EDGE('',*,*,#1814,.F.);
#1104=ORIENTED_EDGE('',*,*,#1822,.F.);
#1105=ORIENTED_EDGE('',*,*,#1829,.F.);
#1106=ORIENTED_EDGE('',*,*,#1836,.F.);
#1107=ORIENTED_EDGE('',*,*,#1842,.F.);
#1108=ORIENTED_EDGE('',*,*,#1852,.F.);
#1109=ORIENTED_EDGE('',*,*,#1702,.F.);
#1110=ORIENTED_EDGE('',*,*,#2014,.F.);
#1111=ORIENTED_EDGE('',*,*,#2015,.F.);
#1112=ORIENTED_EDGE('',*,*,#2016,.T.);
#1113=ORIENTED_EDGE('',*,*,#1864,.F.);
#1114=ORIENTED_EDGE('',*,*,#2011,.F.);
#1115=ORIENTED_EDGE('',*,*,#2017,.F.);
#1116=ORIENTED_EDGE('',*,*,#2018,.T.);
#1117=ORIENTED_EDGE('',*,*,#1865,.F.);
#1118=ORIENTED_EDGE('',*,*,#2016,.F.);
#1119=ORIENTED_EDGE('',*,*,#2019,.F.);
#1120=ORIENTED_EDGE('',*,*,#2020,.T.);
#1121=ORIENTED_EDGE('',*,*,#1866,.F.);
#1122=ORIENTED_EDGE('',*,*,#2018,.F.);
#1123=ORIENTED_EDGE('',*,*,#2021,.F.);
#1124=ORIENTED_EDGE('',*,*,#2022,.T.);
#1125=ORIENTED_EDGE('',*,*,#1867,.F.);
#1126=ORIENTED_EDGE('',*,*,#2020,.F.);
#1127=ORIENTED_EDGE('',*,*,#2023,.T.);
#1128=ORIENTED_EDGE('',*,*,#2007,.T.);
#1129=ORIENTED_EDGE('',*,*,#1868,.F.);
#1130=ORIENTED_EDGE('',*,*,#2022,.F.);
#1131=ORIENTED_EDGE('',*,*,#2024,.T.);
#1132=ORIENTED_EDGE('',*,*,#2025,.T.);
#1133=ORIENTED_EDGE('',*,*,#1700,.T.);
#1134=ORIENTED_EDGE('',*,*,#1774,.T.);
#1135=ORIENTED_EDGE('',*,*,#1770,.T.);
#1136=ORIENTED_EDGE('',*,*,#1758,.T.);
#1137=ORIENTED_EDGE('',*,*,#1751,.T.);
#1138=ORIENTED_EDGE('',*,*,#1744,.T.);
#1139=ORIENTED_EDGE('',*,*,#1738,.T.);
#1140=ORIENTED_EDGE('',*,*,#1731,.T.);
#1141=ORIENTED_EDGE('',*,*,#1694,.T.);
#1142=ORIENTED_EDGE('',*,*,#2026,.T.);
#1143=ORIENTED_EDGE('',*,*,#1693,.F.);
#1144=ORIENTED_EDGE('',*,*,#2013,.T.);
#1145=ORIENTED_EDGE('',*,*,#2027,.T.);
#1146=ORIENTED_EDGE('',*,*,#2026,.F.);
#1147=ORIENTED_EDGE('',*,*,#2028,.F.);
#1148=ORIENTED_EDGE('',*,*,#2014,.T.);
#1149=ORIENTED_EDGE('',*,*,#1701,.T.);
#1150=ORIENTED_EDGE('',*,*,#2025,.F.);
#1151=ORIENTED_EDGE('',*,*,#2019,.T.);
#1152=ORIENTED_EDGE('',*,*,#2017,.T.);
#1153=ORIENTED_EDGE('',*,*,#2015,.T.);
#1154=ORIENTED_EDGE('',*,*,#2028,.T.);
#1155=ORIENTED_EDGE('',*,*,#2024,.F.);
#1156=ORIENTED_EDGE('',*,*,#2021,.T.);
#1157=ORIENTED_EDGE('',*,*,#2008,.T.);
#1158=ORIENTED_EDGE('',*,*,#2005,.T.);
#1159=ORIENTED_EDGE('',*,*,#2023,.F.);
#1160=ORIENTED_EDGE('',*,*,#2027,.F.);
#1161=ORIENTED_EDGE('',*,*,#2012,.T.);
#1162=ORIENTED_EDGE('',*,*,#2010,.T.);
#1163=ORIENTED_EDGE('',*,*,#1675,.F.);
#1164=ORIENTED_EDGE('',*,*,#2029,.F.);
#1165=ORIENTED_EDGE('',*,*,#2030,.F.);
#1166=ORIENTED_EDGE('',*,*,#2031,.T.);
#1167=ORIENTED_EDGE('',*,*,#1674,.F.);
#1168=ORIENTED_EDGE('',*,*,#1777,.F.);
#1169=ORIENTED_EDGE('',*,*,#1780,.F.);
#1170=ORIENTED_EDGE('',*,*,#1783,.F.);
#1171=ORIENTED_EDGE('',*,*,#1787,.F.);
#1172=ORIENTED_EDGE('',*,*,#1793,.F.);
#1173=ORIENTED_EDGE('',*,*,#1800,.F.);
#1174=ORIENTED_EDGE('',*,*,#2032,.F.);
#1175=ORIENTED_EDGE('',*,*,#2033,.F.);
#1176=ORIENTED_EDGE('',*,*,#2029,.T.);
#1177=ORIENTED_EDGE('',*,*,#1799,.F.);
#1178=ORIENTED_EDGE('',*,*,#2034,.F.);
#1179=ORIENTED_EDGE('',*,*,#2035,.F.);
#1180=ORIENTED_EDGE('',*,*,#2032,.T.);
#1181=ORIENTED_EDGE('',*,*,#1798,.F.);
#1182=ORIENTED_EDGE('',*,*,#1802,.F.);
#1183=ORIENTED_EDGE('',*,*,#1722,.F.);
#1184=ORIENTED_EDGE('',*,*,#2036,.F.);
#1185=ORIENTED_EDGE('',*,*,#2037,.F.);
#1186=ORIENTED_EDGE('',*,*,#2034,.T.);
#1187=ORIENTED_EDGE('',*,*,#1721,.F.);
#1188=ORIENTED_EDGE('',*,*,#2038,.F.);
#1189=ORIENTED_EDGE('',*,*,#2039,.F.);
#1190=ORIENTED_EDGE('',*,*,#2036,.T.);
#1191=ORIENTED_EDGE('',*,*,#1720,.F.);
#1192=ORIENTED_EDGE('',*,*,#2040,.F.);
#1193=ORIENTED_EDGE('',*,*,#2041,.F.);
#1194=ORIENTED_EDGE('',*,*,#2038,.T.);
#1195=ORIENTED_EDGE('',*,*,#1719,.F.);
#1196=ORIENTED_EDGE('',*,*,#2042,.F.);
#1197=ORIENTED_EDGE('',*,*,#2043,.F.);
#1198=ORIENTED_EDGE('',*,*,#2040,.T.);
#1199=ORIENTED_EDGE('',*,*,#1718,.F.);
#1200=ORIENTED_EDGE('',*,*,#2044,.F.);
#1201=ORIENTED_EDGE('',*,*,#2045,.F.);
#1202=ORIENTED_EDGE('',*,*,#2042,.T.);
#1203=ORIENTED_EDGE('',*,*,#1717,.F.);
#1204=ORIENTED_EDGE('',*,*,#2046,.F.);
#1205=ORIENTED_EDGE('',*,*,#2047,.F.);
#1206=ORIENTED_EDGE('',*,*,#2044,.T.);
#1207=ORIENTED_EDGE('',*,*,#1847,.F.);
#1208=ORIENTED_EDGE('',*,*,#2048,.F.);
#1209=ORIENTED_EDGE('',*,*,#2049,.F.);
#1210=ORIENTED_EDGE('',*,*,#2046,.T.);
#1211=ORIENTED_EDGE('',*,*,#1716,.F.);
#1212=ORIENTED_EDGE('',*,*,#1854,.F.);
#1213=ORIENTED_EDGE('',*,*,#1846,.F.);
#1214=ORIENTED_EDGE('',*,*,#2050,.F.);
#1215=ORIENTED_EDGE('',*,*,#2051,.F.);
#1216=ORIENTED_EDGE('',*,*,#2048,.T.);
#1217=ORIENTED_EDGE('',*,*,#1678,.F.);
#1218=ORIENTED_EDGE('',*,*,#2052,.F.);
#1219=ORIENTED_EDGE('',*,*,#2053,.F.);
#1220=ORIENTED_EDGE('',*,*,#2050,.T.);
#1221=ORIENTED_EDGE('',*,*,#1845,.F.);
#1222=ORIENTED_EDGE('',*,*,#1839,.F.);
#1223=ORIENTED_EDGE('',*,*,#1832,.F.);
#1224=ORIENTED_EDGE('',*,*,#1825,.F.);
#1225=ORIENTED_EDGE('',*,*,#1819,.F.);
#1226=ORIENTED_EDGE('',*,*,#1811,.F.);
#1227=ORIENTED_EDGE('',*,*,#1677,.F.);
#1228=ORIENTED_EDGE('',*,*,#2054,.F.);
#1229=ORIENTED_EDGE('',*,*,#2055,.F.);
#1230=ORIENTED_EDGE('',*,*,#2052,.T.);
#1231=ORIENTED_EDGE('',*,*,#1676,.F.);
#1232=ORIENTED_EDGE('',*,*,#2031,.F.);
#1233=ORIENTED_EDGE('',*,*,#2056,.F.);
#1234=ORIENTED_EDGE('',*,*,#2054,.T.);
#1235=ORIENTED_EDGE('',*,*,#2030,.T.);
#1236=ORIENTED_EDGE('',*,*,#2033,.T.);
#1237=ORIENTED_EDGE('',*,*,#2035,.T.);
#1238=ORIENTED_EDGE('',*,*,#2037,.T.);
#1239=ORIENTED_EDGE('',*,*,#2039,.T.);
#1240=ORIENTED_EDGE('',*,*,#2041,.T.);
#1241=ORIENTED_EDGE('',*,*,#2043,.T.);
#1242=ORIENTED_EDGE('',*,*,#2045,.T.);
#1243=ORIENTED_EDGE('',*,*,#2047,.T.);
#1244=ORIENTED_EDGE('',*,*,#2049,.T.);
#1245=ORIENTED_EDGE('',*,*,#2051,.T.);
#1246=ORIENTED_EDGE('',*,*,#2053,.T.);
#1247=ORIENTED_EDGE('',*,*,#2055,.T.);
#1248=ORIENTED_EDGE('',*,*,#2056,.T.);
#1249=ORIENTED_EDGE('',*,*,#1827,.F.);
#1250=ORIENTED_EDGE('',*,*,#2057,.F.);
#1251=ORIENTED_EDGE('',*,*,#2058,.F.);
#1252=ORIENTED_EDGE('',*,*,#2059,.T.);
#1253=ORIENTED_EDGE('',*,*,#1704,.F.);
#1254=ORIENTED_EDGE('',*,*,#1851,.F.);
#1255=ORIENTED_EDGE('',*,*,#1840,.F.);
#1256=ORIENTED_EDGE('',*,*,#1834,.F.);
#1257=ORIENTED_EDGE('',*,*,#1690,.F.);
#1258=ORIENTED_EDGE('',*,*,#2060,.F.);
#1259=ORIENTED_EDGE('',*,*,#2061,.F.);
#1260=ORIENTED_EDGE('',*,*,#2057,.T.);
#1261=ORIENTED_EDGE('',*,*,#1826,.F.);
#1262=ORIENTED_EDGE('',*,*,#1820,.F.);
#1263=ORIENTED_EDGE('',*,*,#1812,.F.);
#1264=ORIENTED_EDGE('',*,*,#1803,.F.);
#1265=ORIENTED_EDGE('',*,*,#1689,.F.);
#1266=ORIENTED_EDGE('',*,*,#2062,.F.);
#1267=ORIENTED_EDGE('',*,*,#2063,.F.);
#1268=ORIENTED_EDGE('',*,*,#2060,.T.);
#1269=ORIENTED_EDGE('',*,*,#1688,.F.);
#1270=ORIENTED_EDGE('',*,*,#2064,.F.);
#1271=ORIENTED_EDGE('',*,*,#2065,.F.);
#1272=ORIENTED_EDGE('',*,*,#2062,.T.);
#1273=ORIENTED_EDGE('',*,*,#1687,.F.);
#1274=ORIENTED_EDGE('',*,*,#2066,.F.);
#1275=ORIENTED_EDGE('',*,*,#2067,.F.);
#1276=ORIENTED_EDGE('',*,*,#2064,.T.);
#1277=ORIENTED_EDGE('',*,*,#1686,.F.);
#1278=ORIENTED_EDGE('',*,*,#1807,.F.);
#1279=ORIENTED_EDGE('',*,*,#1816,.F.);
#1280=ORIENTED_EDGE('',*,*,#2068,.F.);
#1281=ORIENTED_EDGE('',*,*,#2069,.F.);
#1282=ORIENTED_EDGE('',*,*,#2066,.T.);
#1283=ORIENTED_EDGE('',*,*,#1684,.F.);
#1284=ORIENTED_EDGE('',*,*,#2070,.F.);
#1285=ORIENTED_EDGE('',*,*,#2071,.F.);
#1286=ORIENTED_EDGE('',*,*,#2068,.T.);
#1287=ORIENTED_EDGE('',*,*,#1815,.F.);
#1288=ORIENTED_EDGE('',*,*,#1808,.F.);
#1289=ORIENTED_EDGE('',*,*,#1683,.F.);
#1290=ORIENTED_EDGE('',*,*,#2072,.F.);
#1291=ORIENTED_EDGE('',*,*,#2073,.F.);
#1292=ORIENTED_EDGE('',*,*,#2070,.T.);
#1293=ORIENTED_EDGE('',*,*,#1682,.F.);
#1294=ORIENTED_EDGE('',*,*,#2074,.F.);
#1295=ORIENTED_EDGE('',*,*,#2075,.F.);
#1296=ORIENTED_EDGE('',*,*,#2072,.T.);
#1297=ORIENTED_EDGE('',*,*,#1681,.F.);
#1298=ORIENTED_EDGE('',*,*,#2076,.F.);
#1299=ORIENTED_EDGE('',*,*,#2077,.F.);
#1300=ORIENTED_EDGE('',*,*,#2074,.T.);
#1301=ORIENTED_EDGE('',*,*,#1680,.F.);
#1302=ORIENTED_EDGE('',*,*,#1810,.F.);
#1303=ORIENTED_EDGE('',*,*,#1818,.F.);
#1304=ORIENTED_EDGE('',*,*,#1824,.F.);
#1305=ORIENTED_EDGE('',*,*,#1831,.F.);
#1306=ORIENTED_EDGE('',*,*,#2078,.F.);
#1307=ORIENTED_EDGE('',*,*,#2079,.F.);
#1308=ORIENTED_EDGE('',*,*,#2076,.T.);
#1309=ORIENTED_EDGE('',*,*,#1830,.F.);
#1310=ORIENTED_EDGE('',*,*,#1838,.F.);
#1311=ORIENTED_EDGE('',*,*,#1844,.F.);
#1312=ORIENTED_EDGE('',*,*,#1853,.F.);
#1313=ORIENTED_EDGE('',*,*,#1714,.F.);
#1314=ORIENTED_EDGE('',*,*,#2080,.F.);
#1315=ORIENTED_EDGE('',*,*,#2081,.F.);
#1316=ORIENTED_EDGE('',*,*,#2078,.T.);
#1317=ORIENTED_EDGE('',*,*,#1713,.F.);
#1318=ORIENTED_EDGE('',*,*,#2082,.F.);
#1319=ORIENTED_EDGE('',*,*,#2083,.F.);
#1320=ORIENTED_EDGE('',*,*,#2080,.T.);
#1321=ORIENTED_EDGE('',*,*,#1712,.F.);
#1322=ORIENTED_EDGE('',*,*,#2084,.F.);
#1323=ORIENTED_EDGE('',*,*,#2085,.F.);
#1324=ORIENTED_EDGE('',*,*,#2082,.T.);
#1325=ORIENTED_EDGE('',*,*,#1711,.F.);
#1326=ORIENTED_EDGE('',*,*,#2086,.F.);
#1327=ORIENTED_EDGE('',*,*,#2087,.F.);
#1328=ORIENTED_EDGE('',*,*,#2084,.T.);
#1329=ORIENTED_EDGE('',*,*,#1849,.F.);
#1330=ORIENTED_EDGE('',*,*,#2088,.F.);
#1331=ORIENTED_EDGE('',*,*,#2089,.F.);
#1332=ORIENTED_EDGE('',*,*,#2086,.T.);
#1333=ORIENTED_EDGE('',*,*,#1710,.F.);
#1334=ORIENTED_EDGE('',*,*,#1855,.F.);
#1335=ORIENTED_EDGE('',*,*,#1848,.F.);
#1336=ORIENTED_EDGE('',*,*,#1856,.F.);
#1337=ORIENTED_EDGE('',*,*,#1708,.F.);
#1338=ORIENTED_EDGE('',*,*,#2090,.F.);
#1339=ORIENTED_EDGE('',*,*,#2091,.F.);
#1340=ORIENTED_EDGE('',*,*,#2088,.T.);
#1341=ORIENTED_EDGE('',*,*,#1707,.F.);
#1342=ORIENTED_EDGE('',*,*,#2092,.F.);
#1343=ORIENTED_EDGE('',*,*,#2093,.F.);
#1344=ORIENTED_EDGE('',*,*,#2090,.T.);
#1345=ORIENTED_EDGE('',*,*,#1706,.F.);
#1346=ORIENTED_EDGE('',*,*,#2094,.F.);
#1347=ORIENTED_EDGE('',*,*,#2095,.F.);
#1348=ORIENTED_EDGE('',*,*,#2092,.T.);
#1349=ORIENTED_EDGE('',*,*,#1705,.F.);
#1350=ORIENTED_EDGE('',*,*,#2059,.F.);
#1351=ORIENTED_EDGE('',*,*,#2096,.F.);
#1352=ORIENTED_EDGE('',*,*,#2094,.T.);
#1353=ORIENTED_EDGE('',*,*,#2058,.T.);
#1354=ORIENTED_EDGE('',*,*,#2061,.T.);
#1355=ORIENTED_EDGE('',*,*,#2063,.T.);
#1356=ORIENTED_EDGE('',*,*,#2065,.T.);
#1357=ORIENTED_EDGE('',*,*,#2067,.T.);
#1358=ORIENTED_EDGE('',*,*,#2069,.T.);
#1359=ORIENTED_EDGE('',*,*,#2071,.T.);
#1360=ORIENTED_EDGE('',*,*,#2073,.T.);
#1361=ORIENTED_EDGE('',*,*,#2075,.T.);
#1362=ORIENTED_EDGE('',*,*,#2077,.T.);
#1363=ORIENTED_EDGE('',*,*,#2079,.T.);
#1364=ORIENTED_EDGE('',*,*,#2081,.T.);
#1365=ORIENTED_EDGE('',*,*,#2083,.T.);
#1366=ORIENTED_EDGE('',*,*,#2085,.T.);
#1367=ORIENTED_EDGE('',*,*,#2087,.T.);
#1368=ORIENTED_EDGE('',*,*,#2089,.T.);
#1369=ORIENTED_EDGE('',*,*,#2091,.T.);
#1370=ORIENTED_EDGE('',*,*,#2093,.T.);
#1371=ORIENTED_EDGE('',*,*,#2095,.T.);
#1372=ORIENTED_EDGE('',*,*,#2096,.T.);
#1373=ORIENTED_EDGE('',*,*,#2097,.T.);
#1374=ORIENTED_EDGE('',*,*,#2098,.T.);
#1375=ORIENTED_EDGE('',*,*,#2099,.T.);
#1376=ORIENTED_EDGE('',*,*,#2100,.T.);
#1377=ORIENTED_EDGE('',*,*,#2101,.T.);
#1378=ORIENTED_EDGE('',*,*,#2102,.T.);
#1379=ORIENTED_EDGE('',*,*,#2103,.T.);
#1380=ORIENTED_EDGE('',*,*,#2104,.T.);
#1381=ORIENTED_EDGE('',*,*,#2105,.T.);
#1382=ORIENTED_EDGE('',*,*,#2106,.F.);
#1383=ORIENTED_EDGE('',*,*,#2107,.F.);
#1384=ORIENTED_EDGE('',*,*,#2108,.F.);
#1385=ORIENTED_EDGE('',*,*,#2109,.F.);
#1386=ORIENTED_EDGE('',*,*,#1725,.F.);
#1387=ORIENTED_EDGE('',*,*,#2110,.F.);
#1388=ORIENTED_EDGE('',*,*,#2097,.F.);
#1389=ORIENTED_EDGE('',*,*,#2111,.T.);
#1390=ORIENTED_EDGE('',*,*,#1761,.F.);
#1391=ORIENTED_EDGE('',*,*,#1772,.F.);
#1392=ORIENTED_EDGE('',*,*,#1724,.F.);
#1393=ORIENTED_EDGE('',*,*,#1801,.F.);
#1394=ORIENTED_EDGE('',*,*,#1796,.F.);
#1395=ORIENTED_EDGE('',*,*,#1791,.F.);
#1396=ORIENTED_EDGE('',*,*,#1785,.F.);
#1397=ORIENTED_EDGE('',*,*,#2112,.F.);
#1398=ORIENTED_EDGE('',*,*,#2098,.F.);
#1399=ORIENTED_EDGE('',*,*,#2110,.T.);
#1400=ORIENTED_EDGE('',*,*,#1672,.F.);
#1401=ORIENTED_EDGE('',*,*,#2113,.F.);
#1402=ORIENTED_EDGE('',*,*,#2099,.F.);
#1403=ORIENTED_EDGE('',*,*,#2112,.T.);
#1404=ORIENTED_EDGE('',*,*,#1784,.F.);
#1405=ORIENTED_EDGE('',*,*,#1781,.F.);
#1406=ORIENTED_EDGE('',*,*,#1778,.F.);
#1407=ORIENTED_EDGE('',*,*,#1775,.F.);
#1408=ORIENTED_EDGE('',*,*,#1671,.F.);
#1409=ORIENTED_EDGE('',*,*,#1728,.F.);
#1410=ORIENTED_EDGE('',*,*,#1735,.F.);
#1411=ORIENTED_EDGE('',*,*,#2114,.F.);
#1412=ORIENTED_EDGE('',*,*,#2100,.F.);
#1413=ORIENTED_EDGE('',*,*,#2113,.T.);
#1414=ORIENTED_EDGE('',*,*,#1734,.F.);
#1415=ORIENTED_EDGE('',*,*,#1741,.F.);
#1416=ORIENTED_EDGE('',*,*,#1748,.F.);
#1417=ORIENTED_EDGE('',*,*,#1755,.F.);
#1418=ORIENTED_EDGE('',*,*,#1767,.F.);
#1419=ORIENTED_EDGE('',*,*,#2115,.F.);
#1420=ORIENTED_EDGE('',*,*,#2101,.F.);
#1421=ORIENTED_EDGE('',*,*,#2114,.T.);
#1422=ORIENTED_EDGE('',*,*,#1789,.F.);
#1423=ORIENTED_EDGE('',*,*,#2116,.F.);
#1424=ORIENTED_EDGE('',*,*,#2102,.F.);
#1425=ORIENTED_EDGE('',*,*,#2115,.T.);
#1426=ORIENTED_EDGE('',*,*,#1766,.F.);
#1427=ORIENTED_EDGE('',*,*,#1794,.F.);
#1428=ORIENTED_EDGE('',*,*,#1788,.F.);
#1429=ORIENTED_EDGE('',*,*,#1795,.F.);
#1430=ORIENTED_EDGE('',*,*,#1764,.F.);
#1431=ORIENTED_EDGE('',*,*,#2117,.F.);
#1432=ORIENTED_EDGE('',*,*,#2103,.F.);
#1433=ORIENTED_EDGE('',*,*,#2116,.T.);
#1434=ORIENTED_EDGE('',*,*,#1763,.F.);
#1435=ORIENTED_EDGE('',*,*,#2118,.F.);
#1436=ORIENTED_EDGE('',*,*,#2104,.F.);
#1437=ORIENTED_EDGE('',*,*,#2117,.T.);
#1438=ORIENTED_EDGE('',*,*,#1762,.F.);
#1439=ORIENTED_EDGE('',*,*,#2111,.F.);
#1440=ORIENTED_EDGE('',*,*,#2105,.F.);
#1441=ORIENTED_EDGE('',*,*,#2118,.T.);
#1442=ORIENTED_EDGE('',*,*,#2119,.T.);
#1443=ORIENTED_EDGE('',*,*,#2120,.T.);
#1444=ORIENTED_EDGE('',*,*,#2121,.T.);
#1445=ORIENTED_EDGE('',*,*,#2122,.T.);
#1446=ORIENTED_EDGE('',*,*,#2123,.F.);
#1447=ORIENTED_EDGE('',*,*,#2107,.T.);
#1448=ORIENTED_EDGE('',*,*,#2124,.T.);
#1449=ORIENTED_EDGE('',*,*,#2125,.T.);
#1450=ORIENTED_EDGE('',*,*,#2126,.T.);
#1451=ORIENTED_EDGE('',*,*,#2127,.T.);
#1452=ORIENTED_EDGE('',*,*,#2119,.F.);
#1453=ORIENTED_EDGE('',*,*,#2106,.T.);
#1454=ORIENTED_EDGE('',*,*,#2128,.T.);
#1455=ORIENTED_EDGE('',*,*,#2129,.T.);
#1456=ORIENTED_EDGE('',*,*,#2124,.F.);
#1457=ORIENTED_EDGE('',*,*,#2109,.T.);
#1458=ORIENTED_EDGE('',*,*,#2130,.T.);
#1459=ORIENTED_EDGE('',*,*,#2131,.T.);
#1460=ORIENTED_EDGE('',*,*,#2132,.T.);
#1461=ORIENTED_EDGE('',*,*,#2133,.T.);
#1462=ORIENTED_EDGE('',*,*,#2130,.F.);
#1463=ORIENTED_EDGE('',*,*,#2108,.T.);
#1464=ORIENTED_EDGE('',*,*,#2123,.T.);
#1465=ORIENTED_EDGE('',*,*,#2134,.T.);
#1466=ORIENTED_EDGE('',*,*,#2122,.F.);
#1467=ORIENTED_EDGE('',*,*,#2135,.T.);
#1468=ORIENTED_EDGE('',*,*,#2134,.F.);
#1469=ORIENTED_EDGE('',*,*,#2121,.F.);
#1470=ORIENTED_EDGE('',*,*,#2136,.T.);
#1471=ORIENTED_EDGE('',*,*,#2132,.F.);
#1472=ORIENTED_EDGE('',*,*,#2135,.F.);
#1473=ORIENTED_EDGE('',*,*,#2120,.F.);
#1474=ORIENTED_EDGE('',*,*,#2127,.F.);
#1475=ORIENTED_EDGE('',*,*,#2137,.T.);
#1476=ORIENTED_EDGE('',*,*,#2131,.F.);
#1477=ORIENTED_EDGE('',*,*,#2133,.F.);
#1478=ORIENTED_EDGE('',*,*,#2136,.F.);
#1479=ORIENTED_EDGE('',*,*,#2126,.F.);
#1480=ORIENTED_EDGE('',*,*,#2138,.T.);
#1481=ORIENTED_EDGE('',*,*,#2128,.F.);
#1482=ORIENTED_EDGE('',*,*,#2137,.F.);
#1483=ORIENTED_EDGE('',*,*,#2125,.F.);
#1484=ORIENTED_EDGE('',*,*,#2129,.F.);
#1485=ORIENTED_EDGE('',*,*,#2138,.F.);
#1486=ORIENTED_EDGE('',*,*,#2139,.T.);
#1487=ORIENTED_EDGE('',*,*,#2140,.T.);
#1488=ORIENTED_EDGE('',*,*,#2141,.T.);
#1489=ORIENTED_EDGE('',*,*,#2142,.T.);
#1490=ORIENTED_EDGE('',*,*,#2143,.F.);
#1491=ORIENTED_EDGE('',*,*,#2144,.F.);
#1492=ORIENTED_EDGE('',*,*,#2145,.F.);
#1493=ORIENTED_EDGE('',*,*,#2146,.F.);
#1494=ORIENTED_EDGE('',*,*,#1697,.F.);
#1495=ORIENTED_EDGE('',*,*,#1771,.F.);
#1496=ORIENTED_EDGE('',*,*,#1759,.F.);
#1497=ORIENTED_EDGE('',*,*,#1753,.F.);
#1498=ORIENTED_EDGE('',*,*,#1746,.F.);
#1499=ORIENTED_EDGE('',*,*,#2147,.F.);
#1500=ORIENTED_EDGE('',*,*,#2139,.F.);
#1501=ORIENTED_EDGE('',*,*,#2148,.T.);
#1502=ORIENTED_EDGE('',*,*,#1669,.F.);
#1503=ORIENTED_EDGE('',*,*,#2149,.F.);
#1504=ORIENTED_EDGE('',*,*,#2140,.F.);
#1505=ORIENTED_EDGE('',*,*,#2147,.T.);
#1506=ORIENTED_EDGE('',*,*,#1745,.F.);
#1507=ORIENTED_EDGE('',*,*,#1739,.F.);
#1508=ORIENTED_EDGE('',*,*,#1732,.F.);
#1509=ORIENTED_EDGE('',*,*,#1726,.F.);
#1510=ORIENTED_EDGE('',*,*,#1668,.F.);
#1511=ORIENTED_EDGE('',*,*,#1730,.F.);
#1512=ORIENTED_EDGE('',*,*,#1737,.F.);
#1513=ORIENTED_EDGE('',*,*,#1743,.F.);
#1514=ORIENTED_EDGE('',*,*,#1750,.F.);
#1515=ORIENTED_EDGE('',*,*,#2150,.F.);
#1516=ORIENTED_EDGE('',*,*,#2141,.F.);
#1517=ORIENTED_EDGE('',*,*,#2149,.T.);
#1518=ORIENTED_EDGE('',*,*,#1698,.F.);
#1519=ORIENTED_EDGE('',*,*,#2148,.F.);
#1520=ORIENTED_EDGE('',*,*,#2142,.F.);
#1521=ORIENTED_EDGE('',*,*,#2150,.T.);
#1522=ORIENTED_EDGE('',*,*,#1749,.F.);
#1523=ORIENTED_EDGE('',*,*,#1757,.F.);
#1524=ORIENTED_EDGE('',*,*,#1769,.F.);
#1525=ORIENTED_EDGE('',*,*,#1773,.F.);
#1526=ORIENTED_EDGE('',*,*,#2151,.T.);
#1527=ORIENTED_EDGE('',*,*,#2152,.T.);
#1528=ORIENTED_EDGE('',*,*,#2153,.F.);
#1529=ORIENTED_EDGE('',*,*,#2144,.T.);
#1530=ORIENTED_EDGE('',*,*,#2154,.T.);
#1531=ORIENTED_EDGE('',*,*,#2155,.T.);
#1532=ORIENTED_EDGE('',*,*,#2156,.T.);
#1533=ORIENTED_EDGE('',*,*,#2157,.T.);
#1534=ORIENTED_EDGE('',*,*,#2158,.T.);
#1535=ORIENTED_EDGE('',*,*,#2159,.T.);
#1536=ORIENTED_EDGE('',*,*,#2154,.F.);
#1537=ORIENTED_EDGE('',*,*,#2143,.T.);
#1538=ORIENTED_EDGE('',*,*,#2160,.T.);
#1539=ORIENTED_EDGE('',*,*,#2161,.T.);
#1540=ORIENTED_EDGE('',*,*,#2162,.T.);
#1541=ORIENTED_EDGE('',*,*,#2163,.T.);
#1542=ORIENTED_EDGE('',*,*,#2164,.T.);
#1543=ORIENTED_EDGE('',*,*,#2165,.T.);
#1544=ORIENTED_EDGE('',*,*,#2156,.F.);
#1545=ORIENTED_EDGE('',*,*,#2146,.T.);
#1546=ORIENTED_EDGE('',*,*,#2166,.T.);
#1547=ORIENTED_EDGE('',*,*,#2167,.T.);
#1548=ORIENTED_EDGE('',*,*,#2160,.F.);
#1549=ORIENTED_EDGE('',*,*,#2145,.T.);
#1550=ORIENTED_EDGE('',*,*,#2153,.T.);
#1551=ORIENTED_EDGE('',*,*,#2168,.T.);
#1552=ORIENTED_EDGE('',*,*,#2169,.T.);
#1553=ORIENTED_EDGE('',*,*,#2170,.T.);
#1554=ORIENTED_EDGE('',*,*,#2155,.F.);
#1555=ORIENTED_EDGE('',*,*,#2159,.F.);
#1556=ORIENTED_EDGE('',*,*,#2171,.T.);
#1557=ORIENTED_EDGE('',*,*,#2151,.F.);
#1558=ORIENTED_EDGE('',*,*,#2171,.F.);
#1559=ORIENTED_EDGE('',*,*,#2158,.F.);
#1560=ORIENTED_EDGE('',*,*,#2172,.T.);
#1561=ORIENTED_EDGE('',*,*,#2157,.F.);
#1562=ORIENTED_EDGE('',*,*,#2165,.F.);
#1563=ORIENTED_EDGE('',*,*,#2173,.T.);
#1564=ORIENTED_EDGE('',*,*,#2168,.F.);
#1565=ORIENTED_EDGE('',*,*,#2152,.F.);
#1566=ORIENTED_EDGE('',*,*,#2172,.F.);
#1567=ORIENTED_EDGE('',*,*,#2164,.F.);
#1568=ORIENTED_EDGE('',*,*,#2174,.T.);
#1569=ORIENTED_EDGE('',*,*,#2169,.F.);
#1570=ORIENTED_EDGE('',*,*,#2173,.F.);
#1571=ORIENTED_EDGE('',*,*,#2163,.F.);
#1572=ORIENTED_EDGE('',*,*,#2175,.T.);
#1573=ORIENTED_EDGE('',*,*,#2170,.F.);
#1574=ORIENTED_EDGE('',*,*,#2174,.F.);
#1575=ORIENTED_EDGE('',*,*,#2162,.F.);
#1576=ORIENTED_EDGE('',*,*,#2176,.T.);
#1577=ORIENTED_EDGE('',*,*,#2166,.F.);
#1578=ORIENTED_EDGE('',*,*,#2175,.F.);
#1579=ORIENTED_EDGE('',*,*,#2161,.F.);
#1580=ORIENTED_EDGE('',*,*,#2167,.F.);
#1581=ORIENTED_EDGE('',*,*,#2176,.F.);
#1582=EDGE_CURVE('',#2177,#2178,#2578,.F.);
#1583=EDGE_CURVE('',#2179,#2177,#312,.T.);
#1584=EDGE_CURVE('',#2180,#2179,#2579,.T.);
#1585=EDGE_CURVE('',#2180,#2178,#313,.F.);
#1586=EDGE_CURVE('',#2181,#2181,#314,.T.);
#1587=EDGE_CURVE('',#2179,#2182,#2580,.T.);
#1588=EDGE_CURVE('',#2183,#2177,#2581,.T.);
#1589=EDGE_CURVE('',#2182,#2183,#315,.T.);
#1590=EDGE_CURVE('',#2184,#2183,#2582,.T.);
#1591=EDGE_CURVE('',#2184,#2185,#316,.T.);
#1592=EDGE_CURVE('',#2182,#2185,#2583,.F.);
#1593=EDGE_CURVE('',#2186,#2186,#317,.T.);
#1594=EDGE_CURVE('',#2188,#2189,#2584,.T.);
#1595=EDGE_CURVE('',#2190,#2188,#318,.T.);
#1596=EDGE_CURVE('',#2191,#2190,#2585,.T.);
#1597=EDGE_CURVE('',#2189,#2191,#319,.T.);
#1598=EDGE_CURVE('',#2192,#2193,#2586,.T.);
#1599=EDGE_CURVE('',#2194,#2192,#320,.T.);
#1600=EDGE_CURVE('',#2195,#2194,#2587,.T.);
#1601=EDGE_CURVE('',#2193,#2195,#321,.T.);
#1602=EDGE_CURVE('',#2196,#2197,#2588,.T.);
#1603=EDGE_CURVE('',#2198,#2196,#322,.T.);
#1604=EDGE_CURVE('',#2199,#2198,#2589,.T.);
#1605=EDGE_CURVE('',#2197,#2199,#323,.T.);
#1606=EDGE_CURVE('',#2200,#2201,#2590,.T.);
#1607=EDGE_CURVE('',#2202,#2200,#324,.T.);
#1608=EDGE_CURVE('',#2203,#2202,#2591,.T.);
#1609=EDGE_CURVE('',#2201,#2203,#325,.T.);
#1610=EDGE_CURVE('',#2203,#2204,#2592,.T.);
#1611=EDGE_CURVE('',#2204,#2205,#326,.F.);
#1612=EDGE_CURVE('',#2201,#2205,#2593,.T.);
#1613=EDGE_CURVE('',#2205,#2206,#78,.T.);
#1614=EDGE_CURVE('',#2207,#2206,#2594,.T.);
#1615=EDGE_CURVE('',#2207,#2208,#79,.T.);
#1616=EDGE_CURVE('',#2200,#2208,#2595,.T.);
#1617=EDGE_CURVE('',#2208,#2209,#327,.T.);
#1618=EDGE_CURVE('',#2202,#2209,#2596,.T.);
#1619=EDGE_CURVE('',#2210,#2211,#2597,.T.);
#1620=EDGE_CURVE('',#2210,#2204,#80,.T.);
#1621=EDGE_CURVE('',#2209,#2211,#81,.T.);
#1622=EDGE_CURVE('',#2199,#2212,#2598,.T.);
#1623=EDGE_CURVE('',#2212,#2213,#328,.F.);
#1624=EDGE_CURVE('',#2197,#2213,#2599,.T.);
#1625=EDGE_CURVE('',#2213,#2214,#82,.T.);
#1626=EDGE_CURVE('',#2215,#2214,#2600,.T.);
#1627=EDGE_CURVE('',#2215,#2216,#83,.T.);
#1628=EDGE_CURVE('',#2196,#2216,#2601,.T.);
#1629=EDGE_CURVE('',#2216,#2217,#329,.T.);
#1630=EDGE_CURVE('',#2198,#2217,#2602,.T.);
#1631=EDGE_CURVE('',#2218,#2219,#2603,.T.);
#1632=EDGE_CURVE('',#2218,#2212,#84,.T.);
#1633=EDGE_CURVE('',#2217,#2219,#85,.T.);
#1634=EDGE_CURVE('',#2195,#2220,#2604,.T.);
#1635=EDGE_CURVE('',#2220,#2221,#330,.F.);
#1636=EDGE_CURVE('',#2193,#2221,#2605,.T.);
#1637=EDGE_CURVE('',#2221,#2222,#86,.T.);
#1638=EDGE_CURVE('',#2223,#2222,#2606,.T.);
#1639=EDGE_CURVE('',#2223,#2224,#87,.T.);
#1640=EDGE_CURVE('',#2192,#2224,#2607,.T.);
#1641=EDGE_CURVE('',#2224,#2225,#331,.T.);
#1642=EDGE_CURVE('',#2194,#2225,#2608,.T.);
#1643=EDGE_CURVE('',#2226,#2227,#2609,.T.);
#1644=EDGE_CURVE('',#2226,#2220,#88,.T.);
#1645=EDGE_CURVE('',#2225,#2227,#89,.T.);
#1646=EDGE_CURVE('',#2191,#2228,#2610,.T.);
#1647=EDGE_CURVE('',#2228,#2229,#332,.F.);
#1648=EDGE_CURVE('',#2189,#2229,#2611,.T.);
#1649=EDGE_CURVE('',#2229,#2230,#90,.T.);
#1650=EDGE_CURVE('',#2231,#2230,#2612,.T.);
#1651=EDGE_CURVE('',#2231,#2232,#91,.T.);
#1652=EDGE_CURVE('',#2188,#2232,#2613,.T.);
#1653=EDGE_CURVE('',#2232,#2233,#333,.T.);
#1654=EDGE_CURVE('',#2190,#2233,#2614,.T.);
#1655=EDGE_CURVE('',#2234,#2235,#2615,.T.);
#1656=EDGE_CURVE('',#2234,#2228,#92,.T.);
#1657=EDGE_CURVE('',#2233,#2235,#93,.T.);
#1658=EDGE_CURVE('',#2230,#2234,#334,.T.);
#1659=EDGE_CURVE('',#2235,#2231,#335,.F.);
#1660=EDGE_CURVE('',#2222,#2226,#336,.T.);
#1661=EDGE_CURVE('',#2227,#2223,#337,.F.);
#1662=EDGE_CURVE('',#2214,#2218,#338,.T.);
#1663=EDGE_CURVE('',#2219,#2215,#339,.F.);
#1664=EDGE_CURVE('',#2206,#2210,#340,.T.);
#1665=EDGE_CURVE('',#2211,#2207,#341,.F.);
#1666=EDGE_CURVE('',#2184,#2178,#2616,.T.);
#1667=EDGE_CURVE('',#2180,#2185,#2617,.T.);
#1668=EDGE_CURVE('',#2236,#2237,#94,.T.);
#1669=EDGE_CURVE('',#2237,#2238,#95,.T.);
#1670=EDGE_CURVE('',#2239,#2238,#2618,.T.);
#1671=EDGE_CURVE('',#2239,#2240,#96,.T.);
#1672=EDGE_CURVE('',#2240,#2241,#97,.T.);
#1673=EDGE_CURVE('',#2242,#2241,#2619,.T.);
#1674=EDGE_CURVE('',#2242,#2243,#2620,.T.);
#1675=EDGE_CURVE('',#2243,#2244,#38,.F.);
#1676=EDGE_CURVE('',#2244,#2245,#2621,.T.);
#1677=EDGE_CURVE('',#2245,#2246,#39,.F.);
#1678=EDGE_CURVE('',#2246,#2247,#2622,.T.);
#1679=EDGE_CURVE('',#2248,#2247,#2623,.T.);
#1680=EDGE_CURVE('',#2248,#2249,#2624,.T.);
#1681=EDGE_CURVE('',#2249,#2250,#40,.F.);
#1682=EDGE_CURVE('',#2250,#2251,#2625,.T.);
#1683=EDGE_CURVE('',#2251,#2252,#41,.F.);
#1684=EDGE_CURVE('',#2252,#2253,#2626,.T.);
#1685=EDGE_CURVE('',#2254,#2253,#2627,.T.);
#1686=EDGE_CURVE('',#2254,#2255,#2628,.T.);
#1687=EDGE_CURVE('',#2255,#2256,#42,.F.);
#1688=EDGE_CURVE('',#2256,#2257,#2629,.T.);
#1689=EDGE_CURVE('',#2257,#2258,#43,.F.);
#1690=EDGE_CURVE('',#2258,#2259,#2630,.T.);
#1691=EDGE_CURVE('',#2260,#2259,#2631,.T.);
#1692=EDGE_CURVE('',#2260,#2261,#2632,.T.);
#1693=EDGE_CURVE('',#2261,#2262,#2633,.T.);
#1694=EDGE_CURVE('',#2263,#2262,#2634,.T.);
#1695=EDGE_CURVE('',#2236,#2263,#2635,.T.);
#1696=EDGE_CURVE('',#2264,#2265,#2636,.T.);
#1697=EDGE_CURVE('',#2265,#2266,#98,.T.);
#1698=EDGE_CURVE('',#2266,#2267,#99,.T.);
#1699=EDGE_CURVE('',#2267,#2268,#2637,.T.);
#1700=EDGE_CURVE('',#2269,#2268,#2638,.T.);
#1701=EDGE_CURVE('',#2270,#2269,#2639,.T.);
#1702=EDGE_CURVE('',#2270,#2271,#2640,.T.);
#1703=EDGE_CURVE('',#2271,#2272,#2641,.T.);
#1704=EDGE_CURVE('',#2272,#2273,#2642,.T.);
#1705=EDGE_CURVE('',#2273,#2274,#44,.F.);
#1706=EDGE_CURVE('',#2274,#2275,#2643,.T.);
#1707=EDGE_CURVE('',#2275,#2276,#45,.F.);
#1708=EDGE_CURVE('',#2276,#2277,#2644,.T.);
#1709=EDGE_CURVE('',#2277,#2278,#2645,.T.);
#1710=EDGE_CURVE('',#2278,#2279,#2646,.T.);
#1711=EDGE_CURVE('',#2279,#2280,#46,.F.);
#1712=EDGE_CURVE('',#2280,#2281,#2647,.T.);
#1713=EDGE_CURVE('',#2281,#2282,#47,.F.);
#1714=EDGE_CURVE('',#2282,#2283,#2648,.T.);
#1715=EDGE_CURVE('',#2283,#2284,#2649,.T.);
#1716=EDGE_CURVE('',#2284,#2285,#48,.F.);
#1717=EDGE_CURVE('',#2285,#2286,#2650,.T.);
#1718=EDGE_CURVE('',#2286,#2287,#49,.F.);
#1719=EDGE_CURVE('',#2287,#2288,#2651,.T.);
#1720=EDGE_CURVE('',#2288,#2289,#50,.F.);
#1721=EDGE_CURVE('',#2289,#2290,#2652,.T.);
#1722=EDGE_CURVE('',#2290,#2291,#51,.F.);
#1723=EDGE_CURVE('',#2291,#2292,#2653,.T.);
#1724=EDGE_CURVE('',#2292,#2293,#100,.T.);
#1725=EDGE_CURVE('',#2293,#2264,#101,.T.);
#1726=EDGE_CURVE('',#2238,#2294,#2654,.T.);
#1727=EDGE_CURVE('',#2295,#2294,#2655,.T.);
#1728=EDGE_CURVE('',#2295,#2239,#2656,.F.);
#1729=EDGE_CURVE('',#2296,#2297,#2657,.T.);
#1730=EDGE_CURVE('',#2296,#2236,#2658,.F.);
#1731=EDGE_CURVE('',#2297,#2263,#2659,.T.);
#1732=EDGE_CURVE('',#2294,#2298,#102,.T.);
#1733=EDGE_CURVE('',#2299,#2298,#2660,.T.);
#1734=EDGE_CURVE('',#2299,#2300,#103,.T.);
#1735=EDGE_CURVE('',#2300,#2295,#104,.T.);
#1736=EDGE_CURVE('',#2301,#2302,#2661,.T.);
#1737=EDGE_CURVE('',#2301,#2296,#105,.T.);
#1738=EDGE_CURVE('',#2302,#2297,#2662,.T.);
#1739=EDGE_CURVE('',#2298,#2303,#2663,.T.);
#1740=EDGE_CURVE('',#2304,#2303,#2664,.T.);
#1741=EDGE_CURVE('',#2304,#2299,#2665,.F.);
#1742=EDGE_CURVE('',#2305,#2306,#2666,.T.);
#1743=EDGE_CURVE('',#2305,#2301,#2667,.F.);
#1744=EDGE_CURVE('',#2306,#2302,#2668,.T.);
#1745=EDGE_CURVE('',#2303,#2307,#106,.T.);
#1746=EDGE_CURVE('',#2307,#2308,#107,.T.);
#1747=EDGE_CURVE('',#2309,#2308,#2669,.T.);
#1748=EDGE_CURVE('',#2309,#2304,#108,.T.);
#1749=EDGE_CURVE('',#2310,#2311,#109,.T.);
#1750=EDGE_CURVE('',#2311,#2305,#110,.T.);
#1751=EDGE_CURVE('',#2312,#2306,#2670,.T.);
#1752=EDGE_CURVE('',#2310,#2312,#2671,.T.);
#1753=EDGE_CURVE('',#2308,#2313,#2672,.T.);
#1754=EDGE_CURVE('',#2314,#2313,#2673,.T.);
#1755=EDGE_CURVE('',#2314,#2309,#2674,.F.);
#1756=EDGE_CURVE('',#2315,#2316,#2675,.T.);
#1757=EDGE_CURVE('',#2315,#2310,#2676,.F.);
#1758=EDGE_CURVE('',#2316,#2312,#2677,.T.);
#1759=EDGE_CURVE('',#2313,#2317,#111,.T.);
#1760=EDGE_CURVE('',#2318,#2317,#2678,.T.);
#1761=EDGE_CURVE('',#2318,#2319,#112,.T.);
#1762=EDGE_CURVE('',#2319,#2320,#2679,.T.);
#1763=EDGE_CURVE('',#2320,#2321,#113,.T.);
#1764=EDGE_CURVE('',#2321,#2322,#114,.T.);
#1765=EDGE_CURVE('',#2322,#2323,#2680,.T.);
#1766=EDGE_CURVE('',#2323,#2324,#115,.T.);
#1767=EDGE_CURVE('',#2324,#2314,#116,.T.);
#1768=EDGE_CURVE('',#2325,#2326,#2681,.T.);
#1769=EDGE_CURVE('',#2325,#2315,#117,.T.);
#1770=EDGE_CURVE('',#2326,#2316,#2682,.T.);
#1771=EDGE_CURVE('',#2317,#2265,#2683,.T.);
#1772=EDGE_CURVE('',#2264,#2318,#2684,.F.);
#1773=EDGE_CURVE('',#2267,#2325,#2685,.F.);
#1774=EDGE_CURVE('',#2268,#2326,#2686,.T.);
#1775=EDGE_CURVE('',#2241,#2327,#2687,.T.);
#1776=EDGE_CURVE('',#2328,#2327,#2688,.T.);
#1777=EDGE_CURVE('',#2328,#2242,#2689,.T.);
#1778=EDGE_CURVE('',#2327,#2329,#118,.T.);
#1779=EDGE_CURVE('',#2330,#2329,#2690,.T.);
#1780=EDGE_CURVE('',#2330,#2328,#2691,.T.);
#1781=EDGE_CURVE('',#2329,#2331,#2692,.T.);
#1782=EDGE_CURVE('',#2332,#2331,#2693,.T.);
#1783=EDGE_CURVE('',#2332,#2330,#2694,.T.);
#1784=EDGE_CURVE('',#2331,#2333,#119,.T.);
#1785=EDGE_CURVE('',#2333,#2334,#120,.T.);
#1786=EDGE_CURVE('',#2335,#2334,#2695,.T.);
#1787=EDGE_CURVE('',#2335,#2332,#2696,.T.);
#1788=EDGE_CURVE('',#2336,#2337,#121,.T.);
#1789=EDGE_CURVE('',#2337,#2338,#122,.T.);
#1790=EDGE_CURVE('',#2336,#2338,#2697,.T.);
#1791=EDGE_CURVE('',#2334,#2339,#2698,.T.);
#1792=EDGE_CURVE('',#2340,#2339,#2699,.T.);
#1793=EDGE_CURVE('',#2340,#2335,#2700,.T.);
#1794=EDGE_CURVE('',#2338,#2323,#2701,.T.);
#1795=EDGE_CURVE('',#2322,#2336,#2702,.F.);
#1796=EDGE_CURVE('',#2339,#2341,#123,.T.);
#1797=EDGE_CURVE('',#2342,#2341,#2703,.T.);
#1798=EDGE_CURVE('',#2342,#2343,#52,.F.);
#1799=EDGE_CURVE('',#2343,#2344,#2704,.T.);
#1800=EDGE_CURVE('',#2344,#2340,#2705,.T.);
#1801=EDGE_CURVE('',#2341,#2292,#2706,.T.);
#1802=EDGE_CURVE('',#2291,#2342,#2707,.F.);
#1803=EDGE_CURVE('',#2259,#2345,#2708,.T.);
#1804=EDGE_CURVE('',#2346,#2345,#2709,.T.);
#1805=EDGE_CURVE('',#2346,#2260,#2710,.T.);
#1806=EDGE_CURVE('',#2347,#2348,#2711,.T.);
#1807=EDGE_CURVE('',#2347,#2254,#2712,.T.);
#1808=EDGE_CURVE('',#2253,#2348,#2713,.T.);
#1809=EDGE_CURVE('',#2349,#2350,#2714,.T.);
#1810=EDGE_CURVE('',#2349,#2248,#2715,.T.);
#1811=EDGE_CURVE('',#2247,#2350,#2716,.T.);
#1812=EDGE_CURVE('',#2345,#2351,#2717,.T.);
#1813=EDGE_CURVE('',#2352,#2351,#2718,.T.);
#1814=EDGE_CURVE('',#2352,#2346,#2719,.T.);
#1815=EDGE_CURVE('',#2348,#2353,#2720,.T.);
#1816=EDGE_CURVE('',#2353,#2347,#2721,.T.);
#1817=EDGE_CURVE('',#2354,#2355,#2722,.T.);
#1818=EDGE_CURVE('',#2354,#2349,#2723,.T.);
#1819=EDGE_CURVE('',#2350,#2355,#2724,.T.);
#1820=EDGE_CURVE('',#2351,#2356,#2725,.T.);
#1821=EDGE_CURVE('',#2357,#2356,#2726,.T.);
#1822=EDGE_CURVE('',#2357,#2352,#2727,.T.);
#1823=EDGE_CURVE('',#2358,#2359,#2728,.T.);
#1824=EDGE_CURVE('',#2358,#2354,#2729,.T.);
#1825=EDGE_CURVE('',#2355,#2359,#2730,.T.);
#1826=EDGE_CURVE('',#2356,#2360,#2731,.T.);
#1827=EDGE_CURVE('',#2360,#2361,#2732,.T.);
#1828=EDGE_CURVE('',#2362,#2361,#2733,.T.);
#1829=EDGE_CURVE('',#2362,#2357,#2734,.T.);
#1830=EDGE_CURVE('',#2363,#2364,#2735,.T.);
#1831=EDGE_CURVE('',#2364,#2358,#2736,.T.);
#1832=EDGE_CURVE('',#2359,#2365,#2737,.T.);
#1833=EDGE_CURVE('',#2363,#2365,#2738,.T.);
#1834=EDGE_CURVE('',#2361,#2366,#2739,.T.);
#1835=EDGE_CURVE('',#2367,#2366,#2740,.T.);
#1836=EDGE_CURVE('',#2367,#2362,#2741,.T.);
#1837=EDGE_CURVE('',#2368,#2369,#2742,.T.);
#1838=EDGE_CURVE('',#2368,#2363,#2743,.T.);
#1839=EDGE_CURVE('',#2365,#2369,#2744,.T.);
#1840=EDGE_CURVE('',#2366,#2370,#2745,.T.);
#1841=EDGE_CURVE('',#2371,#2370,#2746,.T.);
#1842=EDGE_CURVE('',#2371,#2367,#2747,.T.);
#1843=EDGE_CURVE('',#2372,#2373,#2748,.T.);
#1844=EDGE_CURVE('',#2372,#2368,#2749,.T.);
#1845=EDGE_CURVE('',#2369,#2374,#2750,.T.);
#1846=EDGE_CURVE('',#2374,#2375,#2751,.T.);
#1847=EDGE_CURVE('',#2375,#2373,#53,.F.);
#1848=EDGE_CURVE('',#2376,#2377,#2752,.T.);
#1849=EDGE_CURVE('',#2377,#2378,#2753,.T.);
#1850=EDGE_CURVE('',#2376,#2378,#2754,.T.);
#1851=EDGE_CURVE('',#2370,#2272,#2755,.T.);
#1852=EDGE_CURVE('',#2271,#2371,#2756,.T.);
#1853=EDGE_CURVE('',#2283,#2372,#2757,.T.);
#1854=EDGE_CURVE('',#2373,#2284,#2758,.T.);
#1855=EDGE_CURVE('',#2378,#2278,#2759,.T.);
#1856=EDGE_CURVE('',#2277,#2376,#2760,.T.);
#1857=EDGE_CURVE('',#2379,#2380,#2761,.T.);
#1858=EDGE_CURVE('',#2381,#2380,#2762,.T.);
#1859=EDGE_CURVE('',#2382,#2381,#2763,.T.);
#1860=EDGE_CURVE('',#2382,#2379,#2764,.T.);
#1861=EDGE_CURVE('',#2383,#2384,#342,.T.);
#1862=EDGE_CURVE('',#2384,#2385,#2765,.T.);
#1863=EDGE_CURVE('',#2385,#2386,#343,.T.);
#1864=EDGE_CURVE('',#2386,#2387,#2766,.T.);
#1865=EDGE_CURVE('',#2387,#2388,#344,.T.);
#1866=EDGE_CURVE('',#2388,#2389,#2767,.T.);
#1867=EDGE_CURVE('',#2389,#2390,#345,.T.);
#1868=EDGE_CURVE('',#2390,#2383,#2768,.T.);
#1869=EDGE_CURVE('',#2391,#2392,#2769,.T.);
#1870=EDGE_CURVE('',#2393,#2391,#2770,.T.);
#1871=EDGE_CURVE('',#2393,#2394,#2771,.T.);
#1872=EDGE_CURVE('',#2394,#2392,#2772,.T.);
#1873=EDGE_CURVE('',#2395,#2396,#2773,.T.);
#1874=EDGE_CURVE('',#2397,#2396,#2774,.T.);
#1875=EDGE_CURVE('',#2398,#2397,#2775,.T.);
#1876=EDGE_CURVE('',#2398,#2395,#2776,.T.);
#1877=EDGE_CURVE('',#2380,#2399,#2777,.T.);
#1878=EDGE_CURVE('',#2400,#2399,#2778,.T.);
#1879=EDGE_CURVE('',#2381,#2400,#2779,.T.);
#1880=EDGE_CURVE('',#2401,#2402,#346,.T.);
#1881=EDGE_CURVE('',#2403,#2401,#2780,.T.);
#1882=EDGE_CURVE('',#2404,#2403,#347,.T.);
#1883=EDGE_CURVE('',#2405,#2404,#2781,.T.);
#1884=EDGE_CURVE('',#2406,#2405,#348,.T.);
#1885=EDGE_CURVE('',#2407,#2406,#2782,.T.);
#1886=EDGE_CURVE('',#2408,#2407,#349,.T.);
#1887=EDGE_CURVE('',#2409,#2408,#2783,.T.);
#1888=EDGE_CURVE('',#2410,#2409,#350,.T.);
#1889=EDGE_CURVE('',#2411,#2410,#2784,.T.);
#1890=EDGE_CURVE('',#2412,#2411,#351,.T.);
#1891=EDGE_CURVE('',#2413,#2412,#2785,.T.);
#1892=EDGE_CURVE('',#2414,#2413,#352,.T.);
#1893=EDGE_CURVE('',#2415,#2414,#2786,.T.);
#1894=EDGE_CURVE('',#2416,#2415,#353,.T.);
#1895=EDGE_CURVE('',#2417,#2416,#2787,.T.);
#1896=EDGE_CURVE('',#2418,#2417,#354,.T.);
#1897=EDGE_CURVE('',#2419,#2418,#2788,.T.);
#1898=EDGE_CURVE('',#2420,#2419,#355,.T.);
#1899=EDGE_CURVE('',#2421,#2420,#2789,.T.);
#1900=EDGE_CURVE('',#2422,#2421,#356,.T.);
#1901=EDGE_CURVE('',#2423,#2422,#2790,.T.);
#1902=EDGE_CURVE('',#2424,#2423,#357,.T.);
#1903=EDGE_CURVE('',#2402,#2424,#2791,.T.);
#1904=EDGE_CURVE('',#2425,#2426,#2792,.T.);
#1905=EDGE_CURVE('',#2427,#2425,#2793,.T.);
#1906=EDGE_CURVE('',#2428,#2427,#2794,.T.);
#1907=EDGE_CURVE('',#2428,#2429,#2795,.T.);
#1908=EDGE_CURVE('',#2430,#2429,#2796,.T.);
#1909=EDGE_CURVE('',#2430,#2431,#2797,.T.);
#1910=EDGE_CURVE('',#2431,#2432,#2798,.T.);
#1911=EDGE_CURVE('',#2426,#2432,#2799,.T.);
#1912=EDGE_CURVE('',#2433,#2433,#358,.T.);
#1913=EDGE_CURVE('',#2434,#2434,#359,.T.);
#1914=EDGE_CURVE('',#2435,#2436,#2800,.T.);
#1915=EDGE_CURVE('',#2437,#2435,#2801,.T.);
#1916=EDGE_CURVE('',#2438,#2437,#2802,.T.);
#1917=EDGE_CURVE('',#2436,#2438,#2803,.T.);
#1918=EDGE_CURVE('',#2439,#2429,#2804,.T.);
#1919=EDGE_CURVE('',#2440,#2439,#2805,.T.);
#1920=EDGE_CURVE('',#2425,#2440,#2806,.T.);
#1921=EDGE_CURVE('',#2426,#2441,#2807,.T.);
#1922=EDGE_CURVE('',#2441,#2442,#2808,.T.);
#1923=EDGE_CURVE('',#2442,#2393,#2809,.T.);
#1924=EDGE_CURVE('',#2391,#2430,#2810,.T.);
#1925=EDGE_CURVE('',#2399,#2443,#2811,.T.);
#1926=EDGE_CURVE('',#2444,#2443,#2812,.T.);
#1927=EDGE_CURVE('',#2400,#2444,#2813,.T.);
#1928=EDGE_CURVE('',#2443,#2395,#2814,.T.);
#1929=EDGE_CURVE('',#2444,#2398,#2815,.T.);
#1930=EDGE_CURVE('',#2396,#2379,#2816,.T.);
#1931=EDGE_CURVE('',#2397,#2382,#2817,.T.);
#1932=EDGE_CURVE('',#2445,#2394,#2818,.T.);
#1933=EDGE_CURVE('',#2446,#2445,#2819,.T.);
#1934=EDGE_CURVE('',#2432,#2446,#2820,.T.);
#1935=EDGE_CURVE('',#2392,#2431,#2821,.T.);
#1936=EDGE_CURVE('',#2447,#2447,#360,.T.);
#1937=EDGE_CURVE('',#2448,#2448,#361,.T.);
#1938=EDGE_CURVE('',#2442,#2445,#2822,.T.);
#1939=EDGE_CURVE('',#2441,#2446,#2823,.T.);
#1940=EDGE_CURVE('',#2449,#2428,#2824,.T.);
#1941=EDGE_CURVE('',#2449,#2439,#2825,.T.);
#1942=EDGE_CURVE('',#2450,#2440,#2826,.T.);
#1943=EDGE_CURVE('',#2427,#2450,#2827,.T.);
#1944=EDGE_CURVE('',#2450,#2449,#2828,.T.);
#1945=EDGE_CURVE('',#2451,#2436,#2829,.T.);
#1946=EDGE_CURVE('',#2452,#2451,#2830,.T.);
#1947=EDGE_CURVE('',#2452,#2435,#2831,.T.);
#1948=EDGE_CURVE('',#2453,#2452,#2832,.T.);
#1949=EDGE_CURVE('',#2453,#2437,#2833,.T.);
#1950=EDGE_CURVE('',#2454,#2453,#2834,.T.);
#1951=EDGE_CURVE('',#2454,#2438,#2835,.T.);
#1952=EDGE_CURVE('',#2451,#2454,#2836,.T.);
#1953=EDGE_CURVE('',#2455,#2455,#362,.T.);
#1954=EDGE_CURVE('',#2456,#2456,#363,.T.);
#1955=EDGE_CURVE('',#2457,#2457,#364,.T.);
#1956=EDGE_CURVE('',#2458,#2458,#365,.T.);
#1957=EDGE_CURVE('',#2459,#2402,#2837,.T.);
#1958=EDGE_CURVE('',#2460,#2459,#366,.T.);
#1959=EDGE_CURVE('',#2460,#2401,#2838,.T.);
#1960=EDGE_CURVE('',#2461,#2424,#2839,.T.);
#1961=EDGE_CURVE('',#2459,#2461,#2840,.T.);
#1962=EDGE_CURVE('',#2462,#2423,#2841,.T.);
#1963=EDGE_CURVE('',#2461,#2462,#367,.T.);
#1964=EDGE_CURVE('',#2463,#2422,#2842,.T.);
#1965=EDGE_CURVE('',#2462,#2463,#2843,.T.);
#1966=EDGE_CURVE('',#2464,#2421,#2844,.T.);
#1967=EDGE_CURVE('',#2463,#2464,#368,.T.);
#1968=EDGE_CURVE('',#2465,#2420,#2845,.T.);
#1969=EDGE_CURVE('',#2464,#2465,#2846,.T.);
#1970=EDGE_CURVE('',#2466,#2419,#2847,.T.);
#1971=EDGE_CURVE('',#2465,#2466,#369,.T.);
#1972=EDGE_CURVE('',#2467,#2418,#2848,.T.);
#1973=EDGE_CURVE('',#2466,#2467,#2849,.T.);
#1974=EDGE_CURVE('',#2468,#2417,#2850,.T.);
#1975=EDGE_CURVE('',#2467,#2468,#370,.T.);
#1976=EDGE_CURVE('',#2469,#2416,#2851,.T.);
#1977=EDGE_CURVE('',#2468,#2469,#2852,.T.);
#1978=EDGE_CURVE('',#2470,#2415,#2853,.T.);
#1979=EDGE_CURVE('',#2469,#2470,#371,.T.);
#1980=EDGE_CURVE('',#2471,#2414,#2854,.T.);
#1981=EDGE_CURVE('',#2470,#2471,#2855,.T.);
#1982=EDGE_CURVE('',#2472,#2413,#2856,.T.);
#1983=EDGE_CURVE('',#2471,#2472,#372,.T.);
#1984=EDGE_CURVE('',#2473,#2412,#2857,.T.);
#1985=EDGE_CURVE('',#2472,#2473,#2858,.T.);
#1986=EDGE_CURVE('',#2474,#2411,#2859,.T.);
#1987=EDGE_CURVE('',#2473,#2474,#373,.T.);
#1988=EDGE_CURVE('',#2475,#2410,#2860,.T.);
#1989=EDGE_CURVE('',#2474,#2475,#2861,.T.);
#1990=EDGE_CURVE('',#2476,#2409,#2862,.T.);
#1991=EDGE_CURVE('',#2475,#2476,#374,.T.);
#1992=EDGE_CURVE('',#2477,#2408,#2863,.T.);
#1993=EDGE_CURVE('',#2476,#2477,#2864,.T.);
#1994=EDGE_CURVE('',#2478,#2407,#2865,.T.);
#1995=EDGE_CURVE('',#2477,#2478,#375,.T.);
#1996=EDGE_CURVE('',#2479,#2406,#2866,.T.);
#1997=EDGE_CURVE('',#2478,#2479,#2867,.T.);
#1998=EDGE_CURVE('',#2480,#2405,#2868,.T.);
#1999=EDGE_CURVE('',#2479,#2480,#376,.T.);
#2000=EDGE_CURVE('',#2481,#2404,#2869,.T.);
#2001=EDGE_CURVE('',#2480,#2481,#2870,.T.);
#2002=EDGE_CURVE('',#2482,#2403,#2871,.T.);
#2003=EDGE_CURVE('',#2481,#2482,#377,.T.);
#2004=EDGE_CURVE('',#2482,#2460,#2872,.T.);
#2005=EDGE_CURVE('',#2483,#2484,#54,.T.);
#2006=EDGE_CURVE('',#2483,#2384,#2873,.T.);
#2007=EDGE_CURVE('',#2484,#2383,#2874,.T.);
#2008=EDGE_CURVE('',#2485,#2483,#2875,.T.);
#2009=EDGE_CURVE('',#2485,#2385,#2876,.T.);
#2010=EDGE_CURVE('',#2486,#2485,#55,.T.);
#2011=EDGE_CURVE('',#2486,#2386,#2877,.T.);
#2012=EDGE_CURVE('',#2487,#2486,#2878,.T.);
#2013=EDGE_CURVE('',#2261,#2487,#2879,.T.);
#2014=EDGE_CURVE('',#2488,#2270,#2880,.T.);
#2015=EDGE_CURVE('',#2489,#2488,#2881,.T.);
#2016=EDGE_CURVE('',#2489,#2387,#2882,.T.);
#2017=EDGE_CURVE('',#2490,#2489,#56,.T.);
#2018=EDGE_CURVE('',#2490,#2388,#2883,.T.);
#2019=EDGE_CURVE('',#2491,#2490,#2884,.T.);
#2020=EDGE_CURVE('',#2491,#2389,#2885,.T.);
#2021=EDGE_CURVE('',#2492,#2491,#57,.T.);
#2022=EDGE_CURVE('',#2492,#2390,#2886,.T.);
#2023=EDGE_CURVE('',#2493,#2484,#2887,.T.);
#2024=EDGE_CURVE('',#2492,#2494,#2888,.T.);
#2025=EDGE_CURVE('',#2494,#2269,#2889,.T.);
#2026=EDGE_CURVE('',#2262,#2493,#2890,.T.);
#2027=EDGE_CURVE('',#2487,#2493,#2891,.T.);
#2028=EDGE_CURVE('',#2488,#2494,#2892,.T.);
#2029=EDGE_CURVE('',#2495,#2243,#2893,.T.);
#2030=EDGE_CURVE('',#2496,#2495,#378,.T.);
#2031=EDGE_CURVE('',#2496,#2244,#2894,.T.);
#2032=EDGE_CURVE('',#2497,#2344,#2895,.T.);
#2033=EDGE_CURVE('',#2495,#2497,#2896,.T.);
#2034=EDGE_CURVE('',#2498,#2343,#2897,.T.);
#2035=EDGE_CURVE('',#2497,#2498,#2898,.T.);
#2036=EDGE_CURVE('',#2499,#2290,#2899,.T.);
#2037=EDGE_CURVE('',#2498,#2499,#379,.T.);
#2038=EDGE_CURVE('',#2500,#2289,#2900,.T.);
#2039=EDGE_CURVE('',#2499,#2500,#2901,.T.);
#2040=EDGE_CURVE('',#2501,#2288,#2902,.T.);
#2041=EDGE_CURVE('',#2500,#2501,#380,.T.);
#2042=EDGE_CURVE('',#2502,#2287,#2903,.T.);
#2043=EDGE_CURVE('',#2501,#2502,#2904,.T.);
#2044=EDGE_CURVE('',#2503,#2286,#2905,.T.);
#2045=EDGE_CURVE('',#2502,#2503,#381,.T.);
#2046=EDGE_CURVE('',#2504,#2285,#2906,.T.);
#2047=EDGE_CURVE('',#2503,#2504,#2907,.T.);
#2048=EDGE_CURVE('',#2505,#2375,#2908,.T.);
#2049=EDGE_CURVE('',#2504,#2505,#382,.T.);
#2050=EDGE_CURVE('',#2506,#2374,#2909,.T.);
#2051=EDGE_CURVE('',#2505,#2506,#2910,.T.);
#2052=EDGE_CURVE('',#2507,#2246,#2911,.T.);
#2053=EDGE_CURVE('',#2506,#2507,#2912,.T.);
#2054=EDGE_CURVE('',#2508,#2245,#2913,.T.);
#2055=EDGE_CURVE('',#2507,#2508,#383,.T.);
#2056=EDGE_CURVE('',#2508,#2496,#2914,.T.);
#2057=EDGE_CURVE('',#2509,#2360,#2915,.T.);
#2058=EDGE_CURVE('',#2510,#2509,#2916,.T.);
#2059=EDGE_CURVE('',#2510,#2273,#2917,.T.);
#2060=EDGE_CURVE('',#2511,#2258,#2918,.T.);
#2061=EDGE_CURVE('',#2509,#2511,#2919,.T.);
#2062=EDGE_CURVE('',#2512,#2257,#2920,.T.);
#2063=EDGE_CURVE('',#2511,#2512,#384,.T.);
#2064=EDGE_CURVE('',#2513,#2256,#2921,.T.);
#2065=EDGE_CURVE('',#2512,#2513,#2922,.T.);
#2066=EDGE_CURVE('',#2514,#2255,#2923,.T.);
#2067=EDGE_CURVE('',#2513,#2514,#385,.T.);
#2068=EDGE_CURVE('',#2515,#2353,#2924,.T.);
#2069=EDGE_CURVE('',#2514,#2515,#2925,.T.);
#2070=EDGE_CURVE('',#2516,#2252,#2926,.T.);
#2071=EDGE_CURVE('',#2515,#2516,#2927,.T.);
#2072=EDGE_CURVE('',#2517,#2251,#2928,.T.);
#2073=EDGE_CURVE('',#2516,#2517,#386,.T.);
#2074=EDGE_CURVE('',#2518,#2250,#2929,.T.);
#2075=EDGE_CURVE('',#2517,#2518,#2930,.T.);
#2076=EDGE_CURVE('',#2519,#2249,#2931,.T.);
#2077=EDGE_CURVE('',#2518,#2519,#387,.T.);
#2078=EDGE_CURVE('',#2520,#2364,#2932,.T.);
#2079=EDGE_CURVE('',#2519,#2520,#2933,.T.);
#2080=EDGE_CURVE('',#2521,#2282,#2934,.T.);
#2081=EDGE_CURVE('',#2520,#2521,#2935,.T.);
#2082=EDGE_CURVE('',#2522,#2281,#2936,.T.);
#2083=EDGE_CURVE('',#2521,#2522,#388,.T.);
#2084=EDGE_CURVE('',#2523,#2280,#2937,.T.);
#2085=EDGE_CURVE('',#2522,#2523,#2938,.T.);
#2086=EDGE_CURVE('',#2524,#2279,#2939,.T.);
#2087=EDGE_CURVE('',#2523,#2524,#389,.T.);
#2088=EDGE_CURVE('',#2525,#2377,#2940,.T.);
#2089=EDGE_CURVE('',#2524,#2525,#2941,.T.);
#2090=EDGE_CURVE('',#2526,#2276,#2942,.T.);
#2091=EDGE_CURVE('',#2525,#2526,#2943,.T.);
#2092=EDGE_CURVE('',#2527,#2275,#2944,.T.);
#2093=EDGE_CURVE('',#2526,#2527,#390,.T.);
#2094=EDGE_CURVE('',#2528,#2274,#2945,.T.);
#2095=EDGE_CURVE('',#2527,#2528,#2946,.T.);
#2096=EDGE_CURVE('',#2528,#2510,#391,.T.);
#2097=EDGE_CURVE('',#2529,#2530,#124,.T.);
#2098=EDGE_CURVE('',#2530,#2531,#125,.T.);
#2099=EDGE_CURVE('',#2531,#2532,#126,.T.);
#2100=EDGE_CURVE('',#2532,#2533,#127,.T.);
#2101=EDGE_CURVE('',#2533,#2534,#128,.T.);
#2102=EDGE_CURVE('',#2534,#2535,#129,.T.);
#2103=EDGE_CURVE('',#2535,#2536,#130,.T.);
#2104=EDGE_CURVE('',#2536,#2537,#131,.T.);
#2105=EDGE_CURVE('',#2537,#2529,#2947,.T.);
#2106=EDGE_CURVE('',#2538,#2539,#132,.T.);
#2107=EDGE_CURVE('',#2540,#2538,#133,.T.);
#2108=EDGE_CURVE('',#2541,#2540,#134,.T.);
#2109=EDGE_CURVE('',#2539,#2541,#135,.T.);
#2110=EDGE_CURVE('',#2530,#2293,#2948,.T.);
#2111=EDGE_CURVE('',#2529,#2319,#2949,.T.);
#2112=EDGE_CURVE('',#2531,#2333,#2950,.T.);
#2113=EDGE_CURVE('',#2532,#2240,#2951,.T.);
#2114=EDGE_CURVE('',#2533,#2300,#2952,.T.);
#2115=EDGE_CURVE('',#2534,#2324,#2953,.T.);
#2116=EDGE_CURVE('',#2535,#2337,#2954,.T.);
#2117=EDGE_CURVE('',#2536,#2321,#2955,.T.);
#2118=EDGE_CURVE('',#2537,#2320,#2956,.T.);
#2119=EDGE_CURVE('',#2538,#2542,#2957,.T.);
#2120=EDGE_CURVE('',#2542,#2543,#136,.T.);
#2121=EDGE_CURVE('',#2543,#2544,#2958,.T.);
#2122=EDGE_CURVE('',#2544,#2545,#137,.T.);
#2123=EDGE_CURVE('',#2540,#2545,#2959,.T.);
#2124=EDGE_CURVE('',#2539,#2546,#2960,.T.);
#2125=EDGE_CURVE('',#2546,#2547,#138,.T.);
#2126=EDGE_CURVE('',#2547,#2548,#2961,.T.);
#2127=EDGE_CURVE('',#2548,#2542,#139,.T.);
#2128=EDGE_CURVE('',#2549,#2550,#2962,.F.);
#2129=EDGE_CURVE('',#2550,#2546,#140,.T.);
#2130=EDGE_CURVE('',#2541,#2551,#2963,.T.);
#2131=EDGE_CURVE('',#2551,#2549,#141,.T.);
#2132=EDGE_CURVE('',#2552,#2553,#2964,.F.);
#2133=EDGE_CURVE('',#2553,#2551,#142,.T.);
#2134=EDGE_CURVE('',#2545,#2552,#143,.T.);
#2135=EDGE_CURVE('',#2544,#2552,#2965,.T.);
#2136=EDGE_CURVE('',#2543,#2553,#2966,.T.);
#2137=EDGE_CURVE('',#2548,#2549,#2967,.T.);
#2138=EDGE_CURVE('',#2547,#2550,#2968,.T.);
#2139=EDGE_CURVE('',#2554,#2555,#144,.T.);
#2140=EDGE_CURVE('',#2555,#2556,#145,.T.);
#2141=EDGE_CURVE('',#2556,#2557,#146,.T.);
#2142=EDGE_CURVE('',#2557,#2554,#147,.T.);
#2143=EDGE_CURVE('',#2558,#2559,#148,.T.);
#2144=EDGE_CURVE('',#2560,#2558,#149,.T.);
#2145=EDGE_CURVE('',#2561,#2560,#150,.T.);
#2146=EDGE_CURVE('',#2559,#2561,#151,.T.);
#2147=EDGE_CURVE('',#2555,#2307,#2969,.T.);
#2148=EDGE_CURVE('',#2554,#2266,#2970,.T.);
#2149=EDGE_CURVE('',#2556,#2237,#2971,.T.);
#2150=EDGE_CURVE('',#2557,#2311,#2972,.T.);
#2151=EDGE_CURVE('',#2562,#2563,#2973,.F.);
#2152=EDGE_CURVE('',#2563,#2564,#152,.T.);
#2153=EDGE_CURVE('',#2560,#2564,#2974,.T.);
#2154=EDGE_CURVE('',#2558,#2565,#2975,.T.);
#2155=EDGE_CURVE('',#2565,#2562,#153,.T.);
#2156=EDGE_CURVE('',#2559,#2566,#2976,.T.);
#2157=EDGE_CURVE('',#2566,#2567,#154,.T.);
#2158=EDGE_CURVE('',#2567,#2568,#2977,.T.);
#2159=EDGE_CURVE('',#2568,#2565,#155,.T.);
#2160=EDGE_CURVE('',#2561,#2569,#2978,.T.);
#2161=EDGE_CURVE('',#2569,#2570,#156,.T.);
#2162=EDGE_CURVE('',#2570,#2571,#2979,.T.);
#2163=EDGE_CURVE('',#2571,#2572,#157,.T.);
#2164=EDGE_CURVE('',#2572,#2573,#2980,.T.);
#2165=EDGE_CURVE('',#2573,#2566,#158,.T.);
#2166=EDGE_CURVE('',#2574,#2575,#2981,.F.);
#2167=EDGE_CURVE('',#2575,#2569,#159,.T.);
#2168=EDGE_CURVE('',#2564,#2576,#160,.T.);
#2169=EDGE_CURVE('',#2576,#2577,#2982,.F.);
#2170=EDGE_CURVE('',#2577,#2574,#161,.T.);
#2171=EDGE_CURVE('',#2568,#2562,#2983,.T.);
#2172=EDGE_CURVE('',#2567,#2563,#2984,.T.);
#2173=EDGE_CURVE('',#2573,#2576,#2985,.T.);
#2174=EDGE_CURVE('',#2572,#2577,#2986,.T.);
#2175=EDGE_CURVE('',#2571,#2574,#2987,.T.);
#2176=EDGE_CURVE('',#2570,#2575,#2988,.T.);
#2177=VERTEX_POINT('',#6744);
#2178=VERTEX_POINT('',#6745);
#2179=VERTEX_POINT('',#6747);
#2180=VERTEX_POINT('',#6749);
#2181=VERTEX_POINT('',#6752);
#2182=VERTEX_POINT('',#6755);
#2183=VERTEX_POINT('',#6757);
#2184=VERTEX_POINT('',#6761);
#2185=VERTEX_POINT('',#6763);
#2186=VERTEX_POINT('',#6766);
#2187=VERTEX_POINT('',#6768);
#2188=VERTEX_POINT('',#6771);
#2189=VERTEX_POINT('',#6772);
#2190=VERTEX_POINT('',#6774);
#2191=VERTEX_POINT('',#6776);
#2192=VERTEX_POINT('',#6779);
#2193=VERTEX_POINT('',#6780);
#2194=VERTEX_POINT('',#6782);
#2195=VERTEX_POINT('',#6784);
#2196=VERTEX_POINT('',#6787);
#2197=VERTEX_POINT('',#6788);
#2198=VERTEX_POINT('',#6790);
#2199=VERTEX_POINT('',#6792);
#2200=VERTEX_POINT('',#6795);
#2201=VERTEX_POINT('',#6796);
#2202=VERTEX_POINT('',#6798);
#2203=VERTEX_POINT('',#6800);
#2204=VERTEX_POINT('',#6804);
#2205=VERTEX_POINT('',#6806);
#2206=VERTEX_POINT('',#6813);
#2207=VERTEX_POINT('',#6815);
#2208=VERTEX_POINT('',#6820);
#2209=VERTEX_POINT('',#6824);
#2210=VERTEX_POINT('',#6828);
#2211=VERTEX_POINT('',#6829);
#2212=VERTEX_POINT('',#6840);
#2213=VERTEX_POINT('',#6842);
#2214=VERTEX_POINT('',#6849);
#2215=VERTEX_POINT('',#6851);
#2216=VERTEX_POINT('',#6856);
#2217=VERTEX_POINT('',#6860);
#2218=VERTEX_POINT('',#6864);
#2219=VERTEX_POINT('',#6865);
#2220=VERTEX_POINT('',#6876);
#2221=VERTEX_POINT('',#6878);
#2222=VERTEX_POINT('',#6885);
#2223=VERTEX_POINT('',#6887);
#2224=VERTEX_POINT('',#6892);
#2225=VERTEX_POINT('',#6896);
#2226=VERTEX_POINT('',#6900);
#2227=VERTEX_POINT('',#6901);
#2228=VERTEX_POINT('',#6912);
#2229=VERTEX_POINT('',#6914);
#2230=VERTEX_POINT('',#6921);
#2231=VERTEX_POINT('',#6923);
#2232=VERTEX_POINT('',#6928);
#2233=VERTEX_POINT('',#6932);
#2234=VERTEX_POINT('',#6936);
#2235=VERTEX_POINT('',#6937);
#2236=VERTEX_POINT('',#6979);
#2237=VERTEX_POINT('',#6980);
#2238=VERTEX_POINT('',#6986);
#2239=VERTEX_POINT('',#6988);
#2240=VERTEX_POINT('',#6993);
#2241=VERTEX_POINT('',#6998);
#2242=VERTEX_POINT('',#7000);
#2243=VERTEX_POINT('',#7002);
#2244=VERTEX_POINT('',#7004);
#2245=VERTEX_POINT('',#7006);
#2246=VERTEX_POINT('',#7008);
#2247=VERTEX_POINT('',#7010);
#2248=VERTEX_POINT('',#7012);
#2249=VERTEX_POINT('',#7014);
#2250=VERTEX_POINT('',#7016);
#2251=VERTEX_POINT('',#7018);
#2252=VERTEX_POINT('',#7020);
#2253=VERTEX_POINT('',#7022);
#2254=VERTEX_POINT('',#7024);
#2255=VERTEX_POINT('',#7026);
#2256=VERTEX_POINT('',#7028);
#2257=VERTEX_POINT('',#7030);
#2258=VERTEX_POINT('',#7032);
#2259=VERTEX_POINT('',#7034);
#2260=VERTEX_POINT('',#7036);
#2261=VERTEX_POINT('',#7038);
#2262=VERTEX_POINT('',#7040);
#2263=VERTEX_POINT('',#7042);
#2264=VERTEX_POINT('',#7046);
#2265=VERTEX_POINT('',#7047);
#2266=VERTEX_POINT('',#7052);
#2267=VERTEX_POINT('',#7057);
#2268=VERTEX_POINT('',#7059);
#2269=VERTEX_POINT('',#7061);
#2270=VERTEX_POINT('',#7063);
#2271=VERTEX_POINT('',#7065);
#2272=VERTEX_POINT('',#7067);
#2273=VERTEX_POINT('',#7069);
#2274=VERTEX_POINT('',#7071);
#2275=VERTEX_POINT('',#7073);
#2276=VERTEX_POINT('',#7075);
#2277=VERTEX_POINT('',#7077);
#2278=VERTEX_POINT('',#7079);
#2279=VERTEX_POINT('',#7081);
#2280=VERTEX_POINT('',#7083);
#2281=VERTEX_POINT('',#7085);
#2282=VERTEX_POINT('',#7087);
#2283=VERTEX_POINT('',#7089);
#2284=VERTEX_POINT('',#7091);
#2285=VERTEX_POINT('',#7093);
#2286=VERTEX_POINT('',#7095);
#2287=VERTEX_POINT('',#7097);
#2288=VERTEX_POINT('',#7099);
#2289=VERTEX_POINT('',#7101);
#2290=VERTEX_POINT('',#7103);
#2291=VERTEX_POINT('',#7105);
#2292=VERTEX_POINT('',#7107);
#2293=VERTEX_POINT('',#7112);
#2294=VERTEX_POINT('',#7120);
#2295=VERTEX_POINT('',#7122);
#2296=VERTEX_POINT('',#7126);
#2297=VERTEX_POINT('',#7127);
#2298=VERTEX_POINT('',#7135);
#2299=VERTEX_POINT('',#7137);
#2300=VERTEX_POINT('',#7142);
#2301=VERTEX_POINT('',#7149);
#2302=VERTEX_POINT('',#7150);
#2303=VERTEX_POINT('',#7158);
#2304=VERTEX_POINT('',#7160);
#2305=VERTEX_POINT('',#7164);
#2306=VERTEX_POINT('',#7165);
#2307=VERTEX_POINT('',#7173);
#2308=VERTEX_POINT('',#7178);
#2309=VERTEX_POINT('',#7180);
#2310=VERTEX_POINT('',#7190);
#2311=VERTEX_POINT('',#7191);
#2312=VERTEX_POINT('',#7197);
#2313=VERTEX_POINT('',#7201);
#2314=VERTEX_POINT('',#7203);
#2315=VERTEX_POINT('',#7207);
#2316=VERTEX_POINT('',#7208);
#2317=VERTEX_POINT('',#7216);
#2318=VERTEX_POINT('',#7218);
#2319=VERTEX_POINT('',#7223);
#2320=VERTEX_POINT('',#7225);
#2321=VERTEX_POINT('',#7231);
#2322=VERTEX_POINT('',#7238);
#2323=VERTEX_POINT('',#7240);
#2324=VERTEX_POINT('',#7245);
#2325=VERTEX_POINT('',#7252);
#2326=VERTEX_POINT('',#7253);
#2327=VERTEX_POINT('',#7267);
#2328=VERTEX_POINT('',#7269);
#2329=VERTEX_POINT('',#7276);
#2330=VERTEX_POINT('',#7278);
#2331=VERTEX_POINT('',#7282);
#2332=VERTEX_POINT('',#7284);
#2333=VERTEX_POINT('',#7291);
#2334=VERTEX_POINT('',#7296);
#2335=VERTEX_POINT('',#7298);
#2336=VERTEX_POINT('',#7305);
#2337=VERTEX_POINT('',#7306);
#2338=VERTEX_POINT('',#7311);
#2339=VERTEX_POINT('',#7315);
#2340=VERTEX_POINT('',#7317);
#2341=VERTEX_POINT('',#7327);
#2342=VERTEX_POINT('',#7329);
#2343=VERTEX_POINT('',#7331);
#2344=VERTEX_POINT('',#7333);
#2345=VERTEX_POINT('',#7340);
#2346=VERTEX_POINT('',#7342);
#2347=VERTEX_POINT('',#7346);
#2348=VERTEX_POINT('',#7347);
#2349=VERTEX_POINT('',#7352);
#2350=VERTEX_POINT('',#7353);
#2351=VERTEX_POINT('',#7358);
#2352=VERTEX_POINT('',#7360);
#2353=VERTEX_POINT('',#7364);
#2354=VERTEX_POINT('',#7368);
#2355=VERTEX_POINT('',#7369);
#2356=VERTEX_POINT('',#7374);
#2357=VERTEX_POINT('',#7376);
#2358=VERTEX_POINT('',#7380);
#2359=VERTEX_POINT('',#7381);
#2360=VERTEX_POINT('',#7386);
#2361=VERTEX_POINT('',#7388);
#2362=VERTEX_POINT('',#7390);
#2363=VERTEX_POINT('',#7394);
#2364=VERTEX_POINT('',#7395);
#2365=VERTEX_POINT('',#7398);
#2366=VERTEX_POINT('',#7402);
#2367=VERTEX_POINT('',#7404);
#2368=VERTEX_POINT('',#7408);
#2369=VERTEX_POINT('',#7409);
#2370=VERTEX_POINT('',#7414);
#2371=VERTEX_POINT('',#7416);
#2372=VERTEX_POINT('',#7420);
#2373=VERTEX_POINT('',#7421);
#2374=VERTEX_POINT('',#7424);
#2375=VERTEX_POINT('',#7426);
#2376=VERTEX_POINT('',#7430);
#2377=VERTEX_POINT('',#7431);
#2378=VERTEX_POINT('',#7433);
#2379=VERTEX_POINT('',#7446);
#2380=VERTEX_POINT('',#7447);
#2381=VERTEX_POINT('',#7449);
#2382=VERTEX_POINT('',#7451);
#2383=VERTEX_POINT('',#7454);
#2384=VERTEX_POINT('',#7455);
#2385=VERTEX_POINT('',#7457);
#2386=VERTEX_POINT('',#7459);
#2387=VERTEX_POINT('',#7461);
#2388=VERTEX_POINT('',#7463);
#2389=VERTEX_POINT('',#7465);
#2390=VERTEX_POINT('',#7467);
#2391=VERTEX_POINT('',#7471);
#2392=VERTEX_POINT('',#7472);
#2393=VERTEX_POINT('',#7474);
#2394=VERTEX_POINT('',#7476);
#2395=VERTEX_POINT('',#7480);
#2396=VERTEX_POINT('',#7481);
#2397=VERTEX_POINT('',#7483);
#2398=VERTEX_POINT('',#7485);
#2399=VERTEX_POINT('',#7489);
#2400=VERTEX_POINT('',#7491);
#2401=VERTEX_POINT('',#7494);
#2402=VERTEX_POINT('',#7495);
#2403=VERTEX_POINT('',#7497);
#2404=VERTEX_POINT('',#7499);
#2405=VERTEX_POINT('',#7501);
#2406=VERTEX_POINT('',#7503);
#2407=VERTEX_POINT('',#7505);
#2408=VERTEX_POINT('',#7507);
#2409=VERTEX_POINT('',#7509);
#2410=VERTEX_POINT('',#7511);
#2411=VERTEX_POINT('',#7513);
#2412=VERTEX_POINT('',#7515);
#2413=VERTEX_POINT('',#7517);
#2414=VERTEX_POINT('',#7519);
#2415=VERTEX_POINT('',#7521);
#2416=VERTEX_POINT('',#7523);
#2417=VERTEX_POINT('',#7525);
#2418=VERTEX_POINT('',#7527);
#2419=VERTEX_POINT('',#7529);
#2420=VERTEX_POINT('',#7531);
#2421=VERTEX_POINT('',#7533);
#2422=VERTEX_POINT('',#7535);
#2423=VERTEX_POINT('',#7537);
#2424=VERTEX_POINT('',#7539);
#2425=VERTEX_POINT('',#7543);
#2426=VERTEX_POINT('',#7544);
#2427=VERTEX_POINT('',#7546);
#2428=VERTEX_POINT('',#7548);
#2429=VERTEX_POINT('',#7550);
#2430=VERTEX_POINT('',#7552);
#2431=VERTEX_POINT('',#7554);
#2432=VERTEX_POINT('',#7556);
#2433=VERTEX_POINT('',#7560);
#2434=VERTEX_POINT('',#7562);
#2435=VERTEX_POINT('',#7564);
#2436=VERTEX_POINT('',#7565);
#2437=VERTEX_POINT('',#7567);
#2438=VERTEX_POINT('',#7569);
#2439=VERTEX_POINT('',#7572);
#2440=VERTEX_POINT('',#7574);
#2441=VERTEX_POINT('',#7577);
#2442=VERTEX_POINT('',#7579);
#2443=VERTEX_POINT('',#7584);
#2444=VERTEX_POINT('',#7586);
#2445=VERTEX_POINT('',#7596);
#2446=VERTEX_POINT('',#7598);
#2447=VERTEX_POINT('',#7603);
#2448=VERTEX_POINT('',#7605);
#2449=VERTEX_POINT('',#7614);
#2450=VERTEX_POINT('',#7618);
#2451=VERTEX_POINT('',#7625);
#2452=VERTEX_POINT('',#7627);
#2453=VERTEX_POINT('',#7631);
#2454=VERTEX_POINT('',#7635);
#2455=VERTEX_POINT('',#7642);
#2456=VERTEX_POINT('',#7645);
#2457=VERTEX_POINT('',#7648);
#2458=VERTEX_POINT('',#7651);
#2459=VERTEX_POINT('',#7656);
#2460=VERTEX_POINT('',#7658);
#2461=VERTEX_POINT('',#7662);
#2462=VERTEX_POINT('',#7666);
#2463=VERTEX_POINT('',#7670);
#2464=VERTEX_POINT('',#7674);
#2465=VERTEX_POINT('',#7678);
#2466=VERTEX_POINT('',#7682);
#2467=VERTEX_POINT('',#7686);
#2468=VERTEX_POINT('',#7690);
#2469=VERTEX_POINT('',#7694);
#2470=VERTEX_POINT('',#7698);
#2471=VERTEX_POINT('',#7702);
#2472=VERTEX_POINT('',#7706);
#2473=VERTEX_POINT('',#7710);
#2474=VERTEX_POINT('',#7714);
#2475=VERTEX_POINT('',#7718);
#2476=VERTEX_POINT('',#7722);
#2477=VERTEX_POINT('',#7726);
#2478=VERTEX_POINT('',#7730);
#2479=VERTEX_POINT('',#7734);
#2480=VERTEX_POINT('',#7738);
#2481=VERTEX_POINT('',#7742);
#2482=VERTEX_POINT('',#7746);
#2483=VERTEX_POINT('',#7753);
#2484=VERTEX_POINT('',#7754);
#2485=VERTEX_POINT('',#7759);
#2486=VERTEX_POINT('',#7763);
#2487=VERTEX_POINT('',#7767);
#2488=VERTEX_POINT('',#7770);
#2489=VERTEX_POINT('',#7772);
#2490=VERTEX_POINT('',#7776);
#2491=VERTEX_POINT('',#7780);
#2492=VERTEX_POINT('',#7784);
#2493=VERTEX_POINT('',#7788);
#2494=VERTEX_POINT('',#7790);
#2495=VERTEX_POINT('',#7801);
#2496=VERTEX_POINT('',#7803);
#2497=VERTEX_POINT('',#7807);
#2498=VERTEX_POINT('',#7811);
#2499=VERTEX_POINT('',#7815);
#2500=VERTEX_POINT('',#7819);
#2501=VERTEX_POINT('',#7823);
#2502=VERTEX_POINT('',#7827);
#2503=VERTEX_POINT('',#7831);
#2504=VERTEX_POINT('',#7835);
#2505=VERTEX_POINT('',#7839);
#2506=VERTEX_POINT('',#7843);
#2507=VERTEX_POINT('',#7847);
#2508=VERTEX_POINT('',#7851);
#2509=VERTEX_POINT('',#7858);
#2510=VERTEX_POINT('',#7860);
#2511=VERTEX_POINT('',#7864);
#2512=VERTEX_POINT('',#7868);
#2513=VERTEX_POINT('',#7872);
#2514=VERTEX_POINT('',#7876);
#2515=VERTEX_POINT('',#7880);
#2516=VERTEX_POINT('',#7884);
#2517=VERTEX_POINT('',#7888);
#2518=VERTEX_POINT('',#7892);
#2519=VERTEX_POINT('',#7896);
#2520=VERTEX_POINT('',#7900);
#2521=VERTEX_POINT('',#7904);
#2522=VERTEX_POINT('',#7908);
#2523=VERTEX_POINT('',#7912);
#2524=VERTEX_POINT('',#7916);
#2525=VERTEX_POINT('',#7920);
#2526=VERTEX_POINT('',#7924);
#2527=VERTEX_POINT('',#7928);
#2528=VERTEX_POINT('',#7932);
#2529=VERTEX_POINT('',#7955);
#2530=VERTEX_POINT('',#7956);
#2531=VERTEX_POINT('',#7974);
#2532=VERTEX_POINT('',#7992);
#2533=VERTEX_POINT('',#8010);
#2534=VERTEX_POINT('',#8028);
#2535=VERTEX_POINT('',#8038);
#2536=VERTEX_POINT('',#8056);
#2537=VERTEX_POINT('',#8066);
#2538=VERTEX_POINT('',#8085);
#2539=VERTEX_POINT('',#8086);
#2540=VERTEX_POINT('',#8100);
#2541=VERTEX_POINT('',#8114);
#2542=VERTEX_POINT('',#8237);
#2543=VERTEX_POINT('',#8242);
#2544=VERTEX_POINT('',#8244);
#2545=VERTEX_POINT('',#8249);
#2546=VERTEX_POINT('',#8262);
#2547=VERTEX_POINT('',#8267);
#2548=VERTEX_POINT('',#8269);
#2549=VERTEX_POINT('',#8285);
#2550=VERTEX_POINT('',#8286);
#2551=VERTEX_POINT('',#8292);
#2552=VERTEX_POINT('',#8308);
#2553=VERTEX_POINT('',#8309);
#2554=VERTEX_POINT('',#8345);
#2555=VERTEX_POINT('',#8346);
#2556=VERTEX_POINT('',#8372);
#2557=VERTEX_POINT('',#8390);
#2558=VERTEX_POINT('',#8425);
#2559=VERTEX_POINT('',#8426);
#2560=VERTEX_POINT('',#8444);
#2561=VERTEX_POINT('',#8462);
#2562=VERTEX_POINT('',#8555);
#2563=VERTEX_POINT('',#8556);
#2564=VERTEX_POINT('',#8561);
#2565=VERTEX_POINT('',#8564);
#2566=VERTEX_POINT('',#8586);
#2567=VERTEX_POINT('',#8591);
#2568=VERTEX_POINT('',#8593);
#2569=VERTEX_POINT('',#8613);
#2570=VERTEX_POINT('',#8618);
#2571=VERTEX_POINT('',#8620);
#2572=VERTEX_POINT('',#8626);
#2573=VERTEX_POINT('',#8628);
#2574=VERTEX_POINT('',#8648);
#2575=VERTEX_POINT('',#8649);
#2576=VERTEX_POINT('',#8658);
#2577=VERTEX_POINT('',#8660);
#2578=LINE('',#6743,#2989);
#2579=LINE('',#6748,#2990);
#2580=LINE('',#6754,#2991);
#2581=LINE('',#6756,#2992);
#2582=LINE('',#6760,#2993);
#2583=LINE('',#6764,#2994);
#2584=LINE('',#6770,#2995);
#2585=LINE('',#6775,#2996);
#2586=LINE('',#6778,#2997);
#2587=LINE('',#6783,#2998);
#2588=LINE('',#6786,#2999);
#2589=LINE('',#6791,#3000);
#2590=LINE('',#6794,#3001);
#2591=LINE('',#6799,#3002);
#2592=LINE('',#6803,#3003);
#2593=LINE('',#6807,#3004);
#2594=LINE('',#6814,#3005);
#2595=LINE('',#6821,#3006);
#2596=LINE('',#6825,#3007);
#2597=LINE('',#6827,#3008);
#2598=LINE('',#6839,#3009);
#2599=LINE('',#6843,#3010);
#2600=LINE('',#6850,#3011);
#2601=LINE('',#6857,#3012);
#2602=LINE('',#6861,#3013);
#2603=LINE('',#6863,#3014);
#2604=LINE('',#6875,#3015);
#2605=LINE('',#6879,#3016);
#2606=LINE('',#6886,#3017);
#2607=LINE('',#6893,#3018);
#2608=LINE('',#6897,#3019);
#2609=LINE('',#6899,#3020);
#2610=LINE('',#6911,#3021);
#2611=LINE('',#6915,#3022);
#2612=LINE('',#6922,#3023);
#2613=LINE('',#6929,#3024);
#2614=LINE('',#6933,#3025);
#2615=LINE('',#6935,#3026);
#2616=LINE('',#6959,#3027);
#2617=LINE('',#6961,#3028);
#2618=LINE('',#6987,#3029);
#2619=LINE('',#6999,#3030);
#2620=LINE('',#7001,#3031);
#2621=LINE('',#7005,#3032);
#2622=LINE('',#7009,#3033);
#2623=LINE('',#7011,#3034);
#2624=LINE('',#7013,#3035);
#2625=LINE('',#7017,#3036);
#2626=LINE('',#7021,#3037);
#2627=LINE('',#7023,#3038);
#2628=LINE('',#7025,#3039);
#2629=LINE('',#7029,#3040);
#2630=LINE('',#7033,#3041);
#2631=LINE('',#7035,#3042);
#2632=LINE('',#7037,#3043);
#2633=LINE('',#7039,#3044);
#2634=LINE('',#7041,#3045);
#2635=LINE('',#7043,#3046);
#2636=LINE('',#7045,#3047);
#2637=LINE('',#7058,#3048);
#2638=LINE('',#7060,#3049);
#2639=LINE('',#7062,#3050);
#2640=LINE('',#7064,#3051);
#2641=LINE('',#7066,#3052);
#2642=LINE('',#7068,#3053);
#2643=LINE('',#7072,#3054);
#2644=LINE('',#7076,#3055);
#2645=LINE('',#7078,#3056);
#2646=LINE('',#7080,#3057);
#2647=LINE('',#7084,#3058);
#2648=LINE('',#7088,#3059);
#2649=LINE('',#7090,#3060);
#2650=LINE('',#7094,#3061);
#2651=LINE('',#7098,#3062);
#2652=LINE('',#7102,#3063);
#2653=LINE('',#7106,#3064);
#2654=LINE('',#7119,#3065);
#2655=LINE('',#7121,#3066);
#2656=LINE('',#7123,#3067);
#2657=LINE('',#7125,#3068);
#2658=LINE('',#7128,#3069);
#2659=LINE('',#7129,#3070);
#2660=LINE('',#7136,#3071);
#2661=LINE('',#7148,#3072);
#2662=LINE('',#7155,#3073);
#2663=LINE('',#7157,#3074);
#2664=LINE('',#7159,#3075);
#2665=LINE('',#7161,#3076);
#2666=LINE('',#7163,#3077);
#2667=LINE('',#7166,#3078);
#2668=LINE('',#7167,#3079);
#2669=LINE('',#7179,#3080);
#2670=LINE('',#7196,#3081);
#2671=LINE('',#7198,#3082);
#2672=LINE('',#7200,#3083);
#2673=LINE('',#7202,#3084);
#2674=LINE('',#7204,#3085);
#2675=LINE('',#7206,#3086);
#2676=LINE('',#7209,#3087);
#2677=LINE('',#7210,#3088);
#2678=LINE('',#7217,#3089);
#2679=LINE('',#7224,#3090);
#2680=LINE('',#7239,#3091);
#2681=LINE('',#7251,#3092);
#2682=LINE('',#7258,#3093);
#2683=LINE('',#7260,#3094);
#2684=LINE('',#7261,#3095);
#2685=LINE('',#7263,#3096);
#2686=LINE('',#7264,#3097);
#2687=LINE('',#7266,#3098);
#2688=LINE('',#7268,#3099);
#2689=LINE('',#7270,#3100);
#2690=LINE('',#7277,#3101);
#2691=LINE('',#7279,#3102);
#2692=LINE('',#7281,#3103);
#2693=LINE('',#7283,#3104);
#2694=LINE('',#7285,#3105);
#2695=LINE('',#7297,#3106);
#2696=LINE('',#7299,#3107);
#2697=LINE('',#7312,#3108);
#2698=LINE('',#7314,#3109);
#2699=LINE('',#7316,#3110);
#2700=LINE('',#7318,#3111);
#2701=LINE('',#7320,#3112);
#2702=LINE('',#7321,#3113);
#2703=LINE('',#7328,#3114);
#2704=LINE('',#7332,#3115);
#2705=LINE('',#7334,#3116);
#2706=LINE('',#7336,#3117);
#2707=LINE('',#7337,#3118);
#2708=LINE('',#7339,#3119);
#2709=LINE('',#7341,#3120);
#2710=LINE('',#7343,#3121);
#2711=LINE('',#7345,#3122);
#2712=LINE('',#7348,#3123);
#2713=LINE('',#7349,#3124);
#2714=LINE('',#7351,#3125);
#2715=LINE('',#7354,#3126);
#2716=LINE('',#7355,#3127);
#2717=LINE('',#7357,#3128);
#2718=LINE('',#7359,#3129);
#2719=LINE('',#7361,#3130);
#2720=LINE('',#7363,#3131);
#2721=LINE('',#7365,#3132);
#2722=LINE('',#7367,#3133);
#2723=LINE('',#7370,#3134);
#2724=LINE('',#7371,#3135);
#2725=LINE('',#7373,#3136);
#2726=LINE('',#7375,#3137);
#2727=LINE('',#7377,#3138);
#2728=LINE('',#7379,#3139);
#2729=LINE('',#7382,#3140);
#2730=LINE('',#7383,#3141);
#2731=LINE('',#7385,#3142);
#2732=LINE('',#7387,#3143);
#2733=LINE('',#7389,#3144);
#2734=LINE('',#7391,#3145);
#2735=LINE('',#7393,#3146);
#2736=LINE('',#7396,#3147);
#2737=LINE('',#7397,#3148);
#2738=LINE('',#7399,#3149);
#2739=LINE('',#7401,#3150);
#2740=LINE('',#7403,#3151);
#2741=LINE('',#7405,#3152);
#2742=LINE('',#7407,#3153);
#2743=LINE('',#7410,#3154);
#2744=LINE('',#7411,#3155);
#2745=LINE('',#7413,#3156);
#2746=LINE('',#7415,#3157);
#2747=LINE('',#7417,#3158);
#2748=LINE('',#7419,#3159);
#2749=LINE('',#7422,#3160);
#2750=LINE('',#7423,#3161);
#2751=LINE('',#7425,#3162);
#2752=LINE('',#7429,#3163);
#2753=LINE('',#7432,#3164);
#2754=LINE('',#7434,#3165);
#2755=LINE('',#7436,#3166);
#2756=LINE('',#7437,#3167);
#2757=LINE('',#7439,#3168);
#2758=LINE('',#7440,#3169);
#2759=LINE('',#7442,#3170);
#2760=LINE('',#7443,#3171);
#2761=LINE('',#7445,#3172);
#2762=LINE('',#7448,#3173);
#2763=LINE('',#7450,#3174);
#2764=LINE('',#7452,#3175);
#2765=LINE('',#7456,#3176);
#2766=LINE('',#7460,#3177);
#2767=LINE('',#7464,#3178);
#2768=LINE('',#7468,#3179);
#2769=LINE('',#7470,#3180);
#2770=LINE('',#7473,#3181);
#2771=LINE('',#7475,#3182);
#2772=LINE('',#7477,#3183);
#2773=LINE('',#7479,#3184);
#2774=LINE('',#7482,#3185);
#2775=LINE('',#7484,#3186);
#2776=LINE('',#7486,#3187);
#2777=LINE('',#7488,#3188);
#2778=LINE('',#7490,#3189);
#2779=LINE('',#7492,#3190);
#2780=LINE('',#7496,#3191);
#2781=LINE('',#7500,#3192);
#2782=LINE('',#7504,#3193);
#2783=LINE('',#7508,#3194);
#2784=LINE('',#7512,#3195);
#2785=LINE('',#7516,#3196);
#2786=LINE('',#7520,#3197);
#2787=LINE('',#7524,#3198);
#2788=LINE('',#7528,#3199);
#2789=LINE('',#7532,#3200);
#2790=LINE('',#7536,#3201);
#2791=LINE('',#7540,#3202);
#2792=LINE('',#7542,#3203);
#2793=LINE('',#7545,#3204);
#2794=LINE('',#7547,#3205);
#2795=LINE('',#7549,#3206);
#2796=LINE('',#7551,#3207);
#2797=LINE('',#7553,#3208);
#2798=LINE('',#7555,#3209);
#2799=LINE('',#7557,#3210);
#2800=LINE('',#7563,#3211);
#2801=LINE('',#7566,#3212);
#2802=LINE('',#7568,#3213);
#2803=LINE('',#7570,#3214);
#2804=LINE('',#7571,#3215);
#2805=LINE('',#7573,#3216);
#2806=LINE('',#7575,#3217);
#2807=LINE('',#7576,#3218);
#2808=LINE('',#7578,#3219);
#2809=LINE('',#7580,#3220);
#2810=LINE('',#7581,#3221);
#2811=LINE('',#7583,#3222);
#2812=LINE('',#7585,#3223);
#2813=LINE('',#7587,#3224);
#2814=LINE('',#7589,#3225);
#2815=LINE('',#7590,#3226);
#2816=LINE('',#7592,#3227);
#2817=LINE('',#7593,#3228);
#2818=LINE('',#7595,#3229);
#2819=LINE('',#7597,#3230);
#2820=LINE('',#7599,#3231);
#2821=LINE('',#7600,#3232);
#2822=LINE('',#7607,#3233);
#2823=LINE('',#7609,#3234);
#2824=LINE('',#7613,#3235);
#2825=LINE('',#7615,#3236);
#2826=LINE('',#7617,#3237);
#2827=LINE('',#7619,#3238);
#2828=LINE('',#7621,#3239);
#2829=LINE('',#7624,#3240);
#2830=LINE('',#7626,#3241);
#2831=LINE('',#7628,#3242);
#2832=LINE('',#7630,#3243);
#2833=LINE('',#7632,#3244);
#2834=LINE('',#7634,#3245);
#2835=LINE('',#7636,#3246);
#2836=LINE('',#7638,#3247);
#2837=LINE('',#7655,#3248);
#2838=LINE('',#7659,#3249);
#2839=LINE('',#7661,#3250);
#2840=LINE('',#7663,#3251);
#2841=LINE('',#7665,#3252);
#2842=LINE('',#7669,#3253);
#2843=LINE('',#7671,#3254);
#2844=LINE('',#7673,#3255);
#2845=LINE('',#7677,#3256);
#2846=LINE('',#7679,#3257);
#2847=LINE('',#7681,#3258);
#2848=LINE('',#7685,#3259);
#2849=LINE('',#7687,#3260);
#2850=LINE('',#7689,#3261);
#2851=LINE('',#7693,#3262);
#2852=LINE('',#7695,#3263);
#2853=LINE('',#7697,#3264);
#2854=LINE('',#7701,#3265);
#2855=LINE('',#7703,#3266);
#2856=LINE('',#7705,#3267);
#2857=LINE('',#7709,#3268);
#2858=LINE('',#7711,#3269);
#2859=LINE('',#7713,#3270);
#2860=LINE('',#7717,#3271);
#2861=LINE('',#7719,#3272);
#2862=LINE('',#7721,#3273);
#2863=LINE('',#7725,#3274);
#2864=LINE('',#7727,#3275);
#2865=LINE('',#7729,#3276);
#2866=LINE('',#7733,#3277);
#2867=LINE('',#7735,#3278);
#2868=LINE('',#7737,#3279);
#2869=LINE('',#7741,#3280);
#2870=LINE('',#7743,#3281);
#2871=LINE('',#7745,#3282);
#2872=LINE('',#7749,#3283);
#2873=LINE('',#7755,#3284);
#2874=LINE('',#7756,#3285);
#2875=LINE('',#7758,#3286);
#2876=LINE('',#7760,#3287);
#2877=LINE('',#7764,#3288);
#2878=LINE('',#7766,#3289);
#2879=LINE('',#7768,#3290);
#2880=LINE('',#7769,#3291);
#2881=LINE('',#7771,#3292);
#2882=LINE('',#7773,#3293);
#2883=LINE('',#7777,#3294);
#2884=LINE('',#7779,#3295);
#2885=LINE('',#7781,#3296);
#2886=LINE('',#7785,#3297);
#2887=LINE('',#7787,#3298);
#2888=LINE('',#7789,#3299);
#2889=LINE('',#7791,#3300);
#2890=LINE('',#7792,#3301);
#2891=LINE('',#7794,#3302);
#2892=LINE('',#7796,#3303);
#2893=LINE('',#7800,#3304);
#2894=LINE('',#7804,#3305);
#2895=LINE('',#7806,#3306);
#2896=LINE('',#7808,#3307);
#2897=LINE('',#7810,#3308);
#2898=LINE('',#7812,#3309);
#2899=LINE('',#7814,#3310);
#2900=LINE('',#7818,#3311);
#2901=LINE('',#7820,#3312);
#2902=LINE('',#7822,#3313);
#2903=LINE('',#7826,#3314);
#2904=LINE('',#7828,#3315);
#2905=LINE('',#7830,#3316);
#2906=LINE('',#7834,#3317);
#2907=LINE('',#7836,#3318);
#2908=LINE('',#7838,#3319);
#2909=LINE('',#7842,#3320);
#2910=LINE('',#7844,#3321);
#2911=LINE('',#7846,#3322);
#2912=LINE('',#7848,#3323);
#2913=LINE('',#7850,#3324);
#2914=LINE('',#7854,#3325);
#2915=LINE('',#7857,#3326);
#2916=LINE('',#7859,#3327);
#2917=LINE('',#7861,#3328);
#2918=LINE('',#7863,#3329);
#2919=LINE('',#7865,#3330);
#2920=LINE('',#7867,#3331);
#2921=LINE('',#7871,#3332);
#2922=LINE('',#7873,#3333);
#2923=LINE('',#7875,#3334);
#2924=LINE('',#7879,#3335);
#2925=LINE('',#7881,#3336);
#2926=LINE('',#7883,#3337);
#2927=LINE('',#7885,#3338);
#2928=LINE('',#7887,#3339);
#2929=LINE('',#7891,#3340);
#2930=LINE('',#7893,#3341);
#2931=LINE('',#7895,#3342);
#2932=LINE('',#7899,#3343);
#2933=LINE('',#7901,#3344);
#2934=LINE('',#7903,#3345);
#2935=LINE('',#7905,#3346);
#2936=LINE('',#7907,#3347);
#2937=LINE('',#7911,#3348);
#2938=LINE('',#7913,#3349);
#2939=LINE('',#7915,#3350);
#2940=LINE('',#7919,#3351);
#2941=LINE('',#7921,#3352);
#2942=LINE('',#7923,#3353);
#2943=LINE('',#7925,#3354);
#2944=LINE('',#7927,#3355);
#2945=LINE('',#7931,#3356);
#2946=LINE('',#7933,#3357);
#2947=LINE('',#8067,#3358);
#2948=LINE('',#8138,#3359);
#2949=LINE('',#8139,#3360);
#2950=LINE('',#8154,#3361);
#2951=LINE('',#8169,#3362);
#2952=LINE('',#8180,#3363);
#2953=LINE('',#8191,#3364);
#2954=LINE('',#8200,#3365);
#2955=LINE('',#8213,#3366);
#2956=LINE('',#8224,#3367);
#2957=LINE('',#8236,#3368);
#2958=LINE('',#8243,#3369);
#2959=LINE('',#8250,#3370);
#2960=LINE('',#8261,#3371);
#2961=LINE('',#8268,#3372);
#2962=LINE('',#8284,#3373);
#2963=LINE('',#8291,#3374);
#2964=LINE('',#8307,#3375);
#2965=LINE('',#8319,#3376);
#2966=LINE('',#8321,#3377);
#2967=LINE('',#8323,#3378);
#2968=LINE('',#8325,#3379);
#2969=LINE('',#8494,#3380);
#2970=LINE('',#8495,#3381);
#2971=LINE('',#8510,#3382);
#2972=LINE('',#8525,#3383);
#2973=LINE('',#8554,#3384);
#2974=LINE('',#8562,#3385);
#2975=LINE('',#8563,#3386);
#2976=LINE('',#8585,#3387);
#2977=LINE('',#8592,#3388);
#2978=LINE('',#8612,#3389);
#2979=LINE('',#8619,#3390);
#2980=LINE('',#8627,#3391);
#2981=LINE('',#8647,#3392);
#2982=LINE('',#8659,#3393);
#2983=LINE('',#8667,#3394);
#2984=LINE('',#8669,#3395);
#2985=LINE('',#8671,#3396);
#2986=LINE('',#8673,#3397);
#2987=LINE('',#8675,#3398);
#2988=LINE('',#8677,#3399);
#2989=VECTOR('',#5732,1000.);
#2990=VECTOR('',#5735,1000.);
#2991=VECTOR('',#5742,1000.);
#2992=VECTOR('',#5743,1000.);
#2993=VECTOR('',#5748,1000.);
#2994=VECTOR('',#5751,1000.);
#2995=VECTOR('',#5758,1000.);
#2996=VECTOR('',#5761,1000.);
#2997=VECTOR('',#5764,1000.);
#2998=VECTOR('',#5767,1000.);
#2999=VECTOR('',#5770,1000.);
#3000=VECTOR('',#5773,1000.);
#3001=VECTOR('',#5776,1000.);
#3002=VECTOR('',#5779,1000.);
#3003=VECTOR('',#5784,1000.);
#3004=VECTOR('',#5787,1000.);
#3005=VECTOR('',#5790,1000.);
#3006=VECTOR('',#5791,1000.);
#3007=VECTOR('',#5796,1000.);
#3008=VECTOR('',#5799,1000.);
#3009=VECTOR('',#5802,1000.);
#3010=VECTOR('',#5805,1000.);
#3011=VECTOR('',#5808,1000.);
#3012=VECTOR('',#5809,1000.);
#3013=VECTOR('',#5814,1000.);
#3014=VECTOR('',#5817,1000.);
#3015=VECTOR('',#5820,1000.);
#3016=VECTOR('',#5823,1000.);
#3017=VECTOR('',#5826,1000.);
#3018=VECTOR('',#5827,1000.);
#3019=VECTOR('',#5832,1000.);
#3020=VECTOR('',#5835,1000.);
#3021=VECTOR('',#5838,1000.);
#3022=VECTOR('',#5841,1000.);
#3023=VECTOR('',#5844,1000.);
#3024=VECTOR('',#5845,1000.);
#3025=VECTOR('',#5850,1000.);
#3026=VECTOR('',#5853,1000.);
#3027=VECTOR('',#5880,1000.);
#3028=VECTOR('',#5883,1000.);
#3029=VECTOR('',#5908,1000.);
#3030=VECTOR('',#5909,1000.);
#3031=VECTOR('',#5910,1000.);
#3032=VECTOR('',#5913,1000.);
#3033=VECTOR('',#5916,1000.);
#3034=VECTOR('',#5917,1000.);
#3035=VECTOR('',#5918,1000.);
#3036=VECTOR('',#5921,1000.);
#3037=VECTOR('',#5924,1000.);
#3038=VECTOR('',#5925,1000.);
#3039=VECTOR('',#5926,1000.);
#3040=VECTOR('',#5929,1000.);
#3041=VECTOR('',#5932,1000.);
#3042=VECTOR('',#5933,1000.);
#3043=VECTOR('',#5934,1000.);
#3044=VECTOR('',#5935,1000.);
#3045=VECTOR('',#5936,1000.);
#3046=VECTOR('',#5937,1000.);
#3047=VECTOR('',#5940,1000.);
#3048=VECTOR('',#5941,1000.);
#3049=VECTOR('',#5942,1000.);
#3050=VECTOR('',#5943,1000.);
#3051=VECTOR('',#5944,1000.);
#3052=VECTOR('',#5945,1000.);
#3053=VECTOR('',#5946,1000.);
#3054=VECTOR('',#5949,1000.);
#3055=VECTOR('',#5952,1000.);
#3056=VECTOR('',#5953,1000.);
#3057=VECTOR('',#5954,1000.);
#3058=VECTOR('',#5957,1000.);
#3059=VECTOR('',#5960,1000.);
#3060=VECTOR('',#5961,1000.);
#3061=VECTOR('',#5964,1000.);
#3062=VECTOR('',#5967,1000.);
#3063=VECTOR('',#5970,1000.);
#3064=VECTOR('',#5973,1000.);
#3065=VECTOR('',#5976,1000.);
#3066=VECTOR('',#5977,1000.);
#3067=VECTOR('',#5978,1000.);
#3068=VECTOR('',#5981,1000.);
#3069=VECTOR('',#5982,1000.);
#3070=VECTOR('',#5983,1000.);
#3071=VECTOR('',#5986,1000.);
#3072=VECTOR('',#5989,1000.);
#3073=VECTOR('',#5990,1000.);
#3074=VECTOR('',#5993,1000.);
#3075=VECTOR('',#5994,1000.);
#3076=VECTOR('',#5995,1000.);
#3077=VECTOR('',#5998,1000.);
#3078=VECTOR('',#5999,1000.);
#3079=VECTOR('',#6000,1000.);
#3080=VECTOR('',#6003,1000.);
#3081=VECTOR('',#6006,1000.);
#3082=VECTOR('',#6007,1000.);
#3083=VECTOR('',#6010,1000.);
#3084=VECTOR('',#6011,1000.);
#3085=VECTOR('',#6012,1000.);
#3086=VECTOR('',#6015,1000.);
#3087=VECTOR('',#6016,1000.);
#3088=VECTOR('',#6017,1000.);
#3089=VECTOR('',#6020,1000.);
#3090=VECTOR('',#6021,1000.);
#3091=VECTOR('',#6022,1000.);
#3092=VECTOR('',#6025,1000.);
#3093=VECTOR('',#6026,1000.);
#3094=VECTOR('',#6029,1000.);
#3095=VECTOR('',#6030,1000.);
#3096=VECTOR('',#6033,1000.);
#3097=VECTOR('',#6034,1000.);
#3098=VECTOR('',#6037,1000.);
#3099=VECTOR('',#6038,1000.);
#3100=VECTOR('',#6039,1000.);
#3101=VECTOR('',#6042,1000.);
#3102=VECTOR('',#6043,1000.);
#3103=VECTOR('',#6046,1000.);
#3104=VECTOR('',#6047,1000.);
#3105=VECTOR('',#6048,1000.);
#3106=VECTOR('',#6051,1000.);
#3107=VECTOR('',#6052,1000.);
#3108=VECTOR('',#6055,1000.);
#3109=VECTOR('',#6058,1000.);
#3110=VECTOR('',#6059,1000.);
#3111=VECTOR('',#6060,1000.);
#3112=VECTOR('',#6063,1000.);
#3113=VECTOR('',#6064,1000.);
#3114=VECTOR('',#6067,1000.);
#3115=VECTOR('',#6070,1000.);
#3116=VECTOR('',#6071,1000.);
#3117=VECTOR('',#6074,1000.);
#3118=VECTOR('',#6075,1000.);
#3119=VECTOR('',#6078,1000.);
#3120=VECTOR('',#6079,1000.);
#3121=VECTOR('',#6080,1000.);
#3122=VECTOR('',#6083,1000.);
#3123=VECTOR('',#6084,1000.);
#3124=VECTOR('',#6085,1000.);
#3125=VECTOR('',#6088,1000.);
#3126=VECTOR('',#6089,1000.);
#3127=VECTOR('',#6090,1000.);
#3128=VECTOR('',#6093,1000.);
#3129=VECTOR('',#6094,1000.);
#3130=VECTOR('',#6095,1000.);
#3131=VECTOR('',#6098,1000.);
#3132=VECTOR('',#6099,1000.);
#3133=VECTOR('',#6102,1000.);
#3134=VECTOR('',#6103,1000.);
#3135=VECTOR('',#6104,1000.);
#3136=VECTOR('',#6107,1000.);
#3137=VECTOR('',#6108,1000.);
#3138=VECTOR('',#6109,1000.);
#3139=VECTOR('',#6112,1000.);
#3140=VECTOR('',#6113,1000.);
#3141=VECTOR('',#6114,1000.);
#3142=VECTOR('',#6117,1000.);
#3143=VECTOR('',#6118,1000.);
#3144=VECTOR('',#6119,1000.);
#3145=VECTOR('',#6120,1000.);
#3146=VECTOR('',#6123,1000.);
#3147=VECTOR('',#6124,1000.);
#3148=VECTOR('',#6125,1000.);
#3149=VECTOR('',#6126,1000.);
#3150=VECTOR('',#6129,1000.);
#3151=VECTOR('',#6130,1000.);
#3152=VECTOR('',#6131,1000.);
#3153=VECTOR('',#6134,1000.);
#3154=VECTOR('',#6135,1000.);
#3155=VECTOR('',#6136,1000.);
#3156=VECTOR('',#6139,1000.);
#3157=VECTOR('',#6140,1000.);
#3158=VECTOR('',#6141,1000.);
#3159=VECTOR('',#6144,1000.);
#3160=VECTOR('',#6145,1000.);
#3161=VECTOR('',#6146,1000.);
#3162=VECTOR('',#6147,1000.);
#3163=VECTOR('',#6152,1000.);
#3164=VECTOR('',#6153,1000.);
#3165=VECTOR('',#6154,1000.);
#3166=VECTOR('',#6157,1000.);
#3167=VECTOR('',#6158,1000.);
#3168=VECTOR('',#6161,1000.);
#3169=VECTOR('',#6162,1000.);
#3170=VECTOR('',#6165,1000.);
#3171=VECTOR('',#6166,1000.);
#3172=VECTOR('',#6169,1000.);
#3173=VECTOR('',#6170,1000.);
#3174=VECTOR('',#6171,1000.);
#3175=VECTOR('',#6172,1000.);
#3176=VECTOR('',#6175,1000.);
#3177=VECTOR('',#6178,1000.);
#3178=VECTOR('',#6181,1000.);
#3179=VECTOR('',#6184,1000.);
#3180=VECTOR('',#6187,1000.);
#3181=VECTOR('',#6188,1000.);
#3182=VECTOR('',#6189,1000.);
#3183=VECTOR('',#6190,1000.);
#3184=VECTOR('',#6193,1000.);
#3185=VECTOR('',#6194,1000.);
#3186=VECTOR('',#6195,1000.);
#3187=VECTOR('',#6196,1000.);
#3188=VECTOR('',#6199,1000.);
#3189=VECTOR('',#6200,1000.);
#3190=VECTOR('',#6201,1000.);
#3191=VECTOR('',#6204,1000.);
#3192=VECTOR('',#6207,1000.);
#3193=VECTOR('',#6210,1000.);
#3194=VECTOR('',#6213,1000.);
#3195=VECTOR('',#6216,1000.);
#3196=VECTOR('',#6219,1000.);
#3197=VECTOR('',#6222,1000.);
#3198=VECTOR('',#6225,1000.);
#3199=VECTOR('',#6228,1000.);
#3200=VECTOR('',#6231,1000.);
#3201=VECTOR('',#6234,1000.);
#3202=VECTOR('',#6237,1000.);
#3203=VECTOR('',#6240,1000.);
#3204=VECTOR('',#6241,1000.);
#3205=VECTOR('',#6242,1000.);
#3206=VECTOR('',#6243,1000.);
#3207=VECTOR('',#6244,1000.);
#3208=VECTOR('',#6245,1000.);
#3209=VECTOR('',#6246,1000.);
#3210=VECTOR('',#6247,1000.);
#3211=VECTOR('',#6254,1000.);
#3212=VECTOR('',#6255,1000.);
#3213=VECTOR('',#6256,1000.);
#3214=VECTOR('',#6257,1000.);
#3215=VECTOR('',#6258,1000.);
#3216=VECTOR('',#6259,1000.);
#3217=VECTOR('',#6260,1000.);
#3218=VECTOR('',#6261,1000.);
#3219=VECTOR('',#6262,1000.);
#3220=VECTOR('',#6263,1000.);
#3221=VECTOR('',#6264,1000.);
#3222=VECTOR('',#6267,1000.);
#3223=VECTOR('',#6268,1000.);
#3224=VECTOR('',#6269,1000.);
#3225=VECTOR('',#6272,1000.);
#3226=VECTOR('',#6273,1000.);
#3227=VECTOR('',#6276,1000.);
#3228=VECTOR('',#6277,1000.);
#3229=VECTOR('',#6280,1000.);
#3230=VECTOR('',#6281,1000.);
#3231=VECTOR('',#6282,1000.);
#3232=VECTOR('',#6283,1000.);
#3233=VECTOR('',#6292,1000.);
#3234=VECTOR('',#6295,1000.);
#3235=VECTOR('',#6302,1000.);
#3236=VECTOR('',#6303,1000.);
#3237=VECTOR('',#6306,1000.);
#3238=VECTOR('',#6307,1000.);
#3239=VECTOR('',#6310,1000.);
#3240=VECTOR('',#6315,1000.);
#3241=VECTOR('',#6316,1000.);
#3242=VECTOR('',#6317,1000.);
#3243=VECTOR('',#6320,1000.);
#3244=VECTOR('',#6321,1000.);
#3245=VECTOR('',#6324,1000.);
#3246=VECTOR('',#6325,1000.);
#3247=VECTOR('',#6328,1000.);
#3248=VECTOR('',#6353,1000.);
#3249=VECTOR('',#6356,1000.);
#3250=VECTOR('',#6359,1000.);
#3251=VECTOR('',#6360,1000.);
#3252=VECTOR('',#6363,1000.);
#3253=VECTOR('',#6368,1000.);
#3254=VECTOR('',#6369,1000.);
#3255=VECTOR('',#6372,1000.);
#3256=VECTOR('',#6377,1000.);
#3257=VECTOR('',#6378,1000.);
#3258=VECTOR('',#6381,1000.);
#3259=VECTOR('',#6386,1000.);
#3260=VECTOR('',#6387,1000.);
#3261=VECTOR('',#6390,1000.);
#3262=VECTOR('',#6395,1000.);
#3263=VECTOR('',#6396,1000.);
#3264=VECTOR('',#6399,1000.);
#3265=VECTOR('',#6404,1000.);
#3266=VECTOR('',#6405,1000.);
#3267=VECTOR('',#6408,1000.);
#3268=VECTOR('',#6413,1000.);
#3269=VECTOR('',#6414,1000.);
#3270=VECTOR('',#6417,1000.);
#3271=VECTOR('',#6422,1000.);
#3272=VECTOR('',#6423,1000.);
#3273=VECTOR('',#6426,1000.);
#3274=VECTOR('',#6431,1000.);
#3275=VECTOR('',#6432,1000.);
#3276=VECTOR('',#6435,1000.);
#3277=VECTOR('',#6440,1000.);
#3278=VECTOR('',#6441,1000.);
#3279=VECTOR('',#6444,1000.);
#3280=VECTOR('',#6449,1000.);
#3281=VECTOR('',#6450,1000.);
#3282=VECTOR('',#6453,1000.);
#3283=VECTOR('',#6458,1000.);
#3284=VECTOR('',#6465,1000.);
#3285=VECTOR('',#6466,1000.);
#3286=VECTOR('',#6469,1000.);
#3287=VECTOR('',#6470,1000.);
#3288=VECTOR('',#6475,1000.);
#3289=VECTOR('',#6478,1000.);
#3290=VECTOR('',#6479,1000.);
#3291=VECTOR('',#6480,1000.);
#3292=VECTOR('',#6481,1000.);
#3293=VECTOR('',#6482,1000.);
#3294=VECTOR('',#6487,1000.);
#3295=VECTOR('',#6490,1000.);
#3296=VECTOR('',#6491,1000.);
#3297=VECTOR('',#6496,1000.);
#3298=VECTOR('',#6499,1000.);
#3299=VECTOR('',#6500,1000.);
#3300=VECTOR('',#6501,1000.);
#3301=VECTOR('',#6502,1000.);
#3302=VECTOR('',#6505,1000.);
#3303=VECTOR('',#6508,1000.);
#3304=VECTOR('',#6515,1000.);
#3305=VECTOR('',#6518,1000.);
#3306=VECTOR('',#6521,1000.);
#3307=VECTOR('',#6522,1000.);
#3308=VECTOR('',#6525,1000.);
#3309=VECTOR('',#6526,1000.);
#3310=VECTOR('',#6529,1000.);
#3311=VECTOR('',#6534,1000.);
#3312=VECTOR('',#6535,1000.);
#3313=VECTOR('',#6538,1000.);
#3314=VECTOR('',#6543,1000.);
#3315=VECTOR('',#6544,1000.);
#3316=VECTOR('',#6547,1000.);
#3317=VECTOR('',#6552,1000.);
#3318=VECTOR('',#6553,1000.);
#3319=VECTOR('',#6556,1000.);
#3320=VECTOR('',#6561,1000.);
#3321=VECTOR('',#6562,1000.);
#3322=VECTOR('',#6565,1000.);
#3323=VECTOR('',#6566,1000.);
#3324=VECTOR('',#6569,1000.);
#3325=VECTOR('',#6574,1000.);
#3326=VECTOR('',#6579,1000.);
#3327=VECTOR('',#6580,1000.);
#3328=VECTOR('',#6581,1000.);
#3329=VECTOR('',#6584,1000.);
#3330=VECTOR('',#6585,1000.);
#3331=VECTOR('',#6588,1000.);
#3332=VECTOR('',#6593,1000.);
#3333=VECTOR('',#6594,1000.);
#3334=VECTOR('',#6597,1000.);
#3335=VECTOR('',#6602,1000.);
#3336=VECTOR('',#6603,1000.);
#3337=VECTOR('',#6606,1000.);
#3338=VECTOR('',#6607,1000.);
#3339=VECTOR('',#6610,1000.);
#3340=VECTOR('',#6615,1000.);
#3341=VECTOR('',#6616,1000.);
#3342=VECTOR('',#6619,1000.);
#3343=VECTOR('',#6624,1000.);
#3344=VECTOR('',#6625,1000.);
#3345=VECTOR('',#6628,1000.);
#3346=VECTOR('',#6629,1000.);
#3347=VECTOR('',#6632,1000.);
#3348=VECTOR('',#6637,1000.);
#3349=VECTOR('',#6638,1000.);
#3350=VECTOR('',#6641,1000.);
#3351=VECTOR('',#6646,1000.);
#3352=VECTOR('',#6647,1000.);
#3353=VECTOR('',#6650,1000.);
#3354=VECTOR('',#6651,1000.);
#3355=VECTOR('',#6654,1000.);
#3356=VECTOR('',#6659,1000.);
#3357=VECTOR('',#6660,1000.);
#3358=VECTOR('',#6669,1000.);
#3359=VECTOR('',#6670,1000.);
#3360=VECTOR('',#6671,1000.);
#3361=VECTOR('',#6672,1000.);
#3362=VECTOR('',#6673,1000.);
#3363=VECTOR('',#6674,1000.);
#3364=VECTOR('',#6675,1000.);
#3365=VECTOR('',#6676,1000.);
#3366=VECTOR('',#6677,1000.);
#3367=VECTOR('',#6678,1000.);
#3368=VECTOR('',#6681,1000.);
#3369=VECTOR('',#6682,1000.);
#3370=VECTOR('',#6683,1000.);
#3371=VECTOR('',#6684,1000.);
#3372=VECTOR('',#6685,1000.);
#3373=VECTOR('',#6686,1000.);
#3374=VECTOR('',#6687,1000.);
#3375=VECTOR('',#6688,1000.);
#3376=VECTOR('',#6691,1000.);
#3377=VECTOR('',#6694,1000.);
#3378=VECTOR('',#6697,1000.);
#3379=VECTOR('',#6700,1000.);
#3380=VECTOR('',#6705,1000.);
#3381=VECTOR('',#6706,1000.);
#3382=VECTOR('',#6707,1000.);
#3383=VECTOR('',#6708,1000.);
#3384=VECTOR('',#6709,1000.);
#3385=VECTOR('',#6710,1000.);
#3386=VECTOR('',#6711,1000.);
#3387=VECTOR('',#6712,1000.);
#3388=VECTOR('',#6713,1000.);
#3389=VECTOR('',#6714,1000.);
#3390=VECTOR('',#6715,1000.);
#3391=VECTOR('',#6716,1000.);
#3392=VECTOR('',#6717,1000.);
#3393=VECTOR('',#6718,1000.);
#3394=VECTOR('',#6721,1000.);
#3395=VECTOR('',#6724,1000.);
#3396=VECTOR('',#6727,1000.);
#3397=VECTOR('',#6730,1000.);
#3398=VECTOR('',#6733,1000.);
#3399=VECTOR('',#6736,1000.);
#3400=EDGE_LOOP('',(#392,#393,#394,#395));
#3401=EDGE_LOOP('',(#396));
#3402=EDGE_LOOP('',(#397,#398,#399,#400));
#3403=EDGE_LOOP('',(#401,#402,#403,#404));
#3404=EDGE_LOOP('',(#405));
#3405=EDGE_LOOP('',(#406));
#3406=EDGE_LOOP('',(#407,#408,#409,#410));
#3407=EDGE_LOOP('',(#411,#412,#413,#414));
#3408=EDGE_LOOP('',(#415,#416,#417,#418));
#3409=EDGE_LOOP('',(#419,#420,#421,#422));
#3410=EDGE_LOOP('',(#423));
#3411=EDGE_LOOP('',(#424,#425,#426,#427));
#3412=EDGE_LOOP('',(#428,#429,#430,#431,#432,#433));
#3413=EDGE_LOOP('',(#434,#435,#436,#437));
#3414=EDGE_LOOP('',(#438,#439,#440,#441,#442,#443));
#3415=EDGE_LOOP('',(#444,#445,#446,#447));
#3416=EDGE_LOOP('',(#448,#449,#450,#451,#452,#453));
#3417=EDGE_LOOP('',(#454,#455,#456,#457));
#3418=EDGE_LOOP('',(#458,#459,#460,#461,#462,#463));
#3419=EDGE_LOOP('',(#464,#465,#466,#467));
#3420=EDGE_LOOP('',(#468,#469,#470,#471,#472,#473));
#3421=EDGE_LOOP('',(#474,#475,#476,#477));
#3422=EDGE_LOOP('',(#478,#479,#480,#481,#482,#483));
#3423=EDGE_LOOP('',(#484,#485,#486,#487));
#3424=EDGE_LOOP('',(#488,#489,#490,#491,#492,#493));
#3425=EDGE_LOOP('',(#494,#495,#496,#497));
#3426=EDGE_LOOP('',(#498,#499,#500,#501,#502,#503));
#3427=EDGE_LOOP('',(#504,#505,#506,#507));
#3428=EDGE_LOOP('',(#508,#509,#510,#511));
#3429=EDGE_LOOP('',(#512,#513,#514,#515));
#3430=EDGE_LOOP('',(#516,#517,#518,#519));
#3431=EDGE_LOOP('',(#520,#521,#522,#523));
#3432=EDGE_LOOP('',(#524,#525,#526,#527));
#3433=EDGE_LOOP('',(#528,#529,#530,#531));
#3434=EDGE_LOOP('',(#532,#533,#534,#535));
#3435=EDGE_LOOP('',(#536,#537,#538,#539));
#3436=EDGE_LOOP('',(#540,#541,#542,#543));
#3437=EDGE_LOOP('',(#544,#545,#546,#547));
#3438=EDGE_LOOP('',(#548,#549,#550,#551));
#3439=EDGE_LOOP('',(#552,#553,#554,#555));
#3440=EDGE_LOOP('',(#556,#557,#558,#559));
#3441=EDGE_LOOP('',(#560,#561,#562,#563));
#3442=EDGE_LOOP('',(#564,#565,#566,#567,#568,#569,#570,#571,#572,#573,#574,
#575,#576,#577,#578,#579,#580,#581,#582,#583,#584,#585,#586,#587,#588,#589,
#590,#591));
#3443=EDGE_LOOP('',(#592,#593,#594,#595,#596,#597,#598,#599,#600,#601,#602,
#603,#604,#605,#606,#607,#608,#609,#610,#611,#612,#613,#614,#615,#616,#617,
#618,#619,#620,#621));
#3444=EDGE_LOOP('',(#622,#623,#624,#625));
#3445=EDGE_LOOP('',(#626,#627,#628,#629));
#3446=EDGE_LOOP('',(#630,#631,#632,#633,#634));
#3447=EDGE_LOOP('',(#635,#636,#637,#638));
#3448=EDGE_LOOP('',(#639,#640,#641,#642));
#3449=EDGE_LOOP('',(#643,#644,#645,#646));
#3450=EDGE_LOOP('',(#647,#648,#649,#650,#651));
#3451=EDGE_LOOP('',(#652,#653,#654,#655,#656));
#3452=EDGE_LOOP('',(#657,#658,#659,#660));
#3453=EDGE_LOOP('',(#661,#662,#663,#664));
#3454=EDGE_LOOP('',(#665,#666,#667,#668,#669,#670,#671,#672,#673,#674));
#3455=EDGE_LOOP('',(#675,#676,#677,#678));
#3456=EDGE_LOOP('',(#679,#680,#681,#682));
#3457=EDGE_LOOP('',(#683,#684,#685,#686));
#3458=EDGE_LOOP('',(#687,#688,#689,#690));
#3459=EDGE_LOOP('',(#691,#692,#693,#694));
#3460=EDGE_LOOP('',(#695,#696,#697,#698));
#3461=EDGE_LOOP('',(#699,#700,#701,#702,#703));
#3462=EDGE_LOOP('',(#704,#705,#706));
#3463=EDGE_LOOP('',(#707,#708,#709,#710));
#3464=EDGE_LOOP('',(#711,#712,#713,#714));
#3465=EDGE_LOOP('',(#715,#716,#717,#718,#719,#720));
#3466=EDGE_LOOP('',(#721,#722,#723,#724));
#3467=EDGE_LOOP('',(#725,#726,#727,#728));
#3468=EDGE_LOOP('',(#729,#730,#731,#732));
#3469=EDGE_LOOP('',(#733,#734,#735,#736));
#3470=EDGE_LOOP('',(#737,#738,#739,#740));
#3471=EDGE_LOOP('',(#741,#742,#743));
#3472=EDGE_LOOP('',(#744,#745,#746,#747));
#3473=EDGE_LOOP('',(#748,#749,#750,#751));
#3474=EDGE_LOOP('',(#752,#753,#754,#755));
#3475=EDGE_LOOP('',(#756,#757,#758,#759,#760));
#3476=EDGE_LOOP('',(#761,#762,#763,#764,#765));
#3477=EDGE_LOOP('',(#766,#767,#768,#769));
#3478=EDGE_LOOP('',(#770,#771,#772,#773));
#3479=EDGE_LOOP('',(#774,#775,#776,#777));
#3480=EDGE_LOOP('',(#778,#779,#780,#781,#782,#783));
#3481=EDGE_LOOP('',(#784,#785,#786));
#3482=EDGE_LOOP('',(#787,#788,#789,#790));
#3483=EDGE_LOOP('',(#791,#792,#793,#794));
#3484=EDGE_LOOP('',(#795,#796,#797,#798));
#3485=EDGE_LOOP('',(#799,#800,#801,#802));
#3486=EDGE_LOOP('',(#803,#804,#805,#806,#807,#808,#809,#810));
#3487=EDGE_LOOP('',(#811,#812,#813,#814));
#3488=EDGE_LOOP('',(#815,#816,#817,#818));
#3489=EDGE_LOOP('',(#819,#820,#821,#822));
#3490=EDGE_LOOP('',(#823,#824,#825,#826,#827,#828,#829,#830,#831,#832,#833,
#834,#835,#836,#837,#838,#839,#840,#841,#842,#843,#844,#845,#846));
#3491=EDGE_LOOP('',(#847,#848,#849,#850,#851,#852,#853,#854));
#3492=EDGE_LOOP('',(#855));
#3493=EDGE_LOOP('',(#856));
#3494=EDGE_LOOP('',(#857,#858,#859,#860));
#3495=EDGE_LOOP('',(#861,#862,#863,#864,#865,#866,#867,#868,#869,#870));
#3496=EDGE_LOOP('',(#871,#872,#873,#874));
#3497=EDGE_LOOP('',(#875,#876,#877,#878));
#3498=EDGE_LOOP('',(#879,#880,#881,#882));
#3499=EDGE_LOOP('',(#883,#884,#885,#886,#887,#888));
#3500=EDGE_LOOP('',(#889,#890,#891,#892,#893,#894));
#3501=EDGE_LOOP('',(#895));
#3502=EDGE_LOOP('',(#896));
#3503=EDGE_LOOP('',(#897,#898,#899,#900,#901,#902));
#3504=EDGE_LOOP('',(#903,#904,#905,#906));
#3505=EDGE_LOOP('',(#907,#908,#909,#910));
#3506=EDGE_LOOP('',(#911,#912,#913,#914));
#3507=EDGE_LOOP('',(#915,#916,#917,#918));
#3508=EDGE_LOOP('',(#919,#920,#921,#922));
#3509=EDGE_LOOP('',(#923,#924,#925,#926));
#3510=EDGE_LOOP('',(#927,#928,#929,#930));
#3511=EDGE_LOOP('',(#931,#932,#933,#934));
#3512=EDGE_LOOP('',(#935,#936,#937,#938));
#3513=EDGE_LOOP('',(#939,#940,#941,#942));
#3514=EDGE_LOOP('',(#943,#944,#945,#946));
#3515=EDGE_LOOP('',(#947,#948,#949,#950));
#3516=EDGE_LOOP('',(#951,#952,#953,#954));
#3517=EDGE_LOOP('',(#955));
#3518=EDGE_LOOP('',(#956));
#3519=EDGE_LOOP('',(#957));
#3520=EDGE_LOOP('',(#958));
#3521=EDGE_LOOP('',(#959));
#3522=EDGE_LOOP('',(#960));
#3523=EDGE_LOOP('',(#961));
#3524=EDGE_LOOP('',(#962));
#3525=EDGE_LOOP('',(#963));
#3526=EDGE_LOOP('',(#964));
#3527=EDGE_LOOP('',(#965));
#3528=EDGE_LOOP('',(#966));
#3529=EDGE_LOOP('',(#967,#968,#969,#970));
#3530=EDGE_LOOP('',(#971,#972,#973,#974));
#3531=EDGE_LOOP('',(#975,#976,#977,#978));
#3532=EDGE_LOOP('',(#979,#980,#981,#982));
#3533=EDGE_LOOP('',(#983,#984,#985,#986));
#3534=EDGE_LOOP('',(#987,#988,#989,#990));
#3535=EDGE_LOOP('',(#991,#992,#993,#994));
#3536=EDGE_LOOP('',(#995,#996,#997,#998));
#3537=EDGE_LOOP('',(#999,#1000,#1001,#1002));
#3538=EDGE_LOOP('',(#1003,#1004,#1005,#1006));
#3539=EDGE_LOOP('',(#1007,#1008,#1009,#1010));
#3540=EDGE_LOOP('',(#1011,#1012,#1013,#1014));
#3541=EDGE_LOOP('',(#1015,#1016,#1017,#1018));
#3542=EDGE_LOOP('',(#1019,#1020,#1021,#1022));
#3543=EDGE_LOOP('',(#1023,#1024,#1025,#1026));
#3544=EDGE_LOOP('',(#1027,#1028,#1029,#1030));
#3545=EDGE_LOOP('',(#1031,#1032,#1033,#1034));
#3546=EDGE_LOOP('',(#1035,#1036,#1037,#1038));
#3547=EDGE_LOOP('',(#1039,#1040,#1041,#1042));
#3548=EDGE_LOOP('',(#1043,#1044,#1045,#1046));
#3549=EDGE_LOOP('',(#1047,#1048,#1049,#1050));
#3550=EDGE_LOOP('',(#1051,#1052,#1053,#1054));
#3551=EDGE_LOOP('',(#1055,#1056,#1057,#1058));
#3552=EDGE_LOOP('',(#1059,#1060,#1061,#1062));
#3553=EDGE_LOOP('',(#1063,#1064,#1065,#1066,#1067,#1068,#1069,#1070,#1071,
#1072,#1073,#1074,#1075,#1076,#1077,#1078,#1079,#1080,#1081,#1082,#1083,
#1084,#1085,#1086));
#3554=EDGE_LOOP('',(#1087,#1088,#1089,#1090));
#3555=EDGE_LOOP('',(#1091,#1092,#1093,#1094));
#3556=EDGE_LOOP('',(#1095,#1096,#1097,#1098));
#3557=EDGE_LOOP('',(#1099,#1100,#1101,#1102,#1103,#1104,#1105,#1106,#1107,
#1108,#1109,#1110,#1111,#1112,#1113,#1114));
#3558=EDGE_LOOP('',(#1115,#1116,#1117,#1118));
#3559=EDGE_LOOP('',(#1119,#1120,#1121,#1122));
#3560=EDGE_LOOP('',(#1123,#1124,#1125,#1126));
#3561=EDGE_LOOP('',(#1127,#1128,#1129,#1130,#1131,#1132,#1133,#1134,#1135,
#1136,#1137,#1138,#1139,#1140,#1141,#1142));
#3562=EDGE_LOOP('',(#1143,#1144,#1145,#1146));
#3563=EDGE_LOOP('',(#1147,#1148,#1149,#1150));
#3564=EDGE_LOOP('',(#1151,#1152,#1153,#1154,#1155,#1156));
#3565=EDGE_LOOP('',(#1157,#1158,#1159,#1160,#1161,#1162));
#3566=EDGE_LOOP('',(#1163,#1164,#1165,#1166));
#3567=EDGE_LOOP('',(#1167,#1168,#1169,#1170,#1171,#1172,#1173,#1174,#1175,
#1176));
#3568=EDGE_LOOP('',(#1177,#1178,#1179,#1180));
#3569=EDGE_LOOP('',(#1181,#1182,#1183,#1184,#1185,#1186));
#3570=EDGE_LOOP('',(#1187,#1188,#1189,#1190));
#3571=EDGE_LOOP('',(#1191,#1192,#1193,#1194));
#3572=EDGE_LOOP('',(#1195,#1196,#1197,#1198));
#3573=EDGE_LOOP('',(#1199,#1200,#1201,#1202));
#3574=EDGE_LOOP('',(#1203,#1204,#1205,#1206));
#3575=EDGE_LOOP('',(#1207,#1208,#1209,#1210,#1211,#1212));
#3576=EDGE_LOOP('',(#1213,#1214,#1215,#1216));
#3577=EDGE_LOOP('',(#1217,#1218,#1219,#1220,#1221,#1222,#1223,#1224,#1225,
#1226));
#3578=EDGE_LOOP('',(#1227,#1228,#1229,#1230));
#3579=EDGE_LOOP('',(#1231,#1232,#1233,#1234));
#3580=EDGE_LOOP('',(#1235,#1236,#1237,#1238,#1239,#1240,#1241,#1242,#1243,
#1244,#1245,#1246,#1247,#1248));
#3581=EDGE_LOOP('',(#1249,#1250,#1251,#1252,#1253,#1254,#1255,#1256));
#3582=EDGE_LOOP('',(#1257,#1258,#1259,#1260,#1261,#1262,#1263,#1264));
#3583=EDGE_LOOP('',(#1265,#1266,#1267,#1268));
#3584=EDGE_LOOP('',(#1269,#1270,#1271,#1272));
#3585=EDGE_LOOP('',(#1273,#1274,#1275,#1276));
#3586=EDGE_LOOP('',(#1277,#1278,#1279,#1280,#1281,#1282));
#3587=EDGE_LOOP('',(#1283,#1284,#1285,#1286,#1287,#1288));
#3588=EDGE_LOOP('',(#1289,#1290,#1291,#1292));
#3589=EDGE_LOOP('',(#1293,#1294,#1295,#1296));
#3590=EDGE_LOOP('',(#1297,#1298,#1299,#1300));
#3591=EDGE_LOOP('',(#1301,#1302,#1303,#1304,#1305,#1306,#1307,#1308));
#3592=EDGE_LOOP('',(#1309,#1310,#1311,#1312,#1313,#1314,#1315,#1316));
#3593=EDGE_LOOP('',(#1317,#1318,#1319,#1320));
#3594=EDGE_LOOP('',(#1321,#1322,#1323,#1324));
#3595=EDGE_LOOP('',(#1325,#1326,#1327,#1328));
#3596=EDGE_LOOP('',(#1329,#1330,#1331,#1332,#1333,#1334));
#3597=EDGE_LOOP('',(#1335,#1336,#1337,#1338,#1339,#1340));
#3598=EDGE_LOOP('',(#1341,#1342,#1343,#1344));
#3599=EDGE_LOOP('',(#1345,#1346,#1347,#1348));
#3600=EDGE_LOOP('',(#1349,#1350,#1351,#1352));
#3601=EDGE_LOOP('',(#1353,#1354,#1355,#1356,#1357,#1358,#1359,#1360,#1361,
#1362,#1363,#1364,#1365,#1366,#1367,#1368,#1369,#1370,#1371,#1372));
#3602=EDGE_LOOP('',(#1373,#1374,#1375,#1376,#1377,#1378,#1379,#1380,#1381));
#3603=EDGE_LOOP('',(#1382,#1383,#1384,#1385));
#3604=EDGE_LOOP('',(#1386,#1387,#1388,#1389,#1390,#1391));
#3605=EDGE_LOOP('',(#1392,#1393,#1394,#1395,#1396,#1397,#1398,#1399));
#3606=EDGE_LOOP('',(#1400,#1401,#1402,#1403,#1404,#1405,#1406,#1407));
#3607=EDGE_LOOP('',(#1408,#1409,#1410,#1411,#1412,#1413));
#3608=EDGE_LOOP('',(#1414,#1415,#1416,#1417,#1418,#1419,#1420,#1421));
#3609=EDGE_LOOP('',(#1422,#1423,#1424,#1425,#1426,#1427));
#3610=EDGE_LOOP('',(#1428,#1429,#1430,#1431,#1432,#1433));
#3611=EDGE_LOOP('',(#1434,#1435,#1436,#1437));
#3612=EDGE_LOOP('',(#1438,#1439,#1440,#1441));
#3613=EDGE_LOOP('',(#1442,#1443,#1444,#1445,#1446,#1447));
#3614=EDGE_LOOP('',(#1448,#1449,#1450,#1451,#1452,#1453));
#3615=EDGE_LOOP('',(#1454,#1455,#1456,#1457,#1458,#1459));
#3616=EDGE_LOOP('',(#1460,#1461,#1462,#1463,#1464,#1465));
#3617=EDGE_LOOP('',(#1466,#1467,#1468));
#3618=EDGE_LOOP('',(#1469,#1470,#1471,#1472));
#3619=EDGE_LOOP('',(#1473,#1474,#1475,#1476,#1477,#1478));
#3620=EDGE_LOOP('',(#1479,#1480,#1481,#1482));
#3621=EDGE_LOOP('',(#1483,#1484,#1485));
#3622=EDGE_LOOP('',(#1486,#1487,#1488,#1489));
#3623=EDGE_LOOP('',(#1490,#1491,#1492,#1493));
#3624=EDGE_LOOP('',(#1494,#1495,#1496,#1497,#1498,#1499,#1500,#1501));
#3625=EDGE_LOOP('',(#1502,#1503,#1504,#1505,#1506,#1507,#1508,#1509));
#3626=EDGE_LOOP('',(#1510,#1511,#1512,#1513,#1514,#1515,#1516,#1517));
#3627=EDGE_LOOP('',(#1518,#1519,#1520,#1521,#1522,#1523,#1524,#1525));
#3628=EDGE_LOOP('',(#1526,#1527,#1528,#1529,#1530,#1531));
#3629=EDGE_LOOP('',(#1532,#1533,#1534,#1535,#1536,#1537));
#3630=EDGE_LOOP('',(#1538,#1539,#1540,#1541,#1542,#1543,#1544,#1545));
#3631=EDGE_LOOP('',(#1546,#1547,#1548,#1549,#1550,#1551,#1552,#1553));
#3632=EDGE_LOOP('',(#1554,#1555,#1556));
#3633=EDGE_LOOP('',(#1557,#1558,#1559,#1560));
#3634=EDGE_LOOP('',(#1561,#1562,#1563,#1564,#1565,#1566));
#3635=EDGE_LOOP('',(#1567,#1568,#1569,#1570));
#3636=EDGE_LOOP('',(#1571,#1572,#1573,#1574));
#3637=EDGE_LOOP('',(#1575,#1576,#1577,#1578));
#3638=EDGE_LOOP('',(#1579,#1580,#1581));
#3639=FACE_BOUND('',#3400,.T.);
#3640=FACE_BOUND('',#3401,.T.);
#3641=FACE_BOUND('',#3402,.T.);
#3642=FACE_BOUND('',#3403,.T.);
#3643=FACE_BOUND('',#3404,.T.);
#3644=FACE_BOUND('',#3405,.T.);
#3645=FACE_BOUND('',#162,.T.);
#3646=FACE_BOUND('',#3406,.T.);
#3647=FACE_BOUND('',#3407,.T.);
#3648=FACE_BOUND('',#3408,.T.);
#3649=FACE_BOUND('',#3409,.T.);
#3650=FACE_BOUND('',#3410,.T.);
#3651=FACE_BOUND('',#3411,.T.);
#3652=FACE_BOUND('',#3412,.T.);
#3653=FACE_BOUND('',#3413,.T.);
#3654=FACE_BOUND('',#3414,.T.);
#3655=FACE_BOUND('',#3415,.T.);
#3656=FACE_BOUND('',#3416,.T.);
#3657=FACE_BOUND('',#3417,.T.);
#3658=FACE_BOUND('',#3418,.T.);
#3659=FACE_BOUND('',#3419,.T.);
#3660=FACE_BOUND('',#3420,.T.);
#3661=FACE_BOUND('',#3421,.T.);
#3662=FACE_BOUND('',#3422,.T.);
#3663=FACE_BOUND('',#3423,.T.);
#3664=FACE_BOUND('',#3424,.T.);
#3665=FACE_BOUND('',#3425,.T.);
#3666=FACE_BOUND('',#3426,.T.);
#3667=FACE_BOUND('',#3427,.T.);
#3668=FACE_BOUND('',#3428,.T.);
#3669=FACE_BOUND('',#3429,.T.);
#3670=FACE_BOUND('',#3430,.T.);
#3671=FACE_BOUND('',#3431,.T.);
#3672=FACE_BOUND('',#3432,.T.);
#3673=FACE_BOUND('',#3433,.T.);
#3674=FACE_BOUND('',#3434,.T.);
#3675=FACE_BOUND('',#3435,.T.);
#3676=FACE_BOUND('',#3436,.T.);
#3677=FACE_BOUND('',#3437,.T.);
#3678=FACE_BOUND('',#3438,.T.);
#3679=FACE_BOUND('',#3439,.T.);
#3680=FACE_BOUND('',#3440,.T.);
#3681=FACE_BOUND('',#3441,.T.);
#3682=FACE_BOUND('',#3442,.T.);
#3683=FACE_BOUND('',#3443,.T.);
#3684=FACE_BOUND('',#3444,.T.);
#3685=FACE_BOUND('',#3445,.T.);
#3686=FACE_BOUND('',#3446,.T.);
#3687=FACE_BOUND('',#3447,.T.);
#3688=FACE_BOUND('',#3448,.T.);
#3689=FACE_BOUND('',#3449,.T.);
#3690=FACE_BOUND('',#3450,.T.);
#3691=FACE_BOUND('',#3451,.T.);
#3692=FACE_BOUND('',#3452,.T.);
#3693=FACE_BOUND('',#3453,.T.);
#3694=FACE_BOUND('',#3454,.T.);
#3695=FACE_BOUND('',#3455,.T.);
#3696=FACE_BOUND('',#3456,.T.);
#3697=FACE_BOUND('',#3457,.T.);
#3698=FACE_BOUND('',#3458,.T.);
#3699=FACE_BOUND('',#3459,.T.);
#3700=FACE_BOUND('',#3460,.T.);
#3701=FACE_BOUND('',#3461,.T.);
#3702=FACE_BOUND('',#3462,.T.);
#3703=FACE_BOUND('',#3463,.T.);
#3704=FACE_BOUND('',#3464,.T.);
#3705=FACE_BOUND('',#3465,.T.);
#3706=FACE_BOUND('',#3466,.T.);
#3707=FACE_BOUND('',#3467,.T.);
#3708=FACE_BOUND('',#3468,.T.);
#3709=FACE_BOUND('',#3469,.T.);
#3710=FACE_BOUND('',#3470,.T.);
#3711=FACE_BOUND('',#3471,.T.);
#3712=FACE_BOUND('',#3472,.T.);
#3713=FACE_BOUND('',#3473,.T.);
#3714=FACE_BOUND('',#3474,.T.);
#3715=FACE_BOUND('',#3475,.T.);
#3716=FACE_BOUND('',#3476,.T.);
#3717=FACE_BOUND('',#3477,.T.);
#3718=FACE_BOUND('',#3478,.T.);
#3719=FACE_BOUND('',#3479,.T.);
#3720=FACE_BOUND('',#3480,.T.);
#3721=FACE_BOUND('',#3481,.T.);
#3722=FACE_BOUND('',#3482,.T.);
#3723=FACE_BOUND('',#3483,.T.);
#3724=FACE_BOUND('',#3484,.T.);
#3725=FACE_BOUND('',#3485,.T.);
#3726=FACE_BOUND('',#3486,.T.);
#3727=FACE_BOUND('',#3487,.T.);
#3728=FACE_BOUND('',#3488,.T.);
#3729=FACE_BOUND('',#3489,.T.);
#3730=FACE_BOUND('',#3490,.T.);
#3731=FACE_BOUND('',#3491,.T.);
#3732=FACE_BOUND('',#3492,.T.);
#3733=FACE_BOUND('',#3493,.T.);
#3734=FACE_BOUND('',#3494,.T.);
#3735=FACE_BOUND('',#3495,.T.);
#3736=FACE_BOUND('',#3496,.T.);
#3737=FACE_BOUND('',#3497,.T.);
#3738=FACE_BOUND('',#3498,.T.);
#3739=FACE_BOUND('',#3499,.T.);
#3740=FACE_BOUND('',#3500,.T.);
#3741=FACE_BOUND('',#3501,.T.);
#3742=FACE_BOUND('',#3502,.T.);
#3743=FACE_BOUND('',#3503,.T.);
#3744=FACE_BOUND('',#3504,.T.);
#3745=FACE_BOUND('',#3505,.T.);
#3746=FACE_BOUND('',#3506,.T.);
#3747=FACE_BOUND('',#3507,.T.);
#3748=FACE_BOUND('',#3508,.T.);
#3749=FACE_BOUND('',#3509,.T.);
#3750=FACE_BOUND('',#3510,.T.);
#3751=FACE_BOUND('',#3511,.T.);
#3752=FACE_BOUND('',#3512,.T.);
#3753=FACE_BOUND('',#3513,.T.);
#3754=FACE_BOUND('',#3514,.T.);
#3755=FACE_BOUND('',#3515,.T.);
#3756=FACE_BOUND('',#3516,.T.);
#3757=FACE_BOUND('',#3517,.T.);
#3758=FACE_BOUND('',#3518,.T.);
#3759=FACE_BOUND('',#3519,.T.);
#3760=FACE_BOUND('',#3520,.T.);
#3761=FACE_BOUND('',#3521,.T.);
#3762=FACE_BOUND('',#3522,.T.);
#3763=FACE_BOUND('',#3523,.T.);
#3764=FACE_BOUND('',#3524,.T.);
#3765=FACE_BOUND('',#3525,.T.);
#3766=FACE_BOUND('',#3526,.T.);
#3767=FACE_BOUND('',#3527,.T.);
#3768=FACE_BOUND('',#3528,.T.);
#3769=FACE_BOUND('',#3529,.T.);
#3770=FACE_BOUND('',#3530,.T.);
#3771=FACE_BOUND('',#3531,.T.);
#3772=FACE_BOUND('',#3532,.T.);
#3773=FACE_BOUND('',#3533,.T.);
#3774=FACE_BOUND('',#3534,.T.);
#3775=FACE_BOUND('',#3535,.T.);
#3776=FACE_BOUND('',#3536,.T.);
#3777=FACE_BOUND('',#3537,.T.);
#3778=FACE_BOUND('',#3538,.T.);
#3779=FACE_BOUND('',#3539,.T.);
#3780=FACE_BOUND('',#3540,.T.);
#3781=FACE_BOUND('',#3541,.T.);
#3782=FACE_BOUND('',#3542,.T.);
#3783=FACE_BOUND('',#3543,.T.);
#3784=FACE_BOUND('',#3544,.T.);
#3785=FACE_BOUND('',#3545,.T.);
#3786=FACE_BOUND('',#3546,.T.);
#3787=FACE_BOUND('',#3547,.T.);
#3788=FACE_BOUND('',#3548,.T.);
#3789=FACE_BOUND('',#3549,.T.);
#3790=FACE_BOUND('',#3550,.T.);
#3791=FACE_BOUND('',#3551,.T.);
#3792=FACE_BOUND('',#3552,.T.);
#3793=FACE_BOUND('',#3553,.T.);
#3794=FACE_BOUND('',#3554,.T.);
#3795=FACE_BOUND('',#3555,.T.);
#3796=FACE_BOUND('',#3556,.T.);
#3797=FACE_BOUND('',#3557,.T.);
#3798=FACE_BOUND('',#3558,.T.);
#3799=FACE_BOUND('',#3559,.T.);
#3800=FACE_BOUND('',#3560,.T.);
#3801=FACE_BOUND('',#3561,.T.);
#3802=FACE_BOUND('',#3562,.T.);
#3803=FACE_BOUND('',#3563,.T.);
#3804=FACE_BOUND('',#3564,.T.);
#3805=FACE_BOUND('',#3565,.T.);
#3806=FACE_BOUND('',#3566,.T.);
#3807=FACE_BOUND('',#3567,.T.);
#3808=FACE_BOUND('',#3568,.T.);
#3809=FACE_BOUND('',#3569,.T.);
#3810=FACE_BOUND('',#3570,.T.);
#3811=FACE_BOUND('',#3571,.T.);
#3812=FACE_BOUND('',#3572,.T.);
#3813=FACE_BOUND('',#3573,.T.);
#3814=FACE_BOUND('',#3574,.T.);
#3815=FACE_BOUND('',#3575,.T.);
#3816=FACE_BOUND('',#3576,.T.);
#3817=FACE_BOUND('',#3577,.T.);
#3818=FACE_BOUND('',#3578,.T.);
#3819=FACE_BOUND('',#3579,.T.);
#3820=FACE_BOUND('',#3580,.T.);
#3821=FACE_BOUND('',#3581,.T.);
#3822=FACE_BOUND('',#3582,.T.);
#3823=FACE_BOUND('',#3583,.T.);
#3824=FACE_BOUND('',#3584,.T.);
#3825=FACE_BOUND('',#3585,.T.);
#3826=FACE_BOUND('',#3586,.T.);
#3827=FACE_BOUND('',#3587,.T.);
#3828=FACE_BOUND('',#3588,.T.);
#3829=FACE_BOUND('',#3589,.T.);
#3830=FACE_BOUND('',#3590,.T.);
#3831=FACE_BOUND('',#3591,.T.);
#3832=FACE_BOUND('',#3592,.T.);
#3833=FACE_BOUND('',#3593,.T.);
#3834=FACE_BOUND('',#3594,.T.);
#3835=FACE_BOUND('',#3595,.T.);
#3836=FACE_BOUND('',#3596,.T.);
#3837=FACE_BOUND('',#3597,.T.);
#3838=FACE_BOUND('',#3598,.T.);
#3839=FACE_BOUND('',#3599,.T.);
#3840=FACE_BOUND('',#3600,.T.);
#3841=FACE_BOUND('',#3601,.T.);
#3842=FACE_BOUND('',#3602,.T.);
#3843=FACE_BOUND('',#3603,.T.);
#3844=FACE_BOUND('',#3604,.T.);
#3845=FACE_BOUND('',#3605,.T.);
#3846=FACE_BOUND('',#3606,.T.);
#3847=FACE_BOUND('',#3607,.T.);
#3848=FACE_BOUND('',#3608,.T.);
#3849=FACE_BOUND('',#3609,.T.);
#3850=FACE_BOUND('',#3610,.T.);
#3851=FACE_BOUND('',#3611,.T.);
#3852=FACE_BOUND('',#3612,.T.);
#3853=FACE_BOUND('',#3613,.T.);
#3854=FACE_BOUND('',#3614,.T.);
#3855=FACE_BOUND('',#3615,.T.);
#3856=FACE_BOUND('',#3616,.T.);
#3857=FACE_BOUND('',#3617,.T.);
#3858=FACE_BOUND('',#3618,.T.);
#3859=FACE_BOUND('',#3619,.T.);
#3860=FACE_BOUND('',#3620,.T.);
#3861=FACE_BOUND('',#3621,.T.);
#3862=FACE_BOUND('',#3622,.T.);
#3863=FACE_BOUND('',#3623,.T.);
#3864=FACE_BOUND('',#3624,.T.);
#3865=FACE_BOUND('',#3625,.T.);
#3866=FACE_BOUND('',#3626,.T.);
#3867=FACE_BOUND('',#3627,.T.);
#3868=FACE_BOUND('',#3628,.T.);
#3869=FACE_BOUND('',#3629,.T.);
#3870=FACE_BOUND('',#3630,.T.);
#3871=FACE_BOUND('',#3631,.T.);
#3872=FACE_BOUND('',#3632,.T.);
#3873=FACE_BOUND('',#3633,.T.);
#3874=FACE_BOUND('',#3634,.T.);
#3875=FACE_BOUND('',#3635,.T.);
#3876=FACE_BOUND('',#3636,.T.);
#3877=FACE_BOUND('',#3637,.T.);
#3878=FACE_BOUND('',#3638,.T.);
#3879=CYLINDRICAL_SURFACE('',#5428,2.15);
#3880=CYLINDRICAL_SURFACE('',#5434,1.55);
#3881=CYLINDRICAL_SURFACE('',#5447,1.85);
#3882=CYLINDRICAL_SURFACE('',#5450,0.75);
#3883=CYLINDRICAL_SURFACE('',#5453,1.85);
#3884=CYLINDRICAL_SURFACE('',#5456,0.75);
#3885=CYLINDRICAL_SURFACE('',#5459,1.85);
#3886=CYLINDRICAL_SURFACE('',#5462,0.75);
#3887=CYLINDRICAL_SURFACE('',#5465,1.85);
#3888=CYLINDRICAL_SURFACE('',#5468,0.75);
#3889=CYLINDRICAL_SURFACE('',#5599,3.);
#3890=CYLINDRICAL_SURFACE('',#5603,3.);
#3891=CYLINDRICAL_SURFACE('',#5607,2.15);
#3892=CYLINDRICAL_SURFACE('',#5608,2.15);
#3893=CYLINDRICAL_SURFACE('',#5609,0.1);
#3894=CYLINDRICAL_SURFACE('',#5612,0.1);
#3895=CYLINDRICAL_SURFACE('',#5615,0.1);
#3896=CYLINDRICAL_SURFACE('',#5618,0.1);
#3897=CYLINDRICAL_SURFACE('',#5621,0.1);
#3898=CYLINDRICAL_SURFACE('',#5624,0.1);
#3899=CYLINDRICAL_SURFACE('',#5627,0.1);
#3900=CYLINDRICAL_SURFACE('',#5630,0.1);
#3901=CYLINDRICAL_SURFACE('',#5633,0.1);
#3902=CYLINDRICAL_SURFACE('',#5636,0.1);
#3903=CYLINDRICAL_SURFACE('',#5639,0.1);
#3904=CYLINDRICAL_SURFACE('',#5642,0.1);
#3905=CYLINDRICAL_SURFACE('',#5646,0.1);
#3906=CYLINDRICAL_SURFACE('',#5649,0.1);
#3907=CYLINDRICAL_SURFACE('',#5652,0.1);
#3908=CYLINDRICAL_SURFACE('',#5655,0.1);
#3909=CYLINDRICAL_SURFACE('',#5662,0.2);
#3910=CYLINDRICAL_SURFACE('',#5666,0.2);
#3911=CYLINDRICAL_SURFACE('',#5669,0.2);
#3912=CYLINDRICAL_SURFACE('',#5672,0.2);
#3913=CYLINDRICAL_SURFACE('',#5675,0.2);
#3914=CYLINDRICAL_SURFACE('',#5679,0.2);
#3915=CYLINDRICAL_SURFACE('',#5685,0.2);
#3916=CYLINDRICAL_SURFACE('',#5688,0.2);
#3917=CYLINDRICAL_SURFACE('',#5692,0.2);
#3918=CYLINDRICAL_SURFACE('',#5695,0.2);
#3919=CYLINDRICAL_SURFACE('',#5699,0.2);
#3920=CYLINDRICAL_SURFACE('',#5702,0.2);
#3921=CYLINDRICAL_SURFACE('',#5706,0.2);
#3922=CYLINDRICAL_SURFACE('',#5709,0.2);
#3923=ADVANCED_FACE('',(#3639,#3640),#3879,.T.);
#3924=ADVANCED_FACE('',(#3641),#168,.T.);
#3925=ADVANCED_FACE('',(#3642,#3643),#3880,.F.);
#3926=ADVANCED_FACE('',(#3644,#3645),#163,.F.);
#3927=ADVANCED_FACE('',(#3646,#3647,#3648,#3649,#3650),#169,.T.);
#3928=ADVANCED_FACE('',(#3651),#3881,.T.);
#3929=ADVANCED_FACE('',(#3652),#170,.T.);
#3930=ADVANCED_FACE('',(#3653),#3882,.F.);
#3931=ADVANCED_FACE('',(#3654),#171,.T.);
#3932=ADVANCED_FACE('',(#3655),#3883,.T.);
#3933=ADVANCED_FACE('',(#3656),#172,.T.);
#3934=ADVANCED_FACE('',(#3657),#3884,.F.);
#3935=ADVANCED_FACE('',(#3658),#173,.T.);
#3936=ADVANCED_FACE('',(#3659),#3885,.T.);
#3937=ADVANCED_FACE('',(#3660),#174,.T.);
#3938=ADVANCED_FACE('',(#3661),#3886,.F.);
#3939=ADVANCED_FACE('',(#3662),#175,.T.);
#3940=ADVANCED_FACE('',(#3663),#3887,.T.);
#3941=ADVANCED_FACE('',(#3664),#176,.T.);
#3942=ADVANCED_FACE('',(#3665),#3888,.F.);
#3943=ADVANCED_FACE('',(#3666),#177,.T.);
#3944=ADVANCED_FACE('',(#3667),#178,.T.);
#3945=ADVANCED_FACE('',(#3668),#179,.T.);
#3946=ADVANCED_FACE('',(#3669),#180,.T.);
#3947=ADVANCED_FACE('',(#3670),#181,.T.);
#3948=ADVANCED_FACE('',(#3671),#182,.F.);
#3949=ADVANCED_FACE('',(#3672),#183,.F.);
#3950=ADVANCED_FACE('',(#3673),#184,.T.);
#3951=ADVANCED_FACE('',(#3674),#164,.F.);
#3952=ADVANCED_FACE('',(#3675),#165,.F.);
#3953=ADVANCED_FACE('',(#3676),#166,.F.);
#3954=ADVANCED_FACE('',(#3677),#167,.F.);
#3955=ADVANCED_FACE('',(#3678),#74,.T.);
#3956=ADVANCED_FACE('',(#3679),#75,.T.);
#3957=ADVANCED_FACE('',(#3680),#76,.T.);
#3958=ADVANCED_FACE('',(#3681),#77,.T.);
#3959=ADVANCED_FACE('',(#3682),#185,.T.);
#3960=ADVANCED_FACE('',(#3683),#186,.T.);
#3961=ADVANCED_FACE('',(#3684),#187,.T.);
#3962=ADVANCED_FACE('',(#3685),#188,.T.);
#3963=ADVANCED_FACE('',(#3686),#189,.T.);
#3964=ADVANCED_FACE('',(#3687),#190,.T.);
#3965=ADVANCED_FACE('',(#3688),#191,.T.);
#3966=ADVANCED_FACE('',(#3689),#192,.T.);
#3967=ADVANCED_FACE('',(#3690),#193,.T.);
#3968=ADVANCED_FACE('',(#3691),#194,.T.);
#3969=ADVANCED_FACE('',(#3692),#195,.T.);
#3970=ADVANCED_FACE('',(#3693),#196,.T.);
#3971=ADVANCED_FACE('',(#3694),#197,.T.);
#3972=ADVANCED_FACE('',(#3695),#198,.T.);
#3973=ADVANCED_FACE('',(#3696),#199,.T.);
#3974=ADVANCED_FACE('',(#3697),#200,.T.);
#3975=ADVANCED_FACE('',(#3698),#201,.T.);
#3976=ADVANCED_FACE('',(#3699),#202,.T.);
#3977=ADVANCED_FACE('',(#3700),#203,.T.);
#3978=ADVANCED_FACE('',(#3701),#204,.T.);
#3979=ADVANCED_FACE('',(#3702),#205,.T.);
#3980=ADVANCED_FACE('',(#3703),#206,.T.);
#3981=ADVANCED_FACE('',(#3704),#207,.T.);
#3982=ADVANCED_FACE('',(#3705),#208,.T.);
#3983=ADVANCED_FACE('',(#3706),#209,.T.);
#3984=ADVANCED_FACE('',(#3707),#210,.T.);
#3985=ADVANCED_FACE('',(#3708),#211,.T.);
#3986=ADVANCED_FACE('',(#3709),#212,.T.);
#3987=ADVANCED_FACE('',(#3710),#213,.T.);
#3988=ADVANCED_FACE('',(#3711),#214,.T.);
#3989=ADVANCED_FACE('',(#3712),#215,.T.);
#3990=ADVANCED_FACE('',(#3713),#216,.T.);
#3991=ADVANCED_FACE('',(#3714),#217,.T.);
#3992=ADVANCED_FACE('',(#3715),#218,.T.);
#3993=ADVANCED_FACE('',(#3716),#219,.T.);
#3994=ADVANCED_FACE('',(#3717),#220,.T.);
#3995=ADVANCED_FACE('',(#3718),#221,.T.);
#3996=ADVANCED_FACE('',(#3719),#222,.T.);
#3997=ADVANCED_FACE('',(#3720),#223,.T.);
#3998=ADVANCED_FACE('',(#3721),#224,.T.);
#3999=ADVANCED_FACE('',(#3722),#225,.T.);
#4000=ADVANCED_FACE('',(#3723),#226,.T.);
#4001=ADVANCED_FACE('',(#3724),#227,.T.);
#4002=ADVANCED_FACE('',(#3725,#3726),#228,.F.);
#4003=ADVANCED_FACE('',(#3727),#229,.F.);
#4004=ADVANCED_FACE('',(#3728),#230,.F.);
#4005=ADVANCED_FACE('',(#3729,#3730),#231,.F.);
#4006=ADVANCED_FACE('',(#3731),#232,.F.);
#4007=ADVANCED_FACE('',(#3732,#3733,#3734,#3735),#233,.T.);
#4008=ADVANCED_FACE('',(#3736),#234,.F.);
#4009=ADVANCED_FACE('',(#3737),#235,.F.);
#4010=ADVANCED_FACE('',(#3738),#236,.F.);
#4011=ADVANCED_FACE('',(#3739,#3740),#237,.T.);
#4012=ADVANCED_FACE('',(#3741,#3742,#3743),#238,.F.);
#4013=ADVANCED_FACE('',(#3744),#239,.F.);
#4014=ADVANCED_FACE('',(#3745),#240,.F.);
#4015=ADVANCED_FACE('',(#3746),#241,.F.);
#4016=ADVANCED_FACE('',(#3747),#242,.F.);
#4017=ADVANCED_FACE('',(#3748),#243,.F.);
#4018=ADVANCED_FACE('',(#3749),#244,.F.);
#4019=ADVANCED_FACE('',(#3750),#245,.F.);
#4020=ADVANCED_FACE('',(#3751),#246,.T.);
#4021=ADVANCED_FACE('',(#3752),#247,.F.);
#4022=ADVANCED_FACE('',(#3753),#248,.F.);
#4023=ADVANCED_FACE('',(#3754),#249,.F.);
#4024=ADVANCED_FACE('',(#3755),#250,.F.);
#4025=ADVANCED_FACE('',(#3756),#251,.T.);
#4026=ADVANCED_FACE('',(#3757,#3758),#3889,.F.);
#4027=ADVANCED_FACE('',(#3759,#3760),#252,.T.);
#4028=ADVANCED_FACE('',(#3761,#3762),#3890,.F.);
#4029=ADVANCED_FACE('',(#3763,#3764),#253,.T.);
#4030=ADVANCED_FACE('',(#3765,#3766),#3891,.F.);
#4031=ADVANCED_FACE('',(#3767,#3768),#3892,.F.);
#4032=ADVANCED_FACE('',(#3769),#3893,.T.);
#4033=ADVANCED_FACE('',(#3770),#254,.F.);
#4034=ADVANCED_FACE('',(#3771),#3894,.T.);
#4035=ADVANCED_FACE('',(#3772),#255,.F.);
#4036=ADVANCED_FACE('',(#3773),#3895,.F.);
#4037=ADVANCED_FACE('',(#3774),#256,.F.);
#4038=ADVANCED_FACE('',(#3775),#3896,.T.);
#4039=ADVANCED_FACE('',(#3776),#257,.F.);
#4040=ADVANCED_FACE('',(#3777),#3897,.T.);
#4041=ADVANCED_FACE('',(#3778),#258,.F.);
#4042=ADVANCED_FACE('',(#3779),#3898,.F.);
#4043=ADVANCED_FACE('',(#3780),#259,.F.);
#4044=ADVANCED_FACE('',(#3781),#3899,.T.);
#4045=ADVANCED_FACE('',(#3782),#260,.F.);
#4046=ADVANCED_FACE('',(#3783),#3900,.T.);
#4047=ADVANCED_FACE('',(#3784),#261,.F.);
#4048=ADVANCED_FACE('',(#3785),#3901,.F.);
#4049=ADVANCED_FACE('',(#3786),#262,.F.);
#4050=ADVANCED_FACE('',(#3787),#3902,.T.);
#4051=ADVANCED_FACE('',(#3788),#263,.F.);
#4052=ADVANCED_FACE('',(#3789),#3903,.T.);
#4053=ADVANCED_FACE('',(#3790),#264,.F.);
#4054=ADVANCED_FACE('',(#3791),#3904,.F.);
#4055=ADVANCED_FACE('',(#3792),#265,.F.);
#4056=ADVANCED_FACE('',(#3793),#266,.F.);
#4057=ADVANCED_FACE('',(#3794),#3905,.F.);
#4058=ADVANCED_FACE('',(#3795),#267,.T.);
#4059=ADVANCED_FACE('',(#3796),#3906,.F.);
#4060=ADVANCED_FACE('',(#3797),#268,.T.);
#4061=ADVANCED_FACE('',(#3798),#3907,.F.);
#4062=ADVANCED_FACE('',(#3799),#269,.T.);
#4063=ADVANCED_FACE('',(#3800),#3908,.F.);
#4064=ADVANCED_FACE('',(#3801),#270,.T.);
#4065=ADVANCED_FACE('',(#3802),#271,.T.);
#4066=ADVANCED_FACE('',(#3803),#272,.T.);
#4067=ADVANCED_FACE('',(#3804),#273,.T.);
#4068=ADVANCED_FACE('',(#3805),#274,.T.);
#4069=ADVANCED_FACE('',(#3806),#3909,.T.);
#4070=ADVANCED_FACE('',(#3807),#275,.F.);
#4071=ADVANCED_FACE('',(#3808),#276,.F.);
#4072=ADVANCED_FACE('',(#3809),#3910,.T.);
#4073=ADVANCED_FACE('',(#3810),#277,.F.);
#4074=ADVANCED_FACE('',(#3811),#3911,.T.);
#4075=ADVANCED_FACE('',(#3812),#278,.F.);
#4076=ADVANCED_FACE('',(#3813),#3912,.T.);
#4077=ADVANCED_FACE('',(#3814),#279,.F.);
#4078=ADVANCED_FACE('',(#3815),#3913,.T.);
#4079=ADVANCED_FACE('',(#3816),#280,.F.);
#4080=ADVANCED_FACE('',(#3817),#281,.F.);
#4081=ADVANCED_FACE('',(#3818),#3914,.T.);
#4082=ADVANCED_FACE('',(#3819),#282,.F.);
#4083=ADVANCED_FACE('',(#3820),#283,.F.);
#4084=ADVANCED_FACE('',(#3821),#284,.F.);
#4085=ADVANCED_FACE('',(#3822),#285,.F.);
#4086=ADVANCED_FACE('',(#3823),#3915,.T.);
#4087=ADVANCED_FACE('',(#3824),#286,.F.);
#4088=ADVANCED_FACE('',(#3825),#3916,.T.);
#4089=ADVANCED_FACE('',(#3826),#287,.F.);
#4090=ADVANCED_FACE('',(#3827),#288,.F.);
#4091=ADVANCED_FACE('',(#3828),#3917,.T.);
#4092=ADVANCED_FACE('',(#3829),#289,.F.);
#4093=ADVANCED_FACE('',(#3830),#3918,.T.);
#4094=ADVANCED_FACE('',(#3831),#290,.F.);
#4095=ADVANCED_FACE('',(#3832),#291,.F.);
#4096=ADVANCED_FACE('',(#3833),#3919,.T.);
#4097=ADVANCED_FACE('',(#3834),#292,.F.);
#4098=ADVANCED_FACE('',(#3835),#3920,.T.);
#4099=ADVANCED_FACE('',(#3836),#293,.F.);
#4100=ADVANCED_FACE('',(#3837),#294,.F.);
#4101=ADVANCED_FACE('',(#3838),#3921,.T.);
#4102=ADVANCED_FACE('',(#3839),#295,.F.);
#4103=ADVANCED_FACE('',(#3840),#3922,.T.);
#4104=ADVANCED_FACE('',(#3841),#296,.F.);
#4105=ADVANCED_FACE('',(#3842,#3843),#297,.T.);
#4106=ADVANCED_FACE('',(#3844),#18,.F.);
#4107=ADVANCED_FACE('',(#3845),#19,.F.);
#4108=ADVANCED_FACE('',(#3846),#20,.F.);
#4109=ADVANCED_FACE('',(#3847),#21,.F.);
#4110=ADVANCED_FACE('',(#3848),#22,.F.);
#4111=ADVANCED_FACE('',(#3849),#23,.F.);
#4112=ADVANCED_FACE('',(#3850),#24,.F.);
#4113=ADVANCED_FACE('',(#3851),#25,.F.);
#4114=ADVANCED_FACE('',(#3852),#298,.F.);
#4115=ADVANCED_FACE('',(#3853),#26,.T.);
#4116=ADVANCED_FACE('',(#3854),#27,.T.);
#4117=ADVANCED_FACE('',(#3855),#28,.T.);
#4118=ADVANCED_FACE('',(#3856),#29,.T.);
#4119=ADVANCED_FACE('',(#3857),#299,.T.);
#4120=ADVANCED_FACE('',(#3858),#300,.T.);
#4121=ADVANCED_FACE('',(#3859),#301,.T.);
#4122=ADVANCED_FACE('',(#3860),#302,.T.);
#4123=ADVANCED_FACE('',(#3861),#303,.T.);
#4124=ADVANCED_FACE('',(#3862,#3863),#304,.T.);
#4125=ADVANCED_FACE('',(#3864),#30,.F.);
#4126=ADVANCED_FACE('',(#3865),#31,.F.);
#4127=ADVANCED_FACE('',(#3866),#32,.F.);
#4128=ADVANCED_FACE('',(#3867),#33,.F.);
#4129=ADVANCED_FACE('',(#3868),#34,.T.);
#4130=ADVANCED_FACE('',(#3869),#35,.T.);
#4131=ADVANCED_FACE('',(#3870),#36,.T.);
#4132=ADVANCED_FACE('',(#3871),#37,.T.);
#4133=ADVANCED_FACE('',(#3872),#305,.T.);
#4134=ADVANCED_FACE('',(#3873),#306,.T.);
#4135=ADVANCED_FACE('',(#3874),#307,.T.);
#4136=ADVANCED_FACE('',(#3875),#308,.T.);
#4137=ADVANCED_FACE('',(#3876),#309,.T.);
#4138=ADVANCED_FACE('',(#3877),#310,.T.);
#4139=ADVANCED_FACE('',(#3878),#311,.T.);
#4140=CLOSED_SHELL('',(#3923,#3924,#3925,#3926,#3927,#3928,#3929,#3930,
#3931,#3932,#3933,#3934,#3935,#3936,#3937,#3938,#3939,#3940,#3941,#3942,
#3943,#3944,#3945,#3946,#3947,#3948,#3949,#3950,#3951,#3952,#3953,#3954,
#3955,#3956,#3957,#3958));
#4141=CLOSED_SHELL('',(#3959,#3960,#3961,#3962,#3963,#3964,#3965,#3966,
#3967,#3968,#3969,#3970,#3971,#3972,#3973,#3974,#3975,#3976,#3977,#3978,
#3979,#3980,#3981,#3982,#3983,#3984,#3985,#3986,#3987,#3988,#3989,#3990,
#3991,#3992,#3993,#3994,#3995,#3996,#3997,#3998,#3999,#4000,#4001,#4002,
#4003,#4004,#4005,#4006,#4007,#4008,#4009,#4010,#4011,#4012,#4013,#4014,
#4015,#4016,#4017,#4018,#4019,#4020,#4021,#4022,#4023,#4024,#4025,#4026,
#4027,#4028,#4029,#4030,#4031,#4032,#4033,#4034,#4035,#4036,#4037,#4038,
#4039,#4040,#4041,#4042,#4043,#4044,#4045,#4046,#4047,#4048,#4049,#4050,
#4051,#4052,#4053,#4054,#4055,#4056,#4057,#4058,#4059,#4060,#4061,#4062,
#4063,#4064,#4065,#4066,#4067,#4068,#4069,#4070,#4071,#4072,#4073,#4074,
#4075,#4076,#4077,#4078,#4079,#4080,#4081,#4082,#4083,#4084,#4085,#4086,
#4087,#4088,#4089,#4090,#4091,#4092,#4093,#4094,#4095,#4096,#4097,#4098,
#4099,#4100,#4101,#4102,#4103,#4104,#4105,#4106,#4107,#4108,#4109,#4110,
#4111,#4112,#4113,#4114,#4115,#4116,#4117,#4118,#4119,#4120,#4121,#4122,
#4123,#4124,#4125,#4126,#4127,#4128,#4129,#4130,#4131,#4132,#4133,#4134,
#4135,#4136,#4137,#4138,#4139));
#4142=STYLED_ITEM('',(#4324),#5419);
#4143=STYLED_ITEM('',(#4325),#3959);
#4144=STYLED_ITEM('',(#4326),#3960);
#4145=STYLED_ITEM('',(#4327),#3961);
#4146=STYLED_ITEM('',(#4328),#3962);
#4147=STYLED_ITEM('',(#4329),#3963);
#4148=STYLED_ITEM('',(#4330),#3964);
#4149=STYLED_ITEM('',(#4331),#3965);
#4150=STYLED_ITEM('',(#4332),#3966);
#4151=STYLED_ITEM('',(#4333),#3967);
#4152=STYLED_ITEM('',(#4334),#3968);
#4153=STYLED_ITEM('',(#4335),#3969);
#4154=STYLED_ITEM('',(#4336),#3970);
#4155=STYLED_ITEM('',(#4337),#3971);
#4156=STYLED_ITEM('',(#4338),#3972);
#4157=STYLED_ITEM('',(#4339),#3973);
#4158=STYLED_ITEM('',(#4340),#3974);
#4159=STYLED_ITEM('',(#4341),#3975);
#4160=STYLED_ITEM('',(#4342),#3976);
#4161=STYLED_ITEM('',(#4343),#3977);
#4162=STYLED_ITEM('',(#4344),#3978);
#4163=STYLED_ITEM('',(#4345),#3979);
#4164=STYLED_ITEM('',(#4346),#3980);
#4165=STYLED_ITEM('',(#4347),#3981);
#4166=STYLED_ITEM('',(#4348),#3982);
#4167=STYLED_ITEM('',(#4349),#3983);
#4168=STYLED_ITEM('',(#4350),#3984);
#4169=STYLED_ITEM('',(#4351),#3985);
#4170=STYLED_ITEM('',(#4352),#3986);
#4171=STYLED_ITEM('',(#4353),#3987);
#4172=STYLED_ITEM('',(#4354),#3988);
#4173=STYLED_ITEM('',(#4355),#3989);
#4174=STYLED_ITEM('',(#4356),#3990);
#4175=STYLED_ITEM('',(#4357),#3991);
#4176=STYLED_ITEM('',(#4358),#3992);
#4177=STYLED_ITEM('',(#4359),#3993);
#4178=STYLED_ITEM('',(#4360),#3994);
#4179=STYLED_ITEM('',(#4361),#3995);
#4180=STYLED_ITEM('',(#4362),#3996);
#4181=STYLED_ITEM('',(#4363),#3997);
#4182=STYLED_ITEM('',(#4364),#3998);
#4183=STYLED_ITEM('',(#4365),#3999);
#4184=STYLED_ITEM('',(#4366),#4000);
#4185=STYLED_ITEM('',(#4367),#4001);
#4186=STYLED_ITEM('',(#4368),#4002);
#4187=STYLED_ITEM('',(#4369),#4003);
#4188=STYLED_ITEM('',(#4370),#4004);
#4189=STYLED_ITEM('',(#4371),#4005);
#4190=STYLED_ITEM('',(#4372),#4006);
#4191=STYLED_ITEM('',(#4373),#4007);
#4192=STYLED_ITEM('',(#4374),#4008);
#4193=STYLED_ITEM('',(#4375),#4009);
#4194=STYLED_ITEM('',(#4376),#4010);
#4195=STYLED_ITEM('',(#4377),#4011);
#4196=STYLED_ITEM('',(#4378),#4012);
#4197=STYLED_ITEM('',(#4379),#4013);
#4198=STYLED_ITEM('',(#4380),#4014);
#4199=STYLED_ITEM('',(#4381),#4015);
#4200=STYLED_ITEM('',(#4382),#4016);
#4201=STYLED_ITEM('',(#4383),#4017);
#4202=STYLED_ITEM('',(#4384),#4018);
#4203=STYLED_ITEM('',(#4385),#4019);
#4204=STYLED_ITEM('',(#4386),#4020);
#4205=STYLED_ITEM('',(#4387),#4021);
#4206=STYLED_ITEM('',(#4388),#4022);
#4207=STYLED_ITEM('',(#4389),#4023);
#4208=STYLED_ITEM('',(#4390),#4024);
#4209=STYLED_ITEM('',(#4391),#4025);
#4210=STYLED_ITEM('',(#4392),#4026);
#4211=STYLED_ITEM('',(#4393),#4027);
#4212=STYLED_ITEM('',(#4394),#4028);
#4213=STYLED_ITEM('',(#4395),#4029);
#4214=STYLED_ITEM('',(#4396),#4030);
#4215=STYLED_ITEM('',(#4397),#4031);
#4216=STYLED_ITEM('',(#4398),#4032);
#4217=STYLED_ITEM('',(#4399),#4033);
#4218=STYLED_ITEM('',(#4400),#4034);
#4219=STYLED_ITEM('',(#4401),#4035);
#4220=STYLED_ITEM('',(#4402),#4036);
#4221=STYLED_ITEM('',(#4403),#4037);
#4222=STYLED_ITEM('',(#4404),#4038);
#4223=STYLED_ITEM('',(#4405),#4039);
#4224=STYLED_ITEM('',(#4406),#4040);
#4225=STYLED_ITEM('',(#4407),#4041);
#4226=STYLED_ITEM('',(#4408),#4042);
#4227=STYLED_ITEM('',(#4409),#4043);
#4228=STYLED_ITEM('',(#4410),#4044);
#4229=STYLED_ITEM('',(#4411),#4045);
#4230=STYLED_ITEM('',(#4412),#4046);
#4231=STYLED_ITEM('',(#4413),#4047);
#4232=STYLED_ITEM('',(#4414),#4048);
#4233=STYLED_ITEM('',(#4415),#4049);
#4234=STYLED_ITEM('',(#4416),#4050);
#4235=STYLED_ITEM('',(#4417),#4051);
#4236=STYLED_ITEM('',(#4418),#4052);
#4237=STYLED_ITEM('',(#4419),#4053);
#4238=STYLED_ITEM('',(#4420),#4054);
#4239=STYLED_ITEM('',(#4421),#4055);
#4240=STYLED_ITEM('',(#4422),#4056);
#4241=STYLED_ITEM('',(#4423),#4057);
#4242=STYLED_ITEM('',(#4424),#4058);
#4243=STYLED_ITEM('',(#4425),#4059);
#4244=STYLED_ITEM('',(#4426),#4060);
#4245=STYLED_ITEM('',(#4427),#4061);
#4246=STYLED_ITEM('',(#4428),#4062);
#4247=STYLED_ITEM('',(#4429),#4063);
#4248=STYLED_ITEM('',(#4430),#4064);
#4249=STYLED_ITEM('',(#4431),#4065);
#4250=STYLED_ITEM('',(#4432),#4066);
#4251=STYLED_ITEM('',(#4433),#4067);
#4252=STYLED_ITEM('',(#4434),#4068);
#4253=STYLED_ITEM('',(#4435),#4069);
#4254=STYLED_ITEM('',(#4436),#4070);
#4255=STYLED_ITEM('',(#4437),#4071);
#4256=STYLED_ITEM('',(#4438),#4072);
#4257=STYLED_ITEM('',(#4439),#4073);
#4258=STYLED_ITEM('',(#4440),#4074);
#4259=STYLED_ITEM('',(#4441),#4075);
#4260=STYLED_ITEM('',(#4442),#4076);
#4261=STYLED_ITEM('',(#4443),#4077);
#4262=STYLED_ITEM('',(#4444),#4078);
#4263=STYLED_ITEM('',(#4445),#4079);
#4264=STYLED_ITEM('',(#4446),#4080);
#4265=STYLED_ITEM('',(#4447),#4081);
#4266=STYLED_ITEM('',(#4448),#4082);
#4267=STYLED_ITEM('',(#4449),#4083);
#4268=STYLED_ITEM('',(#4450),#4084);
#4269=STYLED_ITEM('',(#4451),#4085);
#4270=STYLED_ITEM('',(#4452),#4086);
#4271=STYLED_ITEM('',(#4453),#4087);
#4272=STYLED_ITEM('',(#4454),#4088);
#4273=STYLED_ITEM('',(#4455),#4089);
#4274=STYLED_ITEM('',(#4456),#4090);
#4275=STYLED_ITEM('',(#4457),#4091);
#4276=STYLED_ITEM('',(#4458),#4092);
#4277=STYLED_ITEM('',(#4459),#4093);
#4278=STYLED_ITEM('',(#4460),#4094);
#4279=STYLED_ITEM('',(#4461),#4095);
#4280=STYLED_ITEM('',(#4462),#4096);
#4281=STYLED_ITEM('',(#4463),#4097);
#4282=STYLED_ITEM('',(#4464),#4098);
#4283=STYLED_ITEM('',(#4465),#4099);
#4284=STYLED_ITEM('',(#4466),#4100);
#4285=STYLED_ITEM('',(#4467),#4101);
#4286=STYLED_ITEM('',(#4468),#4102);
#4287=STYLED_ITEM('',(#4469),#4103);
#4288=STYLED_ITEM('',(#4470),#4104);
#4289=STYLED_ITEM('',(#4471),#4105);
#4290=STYLED_ITEM('',(#4472),#4106);
#4291=STYLED_ITEM('',(#4473),#4107);
#4292=STYLED_ITEM('',(#4474),#4108);
#4293=STYLED_ITEM('',(#4475),#4109);
#4294=STYLED_ITEM('',(#4476),#4110);
#4295=STYLED_ITEM('',(#4477),#4111);
#4296=STYLED_ITEM('',(#4478),#4112);
#4297=STYLED_ITEM('',(#4479),#4113);
#4298=STYLED_ITEM('',(#4480),#4114);
#4299=STYLED_ITEM('',(#4481),#4115);
#4300=STYLED_ITEM('',(#4482),#4116);
#4301=STYLED_ITEM('',(#4483),#4117);
#4302=STYLED_ITEM('',(#4484),#4118);
#4303=STYLED_ITEM('',(#4485),#4119);
#4304=STYLED_ITEM('',(#4486),#4120);
#4305=STYLED_ITEM('',(#4487),#4121);
#4306=STYLED_ITEM('',(#4488),#4122);
#4307=STYLED_ITEM('',(#4489),#4123);
#4308=STYLED_ITEM('',(#4490),#4124);
#4309=STYLED_ITEM('',(#4491),#4125);
#4310=STYLED_ITEM('',(#4492),#4126);
#4311=STYLED_ITEM('',(#4493),#4127);
#4312=STYLED_ITEM('',(#4494),#4128);
#4313=STYLED_ITEM('',(#4495),#4129);
#4314=STYLED_ITEM('',(#4496),#4130);
#4315=STYLED_ITEM('',(#4497),#4131);
#4316=STYLED_ITEM('',(#4498),#4132);
#4317=STYLED_ITEM('',(#4499),#4133);
#4318=STYLED_ITEM('',(#4500),#4134);
#4319=STYLED_ITEM('',(#4501),#4135);
#4320=STYLED_ITEM('',(#4502),#4136);
#4321=STYLED_ITEM('',(#4503),#4137);
#4322=STYLED_ITEM('',(#4504),#4138);
#4323=STYLED_ITEM('',(#4505),#4139);
#4324=PRESENTATION_STYLE_ASSIGNMENT((#4506));
#4325=PRESENTATION_STYLE_ASSIGNMENT((#4507));
#4326=PRESENTATION_STYLE_ASSIGNMENT((#4508));
#4327=PRESENTATION_STYLE_ASSIGNMENT((#4509));
#4328=PRESENTATION_STYLE_ASSIGNMENT((#4510));
#4329=PRESENTATION_STYLE_ASSIGNMENT((#4511));
#4330=PRESENTATION_STYLE_ASSIGNMENT((#4512));
#4331=PRESENTATION_STYLE_ASSIGNMENT((#4513));
#4332=PRESENTATION_STYLE_ASSIGNMENT((#4514));
#4333=PRESENTATION_STYLE_ASSIGNMENT((#4515));
#4334=PRESENTATION_STYLE_ASSIGNMENT((#4516));
#4335=PRESENTATION_STYLE_ASSIGNMENT((#4517));
#4336=PRESENTATION_STYLE_ASSIGNMENT((#4518));
#4337=PRESENTATION_STYLE_ASSIGNMENT((#4519));
#4338=PRESENTATION_STYLE_ASSIGNMENT((#4520));
#4339=PRESENTATION_STYLE_ASSIGNMENT((#4521));
#4340=PRESENTATION_STYLE_ASSIGNMENT((#4522));
#4341=PRESENTATION_STYLE_ASSIGNMENT((#4523));
#4342=PRESENTATION_STYLE_ASSIGNMENT((#4524));
#4343=PRESENTATION_STYLE_ASSIGNMENT((#4525));
#4344=PRESENTATION_STYLE_ASSIGNMENT((#4526));
#4345=PRESENTATION_STYLE_ASSIGNMENT((#4527));
#4346=PRESENTATION_STYLE_ASSIGNMENT((#4528));
#4347=PRESENTATION_STYLE_ASSIGNMENT((#4529));
#4348=PRESENTATION_STYLE_ASSIGNMENT((#4530));
#4349=PRESENTATION_STYLE_ASSIGNMENT((#4531));
#4350=PRESENTATION_STYLE_ASSIGNMENT((#4532));
#4351=PRESENTATION_STYLE_ASSIGNMENT((#4533));
#4352=PRESENTATION_STYLE_ASSIGNMENT((#4534));
#4353=PRESENTATION_STYLE_ASSIGNMENT((#4535));
#4354=PRESENTATION_STYLE_ASSIGNMENT((#4536));
#4355=PRESENTATION_STYLE_ASSIGNMENT((#4537));
#4356=PRESENTATION_STYLE_ASSIGNMENT((#4538));
#4357=PRESENTATION_STYLE_ASSIGNMENT((#4539));
#4358=PRESENTATION_STYLE_ASSIGNMENT((#4540));
#4359=PRESENTATION_STYLE_ASSIGNMENT((#4541));
#4360=PRESENTATION_STYLE_ASSIGNMENT((#4542));
#4361=PRESENTATION_STYLE_ASSIGNMENT((#4543));
#4362=PRESENTATION_STYLE_ASSIGNMENT((#4544));
#4363=PRESENTATION_STYLE_ASSIGNMENT((#4545));
#4364=PRESENTATION_STYLE_ASSIGNMENT((#4546));
#4365=PRESENTATION_STYLE_ASSIGNMENT((#4547));
#4366=PRESENTATION_STYLE_ASSIGNMENT((#4548));
#4367=PRESENTATION_STYLE_ASSIGNMENT((#4549));
#4368=PRESENTATION_STYLE_ASSIGNMENT((#4550));
#4369=PRESENTATION_STYLE_ASSIGNMENT((#4551));
#4370=PRESENTATION_STYLE_ASSIGNMENT((#4552));
#4371=PRESENTATION_STYLE_ASSIGNMENT((#4553));
#4372=PRESENTATION_STYLE_ASSIGNMENT((#4554));
#4373=PRESENTATION_STYLE_ASSIGNMENT((#4555));
#4374=PRESENTATION_STYLE_ASSIGNMENT((#4556));
#4375=PRESENTATION_STYLE_ASSIGNMENT((#4557));
#4376=PRESENTATION_STYLE_ASSIGNMENT((#4558));
#4377=PRESENTATION_STYLE_ASSIGNMENT((#4559));
#4378=PRESENTATION_STYLE_ASSIGNMENT((#4560));
#4379=PRESENTATION_STYLE_ASSIGNMENT((#4561));
#4380=PRESENTATION_STYLE_ASSIGNMENT((#4562));
#4381=PRESENTATION_STYLE_ASSIGNMENT((#4563));
#4382=PRESENTATION_STYLE_ASSIGNMENT((#4564));
#4383=PRESENTATION_STYLE_ASSIGNMENT((#4565));
#4384=PRESENTATION_STYLE_ASSIGNMENT((#4566));
#4385=PRESENTATION_STYLE_ASSIGNMENT((#4567));
#4386=PRESENTATION_STYLE_ASSIGNMENT((#4568));
#4387=PRESENTATION_STYLE_ASSIGNMENT((#4569));
#4388=PRESENTATION_STYLE_ASSIGNMENT((#4570));
#4389=PRESENTATION_STYLE_ASSIGNMENT((#4571));
#4390=PRESENTATION_STYLE_ASSIGNMENT((#4572));
#4391=PRESENTATION_STYLE_ASSIGNMENT((#4573));
#4392=PRESENTATION_STYLE_ASSIGNMENT((#4574));
#4393=PRESENTATION_STYLE_ASSIGNMENT((#4575));
#4394=PRESENTATION_STYLE_ASSIGNMENT((#4576));
#4395=PRESENTATION_STYLE_ASSIGNMENT((#4577));
#4396=PRESENTATION_STYLE_ASSIGNMENT((#4578));
#4397=PRESENTATION_STYLE_ASSIGNMENT((#4579));
#4398=PRESENTATION_STYLE_ASSIGNMENT((#4580));
#4399=PRESENTATION_STYLE_ASSIGNMENT((#4581));
#4400=PRESENTATION_STYLE_ASSIGNMENT((#4582));
#4401=PRESENTATION_STYLE_ASSIGNMENT((#4583));
#4402=PRESENTATION_STYLE_ASSIGNMENT((#4584));
#4403=PRESENTATION_STYLE_ASSIGNMENT((#4585));
#4404=PRESENTATION_STYLE_ASSIGNMENT((#4586));
#4405=PRESENTATION_STYLE_ASSIGNMENT((#4587));
#4406=PRESENTATION_STYLE_ASSIGNMENT((#4588));
#4407=PRESENTATION_STYLE_ASSIGNMENT((#4589));
#4408=PRESENTATION_STYLE_ASSIGNMENT((#4590));
#4409=PRESENTATION_STYLE_ASSIGNMENT((#4591));
#4410=PRESENTATION_STYLE_ASSIGNMENT((#4592));
#4411=PRESENTATION_STYLE_ASSIGNMENT((#4593));
#4412=PRESENTATION_STYLE_ASSIGNMENT((#4594));
#4413=PRESENTATION_STYLE_ASSIGNMENT((#4595));
#4414=PRESENTATION_STYLE_ASSIGNMENT((#4596));
#4415=PRESENTATION_STYLE_ASSIGNMENT((#4597));
#4416=PRESENTATION_STYLE_ASSIGNMENT((#4598));
#4417=PRESENTATION_STYLE_ASSIGNMENT((#4599));
#4418=PRESENTATION_STYLE_ASSIGNMENT((#4600));
#4419=PRESENTATION_STYLE_ASSIGNMENT((#4601));
#4420=PRESENTATION_STYLE_ASSIGNMENT((#4602));
#4421=PRESENTATION_STYLE_ASSIGNMENT((#4603));
#4422=PRESENTATION_STYLE_ASSIGNMENT((#4604));
#4423=PRESENTATION_STYLE_ASSIGNMENT((#4605));
#4424=PRESENTATION_STYLE_ASSIGNMENT((#4606));
#4425=PRESENTATION_STYLE_ASSIGNMENT((#4607));
#4426=PRESENTATION_STYLE_ASSIGNMENT((#4608));
#4427=PRESENTATION_STYLE_ASSIGNMENT((#4609));
#4428=PRESENTATION_STYLE_ASSIGNMENT((#4610));
#4429=PRESENTATION_STYLE_ASSIGNMENT((#4611));
#4430=PRESENTATION_STYLE_ASSIGNMENT((#4612));
#4431=PRESENTATION_STYLE_ASSIGNMENT((#4613));
#4432=PRESENTATION_STYLE_ASSIGNMENT((#4614));
#4433=PRESENTATION_STYLE_ASSIGNMENT((#4615));
#4434=PRESENTATION_STYLE_ASSIGNMENT((#4616));
#4435=PRESENTATION_STYLE_ASSIGNMENT((#4617));
#4436=PRESENTATION_STYLE_ASSIGNMENT((#4618));
#4437=PRESENTATION_STYLE_ASSIGNMENT((#4619));
#4438=PRESENTATION_STYLE_ASSIGNMENT((#4620));
#4439=PRESENTATION_STYLE_ASSIGNMENT((#4621));
#4440=PRESENTATION_STYLE_ASSIGNMENT((#4622));
#4441=PRESENTATION_STYLE_ASSIGNMENT((#4623));
#4442=PRESENTATION_STYLE_ASSIGNMENT((#4624));
#4443=PRESENTATION_STYLE_ASSIGNMENT((#4625));
#4444=PRESENTATION_STYLE_ASSIGNMENT((#4626));
#4445=PRESENTATION_STYLE_ASSIGNMENT((#4627));
#4446=PRESENTATION_STYLE_ASSIGNMENT((#4628));
#4447=PRESENTATION_STYLE_ASSIGNMENT((#4629));
#4448=PRESENTATION_STYLE_ASSIGNMENT((#4630));
#4449=PRESENTATION_STYLE_ASSIGNMENT((#4631));
#4450=PRESENTATION_STYLE_ASSIGNMENT((#4632));
#4451=PRESENTATION_STYLE_ASSIGNMENT((#4633));
#4452=PRESENTATION_STYLE_ASSIGNMENT((#4634));
#4453=PRESENTATION_STYLE_ASSIGNMENT((#4635));
#4454=PRESENTATION_STYLE_ASSIGNMENT((#4636));
#4455=PRESENTATION_STYLE_ASSIGNMENT((#4637));
#4456=PRESENTATION_STYLE_ASSIGNMENT((#4638));
#4457=PRESENTATION_STYLE_ASSIGNMENT((#4639));
#4458=PRESENTATION_STYLE_ASSIGNMENT((#4640));
#4459=PRESENTATION_STYLE_ASSIGNMENT((#4641));
#4460=PRESENTATION_STYLE_ASSIGNMENT((#4642));
#4461=PRESENTATION_STYLE_ASSIGNMENT((#4643));
#4462=PRESENTATION_STYLE_ASSIGNMENT((#4644));
#4463=PRESENTATION_STYLE_ASSIGNMENT((#4645));
#4464=PRESENTATION_STYLE_ASSIGNMENT((#4646));
#4465=PRESENTATION_STYLE_ASSIGNMENT((#4647));
#4466=PRESENTATION_STYLE_ASSIGNMENT((#4648));
#4467=PRESENTATION_STYLE_ASSIGNMENT((#4649));
#4468=PRESENTATION_STYLE_ASSIGNMENT((#4650));
#4469=PRESENTATION_STYLE_ASSIGNMENT((#4651));
#4470=PRESENTATION_STYLE_ASSIGNMENT((#4652));
#4471=PRESENTATION_STYLE_ASSIGNMENT((#4653));
#4472=PRESENTATION_STYLE_ASSIGNMENT((#4654));
#4473=PRESENTATION_STYLE_ASSIGNMENT((#4655));
#4474=PRESENTATION_STYLE_ASSIGNMENT((#4656));
#4475=PRESENTATION_STYLE_ASSIGNMENT((#4657));
#4476=PRESENTATION_STYLE_ASSIGNMENT((#4658));
#4477=PRESENTATION_STYLE_ASSIGNMENT((#4659));
#4478=PRESENTATION_STYLE_ASSIGNMENT((#4660));
#4479=PRESENTATION_STYLE_ASSIGNMENT((#4661));
#4480=PRESENTATION_STYLE_ASSIGNMENT((#4662));
#4481=PRESENTATION_STYLE_ASSIGNMENT((#4663));
#4482=PRESENTATION_STYLE_ASSIGNMENT((#4664));
#4483=PRESENTATION_STYLE_ASSIGNMENT((#4665));
#4484=PRESENTATION_STYLE_ASSIGNMENT((#4666));
#4485=PRESENTATION_STYLE_ASSIGNMENT((#4667));
#4486=PRESENTATION_STYLE_ASSIGNMENT((#4668));
#4487=PRESENTATION_STYLE_ASSIGNMENT((#4669));
#4488=PRESENTATION_STYLE_ASSIGNMENT((#4670));
#4489=PRESENTATION_STYLE_ASSIGNMENT((#4671));
#4490=PRESENTATION_STYLE_ASSIGNMENT((#4672));
#4491=PRESENTATION_STYLE_ASSIGNMENT((#4673));
#4492=PRESENTATION_STYLE_ASSIGNMENT((#4674));
#4493=PRESENTATION_STYLE_ASSIGNMENT((#4675));
#4494=PRESENTATION_STYLE_ASSIGNMENT((#4676));
#4495=PRESENTATION_STYLE_ASSIGNMENT((#4677));
#4496=PRESENTATION_STYLE_ASSIGNMENT((#4678));
#4497=PRESENTATION_STYLE_ASSIGNMENT((#4679));
#4498=PRESENTATION_STYLE_ASSIGNMENT((#4680));
#4499=PRESENTATION_STYLE_ASSIGNMENT((#4681));
#4500=PRESENTATION_STYLE_ASSIGNMENT((#4682));
#4501=PRESENTATION_STYLE_ASSIGNMENT((#4683));
#4502=PRESENTATION_STYLE_ASSIGNMENT((#4684));
#4503=PRESENTATION_STYLE_ASSIGNMENT((#4685));
#4504=PRESENTATION_STYLE_ASSIGNMENT((#4686));
#4505=PRESENTATION_STYLE_ASSIGNMENT((#4687));
#4506=SURFACE_STYLE_USAGE(.BOTH.,#4688);
#4507=SURFACE_STYLE_USAGE(.BOTH.,#4689);
#4508=SURFACE_STYLE_USAGE(.BOTH.,#4690);
#4509=SURFACE_STYLE_USAGE(.BOTH.,#4691);
#4510=SURFACE_STYLE_USAGE(.BOTH.,#4692);
#4511=SURFACE_STYLE_USAGE(.BOTH.,#4693);
#4512=SURFACE_STYLE_USAGE(.BOTH.,#4694);
#4513=SURFACE_STYLE_USAGE(.BOTH.,#4695);
#4514=SURFACE_STYLE_USAGE(.BOTH.,#4696);
#4515=SURFACE_STYLE_USAGE(.BOTH.,#4697);
#4516=SURFACE_STYLE_USAGE(.BOTH.,#4698);
#4517=SURFACE_STYLE_USAGE(.BOTH.,#4699);
#4518=SURFACE_STYLE_USAGE(.BOTH.,#4700);
#4519=SURFACE_STYLE_USAGE(.BOTH.,#4701);
#4520=SURFACE_STYLE_USAGE(.BOTH.,#4702);
#4521=SURFACE_STYLE_USAGE(.BOTH.,#4703);
#4522=SURFACE_STYLE_USAGE(.BOTH.,#4704);
#4523=SURFACE_STYLE_USAGE(.BOTH.,#4705);
#4524=SURFACE_STYLE_USAGE(.BOTH.,#4706);
#4525=SURFACE_STYLE_USAGE(.BOTH.,#4707);
#4526=SURFACE_STYLE_USAGE(.BOTH.,#4708);
#4527=SURFACE_STYLE_USAGE(.BOTH.,#4709);
#4528=SURFACE_STYLE_USAGE(.BOTH.,#4710);
#4529=SURFACE_STYLE_USAGE(.BOTH.,#4711);
#4530=SURFACE_STYLE_USAGE(.BOTH.,#4712);
#4531=SURFACE_STYLE_USAGE(.BOTH.,#4713);
#4532=SURFACE_STYLE_USAGE(.BOTH.,#4714);
#4533=SURFACE_STYLE_USAGE(.BOTH.,#4715);
#4534=SURFACE_STYLE_USAGE(.BOTH.,#4716);
#4535=SURFACE_STYLE_USAGE(.BOTH.,#4717);
#4536=SURFACE_STYLE_USAGE(.BOTH.,#4718);
#4537=SURFACE_STYLE_USAGE(.BOTH.,#4719);
#4538=SURFACE_STYLE_USAGE(.BOTH.,#4720);
#4539=SURFACE_STYLE_USAGE(.BOTH.,#4721);
#4540=SURFACE_STYLE_USAGE(.BOTH.,#4722);
#4541=SURFACE_STYLE_USAGE(.BOTH.,#4723);
#4542=SURFACE_STYLE_USAGE(.BOTH.,#4724);
#4543=SURFACE_STYLE_USAGE(.BOTH.,#4725);
#4544=SURFACE_STYLE_USAGE(.BOTH.,#4726);
#4545=SURFACE_STYLE_USAGE(.BOTH.,#4727);
#4546=SURFACE_STYLE_USAGE(.BOTH.,#4728);
#4547=SURFACE_STYLE_USAGE(.BOTH.,#4729);
#4548=SURFACE_STYLE_USAGE(.BOTH.,#4730);
#4549=SURFACE_STYLE_USAGE(.BOTH.,#4731);
#4550=SURFACE_STYLE_USAGE(.BOTH.,#4732);
#4551=SURFACE_STYLE_USAGE(.BOTH.,#4733);
#4552=SURFACE_STYLE_USAGE(.BOTH.,#4734);
#4553=SURFACE_STYLE_USAGE(.BOTH.,#4735);
#4554=SURFACE_STYLE_USAGE(.BOTH.,#4736);
#4555=SURFACE_STYLE_USAGE(.BOTH.,#4737);
#4556=SURFACE_STYLE_USAGE(.BOTH.,#4738);
#4557=SURFACE_STYLE_USAGE(.BOTH.,#4739);
#4558=SURFACE_STYLE_USAGE(.BOTH.,#4740);
#4559=SURFACE_STYLE_USAGE(.BOTH.,#4741);
#4560=SURFACE_STYLE_USAGE(.BOTH.,#4742);
#4561=SURFACE_STYLE_USAGE(.BOTH.,#4743);
#4562=SURFACE_STYLE_USAGE(.BOTH.,#4744);
#4563=SURFACE_STYLE_USAGE(.BOTH.,#4745);
#4564=SURFACE_STYLE_USAGE(.BOTH.,#4746);
#4565=SURFACE_STYLE_USAGE(.BOTH.,#4747);
#4566=SURFACE_STYLE_USAGE(.BOTH.,#4748);
#4567=SURFACE_STYLE_USAGE(.BOTH.,#4749);
#4568=SURFACE_STYLE_USAGE(.BOTH.,#4750);
#4569=SURFACE_STYLE_USAGE(.BOTH.,#4751);
#4570=SURFACE_STYLE_USAGE(.BOTH.,#4752);
#4571=SURFACE_STYLE_USAGE(.BOTH.,#4753);
#4572=SURFACE_STYLE_USAGE(.BOTH.,#4754);
#4573=SURFACE_STYLE_USAGE(.BOTH.,#4755);
#4574=SURFACE_STYLE_USAGE(.BOTH.,#4756);
#4575=SURFACE_STYLE_USAGE(.BOTH.,#4757);
#4576=SURFACE_STYLE_USAGE(.BOTH.,#4758);
#4577=SURFACE_STYLE_USAGE(.BOTH.,#4759);
#4578=SURFACE_STYLE_USAGE(.BOTH.,#4760);
#4579=SURFACE_STYLE_USAGE(.BOTH.,#4761);
#4580=SURFACE_STYLE_USAGE(.BOTH.,#4762);
#4581=SURFACE_STYLE_USAGE(.BOTH.,#4763);
#4582=SURFACE_STYLE_USAGE(.BOTH.,#4764);
#4583=SURFACE_STYLE_USAGE(.BOTH.,#4765);
#4584=SURFACE_STYLE_USAGE(.BOTH.,#4766);
#4585=SURFACE_STYLE_USAGE(.BOTH.,#4767);
#4586=SURFACE_STYLE_USAGE(.BOTH.,#4768);
#4587=SURFACE_STYLE_USAGE(.BOTH.,#4769);
#4588=SURFACE_STYLE_USAGE(.BOTH.,#4770);
#4589=SURFACE_STYLE_USAGE(.BOTH.,#4771);
#4590=SURFACE_STYLE_USAGE(.BOTH.,#4772);
#4591=SURFACE_STYLE_USAGE(.BOTH.,#4773);
#4592=SURFACE_STYLE_USAGE(.BOTH.,#4774);
#4593=SURFACE_STYLE_USAGE(.BOTH.,#4775);
#4594=SURFACE_STYLE_USAGE(.BOTH.,#4776);
#4595=SURFACE_STYLE_USAGE(.BOTH.,#4777);
#4596=SURFACE_STYLE_USAGE(.BOTH.,#4778);
#4597=SURFACE_STYLE_USAGE(.BOTH.,#4779);
#4598=SURFACE_STYLE_USAGE(.BOTH.,#4780);
#4599=SURFACE_STYLE_USAGE(.BOTH.,#4781);
#4600=SURFACE_STYLE_USAGE(.BOTH.,#4782);
#4601=SURFACE_STYLE_USAGE(.BOTH.,#4783);
#4602=SURFACE_STYLE_USAGE(.BOTH.,#4784);
#4603=SURFACE_STYLE_USAGE(.BOTH.,#4785);
#4604=SURFACE_STYLE_USAGE(.BOTH.,#4786);
#4605=SURFACE_STYLE_USAGE(.BOTH.,#4787);
#4606=SURFACE_STYLE_USAGE(.BOTH.,#4788);
#4607=SURFACE_STYLE_USAGE(.BOTH.,#4789);
#4608=SURFACE_STYLE_USAGE(.BOTH.,#4790);
#4609=SURFACE_STYLE_USAGE(.BOTH.,#4791);
#4610=SURFACE_STYLE_USAGE(.BOTH.,#4792);
#4611=SURFACE_STYLE_USAGE(.BOTH.,#4793);
#4612=SURFACE_STYLE_USAGE(.BOTH.,#4794);
#4613=SURFACE_STYLE_USAGE(.BOTH.,#4795);
#4614=SURFACE_STYLE_USAGE(.BOTH.,#4796);
#4615=SURFACE_STYLE_USAGE(.BOTH.,#4797);
#4616=SURFACE_STYLE_USAGE(.BOTH.,#4798);
#4617=SURFACE_STYLE_USAGE(.BOTH.,#4799);
#4618=SURFACE_STYLE_USAGE(.BOTH.,#4800);
#4619=SURFACE_STYLE_USAGE(.BOTH.,#4801);
#4620=SURFACE_STYLE_USAGE(.BOTH.,#4802);
#4621=SURFACE_STYLE_USAGE(.BOTH.,#4803);
#4622=SURFACE_STYLE_USAGE(.BOTH.,#4804);
#4623=SURFACE_STYLE_USAGE(.BOTH.,#4805);
#4624=SURFACE_STYLE_USAGE(.BOTH.,#4806);
#4625=SURFACE_STYLE_USAGE(.BOTH.,#4807);
#4626=SURFACE_STYLE_USAGE(.BOTH.,#4808);
#4627=SURFACE_STYLE_USAGE(.BOTH.,#4809);
#4628=SURFACE_STYLE_USAGE(.BOTH.,#4810);
#4629=SURFACE_STYLE_USAGE(.BOTH.,#4811);
#4630=SURFACE_STYLE_USAGE(.BOTH.,#4812);
#4631=SURFACE_STYLE_USAGE(.BOTH.,#4813);
#4632=SURFACE_STYLE_USAGE(.BOTH.,#4814);
#4633=SURFACE_STYLE_USAGE(.BOTH.,#4815);
#4634=SURFACE_STYLE_USAGE(.BOTH.,#4816);
#4635=SURFACE_STYLE_USAGE(.BOTH.,#4817);
#4636=SURFACE_STYLE_USAGE(.BOTH.,#4818);
#4637=SURFACE_STYLE_USAGE(.BOTH.,#4819);
#4638=SURFACE_STYLE_USAGE(.BOTH.,#4820);
#4639=SURFACE_STYLE_USAGE(.BOTH.,#4821);
#4640=SURFACE_STYLE_USAGE(.BOTH.,#4822);
#4641=SURFACE_STYLE_USAGE(.BOTH.,#4823);
#4642=SURFACE_STYLE_USAGE(.BOTH.,#4824);
#4643=SURFACE_STYLE_USAGE(.BOTH.,#4825);
#4644=SURFACE_STYLE_USAGE(.BOTH.,#4826);
#4645=SURFACE_STYLE_USAGE(.BOTH.,#4827);
#4646=SURFACE_STYLE_USAGE(.BOTH.,#4828);
#4647=SURFACE_STYLE_USAGE(.BOTH.,#4829);
#4648=SURFACE_STYLE_USAGE(.BOTH.,#4830);
#4649=SURFACE_STYLE_USAGE(.BOTH.,#4831);
#4650=SURFACE_STYLE_USAGE(.BOTH.,#4832);
#4651=SURFACE_STYLE_USAGE(.BOTH.,#4833);
#4652=SURFACE_STYLE_USAGE(.BOTH.,#4834);
#4653=SURFACE_STYLE_USAGE(.BOTH.,#4835);
#4654=SURFACE_STYLE_USAGE(.BOTH.,#4836);
#4655=SURFACE_STYLE_USAGE(.BOTH.,#4837);
#4656=SURFACE_STYLE_USAGE(.BOTH.,#4838);
#4657=SURFACE_STYLE_USAGE(.BOTH.,#4839);
#4658=SURFACE_STYLE_USAGE(.BOTH.,#4840);
#4659=SURFACE_STYLE_USAGE(.BOTH.,#4841);
#4660=SURFACE_STYLE_USAGE(.BOTH.,#4842);
#4661=SURFACE_STYLE_USAGE(.BOTH.,#4843);
#4662=SURFACE_STYLE_USAGE(.BOTH.,#4844);
#4663=SURFACE_STYLE_USAGE(.BOTH.,#4845);
#4664=SURFACE_STYLE_USAGE(.BOTH.,#4846);
#4665=SURFACE_STYLE_USAGE(.BOTH.,#4847);
#4666=SURFACE_STYLE_USAGE(.BOTH.,#4848);
#4667=SURFACE_STYLE_USAGE(.BOTH.,#4849);
#4668=SURFACE_STYLE_USAGE(.BOTH.,#4850);
#4669=SURFACE_STYLE_USAGE(.BOTH.,#4851);
#4670=SURFACE_STYLE_USAGE(.BOTH.,#4852);
#4671=SURFACE_STYLE_USAGE(.BOTH.,#4853);
#4672=SURFACE_STYLE_USAGE(.BOTH.,#4854);
#4673=SURFACE_STYLE_USAGE(.BOTH.,#4855);
#4674=SURFACE_STYLE_USAGE(.BOTH.,#4856);
#4675=SURFACE_STYLE_USAGE(.BOTH.,#4857);
#4676=SURFACE_STYLE_USAGE(.BOTH.,#4858);
#4677=SURFACE_STYLE_USAGE(.BOTH.,#4859);
#4678=SURFACE_STYLE_USAGE(.BOTH.,#4860);
#4679=SURFACE_STYLE_USAGE(.BOTH.,#4861);
#4680=SURFACE_STYLE_USAGE(.BOTH.,#4862);
#4681=SURFACE_STYLE_USAGE(.BOTH.,#4863);
#4682=SURFACE_STYLE_USAGE(.BOTH.,#4864);
#4683=SURFACE_STYLE_USAGE(.BOTH.,#4865);
#4684=SURFACE_STYLE_USAGE(.BOTH.,#4866);
#4685=SURFACE_STYLE_USAGE(.BOTH.,#4867);
#4686=SURFACE_STYLE_USAGE(.BOTH.,#4868);
#4687=SURFACE_STYLE_USAGE(.BOTH.,#4869);
#4688=SURFACE_SIDE_STYLE('',(#4870));
#4689=SURFACE_SIDE_STYLE('',(#4871));
#4690=SURFACE_SIDE_STYLE('',(#4872));
#4691=SURFACE_SIDE_STYLE('',(#4873));
#4692=SURFACE_SIDE_STYLE('',(#4874));
#4693=SURFACE_SIDE_STYLE('',(#4875));
#4694=SURFACE_SIDE_STYLE('',(#4876));
#4695=SURFACE_SIDE_STYLE('',(#4877));
#4696=SURFACE_SIDE_STYLE('',(#4878));
#4697=SURFACE_SIDE_STYLE('',(#4879));
#4698=SURFACE_SIDE_STYLE('',(#4880));
#4699=SURFACE_SIDE_STYLE('',(#4881));
#4700=SURFACE_SIDE_STYLE('',(#4882));
#4701=SURFACE_SIDE_STYLE('',(#4883));
#4702=SURFACE_SIDE_STYLE('',(#4884));
#4703=SURFACE_SIDE_STYLE('',(#4885));
#4704=SURFACE_SIDE_STYLE('',(#4886));
#4705=SURFACE_SIDE_STYLE('',(#4887));
#4706=SURFACE_SIDE_STYLE('',(#4888));
#4707=SURFACE_SIDE_STYLE('',(#4889));
#4708=SURFACE_SIDE_STYLE('',(#4890));
#4709=SURFACE_SIDE_STYLE('',(#4891));
#4710=SURFACE_SIDE_STYLE('',(#4892));
#4711=SURFACE_SIDE_STYLE('',(#4893));
#4712=SURFACE_SIDE_STYLE('',(#4894));
#4713=SURFACE_SIDE_STYLE('',(#4895));
#4714=SURFACE_SIDE_STYLE('',(#4896));
#4715=SURFACE_SIDE_STYLE('',(#4897));
#4716=SURFACE_SIDE_STYLE('',(#4898));
#4717=SURFACE_SIDE_STYLE('',(#4899));
#4718=SURFACE_SIDE_STYLE('',(#4900));
#4719=SURFACE_SIDE_STYLE('',(#4901));
#4720=SURFACE_SIDE_STYLE('',(#4902));
#4721=SURFACE_SIDE_STYLE('',(#4903));
#4722=SURFACE_SIDE_STYLE('',(#4904));
#4723=SURFACE_SIDE_STYLE('',(#4905));
#4724=SURFACE_SIDE_STYLE('',(#4906));
#4725=SURFACE_SIDE_STYLE('',(#4907));
#4726=SURFACE_SIDE_STYLE('',(#4908));
#4727=SURFACE_SIDE_STYLE('',(#4909));
#4728=SURFACE_SIDE_STYLE('',(#4910));
#4729=SURFACE_SIDE_STYLE('',(#4911));
#4730=SURFACE_SIDE_STYLE('',(#4912));
#4731=SURFACE_SIDE_STYLE('',(#4913));
#4732=SURFACE_SIDE_STYLE('',(#4914));
#4733=SURFACE_SIDE_STYLE('',(#4915));
#4734=SURFACE_SIDE_STYLE('',(#4916));
#4735=SURFACE_SIDE_STYLE('',(#4917));
#4736=SURFACE_SIDE_STYLE('',(#4918));
#4737=SURFACE_SIDE_STYLE('',(#4919));
#4738=SURFACE_SIDE_STYLE('',(#4920));
#4739=SURFACE_SIDE_STYLE('',(#4921));
#4740=SURFACE_SIDE_STYLE('',(#4922));
#4741=SURFACE_SIDE_STYLE('',(#4923));
#4742=SURFACE_SIDE_STYLE('',(#4924));
#4743=SURFACE_SIDE_STYLE('',(#4925));
#4744=SURFACE_SIDE_STYLE('',(#4926));
#4745=SURFACE_SIDE_STYLE('',(#4927));
#4746=SURFACE_SIDE_STYLE('',(#4928));
#4747=SURFACE_SIDE_STYLE('',(#4929));
#4748=SURFACE_SIDE_STYLE('',(#4930));
#4749=SURFACE_SIDE_STYLE('',(#4931));
#4750=SURFACE_SIDE_STYLE('',(#4932));
#4751=SURFACE_SIDE_STYLE('',(#4933));
#4752=SURFACE_SIDE_STYLE('',(#4934));
#4753=SURFACE_SIDE_STYLE('',(#4935));
#4754=SURFACE_SIDE_STYLE('',(#4936));
#4755=SURFACE_SIDE_STYLE('',(#4937));
#4756=SURFACE_SIDE_STYLE('',(#4938));
#4757=SURFACE_SIDE_STYLE('',(#4939));
#4758=SURFACE_SIDE_STYLE('',(#4940));
#4759=SURFACE_SIDE_STYLE('',(#4941));
#4760=SURFACE_SIDE_STYLE('',(#4942));
#4761=SURFACE_SIDE_STYLE('',(#4943));
#4762=SURFACE_SIDE_STYLE('',(#4944));
#4763=SURFACE_SIDE_STYLE('',(#4945));
#4764=SURFACE_SIDE_STYLE('',(#4946));
#4765=SURFACE_SIDE_STYLE('',(#4947));
#4766=SURFACE_SIDE_STYLE('',(#4948));
#4767=SURFACE_SIDE_STYLE('',(#4949));
#4768=SURFACE_SIDE_STYLE('',(#4950));
#4769=SURFACE_SIDE_STYLE('',(#4951));
#4770=SURFACE_SIDE_STYLE('',(#4952));
#4771=SURFACE_SIDE_STYLE('',(#4953));
#4772=SURFACE_SIDE_STYLE('',(#4954));
#4773=SURFACE_SIDE_STYLE('',(#4955));
#4774=SURFACE_SIDE_STYLE('',(#4956));
#4775=SURFACE_SIDE_STYLE('',(#4957));
#4776=SURFACE_SIDE_STYLE('',(#4958));
#4777=SURFACE_SIDE_STYLE('',(#4959));
#4778=SURFACE_SIDE_STYLE('',(#4960));
#4779=SURFACE_SIDE_STYLE('',(#4961));
#4780=SURFACE_SIDE_STYLE('',(#4962));
#4781=SURFACE_SIDE_STYLE('',(#4963));
#4782=SURFACE_SIDE_STYLE('',(#4964));
#4783=SURFACE_SIDE_STYLE('',(#4965));
#4784=SURFACE_SIDE_STYLE('',(#4966));
#4785=SURFACE_SIDE_STYLE('',(#4967));
#4786=SURFACE_SIDE_STYLE('',(#4968));
#4787=SURFACE_SIDE_STYLE('',(#4969));
#4788=SURFACE_SIDE_STYLE('',(#4970));
#4789=SURFACE_SIDE_STYLE('',(#4971));
#4790=SURFACE_SIDE_STYLE('',(#4972));
#4791=SURFACE_SIDE_STYLE('',(#4973));
#4792=SURFACE_SIDE_STYLE('',(#4974));
#4793=SURFACE_SIDE_STYLE('',(#4975));
#4794=SURFACE_SIDE_STYLE('',(#4976));
#4795=SURFACE_SIDE_STYLE('',(#4977));
#4796=SURFACE_SIDE_STYLE('',(#4978));
#4797=SURFACE_SIDE_STYLE('',(#4979));
#4798=SURFACE_SIDE_STYLE('',(#4980));
#4799=SURFACE_SIDE_STYLE('',(#4981));
#4800=SURFACE_SIDE_STYLE('',(#4982));
#4801=SURFACE_SIDE_STYLE('',(#4983));
#4802=SURFACE_SIDE_STYLE('',(#4984));
#4803=SURFACE_SIDE_STYLE('',(#4985));
#4804=SURFACE_SIDE_STYLE('',(#4986));
#4805=SURFACE_SIDE_STYLE('',(#4987));
#4806=SURFACE_SIDE_STYLE('',(#4988));
#4807=SURFACE_SIDE_STYLE('',(#4989));
#4808=SURFACE_SIDE_STYLE('',(#4990));
#4809=SURFACE_SIDE_STYLE('',(#4991));
#4810=SURFACE_SIDE_STYLE('',(#4992));
#4811=SURFACE_SIDE_STYLE('',(#4993));
#4812=SURFACE_SIDE_STYLE('',(#4994));
#4813=SURFACE_SIDE_STYLE('',(#4995));
#4814=SURFACE_SIDE_STYLE('',(#4996));
#4815=SURFACE_SIDE_STYLE('',(#4997));
#4816=SURFACE_SIDE_STYLE('',(#4998));
#4817=SURFACE_SIDE_STYLE('',(#4999));
#4818=SURFACE_SIDE_STYLE('',(#5000));
#4819=SURFACE_SIDE_STYLE('',(#5001));
#4820=SURFACE_SIDE_STYLE('',(#5002));
#4821=SURFACE_SIDE_STYLE('',(#5003));
#4822=SURFACE_SIDE_STYLE('',(#5004));
#4823=SURFACE_SIDE_STYLE('',(#5005));
#4824=SURFACE_SIDE_STYLE('',(#5006));
#4825=SURFACE_SIDE_STYLE('',(#5007));
#4826=SURFACE_SIDE_STYLE('',(#5008));
#4827=SURFACE_SIDE_STYLE('',(#5009));
#4828=SURFACE_SIDE_STYLE('',(#5010));
#4829=SURFACE_SIDE_STYLE('',(#5011));
#4830=SURFACE_SIDE_STYLE('',(#5012));
#4831=SURFACE_SIDE_STYLE('',(#5013));
#4832=SURFACE_SIDE_STYLE('',(#5014));
#4833=SURFACE_SIDE_STYLE('',(#5015));
#4834=SURFACE_SIDE_STYLE('',(#5016));
#4835=SURFACE_SIDE_STYLE('',(#5017));
#4836=SURFACE_SIDE_STYLE('',(#5018));
#4837=SURFACE_SIDE_STYLE('',(#5019));
#4838=SURFACE_SIDE_STYLE('',(#5020));
#4839=SURFACE_SIDE_STYLE('',(#5021));
#4840=SURFACE_SIDE_STYLE('',(#5022));
#4841=SURFACE_SIDE_STYLE('',(#5023));
#4842=SURFACE_SIDE_STYLE('',(#5024));
#4843=SURFACE_SIDE_STYLE('',(#5025));
#4844=SURFACE_SIDE_STYLE('',(#5026));
#4845=SURFACE_SIDE_STYLE('',(#5027));
#4846=SURFACE_SIDE_STYLE('',(#5028));
#4847=SURFACE_SIDE_STYLE('',(#5029));
#4848=SURFACE_SIDE_STYLE('',(#5030));
#4849=SURFACE_SIDE_STYLE('',(#5031));
#4850=SURFACE_SIDE_STYLE('',(#5032));
#4851=SURFACE_SIDE_STYLE('',(#5033));
#4852=SURFACE_SIDE_STYLE('',(#5034));
#4853=SURFACE_SIDE_STYLE('',(#5035));
#4854=SURFACE_SIDE_STYLE('',(#5036));
#4855=SURFACE_SIDE_STYLE('',(#5037));
#4856=SURFACE_SIDE_STYLE('',(#5038));
#4857=SURFACE_SIDE_STYLE('',(#5039));
#4858=SURFACE_SIDE_STYLE('',(#5040));
#4859=SURFACE_SIDE_STYLE('',(#5041));
#4860=SURFACE_SIDE_STYLE('',(#5042));
#4861=SURFACE_SIDE_STYLE('',(#5043));
#4862=SURFACE_SIDE_STYLE('',(#5044));
#4863=SURFACE_SIDE_STYLE('',(#5045));
#4864=SURFACE_SIDE_STYLE('',(#5046));
#4865=SURFACE_SIDE_STYLE('',(#5047));
#4866=SURFACE_SIDE_STYLE('',(#5048));
#4867=SURFACE_SIDE_STYLE('',(#5049));
#4868=SURFACE_SIDE_STYLE('',(#5050));
#4869=SURFACE_SIDE_STYLE('',(#5051));
#4870=SURFACE_STYLE_FILL_AREA(#5052);
#4871=SURFACE_STYLE_FILL_AREA(#5053);
#4872=SURFACE_STYLE_FILL_AREA(#5054);
#4873=SURFACE_STYLE_FILL_AREA(#5055);
#4874=SURFACE_STYLE_FILL_AREA(#5056);
#4875=SURFACE_STYLE_FILL_AREA(#5057);
#4876=SURFACE_STYLE_FILL_AREA(#5058);
#4877=SURFACE_STYLE_FILL_AREA(#5059);
#4878=SURFACE_STYLE_FILL_AREA(#5060);
#4879=SURFACE_STYLE_FILL_AREA(#5061);
#4880=SURFACE_STYLE_FILL_AREA(#5062);
#4881=SURFACE_STYLE_FILL_AREA(#5063);
#4882=SURFACE_STYLE_FILL_AREA(#5064);
#4883=SURFACE_STYLE_FILL_AREA(#5065);
#4884=SURFACE_STYLE_FILL_AREA(#5066);
#4885=SURFACE_STYLE_FILL_AREA(#5067);
#4886=SURFACE_STYLE_FILL_AREA(#5068);
#4887=SURFACE_STYLE_FILL_AREA(#5069);
#4888=SURFACE_STYLE_FILL_AREA(#5070);
#4889=SURFACE_STYLE_FILL_AREA(#5071);
#4890=SURFACE_STYLE_FILL_AREA(#5072);
#4891=SURFACE_STYLE_FILL_AREA(#5073);
#4892=SURFACE_STYLE_FILL_AREA(#5074);
#4893=SURFACE_STYLE_FILL_AREA(#5075);
#4894=SURFACE_STYLE_FILL_AREA(#5076);
#4895=SURFACE_STYLE_FILL_AREA(#5077);
#4896=SURFACE_STYLE_FILL_AREA(#5078);
#4897=SURFACE_STYLE_FILL_AREA(#5079);
#4898=SURFACE_STYLE_FILL_AREA(#5080);
#4899=SURFACE_STYLE_FILL_AREA(#5081);
#4900=SURFACE_STYLE_FILL_AREA(#5082);
#4901=SURFACE_STYLE_FILL_AREA(#5083);
#4902=SURFACE_STYLE_FILL_AREA(#5084);
#4903=SURFACE_STYLE_FILL_AREA(#5085);
#4904=SURFACE_STYLE_FILL_AREA(#5086);
#4905=SURFACE_STYLE_FILL_AREA(#5087);
#4906=SURFACE_STYLE_FILL_AREA(#5088);
#4907=SURFACE_STYLE_FILL_AREA(#5089);
#4908=SURFACE_STYLE_FILL_AREA(#5090);
#4909=SURFACE_STYLE_FILL_AREA(#5091);
#4910=SURFACE_STYLE_FILL_AREA(#5092);
#4911=SURFACE_STYLE_FILL_AREA(#5093);
#4912=SURFACE_STYLE_FILL_AREA(#5094);
#4913=SURFACE_STYLE_FILL_AREA(#5095);
#4914=SURFACE_STYLE_FILL_AREA(#5096);
#4915=SURFACE_STYLE_FILL_AREA(#5097);
#4916=SURFACE_STYLE_FILL_AREA(#5098);
#4917=SURFACE_STYLE_FILL_AREA(#5099);
#4918=SURFACE_STYLE_FILL_AREA(#5100);
#4919=SURFACE_STYLE_FILL_AREA(#5101);
#4920=SURFACE_STYLE_FILL_AREA(#5102);
#4921=SURFACE_STYLE_FILL_AREA(#5103);
#4922=SURFACE_STYLE_FILL_AREA(#5104);
#4923=SURFACE_STYLE_FILL_AREA(#5105);
#4924=SURFACE_STYLE_FILL_AREA(#5106);
#4925=SURFACE_STYLE_FILL_AREA(#5107);
#4926=SURFACE_STYLE_FILL_AREA(#5108);
#4927=SURFACE_STYLE_FILL_AREA(#5109);
#4928=SURFACE_STYLE_FILL_AREA(#5110);
#4929=SURFACE_STYLE_FILL_AREA(#5111);
#4930=SURFACE_STYLE_FILL_AREA(#5112);
#4931=SURFACE_STYLE_FILL_AREA(#5113);
#4932=SURFACE_STYLE_FILL_AREA(#5114);
#4933=SURFACE_STYLE_FILL_AREA(#5115);
#4934=SURFACE_STYLE_FILL_AREA(#5116);
#4935=SURFACE_STYLE_FILL_AREA(#5117);
#4936=SURFACE_STYLE_FILL_AREA(#5118);
#4937=SURFACE_STYLE_FILL_AREA(#5119);
#4938=SURFACE_STYLE_FILL_AREA(#5120);
#4939=SURFACE_STYLE_FILL_AREA(#5121);
#4940=SURFACE_STYLE_FILL_AREA(#5122);
#4941=SURFACE_STYLE_FILL_AREA(#5123);
#4942=SURFACE_STYLE_FILL_AREA(#5124);
#4943=SURFACE_STYLE_FILL_AREA(#5125);
#4944=SURFACE_STYLE_FILL_AREA(#5126);
#4945=SURFACE_STYLE_FILL_AREA(#5127);
#4946=SURFACE_STYLE_FILL_AREA(#5128);
#4947=SURFACE_STYLE_FILL_AREA(#5129);
#4948=SURFACE_STYLE_FILL_AREA(#5130);
#4949=SURFACE_STYLE_FILL_AREA(#5131);
#4950=SURFACE_STYLE_FILL_AREA(#5132);
#4951=SURFACE_STYLE_FILL_AREA(#5133);
#4952=SURFACE_STYLE_FILL_AREA(#5134);
#4953=SURFACE_STYLE_FILL_AREA(#5135);
#4954=SURFACE_STYLE_FILL_AREA(#5136);
#4955=SURFACE_STYLE_FILL_AREA(#5137);
#4956=SURFACE_STYLE_FILL_AREA(#5138);
#4957=SURFACE_STYLE_FILL_AREA(#5139);
#4958=SURFACE_STYLE_FILL_AREA(#5140);
#4959=SURFACE_STYLE_FILL_AREA(#5141);
#4960=SURFACE_STYLE_FILL_AREA(#5142);
#4961=SURFACE_STYLE_FILL_AREA(#5143);
#4962=SURFACE_STYLE_FILL_AREA(#5144);
#4963=SURFACE_STYLE_FILL_AREA(#5145);
#4964=SURFACE_STYLE_FILL_AREA(#5146);
#4965=SURFACE_STYLE_FILL_AREA(#5147);
#4966=SURFACE_STYLE_FILL_AREA(#5148);
#4967=SURFACE_STYLE_FILL_AREA(#5149);
#4968=SURFACE_STYLE_FILL_AREA(#5150);
#4969=SURFACE_STYLE_FILL_AREA(#5151);
#4970=SURFACE_STYLE_FILL_AREA(#5152);
#4971=SURFACE_STYLE_FILL_AREA(#5153);
#4972=SURFACE_STYLE_FILL_AREA(#5154);
#4973=SURFACE_STYLE_FILL_AREA(#5155);
#4974=SURFACE_STYLE_FILL_AREA(#5156);
#4975=SURFACE_STYLE_FILL_AREA(#5157);
#4976=SURFACE_STYLE_FILL_AREA(#5158);
#4977=SURFACE_STYLE_FILL_AREA(#5159);
#4978=SURFACE_STYLE_FILL_AREA(#5160);
#4979=SURFACE_STYLE_FILL_AREA(#5161);
#4980=SURFACE_STYLE_FILL_AREA(#5162);
#4981=SURFACE_STYLE_FILL_AREA(#5163);
#4982=SURFACE_STYLE_FILL_AREA(#5164);
#4983=SURFACE_STYLE_FILL_AREA(#5165);
#4984=SURFACE_STYLE_FILL_AREA(#5166);
#4985=SURFACE_STYLE_FILL_AREA(#5167);
#4986=SURFACE_STYLE_FILL_AREA(#5168);
#4987=SURFACE_STYLE_FILL_AREA(#5169);
#4988=SURFACE_STYLE_FILL_AREA(#5170);
#4989=SURFACE_STYLE_FILL_AREA(#5171);
#4990=SURFACE_STYLE_FILL_AREA(#5172);
#4991=SURFACE_STYLE_FILL_AREA(#5173);
#4992=SURFACE_STYLE_FILL_AREA(#5174);
#4993=SURFACE_STYLE_FILL_AREA(#5175);
#4994=SURFACE_STYLE_FILL_AREA(#5176);
#4995=SURFACE_STYLE_FILL_AREA(#5177);
#4996=SURFACE_STYLE_FILL_AREA(#5178);
#4997=SURFACE_STYLE_FILL_AREA(#5179);
#4998=SURFACE_STYLE_FILL_AREA(#5180);
#4999=SURFACE_STYLE_FILL_AREA(#5181);
#5000=SURFACE_STYLE_FILL_AREA(#5182);
#5001=SURFACE_STYLE_FILL_AREA(#5183);
#5002=SURFACE_STYLE_FILL_AREA(#5184);
#5003=SURFACE_STYLE_FILL_AREA(#5185);
#5004=SURFACE_STYLE_FILL_AREA(#5186);
#5005=SURFACE_STYLE_FILL_AREA(#5187);
#5006=SURFACE_STYLE_FILL_AREA(#5188);
#5007=SURFACE_STYLE_FILL_AREA(#5189);
#5008=SURFACE_STYLE_FILL_AREA(#5190);
#5009=SURFACE_STYLE_FILL_AREA(#5191);
#5010=SURFACE_STYLE_FILL_AREA(#5192);
#5011=SURFACE_STYLE_FILL_AREA(#5193);
#5012=SURFACE_STYLE_FILL_AREA(#5194);
#5013=SURFACE_STYLE_FILL_AREA(#5195);
#5014=SURFACE_STYLE_FILL_AREA(#5196);
#5015=SURFACE_STYLE_FILL_AREA(#5197);
#5016=SURFACE_STYLE_FILL_AREA(#5198);
#5017=SURFACE_STYLE_FILL_AREA(#5199);
#5018=SURFACE_STYLE_FILL_AREA(#5200);
#5019=SURFACE_STYLE_FILL_AREA(#5201);
#5020=SURFACE_STYLE_FILL_AREA(#5202);
#5021=SURFACE_STYLE_FILL_AREA(#5203);
#5022=SURFACE_STYLE_FILL_AREA(#5204);
#5023=SURFACE_STYLE_FILL_AREA(#5205);
#5024=SURFACE_STYLE_FILL_AREA(#5206);
#5025=SURFACE_STYLE_FILL_AREA(#5207);
#5026=SURFACE_STYLE_FILL_AREA(#5208);
#5027=SURFACE_STYLE_FILL_AREA(#5209);
#5028=SURFACE_STYLE_FILL_AREA(#5210);
#5029=SURFACE_STYLE_FILL_AREA(#5211);
#5030=SURFACE_STYLE_FILL_AREA(#5212);
#5031=SURFACE_STYLE_FILL_AREA(#5213);
#5032=SURFACE_STYLE_FILL_AREA(#5214);
#5033=SURFACE_STYLE_FILL_AREA(#5215);
#5034=SURFACE_STYLE_FILL_AREA(#5216);
#5035=SURFACE_STYLE_FILL_AREA(#5217);
#5036=SURFACE_STYLE_FILL_AREA(#5218);
#5037=SURFACE_STYLE_FILL_AREA(#5219);
#5038=SURFACE_STYLE_FILL_AREA(#5220);
#5039=SURFACE_STYLE_FILL_AREA(#5221);
#5040=SURFACE_STYLE_FILL_AREA(#5222);
#5041=SURFACE_STYLE_FILL_AREA(#5223);
#5042=SURFACE_STYLE_FILL_AREA(#5224);
#5043=SURFACE_STYLE_FILL_AREA(#5225);
#5044=SURFACE_STYLE_FILL_AREA(#5226);
#5045=SURFACE_STYLE_FILL_AREA(#5227);
#5046=SURFACE_STYLE_FILL_AREA(#5228);
#5047=SURFACE_STYLE_FILL_AREA(#5229);
#5048=SURFACE_STYLE_FILL_AREA(#5230);
#5049=SURFACE_STYLE_FILL_AREA(#5231);
#5050=SURFACE_STYLE_FILL_AREA(#5232);
#5051=SURFACE_STYLE_FILL_AREA(#5233);
#5052=FILL_AREA_STYLE('',(#5234));
#5053=FILL_AREA_STYLE('',(#5235));
#5054=FILL_AREA_STYLE('',(#5236));
#5055=FILL_AREA_STYLE('',(#5237));
#5056=FILL_AREA_STYLE('',(#5238));
#5057=FILL_AREA_STYLE('',(#5239));
#5058=FILL_AREA_STYLE('',(#5240));
#5059=FILL_AREA_STYLE('',(#5241));
#5060=FILL_AREA_STYLE('',(#5242));
#5061=FILL_AREA_STYLE('',(#5243));
#5062=FILL_AREA_STYLE('',(#5244));
#5063=FILL_AREA_STYLE('',(#5245));
#5064=FILL_AREA_STYLE('',(#5246));
#5065=FILL_AREA_STYLE('',(#5247));
#5066=FILL_AREA_STYLE('',(#5248));
#5067=FILL_AREA_STYLE('',(#5249));
#5068=FILL_AREA_STYLE('',(#5250));
#5069=FILL_AREA_STYLE('',(#5251));
#5070=FILL_AREA_STYLE('',(#5252));
#5071=FILL_AREA_STYLE('',(#5253));
#5072=FILL_AREA_STYLE('',(#5254));
#5073=FILL_AREA_STYLE('',(#5255));
#5074=FILL_AREA_STYLE('',(#5256));
#5075=FILL_AREA_STYLE('',(#5257));
#5076=FILL_AREA_STYLE('',(#5258));
#5077=FILL_AREA_STYLE('',(#5259));
#5078=FILL_AREA_STYLE('',(#5260));
#5079=FILL_AREA_STYLE('',(#5261));
#5080=FILL_AREA_STYLE('',(#5262));
#5081=FILL_AREA_STYLE('',(#5263));
#5082=FILL_AREA_STYLE('',(#5264));
#5083=FILL_AREA_STYLE('',(#5265));
#5084=FILL_AREA_STYLE('',(#5266));
#5085=FILL_AREA_STYLE('',(#5267));
#5086=FILL_AREA_STYLE('',(#5268));
#5087=FILL_AREA_STYLE('',(#5269));
#5088=FILL_AREA_STYLE('',(#5270));
#5089=FILL_AREA_STYLE('',(#5271));
#5090=FILL_AREA_STYLE('',(#5272));
#5091=FILL_AREA_STYLE('',(#5273));
#5092=FILL_AREA_STYLE('',(#5274));
#5093=FILL_AREA_STYLE('',(#5275));
#5094=FILL_AREA_STYLE('',(#5276));
#5095=FILL_AREA_STYLE('',(#5277));
#5096=FILL_AREA_STYLE('',(#5278));
#5097=FILL_AREA_STYLE('',(#5279));
#5098=FILL_AREA_STYLE('',(#5280));
#5099=FILL_AREA_STYLE('',(#5281));
#5100=FILL_AREA_STYLE('',(#5282));
#5101=FILL_AREA_STYLE('',(#5283));
#5102=FILL_AREA_STYLE('',(#5284));
#5103=FILL_AREA_STYLE('',(#5285));
#5104=FILL_AREA_STYLE('',(#5286));
#5105=FILL_AREA_STYLE('',(#5287));
#5106=FILL_AREA_STYLE('',(#5288));
#5107=FILL_AREA_STYLE('',(#5289));
#5108=FILL_AREA_STYLE('',(#5290));
#5109=FILL_AREA_STYLE('',(#5291));
#5110=FILL_AREA_STYLE('',(#5292));
#5111=FILL_AREA_STYLE('',(#5293));
#5112=FILL_AREA_STYLE('',(#5294));
#5113=FILL_AREA_STYLE('',(#5295));
#5114=FILL_AREA_STYLE('',(#5296));
#5115=FILL_AREA_STYLE('',(#5297));
#5116=FILL_AREA_STYLE('',(#5298));
#5117=FILL_AREA_STYLE('',(#5299));
#5118=FILL_AREA_STYLE('',(#5300));
#5119=FILL_AREA_STYLE('',(#5301));
#5120=FILL_AREA_STYLE('',(#5302));
#5121=FILL_AREA_STYLE('',(#5303));
#5122=FILL_AREA_STYLE('',(#5304));
#5123=FILL_AREA_STYLE('',(#5305));
#5124=FILL_AREA_STYLE('',(#5306));
#5125=FILL_AREA_STYLE('',(#5307));
#5126=FILL_AREA_STYLE('',(#5308));
#5127=FILL_AREA_STYLE('',(#5309));
#5128=FILL_AREA_STYLE('',(#5310));
#5129=FILL_AREA_STYLE('',(#5311));
#5130=FILL_AREA_STYLE('',(#5312));
#5131=FILL_AREA_STYLE('',(#5313));
#5132=FILL_AREA_STYLE('',(#5314));
#5133=FILL_AREA_STYLE('',(#5315));
#5134=FILL_AREA_STYLE('',(#5316));
#5135=FILL_AREA_STYLE('',(#5317));
#5136=FILL_AREA_STYLE('',(#5318));
#5137=FILL_AREA_STYLE('',(#5319));
#5138=FILL_AREA_STYLE('',(#5320));
#5139=FILL_AREA_STYLE('',(#5321));
#5140=FILL_AREA_STYLE('',(#5322));
#5141=FILL_AREA_STYLE('',(#5323));
#5142=FILL_AREA_STYLE('',(#5324));
#5143=FILL_AREA_STYLE('',(#5325));
#5144=FILL_AREA_STYLE('',(#5326));
#5145=FILL_AREA_STYLE('',(#5327));
#5146=FILL_AREA_STYLE('',(#5328));
#5147=FILL_AREA_STYLE('',(#5329));
#5148=FILL_AREA_STYLE('',(#5330));
#5149=FILL_AREA_STYLE('',(#5331));
#5150=FILL_AREA_STYLE('',(#5332));
#5151=FILL_AREA_STYLE('',(#5333));
#5152=FILL_AREA_STYLE('',(#5334));
#5153=FILL_AREA_STYLE('',(#5335));
#5154=FILL_AREA_STYLE('',(#5336));
#5155=FILL_AREA_STYLE('',(#5337));
#5156=FILL_AREA_STYLE('',(#5338));
#5157=FILL_AREA_STYLE('',(#5339));
#5158=FILL_AREA_STYLE('',(#5340));
#5159=FILL_AREA_STYLE('',(#5341));
#5160=FILL_AREA_STYLE('',(#5342));
#5161=FILL_AREA_STYLE('',(#5343));
#5162=FILL_AREA_STYLE('',(#5344));
#5163=FILL_AREA_STYLE('',(#5345));
#5164=FILL_AREA_STYLE('',(#5346));
#5165=FILL_AREA_STYLE('',(#5347));
#5166=FILL_AREA_STYLE('',(#5348));
#5167=FILL_AREA_STYLE('',(#5349));
#5168=FILL_AREA_STYLE('',(#5350));
#5169=FILL_AREA_STYLE('',(#5351));
#5170=FILL_AREA_STYLE('',(#5352));
#5171=FILL_AREA_STYLE('',(#5353));
#5172=FILL_AREA_STYLE('',(#5354));
#5173=FILL_AREA_STYLE('',(#5355));
#5174=FILL_AREA_STYLE('',(#5356));
#5175=FILL_AREA_STYLE('',(#5357));
#5176=FILL_AREA_STYLE('',(#5358));
#5177=FILL_AREA_STYLE('',(#5359));
#5178=FILL_AREA_STYLE('',(#5360));
#5179=FILL_AREA_STYLE('',(#5361));
#5180=FILL_AREA_STYLE('',(#5362));
#5181=FILL_AREA_STYLE('',(#5363));
#5182=FILL_AREA_STYLE('',(#5364));
#5183=FILL_AREA_STYLE('',(#5365));
#5184=FILL_AREA_STYLE('',(#5366));
#5185=FILL_AREA_STYLE('',(#5367));
#5186=FILL_AREA_STYLE('',(#5368));
#5187=FILL_AREA_STYLE('',(#5369));
#5188=FILL_AREA_STYLE('',(#5370));
#5189=FILL_AREA_STYLE('',(#5371));
#5190=FILL_AREA_STYLE('',(#5372));
#5191=FILL_AREA_STYLE('',(#5373));
#5192=FILL_AREA_STYLE('',(#5374));
#5193=FILL_AREA_STYLE('',(#5375));
#5194=FILL_AREA_STYLE('',(#5376));
#5195=FILL_AREA_STYLE('',(#5377));
#5196=FILL_AREA_STYLE('',(#5378));
#5197=FILL_AREA_STYLE('',(#5379));
#5198=FILL_AREA_STYLE('',(#5380));
#5199=FILL_AREA_STYLE('',(#5381));
#5200=FILL_AREA_STYLE('',(#5382));
#5201=FILL_AREA_STYLE('',(#5383));
#5202=FILL_AREA_STYLE('',(#5384));
#5203=FILL_AREA_STYLE('',(#5385));
#5204=FILL_AREA_STYLE('',(#5386));
#5205=FILL_AREA_STYLE('',(#5387));
#5206=FILL_AREA_STYLE('',(#5388));
#5207=FILL_AREA_STYLE('',(#5389));
#5208=FILL_AREA_STYLE('',(#5390));
#5209=FILL_AREA_STYLE('',(#5391));
#5210=FILL_AREA_STYLE('',(#5392));
#5211=FILL_AREA_STYLE('',(#5393));
#5212=FILL_AREA_STYLE('',(#5394));
#5213=FILL_AREA_STYLE('',(#5395));
#5214=FILL_AREA_STYLE('',(#5396));
#5215=FILL_AREA_STYLE('',(#5397));
#5216=FILL_AREA_STYLE('',(#5398));
#5217=FILL_AREA_STYLE('',(#5399));
#5218=FILL_AREA_STYLE('',(#5400));
#5219=FILL_AREA_STYLE('',(#5401));
#5220=FILL_AREA_STYLE('',(#5402));
#5221=FILL_AREA_STYLE('',(#5403));
#5222=FILL_AREA_STYLE('',(#5404));
#5223=FILL_AREA_STYLE('',(#5405));
#5224=FILL_AREA_STYLE('',(#5406));
#5225=FILL_AREA_STYLE('',(#5407));
#5226=FILL_AREA_STYLE('',(#5408));
#5227=FILL_AREA_STYLE('',(#5409));
#5228=FILL_AREA_STYLE('',(#5410));
#5229=FILL_AREA_STYLE('',(#5411));
#5230=FILL_AREA_STYLE('',(#5412));
#5231=FILL_AREA_STYLE('',(#5413));
#5232=FILL_AREA_STYLE('',(#5414));
#5233=FILL_AREA_STYLE('',(#5415));
#5234=FILL_AREA_STYLE_COLOUR('',#5416);
#5235=FILL_AREA_STYLE_COLOUR('',#5417);
#5236=FILL_AREA_STYLE_COLOUR('',#5417);
#5237=FILL_AREA_STYLE_COLOUR('',#5417);
#5238=FILL_AREA_STYLE_COLOUR('',#5417);
#5239=FILL_AREA_STYLE_COLOUR('',#5417);
#5240=FILL_AREA_STYLE_COLOUR('',#5417);
#5241=FILL_AREA_STYLE_COLOUR('',#5417);
#5242=FILL_AREA_STYLE_COLOUR('',#5417);
#5243=FILL_AREA_STYLE_COLOUR('',#5417);
#5244=FILL_AREA_STYLE_COLOUR('',#5417);
#5245=FILL_AREA_STYLE_COLOUR('',#5417);
#5246=FILL_AREA_STYLE_COLOUR('',#5417);
#5247=FILL_AREA_STYLE_COLOUR('',#5417);
#5248=FILL_AREA_STYLE_COLOUR('',#5417);
#5249=FILL_AREA_STYLE_COLOUR('',#5417);
#5250=FILL_AREA_STYLE_COLOUR('',#5417);
#5251=FILL_AREA_STYLE_COLOUR('',#5417);
#5252=FILL_AREA_STYLE_COLOUR('',#5417);
#5253=FILL_AREA_STYLE_COLOUR('',#5417);
#5254=FILL_AREA_STYLE_COLOUR('',#5417);
#5255=FILL_AREA_STYLE_COLOUR('',#5417);
#5256=FILL_AREA_STYLE_COLOUR('',#5417);
#5257=FILL_AREA_STYLE_COLOUR('',#5417);
#5258=FILL_AREA_STYLE_COLOUR('',#5417);
#5259=FILL_AREA_STYLE_COLOUR('',#5417);
#5260=FILL_AREA_STYLE_COLOUR('',#5417);
#5261=FILL_AREA_STYLE_COLOUR('',#5417);
#5262=FILL_AREA_STYLE_COLOUR('',#5417);
#5263=FILL_AREA_STYLE_COLOUR('',#5417);
#5264=FILL_AREA_STYLE_COLOUR('',#5417);
#5265=FILL_AREA_STYLE_COLOUR('',#5417);
#5266=FILL_AREA_STYLE_COLOUR('',#5417);
#5267=FILL_AREA_STYLE_COLOUR('',#5417);
#5268=FILL_AREA_STYLE_COLOUR('',#5417);
#5269=FILL_AREA_STYLE_COLOUR('',#5417);
#5270=FILL_AREA_STYLE_COLOUR('',#5417);
#5271=FILL_AREA_STYLE_COLOUR('',#5417);
#5272=FILL_AREA_STYLE_COLOUR('',#5417);
#5273=FILL_AREA_STYLE_COLOUR('',#5417);
#5274=FILL_AREA_STYLE_COLOUR('',#5417);
#5275=FILL_AREA_STYLE_COLOUR('',#5417);
#5276=FILL_AREA_STYLE_COLOUR('',#5417);
#5277=FILL_AREA_STYLE_COLOUR('',#5417);
#5278=FILL_AREA_STYLE_COLOUR('',#5417);
#5279=FILL_AREA_STYLE_COLOUR('',#5417);
#5280=FILL_AREA_STYLE_COLOUR('',#5417);
#5281=FILL_AREA_STYLE_COLOUR('',#5417);
#5282=FILL_AREA_STYLE_COLOUR('',#5417);
#5283=FILL_AREA_STYLE_COLOUR('',#5417);
#5284=FILL_AREA_STYLE_COLOUR('',#5417);
#5285=FILL_AREA_STYLE_COLOUR('',#5417);
#5286=FILL_AREA_STYLE_COLOUR('',#5417);
#5287=FILL_AREA_STYLE_COLOUR('',#5417);
#5288=FILL_AREA_STYLE_COLOUR('',#5417);
#5289=FILL_AREA_STYLE_COLOUR('',#5417);
#5290=FILL_AREA_STYLE_COLOUR('',#5417);
#5291=FILL_AREA_STYLE_COLOUR('',#5417);
#5292=FILL_AREA_STYLE_COLOUR('',#5417);
#5293=FILL_AREA_STYLE_COLOUR('',#5417);
#5294=FILL_AREA_STYLE_COLOUR('',#5417);
#5295=FILL_AREA_STYLE_COLOUR('',#5417);
#5296=FILL_AREA_STYLE_COLOUR('',#5417);
#5297=FILL_AREA_STYLE_COLOUR('',#5417);
#5298=FILL_AREA_STYLE_COLOUR('',#5418);
#5299=FILL_AREA_STYLE_COLOUR('',#5417);
#5300=FILL_AREA_STYLE_COLOUR('',#5417);
#5301=FILL_AREA_STYLE_COLOUR('',#5417);
#5302=FILL_AREA_STYLE_COLOUR('',#5417);
#5303=FILL_AREA_STYLE_COLOUR('',#5417);
#5304=FILL_AREA_STYLE_COLOUR('',#5417);
#5305=FILL_AREA_STYLE_COLOUR('',#5417);
#5306=FILL_AREA_STYLE_COLOUR('',#5417);
#5307=FILL_AREA_STYLE_COLOUR('',#5417);
#5308=FILL_AREA_STYLE_COLOUR('',#5417);
#5309=FILL_AREA_STYLE_COLOUR('',#5417);
#5310=FILL_AREA_STYLE_COLOUR('',#5417);
#5311=FILL_AREA_STYLE_COLOUR('',#5417);
#5312=FILL_AREA_STYLE_COLOUR('',#5417);
#5313=FILL_AREA_STYLE_COLOUR('',#5417);
#5314=FILL_AREA_STYLE_COLOUR('',#5417);
#5315=FILL_AREA_STYLE_COLOUR('',#5417);
#5316=FILL_AREA_STYLE_COLOUR('',#5417);
#5317=FILL_AREA_STYLE_COLOUR('',#5417);
#5318=FILL_AREA_STYLE_COLOUR('',#5417);
#5319=FILL_AREA_STYLE_COLOUR('',#5417);
#5320=FILL_AREA_STYLE_COLOUR('',#5417);
#5321=FILL_AREA_STYLE_COLOUR('',#5417);
#5322=FILL_AREA_STYLE_COLOUR('',#5417);
#5323=FILL_AREA_STYLE_COLOUR('',#5417);
#5324=FILL_AREA_STYLE_COLOUR('',#5417);
#5325=FILL_AREA_STYLE_COLOUR('',#5417);
#5326=FILL_AREA_STYLE_COLOUR('',#5417);
#5327=FILL_AREA_STYLE_COLOUR('',#5417);
#5328=FILL_AREA_STYLE_COLOUR('',#5417);
#5329=FILL_AREA_STYLE_COLOUR('',#5417);
#5330=FILL_AREA_STYLE_COLOUR('',#5417);
#5331=FILL_AREA_STYLE_COLOUR('',#5417);
#5332=FILL_AREA_STYLE_COLOUR('',#5417);
#5333=FILL_AREA_STYLE_COLOUR('',#5417);
#5334=FILL_AREA_STYLE_COLOUR('',#5417);
#5335=FILL_AREA_STYLE_COLOUR('',#5417);
#5336=FILL_AREA_STYLE_COLOUR('',#5417);
#5337=FILL_AREA_STYLE_COLOUR('',#5417);
#5338=FILL_AREA_STYLE_COLOUR('',#5417);
#5339=FILL_AREA_STYLE_COLOUR('',#5417);
#5340=FILL_AREA_STYLE_COLOUR('',#5417);
#5341=FILL_AREA_STYLE_COLOUR('',#5417);
#5342=FILL_AREA_STYLE_COLOUR('',#5417);
#5343=FILL_AREA_STYLE_COLOUR('',#5417);
#5344=FILL_AREA_STYLE_COLOUR('',#5417);
#5345=FILL_AREA_STYLE_COLOUR('',#5417);
#5346=FILL_AREA_STYLE_COLOUR('',#5417);
#5347=FILL_AREA_STYLE_COLOUR('',#5417);
#5348=FILL_AREA_STYLE_COLOUR('',#5417);
#5349=FILL_AREA_STYLE_COLOUR('',#5417);
#5350=FILL_AREA_STYLE_COLOUR('',#5417);
#5351=FILL_AREA_STYLE_COLOUR('',#5417);
#5352=FILL_AREA_STYLE_COLOUR('',#5417);
#5353=FILL_AREA_STYLE_COLOUR('',#5417);
#5354=FILL_AREA_STYLE_COLOUR('',#5417);
#5355=FILL_AREA_STYLE_COLOUR('',#5417);
#5356=FILL_AREA_STYLE_COLOUR('',#5417);
#5357=FILL_AREA_STYLE_COLOUR('',#5417);
#5358=FILL_AREA_STYLE_COLOUR('',#5417);
#5359=FILL_AREA_STYLE_COLOUR('',#5417);
#5360=FILL_AREA_STYLE_COLOUR('',#5417);
#5361=FILL_AREA_STYLE_COLOUR('',#5417);
#5362=FILL_AREA_STYLE_COLOUR('',#5417);
#5363=FILL_AREA_STYLE_COLOUR('',#5417);
#5364=FILL_AREA_STYLE_COLOUR('',#5417);
#5365=FILL_AREA_STYLE_COLOUR('',#5417);
#5366=FILL_AREA_STYLE_COLOUR('',#5417);
#5367=FILL_AREA_STYLE_COLOUR('',#5417);
#5368=FILL_AREA_STYLE_COLOUR('',#5417);
#5369=FILL_AREA_STYLE_COLOUR('',#5417);
#5370=FILL_AREA_STYLE_COLOUR('',#5417);
#5371=FILL_AREA_STYLE_COLOUR('',#5417);
#5372=FILL_AREA_STYLE_COLOUR('',#5417);
#5373=FILL_AREA_STYLE_COLOUR('',#5417);
#5374=FILL_AREA_STYLE_COLOUR('',#5417);
#5375=FILL_AREA_STYLE_COLOUR('',#5417);
#5376=FILL_AREA_STYLE_COLOUR('',#5417);
#5377=FILL_AREA_STYLE_COLOUR('',#5417);
#5378=FILL_AREA_STYLE_COLOUR('',#5417);
#5379=FILL_AREA_STYLE_COLOUR('',#5417);
#5380=FILL_AREA_STYLE_COLOUR('',#5417);
#5381=FILL_AREA_STYLE_COLOUR('',#5417);
#5382=FILL_AREA_STYLE_COLOUR('',#5417);
#5383=FILL_AREA_STYLE_COLOUR('',#5417);
#5384=FILL_AREA_STYLE_COLOUR('',#5417);
#5385=FILL_AREA_STYLE_COLOUR('',#5417);
#5386=FILL_AREA_STYLE_COLOUR('',#5417);
#5387=FILL_AREA_STYLE_COLOUR('',#5417);
#5388=FILL_AREA_STYLE_COLOUR('',#5417);
#5389=FILL_AREA_STYLE_COLOUR('',#5417);
#5390=FILL_AREA_STYLE_COLOUR('',#5417);
#5391=FILL_AREA_STYLE_COLOUR('',#5417);
#5392=FILL_AREA_STYLE_COLOUR('',#5417);
#5393=FILL_AREA_STYLE_COLOUR('',#5417);
#5394=FILL_AREA_STYLE_COLOUR('',#5417);
#5395=FILL_AREA_STYLE_COLOUR('',#5417);
#5396=FILL_AREA_STYLE_COLOUR('',#5417);
#5397=FILL_AREA_STYLE_COLOUR('',#5417);
#5398=FILL_AREA_STYLE_COLOUR('',#5417);
#5399=FILL_AREA_STYLE_COLOUR('',#5417);
#5400=FILL_AREA_STYLE_COLOUR('',#5417);
#5401=FILL_AREA_STYLE_COLOUR('',#5417);
#5402=FILL_AREA_STYLE_COLOUR('',#5417);
#5403=FILL_AREA_STYLE_COLOUR('',#5417);
#5404=FILL_AREA_STYLE_COLOUR('',#5417);
#5405=FILL_AREA_STYLE_COLOUR('',#5417);
#5406=FILL_AREA_STYLE_COLOUR('',#5417);
#5407=FILL_AREA_STYLE_COLOUR('',#5417);
#5408=FILL_AREA_STYLE_COLOUR('',#5417);
#5409=FILL_AREA_STYLE_COLOUR('',#5417);
#5410=FILL_AREA_STYLE_COLOUR('',#5417);
#5411=FILL_AREA_STYLE_COLOUR('',#5417);
#5412=FILL_AREA_STYLE_COLOUR('',#5417);
#5413=FILL_AREA_STYLE_COLOUR('',#5417);
#5414=FILL_AREA_STYLE_COLOUR('',#5417);
#5415=FILL_AREA_STYLE_COLOUR('',#5417);
#5416=COLOUR_RGB('',0.878431379795074,0.815686285495758,0.564705908298492);
#5417=COLOUR_RGB('',0.941176474094391,0.878431379795074,0.125490203499794);
#5418=COLOUR_RGB('',0.506983280181885,0.531564235687256,0.550000011920929);
#5419=MANIFOLD_SOLID_BREP('PinoXT-60_Macho',#4140);
#5420=MANIFOLD_SOLID_BREP('XT-60_Macho',#4141);
#5421=SHAPE_DEFINITION_REPRESENTATION(#8691,#5424);
#5422=SHAPE_DEFINITION_REPRESENTATION(#8690,#5425);
#5423=SHAPE_DEFINITION_REPRESENTATION(#8694,#5426);
#5424=SHAPE_REPRESENTATION('PinoXT-60_Macho',(#5427),#8682);
#5425=SHAPE_REPRESENTATION('FIT0587',(#5427,#5494,#5495,#5727),#8681);
#5426=SHAPE_REPRESENTATION('XT-60_Macho',(#5427),#8683);
#5427=AXIS2_PLACEMENT_3D('',#6741,#5728,#5729);
#5428=AXIS2_PLACEMENT_3D('',#6742,#5730,#5731);
#5429=AXIS2_PLACEMENT_3D('',#6746,#5733,#5734);
#5430=AXIS2_PLACEMENT_3D('',#6750,#5736,#5737);
#5431=AXIS2_PLACEMENT_3D('',#6751,#5738,#5739);
#5432=AXIS2_PLACEMENT_3D('',#6753,#5740,#5741);
#5433=AXIS2_PLACEMENT_3D('',#6758,#5744,#5745);
#5434=AXIS2_PLACEMENT_3D('',#6759,#5746,#5747);
#5435=AXIS2_PLACEMENT_3D('',#6762,#5749,#5750);
#5436=AXIS2_PLACEMENT_3D('',#6765,#5752,#5753);
#5437=AXIS2_PLACEMENT_3D('',#6767,#5754,#5755);
#5438=AXIS2_PLACEMENT_3D('',#6769,#5756,#5757);
#5439=AXIS2_PLACEMENT_3D('',#6773,#5759,#5760);
#5440=AXIS2_PLACEMENT_3D('',#6777,#5762,#5763);
#5441=AXIS2_PLACEMENT_3D('',#6781,#5765,#5766);
#5442=AXIS2_PLACEMENT_3D('',#6785,#5768,#5769);
#5443=AXIS2_PLACEMENT_3D('',#6789,#5771,#5772);
#5444=AXIS2_PLACEMENT_3D('',#6793,#5774,#5775);
#5445=AXIS2_PLACEMENT_3D('',#6797,#5777,#5778);
#5446=AXIS2_PLACEMENT_3D('',#6801,#5780,#5781);
#5447=AXIS2_PLACEMENT_3D('',#6802,#5782,#5783);
#5448=AXIS2_PLACEMENT_3D('',#6805,#5785,#5786);
#5449=AXIS2_PLACEMENT_3D('',#6808,#5788,#5789);
#5450=AXIS2_PLACEMENT_3D('',#6822,#5792,#5793);
#5451=AXIS2_PLACEMENT_3D('',#6823,#5794,#5795);
#5452=AXIS2_PLACEMENT_3D('',#6826,#5797,#5798);
#5453=AXIS2_PLACEMENT_3D('',#6838,#5800,#5801);
#5454=AXIS2_PLACEMENT_3D('',#6841,#5803,#5804);
#5455=AXIS2_PLACEMENT_3D('',#6844,#5806,#5807);
#5456=AXIS2_PLACEMENT_3D('',#6858,#5810,#5811);
#5457=AXIS2_PLACEMENT_3D('',#6859,#5812,#5813);
#5458=AXIS2_PLACEMENT_3D('',#6862,#5815,#5816);
#5459=AXIS2_PLACEMENT_3D('',#6874,#5818,#5819);
#5460=AXIS2_PLACEMENT_3D('',#6877,#5821,#5822);
#5461=AXIS2_PLACEMENT_3D('',#6880,#5824,#5825);
#5462=AXIS2_PLACEMENT_3D('',#6894,#5828,#5829);
#5463=AXIS2_PLACEMENT_3D('',#6895,#5830,#5831);
#5464=AXIS2_PLACEMENT_3D('',#6898,#5833,#5834);
#5465=AXIS2_PLACEMENT_3D('',#6910,#5836,#5837);
#5466=AXIS2_PLACEMENT_3D('',#6913,#5839,#5840);
#5467=AXIS2_PLACEMENT_3D('',#6916,#5842,#5843);
#5468=AXIS2_PLACEMENT_3D('',#6930,#5846,#5847);
#5469=AXIS2_PLACEMENT_3D('',#6931,#5848,#5849);
#5470=AXIS2_PLACEMENT_3D('',#6934,#5851,#5852);
#5471=AXIS2_PLACEMENT_3D('',#6946,#5854,#5855);
#5472=AXIS2_PLACEMENT_3D('',#6947,#5856,#5857);
#5473=AXIS2_PLACEMENT_3D('',#6948,#5858,#5859);
#5474=AXIS2_PLACEMENT_3D('',#6949,#5860,#5861);
#5475=AXIS2_PLACEMENT_3D('',#6950,#5862,#5863);
#5476=AXIS2_PLACEMENT_3D('',#6951,#5864,#5865);
#5477=AXIS2_PLACEMENT_3D('',#6952,#5866,#5867);
#5478=AXIS2_PLACEMENT_3D('',#6953,#5868,#5869);
#5479=AXIS2_PLACEMENT_3D('',#6954,#5870,#5871);
#5480=AXIS2_PLACEMENT_3D('',#6955,#5872,#5873);
#5481=AXIS2_PLACEMENT_3D('',#6956,#5874,#5875);
#5482=AXIS2_PLACEMENT_3D('',#6957,#5876,#5877);
#5483=AXIS2_PLACEMENT_3D('',#6958,#5878,#5879);
#5484=AXIS2_PLACEMENT_3D('',#6960,#5881,#5882);
#5485=AXIS2_PLACEMENT_3D('',#6962,#5884,#5885);
#5486=AXIS2_PLACEMENT_3D('',#6963,#5886,#5887);
#5487=AXIS2_PLACEMENT_3D('',#6964,#5888,#5889);
#5488=AXIS2_PLACEMENT_3D('',#6965,#5890,#5891);
#5489=AXIS2_PLACEMENT_3D('',#6966,#5892,#5893);
#5490=AXIS2_PLACEMENT_3D('',#6967,#5894,#5895);
#5491=AXIS2_PLACEMENT_3D('',#6968,#5896,#5897);
#5492=AXIS2_PLACEMENT_3D('',#6969,#5898,#5899);
#5493=AXIS2_PLACEMENT_3D('',#6970,#5900,#5901);
#5494=AXIS2_PLACEMENT_3D('',#6971,#5902,#5903);
#5495=AXIS2_PLACEMENT_3D('',#6972,#5904,#5905);
#5496=AXIS2_PLACEMENT_3D('',#6973,#5906,#5907);
#5497=AXIS2_PLACEMENT_3D('',#7003,#5911,#5912);
#5498=AXIS2_PLACEMENT_3D('',#7007,#5914,#5915);
#5499=AXIS2_PLACEMENT_3D('',#7015,#5919,#5920);
#5500=AXIS2_PLACEMENT_3D('',#7019,#5922,#5923);
#5501=AXIS2_PLACEMENT_3D('',#7027,#5927,#5928);
#5502=AXIS2_PLACEMENT_3D('',#7031,#5930,#5931);
#5503=AXIS2_PLACEMENT_3D('',#7044,#5938,#5939);
#5504=AXIS2_PLACEMENT_3D('',#7070,#5947,#5948);
#5505=AXIS2_PLACEMENT_3D('',#7074,#5950,#5951);
#5506=AXIS2_PLACEMENT_3D('',#7082,#5955,#5956);
#5507=AXIS2_PLACEMENT_3D('',#7086,#5958,#5959);
#5508=AXIS2_PLACEMENT_3D('',#7092,#5962,#5963);
#5509=AXIS2_PLACEMENT_3D('',#7096,#5965,#5966);
#5510=AXIS2_PLACEMENT_3D('',#7100,#5968,#5969);
#5511=AXIS2_PLACEMENT_3D('',#7104,#5971,#5972);
#5512=AXIS2_PLACEMENT_3D('',#7118,#5974,#5975);
#5513=AXIS2_PLACEMENT_3D('',#7124,#5979,#5980);
#5514=AXIS2_PLACEMENT_3D('',#7130,#5984,#5985);
#5515=AXIS2_PLACEMENT_3D('',#7147,#5987,#5988);
#5516=AXIS2_PLACEMENT_3D('',#7156,#5991,#5992);
#5517=AXIS2_PLACEMENT_3D('',#7162,#5996,#5997);
#5518=AXIS2_PLACEMENT_3D('',#7168,#6001,#6002);
#5519=AXIS2_PLACEMENT_3D('',#7185,#6004,#6005);
#5520=AXIS2_PLACEMENT_3D('',#7199,#6008,#6009);
#5521=AXIS2_PLACEMENT_3D('',#7205,#6013,#6014);
#5522=AXIS2_PLACEMENT_3D('',#7211,#6018,#6019);
#5523=AXIS2_PLACEMENT_3D('',#7250,#6023,#6024);
#5524=AXIS2_PLACEMENT_3D('',#7259,#6027,#6028);
#5525=AXIS2_PLACEMENT_3D('',#7262,#6031,#6032);
#5526=AXIS2_PLACEMENT_3D('',#7265,#6035,#6036);
#5527=AXIS2_PLACEMENT_3D('',#7271,#6040,#6041);
#5528=AXIS2_PLACEMENT_3D('',#7280,#6044,#6045);
#5529=AXIS2_PLACEMENT_3D('',#7286,#6049,#6050);
#5530=AXIS2_PLACEMENT_3D('',#7300,#6053,#6054);
#5531=AXIS2_PLACEMENT_3D('',#7313,#6056,#6057);
#5532=AXIS2_PLACEMENT_3D('',#7319,#6061,#6062);
#5533=AXIS2_PLACEMENT_3D('',#7322,#6065,#6066);
#5534=AXIS2_PLACEMENT_3D('',#7330,#6068,#6069);
#5535=AXIS2_PLACEMENT_3D('',#7335,#6072,#6073);
#5536=AXIS2_PLACEMENT_3D('',#7338,#6076,#6077);
#5537=AXIS2_PLACEMENT_3D('',#7344,#6081,#6082);
#5538=AXIS2_PLACEMENT_3D('',#7350,#6086,#6087);
#5539=AXIS2_PLACEMENT_3D('',#7356,#6091,#6092);
#5540=AXIS2_PLACEMENT_3D('',#7362,#6096,#6097);
#5541=AXIS2_PLACEMENT_3D('',#7366,#6100,#6101);
#5542=AXIS2_PLACEMENT_3D('',#7372,#6105,#6106);
#5543=AXIS2_PLACEMENT_3D('',#7378,#6110,#6111);
#5544=AXIS2_PLACEMENT_3D('',#7384,#6115,#6116);
#5545=AXIS2_PLACEMENT_3D('',#7392,#6121,#6122);
#5546=AXIS2_PLACEMENT_3D('',#7400,#6127,#6128);
#5547=AXIS2_PLACEMENT_3D('',#7406,#6132,#6133);
#5548=AXIS2_PLACEMENT_3D('',#7412,#6137,#6138);
#5549=AXIS2_PLACEMENT_3D('',#7418,#6142,#6143);
#5550=AXIS2_PLACEMENT_3D('',#7427,#6148,#6149);
#5551=AXIS2_PLACEMENT_3D('',#7428,#6150,#6151);
#5552=AXIS2_PLACEMENT_3D('',#7435,#6155,#6156);
#5553=AXIS2_PLACEMENT_3D('',#7438,#6159,#6160);
#5554=AXIS2_PLACEMENT_3D('',#7441,#6163,#6164);
#5555=AXIS2_PLACEMENT_3D('',#7444,#6167,#6168);
#5556=AXIS2_PLACEMENT_3D('',#7453,#6173,#6174);
#5557=AXIS2_PLACEMENT_3D('',#7458,#6176,#6177);
#5558=AXIS2_PLACEMENT_3D('',#7462,#6179,#6180);
#5559=AXIS2_PLACEMENT_3D('',#7466,#6182,#6183);
#5560=AXIS2_PLACEMENT_3D('',#7469,#6185,#6186);
#5561=AXIS2_PLACEMENT_3D('',#7478,#6191,#6192);
#5562=AXIS2_PLACEMENT_3D('',#7487,#6197,#6198);
#5563=AXIS2_PLACEMENT_3D('',#7493,#6202,#6203);
#5564=AXIS2_PLACEMENT_3D('',#7498,#6205,#6206);
#5565=AXIS2_PLACEMENT_3D('',#7502,#6208,#6209);
#5566=AXIS2_PLACEMENT_3D('',#7506,#6211,#6212);
#5567=AXIS2_PLACEMENT_3D('',#7510,#6214,#6215);
#5568=AXIS2_PLACEMENT_3D('',#7514,#6217,#6218);
#5569=AXIS2_PLACEMENT_3D('',#7518,#6220,#6221);
#5570=AXIS2_PLACEMENT_3D('',#7522,#6223,#6224);
#5571=AXIS2_PLACEMENT_3D('',#7526,#6226,#6227);
#5572=AXIS2_PLACEMENT_3D('',#7530,#6229,#6230);
#5573=AXIS2_PLACEMENT_3D('',#7534,#6232,#6233);
#5574=AXIS2_PLACEMENT_3D('',#7538,#6235,#6236);
#5575=AXIS2_PLACEMENT_3D('',#7541,#6238,#6239);
#5576=AXIS2_PLACEMENT_3D('',#7558,#6248,#6249);
#5577=AXIS2_PLACEMENT_3D('',#7559,#6250,#6251);
#5578=AXIS2_PLACEMENT_3D('',#7561,#6252,#6253);
#5579=AXIS2_PLACEMENT_3D('',#7582,#6265,#6266);
#5580=AXIS2_PLACEMENT_3D('',#7588,#6270,#6271);
#5581=AXIS2_PLACEMENT_3D('',#7591,#6274,#6275);
#5582=AXIS2_PLACEMENT_3D('',#7594,#6278,#6279);
#5583=AXIS2_PLACEMENT_3D('',#7601,#6284,#6285);
#5584=AXIS2_PLACEMENT_3D('',#7602,#6286,#6287);
#5585=AXIS2_PLACEMENT_3D('',#7604,#6288,#6289);
#5586=AXIS2_PLACEMENT_3D('',#7606,#6290,#6291);
#5587=AXIS2_PLACEMENT_3D('',#7608,#6293,#6294);
#5588=AXIS2_PLACEMENT_3D('',#7610,#6296,#6297);
#5589=AXIS2_PLACEMENT_3D('',#7611,#6298,#6299);
#5590=AXIS2_PLACEMENT_3D('',#7612,#6300,#6301);
#5591=AXIS2_PLACEMENT_3D('',#7616,#6304,#6305);
#5592=AXIS2_PLACEMENT_3D('',#7620,#6308,#6309);
#5593=AXIS2_PLACEMENT_3D('',#7622,#6311,#6312);
#5594=AXIS2_PLACEMENT_3D('',#7623,#6313,#6314);
#5595=AXIS2_PLACEMENT_3D('',#7629,#6318,#6319);
#5596=AXIS2_PLACEMENT_3D('',#7633,#6322,#6323);
#5597=AXIS2_PLACEMENT_3D('',#7637,#6326,#6327);
#5598=AXIS2_PLACEMENT_3D('',#7639,#6329,#6330);
#5599=AXIS2_PLACEMENT_3D('',#7640,#6331,#6332);
#5600=AXIS2_PLACEMENT_3D('',#7641,#6333,#6334);
#5601=AXIS2_PLACEMENT_3D('',#7643,#6335,#6336);
#5602=AXIS2_PLACEMENT_3D('',#7644,#6337,#6338);
#5603=AXIS2_PLACEMENT_3D('',#7646,#6339,#6340);
#5604=AXIS2_PLACEMENT_3D('',#7647,#6341,#6342);
#5605=AXIS2_PLACEMENT_3D('',#7649,#6343,#6344);
#5606=AXIS2_PLACEMENT_3D('',#7650,#6345,#6346);
#5607=AXIS2_PLACEMENT_3D('',#7652,#6347,#6348);
#5608=AXIS2_PLACEMENT_3D('',#7653,#6349,#6350);
#5609=AXIS2_PLACEMENT_3D('',#7654,#6351,#6352);
#5610=AXIS2_PLACEMENT_3D('',#7657,#6354,#6355);
#5611=AXIS2_PLACEMENT_3D('',#7660,#6357,#6358);
#5612=AXIS2_PLACEMENT_3D('',#7664,#6361,#6362);
#5613=AXIS2_PLACEMENT_3D('',#7667,#6364,#6365);
#5614=AXIS2_PLACEMENT_3D('',#7668,#6366,#6367);
#5615=AXIS2_PLACEMENT_3D('',#7672,#6370,#6371);
#5616=AXIS2_PLACEMENT_3D('',#7675,#6373,#6374);
#5617=AXIS2_PLACEMENT_3D('',#7676,#6375,#6376);
#5618=AXIS2_PLACEMENT_3D('',#7680,#6379,#6380);
#5619=AXIS2_PLACEMENT_3D('',#7683,#6382,#6383);
#5620=AXIS2_PLACEMENT_3D('',#7684,#6384,#6385);
#5621=AXIS2_PLACEMENT_3D('',#7688,#6388,#6389);
#5622=AXIS2_PLACEMENT_3D('',#7691,#6391,#6392);
#5623=AXIS2_PLACEMENT_3D('',#7692,#6393,#6394);
#5624=AXIS2_PLACEMENT_3D('',#7696,#6397,#6398);
#5625=AXIS2_PLACEMENT_3D('',#7699,#6400,#6401);
#5626=AXIS2_PLACEMENT_3D('',#7700,#6402,#6403);
#5627=AXIS2_PLACEMENT_3D('',#7704,#6406,#6407);
#5628=AXIS2_PLACEMENT_3D('',#7707,#6409,#6410);
#5629=AXIS2_PLACEMENT_3D('',#7708,#6411,#6412);
#5630=AXIS2_PLACEMENT_3D('',#7712,#6415,#6416);
#5631=AXIS2_PLACEMENT_3D('',#7715,#6418,#6419);
#5632=AXIS2_PLACEMENT_3D('',#7716,#6420,#6421);
#5633=AXIS2_PLACEMENT_3D('',#7720,#6424,#6425);
#5634=AXIS2_PLACEMENT_3D('',#7723,#6427,#6428);
#5635=AXIS2_PLACEMENT_3D('',#7724,#6429,#6430);
#5636=AXIS2_PLACEMENT_3D('',#7728,#6433,#6434);
#5637=AXIS2_PLACEMENT_3D('',#7731,#6436,#6437);
#5638=AXIS2_PLACEMENT_3D('',#7732,#6438,#6439);
#5639=AXIS2_PLACEMENT_3D('',#7736,#6442,#6443);
#5640=AXIS2_PLACEMENT_3D('',#7739,#6445,#6446);
#5641=AXIS2_PLACEMENT_3D('',#7740,#6447,#6448);
#5642=AXIS2_PLACEMENT_3D('',#7744,#6451,#6452);
#5643=AXIS2_PLACEMENT_3D('',#7747,#6454,#6455);
#5644=AXIS2_PLACEMENT_3D('',#7748,#6456,#6457);
#5645=AXIS2_PLACEMENT_3D('',#7750,#6459,#6460);
#5646=AXIS2_PLACEMENT_3D('',#7751,#6461,#6462);
#5647=AXIS2_PLACEMENT_3D('',#7752,#6463,#6464);
#5648=AXIS2_PLACEMENT_3D('',#7757,#6467,#6468);
#5649=AXIS2_PLACEMENT_3D('',#7761,#6471,#6472);
#5650=AXIS2_PLACEMENT_3D('',#7762,#6473,#6474);
#5651=AXIS2_PLACEMENT_3D('',#7765,#6476,#6477);
#5652=AXIS2_PLACEMENT_3D('',#7774,#6483,#6484);
#5653=AXIS2_PLACEMENT_3D('',#7775,#6485,#6486);
#5654=AXIS2_PLACEMENT_3D('',#7778,#6488,#6489);
#5655=AXIS2_PLACEMENT_3D('',#7782,#6492,#6493);
#5656=AXIS2_PLACEMENT_3D('',#7783,#6494,#6495);
#5657=AXIS2_PLACEMENT_3D('',#7786,#6497,#6498);
#5658=AXIS2_PLACEMENT_3D('',#7793,#6503,#6504);
#5659=AXIS2_PLACEMENT_3D('',#7795,#6506,#6507);
#5660=AXIS2_PLACEMENT_3D('',#7797,#6509,#6510);
#5661=AXIS2_PLACEMENT_3D('',#7798,#6511,#6512);
#5662=AXIS2_PLACEMENT_3D('',#7799,#6513,#6514);
#5663=AXIS2_PLACEMENT_3D('',#7802,#6516,#6517);
#5664=AXIS2_PLACEMENT_3D('',#7805,#6519,#6520);
#5665=AXIS2_PLACEMENT_3D('',#7809,#6523,#6524);
#5666=AXIS2_PLACEMENT_3D('',#7813,#6527,#6528);
#5667=AXIS2_PLACEMENT_3D('',#7816,#6530,#6531);
#5668=AXIS2_PLACEMENT_3D('',#7817,#6532,#6533);
#5669=AXIS2_PLACEMENT_3D('',#7821,#6536,#6537);
#5670=AXIS2_PLACEMENT_3D('',#7824,#6539,#6540);
#5671=AXIS2_PLACEMENT_3D('',#7825,#6541,#6542);
#5672=AXIS2_PLACEMENT_3D('',#7829,#6545,#6546);
#5673=AXIS2_PLACEMENT_3D('',#7832,#6548,#6549);
#5674=AXIS2_PLACEMENT_3D('',#7833,#6550,#6551);
#5675=AXIS2_PLACEMENT_3D('',#7837,#6554,#6555);
#5676=AXIS2_PLACEMENT_3D('',#7840,#6557,#6558);
#5677=AXIS2_PLACEMENT_3D('',#7841,#6559,#6560);
#5678=AXIS2_PLACEMENT_3D('',#7845,#6563,#6564);
#5679=AXIS2_PLACEMENT_3D('',#7849,#6567,#6568);
#5680=AXIS2_PLACEMENT_3D('',#7852,#6570,#6571);
#5681=AXIS2_PLACEMENT_3D('',#7853,#6572,#6573);
#5682=AXIS2_PLACEMENT_3D('',#7855,#6575,#6576);
#5683=AXIS2_PLACEMENT_3D('',#7856,#6577,#6578);
#5684=AXIS2_PLACEMENT_3D('',#7862,#6582,#6583);
#5685=AXIS2_PLACEMENT_3D('',#7866,#6586,#6587);
#5686=AXIS2_PLACEMENT_3D('',#7869,#6589,#6590);
#5687=AXIS2_PLACEMENT_3D('',#7870,#6591,#6592);
#5688=AXIS2_PLACEMENT_3D('',#7874,#6595,#6596);
#5689=AXIS2_PLACEMENT_3D('',#7877,#6598,#6599);
#5690=AXIS2_PLACEMENT_3D('',#7878,#6600,#6601);
#5691=AXIS2_PLACEMENT_3D('',#7882,#6604,#6605);
#5692=AXIS2_PLACEMENT_3D('',#7886,#6608,#6609);
#5693=AXIS2_PLACEMENT_3D('',#7889,#6611,#6612);
#5694=AXIS2_PLACEMENT_3D('',#7890,#6613,#6614);
#5695=AXIS2_PLACEMENT_3D('',#7894,#6617,#6618);
#5696=AXIS2_PLACEMENT_3D('',#7897,#6620,#6621);
#5697=AXIS2_PLACEMENT_3D('',#7898,#6622,#6623);
#5698=AXIS2_PLACEMENT_3D('',#7902,#6626,#6627);
#5699=AXIS2_PLACEMENT_3D('',#7906,#6630,#6631);
#5700=AXIS2_PLACEMENT_3D('',#7909,#6633,#6634);
#5701=AXIS2_PLACEMENT_3D('',#7910,#6635,#6636);
#5702=AXIS2_PLACEMENT_3D('',#7914,#6639,#6640);
#5703=AXIS2_PLACEMENT_3D('',#7917,#6642,#6643);
#5704=AXIS2_PLACEMENT_3D('',#7918,#6644,#6645);
#5705=AXIS2_PLACEMENT_3D('',#7922,#6648,#6649);
#5706=AXIS2_PLACEMENT_3D('',#7926,#6652,#6653);
#5707=AXIS2_PLACEMENT_3D('',#7929,#6655,#6656);
#5708=AXIS2_PLACEMENT_3D('',#7930,#6657,#6658);
#5709=AXIS2_PLACEMENT_3D('',#7934,#6661,#6662);
#5710=AXIS2_PLACEMENT_3D('',#7935,#6663,#6664);
#5711=AXIS2_PLACEMENT_3D('',#7936,#6665,#6666);
#5712=AXIS2_PLACEMENT_3D('',#7937,#6667,#6668);
#5713=AXIS2_PLACEMENT_3D('',#8225,#6679,#6680);
#5714=AXIS2_PLACEMENT_3D('',#8318,#6689,#6690);
#5715=AXIS2_PLACEMENT_3D('',#8320,#6692,#6693);
#5716=AXIS2_PLACEMENT_3D('',#8322,#6695,#6696);
#5717=AXIS2_PLACEMENT_3D('',#8324,#6698,#6699);
#5718=AXIS2_PLACEMENT_3D('',#8326,#6701,#6702);
#5719=AXIS2_PLACEMENT_3D('',#8327,#6703,#6704);
#5720=AXIS2_PLACEMENT_3D('',#8666,#6719,#6720);
#5721=AXIS2_PLACEMENT_3D('',#8668,#6722,#6723);
#5722=AXIS2_PLACEMENT_3D('',#8670,#6725,#6726);
#5723=AXIS2_PLACEMENT_3D('',#8672,#6728,#6729);
#5724=AXIS2_PLACEMENT_3D('',#8674,#6731,#6732);
#5725=AXIS2_PLACEMENT_3D('',#8676,#6734,#6735);
#5726=AXIS2_PLACEMENT_3D('',#8678,#6737,#6738);
#5727=AXIS2_PLACEMENT_3D('',#8679,#6739,#6740);
#5728=DIRECTION('',(0.,0.,1.));
#5729=DIRECTION('',(1.,0.,0.));
#5730=DIRECTION('',(0.,-1.,0.));
#5731=DIRECTION('',(0.,0.,-1.));
#5732=DIRECTION('',(0.,-1.,0.));
#5733=DIRECTION('',(0.,-1.,0.));
#5734=DIRECTION('',(0.,0.,-1.));
#5735=DIRECTION('',(0.,-1.,0.));
#5736=DIRECTION('',(0.,-1.,0.));
#5737=DIRECTION('',(0.,0.,-1.));
#5738=DIRECTION('',(0.,1.,0.));
#5739=DIRECTION('',(0.,0.,1.));
#5740=DIRECTION('',(0.,-1.,0.));
#5741=DIRECTION('',(0.,0.,-1.));
#5742=DIRECTION('',(1.,0.,0.));
#5743=DIRECTION('',(1.,0.,0.));
#5744=DIRECTION('',(0.,-1.,0.));
#5745=DIRECTION('',(0.,0.,-1.));
#5746=DIRECTION('',(0.,-1.,0.));
#5747=DIRECTION('',(0.,0.,-1.));
#5748=DIRECTION('',(0.,-1.,0.));
#5749=DIRECTION('',(0.,-1.,0.));
#5750=DIRECTION('',(0.,0.,-1.));
#5751=DIRECTION('',(0.,-1.,0.));
#5752=DIRECTION('',(0.,-1.,0.));
#5753=DIRECTION('',(0.,0.,-1.));
#5754=DIRECTION('',(0.,-1.,0.));
#5755=DIRECTION('',(0.,0.,-1.));
#5756=DIRECTION('',(0.,1.,0.));
#5757=DIRECTION('',(0.,0.,1.));
#5758=DIRECTION('',(-0.707106781186548,0.,0.707106781186548));
#5759=DIRECTION('',(0.,-1.,0.));
#5760=DIRECTION('',(0.,0.,1.));
#5761=DIRECTION('',(-0.707106781186548,0.,-0.707106781186548));
#5762=DIRECTION('',(0.,1.,0.));
#5763=DIRECTION('',(0.,0.,1.));
#5764=DIRECTION('',(0.707106781186547,0.,0.707106781186548));
#5765=DIRECTION('',(0.,-1.,0.));
#5766=DIRECTION('',(0.,0.,1.));
#5767=DIRECTION('',(-0.707106781186547,0.,0.707106781186548));
#5768=DIRECTION('',(0.,1.,0.));
#5769=DIRECTION('',(0.,0.,1.));
#5770=DIRECTION('',(-0.707106781186548,0.,-0.707106781186548));
#5771=DIRECTION('',(0.,-1.,0.));
#5772=DIRECTION('',(0.,0.,1.));
#5773=DIRECTION('',(0.707106781186548,0.,-0.707106781186548));
#5774=DIRECTION('',(0.,1.,0.));
#5775=DIRECTION('',(0.,0.,1.));
#5776=DIRECTION('',(0.707106781186548,0.,-0.707106781186548));
#5777=DIRECTION('',(0.,-1.,0.));
#5778=DIRECTION('',(0.,0.,1.));
#5779=DIRECTION('',(0.707106781186548,0.,0.707106781186548));
#5780=DIRECTION('',(0.,1.,0.));
#5781=DIRECTION('',(0.,0.,1.));
#5782=DIRECTION('',(0.,1.,0.));
#5783=DIRECTION('',(0.,0.,1.));
#5784=DIRECTION('',(0.,1.,0.));
#5785=DIRECTION('',(0.,1.,0.));
#5786=DIRECTION('',(0.,0.,1.));
#5787=DIRECTION('',(0.,1.,0.));
#5788=DIRECTION('',(0.707106781186548,0.,0.707106781186548));
#5789=DIRECTION('',(0.707106781186548,0.,-0.707106781186548));
#5790=DIRECTION('',(0.707106781186548,0.,-0.707106781186548));
#5791=DIRECTION('',(0.,1.,0.));
#5792=DIRECTION('',(0.,1.,0.));
#5793=DIRECTION('',(0.,0.,1.));
#5794=DIRECTION('',(0.,1.,0.));
#5795=DIRECTION('',(0.,0.,1.));
#5796=DIRECTION('',(0.,1.,0.));
#5797=DIRECTION('',(-0.707106781186548,0.,0.707106781186548));
#5798=DIRECTION('',(0.707106781186548,0.,0.707106781186548));
#5799=DIRECTION('',(0.707106781186548,0.,0.707106781186548));
#5800=DIRECTION('',(0.,1.,0.));
#5801=DIRECTION('',(0.,0.,1.));
#5802=DIRECTION('',(0.,1.,0.));
#5803=DIRECTION('',(0.,1.,0.));
#5804=DIRECTION('',(0.,0.,1.));
#5805=DIRECTION('',(0.,1.,0.));
#5806=DIRECTION('',(0.707106781186548,0.,-0.707106781186548));
#5807=DIRECTION('',(-0.707106781186548,0.,-0.707106781186548));
#5808=DIRECTION('',(-0.707106781186548,0.,-0.707106781186548));
#5809=DIRECTION('',(0.,1.,0.));
#5810=DIRECTION('',(0.,1.,0.));
#5811=DIRECTION('',(0.,0.,1.));
#5812=DIRECTION('',(0.,1.,0.));
#5813=DIRECTION('',(0.,0.,1.));
#5814=DIRECTION('',(0.,1.,0.));
#5815=DIRECTION('',(0.707106781186548,0.,0.707106781186548));
#5816=DIRECTION('',(0.707106781186548,0.,-0.707106781186548));
#5817=DIRECTION('',(0.707106781186548,0.,-0.707106781186548));
#5818=DIRECTION('',(0.,1.,0.));
#5819=DIRECTION('',(0.,0.,1.));
#5820=DIRECTION('',(0.,1.,0.));
#5821=DIRECTION('',(0.,1.,0.));
#5822=DIRECTION('',(0.,0.,1.));
#5823=DIRECTION('',(0.,1.,0.));
#5824=DIRECTION('',(-0.707106781186548,0.,0.707106781186548));
#5825=DIRECTION('',(0.707106781186548,0.,0.707106781186548));
#5826=DIRECTION('',(0.707106781186547,0.,0.707106781186548));
#5827=DIRECTION('',(0.,1.,0.));
#5828=DIRECTION('',(0.,1.,0.));
#5829=DIRECTION('',(0.,0.,1.));
#5830=DIRECTION('',(0.,1.,0.));
#5831=DIRECTION('',(0.,0.,1.));
#5832=DIRECTION('',(0.,1.,0.));
#5833=DIRECTION('',(-0.707106781186548,0.,-0.707106781186548));
#5834=DIRECTION('',(-0.707106781186548,0.,0.707106781186548));
#5835=DIRECTION('',(-0.707106781186547,0.,0.707106781186548));
#5836=DIRECTION('',(0.,1.,0.));
#5837=DIRECTION('',(0.,0.,1.));
#5838=DIRECTION('',(0.,1.,0.));
#5839=DIRECTION('',(0.,1.,0.));
#5840=DIRECTION('',(0.,0.,1.));
#5841=DIRECTION('',(0.,1.,0.));
#5842=DIRECTION('',(-0.707106781186548,0.,-0.707106781186548));
#5843=DIRECTION('',(-0.707106781186548,0.,0.707106781186548));
#5844=DIRECTION('',(-0.707106781186548,0.,0.707106781186548));
#5845=DIRECTION('',(0.,1.,0.));
#5846=DIRECTION('',(0.,1.,0.));
#5847=DIRECTION('',(0.,0.,1.));
#5848=DIRECTION('',(0.,1.,0.));
#5849=DIRECTION('',(0.,0.,1.));
#5850=DIRECTION('',(0.,1.,0.));
#5851=DIRECTION('',(0.707106781186548,0.,-0.707106781186548));
#5852=DIRECTION('',(-0.707106781186548,0.,-0.707106781186548));
#5853=DIRECTION('',(-0.707106781186548,0.,-0.707106781186548));
#5854=DIRECTION('',(0.,1.,0.));
#5855=DIRECTION('',(0.,0.,1.));
#5856=DIRECTION('',(0.,1.,0.));
#5857=DIRECTION('',(0.,0.,1.));
#5858=DIRECTION('',(0.,1.,0.));
#5859=DIRECTION('',(0.,0.,1.));
#5860=DIRECTION('',(0.,1.,0.));
#5861=DIRECTION('',(0.,0.,1.));
#5862=DIRECTION('',(0.,1.,0.));
#5863=DIRECTION('',(0.,0.,1.));
#5864=DIRECTION('',(0.,1.,0.));
#5865=DIRECTION('',(0.,0.,1.));
#5866=DIRECTION('',(0.,1.,0.));
#5867=DIRECTION('',(0.,0.,1.));
#5868=DIRECTION('',(0.,1.,0.));
#5869=DIRECTION('',(0.,0.,1.));
#5870=DIRECTION('',(0.,1.,0.));
#5871=DIRECTION('',(0.,0.,1.));
#5872=DIRECTION('',(0.,1.,0.));
#5873=DIRECTION('',(0.,0.,1.));
#5874=DIRECTION('',(0.,1.,0.));
#5875=DIRECTION('',(0.,0.,1.));
#5876=DIRECTION('',(0.,1.,0.));
#5877=DIRECTION('',(0.,0.,1.));
#5878=DIRECTION('',(0.,0.,-1.));
#5879=DIRECTION('',(-1.,0.,0.));
#5880=DIRECTION('',(1.,0.,0.));
#5881=DIRECTION('',(0.,0.,-1.));
#5882=DIRECTION('',(-1.,0.,0.));
#5883=DIRECTION('',(1.,0.,0.));
#5884=DIRECTION('',(0.,-1.,0.));
#5885=DIRECTION('',(0.,0.,-1.));
#5886=DIRECTION('',(0.,1.,0.));
#5887=DIRECTION('',(0.,0.,1.));
#5888=DIRECTION('',(0.,1.,0.));
#5889=DIRECTION('',(0.,0.,1.));
#5890=DIRECTION('',(0.,1.,0.));
#5891=DIRECTION('',(0.,0.,1.));
#5892=DIRECTION('',(0.,1.,0.));
#5893=DIRECTION('',(0.,0.,1.));
#5894=DIRECTION('',(0.,1.,0.));
#5895=DIRECTION('',(0.,0.,1.));
#5896=DIRECTION('',(0.,1.,0.));
#5897=DIRECTION('',(0.,0.,1.));
#5898=DIRECTION('',(0.,1.,0.));
#5899=DIRECTION('',(0.,0.,1.));
#5900=DIRECTION('',(0.,1.,0.));
#5901=DIRECTION('',(0.,0.,1.));
#5902=DIRECTION('',(-0.99989744415178,0.0143213539421895,0.));
#5903=DIRECTION('',(-0.0143213539421895,-0.99989744415178,0.));
#5904=DIRECTION('',(0.99996699647069,0.00812440578673356,0.));
#5905=DIRECTION('',(-0.00812440578673356,0.99996699647069,0.));
#5906=DIRECTION('',(1.96603851640764E-17,0.970142500145332,-0.242535625036333));
#5907=DIRECTION('',(0.,0.242535625036333,0.970142500145332));
#5908=DIRECTION('',(-1.,0.,-8.10618446718134E-17));
#5909=DIRECTION('',(-1.,0.,-8.10618446718134E-17));
#5910=DIRECTION('',(0.,-0.242535625036333,-0.970142500145332));
#5911=DIRECTION('',(1.96603851640764E-17,0.970142500145332,-0.242535625036333));
#5912=DIRECTION('',(7.86415406563056E-17,-0.242535625036333,-0.970142500145332));
#5913=DIRECTION('',(1.,-2.02654611679533E-17,0.));
#5914=DIRECTION('',(1.96603851640764E-17,0.970142500145332,-0.242535625036333));
#5915=DIRECTION('',(7.86415406563056E-17,-0.242535625036333,-0.970142500145332));
#5916=DIRECTION('',(0.,0.242535625036333,0.970142500145332));
#5917=DIRECTION('',(-1.,0.,-8.10618446718134E-17));
#5918=DIRECTION('',(-0.480404438261315,-0.212715161065191,-0.850860644260763));
#5919=DIRECTION('',(1.96603851640764E-17,0.970142500145332,-0.242535625036333));
#5920=DIRECTION('',(7.86415406563056E-17,-0.242535625036333,-0.970142500145332));
#5921=DIRECTION('',(1.,-2.02654611679533E-17,0.));
#5922=DIRECTION('',(1.96603851640764E-17,0.970142500145332,-0.242535625036333));
#5923=DIRECTION('',(7.86415406563056E-17,-0.242535625036333,-0.970142500145332));
#5924=DIRECTION('',(0.480220552176005,0.212739584146463,0.850958336585854));
#5925=DIRECTION('',(-1.,0.,-8.10618446718134E-17));
#5926=DIRECTION('',(0.480581952357686,-0.212691572756542,-0.850766291026168));
#5927=DIRECTION('',(1.96603851640764E-17,0.970142500145332,-0.242535625036333));
#5928=DIRECTION('',(7.86415406563056E-17,-0.242535625036333,-0.970142500145332));
#5929=DIRECTION('',(1.,-2.02654611679533E-17,0.));
#5930=DIRECTION('',(1.96603851640764E-17,0.970142500145332,-0.242535625036333));
#5931=DIRECTION('',(7.86415406563056E-17,-0.242535625036333,-0.970142500145332));
#5932=DIRECTION('',(-0.480404438261315,0.212715161065191,0.850860644260763));
#5933=DIRECTION('',(-1.,0.,-8.10618446718134E-17));
#5934=DIRECTION('',(0.,-0.242535625036333,-0.970142500145332));
#5935=DIRECTION('',(-1.,0.,-8.10618446718134E-17));
#5936=DIRECTION('',(9.27521813697638E-17,-0.242535625036333,-0.970142500145332));
#5937=DIRECTION('',(-1.,0.,-8.10618446718134E-17));
#5938=DIRECTION('',(1.96603851640764E-17,0.970142500145332,-0.242535625036333));
#5939=DIRECTION('',(0.,0.242535625036333,0.970142500145332));
#5940=DIRECTION('',(-1.,0.,-8.10618446718134E-17));
#5941=DIRECTION('',(-1.,0.,-8.10618446718134E-17));
#5942=DIRECTION('',(9.27521813697638E-17,-0.242535625036333,-0.970142500145332));
#5943=DIRECTION('',(-1.,0.,-8.10618446718134E-17));
#5944=DIRECTION('',(0.,-0.242535625036333,-0.970142500145332));
#5945=DIRECTION('',(-1.,0.,-8.10618446718134E-17));
#5946=DIRECTION('',(0.480293589804052,0.212729885009293,0.850919540037171));
#5947=DIRECTION('',(1.96603851640764E-17,0.970142500145332,-0.242535625036333));
#5948=DIRECTION('',(7.86415406563056E-17,-0.242535625036333,-0.970142500145332));
#5949=DIRECTION('',(-1.,2.02654611679534E-17,0.));
#5950=DIRECTION('',(1.96603851640764E-17,0.970142500145332,-0.242535625036333));
#5951=DIRECTION('',(7.86415406563056E-17,-0.242535625036333,-0.970142500145332));
#5952=DIRECTION('',(-0.480676140848183,-0.212679052263554,-0.850716209054215));
#5953=DIRECTION('',(-1.,0.,-8.10618446718134E-17));
#5954=DIRECTION('',(-0.480263001999235,0.212733947194292,0.850935788777167));
#5955=DIRECTION('',(1.96603851640764E-17,0.970142500145332,-0.242535625036333));
#5956=DIRECTION('',(7.86415406563056E-17,-0.242535625036333,-0.970142500145332));
#5957=DIRECTION('',(-1.,2.02654611679534E-17,0.));
#5958=DIRECTION('',(1.96603851640764E-17,0.970142500145332,-0.242535625036333));
#5959=DIRECTION('',(7.86415406563056E-17,-0.242535625036333,-0.970142500145332));
#5960=DIRECTION('',(0.480293589804052,-0.212729885009293,-0.850919540037171));
#5961=DIRECTION('',(-1.,0.,-8.10618446718134E-17));
#5962=DIRECTION('',(1.96603851640764E-17,0.970142500145332,-0.242535625036333));
#5963=DIRECTION('',(7.86415406563056E-17,-0.242535625036333,-0.970142500145332));
#5964=DIRECTION('',(0.,0.242535625036333,0.970142500145332));
#5965=DIRECTION('',(1.96603851640764E-17,0.970142500145332,-0.242535625036333));
#5966=DIRECTION('',(7.86415406563056E-17,-0.242535625036333,-0.970142500145332));
#5967=DIRECTION('',(-1.,2.02654611679534E-17,0.));
#5968=DIRECTION('',(1.96603851640764E-17,0.970142500145332,-0.242535625036333));
#5969=DIRECTION('',(7.86415406563056E-17,-0.242535625036333,-0.970142500145332));
#5970=DIRECTION('',(0.,-0.242535625036333,-0.970142500145332));
#5971=DIRECTION('',(1.96603851640764E-17,0.970142500145332,-0.242535625036333));
#5972=DIRECTION('',(7.86415406563056E-17,-0.242535625036333,-0.970142500145332));
#5973=DIRECTION('',(-1.,0.,-8.10618446718134E-17));
#5974=DIRECTION('',(-8.10618446718134E-17,0.,1.));
#5975=DIRECTION('',(1.,0.,8.10618446718134E-17));
#5976=DIRECTION('',(0.,-1.,0.));
#5977=DIRECTION('',(-1.,0.,-8.10618446718134E-17));
#5978=DIRECTION('',(0.,-1.,0.));
#5979=DIRECTION('',(-8.10618446718134E-17,0.,1.));
#5980=DIRECTION('',(1.,0.,8.10618446718134E-17));
#5981=DIRECTION('',(-1.,0.,-8.10618446718134E-17));
#5982=DIRECTION('',(0.,-1.,0.));
#5983=DIRECTION('',(0.,1.,0.));
#5984=DIRECTION('',(1.96603851640764E-17,0.970142500145332,-0.242535625036333));
#5985=DIRECTION('',(0.,0.242535625036333,0.970142500145332));
#5986=DIRECTION('',(-1.,0.,-8.10618446718134E-17));
#5987=DIRECTION('',(1.96603851640764E-17,0.970142500145332,-0.242535625036333));
#5988=DIRECTION('',(0.,0.242535625036333,0.970142500145332));
#5989=DIRECTION('',(-1.,0.,-8.10618446718134E-17));
#5990=DIRECTION('',(9.27521813697638E-17,-0.242535625036333,-0.970142500145332));
#5991=DIRECTION('',(-8.10618446718134E-17,0.,1.));
#5992=DIRECTION('',(1.,0.,8.10618446718134E-17));
#5993=DIRECTION('',(0.,-1.,0.));
#5994=DIRECTION('',(-1.,0.,-8.10618446718134E-17));
#5995=DIRECTION('',(0.,-1.,0.));
#5996=DIRECTION('',(-8.10618446718134E-17,0.,1.));
#5997=DIRECTION('',(1.,0.,8.10618446718134E-17));
#5998=DIRECTION('',(-1.,0.,-8.10618446718134E-17));
#5999=DIRECTION('',(0.,-1.,0.));
#6000=DIRECTION('',(0.,1.,0.));
#6001=DIRECTION('',(1.96603851640764E-17,0.970142500145332,-0.242535625036333));
#6002=DIRECTION('',(0.,0.242535625036333,0.970142500145332));
#6003=DIRECTION('',(-1.,0.,-8.10618446718134E-17));
#6004=DIRECTION('',(1.96603851640764E-17,0.970142500145332,-0.242535625036333));
#6005=DIRECTION('',(0.,0.242535625036333,0.970142500145332));
#6006=DIRECTION('',(9.27521813697638E-17,-0.242535625036333,-0.970142500145332));
#6007=DIRECTION('',(-1.,0.,-8.10618446718134E-17));
#6008=DIRECTION('',(-8.10618446718134E-17,0.,1.));
#6009=DIRECTION('',(1.,0.,8.10618446718134E-17));
#6010=DIRECTION('',(0.,-1.,0.));
#6011=DIRECTION('',(-1.,0.,-8.10618446718134E-17));
#6012=DIRECTION('',(0.,-1.,0.));
#6013=DIRECTION('',(-8.10618446718134E-17,0.,1.));
#6014=DIRECTION('',(1.,0.,8.10618446718134E-17));
#6015=DIRECTION('',(-1.,0.,-8.10618446718134E-17));
#6016=DIRECTION('',(0.,-1.,0.));
#6017=DIRECTION('',(0.,1.,0.));
#6018=DIRECTION('',(1.96603851640764E-17,0.970142500145332,-0.242535625036333));
#6019=DIRECTION('',(0.,0.242535625036333,0.970142500145332));
#6020=DIRECTION('',(-1.,0.,-8.10618446718134E-17));
#6021=DIRECTION('',(0.985561874823818,-0.0410650781176592,-0.164260312470637));
#6022=DIRECTION('',(-1.,0.,-8.10618446718134E-17));
#6023=DIRECTION('',(1.96603851640764E-17,0.970142500145332,-0.242535625036333));
#6024=DIRECTION('',(0.,0.242535625036333,0.970142500145332));
#6025=DIRECTION('',(-1.,0.,-8.10618446718134E-17));
#6026=DIRECTION('',(9.27521813697638E-17,-0.242535625036333,-0.970142500145332));
#6027=DIRECTION('',(-8.10618446718134E-17,0.,1.));
#6028=DIRECTION('',(1.,0.,8.10618446718134E-17));
#6029=DIRECTION('',(0.,-1.,0.));
#6030=DIRECTION('',(0.,-1.,0.));
#6031=DIRECTION('',(-8.10618446718134E-17,0.,1.));
#6032=DIRECTION('',(1.,0.,8.10618446718134E-17));
#6033=DIRECTION('',(0.,-1.,0.));
#6034=DIRECTION('',(0.,1.,0.));
#6035=DIRECTION('',(-8.10618446718134E-17,0.,1.));
#6036=DIRECTION('',(1.,0.,8.10618446718134E-17));
#6037=DIRECTION('',(0.,-1.,0.));
#6038=DIRECTION('',(-1.,0.,-8.10618446718134E-17));
#6039=DIRECTION('',(0.,1.,0.));
#6040=DIRECTION('',(1.96603851640764E-17,0.970142500145332,-0.242535625036333));
#6041=DIRECTION('',(0.,0.242535625036333,0.970142500145332));
#6042=DIRECTION('',(-1.,0.,-8.10618446718134E-17));
#6043=DIRECTION('',(0.,-0.242535625036333,-0.970142500145332));
#6044=DIRECTION('',(-8.10618446718134E-17,0.,1.));
#6045=DIRECTION('',(1.,0.,8.10618446718134E-17));
#6046=DIRECTION('',(0.,-1.,0.));
#6047=DIRECTION('',(-1.,0.,-8.10618446718134E-17));
#6048=DIRECTION('',(0.,1.,0.));
#6049=DIRECTION('',(1.96603851640764E-17,0.970142500145332,-0.242535625036333));
#6050=DIRECTION('',(0.,0.242535625036333,0.970142500145332));
#6051=DIRECTION('',(-1.,0.,-8.10618446718134E-17));
#6052=DIRECTION('',(0.,-0.242535625036333,-0.970142500145332));
#6053=DIRECTION('',(1.96603851640764E-17,0.970142500145332,-0.242535625036333));
#6054=DIRECTION('',(0.,0.242535625036333,0.970142500145332));
#6055=DIRECTION('',(-1.,0.,-8.10618446718134E-17));
#6056=DIRECTION('',(-8.10618446718134E-17,0.,1.));
#6057=DIRECTION('',(1.,0.,8.10618446718134E-17));
#6058=DIRECTION('',(0.,-1.,0.));
#6059=DIRECTION('',(-1.,0.,-8.10618446718134E-17));
#6060=DIRECTION('',(0.,1.,0.));
#6061=DIRECTION('',(-8.10618446718134E-17,0.,1.));
#6062=DIRECTION('',(1.,0.,8.10618446718134E-17));
#6063=DIRECTION('',(0.,-1.,0.));
#6064=DIRECTION('',(0.,-1.,0.));
#6065=DIRECTION('',(1.96603851640764E-17,0.970142500145332,-0.242535625036333));
#6066=DIRECTION('',(0.,0.242535625036333,0.970142500145332));
#6067=DIRECTION('',(-1.,0.,-8.10618446718134E-17));
#6068=DIRECTION('',(1.96603851640764E-17,0.970142500145332,-0.242535625036333));
#6069=DIRECTION('',(7.86415406563056E-17,-0.242535625036333,-0.970142500145332));
#6070=DIRECTION('',(1.,-2.02654611679533E-17,0.));
#6071=DIRECTION('',(0.,-0.242535625036333,-0.970142500145332));
#6072=DIRECTION('',(-8.10618446718134E-17,0.,1.));
#6073=DIRECTION('',(1.,0.,8.10618446718134E-17));
#6074=DIRECTION('',(0.,-1.,0.));
#6075=DIRECTION('',(0.,-1.,0.));
#6076=DIRECTION('',(-8.10618446718134E-17,0.,1.));
#6077=DIRECTION('',(1.,0.,8.10618446718134E-17));
#6078=DIRECTION('',(0.,-1.,0.));
#6079=DIRECTION('',(-1.,0.,-8.10618446718134E-17));
#6080=DIRECTION('',(0.,1.,0.));
#6081=DIRECTION('',(-8.10618446718134E-17,0.,1.));
#6082=DIRECTION('',(1.,0.,8.10618446718134E-17));
#6083=DIRECTION('',(-1.,0.,-8.10618446718134E-17));
#6084=DIRECTION('',(0.,1.,0.));
#6085=DIRECTION('',(0.,-1.,0.));
#6086=DIRECTION('',(-8.10618446718134E-17,0.,1.));
#6087=DIRECTION('',(1.,0.,8.10618446718134E-17));
#6088=DIRECTION('',(-1.,0.,-8.10618446718134E-17));
#6089=DIRECTION('',(0.,1.,0.));
#6090=DIRECTION('',(0.,-1.,0.));
#6091=DIRECTION('',(1.96603851640764E-17,0.970142500145332,-0.242535625036333));
#6092=DIRECTION('',(0.,0.242535625036333,0.970142500145332));
#6093=DIRECTION('',(-0.480404438261315,0.212715161065191,0.850860644260763));
#6094=DIRECTION('',(-1.,0.,-8.10618446718134E-17));
#6095=DIRECTION('',(0.,-0.242535625036333,-0.970142500145332));
#6096=DIRECTION('',(1.96603851640764E-17,0.970142500145332,-0.242535625036333));
#6097=DIRECTION('',(0.,0.242535625036333,0.970142500145332));
#6098=DIRECTION('',(0.480220552176005,0.212739584146463,0.850958336585854));
#6099=DIRECTION('',(0.480581952357686,-0.212691572756542,-0.850766291026168));
#6100=DIRECTION('',(1.96603851640764E-17,0.970142500145332,-0.242535625036333));
#6101=DIRECTION('',(0.,0.242535625036333,0.970142500145332));
#6102=DIRECTION('',(-1.,0.,-8.10618446718134E-17));
#6103=DIRECTION('',(-0.480404438261315,-0.212715161065191,-0.850860644260763));
#6104=DIRECTION('',(0.,0.242535625036333,0.970142500145332));
#6105=DIRECTION('',(-8.10618446718134E-17,0.,1.));
#6106=DIRECTION('',(1.,0.,8.10618446718134E-17));
#6107=DIRECTION('',(0.,-1.,0.));
#6108=DIRECTION('',(-1.,0.,-8.10618446718134E-17));
#6109=DIRECTION('',(0.,1.,0.));
#6110=DIRECTION('',(-8.10618446718134E-17,0.,1.));
#6111=DIRECTION('',(1.,0.,8.10618446718134E-17));
#6112=DIRECTION('',(-1.,0.,-8.10618446718134E-17));
#6113=DIRECTION('',(0.,1.,0.));
#6114=DIRECTION('',(0.,-1.,0.));
#6115=DIRECTION('',(1.96603851640764E-17,0.970142500145332,-0.242535625036333));
#6116=DIRECTION('',(0.,0.242535625036333,0.970142500145332));
#6117=DIRECTION('',(-0.480404438261315,0.212715161065191,0.850860644260763));
#6118=DIRECTION('',(0.480293589804052,0.212729885009293,0.850919540037171));
#6119=DIRECTION('',(-1.,0.,-8.10618446718134E-17));
#6120=DIRECTION('',(0.,-0.242535625036333,-0.970142500145332));
#6121=DIRECTION('',(1.96603851640764E-17,0.970142500145332,-0.242535625036333));
#6122=DIRECTION('',(0.,0.242535625036333,0.970142500145332));
#6123=DIRECTION('',(0.480293589804052,-0.212729885009293,-0.850919540037171));
#6124=DIRECTION('',(-0.480404438261315,-0.212715161065191,-0.850860644260763));
#6125=DIRECTION('',(0.,0.242535625036333,0.970142500145332));
#6126=DIRECTION('',(-1.,0.,-8.10618446718134E-17));
#6127=DIRECTION('',(-8.10618446718134E-17,0.,1.));
#6128=DIRECTION('',(1.,0.,8.10618446718134E-17));
#6129=DIRECTION('',(0.,-1.,0.));
#6130=DIRECTION('',(-1.,0.,-8.10618446718134E-17));
#6131=DIRECTION('',(0.,1.,0.));
#6132=DIRECTION('',(-8.10618446718134E-17,0.,1.));
#6133=DIRECTION('',(1.,0.,8.10618446718134E-17));
#6134=DIRECTION('',(-1.,0.,-8.10618446718134E-17));
#6135=DIRECTION('',(0.,1.,0.));
#6136=DIRECTION('',(0.,-1.,0.));
#6137=DIRECTION('',(1.96603851640764E-17,0.970142500145332,-0.242535625036333));
#6138=DIRECTION('',(0.,0.242535625036333,0.970142500145332));
#6139=DIRECTION('',(0.480293589804052,0.212729885009293,0.850919540037171));
#6140=DIRECTION('',(-1.,0.,-8.10618446718134E-17));
#6141=DIRECTION('',(0.,-0.242535625036333,-0.970142500145332));
#6142=DIRECTION('',(1.96603851640764E-17,0.970142500145332,-0.242535625036333));
#6143=DIRECTION('',(0.,0.242535625036333,0.970142500145332));
#6144=DIRECTION('',(-1.,0.,-8.10618446718134E-17));
#6145=DIRECTION('',(0.480293589804052,-0.212729885009293,-0.850919540037171));
#6146=DIRECTION('',(0.,0.242535625036333,0.970142500145332));
#6147=DIRECTION('',(1.,-2.02654611679533E-17,0.));
#6148=DIRECTION('',(1.96603851640764E-17,0.970142500145332,-0.242535625036333));
#6149=DIRECTION('',(7.86415406563056E-17,-0.242535625036333,-0.970142500145332));
#6150=DIRECTION('',(1.96603851640764E-17,0.970142500145332,-0.242535625036333));
#6151=DIRECTION('',(0.,0.242535625036333,0.970142500145332));
#6152=DIRECTION('',(-0.480676140848183,-0.212679052263554,-0.850716209054215));
#6153=DIRECTION('',(-0.480263001999235,0.212733947194291,0.850935788777167));
#6154=DIRECTION('',(-1.,0.,-8.10618446718134E-17));
#6155=DIRECTION('',(-8.10618446718134E-17,0.,1.));
#6156=DIRECTION('',(1.,0.,8.10618446718134E-17));
#6157=DIRECTION('',(0.,-1.,0.));
#6158=DIRECTION('',(0.,1.,0.));
#6159=DIRECTION('',(-8.10618446718134E-17,0.,1.));
#6160=DIRECTION('',(1.,0.,8.10618446718134E-17));
#6161=DIRECTION('',(0.,1.,0.));
#6162=DIRECTION('',(0.,-1.,0.));
#6163=DIRECTION('',(-8.10618446718134E-17,0.,1.));
#6164=DIRECTION('',(1.,0.,8.10618446718134E-17));
#6165=DIRECTION('',(0.,-1.,0.));
#6166=DIRECTION('',(0.,1.,0.));
#6167=DIRECTION('',(0.,-1.,0.));
#6168=DIRECTION('',(0.,0.,-1.));
#6169=DIRECTION('',(-1.,0.,0.));
#6170=DIRECTION('',(0.,0.,-1.));
#6171=DIRECTION('',(-1.,0.,0.));
#6172=DIRECTION('',(0.,0.,-1.));
#6173=DIRECTION('',(0.,-1.,0.));
#6174=DIRECTION('',(0.,0.,-1.));
#6175=DIRECTION('',(1.,0.,0.));
#6176=DIRECTION('',(0.,-1.,0.));
#6177=DIRECTION('',(0.,0.,-1.));
#6178=DIRECTION('',(0.,0.,1.));
#6179=DIRECTION('',(0.,-1.,0.));
#6180=DIRECTION('',(0.,0.,1.));
#6181=DIRECTION('',(-1.,0.,0.));
#6182=DIRECTION('',(0.,-1.,0.));
#6183=DIRECTION('',(0.,0.,-1.));
#6184=DIRECTION('',(8.10618446718134E-17,0.,-1.));
#6185=DIRECTION('',(0.,1.,0.));
#6186=DIRECTION('',(0.,0.,1.));
#6187=DIRECTION('',(0.,0.,1.));
#6188=DIRECTION('',(-1.,0.,0.));
#6189=DIRECTION('',(0.,0.,1.));
#6190=DIRECTION('',(-1.,0.,0.));
#6191=DIRECTION('',(-1.,0.,0.));
#6192=DIRECTION('',(0.,0.,1.));
#6193=DIRECTION('',(0.,1.,0.));
#6194=DIRECTION('',(0.,0.,-1.));
#6195=DIRECTION('',(0.,1.,0.));
#6196=DIRECTION('',(0.,0.,-1.));
#6197=DIRECTION('',(1.,0.,0.));
#6198=DIRECTION('',(0.,0.,-1.));
#6199=DIRECTION('',(0.,-1.,0.));
#6200=DIRECTION('',(0.,0.,-1.));
#6201=DIRECTION('',(0.,-1.,0.));
#6202=DIRECTION('',(-1.,0.,0.));
#6203=DIRECTION('',(0.,0.,-1.));
#6204=DIRECTION('',(0.,-1.,0.));
#6205=DIRECTION('',(1.,0.,0.));
#6206=DIRECTION('',(0.,0.,-1.));
#6207=DIRECTION('',(0.,-5.78241158658937E-16,1.));
#6208=DIRECTION('',(-1.,0.,0.));
#6209=DIRECTION('',(0.,0.,-1.));
#6210=DIRECTION('',(0.,-1.,0.));
#6211=DIRECTION('',(-1.,0.,0.));
#6212=DIRECTION('',(0.,0.,1.));
#6213=DIRECTION('',(0.,0.,-1.));
#6214=DIRECTION('',(1.,0.,0.));
#6215=DIRECTION('',(0.,0.,1.));
#6216=DIRECTION('',(0.,-1.,0.));
#6217=DIRECTION('',(-1.,0.,0.));
#6218=DIRECTION('',(0.,0.,1.));
#6219=DIRECTION('',(0.,0.,-1.));
#6220=DIRECTION('',(-1.,0.,0.));
#6221=DIRECTION('',(0.,0.,-1.));
#6222=DIRECTION('',(0.,1.,0.));
#6223=DIRECTION('',(1.,0.,0.));
#6224=DIRECTION('',(0.,0.,-1.));
#6225=DIRECTION('',(0.,0.,-1.));
#6226=DIRECTION('',(-1.,0.,0.));
#6227=DIRECTION('',(0.,0.,-1.));
#6228=DIRECTION('',(0.,1.,0.));
#6229=DIRECTION('',(-1.,0.,0.));
#6230=DIRECTION('',(0.,0.,-1.));
#6231=DIRECTION('',(0.,0.,1.));
#6232=DIRECTION('',(1.,0.,0.));
#6233=DIRECTION('',(0.,0.,1.));
#6234=DIRECTION('',(0.,1.,0.));
#6235=DIRECTION('',(-1.,0.,0.));
#6236=DIRECTION('',(0.,0.,-1.));
#6237=DIRECTION('',(0.,0.,1.));
#6238=DIRECTION('',(0.,-1.,0.));
#6239=DIRECTION('',(0.,0.,-1.));
#6240=DIRECTION('',(1.,0.,0.));
#6241=DIRECTION('',(0.,0.,-1.));
#6242=DIRECTION('',(1.,6.77626357803441E-17,0.));
#6243=DIRECTION('',(0.,0.,-1.));
#6244=DIRECTION('',(1.,0.,0.));
#6245=DIRECTION('',(0.,0.,1.));
#6246=DIRECTION('',(1.,0.,0.));
#6247=DIRECTION('',(0.,0.,1.));
#6248=DIRECTION('',(0.,0.,1.));
#6249=DIRECTION('',(1.,0.,0.));
#6250=DIRECTION('',(0.,0.,1.));
#6251=DIRECTION('',(1.,0.,0.));
#6252=DIRECTION('',(0.,0.,1.));
#6253=DIRECTION('',(1.,0.,0.));
#6254=DIRECTION('',(0.,1.,0.));
#6255=DIRECTION('',(1.,1.35525271560688E-16,0.));
#6256=DIRECTION('',(0.,-1.,0.));
#6257=DIRECTION('',(-1.,0.,0.));
#6258=DIRECTION('',(9.53144767020224E-16,-1.,0.));
#6259=DIRECTION('',(-1.,0.,0.));
#6260=DIRECTION('',(0.,1.,0.));
#6261=DIRECTION('',(0.74456944064649,0.667545015752026,0.));
#6262=DIRECTION('',(0.,1.,0.));
#6263=DIRECTION('',(-0.74456944064649,0.667545015752026,0.));
#6264=DIRECTION('',(0.,-1.,0.));
#6265=DIRECTION('',(0.,1.,0.));
#6266=DIRECTION('',(0.,0.,1.));
#6267=DIRECTION('',(1.,0.,0.));
#6268=DIRECTION('',(0.,0.,-1.));
#6269=DIRECTION('',(1.,0.,0.));
#6270=DIRECTION('',(-0.667545015752026,0.74456944064649,0.));
#6271=DIRECTION('',(-0.74456944064649,-0.667545015752026,0.));
#6272=DIRECTION('',(0.74456944064649,0.667545015752026,0.));
#6273=DIRECTION('',(0.74456944064649,0.667545015752026,0.));
#6274=DIRECTION('',(-0.667545015752026,-0.74456944064649,0.));
#6275=DIRECTION('',(0.74456944064649,-0.667545015752026,0.));
#6276=DIRECTION('',(-0.74456944064649,0.667545015752026,0.));
#6277=DIRECTION('',(-0.74456944064649,0.667545015752026,0.));
#6278=DIRECTION('',(0.,0.,1.));
#6279=DIRECTION('',(1.,0.,0.));
#6280=DIRECTION('',(-0.74456944064649,0.667545015752026,0.));
#6281=DIRECTION('',(0.,1.,0.));
#6282=DIRECTION('',(0.74456944064649,0.667545015752026,0.));
#6283=DIRECTION('',(0.,-1.,0.));
#6284=DIRECTION('',(0.,0.,1.));
#6285=DIRECTION('',(1.,0.,0.));
#6286=DIRECTION('',(0.,0.,-1.));
#6287=DIRECTION('',(-1.,0.,0.));
#6288=DIRECTION('',(0.,0.,-1.));
#6289=DIRECTION('',(-1.,0.,0.));
#6290=DIRECTION('',(0.667545015752026,0.74456944064649,0.));
#6291=DIRECTION('',(-0.74456944064649,0.667545015752026,0.));
#6292=DIRECTION('',(0.,0.,1.));
#6293=DIRECTION('',(1.,0.,0.));
#6294=DIRECTION('',(0.,0.,-1.));
#6295=DIRECTION('',(0.,0.,1.));
#6296=DIRECTION('',(0.667545015752026,-0.74456944064649,0.));
#6297=DIRECTION('',(0.74456944064649,0.667545015752026,0.));
#6298=DIRECTION('',(-1.,0.,0.));
#6299=DIRECTION('',(0.,0.,1.));
#6300=DIRECTION('',(1.,9.53144767020224E-16,0.));
#6301=DIRECTION('',(-9.53144767020224E-16,1.,0.));
#6302=DIRECTION('',(9.53144767020224E-16,-1.,0.));
#6303=DIRECTION('',(0.,0.,-1.));
#6304=DIRECTION('',(-1.,0.,0.));
#6305=DIRECTION('',(0.,0.,1.));
#6306=DIRECTION('',(0.,0.,-1.));
#6307=DIRECTION('',(0.,1.,0.));
#6308=DIRECTION('',(0.,-1.,0.));
#6309=DIRECTION('',(0.,0.,-1.));
#6310=DIRECTION('',(-1.,0.,0.));
#6311=DIRECTION('',(0.,0.,1.));
#6312=DIRECTION('',(1.,0.,0.));
#6313=DIRECTION('',(1.,0.,0.));
#6314=DIRECTION('',(0.,0.,-1.));
#6315=DIRECTION('',(0.,0.,1.));
#6316=DIRECTION('',(0.,1.,0.));
#6317=DIRECTION('',(0.,0.,1.));
#6318=DIRECTION('',(1.35525271560688E-16,-1.,0.));
#6319=DIRECTION('',(1.,1.35525271560688E-16,0.));
#6320=DIRECTION('',(1.,1.35525271560688E-16,0.));
#6321=DIRECTION('',(0.,0.,1.));
#6322=DIRECTION('',(-1.,0.,0.));
#6323=DIRECTION('',(0.,0.,1.));
#6324=DIRECTION('',(0.,-1.,0.));
#6325=DIRECTION('',(0.,0.,1.));
#6326=DIRECTION('',(0.,1.,0.));
#6327=DIRECTION('',(0.,0.,1.));
#6328=DIRECTION('',(-1.,0.,0.));
#6329=DIRECTION('',(0.,0.,1.));
#6330=DIRECTION('',(1.,0.,0.));
#6331=DIRECTION('',(0.,0.,-1.));
#6332=DIRECTION('',(-1.,0.,0.));
#6333=DIRECTION('',(0.,0.,-1.));
#6334=DIRECTION('',(-1.,0.,0.));
#6335=DIRECTION('',(0.,0.,-1.));
#6336=DIRECTION('',(-1.,0.,0.));
#6337=DIRECTION('',(0.,0.,-1.));
#6338=DIRECTION('',(-1.,0.,0.));
#6339=DIRECTION('',(0.,0.,-1.));
#6340=DIRECTION('',(-1.,0.,0.));
#6341=DIRECTION('',(0.,0.,-1.));
#6342=DIRECTION('',(-1.,0.,0.));
#6343=DIRECTION('',(0.,0.,-1.));
#6344=DIRECTION('',(-1.,0.,0.));
#6345=DIRECTION('',(0.,0.,-1.));
#6346=DIRECTION('',(-1.,0.,0.));
#6347=DIRECTION('',(0.,0.,-1.));
#6348=DIRECTION('',(-1.,0.,0.));
#6349=DIRECTION('',(0.,0.,-1.));
#6350=DIRECTION('',(-1.,0.,0.));
#6351=DIRECTION('',(1.,0.,0.));
#6352=DIRECTION('',(0.,0.,-1.));
#6353=DIRECTION('',(1.,0.,0.));
#6354=DIRECTION('',(-1.,0.,0.));
#6355=DIRECTION('',(0.,0.,-1.));
#6356=DIRECTION('',(1.,0.,0.));
#6357=DIRECTION('',(0.,1.,0.));
#6358=DIRECTION('',(0.,0.,1.));
#6359=DIRECTION('',(1.,0.,0.));
#6360=DIRECTION('',(0.,0.,1.));
#6361=DIRECTION('',(1.,0.,0.));
#6362=DIRECTION('',(0.,0.,-1.));
#6363=DIRECTION('',(1.,0.,0.));
#6364=DIRECTION('',(-1.,0.,0.));
#6365=DIRECTION('',(0.,0.,-1.));
#6366=DIRECTION('',(0.,0.,-1.));
#6367=DIRECTION('',(-1.,0.,0.));
#6368=DIRECTION('',(1.,0.,0.));
#6369=DIRECTION('',(0.,1.,0.));
#6370=DIRECTION('',(1.,0.,0.));
#6371=DIRECTION('',(0.,0.,-1.));
#6372=DIRECTION('',(1.,0.,0.));
#6373=DIRECTION('',(1.,0.,0.));
#6374=DIRECTION('',(0.,0.,1.));
#6375=DIRECTION('',(0.,1.,0.));
#6376=DIRECTION('',(0.,0.,1.));
#6377=DIRECTION('',(1.,0.,0.));
#6378=DIRECTION('',(0.,0.,1.));
#6379=DIRECTION('',(1.,0.,0.));
#6380=DIRECTION('',(0.,0.,-1.));
#6381=DIRECTION('',(1.,0.,0.));
#6382=DIRECTION('',(-1.,0.,0.));
#6383=DIRECTION('',(0.,0.,-1.));
#6384=DIRECTION('',(0.,0.,-1.));
#6385=DIRECTION('',(-1.,0.,0.));
#6386=DIRECTION('',(1.,0.,0.));
#6387=DIRECTION('',(0.,1.,0.));
#6388=DIRECTION('',(1.,0.,0.));
#6389=DIRECTION('',(0.,0.,-1.));
#6390=DIRECTION('',(1.,0.,0.));
#6391=DIRECTION('',(-1.,0.,0.));
#6392=DIRECTION('',(0.,0.,-1.));
#6393=DIRECTION('',(0.,-1.,0.));
#6394=DIRECTION('',(0.,0.,-1.));
#6395=DIRECTION('',(1.,0.,0.));
#6396=DIRECTION('',(0.,0.,-1.));
#6397=DIRECTION('',(1.,0.,0.));
#6398=DIRECTION('',(0.,0.,-1.));
#6399=DIRECTION('',(1.,0.,0.));
#6400=DIRECTION('',(1.,0.,0.));
#6401=DIRECTION('',(0.,0.,-1.));
#6402=DIRECTION('',(0.,0.,-1.));
#6403=DIRECTION('',(-1.,0.,0.));
#6404=DIRECTION('',(1.,0.,0.));
#6405=DIRECTION('',(0.,1.,0.));
#6406=DIRECTION('',(1.,0.,0.));
#6407=DIRECTION('',(0.,0.,-1.));
#6408=DIRECTION('',(1.,0.,0.));
#6409=DIRECTION('',(-1.,0.,0.));
#6410=DIRECTION('',(0.,0.,-1.));
#6411=DIRECTION('',(0.,-1.,0.));
#6412=DIRECTION('',(0.,0.,-1.));
#6413=DIRECTION('',(1.,0.,0.));
#6414=DIRECTION('',(0.,0.,-1.));
#6415=DIRECTION('',(1.,0.,0.));
#6416=DIRECTION('',(0.,0.,-1.));
#6417=DIRECTION('',(1.,0.,0.));
#6418=DIRECTION('',(-1.,0.,0.));
#6419=DIRECTION('',(0.,0.,1.));
#6420=DIRECTION('',(0.,0.,1.));
#6421=DIRECTION('',(1.,0.,0.));
#6422=DIRECTION('',(1.,0.,0.));
#6423=DIRECTION('',(0.,-1.,0.));
#6424=DIRECTION('',(1.,0.,0.));
#6425=DIRECTION('',(0.,0.,-1.));
#6426=DIRECTION('',(1.,0.,0.));
#6427=DIRECTION('',(1.,0.,0.));
#6428=DIRECTION('',(0.,0.,1.));
#6429=DIRECTION('',(0.,-1.,0.));
#6430=DIRECTION('',(0.,0.,-1.));
#6431=DIRECTION('',(1.,0.,0.));
#6432=DIRECTION('',(0.,0.,-1.));
#6433=DIRECTION('',(1.,0.,0.));
#6434=DIRECTION('',(0.,0.,-1.));
#6435=DIRECTION('',(1.,0.,0.));
#6436=DIRECTION('',(-1.,0.,0.));
#6437=DIRECTION('',(0.,0.,1.));
#6438=DIRECTION('',(0.,0.,1.));
#6439=DIRECTION('',(1.,0.,0.));
#6440=DIRECTION('',(1.,0.,0.));
#6441=DIRECTION('',(0.,-1.,0.));
#6442=DIRECTION('',(1.,0.,0.));
#6443=DIRECTION('',(0.,0.,-1.));
#6444=DIRECTION('',(1.,0.,0.));
#6445=DIRECTION('',(-1.,0.,0.));
#6446=DIRECTION('',(0.,0.,-1.));
#6447=DIRECTION('',(0.,1.,5.78241158658937E-16));
#6448=DIRECTION('',(0.,-5.78241158658937E-16,1.));
#6449=DIRECTION('',(1.,0.,0.));
#6450=DIRECTION('',(0.,-5.78241158658937E-16,1.));
#6451=DIRECTION('',(1.,0.,0.));
#6452=DIRECTION('',(0.,0.,-1.));
#6453=DIRECTION('',(1.,0.,0.));
#6454=DIRECTION('',(1.,0.,0.));
#6455=DIRECTION('',(0.,0.,-1.));
#6456=DIRECTION('',(0.,0.,1.));
#6457=DIRECTION('',(1.,0.,0.));
#6458=DIRECTION('',(0.,-1.,0.));
#6459=DIRECTION('',(1.,0.,0.));
#6460=DIRECTION('',(0.,0.,-1.));
#6461=DIRECTION('',(0.,1.,0.));
#6462=DIRECTION('',(0.,0.,1.));
#6463=DIRECTION('',(1.96603851640764E-17,0.970142500145332,-0.242535625036333));
#6464=DIRECTION('',(-7.86415406563056E-17,0.242535625036333,0.970142500145332));
#6465=DIRECTION('',(0.,1.,0.));
#6466=DIRECTION('',(0.,1.,0.));
#6467=DIRECTION('',(0.,0.,1.));
#6468=DIRECTION('',(1.,0.,0.));
#6469=DIRECTION('',(-1.,0.,-8.10618446718134E-17));
#6470=DIRECTION('',(0.,1.,0.));
#6471=DIRECTION('',(0.,1.,0.));
#6472=DIRECTION('',(0.,0.,1.));
#6473=DIRECTION('',(1.96603851640764E-17,0.970142500145332,-0.242535625036333));
#6474=DIRECTION('',(-7.86415406563056E-17,0.242535625036333,0.970142500145332));
#6475=DIRECTION('',(0.,1.,0.));
#6476=DIRECTION('',(-1.,0.,0.));
#6477=DIRECTION('',(0.,0.,1.));
#6478=DIRECTION('',(0.,-0.242535625036333,-0.970142500145332));
#6479=DIRECTION('',(0.,1.,0.));
#6480=DIRECTION('',(0.,1.,0.));
#6481=DIRECTION('',(0.,-0.242535625036333,-0.970142500145332));
#6482=DIRECTION('',(0.,1.,0.));
#6483=DIRECTION('',(0.,1.,0.));
#6484=DIRECTION('',(0.,0.,1.));
#6485=DIRECTION('',(1.96603851640764E-17,0.970142500145332,-0.242535625036333));
#6486=DIRECTION('',(-7.86415406563056E-17,0.242535625036333,0.970142500145332));
#6487=DIRECTION('',(0.,1.,0.));
#6488=DIRECTION('',(0.,0.,-1.));
#6489=DIRECTION('',(-1.,0.,0.));
#6490=DIRECTION('',(1.,-2.02654611679533E-17,0.));
#6491=DIRECTION('',(0.,1.,0.));
#6492=DIRECTION('',(0.,1.,0.));
#6493=DIRECTION('',(0.,0.,1.));
#6494=DIRECTION('',(1.96603851640764E-17,0.970142500145332,-0.242535625036333));
#6495=DIRECTION('',(-7.86415406563056E-17,0.242535625036333,0.970142500145332));
#6496=DIRECTION('',(0.,1.,0.));
#6497=DIRECTION('',(1.,0.,8.10618446718134E-17));
#6498=DIRECTION('',(8.10618446718134E-17,0.,-1.));
#6499=DIRECTION('',(9.27521813697638E-17,-0.242535625036333,-0.970142500145332));
#6500=DIRECTION('',(9.27521813697638E-17,-0.242535625036333,-0.970142500145332));
#6501=DIRECTION('',(0.,1.,0.));
#6502=DIRECTION('',(0.,1.,0.));
#6503=DIRECTION('',(-8.10618446718134E-17,0.,1.));
#6504=DIRECTION('',(1.,0.,8.10618446718134E-17));
#6505=DIRECTION('',(-1.,0.,-8.10618446718134E-17));
#6506=DIRECTION('',(-8.10618446718134E-17,0.,1.));
#6507=DIRECTION('',(1.,0.,8.10618446718134E-17));
#6508=DIRECTION('',(-1.,0.,-8.10618446718134E-17));
#6509=DIRECTION('',(1.96603851640764E-17,0.970142500145332,-0.242535625036333));
#6510=DIRECTION('',(0.,0.242535625036333,0.970142500145332));
#6511=DIRECTION('',(1.96603851640764E-17,0.970142500145332,-0.242535625036333));
#6512=DIRECTION('',(0.,0.242535625036333,0.970142500145332));
#6513=DIRECTION('',(0.,-1.,0.));
#6514=DIRECTION('',(0.,0.,-1.));
#6515=DIRECTION('',(0.,-1.,0.));
#6516=DIRECTION('',(0.,1.,0.));
#6517=DIRECTION('',(0.,0.,-1.));
#6518=DIRECTION('',(0.,-1.,0.));
#6519=DIRECTION('',(1.,0.,0.));
#6520=DIRECTION('',(0.,0.,-1.));
#6521=DIRECTION('',(0.,-1.,0.));
#6522=DIRECTION('',(0.,0.,1.));
#6523=DIRECTION('',(0.,0.,1.));
#6524=DIRECTION('',(1.,0.,0.));
#6525=DIRECTION('',(0.,-1.,0.));
#6526=DIRECTION('',(-1.,0.,0.));
#6527=DIRECTION('',(0.,-1.,0.));
#6528=DIRECTION('',(0.,0.,-1.));
#6529=DIRECTION('',(0.,-1.,0.));
#6530=DIRECTION('',(0.,1.,0.));
#6531=DIRECTION('',(0.,0.,-1.));
#6532=DIRECTION('',(1.,0.,0.));
#6533=DIRECTION('',(0.,0.,-1.));
#6534=DIRECTION('',(0.,-1.,0.));
#6535=DIRECTION('',(0.,0.,1.));
#6536=DIRECTION('',(0.,-1.,0.));
#6537=DIRECTION('',(0.,0.,-1.));
#6538=DIRECTION('',(0.,-1.,0.));
#6539=DIRECTION('',(0.,1.,0.));
#6540=DIRECTION('',(0.,0.,-1.));
#6541=DIRECTION('',(0.,0.,-1.));
#6542=DIRECTION('',(-1.,0.,0.));
#6543=DIRECTION('',(0.,-1.,0.));
#6544=DIRECTION('',(1.,0.,0.));
#6545=DIRECTION('',(0.,-1.,0.));
#6546=DIRECTION('',(0.,0.,-1.));
#6547=DIRECTION('',(0.,-1.,0.));
#6548=DIRECTION('',(0.,1.,0.));
#6549=DIRECTION('',(0.,0.,-1.));
#6550=DIRECTION('',(-1.,0.,0.));
#6551=DIRECTION('',(0.,0.,1.));
#6552=DIRECTION('',(0.,-1.,0.));
#6553=DIRECTION('',(0.,0.,-1.));
#6554=DIRECTION('',(0.,-1.,0.));
#6555=DIRECTION('',(0.,0.,-1.));
#6556=DIRECTION('',(0.,-1.,0.));
#6557=DIRECTION('',(0.,1.,0.));
#6558=DIRECTION('',(0.,0.,-1.));
#6559=DIRECTION('',(0.,0.,1.));
#6560=DIRECTION('',(1.,0.,0.));
#6561=DIRECTION('',(0.,-1.,0.));
#6562=DIRECTION('',(-1.,0.,0.));
#6563=DIRECTION('',(-1.,0.,0.));
#6564=DIRECTION('',(0.,0.,1.));
#6565=DIRECTION('',(0.,-1.,0.));
#6566=DIRECTION('',(0.,0.,-1.));
#6567=DIRECTION('',(0.,-1.,0.));
#6568=DIRECTION('',(0.,0.,-1.));
#6569=DIRECTION('',(0.,-1.,0.));
#6570=DIRECTION('',(0.,1.,0.));
#6571=DIRECTION('',(0.,0.,1.));
#6572=DIRECTION('',(0.,0.,1.));
#6573=DIRECTION('',(1.,0.,0.));
#6574=DIRECTION('',(-1.,0.,0.));
#6575=DIRECTION('',(0.,-1.,0.));
#6576=DIRECTION('',(0.,0.,-1.));
#6577=DIRECTION('',(-0.870852441598957,0.,0.491544529988012));
#6578=DIRECTION('',(0.491544529988012,0.,0.870852441598957));
#6579=DIRECTION('',(0.,-1.,0.));
#6580=DIRECTION('',(-0.491544529988012,0.,-0.870852441598957));
#6581=DIRECTION('',(0.,-1.,0.));
#6582=DIRECTION('',(-0.87078930949752,0.,-0.491656362172639));
#6583=DIRECTION('',(-0.491656362172639,0.,0.87078930949752));
#6584=DIRECTION('',(0.,-1.,0.));
#6585=DIRECTION('',(0.491656362172639,0.,-0.87078930949752));
#6586=DIRECTION('',(0.,-1.,0.));
#6587=DIRECTION('',(0.,0.,-1.));
#6588=DIRECTION('',(0.,-1.,0.));
#6589=DIRECTION('',(0.,1.,0.));
#6590=DIRECTION('',(0.,0.,1.));
#6591=DIRECTION('',(0.,0.,1.));
#6592=DIRECTION('',(1.,0.,0.));
#6593=DIRECTION('',(0.,-1.,0.));
#6594=DIRECTION('',(-1.,0.,0.));
#6595=DIRECTION('',(0.,-1.,0.));
#6596=DIRECTION('',(0.,0.,-1.));
#6597=DIRECTION('',(0.,-1.,0.));
#6598=DIRECTION('',(0.,1.,0.));
#6599=DIRECTION('',(0.,0.,-1.));
#6600=DIRECTION('',(0.870688170806868,0.,0.491835449329336));
#6601=DIRECTION('',(0.491835449329336,0.,-0.870688170806869));
#6602=DIRECTION('',(0.,-1.,0.));
#6603=DIRECTION('',(-0.491835449329336,0.,0.870688170806869));
#6604=DIRECTION('',(-0.870894029091117,0.,0.491470843584276));
#6605=DIRECTION('',(0.491470843584276,0.,0.870894029091118));
#6606=DIRECTION('',(0.,-1.,0.));
#6607=DIRECTION('',(-0.491470843584276,0.,-0.870894029091117));
#6608=DIRECTION('',(0.,-1.,0.));
#6609=DIRECTION('',(0.,0.,-1.));
#6610=DIRECTION('',(0.,-1.,0.));
#6611=DIRECTION('',(0.,1.,0.));
#6612=DIRECTION('',(0.,0.,-1.));
#6613=DIRECTION('',(0.,0.,1.));
#6614=DIRECTION('',(1.,0.,0.));
#6615=DIRECTION('',(0.,-1.,0.));
#6616=DIRECTION('',(-1.,0.,0.));
#6617=DIRECTION('',(0.,-1.,0.));
#6618=DIRECTION('',(0.,0.,-1.));
#6619=DIRECTION('',(0.,-1.,0.));
#6620=DIRECTION('',(0.,1.,0.));
#6621=DIRECTION('',(0.,0.,-1.));
#6622=DIRECTION('',(0.87078930949752,0.,-0.491656362172639));
#6623=DIRECTION('',(-0.491656362172639,0.,-0.87078930949752));
#6624=DIRECTION('',(0.,-1.,0.));
#6625=DIRECTION('',(0.491656362172639,0.,0.87078930949752));
#6626=DIRECTION('',(0.870852441598957,0.,0.491544529988012));
#6627=DIRECTION('',(0.491544529988012,0.,-0.870852441598957));
#6628=DIRECTION('',(0.,-1.,0.));
#6629=DIRECTION('',(-0.491544529988012,0.,0.870852441598957));
#6630=DIRECTION('',(0.,-1.,0.));
#6631=DIRECTION('',(0.,0.,-1.));
#6632=DIRECTION('',(0.,-1.,0.));
#6633=DIRECTION('',(0.,1.,0.));
#6634=DIRECTION('',(0.,0.,-1.));
#6635=DIRECTION('',(0.,0.,-1.));
#6636=DIRECTION('',(-1.,0.,0.));
#6637=DIRECTION('',(0.,-1.,0.));
#6638=DIRECTION('',(1.,0.,0.));
#6639=DIRECTION('',(0.,-1.,0.));
#6640=DIRECTION('',(0.,0.,-1.));
#6641=DIRECTION('',(0.,-1.,0.));
#6642=DIRECTION('',(0.,1.,0.));
#6643=DIRECTION('',(0.,0.,-1.));
#6644=DIRECTION('',(-0.870869859206889,0.,-0.491513670537223));
#6645=DIRECTION('',(-0.491513670537223,0.,0.870869859206889));
#6646=DIRECTION('',(0.,-1.,0.));
#6647=DIRECTION('',(0.491513670537223,0.,-0.870869859206889));
#6648=DIRECTION('',(0.870634487814726,0.,-0.491930471334709));
#6649=DIRECTION('',(-0.49193047133471,0.,-0.870634487814726));
#6650=DIRECTION('',(0.,-1.,0.));
#6651=DIRECTION('',(0.491930471334709,0.,0.870634487814726));
#6652=DIRECTION('',(0.,-1.,0.));
#6653=DIRECTION('',(0.,0.,-1.));
#6654=DIRECTION('',(0.,-1.,0.));
#6655=DIRECTION('',(0.,1.,0.));
#6656=DIRECTION('',(0.,0.,-1.));
#6657=DIRECTION('',(0.,0.,-1.));
#6658=DIRECTION('',(-1.,0.,0.));
#6659=DIRECTION('',(0.,-1.,0.));
#6660=DIRECTION('',(1.,0.,0.));
#6661=DIRECTION('',(0.,-1.,0.));
#6662=DIRECTION('',(0.,0.,-1.));
#6663=DIRECTION('',(0.,1.,0.));
#6664=DIRECTION('',(0.,0.,-1.));
#6665=DIRECTION('',(0.,-1.,0.));
#6666=DIRECTION('',(0.,0.,-1.));
#6667=DIRECTION('',(0.,1.,0.));
#6668=DIRECTION('',(0.,0.,1.));
#6669=DIRECTION('',(-0.986393923832144,0.,0.164398987305358));
#6670=DIRECTION('',(0.,-1.,0.));
#6671=DIRECTION('',(0.,-1.,0.));
#6672=DIRECTION('',(0.,-1.,0.));
#6673=DIRECTION('',(0.,-1.,0.));
#6674=DIRECTION('',(0.,-1.,0.));
#6675=DIRECTION('',(0.,-1.,0.));
#6676=DIRECTION('',(0.,-1.,0.));
#6677=DIRECTION('',(0.,-1.,0.));
#6678=DIRECTION('',(0.,-1.,0.));
#6679=DIRECTION('',(0.164398987305358,0.,0.986393923832144));
#6680=DIRECTION('',(0.986393923832144,0.,-0.164398987305358));
#6681=DIRECTION('',(0.,-1.,0.));
#6682=DIRECTION('',(0.,-1.,0.));
#6683=DIRECTION('',(0.,-1.,0.));
#6684=DIRECTION('',(0.,-1.,0.));
#6685=DIRECTION('',(0.,-1.,0.));
#6686=DIRECTION('',(0.,-1.,0.));
#6687=DIRECTION('',(0.,-1.,0.));
#6688=DIRECTION('',(0.,-1.,0.));
#6689=DIRECTION('',(1.96603851640764E-17,0.970142500145332,-0.242535625036333));
#6690=DIRECTION('',(0.,0.242535625036333,0.970142500145332));
#6691=DIRECTION('',(-1.,0.,-8.10618446718134E-17));
#6692=DIRECTION('',(-8.10618446718134E-17,0.,1.));
#6693=DIRECTION('',(1.,0.,8.10618446718134E-17));
#6694=DIRECTION('',(-1.,0.,-8.10618446718134E-17));
#6695=DIRECTION('',(1.96603851640764E-17,0.970142500145332,-0.242535625036333));
#6696=DIRECTION('',(0.,0.242535625036333,0.970142500145332));
#6697=DIRECTION('',(-1.,0.,-8.10618446718134E-17));
#6698=DIRECTION('',(-8.10618446718134E-17,0.,1.));
#6699=DIRECTION('',(1.,0.,8.10618446718134E-17));
#6700=DIRECTION('',(-1.,0.,-8.10618446718134E-17));
#6701=DIRECTION('',(1.96603851640764E-17,0.970142500145332,-0.242535625036333));
#6702=DIRECTION('',(0.,0.242535625036333,0.970142500145332));
#6703=DIRECTION('',(0.,1.,0.));
#6704=DIRECTION('',(0.,0.,1.));
#6705=DIRECTION('',(0.,-1.,0.));
#6706=DIRECTION('',(0.,-1.,0.));
#6707=DIRECTION('',(0.,-1.,0.));
#6708=DIRECTION('',(0.,-1.,0.));
#6709=DIRECTION('',(0.,-1.,0.));
#6710=DIRECTION('',(0.,-1.,0.));
#6711=DIRECTION('',(0.,-1.,0.));
#6712=DIRECTION('',(0.,-1.,0.));
#6713=DIRECTION('',(0.,-1.,0.));
#6714=DIRECTION('',(0.,-1.,0.));
#6715=DIRECTION('',(0.,-1.,0.));
#6716=DIRECTION('',(0.,-1.,0.));
#6717=DIRECTION('',(0.,-1.,0.));
#6718=DIRECTION('',(0.,-1.,0.));
#6719=DIRECTION('',(1.96603851640764E-17,0.970142500145332,-0.242535625036333));
#6720=DIRECTION('',(0.,0.242535625036333,0.970142500145332));
#6721=DIRECTION('',(-1.,0.,-8.10618446718134E-17));
#6722=DIRECTION('',(-8.10618446718134E-17,0.,1.));
#6723=DIRECTION('',(1.,0.,8.10618446718134E-17));
#6724=DIRECTION('',(-1.,0.,-8.10618446718134E-17));
#6725=DIRECTION('',(1.96603851640764E-17,0.970142500145332,-0.242535625036333));
#6726=DIRECTION('',(0.,0.242535625036333,0.970142500145332));
#6727=DIRECTION('',(-1.,0.,-8.10618446718134E-17));
#6728=DIRECTION('',(-8.10618446718134E-17,0.,1.));
#6729=DIRECTION('',(1.,0.,8.10618446718134E-17));
#6730=DIRECTION('',(-1.,0.,-8.10618446718134E-17));
#6731=DIRECTION('',(1.96603851640764E-17,0.970142500145332,-0.242535625036333));
#6732=DIRECTION('',(0.,0.242535625036333,0.970142500145332));
#6733=DIRECTION('',(-1.,0.,-8.10618446718134E-17));
#6734=DIRECTION('',(-8.10618446718134E-17,0.,1.));
#6735=DIRECTION('',(1.,0.,8.10618446718134E-17));
#6736=DIRECTION('',(-1.,0.,-8.10618446718134E-17));
#6737=DIRECTION('',(1.96603851640764E-17,0.970142500145332,-0.242535625036333));
#6738=DIRECTION('',(0.,0.242535625036333,0.970142500145332));
#6739=DIRECTION('',(0.,0.,1.));
#6740=DIRECTION('',(1.,0.,0.));
#6741=CARTESIAN_POINT('',(0.,0.,0.));
#6742=CARTESIAN_POINT('',(0.,10.,0.));
#6743=CARTESIAN_POINT('',(2.15,10.,0.));
#6744=CARTESIAN_POINT('',(2.15,0.,0.));
#6745=CARTESIAN_POINT('',(2.15,3.,0.));
#6746=CARTESIAN_POINT('',(0.,0.,0.));
#6747=CARTESIAN_POINT('',(-2.15,0.,0.));
#6748=CARTESIAN_POINT('',(-2.15,10.,0.));
#6749=CARTESIAN_POINT('',(-2.15,3.,0.));
#6750=CARTESIAN_POINT('',(0.,3.,0.));
#6751=CARTESIAN_POINT('',(0.,12.,0.));
#6752=CARTESIAN_POINT('',(0.,12.,2.15));
#6753=CARTESIAN_POINT('',(1.55,0.,0.));
#6754=CARTESIAN_POINT('',(-2.39432512315271,0.,0.));
#6755=CARTESIAN_POINT('',(-1.55,0.,0.));
#6756=CARTESIAN_POINT('',(-2.39432512315271,0.,0.));
#6757=CARTESIAN_POINT('',(1.55,0.,0.));
#6758=CARTESIAN_POINT('',(0.,0.,0.));
#6759=CARTESIAN_POINT('',(0.,10.,0.));
#6760=CARTESIAN_POINT('',(1.55,10.,0.));
#6761=CARTESIAN_POINT('',(1.55,3.,0.));
#6762=CARTESIAN_POINT('',(0.,3.,0.));
#6763=CARTESIAN_POINT('',(-1.55,3.,0.));
#6764=CARTESIAN_POINT('',(-1.55,10.,0.));
#6765=CARTESIAN_POINT('',(0.,7.5,0.));
#6766=CARTESIAN_POINT('',(0.,7.5,-1.55));
#6767=CARTESIAN_POINT('',(0.,10.,0.));
#6768=CARTESIAN_POINT('',(0.,10.,0.));
#6769=CARTESIAN_POINT('',(0.,12.,0.));
#6770=CARTESIAN_POINT('',(-1.09915975847322,12.,1.48806848812583));
#6771=CARTESIAN_POINT('',(-0.298939494073462,12.,0.687848223726065));
#6772=CARTESIAN_POINT('',(-1.09915975847322,12.,1.48806848812583));
#6773=CARTESIAN_POINT('',(0.,12.,0.));
#6774=CARTESIAN_POINT('',(0.298939494073462,12.,0.687848223726065));
#6775=CARTESIAN_POINT('',(1.09915975847322,12.,1.48806848812583));
#6776=CARTESIAN_POINT('',(1.09915975847322,12.,1.48806848812583));
#6777=CARTESIAN_POINT('',(0.,12.,0.));
#6778=CARTESIAN_POINT('',(1.48806848812583,12.,1.09915975847322));
#6779=CARTESIAN_POINT('',(0.687848223726065,12.,0.298939494073463));
#6780=CARTESIAN_POINT('',(1.48806848812583,12.,1.09915975847322));
#6781=CARTESIAN_POINT('',(0.,12.,0.));
#6782=CARTESIAN_POINT('',(0.687848223726065,12.,-0.298939494073463));
#6783=CARTESIAN_POINT('',(1.48806848812583,12.,-1.09915975847322));
#6784=CARTESIAN_POINT('',(1.48806848812583,12.,-1.09915975847322));
#6785=CARTESIAN_POINT('',(0.,12.,0.));
#6786=CARTESIAN_POINT('',(-1.48806848812583,12.,-1.09915975847322));
#6787=CARTESIAN_POINT('',(-0.687848223726064,12.,-0.298939494073463));
#6788=CARTESIAN_POINT('',(-1.48806848812583,12.,-1.09915975847322));
#6789=CARTESIAN_POINT('',(0.,12.,0.));
#6790=CARTESIAN_POINT('',(-0.687848223726065,12.,0.298939494073463));
#6791=CARTESIAN_POINT('',(-1.48806848812583,12.,1.09915975847322));
#6792=CARTESIAN_POINT('',(-1.48806848812583,12.,1.09915975847322));
#6793=CARTESIAN_POINT('',(0.,12.,0.));
#6794=CARTESIAN_POINT('',(1.09915975847322,12.,-1.48806848812583));
#6795=CARTESIAN_POINT('',(0.298939494073463,12.,-0.687848223726064));
#6796=CARTESIAN_POINT('',(1.09915975847322,12.,-1.48806848812583));
#6797=CARTESIAN_POINT('',(0.,12.,0.));
#6798=CARTESIAN_POINT('',(-0.298939494073463,12.,-0.687848223726064));
#6799=CARTESIAN_POINT('',(-1.09915975847322,12.,-1.48806848812583));
#6800=CARTESIAN_POINT('',(-1.09915975847322,12.,-1.48806848812583));
#6801=CARTESIAN_POINT('',(0.,12.,0.));
#6802=CARTESIAN_POINT('',(0.,12.,0.));
#6803=CARTESIAN_POINT('',(-1.09915975847322,12.,-1.48806848812583));
#6804=CARTESIAN_POINT('',(-1.09915975847322,19.3,-1.48806848812583));
#6805=CARTESIAN_POINT('',(0.,19.3,0.));
#6806=CARTESIAN_POINT('',(1.09915975847322,19.3,-1.48806848812583));
#6807=CARTESIAN_POINT('',(1.09915975847322,12.,-1.48806848812583));
#6808=CARTESIAN_POINT('',(1.09915975847322,12.,-1.48806848812583));
#6809=CARTESIAN_POINT('',(1.09915975847322,19.3,-1.48806848812583));
#6810=CARTESIAN_POINT('',(1.09915975847322,19.5662693976312,-1.48806848812583));
#6811=CARTESIAN_POINT('',(0.928321766908341,19.8,-1.31723049656094));
#6812=CARTESIAN_POINT('',(0.740124417299637,19.8,-1.12903314695224));
#6813=CARTESIAN_POINT('',(0.740124417299637,19.8,-1.12903314695224));
#6814=CARTESIAN_POINT('',(1.09915975847322,19.8,-1.48806848812583));
#6815=CARTESIAN_POINT('',(0.667773853222727,19.8,-1.05668258287533));
#6816=CARTESIAN_POINT('',(0.667773853222727,19.8,-1.05668258287533));
#6817=CARTESIAN_POINT('',(0.545860161868493,19.6318121202366,-0.934768891521094));
#6818=CARTESIAN_POINT('',(0.423642084407196,19.4640733126921,-0.812550814059797));
#6819=CARTESIAN_POINT('',(0.298939494073488,19.3,-0.687848223726089));
#6820=CARTESIAN_POINT('',(0.298939494073463,19.3,-0.687848223726064));
#6821=CARTESIAN_POINT('',(0.298939494073463,12.,-0.687848223726064));
#6822=CARTESIAN_POINT('',(0.,12.,0.));
#6823=CARTESIAN_POINT('',(0.,19.3,0.));
#6824=CARTESIAN_POINT('',(-0.298939494073463,19.3,-0.687848223726064));
#6825=CARTESIAN_POINT('',(-0.298939494073463,12.,-0.687848223726064));
#6826=CARTESIAN_POINT('',(-1.09915975847322,12.,-1.48806848812583));
#6827=CARTESIAN_POINT('',(-1.09915975847322,19.8,-1.48806848812583));
#6828=CARTESIAN_POINT('',(-0.740124417299637,19.8,-1.12903314695224));
#6829=CARTESIAN_POINT('',(-0.667773853222727,19.8,-1.05668258287533));
#6830=CARTESIAN_POINT('',(-0.740124417299637,19.8,-1.12903314695224));
#6831=CARTESIAN_POINT('',(-0.928358970832028,19.8,-1.31726770048463));
#6832=CARTESIAN_POINT('',(-1.09915975847322,19.5663415082131,-1.48806848812583));
#6833=CARTESIAN_POINT('',(-1.09915975847322,19.3,-1.48806848812583));
#6834=CARTESIAN_POINT('',(-0.298939494073463,19.3,-0.687848223726064));
#6835=CARTESIAN_POINT('',(-0.423642084407171,19.4640733126921,-0.812550814059772));
#6836=CARTESIAN_POINT('',(-0.545860161868494,19.6318121202366,-0.934768891521096));
#6837=CARTESIAN_POINT('',(-0.667773853222728,19.8,-1.05668258287533));
#6838=CARTESIAN_POINT('',(0.,12.,0.));
#6839=CARTESIAN_POINT('',(-1.48806848812583,12.,1.09915975847322));
#6840=CARTESIAN_POINT('',(-1.48806848812583,19.3,1.09915975847322));
#6841=CARTESIAN_POINT('',(0.,19.3,0.));
#6842=CARTESIAN_POINT('',(-1.48806848812583,19.3,-1.09915975847322));
#6843=CARTESIAN_POINT('',(-1.48806848812583,12.,-1.09915975847322));
#6844=CARTESIAN_POINT('',(-1.48806848812583,12.,-1.09915975847322));
#6845=CARTESIAN_POINT('',(-1.48806848812583,19.3,-1.09915975847322));
#6846=CARTESIAN_POINT('',(-1.48806848812583,19.5662693976312,-1.09915975847322));
#6847=CARTESIAN_POINT('',(-1.31723049656094,19.8,-0.928321766908341));
#6848=CARTESIAN_POINT('',(-1.12903314695224,19.8,-0.740124417299637));
#6849=CARTESIAN_POINT('',(-1.12903314695224,19.8,-0.740124417299637));
#6850=CARTESIAN_POINT('',(-1.48806848812583,19.8,-1.09915975847322));
#6851=CARTESIAN_POINT('',(-1.05668258287533,19.8,-0.667773853222727));
#6852=CARTESIAN_POINT('',(-1.05668258287533,19.8,-0.667773853222727));
#6853=CARTESIAN_POINT('',(-0.934768891521094,19.6318121202366,-0.545860161868493));
#6854=CARTESIAN_POINT('',(-0.812550814059797,19.4640733126921,-0.423642084407196));
#6855=CARTESIAN_POINT('',(-0.687848223726089,19.3,-0.298939494073488));
#6856=CARTESIAN_POINT('',(-0.687848223726064,19.3,-0.298939494073463));
#6857=CARTESIAN_POINT('',(-0.687848223726064,12.,-0.298939494073463));
#6858=CARTESIAN_POINT('',(0.,12.,0.));
#6859=CARTESIAN_POINT('',(0.,19.3,0.));
#6860=CARTESIAN_POINT('',(-0.687848223726064,19.3,0.298939494073463));
#6861=CARTESIAN_POINT('',(-0.687848223726064,12.,0.298939494073463));
#6862=CARTESIAN_POINT('',(-1.48806848812583,12.,1.09915975847322));
#6863=CARTESIAN_POINT('',(-1.48806848812583,19.8,1.09915975847322));
#6864=CARTESIAN_POINT('',(-1.12903314695224,19.8,0.740124417299637));
#6865=CARTESIAN_POINT('',(-1.05668258287533,19.8,0.667773853222727));
#6866=CARTESIAN_POINT('',(-1.12903314695224,19.8,0.740124417299637));
#6867=CARTESIAN_POINT('',(-1.31726770048463,19.8,0.928358970832028));
#6868=CARTESIAN_POINT('',(-1.48806848812583,19.5663415082131,1.09915975847322));
#6869=CARTESIAN_POINT('',(-1.48806848812583,19.3,1.09915975847322));
#6870=CARTESIAN_POINT('',(-0.687848223726064,19.3,0.298939494073463));
#6871=CARTESIAN_POINT('',(-0.812550814059772,19.4640733126921,0.423642084407171));
#6872=CARTESIAN_POINT('',(-0.934768891521096,19.6318121202366,0.545860161868495));
#6873=CARTESIAN_POINT('',(-1.05668258287533,19.8,0.667773853222729));
#6874=CARTESIAN_POINT('',(0.,12.,0.));
#6875=CARTESIAN_POINT('',(1.48806848812583,12.,-1.09915975847322));
#6876=CARTESIAN_POINT('',(1.48806848812583,19.3,-1.09915975847322));
#6877=CARTESIAN_POINT('',(0.,19.3,0.));
#6878=CARTESIAN_POINT('',(1.48806848812583,19.3,1.09915975847322));
#6879=CARTESIAN_POINT('',(1.48806848812583,12.,1.09915975847322));
#6880=CARTESIAN_POINT('',(1.48806848812583,12.,1.09915975847322));
#6881=CARTESIAN_POINT('',(1.48806848812583,19.3,1.09915975847322));
#6882=CARTESIAN_POINT('',(1.48806848812583,19.5662693976312,1.09915975847322));
#6883=CARTESIAN_POINT('',(1.31723049656094,19.8,0.928321766908341));
#6884=CARTESIAN_POINT('',(1.12903314695224,19.8,0.740124417299637));
#6885=CARTESIAN_POINT('',(1.12903314695224,19.8,0.740124417299637));
#6886=CARTESIAN_POINT('',(1.48806848812583,19.8,1.09915975847322));
#6887=CARTESIAN_POINT('',(1.05668258287533,19.8,0.667773853222727));
#6888=CARTESIAN_POINT('',(1.05668258287533,19.8,0.667773853222727));
#6889=CARTESIAN_POINT('',(0.934768891521094,19.6318121202366,0.545860161868493));
#6890=CARTESIAN_POINT('',(0.812550814059797,19.4640733126921,0.423642084407196));
#6891=CARTESIAN_POINT('',(0.687848223726089,19.3,0.298939494073488));
#6892=CARTESIAN_POINT('',(0.687848223726065,19.3,0.298939494073463));
#6893=CARTESIAN_POINT('',(0.687848223726065,12.,0.298939494073463));
#6894=CARTESIAN_POINT('',(0.,12.,0.));
#6895=CARTESIAN_POINT('',(0.,19.3,0.));
#6896=CARTESIAN_POINT('',(0.687848223726065,19.3,-0.298939494073463));
#6897=CARTESIAN_POINT('',(0.687848223726065,12.,-0.298939494073463));
#6898=CARTESIAN_POINT('',(1.48806848812583,12.,-1.09915975847322));
#6899=CARTESIAN_POINT('',(1.48806848812583,19.8,-1.09915975847322));
#6900=CARTESIAN_POINT('',(1.12903314695224,19.8,-0.740124417299637));
#6901=CARTESIAN_POINT('',(1.05668258287533,19.8,-0.667773853222727));
#6902=CARTESIAN_POINT('',(1.12903314695224,19.8,-0.740124417299637));
#6903=CARTESIAN_POINT('',(1.31726770048463,19.8,-0.928358970832028));
#6904=CARTESIAN_POINT('',(1.48806848812583,19.5663415082131,-1.09915975847322));
#6905=CARTESIAN_POINT('',(1.48806848812583,19.3,-1.09915975847322));
#6906=CARTESIAN_POINT('',(0.687848223726065,19.3,-0.298939494073463));
#6907=CARTESIAN_POINT('',(0.812550814059773,19.4640733126921,-0.423642084407171));
#6908=CARTESIAN_POINT('',(0.934768891521096,19.6318121202366,-0.545860161868495));
#6909=CARTESIAN_POINT('',(1.05668258287533,19.8,-0.667773853222729));
#6910=CARTESIAN_POINT('',(0.,12.,0.));
#6911=CARTESIAN_POINT('',(1.09915975847322,12.,1.48806848812583));
#6912=CARTESIAN_POINT('',(1.09915975847322,19.3,1.48806848812583));
#6913=CARTESIAN_POINT('',(0.,19.3,0.));
#6914=CARTESIAN_POINT('',(-1.09915975847322,19.3,1.48806848812583));
#6915=CARTESIAN_POINT('',(-1.09915975847322,12.,1.48806848812583));
#6916=CARTESIAN_POINT('',(-1.09915975847322,12.,1.48806848812583));
#6917=CARTESIAN_POINT('',(-1.09915975847322,19.3,1.48806848812583));
#6918=CARTESIAN_POINT('',(-1.09915975847322,19.5662693976312,1.48806848812583));
#6919=CARTESIAN_POINT('',(-0.92832176690834,19.8,1.31723049656094));
#6920=CARTESIAN_POINT('',(-0.740124417299636,19.8,1.12903314695224));
#6921=CARTESIAN_POINT('',(-0.740124417299636,19.8,1.12903314695224));
#6922=CARTESIAN_POINT('',(-1.09915975847322,19.8,1.48806848812583));
#6923=CARTESIAN_POINT('',(-0.66777385322273,19.8,1.05668258287533));
#6924=CARTESIAN_POINT('',(-0.66777385322273,19.8,1.05668258287533));
#6925=CARTESIAN_POINT('',(-0.545860161868495,19.6318121202366,0.934768891521096));
#6926=CARTESIAN_POINT('',(-0.423642084407196,19.4640733126921,0.812550814059799));
#6927=CARTESIAN_POINT('',(-0.298939494073487,19.3,0.68784822372609));
#6928=CARTESIAN_POINT('',(-0.298939494073462,19.3,0.687848223726065));
#6929=CARTESIAN_POINT('',(-0.298939494073462,12.,0.687848223726065));
#6930=CARTESIAN_POINT('',(0.,12.,0.));
#6931=CARTESIAN_POINT('',(0.,19.3,0.));
#6932=CARTESIAN_POINT('',(0.298939494073462,19.3,0.687848223726065));
#6933=CARTESIAN_POINT('',(0.298939494073462,12.,0.687848223726065));
#6934=CARTESIAN_POINT('',(1.09915975847322,12.,1.48806848812583));
#6935=CARTESIAN_POINT('',(1.09915975847322,19.8,1.48806848812583));
#6936=CARTESIAN_POINT('',(0.740124417299636,19.8,1.12903314695224));
#6937=CARTESIAN_POINT('',(0.66777385322273,19.8,1.05668258287533));
#6938=CARTESIAN_POINT('',(0.740124417299636,19.8,1.12903314695224));
#6939=CARTESIAN_POINT('',(0.928358970832027,19.8,1.31726770048463));
#6940=CARTESIAN_POINT('',(1.09915975847322,19.5663415082131,1.48806848812583));
#6941=CARTESIAN_POINT('',(1.09915975847322,19.3,1.48806848812583));
#6942=CARTESIAN_POINT('',(0.298939494073462,19.3,0.687848223726065));
#6943=CARTESIAN_POINT('',(0.423642084407172,19.4640733126921,0.812550814059775));
#6944=CARTESIAN_POINT('',(0.545860161868496,19.6318121202366,0.934768891521098));
#6945=CARTESIAN_POINT('',(0.667773853222732,19.8,1.05668258287533));
#6946=CARTESIAN_POINT('',(2.15,19.8,0.));
#6947=CARTESIAN_POINT('',(0.,19.8,0.));
#6948=CARTESIAN_POINT('',(0.,19.8,0.));
#6949=CARTESIAN_POINT('',(2.15,19.8,0.));
#6950=CARTESIAN_POINT('',(0.,19.8,0.));
#6951=CARTESIAN_POINT('',(0.,19.8,0.));
#6952=CARTESIAN_POINT('',(2.15,19.8,0.));
#6953=CARTESIAN_POINT('',(0.,19.8,0.));
#6954=CARTESIAN_POINT('',(0.,19.8,0.));
#6955=CARTESIAN_POINT('',(2.15,19.8,0.));
#6956=CARTESIAN_POINT('',(0.,19.8,0.));
#6957=CARTESIAN_POINT('',(0.,19.8,0.));
#6958=CARTESIAN_POINT('',(-2.39432512315271,3.,0.));
#6959=CARTESIAN_POINT('',(-2.39432512315271,3.,0.));
#6960=CARTESIAN_POINT('',(-2.39432512315271,3.,0.));
#6961=CARTESIAN_POINT('',(-2.39432512315271,3.,0.));
#6962=CARTESIAN_POINT('',(0.,3.,0.));
#6963=CARTESIAN_POINT('',(0.,19.8,0.));
#6964=CARTESIAN_POINT('',(0.,19.8,0.));
#6965=CARTESIAN_POINT('',(0.,19.8,0.));
#6966=CARTESIAN_POINT('',(0.,19.8,0.));
#6967=CARTESIAN_POINT('',(0.,19.3,0.));
#6968=CARTESIAN_POINT('',(0.,19.3,0.));
#6969=CARTESIAN_POINT('',(0.,19.3,0.));
#6970=CARTESIAN_POINT('',(0.,19.3,0.));
#6971=CARTESIAN_POINT('',(-33.7452435594801,32.6360465116279,-13.1));
#6972=CARTESIAN_POINT('',(-26.6452435594801,32.6360465116279,-13.1));
#6973=CARTESIAN_POINT('',(17.2722771187482,7.22514742480219,0.243713143799453));
#6974=CARTESIAN_POINT('',(2.09194295772162,7.95000000000018,3.1431234445927));
#6975=CARTESIAN_POINT('',(2.15216179347656,7.90860236878869,2.97753291974673));
#6976=CARTESIAN_POINT('',(2.33875864799387,7.83025434369884,2.66414081938423));
#6977=CARTESIAN_POINT('',(2.69258720562783,7.79485008785008,2.52252379599339));
#6978=CARTESIAN_POINT('',(2.87479222523367,7.79488636363578,2.5226688991362));
#6979=CARTESIAN_POINT('',(2.09194295772376,7.95,3.14312344459068));
#6980=CARTESIAN_POINT('',(2.87479222523367,7.79488636363636,2.52266889913613));
#6981=CARTESIAN_POINT('',(2.87479222523367,7.79488636363636,2.52266889913613));
#6982=CARTESIAN_POINT('',(3.05683307971424,7.79559736648584,2.52551291053407));
#6983=CARTESIAN_POINT('',(3.41211052749855,7.82904996150863,2.6593232906252));
#6984=CARTESIAN_POINT('',(3.60204301191636,7.90835953199685,2.97656157257809));
#6985=CARTESIAN_POINT('',(3.66202509759761,7.95000000000178,3.14312344459781));
#6986=CARTESIAN_POINT('',(3.66202509759504,7.95,3.14312344459068));
#6987=CARTESIAN_POINT('',(17.2722771187482,7.95,3.14312344459068));
#6988=CARTESIAN_POINT('',(4.25724368969136,7.95,3.14312344459068));
#6989=CARTESIAN_POINT('',(4.25724368969136,7.95,3.14312344459068));
#6990=CARTESIAN_POINT('',(4.37738760885102,7.86502871785658,2.80323831601702));
#6991=CARTESIAN_POINT('',(4.6950539899404,7.79440249215093,2.5207334131944));
#6992=CARTESIAN_POINT('',(5.06726381614275,7.79488636363636,2.52266889913613));
#6993=CARTESIAN_POINT('',(5.06726381614275,7.79488636363636,2.52266889913613));
#6994=CARTESIAN_POINT('',(5.06726381614275,7.79488636363636,2.52266889913613));
#6995=CARTESIAN_POINT('',(5.43616086709741,7.79450394161186,2.52113921103814));
#6996=CARTESIAN_POINT('',(5.73981355186726,7.86710255864313,2.81153367916321));
#6997=CARTESIAN_POINT('',(5.8717903364289,7.95000000000018,3.1431234445914));
#6998=CARTESIAN_POINT('',(5.87179033642862,7.95,3.14312344459068));
#6999=CARTESIAN_POINT('',(17.2722771187482,7.95,3.14312344459068));
#7000=CARTESIAN_POINT('',(7.21712177068821,7.95,3.14312344459068));
#7001=CARTESIAN_POINT('',(7.21712177068821,7.22514742480219,0.243713143799453));
#7002=CARTESIAN_POINT('',(7.21712177068821,7.85625,2.76812344459068));
#7003=CARTESIAN_POINT('',(7.41712177068821,7.85625,2.76812344459068));
#7004=CARTESIAN_POINT('',(7.41712177068821,7.80625,2.56812344459067));
#7005=CARTESIAN_POINT('',(17.2722771187482,7.80625,2.56812344459067));
#7006=CARTESIAN_POINT('',(7.56257631614275,7.80625,2.56812344459067));
#7007=CARTESIAN_POINT('',(7.56257631614276,7.85625,2.76812344459068));
#7008=CARTESIAN_POINT('',(7.76257631614276,7.85625,2.76812344459068));
#7009=CARTESIAN_POINT('',(7.76257631614276,7.22514742480219,0.243713143799453));
#7010=CARTESIAN_POINT('',(7.76257631614276,7.95,3.14312344459068));
#7011=CARTESIAN_POINT('',(17.2722771187482,7.95,3.14312344459068));
#7012=CARTESIAN_POINT('',(8.99631798192749,7.95,3.14312344459068));
#7013=CARTESIAN_POINT('',(9.64708644528954,8.23814954125154,4.29572160959686));
#7014=CARTESIAN_POINT('',(8.84010804843593,7.88083281810863,2.86645471702521));
#7015=CARTESIAN_POINT('',(9.01426591033543,7.85625,2.76812344459068));
#7016=CARTESIAN_POINT('',(9.01426591033543,7.80625,2.56812344459067));
#7017=CARTESIAN_POINT('',(17.2722771187482,7.80625,2.56812344459067));
#7018=CARTESIAN_POINT('',(9.16994079782441,7.80625,2.56812344459068));
#7019=CARTESIAN_POINT('',(9.16994079782441,7.85625,2.76812344459068));
#7020=CARTESIAN_POINT('',(9.34411960364263,7.83167645782079,2.66982927587383));
#7021=CARTESIAN_POINT('',(10.1190552050768,8.17497596227219,4.04302729367943));
#7022=CARTESIAN_POINT('',(9.61121327588373,7.95,3.14312344459068));
#7023=CARTESIAN_POINT('',(17.2722771187482,7.95,3.14312344459068));
#7024=CARTESIAN_POINT('',(10.4143320795331,7.95,3.14312344459068));
#7025=CARTESIAN_POINT('',(13.2577890093464,6.69156879279282,-1.89060138423802));
#7026=CARTESIAN_POINT('',(10.6817282876683,7.83165822753353,2.66975635472481));
#7027=CARTESIAN_POINT('',(10.8558659218297,7.85625,2.76812344459068));
#7028=CARTESIAN_POINT('',(10.8558659218297,7.80625,2.56812344459067));
#7029=CARTESIAN_POINT('',(17.2722771187482,7.80625,2.56812344459067));
#7030=CARTESIAN_POINT('',(11.0108867219501,7.80625,2.56812344459067));
#7031=CARTESIAN_POINT('',(11.0108867219501,7.85625,2.76812344459068));
#7032=CARTESIAN_POINT('',(11.1850445838496,7.88083281810863,2.86645471702521));
#7033=CARTESIAN_POINT('',(13.7289760052585,6.75442194646417,-1.63918876955263));
#7034=CARTESIAN_POINT('',(11.028834650358,7.95,3.14312344459068));
#7035=CARTESIAN_POINT('',(17.2722771187482,7.95,3.14312344459068));
#7036=CARTESIAN_POINT('',(11.65,7.95,3.14312344459068));
#7037=CARTESIAN_POINT('',(11.65,7.22514742480219,0.243713143799453));
#7038=CARTESIAN_POINT('',(11.65,7.75,2.34312344459067));
#7039=CARTESIAN_POINT('',(17.2722771187482,7.75,2.34312344459068));
#7040=CARTESIAN_POINT('',(1.65,7.75,2.34312344459067));
#7041=CARTESIAN_POINT('',(1.65,7.22514742480219,0.243713143799452));
#7042=CARTESIAN_POINT('',(1.65,7.95,3.14312344459068));
#7043=CARTESIAN_POINT('',(17.2722771187482,7.95,3.14312344459068));
#7044=CARTESIAN_POINT('',(17.2722771187482,6.4722062483316,0.431948437917101));
#7045=CARTESIAN_POINT('',(17.2722771187482,7.75,5.54312344459068));
#7046=CARTESIAN_POINT('',(4.29786270105962,7.75,5.54312344459068));
#7047=CARTESIAN_POINT('',(3.62138610575739,7.75,5.54312344459068));
#7048=CARTESIAN_POINT('',(3.62138610576019,7.74999999999968,5.54312344458794));
#7049=CARTESIAN_POINT('',(3.48807985010566,7.82261894776108,5.83359923563353));
#7050=CARTESIAN_POINT('',(3.20564560614091,7.88131530550894,6.06838466662643));
#7051=CARTESIAN_POINT('',(2.87763313432458,7.88125,6.06812344459068));
#7052=CARTESIAN_POINT('',(2.87763313432457,7.88125,6.06812344459068));
#7053=CARTESIAN_POINT('',(2.87763313432457,7.88125,6.06812344459068));
#7054=CARTESIAN_POINT('',(2.54880538003693,7.88091287828885,6.06677495774607));
#7055=CARTESIAN_POINT('',(2.26401354555584,7.82273116518468,5.83404810532941));
#7056=CARTESIAN_POINT('',(2.13107500943757,7.74999999999916,5.54312344458731));
#7057=CARTESIAN_POINT('',(2.13107500943911,7.75,5.54312344459068));
#7058=CARTESIAN_POINT('',(17.2722771187482,7.75,5.54312344459068));
#7059=CARTESIAN_POINT('',(1.65,7.75,5.54312344459068));
#7060=CARTESIAN_POINT('',(1.65,6.4722062483316,0.4319484379171));
#7061=CARTESIAN_POINT('',(1.65,7.95,6.34312344459068));
#7062=CARTESIAN_POINT('',(17.2722771187482,7.95,6.34312344459068));
#7063=CARTESIAN_POINT('',(11.65,7.95,6.34312344459068));
#7064=CARTESIAN_POINT('',(11.65,6.4722062483316,0.431948437917101));
#7065=CARTESIAN_POINT('',(11.65,7.75,5.54312344459068));
#7066=CARTESIAN_POINT('',(17.2722771187482,7.75,5.54312344459068));
#7067=CARTESIAN_POINT('',(10.9662449677804,7.75,5.54312344459068));
#7068=CARTESIAN_POINT('',(10.2014846350498,7.41127514275629,4.18822401561585));
#7069=CARTESIAN_POINT('',(11.0941986392994,7.8066727735006,5.76981453859307));
#7070=CARTESIAN_POINT('',(10.9200281509796,7.83125,5.86812344459068));
#7071=CARTESIAN_POINT('',(10.9200281509796,7.88125,6.06812344459068));
#7072=CARTESIAN_POINT('',(17.2722771187482,7.88125,6.06812344459068));
#7073=CARTESIAN_POINT('',(10.7649422000497,7.88125,6.06812344459068));
#7074=CARTESIAN_POINT('',(10.7649422000497,7.83125,5.86812344459068));
#7075=CARTESIAN_POINT('',(10.5908153024868,7.85584652356674,5.96650953885762));
#7076=CARTESIAN_POINT('',(9.72992776629537,7.47493985950887,4.44288288262614));
#7077=CARTESIAN_POINT('',(10.3515914676579,7.75,5.54312344459068));
#7078=CARTESIAN_POINT('',(17.2722771187482,7.75,5.54312344459068));
#7079=CARTESIAN_POINT('',(9.67393995250639,7.75,5.54312344459068));
#7080=CARTESIAN_POINT('',(13.6458648508904,5.99062387051447,-1.49438107335142));
#7081=CARTESIAN_POINT('',(9.43503045484726,7.85582568352686,5.96642617869812));
#7082=CARTESIAN_POINT('',(9.26085648300589,7.83125,5.86812344459068));
#7083=CARTESIAN_POINT('',(9.26085648300589,7.88125,6.06812344459068));
#7084=CARTESIAN_POINT('',(17.2722771187482,7.88125,6.06812344459068));
#7085=CARTESIAN_POINT('',(9.10512448130594,7.88125,6.06812344459068));
#7086=CARTESIAN_POINT('',(9.10512448130594,7.83125,5.86812344459068));
#7087=CARTESIAN_POINT('',(8.93095399298615,7.8066727735006,5.76981453859307));
#7088=CARTESIAN_POINT('',(13.1730316169171,5.92778722454399,-1.74572765723337));
#7089=CARTESIAN_POINT('',(9.05890766450515,7.75,5.54312344459068));
#7090=CARTESIAN_POINT('',(17.2722771187482,7.75,5.54312344459068));
#7091=CARTESIAN_POINT('',(8.52914825562372,7.75,5.54312344459068));
#7092=CARTESIAN_POINT('',(8.38075813432457,7.78352272727273,5.67721435368159));
#7093=CARTESIAN_POINT('',(8.58075813432457,7.78352272727273,5.67721435368159));
#7094=CARTESIAN_POINT('',(8.58075813432457,6.4722062483316,0.431948437917101));
#7095=CARTESIAN_POINT('',(8.58075813432457,7.83125,5.86812344459068));
#7096=CARTESIAN_POINT('',(8.38075813432457,7.83125,5.86812344459068));
#7097=CARTESIAN_POINT('',(8.38075813432457,7.88125,6.06812344459068));
#7098=CARTESIAN_POINT('',(17.2722771187482,7.88125,6.06812344459068));
#7099=CARTESIAN_POINT('',(6.59893995250639,7.88125,6.06812344459068));
#7100=CARTESIAN_POINT('',(6.59893995250639,7.83125,5.86812344459068));
#7101=CARTESIAN_POINT('',(6.39893995250639,7.83125,5.86812344459068));
#7102=CARTESIAN_POINT('',(6.39893995250639,6.4722062483316,0.431948437917101));
#7103=CARTESIAN_POINT('',(6.39893995250639,7.78352272727273,5.67721435368159));
#7104=CARTESIAN_POINT('',(6.59893995250639,7.78352272727273,5.67721435368159));
#7105=CARTESIAN_POINT('',(6.45054983120726,7.75,5.54312344459068));
#7106=CARTESIAN_POINT('',(17.2722771187482,7.75,5.54312344459068));
#7107=CARTESIAN_POINT('',(5.81218328250421,7.75,5.54312344459068));
#7108=CARTESIAN_POINT('',(5.81218328250421,7.75,5.54312344459068));
#7109=CARTESIAN_POINT('',(5.65541700588645,7.82388408516129,5.83865978523586));
#7110=CARTESIAN_POINT('',(5.35441605258364,7.88186208925069,6.07057180159345));
#7111=CARTESIAN_POINT('',(5.01186608887003,7.88125,6.06812344459068));
#7112=CARTESIAN_POINT('',(5.01186608887003,7.88125,6.06812344459068));
#7113=CARTESIAN_POINT('',(5.01186608887003,7.88125,6.06812344459068));
#7114=CARTESIAN_POINT('',(4.85085138896016,7.88106469912787,6.06738224110215));
#7115=CARTESIAN_POINT('',(4.52987243779168,7.85609213072603,5.96749196749483));
#7116=CARTESIAN_POINT('',(4.35363882245918,7.78666299612494,5.68977542909045));
#7117=CARTESIAN_POINT('',(4.29786270105914,7.74999999999968,5.54312344458941));
#7118=CARTESIAN_POINT('',(17.2722771187482,8.2,3.14312344459068));
#7119=CARTESIAN_POINT('',(3.66202509759504,8.,3.14312344459068));
#7120=CARTESIAN_POINT('',(3.6620250976013,7.75,3.14312344459501));
#7121=CARTESIAN_POINT('',(17.2722771187482,7.75,3.14312344459068));
#7122=CARTESIAN_POINT('',(4.25724368969136,7.75,3.14312344459068));
#7123=CARTESIAN_POINT('',(4.25724368969136,8.,3.14312344459068));
#7124=CARTESIAN_POINT('',(17.2722771187482,8.2,3.14312344459068));
#7125=CARTESIAN_POINT('',(17.2722771187482,7.75,3.14312344459068));
#7126=CARTESIAN_POINT('',(2.09194295772188,7.75,3.14312344459197));
#7127=CARTESIAN_POINT('',(1.65,7.75,3.14312344459068));
#7128=CARTESIAN_POINT('',(2.09194295772376,8.,3.14312344459068));
#7129=CARTESIAN_POINT('',(1.65,8.2,3.14312344459068));
#7130=CARTESIAN_POINT('',(17.2722771187482,7.03691213068455,0.290771967328865));
#7131=CARTESIAN_POINT('',(3.6620250976013,7.75,3.14312344459501));
#7132=CARTESIAN_POINT('',(3.75529432265405,7.81474890196406,3.40211905245127));
#7133=CARTESIAN_POINT('',(3.78318141463589,7.88212186868498,3.67161091933088));
#7134=CARTESIAN_POINT('',(3.79848164546283,7.94999999999973,3.9431234445899));
#7135=CARTESIAN_POINT('',(3.79848164546287,7.95,3.94312344459067));
#7136=CARTESIAN_POINT('',(17.2722771187482,7.95,3.94312344459067));
#7137=CARTESIAN_POINT('',(4.18700366501508,7.95,3.94312344459067));
#7138=CARTESIAN_POINT('',(4.18700366501508,7.95,3.94312344459067));
#7139=CARTESIAN_POINT('',(4.17610393698941,7.92978506878913,3.86226371974719));
#7140=CARTESIAN_POINT('',(4.17094307975471,7.90948512746296,3.78106395444249));
#7141=CARTESIAN_POINT('',(4.17166722523366,7.88909801136364,3.69951549004522));
#7142=CARTESIAN_POINT('',(4.17166722523366,7.88909801136364,3.69951549004522));
#7143=CARTESIAN_POINT('',(4.17166722523366,7.88909801136364,3.69951549004522));
#7144=CARTESIAN_POINT('',(4.17208447674646,7.84171478006149,3.50998256483662));
#7145=CARTESIAN_POINT('',(4.19348787435007,7.79509103024143,3.32348756555638));
#7146=CARTESIAN_POINT('',(4.25724368969136,7.75,3.14312344459068));
#7147=CARTESIAN_POINT('',(17.2722771187482,7.03691213068455,0.290771967328865));
#7148=CARTESIAN_POINT('',(17.2722771187482,7.95,3.94312344459067));
#7149=CARTESIAN_POINT('',(1.95389429218489,7.95,3.94312344459067));
#7150=CARTESIAN_POINT('',(1.65,7.95,3.94312344459067));
#7151=CARTESIAN_POINT('',(1.95389429218489,7.95,3.94312344459068));
#7152=CARTESIAN_POINT('',(1.96911102299974,7.8820827954993,3.67145462658786));
#7153=CARTESIAN_POINT('',(1.99780863325012,7.81471294906219,3.40197524083944));
#7154=CARTESIAN_POINT('',(2.09194295772329,7.75000000000032,3.14312344459197));
#7155=CARTESIAN_POINT('',(1.65,7.03691213068455,0.290771967328864));
#7156=CARTESIAN_POINT('',(17.2722771187482,8.2,3.94312344459068));
#7157=CARTESIAN_POINT('',(3.79848164546287,8.,3.94312344459067));
#7158=CARTESIAN_POINT('',(3.79848164546287,7.75,3.94312344459067));
#7159=CARTESIAN_POINT('',(17.2722771187482,7.75,3.94312344459068));
#7160=CARTESIAN_POINT('',(4.18700366501508,7.75,3.94312344459067));
#7161=CARTESIAN_POINT('',(4.18700366501508,8.,3.94312344459067));
#7162=CARTESIAN_POINT('',(17.2722771187482,8.2,3.94312344459068));
#7163=CARTESIAN_POINT('',(17.2722771187482,7.75,3.94312344459068));
#7164=CARTESIAN_POINT('',(1.95389429218489,7.75,3.94312344459067));
#7165=CARTESIAN_POINT('',(1.65,7.75,3.94312344459067));
#7166=CARTESIAN_POINT('',(1.95389429218489,8.,3.94312344459067));
#7167=CARTESIAN_POINT('',(1.65,8.2,3.94312344459067));
#7168=CARTESIAN_POINT('',(17.2722771187482,6.8486768365669,0.337830790858276));
#7169=CARTESIAN_POINT('',(3.79848164546287,7.75,3.94312344459067));
#7170=CARTESIAN_POINT('',(3.80520044213166,7.77980735177328,4.0623528516838));
#7171=CARTESIAN_POINT('',(3.80944673637056,7.80963022340082,4.18164433819396));
#7172=CARTESIAN_POINT('',(3.8080308615973,7.83948863636364,4.30107799004522));
#7173=CARTESIAN_POINT('',(3.8080308615973,7.83948863636364,4.30107799004522));
#7174=CARTESIAN_POINT('',(3.8080308615973,7.83948863636364,4.30107799004522));
#7175=CARTESIAN_POINT('',(3.80782298927266,7.87636668722771,4.44859019350151));
#7176=CARTESIAN_POINT('',(3.80341420430964,7.91321007154069,4.59596373075344));
#7177=CARTESIAN_POINT('',(3.79252760819272,7.95,4.74312344459068));
#7178=CARTESIAN_POINT('',(3.79252760819272,7.95,4.74312344459068));
#7179=CARTESIAN_POINT('',(17.2722771187482,7.95,4.74312344459068));
#7180=CARTESIAN_POINT('',(4.64923077068413,7.95,4.74312344459068));
#7181=CARTESIAN_POINT('',(4.64923077068412,7.95,4.74312344459068));
#7182=CARTESIAN_POINT('',(4.36916820382138,7.9076434121722,4.57369709327948));
#7183=CARTESIAN_POINT('',(4.22934738195371,7.82853180614926,4.25725066918771));
#7184=CARTESIAN_POINT('',(4.18700366501509,7.75,3.94312344459068));
#7185=CARTESIAN_POINT('',(17.2722771187482,6.8486768365669,0.337830790858276));
#7186=CARTESIAN_POINT('',(1.96021818189827,7.95,4.74312344459068));
#7187=CARTESIAN_POINT('',(1.9491013421536,7.91261945242007,4.59360125427095));
#7188=CARTESIAN_POINT('',(1.9446057738552,7.87518401766795,4.44385951526249));
#7189=CARTESIAN_POINT('',(1.94439449796094,7.83771306818182,4.29397571731795));
#7190=CARTESIAN_POINT('',(1.96021818189829,7.95,4.74312344459091));
#7191=CARTESIAN_POINT('',(1.94439449796094,7.83771306818182,4.29397571731795));
#7192=CARTESIAN_POINT('',(1.94439449796094,7.83771306818182,4.29397571731795));
#7193=CARTESIAN_POINT('',(1.94458299492303,7.80845640559539,4.17694906697224));
#7194=CARTESIAN_POINT('',(1.94734846252421,7.77921616063823,4.05998808714357));
#7195=CARTESIAN_POINT('',(1.95389429218489,7.75,3.94312344459067));
#7196=CARTESIAN_POINT('',(1.65,6.8486768365669,0.337830790858275));
#7197=CARTESIAN_POINT('',(1.65,7.95,4.74312344459068));
#7198=CARTESIAN_POINT('',(17.2722771187482,7.95,4.74312344459068));
#7199=CARTESIAN_POINT('',(17.2722771187482,8.2,4.74312344459068));
#7200=CARTESIAN_POINT('',(3.79252760819272,8.,4.74312344459068));
#7201=CARTESIAN_POINT('',(3.79252760819272,7.75,4.74312344459068));
#7202=CARTESIAN_POINT('',(17.2722771187482,7.75,4.74312344459068));
#7203=CARTESIAN_POINT('',(4.64923077068413,7.75,4.74312344459068));
#7204=CARTESIAN_POINT('',(4.64923077068413,8.,4.74312344459068));
#7205=CARTESIAN_POINT('',(17.2722771187482,8.2,4.74312344459068));
#7206=CARTESIAN_POINT('',(17.2722771187482,7.75,4.74312344459068));
#7207=CARTESIAN_POINT('',(1.96021818189827,7.75,4.74312344459068));
#7208=CARTESIAN_POINT('',(1.65,7.75,4.74312344459068));
#7209=CARTESIAN_POINT('',(1.96021818189829,8.,4.74312344459091));
#7210=CARTESIAN_POINT('',(1.65,8.2,4.74312344459068));
#7211=CARTESIAN_POINT('',(17.2722771187482,6.66044154244925,0.384889614387689));
#7212=CARTESIAN_POINT('',(3.79252760819272,7.75,4.74312344459068));
#7213=CARTESIAN_POINT('',(3.77225239758595,7.81851761018034,5.01719388531204));
#7214=CARTESIAN_POINT('',(3.73823962830071,7.88634373023321,5.28849836552352));
#7215=CARTESIAN_POINT('',(3.62138610575807,7.94999999999963,5.54312344458919));
#7216=CARTESIAN_POINT('',(3.62138610575739,7.95,5.54312344459068));
#7217=CARTESIAN_POINT('',(17.2722771187482,7.95,5.54312344459068));
#7218=CARTESIAN_POINT('',(4.29786270105962,7.95,5.54312344459068));
#7219=CARTESIAN_POINT('',(4.29786270105838,7.95,5.54312344458983));
#7220=CARTESIAN_POINT('',(4.25619109160394,7.92260824087209,5.43355640807819));
#7221=CARTESIAN_POINT('',(4.23211830193531,7.89422916893443,5.32004012032834));
#7222=CARTESIAN_POINT('',(4.21712177068821,7.86534090909092,5.20448708095431));
#7223=CARTESIAN_POINT('',(4.21712177068821,7.86534090909091,5.20448708095431));
#7224=CARTESIAN_POINT('',(17.7270179293263,7.30242856914765,2.95283772118129));
#7225=CARTESIAN_POINT('',(4.76257631614275,7.84261363636364,5.11357799004522));
#7226=CARTESIAN_POINT('',(4.76257631614275,7.84261363636364,5.11357799004522));
#7227=CARTESIAN_POINT('',(4.77121634629398,7.86575320235524,5.20613625401161));
#7228=CARTESIAN_POINT('',(4.79537091134244,7.91370211620935,5.39793190942811));
#7229=CARTESIAN_POINT('',(4.96520797954441,7.94524629638207,5.52410863011897));
#7230=CARTESIAN_POINT('',(5.06229222523366,7.94488636363636,5.52266889913613));
#7231=CARTESIAN_POINT('',(5.06229222523366,7.94488636363636,5.52266889913613));
#7232=CARTESIAN_POINT('',(5.06229222523366,7.94488636363636,5.52266889913613));
#7233=CARTESIAN_POINT('',(5.14607573095382,7.94534162820279,5.52448995740185));
#7234=CARTESIAN_POINT('',(5.29984515228244,7.92339772434749,5.43671434198065));
#7235=CARTESIAN_POINT('',(5.44087938007494,7.84959323144919,5.14149637038749));
#7236=CARTESIAN_POINT('',(5.46314989861388,7.78971306714658,4.90197571317702));
#7237=CARTESIAN_POINT('',(5.47676333760276,7.75,4.74312344459069));
#7238=CARTESIAN_POINT('',(5.47676333760276,7.75,4.74312344459068));
#7239=CARTESIAN_POINT('',(17.2722771187482,7.75,4.74312344459068));
#7240=CARTESIAN_POINT('',(5.30184010759594,7.75,4.74312344459068));
#7241=CARTESIAN_POINT('',(5.30184010759594,7.75,4.74312344459068));
#7242=CARTESIAN_POINT('',(5.21207639400743,7.76603819099873,4.8072762085856));
#7243=CARTESIAN_POINT('',(5.10294435577625,7.77387502574793,4.83862354757785));
#7244=CARTESIAN_POINT('',(4.99197972523366,7.77443181818292,4.84085071731782));
#7245=CARTESIAN_POINT('',(4.99197972523366,7.77443181818182,4.84085071731795));
#7246=CARTESIAN_POINT('',(4.99197972523366,7.77443181818182,4.84085071731795));
#7247=CARTESIAN_POINT('',(4.87081276130483,7.77397870845856,4.83903827842491));
#7248=CARTESIAN_POINT('',(4.75257328098299,7.76562949306054,4.80564141683282));
#7249=CARTESIAN_POINT('',(4.64923077068413,7.75,4.74312344459068));
#7250=CARTESIAN_POINT('',(17.2722771187482,6.66044154244925,0.384889614387689));
#7251=CARTESIAN_POINT('',(17.2722771187482,7.95,5.54312344459068));
#7252=CARTESIAN_POINT('',(2.13107500943911,7.95,5.54312344459068));
#7253=CARTESIAN_POINT('',(1.65,7.95,5.54312344459068));
#7254=CARTESIAN_POINT('',(2.13107500943695,7.95,5.54312344458924));
#7255=CARTESIAN_POINT('',(2.01566506966458,7.88685879400525,5.29055862061025));
#7256=CARTESIAN_POINT('',(1.9805532093767,7.81837684796352,5.01663083644475));
#7257=CARTESIAN_POINT('',(1.96021818189827,7.75,4.74312344459068));
#7258=CARTESIAN_POINT('',(1.65,6.66044154244925,0.384889614387687));
#7259=CARTESIAN_POINT('',(17.2722771187482,8.2,5.54312344459068));
#7260=CARTESIAN_POINT('',(3.62138610575739,8.,5.54312344459068));
#7261=CARTESIAN_POINT('',(4.29786270105962,8.,5.54312344459068));
#7262=CARTESIAN_POINT('',(17.2722771187482,8.2,5.54312344459068));
#7263=CARTESIAN_POINT('',(2.13107500943911,8.,5.54312344459068));
#7264=CARTESIAN_POINT('',(1.65,8.2,5.54312344459068));
#7265=CARTESIAN_POINT('',(17.2722771187482,8.2,3.14312344459068));
#7266=CARTESIAN_POINT('',(5.87179033642862,8.,3.14312344459068));
#7267=CARTESIAN_POINT('',(5.87179033642932,7.75,3.14312344459116));
#7268=CARTESIAN_POINT('',(17.2722771187482,7.75,3.14312344459068));
#7269=CARTESIAN_POINT('',(7.21712177068821,7.75,3.14312344459068));
#7270=CARTESIAN_POINT('',(7.21712177068821,8.2,3.14312344459068));
#7271=CARTESIAN_POINT('',(17.2722771187482,7.03691213068455,0.290771967328865));
#7272=CARTESIAN_POINT('',(5.87179033642932,7.75,3.14312344459116));
#7273=CARTESIAN_POINT('',(5.97381847208367,7.81408605440161,3.39946766219762));
#7274=CARTESIAN_POINT('',(6.00924725480441,7.88182050151531,3.67040545065191));
#7275=CARTESIAN_POINT('',(6.02577995812726,7.95,3.94312344459068));
#7276=CARTESIAN_POINT('',(6.02577995812726,7.95,3.94312344459068));
#7277=CARTESIAN_POINT('',(17.2722771187482,7.95,3.94312344459067));
#7278=CARTESIAN_POINT('',(7.21712177068821,7.95,3.94312344459067));
#7279=CARTESIAN_POINT('',(7.21712177068821,7.03691213068455,0.290771967328865));
#7280=CARTESIAN_POINT('',(17.2722771187482,8.2,3.94312344459068));
#7281=CARTESIAN_POINT('',(6.02577995812726,8.,3.94312344459068));
#7282=CARTESIAN_POINT('',(6.02577995812726,7.75,3.94312344459067));
#7283=CARTESIAN_POINT('',(17.2722771187482,7.75,3.94312344459068));
#7284=CARTESIAN_POINT('',(7.21712177068821,7.75,3.94312344459068));
#7285=CARTESIAN_POINT('',(7.21712177068821,8.2,3.94312344459067));
#7286=CARTESIAN_POINT('',(17.2722771187482,6.8486768365669,0.337830790858276));
#7287=CARTESIAN_POINT('',(6.02577995812726,7.75,3.94312344459067));
#7288=CARTESIAN_POINT('',(6.03249081624904,7.77767502280989,4.05382353583023));
#7289=CARTESIAN_POINT('',(6.03530961144992,7.80537628480061,4.16462858379312));
#7290=CARTESIAN_POINT('',(6.03530358887003,7.83309659090909,4.27550980822704));
#7291=CARTESIAN_POINT('',(6.03530358887003,7.83309659090909,4.27550980822704));
#7292=CARTESIAN_POINT('',(6.03530358887003,7.83309659090909,4.27550980822704));
#7293=CARTESIAN_POINT('',(6.03532216800424,7.87213125507872,4.43164846490557));
#7294=CARTESIAN_POINT('',(6.0301602862754,7.91111394698111,4.58757923251513));
#7295=CARTESIAN_POINT('',(6.01536569117109,7.95,4.74312344459068));
#7296=CARTESIAN_POINT('',(6.01536569117109,7.95,4.74312344459068));
#7297=CARTESIAN_POINT('',(17.2722771187482,7.95,4.74312344459068));
#7298=CARTESIAN_POINT('',(7.21712177068821,7.95,4.74312344459068));
#7299=CARTESIAN_POINT('',(7.21712177068821,6.8486768365669,0.337830790858276));
#7300=CARTESIAN_POINT('',(17.2722771187482,6.8486768365669,0.337830790858276));
#7301=CARTESIAN_POINT('',(5.47676333760276,7.95,4.74312344459068));
#7302=CARTESIAN_POINT('',(5.48244524470232,7.93342476443898,4.67682250234659));
#7303=CARTESIAN_POINT('',(5.486501165386,7.91682438977475,4.61042100368965));
#7304=CARTESIAN_POINT('',(5.48984904341548,7.90021306818182,4.54397571731795));
#7305=CARTESIAN_POINT('',(5.47676333760275,7.95,4.74312344459071));
#7306=CARTESIAN_POINT('',(5.48984904341548,7.90021306818182,4.54397571731795));
#7307=CARTESIAN_POINT('',(5.48984904341548,7.90021306818182,4.54397571731795));
#7308=CARTESIAN_POINT('',(5.43807944871094,7.91922997932451,4.62004336188871));
#7309=CARTESIAN_POINT('',(5.37797860867089,7.93639624115448,4.68870840920858));
#7310=CARTESIAN_POINT('',(5.30184010759594,7.95,4.74312344459068));
#7311=CARTESIAN_POINT('',(5.30184010759593,7.95,4.74312344459068));
#7312=CARTESIAN_POINT('',(17.2722771187482,7.95,4.74312344459068));
#7313=CARTESIAN_POINT('',(17.2722771187482,8.2,4.74312344459068));
#7314=CARTESIAN_POINT('',(6.01536569117109,8.,4.74312344459068));
#7315=CARTESIAN_POINT('',(6.01536569117109,7.75,4.74312344459068));
#7316=CARTESIAN_POINT('',(17.2722771187482,7.75,4.74312344459068));
#7317=CARTESIAN_POINT('',(7.21712177068821,7.75,4.74312344459068));
#7318=CARTESIAN_POINT('',(7.21712177068821,8.2,4.74312344459068));
#7319=CARTESIAN_POINT('',(17.2722771187482,8.2,4.74312344459068));
#7320=CARTESIAN_POINT('',(5.30184010759593,8.,4.74312344459068));
#7321=CARTESIAN_POINT('',(5.47676333760275,8.,4.74312344459071));
#7322=CARTESIAN_POINT('',(17.2722771187482,6.66044154244925,0.384889614387689));
#7323=CARTESIAN_POINT('',(6.01536569117109,7.75,4.74312344459068));
#7324=CARTESIAN_POINT('',(5.98905990897968,7.81914200731658,5.019691473857));
#7325=CARTESIAN_POINT('',(5.94533955439938,7.8872433279379,5.29209675634229));
#7326=CARTESIAN_POINT('',(5.81218328250421,7.95,5.54312344459068));
#7327=CARTESIAN_POINT('',(5.81218328250421,7.95,5.54312344459068));
#7328=CARTESIAN_POINT('',(17.2722771187482,7.95,5.54312344459068));
#7329=CARTESIAN_POINT('',(6.45054983120725,7.95,5.54312344459068));
#7330=CARTESIAN_POINT('',(6.59893995250639,7.98352272727273,5.67721435368159));
#7331=CARTESIAN_POINT('',(6.59893995250639,7.93352272727273,5.47721435368159));
#7332=CARTESIAN_POINT('',(17.2722771187482,7.93352272727273,5.47721435368159));
#7333=CARTESIAN_POINT('',(7.21712177068821,7.93352272727273,5.47721435368159));
#7334=CARTESIAN_POINT('',(7.21712177068821,6.66044154244925,0.384889614387689));
#7335=CARTESIAN_POINT('',(17.2722771187482,8.2,5.54312344459068));
#7336=CARTESIAN_POINT('',(5.81218328250421,8.,5.54312344459068));
#7337=CARTESIAN_POINT('',(6.45054983120725,8.,5.54312344459068));
#7338=CARTESIAN_POINT('',(17.2722771187482,8.2,3.14312344459068));
#7339=CARTESIAN_POINT('',(11.028834650358,8.2,3.14312344459068));
#7340=CARTESIAN_POINT('',(11.028834650358,7.75,3.14312344459068));
#7341=CARTESIAN_POINT('',(17.2722771187482,7.75,3.14312344459068));
#7342=CARTESIAN_POINT('',(11.65,7.75,3.14312344459068));
#7343=CARTESIAN_POINT('',(11.65,8.2,3.14312344459068));
#7344=CARTESIAN_POINT('',(17.2722771187482,8.2,3.14312344459068));
#7345=CARTESIAN_POINT('',(17.2722771187482,7.75,3.14312344459068));
#7346=CARTESIAN_POINT('',(10.4143320795331,7.75,3.14312344459068));
#7347=CARTESIAN_POINT('',(9.61121327588373,7.75,3.14312344459068));
#7348=CARTESIAN_POINT('',(10.4143320795331,8.2,3.14312344459068));
#7349=CARTESIAN_POINT('',(9.61121327588373,8.2,3.14312344459068));
#7350=CARTESIAN_POINT('',(17.2722771187482,8.2,3.14312344459068));
#7351=CARTESIAN_POINT('',(17.2722771187482,7.75,3.14312344459068));
#7352=CARTESIAN_POINT('',(8.99631798192749,7.75,3.14312344459068));
#7353=CARTESIAN_POINT('',(7.76257631614276,7.75,3.14312344459068));
#7354=CARTESIAN_POINT('',(8.99631798192749,8.2,3.14312344459068));
#7355=CARTESIAN_POINT('',(7.76257631614276,8.2,3.14312344459068));
#7356=CARTESIAN_POINT('',(17.2722771187482,7.03691213068455,0.290771967328865));
#7357=CARTESIAN_POINT('',(13.7085381437662,6.56347149441357,-1.60299057775504));
#7358=CARTESIAN_POINT('',(10.5771466410449,7.95,3.94312344459067));
#7359=CARTESIAN_POINT('',(17.2722771187482,7.95,3.94312344459067));
#7360=CARTESIAN_POINT('',(11.65,7.95,3.94312344459067));
#7361=CARTESIAN_POINT('',(11.65,7.03691213068455,0.290771967328865));
#7362=CARTESIAN_POINT('',(17.2722771187482,7.03691213068455,0.290771967328865));
#7363=CARTESIAN_POINT('',(10.1394875891905,7.98402758840475,4.07923379820968));
#7364=CARTESIAN_POINT('',(10.0125763161427,7.92780539772727,3.85434503549977));
#7365=CARTESIAN_POINT('',(13.2373458630893,6.50061633381715,-1.8544112201407));
#7366=CARTESIAN_POINT('',(17.2722771187482,7.03691213068455,0.290771967328865));
#7367=CARTESIAN_POINT('',(17.2722771187482,7.95,3.94312344459067));
#7368=CARTESIAN_POINT('',(9.44800599124065,7.95,3.94312344459067));
#7369=CARTESIAN_POINT('',(7.76257631614276,7.95,3.94312344459067));
#7370=CARTESIAN_POINT('',(9.66752430678178,8.04719908920094,4.33191980139445));
#7371=CARTESIAN_POINT('',(7.76257631614276,7.03691213068455,0.290771967328865));
#7372=CARTESIAN_POINT('',(17.2722771187482,8.2,3.94312344459068));
#7373=CARTESIAN_POINT('',(10.5771466410449,8.2,3.94312344459067));
#7374=CARTESIAN_POINT('',(10.5771466410449,7.75,3.94312344459067));
#7375=CARTESIAN_POINT('',(17.2722771187482,7.75,3.94312344459068));
#7376=CARTESIAN_POINT('',(11.65,7.75,3.94312344459067));
#7377=CARTESIAN_POINT('',(11.65,8.2,3.94312344459067));
#7378=CARTESIAN_POINT('',(17.2722771187482,8.2,3.94312344459068));
#7379=CARTESIAN_POINT('',(17.2722771187482,7.75,3.94312344459068));
#7380=CARTESIAN_POINT('',(9.44800599124065,7.75,3.94312344459067));
#7381=CARTESIAN_POINT('',(7.76257631614276,7.75,3.94312344459068));
#7382=CARTESIAN_POINT('',(9.44800599124065,8.2,3.94312344459067));
#7383=CARTESIAN_POINT('',(7.76257631614276,8.2,3.94312344459067));
#7384=CARTESIAN_POINT('',(17.2722771187482,6.8486768365669,0.337830790858276));
#7385=CARTESIAN_POINT('',(13.688100282274,6.37252104236297,-1.56679238595745));
#7386=CARTESIAN_POINT('',(10.3201047252337,7.86381392045455,4.39837912640886));
#7387=CARTESIAN_POINT('',(10.1606155149979,7.79317354116587,4.11581760925414));
#7388=CARTESIAN_POINT('',(10.5146924369424,7.95,4.74312344459068));
#7389=CARTESIAN_POINT('',(17.2722771187482,7.95,4.74312344459068));
#7390=CARTESIAN_POINT('',(11.65,7.95,4.74312344459068));
#7391=CARTESIAN_POINT('',(11.65,6.8486768365669,0.337830790858276));
#7392=CARTESIAN_POINT('',(17.2722771187482,6.8486768365669,0.337830790858276));
#7393=CARTESIAN_POINT('',(13.213900736969,6.30968562295356,-1.81813406359507));
#7394=CARTESIAN_POINT('',(9.51046019534309,7.95,4.74312344459068));
#7395=CARTESIAN_POINT('',(9.70504790705184,7.86381392045454,4.39837912640886));
#7396=CARTESIAN_POINT('',(9.68796216827401,7.85624863715034,4.36811799319204));
#7397=CARTESIAN_POINT('',(7.76257631614276,6.8486768365669,0.337830790858276));
#7398=CARTESIAN_POINT('',(7.76257631614276,7.95,4.74312344459068));
#7399=CARTESIAN_POINT('',(17.2722771187482,7.95,4.74312344459068));
#7400=CARTESIAN_POINT('',(17.2722771187482,8.2,4.74312344459068));
#7401=CARTESIAN_POINT('',(10.5146924369424,8.2,4.74312344459068));
#7402=CARTESIAN_POINT('',(10.5146924369424,7.75,4.74312344459068));
#7403=CARTESIAN_POINT('',(17.2722771187482,7.75,4.74312344459068));
#7404=CARTESIAN_POINT('',(11.65,7.75,4.74312344459068));
#7405=CARTESIAN_POINT('',(11.65,8.2,4.74312344459068));
#7406=CARTESIAN_POINT('',(17.2722771187482,8.2,4.74312344459068));
#7407=CARTESIAN_POINT('',(17.2722771187482,7.75,4.74312344459068));
#7408=CARTESIAN_POINT('',(9.51046019534309,7.75,4.74312344459068));
#7409=CARTESIAN_POINT('',(7.76257631614276,7.75,4.74312344459068));
#7410=CARTESIAN_POINT('',(9.51046019534309,8.2,4.74312344459068));
#7411=CARTESIAN_POINT('',(7.76257631614276,8.2,4.74312344459068));
#7412=CARTESIAN_POINT('',(17.2722771187482,6.66044154244925,0.384889614387689));
#7413=CARTESIAN_POINT('',(10.1810500750238,7.60222434196108,4.152020812435));
#7414=CARTESIAN_POINT('',(10.9662449677804,7.95,5.54312344459068));
#7415=CARTESIAN_POINT('',(17.2722771187482,7.95,5.54312344459068));
#7416=CARTESIAN_POINT('',(11.65,7.95,5.54312344459068));
#7417=CARTESIAN_POINT('',(11.65,6.66044154244925,0.384889614387689));
#7418=CARTESIAN_POINT('',(17.2722771187482,6.66044154244925,0.384889614387689));
#7419=CARTESIAN_POINT('',(17.2722771187482,7.95,5.54312344459068));
#7420=CARTESIAN_POINT('',(9.05890766450515,7.95,5.54312344459068));
#7421=CARTESIAN_POINT('',(8.52914825562371,7.95,5.54312344459068));
#7422=CARTESIAN_POINT('',(13.193466176943,6.11873642374878,-1.78193086041422));
#7423=CARTESIAN_POINT('',(7.76257631614276,6.66044154244925,0.384889614387689));
#7424=CARTESIAN_POINT('',(7.76257631614276,7.93352272727273,5.47721435368159));
#7425=CARTESIAN_POINT('',(17.2722771187482,7.93352272727273,5.47721435368159));
#7426=CARTESIAN_POINT('',(8.38075813432457,7.93352272727273,5.47721435368159));
#7427=CARTESIAN_POINT('',(8.38075813432457,7.98352272727273,5.67721435368159));
#7428=CARTESIAN_POINT('',(17.2722771187482,6.66044154244925,0.384889614387689));
#7429=CARTESIAN_POINT('',(9.70948181707911,7.66589338365452,4.40669697920876));
#7430=CARTESIAN_POINT('',(10.3515914676579,7.95,5.54312344459068));
#7431=CARTESIAN_POINT('',(10.0125763161428,7.8,4.94312344459068));
#7432=CARTESIAN_POINT('',(13.6662984997117,6.1815727240567,-1.53058565918252));
#7433=CARTESIAN_POINT('',(9.67393995250639,7.95,5.54312344459068));
#7434=CARTESIAN_POINT('',(17.2722771187482,7.95,5.54312344459068));
#7435=CARTESIAN_POINT('',(17.2722771187482,8.2,5.54312344459068));
#7436=CARTESIAN_POINT('',(10.9662449677804,8.2,5.54312344459068));
#7437=CARTESIAN_POINT('',(11.65,8.2,5.54312344459068));
#7438=CARTESIAN_POINT('',(17.2722771187482,8.2,5.54312344459068));
#7439=CARTESIAN_POINT('',(9.05890766450515,8.2,5.54312344459068));
#7440=CARTESIAN_POINT('',(8.52914825562371,8.,5.54312344459068));
#7441=CARTESIAN_POINT('',(17.2722771187482,8.2,5.54312344459068));
#7442=CARTESIAN_POINT('',(9.67393995250639,8.2,5.54312344459068));
#7443=CARTESIAN_POINT('',(10.3515914676579,8.2,5.54312344459068));
#7444=CARTESIAN_POINT('',(12.8,8.2,16.2));
#7445=CARTESIAN_POINT('',(12.8,8.2,0.));
#7446=CARTESIAN_POINT('',(12.8,8.2,0.));
#7447=CARTESIAN_POINT('',(0.,8.2,0.));
#7448=CARTESIAN_POINT('',(0.,8.2,16.2));
#7449=CARTESIAN_POINT('',(0.,8.2,16.2));
#7450=CARTESIAN_POINT('',(12.8,8.2,16.2));
#7451=CARTESIAN_POINT('',(12.8,8.2,16.2));
#7452=CARTESIAN_POINT('',(12.8,8.2,16.2));
#7453=CARTESIAN_POINT('',(1.75,8.2,1.64312344459068));
#7454=CARTESIAN_POINT('',(1.65,8.2,1.64312344459068));
#7455=CARTESIAN_POINT('',(1.75,8.2,1.54312344459067));
#7456=CARTESIAN_POINT('',(1.75,8.2,1.54312344459067));
#7457=CARTESIAN_POINT('',(11.55,8.2,1.54312344459067));
#7458=CARTESIAN_POINT('',(11.55,8.2,1.64312344459068));
#7459=CARTESIAN_POINT('',(11.65,8.2,1.64312344459068));
#7460=CARTESIAN_POINT('',(11.65,8.2,6.99312344459068));
#7461=CARTESIAN_POINT('',(11.65,8.2,6.99312344459068));
#7462=CARTESIAN_POINT('',(11.55,8.2,6.99312344459068));
#7463=CARTESIAN_POINT('',(11.55,8.2,7.09312344459068));
#7464=CARTESIAN_POINT('',(1.75,8.2,7.09312344459068));
#7465=CARTESIAN_POINT('',(1.75,8.2,7.09312344459068));
#7466=CARTESIAN_POINT('',(1.75,8.2,6.99312344459068));
#7467=CARTESIAN_POINT('',(1.65,8.2,6.99312344459068));
#7468=CARTESIAN_POINT('',(1.65,8.2,6.99312344459068));
#7469=CARTESIAN_POINT('',(12.5130187253375,7.45,6.8));
#7470=CARTESIAN_POINT('',(0.75,7.45,6.8));
#7471=CARTESIAN_POINT('',(0.75,7.45,6.8));
#7472=CARTESIAN_POINT('',(0.75,7.45,16.2));
#7473=CARTESIAN_POINT('',(12.5130187253375,7.45,6.8));
#7474=CARTESIAN_POINT('',(12.5130187253375,7.45,6.8));
#7475=CARTESIAN_POINT('',(12.5130187253375,7.45,6.8));
#7476=CARTESIAN_POINT('',(12.5130187253375,7.45,16.2));
#7477=CARTESIAN_POINT('',(12.5130187253375,7.45,16.2));
#7478=CARTESIAN_POINT('',(15.7,2.6,16.2));
#7479=CARTESIAN_POINT('',(15.7,2.6,0.));
#7480=CARTESIAN_POINT('',(15.7,2.6,0.));
#7481=CARTESIAN_POINT('',(15.7,5.6,0.));
#7482=CARTESIAN_POINT('',(15.7,5.6,16.2));
#7483=CARTESIAN_POINT('',(15.7,5.6,16.2));
#7484=CARTESIAN_POINT('',(15.7,2.6,16.2));
#7485=CARTESIAN_POINT('',(15.7,2.6,16.2));
#7486=CARTESIAN_POINT('',(15.7,2.6,16.2));
#7487=CARTESIAN_POINT('',(0.,8.2,16.2));
#7488=CARTESIAN_POINT('',(0.,8.2,0.));
#7489=CARTESIAN_POINT('',(0.,0.,0.));
#7490=CARTESIAN_POINT('',(0.,0.,16.2));
#7491=CARTESIAN_POINT('',(0.,0.,16.2));
#7492=CARTESIAN_POINT('',(0.,8.2,16.2));
#7493=CARTESIAN_POINT('',(0.,3.,3.));
#7494=CARTESIAN_POINT('',(0.,3.,2.9));
#7495=CARTESIAN_POINT('',(0.,2.9,3.));
#7496=CARTESIAN_POINT('',(0.,3.75,2.9));
#7497=CARTESIAN_POINT('',(0.,3.75,2.9));
#7498=CARTESIAN_POINT('',(0.,3.75,2.8));
#7499=CARTESIAN_POINT('',(0.,3.85,2.8));
#7500=CARTESIAN_POINT('',(0.,3.85,2.8));
#7501=CARTESIAN_POINT('',(0.,3.85,2.05));
#7502=CARTESIAN_POINT('',(0.,3.95,2.05));
#7503=CARTESIAN_POINT('',(0.,3.95,1.95));
#7504=CARTESIAN_POINT('',(0.,4.25,1.95));
#7505=CARTESIAN_POINT('',(0.,4.25,1.95));
#7506=CARTESIAN_POINT('',(0.,4.25,2.05));
#7507=CARTESIAN_POINT('',(0.,4.35,2.05));
#7508=CARTESIAN_POINT('',(0.,4.35,2.8));
#7509=CARTESIAN_POINT('',(0.,4.35,2.8));
#7510=CARTESIAN_POINT('',(0.,4.45,2.8));
#7511=CARTESIAN_POINT('',(0.,4.45,2.9));
#7512=CARTESIAN_POINT('',(0.,5.2,2.9));
#7513=CARTESIAN_POINT('',(0.,5.2,2.9));
#7514=CARTESIAN_POINT('',(0.,5.2,3.));
#7515=CARTESIAN_POINT('',(0.,5.3,3.));
#7516=CARTESIAN_POINT('',(0.,5.3,3.3));
#7517=CARTESIAN_POINT('',(0.,5.3,3.3));
#7518=CARTESIAN_POINT('',(0.,5.2,3.3));
#7519=CARTESIAN_POINT('',(0.,5.2,3.4));
#7520=CARTESIAN_POINT('',(0.,5.2,3.4));
#7521=CARTESIAN_POINT('',(0.,4.45,3.4));
#7522=CARTESIAN_POINT('',(0.,4.45,3.5));
#7523=CARTESIAN_POINT('',(0.,4.35,3.5));
#7524=CARTESIAN_POINT('',(0.,4.35,4.25));
#7525=CARTESIAN_POINT('',(0.,4.35,4.25));
#7526=CARTESIAN_POINT('',(0.,4.25,4.25));
#7527=CARTESIAN_POINT('',(0.,4.25,4.35));
#7528=CARTESIAN_POINT('',(0.,4.25,4.35));
#7529=CARTESIAN_POINT('',(0.,3.95,4.35));
#7530=CARTESIAN_POINT('',(0.,3.95,4.25));
#7531=CARTESIAN_POINT('',(0.,3.85,4.25));
#7532=CARTESIAN_POINT('',(0.,3.85,4.25));
#7533=CARTESIAN_POINT('',(0.,3.85,3.5));
#7534=CARTESIAN_POINT('',(0.,3.75,3.5));
#7535=CARTESIAN_POINT('',(0.,3.75,3.4));
#7536=CARTESIAN_POINT('',(0.,3.75,3.4));
#7537=CARTESIAN_POINT('',(0.,3.,3.4));
#7538=CARTESIAN_POINT('',(0.,3.,3.3));
#7539=CARTESIAN_POINT('',(0.,2.9,3.3));
#7540=CARTESIAN_POINT('',(0.,2.9,3.3));
#7541=CARTESIAN_POINT('',(0.75,0.75,6.8));
#7542=CARTESIAN_POINT('',(0.75,0.75,6.8));
#7543=CARTESIAN_POINT('',(8.7,0.75,6.8));
#7544=CARTESIAN_POINT('',(12.5130187253375,0.75,6.8));
#7545=CARTESIAN_POINT('',(8.7,0.75,14.8));
#7546=CARTESIAN_POINT('',(8.7,0.75,14.8));
#7547=CARTESIAN_POINT('',(7.1,0.75,14.8));
#7548=CARTESIAN_POINT('',(7.1,0.75,14.8));
#7549=CARTESIAN_POINT('',(7.1,0.75,14.8));
#7550=CARTESIAN_POINT('',(7.1,0.75,6.8));
#7551=CARTESIAN_POINT('',(0.75,0.75,6.8));
#7552=CARTESIAN_POINT('',(0.75,0.75,6.8));
#7553=CARTESIAN_POINT('',(0.75,0.75,6.8));
#7554=CARTESIAN_POINT('',(0.75,0.75,16.2));
#7555=CARTESIAN_POINT('',(0.75,0.75,16.2));
#7556=CARTESIAN_POINT('',(12.5130187253375,0.75,16.2));
#7557=CARTESIAN_POINT('',(12.5130187253375,0.75,6.8));
#7558=CARTESIAN_POINT('',(0.,0.,6.8));
#7559=CARTESIAN_POINT('',(4.25,4.1,6.8));
#7560=CARTESIAN_POINT('',(6.4,4.1,6.8));
#7561=CARTESIAN_POINT('',(11.35,4.1,6.8));
#7562=CARTESIAN_POINT('',(13.5,4.1,6.8));
#7563=CARTESIAN_POINT('',(8.7,1.75,6.8));
#7564=CARTESIAN_POINT('',(8.7,1.75,6.8));
#7565=CARTESIAN_POINT('',(8.7,6.45,6.8));
#7566=CARTESIAN_POINT('',(8.7,1.75,6.8));
#7567=CARTESIAN_POINT('',(7.1,1.75,6.8));
#7568=CARTESIAN_POINT('',(7.1,1.75,6.8));
#7569=CARTESIAN_POINT('',(7.1,6.45,6.8));
#7570=CARTESIAN_POINT('',(8.7,6.45,6.8));
#7571=CARTESIAN_POINT('',(7.1,1.66,6.8));
#7572=CARTESIAN_POINT('',(7.1,1.66,6.8));
#7573=CARTESIAN_POINT('',(7.1,1.66,6.8));
#7574=CARTESIAN_POINT('',(8.7,1.66,6.8));
#7575=CARTESIAN_POINT('',(8.7,1.66,6.8));
#7576=CARTESIAN_POINT('',(12.5130187253375,0.75,6.8));
#7577=CARTESIAN_POINT('',(14.95,2.93487976349054,6.8));
#7578=CARTESIAN_POINT('',(14.95,2.93487976349054,6.8));
#7579=CARTESIAN_POINT('',(14.95,5.26512023650946,6.8));
#7580=CARTESIAN_POINT('',(14.95,5.26512023650946,6.8));
#7581=CARTESIAN_POINT('',(0.75,7.45,6.8));
#7582=CARTESIAN_POINT('',(0.,0.,16.2));
#7583=CARTESIAN_POINT('',(0.,0.,0.));
#7584=CARTESIAN_POINT('',(12.8,0.,0.));
#7585=CARTESIAN_POINT('',(12.8,0.,16.2));
#7586=CARTESIAN_POINT('',(12.8,0.,16.2));
#7587=CARTESIAN_POINT('',(0.,0.,16.2));
#7588=CARTESIAN_POINT('',(12.8,0.,16.2));
#7589=CARTESIAN_POINT('',(12.8,0.,0.));
#7590=CARTESIAN_POINT('',(12.8,0.,16.2));
#7591=CARTESIAN_POINT('',(15.7,5.6,16.2));
#7592=CARTESIAN_POINT('',(15.7,5.6,0.));
#7593=CARTESIAN_POINT('',(15.7,5.6,16.2));
#7594=CARTESIAN_POINT('',(0.,0.,16.2));
#7595=CARTESIAN_POINT('',(14.95,5.26512023650946,16.2));
#7596=CARTESIAN_POINT('',(14.95,5.26512023650946,16.2));
#7597=CARTESIAN_POINT('',(14.95,2.93487976349054,16.2));
#7598=CARTESIAN_POINT('',(14.95,2.93487976349054,16.2));
#7599=CARTESIAN_POINT('',(12.5130187253375,0.75,16.2));
#7600=CARTESIAN_POINT('',(0.75,7.45,16.2));
#7601=CARTESIAN_POINT('',(0.,0.,0.));
#7602=CARTESIAN_POINT('',(4.25,4.1,0.));
#7603=CARTESIAN_POINT('',(1.25,4.1,0.));
#7604=CARTESIAN_POINT('',(11.35,4.1,0.));
#7605=CARTESIAN_POINT('',(8.35,4.1,0.));
#7606=CARTESIAN_POINT('',(14.95,5.26512023650946,6.8));
#7607=CARTESIAN_POINT('',(14.95,5.26512023650946,6.8));
#7608=CARTESIAN_POINT('',(14.95,2.93487976349054,6.8));
#7609=CARTESIAN_POINT('',(14.95,2.93487976349054,6.8));
#7610=CARTESIAN_POINT('',(12.5130187253375,0.75,6.8));
#7611=CARTESIAN_POINT('',(0.75,7.45,6.8));
#7612=CARTESIAN_POINT('',(7.1,1.66,14.8));
#7613=CARTESIAN_POINT('',(7.1,1.66,14.8));
#7614=CARTESIAN_POINT('',(7.1,1.66,14.8));
#7615=CARTESIAN_POINT('',(7.1,1.66,14.8));
#7616=CARTESIAN_POINT('',(8.7,1.66,14.8));
#7617=CARTESIAN_POINT('',(8.7,1.66,14.8));
#7618=CARTESIAN_POINT('',(8.7,1.66,14.8));
#7619=CARTESIAN_POINT('',(8.7,1.66,14.8));
#7620=CARTESIAN_POINT('',(7.1,1.66,14.8));
#7621=CARTESIAN_POINT('',(7.1,1.66,14.8));
#7622=CARTESIAN_POINT('',(0.,0.,14.8));
#7623=CARTESIAN_POINT('',(8.7,1.75,5.3));
#7624=CARTESIAN_POINT('',(8.7,6.45,5.3));
#7625=CARTESIAN_POINT('',(8.7,6.45,5.3));
#7626=CARTESIAN_POINT('',(8.7,1.75,5.3));
#7627=CARTESIAN_POINT('',(8.7,1.75,5.3));
#7628=CARTESIAN_POINT('',(8.7,1.75,5.3));
#7629=CARTESIAN_POINT('',(8.7,1.75,5.3));
#7630=CARTESIAN_POINT('',(8.7,1.75,5.3));
#7631=CARTESIAN_POINT('',(7.1,1.75,5.3));
#7632=CARTESIAN_POINT('',(7.1,1.75,5.3));
#7633=CARTESIAN_POINT('',(7.1,1.75,5.3));
#7634=CARTESIAN_POINT('',(7.1,1.75,5.3));
#7635=CARTESIAN_POINT('',(7.1,6.45,5.3));
#7636=CARTESIAN_POINT('',(7.1,6.45,5.3));
#7637=CARTESIAN_POINT('',(8.7,6.45,5.3));
#7638=CARTESIAN_POINT('',(8.7,6.45,5.3));
#7639=CARTESIAN_POINT('',(0.,0.,5.3));
#7640=CARTESIAN_POINT('',(11.35,4.1,2.));
#7641=CARTESIAN_POINT('',(11.35,4.1,2.));
#7642=CARTESIAN_POINT('',(8.35,4.1,2.));
#7643=CARTESIAN_POINT('',(11.35,4.1,2.));
#7644=CARTESIAN_POINT('',(11.35,4.1,2.));
#7645=CARTESIAN_POINT('',(9.2,4.1,2.));
#7646=CARTESIAN_POINT('',(4.25,4.1,2.));
#7647=CARTESIAN_POINT('',(4.25,4.1,2.));
#7648=CARTESIAN_POINT('',(1.25,4.1,2.));
#7649=CARTESIAN_POINT('',(4.25,4.1,2.));
#7650=CARTESIAN_POINT('',(4.25,4.1,2.));
#7651=CARTESIAN_POINT('',(2.1,4.1,2.));
#7652=CARTESIAN_POINT('',(11.35,4.1,16.2));
#7653=CARTESIAN_POINT('',(4.25,4.1,16.2));
#7654=CARTESIAN_POINT('',(-0.3,3.,3.));
#7655=CARTESIAN_POINT('',(-0.3,2.9,3.));
#7656=CARTESIAN_POINT('',(-0.3,2.9,3.));
#7657=CARTESIAN_POINT('',(-0.3,3.,3.));
#7658=CARTESIAN_POINT('',(-0.3,3.,2.9));
#7659=CARTESIAN_POINT('',(-0.3,3.,2.9));
#7660=CARTESIAN_POINT('',(-0.3,2.9,3.3));
#7661=CARTESIAN_POINT('',(-0.3,2.9,3.3));
#7662=CARTESIAN_POINT('',(-0.3,2.9,3.3));
#7663=CARTESIAN_POINT('',(-0.3,2.9,3.3));
#7664=CARTESIAN_POINT('',(-0.3,3.,3.3));
#7665=CARTESIAN_POINT('',(-0.3,3.,3.4));
#7666=CARTESIAN_POINT('',(-0.3,3.,3.4));
#7667=CARTESIAN_POINT('',(-0.3,3.,3.3));
#7668=CARTESIAN_POINT('',(-0.3,3.75,3.4));
#7669=CARTESIAN_POINT('',(-0.3,3.75,3.4));
#7670=CARTESIAN_POINT('',(-0.3,3.75,3.4));
#7671=CARTESIAN_POINT('',(-0.3,3.75,3.4));
#7672=CARTESIAN_POINT('',(-0.3,3.75,3.5));
#7673=CARTESIAN_POINT('',(-0.3,3.85,3.5));
#7674=CARTESIAN_POINT('',(-0.3,3.85,3.5));
#7675=CARTESIAN_POINT('',(-0.3,3.75,3.5));
#7676=CARTESIAN_POINT('',(-0.3,3.85,4.25));
#7677=CARTESIAN_POINT('',(-0.3,3.85,4.25));
#7678=CARTESIAN_POINT('',(-0.3,3.85,4.25));
#7679=CARTESIAN_POINT('',(-0.3,3.85,4.25));
#7680=CARTESIAN_POINT('',(-0.3,3.95,4.25));
#7681=CARTESIAN_POINT('',(-0.3,3.95,4.35));
#7682=CARTESIAN_POINT('',(-0.3,3.95,4.35));
#7683=CARTESIAN_POINT('',(-0.3,3.95,4.25));
#7684=CARTESIAN_POINT('',(-0.3,4.25,4.35));
#7685=CARTESIAN_POINT('',(-0.3,4.25,4.35));
#7686=CARTESIAN_POINT('',(-0.3,4.25,4.35));
#7687=CARTESIAN_POINT('',(-0.3,4.25,4.35));
#7688=CARTESIAN_POINT('',(-0.3,4.25,4.25));
#7689=CARTESIAN_POINT('',(-0.3,4.35,4.25));
#7690=CARTESIAN_POINT('',(-0.3,4.35,4.25));
#7691=CARTESIAN_POINT('',(-0.3,4.25,4.25));
#7692=CARTESIAN_POINT('',(-0.3,4.35,4.25));
#7693=CARTESIAN_POINT('',(-0.3,4.35,3.5));
#7694=CARTESIAN_POINT('',(-0.3,4.35,3.5));
#7695=CARTESIAN_POINT('',(-0.3,4.35,4.25));
#7696=CARTESIAN_POINT('',(-0.3,4.45,3.5));
#7697=CARTESIAN_POINT('',(-0.3,4.45,3.4));
#7698=CARTESIAN_POINT('',(-0.3,4.45,3.4));
#7699=CARTESIAN_POINT('',(-0.3,4.45,3.5));
#7700=CARTESIAN_POINT('',(-0.3,5.2,3.4));
#7701=CARTESIAN_POINT('',(-0.3,5.2,3.4));
#7702=CARTESIAN_POINT('',(-0.3,5.2,3.4));
#7703=CARTESIAN_POINT('',(-0.3,5.2,3.4));
#7704=CARTESIAN_POINT('',(-0.3,5.2,3.3));
#7705=CARTESIAN_POINT('',(-0.3,5.3,3.3));
#7706=CARTESIAN_POINT('',(-0.3,5.3,3.3));
#7707=CARTESIAN_POINT('',(-0.3,5.2,3.3));
#7708=CARTESIAN_POINT('',(-0.3,5.3,3.3));
#7709=CARTESIAN_POINT('',(-0.3,5.3,3.));
#7710=CARTESIAN_POINT('',(-0.3,5.3,3.));
#7711=CARTESIAN_POINT('',(-0.3,5.3,3.3));
#7712=CARTESIAN_POINT('',(-0.3,5.2,3.));
#7713=CARTESIAN_POINT('',(-0.3,5.2,2.9));
#7714=CARTESIAN_POINT('',(-0.3,5.2,2.9));
#7715=CARTESIAN_POINT('',(-0.3,5.2,3.));
#7716=CARTESIAN_POINT('',(-0.3,5.2,2.9));
#7717=CARTESIAN_POINT('',(-0.3,4.45,2.9));
#7718=CARTESIAN_POINT('',(-0.3,4.45,2.9));
#7719=CARTESIAN_POINT('',(-0.3,5.2,2.9));
#7720=CARTESIAN_POINT('',(-0.3,4.45,2.8));
#7721=CARTESIAN_POINT('',(-0.3,4.35,2.8));
#7722=CARTESIAN_POINT('',(-0.3,4.35,2.8));
#7723=CARTESIAN_POINT('',(-0.3,4.45,2.8));
#7724=CARTESIAN_POINT('',(-0.3,4.35,2.8));
#7725=CARTESIAN_POINT('',(-0.3,4.35,2.05));
#7726=CARTESIAN_POINT('',(-0.3,4.35,2.05));
#7727=CARTESIAN_POINT('',(-0.3,4.35,2.8));
#7728=CARTESIAN_POINT('',(-0.3,4.25,2.05));
#7729=CARTESIAN_POINT('',(-0.3,4.25,1.95));
#7730=CARTESIAN_POINT('',(-0.3,4.25,1.95));
#7731=CARTESIAN_POINT('',(-0.3,4.25,2.05));
#7732=CARTESIAN_POINT('',(-0.3,4.25,1.95));
#7733=CARTESIAN_POINT('',(-0.3,3.95,1.95));
#7734=CARTESIAN_POINT('',(-0.3,3.95,1.95));
#7735=CARTESIAN_POINT('',(-0.3,4.25,1.95));
#7736=CARTESIAN_POINT('',(-0.3,3.95,2.05));
#7737=CARTESIAN_POINT('',(-0.3,3.85,2.05));
#7738=CARTESIAN_POINT('',(-0.3,3.85,2.05));
#7739=CARTESIAN_POINT('',(-0.3,3.95,2.05));
#7740=CARTESIAN_POINT('',(-0.3,3.85,2.8));
#7741=CARTESIAN_POINT('',(-0.3,3.85,2.8));
#7742=CARTESIAN_POINT('',(-0.3,3.85,2.8));
#7743=CARTESIAN_POINT('',(-0.3,3.85,2.8));
#7744=CARTESIAN_POINT('',(-0.3,3.75,2.8));
#7745=CARTESIAN_POINT('',(-0.3,3.75,2.9));
#7746=CARTESIAN_POINT('',(-0.3,3.75,2.9));
#7747=CARTESIAN_POINT('',(-0.3,3.75,2.8));
#7748=CARTESIAN_POINT('',(-0.3,3.75,2.9));
#7749=CARTESIAN_POINT('',(-0.3,3.75,2.9));
#7750=CARTESIAN_POINT('',(-0.3,3.,3.));
#7751=CARTESIAN_POINT('',(1.75,7.45,1.64312344459068));
#7752=CARTESIAN_POINT('',(1.75,7.775,1.64312344459068));
#7753=CARTESIAN_POINT('',(1.75,7.75,1.54312344459067));
#7754=CARTESIAN_POINT('',(1.65,7.775,1.64312344459068));
#7755=CARTESIAN_POINT('',(1.75,7.45,1.54312344459067));
#7756=CARTESIAN_POINT('',(1.65,7.45,1.64312344459068));
#7757=CARTESIAN_POINT('',(1.75,7.45,1.54312344459067));
#7758=CARTESIAN_POINT('',(17.2722771187482,7.75,1.54312344459068));
#7759=CARTESIAN_POINT('',(11.55,7.75,1.54312344459067));
#7760=CARTESIAN_POINT('',(11.55,7.45,1.54312344459067));
#7761=CARTESIAN_POINT('',(11.55,7.45,1.64312344459068));
#7762=CARTESIAN_POINT('',(11.55,7.775,1.64312344459068));
#7763=CARTESIAN_POINT('',(11.65,7.775,1.64312344459068));
#7764=CARTESIAN_POINT('',(11.65,7.45,1.64312344459068));
#7765=CARTESIAN_POINT('',(11.65,7.45,6.99312344459068));
#7766=CARTESIAN_POINT('',(11.65,7.41338271891984,0.196654320270041));
#7767=CARTESIAN_POINT('',(11.65,7.95,2.34312344459067));
#7768=CARTESIAN_POINT('',(11.65,8.2,2.34312344459068));
#7769=CARTESIAN_POINT('',(11.65,8.2,6.34312344459068));
#7770=CARTESIAN_POINT('',(11.65,7.75,6.34312344459068));
#7771=CARTESIAN_POINT('',(11.65,6.28397095421396,0.479007261446512));
#7772=CARTESIAN_POINT('',(11.65,7.9125,6.99312344459068));
#7773=CARTESIAN_POINT('',(11.65,7.45,6.99312344459068));
#7774=CARTESIAN_POINT('',(11.55,7.45,6.99312344459068));
#7775=CARTESIAN_POINT('',(11.55,7.9125,6.99312344459068));
#7776=CARTESIAN_POINT('',(11.55,7.9375,7.09312344459068));
#7777=CARTESIAN_POINT('',(11.55,7.45,7.09312344459068));
#7778=CARTESIAN_POINT('',(1.75,7.45,7.09312344459068));
#7779=CARTESIAN_POINT('',(1.75,7.9375,7.09312344459068));
#7780=CARTESIAN_POINT('',(1.75,7.9375,7.09312344459068));
#7781=CARTESIAN_POINT('',(1.75,7.45,7.09312344459068));
#7782=CARTESIAN_POINT('',(1.75,7.45,6.99312344459068));
#7783=CARTESIAN_POINT('',(1.75,7.9125,6.99312344459068));
#7784=CARTESIAN_POINT('',(1.65,7.9125,6.99312344459068));
#7785=CARTESIAN_POINT('',(1.65,7.45,6.99312344459068));
#7786=CARTESIAN_POINT('',(1.65,7.45,6.99312344459068));
#7787=CARTESIAN_POINT('',(1.65,7.41338271891984,0.19665432027004));
#7788=CARTESIAN_POINT('',(1.65,7.95,2.34312344459067));
#7789=CARTESIAN_POINT('',(1.65,6.28397095421396,0.479007261446511));
#7790=CARTESIAN_POINT('',(1.65,7.75,6.34312344459068));
#7791=CARTESIAN_POINT('',(1.65,8.2,6.34312344459068));
#7792=CARTESIAN_POINT('',(1.65,8.2,2.34312344459067));
#7793=CARTESIAN_POINT('',(17.2722771187482,8.2,2.34312344459068));
#7794=CARTESIAN_POINT('',(17.2722771187482,7.95,2.34312344459068));
#7795=CARTESIAN_POINT('',(17.2722771187482,8.2,6.34312344459068));
#7796=CARTESIAN_POINT('',(17.2722771187482,7.75,6.34312344459068));
#7797=CARTESIAN_POINT('',(17.2722771187482,6.28397095421396,0.479007261446512));
#7798=CARTESIAN_POINT('',(17.2722771187482,7.41338271891984,0.196654320270041));
#7799=CARTESIAN_POINT('',(7.41712177068821,8.,2.76812344459068));
#7800=CARTESIAN_POINT('',(7.21712177068821,8.,2.76812344459068));
#7801=CARTESIAN_POINT('',(7.21712177068821,8.,2.76812344459068));
#7802=CARTESIAN_POINT('',(7.41712177068821,8.,2.76812344459068));
#7803=CARTESIAN_POINT('',(7.41712177068821,8.,2.56812344459067));
#7804=CARTESIAN_POINT('',(7.41712177068821,8.,2.56812344459067));
#7805=CARTESIAN_POINT('',(7.21712177068821,8.,5.47721435368159));
#7806=CARTESIAN_POINT('',(7.21712177068821,8.,5.47721435368159));
#7807=CARTESIAN_POINT('',(7.21712177068821,8.,5.47721435368159));
#7808=CARTESIAN_POINT('',(7.21712177068821,8.,5.47721435368159));
#7809=CARTESIAN_POINT('',(6.59893995250639,8.,5.47721435368159));
#7810=CARTESIAN_POINT('',(6.59893995250639,8.,5.47721435368159));
#7811=CARTESIAN_POINT('',(6.59893995250639,8.,5.47721435368159));
#7812=CARTESIAN_POINT('',(6.59893995250639,8.,5.47721435368159));
#7813=CARTESIAN_POINT('',(6.59893995250639,8.,5.67721435368159));
#7814=CARTESIAN_POINT('',(6.39893995250639,8.,5.67721435368159));
#7815=CARTESIAN_POINT('',(6.39893995250639,8.,5.67721435368159));
#7816=CARTESIAN_POINT('',(6.59893995250639,8.,5.67721435368159));
#7817=CARTESIAN_POINT('',(6.39893995250639,8.,5.86812344459068));
#7818=CARTESIAN_POINT('',(6.39893995250639,8.,5.86812344459068));
#7819=CARTESIAN_POINT('',(6.39893995250639,8.,5.86812344459068));
#7820=CARTESIAN_POINT('',(6.39893995250639,8.,5.86812344459068));
#7821=CARTESIAN_POINT('',(6.59893995250639,8.,5.86812344459068));
#7822=CARTESIAN_POINT('',(6.59893995250639,8.,6.06812344459068));
#7823=CARTESIAN_POINT('',(6.59893995250639,8.,6.06812344459068));
#7824=CARTESIAN_POINT('',(6.59893995250639,8.,5.86812344459068));
#7825=CARTESIAN_POINT('',(8.38075813432457,8.,6.06812344459068));
#7826=CARTESIAN_POINT('',(8.38075813432457,8.,6.06812344459068));
#7827=CARTESIAN_POINT('',(8.38075813432457,8.,6.06812344459068));
#7828=CARTESIAN_POINT('',(8.38075813432457,8.,6.06812344459068));
#7829=CARTESIAN_POINT('',(8.38075813432457,8.,5.86812344459068));
#7830=CARTESIAN_POINT('',(8.58075813432457,8.,5.86812344459068));
#7831=CARTESIAN_POINT('',(8.58075813432457,8.,5.86812344459068));
#7832=CARTESIAN_POINT('',(8.38075813432457,8.,5.86812344459068));
#7833=CARTESIAN_POINT('',(8.58075813432457,8.,5.67721435368159));
#7834=CARTESIAN_POINT('',(8.58075813432457,8.,5.67721435368159));
#7835=CARTESIAN_POINT('',(8.58075813432457,8.,5.67721435368159));
#7836=CARTESIAN_POINT('',(8.58075813432457,8.,5.67721435368159));
#7837=CARTESIAN_POINT('',(8.38075813432457,8.,5.67721435368159));
#7838=CARTESIAN_POINT('',(8.38075813432457,8.,5.47721435368159));
#7839=CARTESIAN_POINT('',(8.38075813432457,8.,5.47721435368159));
#7840=CARTESIAN_POINT('',(8.38075813432457,8.,5.67721435368159));
#7841=CARTESIAN_POINT('',(7.76257631614276,8.,5.47721435368159));
#7842=CARTESIAN_POINT('',(7.76257631614276,8.,5.47721435368159));
#7843=CARTESIAN_POINT('',(7.76257631614276,8.,5.47721435368159));
#7844=CARTESIAN_POINT('',(7.76257631614276,8.,5.47721435368159));
#7845=CARTESIAN_POINT('',(7.76257631614276,8.,2.76812344459068));
#7846=CARTESIAN_POINT('',(7.76257631614276,8.,2.76812344459068));
#7847=CARTESIAN_POINT('',(7.76257631614276,8.,2.76812344459068));
#7848=CARTESIAN_POINT('',(7.76257631614276,8.,2.76812344459068));
#7849=CARTESIAN_POINT('',(7.56257631614276,8.,2.76812344459068));
#7850=CARTESIAN_POINT('',(7.56257631614275,8.,2.56812344459067));
#7851=CARTESIAN_POINT('',(7.56257631614275,8.,2.56812344459067));
#7852=CARTESIAN_POINT('',(7.56257631614276,8.,2.76812344459068));
#7853=CARTESIAN_POINT('',(7.41712177068821,8.,2.56812344459067));
#7854=CARTESIAN_POINT('',(7.41712177068821,8.,2.56812344459067));
#7855=CARTESIAN_POINT('',(7.41712177068821,8.,2.76812344459068));
#7856=CARTESIAN_POINT('',(10.3201047252337,8.,4.39837912640886));
#7857=CARTESIAN_POINT('',(10.3201047252337,8.,4.39837912640886));
#7858=CARTESIAN_POINT('',(10.3201047252337,8.,4.39837912640886));
#7859=CARTESIAN_POINT('',(10.3201047252337,8.,4.39837912640886));
#7860=CARTESIAN_POINT('',(11.0941986392994,8.,5.76981453859307));
#7861=CARTESIAN_POINT('',(11.0941986392994,8.,5.76981453859307));
#7862=CARTESIAN_POINT('',(11.1850445838496,8.,2.86645471702521));
#7863=CARTESIAN_POINT('',(11.1850445838496,8.,2.86645471702521));
#7864=CARTESIAN_POINT('',(11.1850445838496,8.,2.86645471702521));
#7865=CARTESIAN_POINT('',(11.1850445838496,8.,2.86645471702521));
#7866=CARTESIAN_POINT('',(11.0108867219501,8.,2.76812344459068));
#7867=CARTESIAN_POINT('',(11.0108867219501,8.,2.56812344459067));
#7868=CARTESIAN_POINT('',(11.0108867219501,8.,2.56812344459067));
#7869=CARTESIAN_POINT('',(11.0108867219501,8.,2.76812344459068));
#7870=CARTESIAN_POINT('',(10.8558659218297,8.,2.56812344459067));
#7871=CARTESIAN_POINT('',(10.8558659218297,8.,2.56812344459067));
#7872=CARTESIAN_POINT('',(10.8558659218297,8.,2.56812344459067));
#7873=CARTESIAN_POINT('',(10.8558659218297,8.,2.56812344459067));
#7874=CARTESIAN_POINT('',(10.8558659218297,8.,2.76812344459068));
#7875=CARTESIAN_POINT('',(10.6817282876683,8.,2.66975635472481));
#7876=CARTESIAN_POINT('',(10.6817282876683,8.,2.66975635472481));
#7877=CARTESIAN_POINT('',(10.8558659218297,8.,2.76812344459068));
#7878=CARTESIAN_POINT('',(10.0125763161428,8.,3.85434503549977));
#7879=CARTESIAN_POINT('',(10.0125763161428,8.,3.85434503549977));
#7880=CARTESIAN_POINT('',(10.0125763161428,8.,3.85434503549977));
#7881=CARTESIAN_POINT('',(10.0125763161428,8.,3.85434503549977));
#7882=CARTESIAN_POINT('',(9.34411960364263,8.,2.66982927587383));
#7883=CARTESIAN_POINT('',(9.34411960364263,8.,2.66982927587383));
#7884=CARTESIAN_POINT('',(9.34411960364263,8.,2.66982927587383));
#7885=CARTESIAN_POINT('',(9.34411960364263,8.,2.66982927587383));
#7886=CARTESIAN_POINT('',(9.16994079782441,8.,2.76812344459068));
#7887=CARTESIAN_POINT('',(9.16994079782441,8.,2.56812344459068));
#7888=CARTESIAN_POINT('',(9.16994079782441,8.,2.56812344459068));
#7889=CARTESIAN_POINT('',(9.16994079782441,8.,2.76812344459068));
#7890=CARTESIAN_POINT('',(9.01426591033543,8.,2.56812344459067));
#7891=CARTESIAN_POINT('',(9.01426591033543,8.,2.56812344459067));
#7892=CARTESIAN_POINT('',(9.01426591033543,8.,2.56812344459067));
#7893=CARTESIAN_POINT('',(9.01426591033543,8.,2.56812344459067));
#7894=CARTESIAN_POINT('',(9.01426591033543,8.,2.76812344459068));
#7895=CARTESIAN_POINT('',(8.84010804843593,8.,2.86645471702521));
#7896=CARTESIAN_POINT('',(8.84010804843593,8.,2.86645471702521));
#7897=CARTESIAN_POINT('',(9.01426591033543,8.,2.76812344459068));
#7898=CARTESIAN_POINT('',(9.70504790705184,8.,4.39837912640886));
#7899=CARTESIAN_POINT('',(9.70504790705184,8.,4.39837912640886));
#7900=CARTESIAN_POINT('',(9.70504790705184,8.,4.39837912640886));
#7901=CARTESIAN_POINT('',(9.70504790705184,8.,4.39837912640886));
#7902=CARTESIAN_POINT('',(8.93095399298615,8.,5.76981453859307));
#7903=CARTESIAN_POINT('',(8.93095399298615,8.,5.76981453859307));
#7904=CARTESIAN_POINT('',(8.93095399298615,8.,5.76981453859307));
#7905=CARTESIAN_POINT('',(8.93095399298615,8.,5.76981453859307));
#7906=CARTESIAN_POINT('',(9.10512448130594,8.,5.86812344459068));
#7907=CARTESIAN_POINT('',(9.10512448130594,8.,6.06812344459068));
#7908=CARTESIAN_POINT('',(9.10512448130594,8.,6.06812344459068));
#7909=CARTESIAN_POINT('',(9.10512448130594,8.,5.86812344459068));
#7910=CARTESIAN_POINT('',(9.26085648300589,8.,6.06812344459068));
#7911=CARTESIAN_POINT('',(9.26085648300589,8.,6.06812344459068));
#7912=CARTESIAN_POINT('',(9.26085648300589,8.,6.06812344459068));
#7913=CARTESIAN_POINT('',(9.26085648300589,8.,6.06812344459068));
#7914=CARTESIAN_POINT('',(9.26085648300589,8.,5.86812344459068));
#7915=CARTESIAN_POINT('',(9.43503045484726,8.,5.96642617869812));
#7916=CARTESIAN_POINT('',(9.43503045484726,8.,5.96642617869812));
#7917=CARTESIAN_POINT('',(9.26085648300589,8.,5.86812344459068));
#7918=CARTESIAN_POINT('',(10.0125763161428,8.,4.94312344459068));
#7919=CARTESIAN_POINT('',(10.0125763161428,8.,4.94312344459068));
#7920=CARTESIAN_POINT('',(10.0125763161428,8.,4.94312344459068));
#7921=CARTESIAN_POINT('',(10.0125763161428,8.,4.94312344459068));
#7922=CARTESIAN_POINT('',(10.5908153024868,8.,5.96650953885762));
#7923=CARTESIAN_POINT('',(10.5908153024868,8.,5.96650953885762));
#7924=CARTESIAN_POINT('',(10.5908153024868,8.,5.96650953885762));
#7925=CARTESIAN_POINT('',(10.5908153024868,8.,5.96650953885762));
#7926=CARTESIAN_POINT('',(10.7649422000497,8.,5.86812344459068));
#7927=CARTESIAN_POINT('',(10.7649422000497,8.,6.06812344459068));
#7928=CARTESIAN_POINT('',(10.7649422000497,8.,6.06812344459068));
#7929=CARTESIAN_POINT('',(10.7649422000497,8.,5.86812344459068));
#7930=CARTESIAN_POINT('',(10.9200281509796,8.,6.06812344459068));
#7931=CARTESIAN_POINT('',(10.9200281509796,8.,6.06812344459068));
#7932=CARTESIAN_POINT('',(10.9200281509796,8.,6.06812344459068));
#7933=CARTESIAN_POINT('',(10.9200281509796,8.,6.06812344459068));
#7934=CARTESIAN_POINT('',(10.9200281509796,8.,5.86812344459068));
#7935=CARTESIAN_POINT('',(10.9200281509796,8.,5.86812344459068));
#7936=CARTESIAN_POINT('',(10.9200281509796,8.,5.86812344459068));
#7937=CARTESIAN_POINT('',(4.44280446837133,8.,5.8042977216853));
#7938=CARTESIAN_POINT('',(4.21712177068821,8.,5.20448708095431));
#7939=CARTESIAN_POINT('',(4.22603520384037,8.,5.27316791621004));
#7940=CARTESIAN_POINT('',(4.24537643047653,8.,5.37239217394324));
#7941=CARTESIAN_POINT('',(4.28053802057843,8.,5.49883982826112));
#7942=CARTESIAN_POINT('',(4.31306582200632,8.,5.58348941815112));
#7943=CARTESIAN_POINT('',(4.3487581091608,8.,5.66205317443872));
#7944=CARTESIAN_POINT('',(4.39026281120602,8.,5.73314673180259));
#7945=CARTESIAN_POINT('',(4.43554269028038,8.,5.79807673348179));
#7946=CARTESIAN_POINT('',(4.48724777314658,8.,5.85456659839935));
#7947=CARTESIAN_POINT('',(4.54177282105812,8.,5.90541985686961));
#7948=CARTESIAN_POINT('',(4.60020414853196,8.,5.94890702678848));
#7949=CARTESIAN_POINT('',(4.66194404939205,8.,5.98510615778886));
#7950=CARTESIAN_POINT('',(4.72579509547382,8.,6.01610204844222));
#7951=CARTESIAN_POINT('',(4.7930010365343,8.,6.03960388101344));
#7952=CARTESIAN_POINT('',(4.88802811407475,8.,6.06162647305448));
#7953=CARTESIAN_POINT('',(4.96190344644922,8.,6.06789345015614));
#7954=CARTESIAN_POINT('',(5.01186608887003,8.,6.06812344459068));
#7955=CARTESIAN_POINT('',(4.21712177068821,8.,5.20448708095431));
#7956=CARTESIAN_POINT('',(5.01186608887003,8.,6.06812344459068));
#7957=CARTESIAN_POINT('',(5.01186608887003,8.,6.06812344459068));
#7958=CARTESIAN_POINT('',(5.08434576142386,8.,6.06864148905909));
#7959=CARTESIAN_POINT('',(5.19178605770248,8.,6.0556221463904));
#7960=CARTESIAN_POINT('',(5.32762334269208,8.,6.01148488722977));
#7961=CARTESIAN_POINT('',(5.42240674452292,8.,5.96445996950597));
#7962=CARTESIAN_POINT('',(5.51322876218048,8.,5.90595794147056));
#7963=CARTESIAN_POINT('',(5.59762404397985,8.,5.83251993779255));
#7964=CARTESIAN_POINT('',(5.67744409492404,8.,5.74689136729703));
#7965=CARTESIAN_POINT('',(5.75183534371512,8.,5.64788700598413));
#7966=CARTESIAN_POINT('',(5.82006312098959,8.,5.53426749641548));
#7967=CARTESIAN_POINT('',(5.87788229778388,8.,5.40313367426717));
#7968=CARTESIAN_POINT('',(5.92625481546524,8.,5.2554561883517));
#7969=CARTESIAN_POINT('',(5.96664199172722,8.,5.09165549559125));
#7970=CARTESIAN_POINT('',(5.99724903508289,8.,4.91119956253838));
#7971=CARTESIAN_POINT('',(6.02858604229358,8.,4.63793947462099));
#7972=CARTESIAN_POINT('',(6.03532120814194,8.,4.42358180211136));
#7973=CARTESIAN_POINT('',(6.03530358887003,8.,4.27550980822704));
#7974=CARTESIAN_POINT('',(6.03530358887003,8.,4.27550980822704));
#7975=CARTESIAN_POINT('',(6.03530358887003,8.,4.27550980822704));
#7976=CARTESIAN_POINT('',(6.03531150443617,8.,4.12977696927913));
#7977=CARTESIAN_POINT('',(6.02826277119012,8.,3.91916203734911));
#7978=CARTESIAN_POINT('',(5.99966598065662,8.,3.650168243524));
#7979=CARTESIAN_POINT('',(5.96902900883982,8.,3.47332086490533));
#7980=CARTESIAN_POINT('',(5.93157161051963,8.,3.31247280205836));
#7981=CARTESIAN_POINT('',(5.88392966136553,8.,3.1688169522879));
#7982=CARTESIAN_POINT('',(5.8291847201773,8.,3.04081958981876));
#7983=CARTESIAN_POINT('',(5.76397112360225,8.,2.93011077840278));
#7984=CARTESIAN_POINT('',(5.69233252653156,8.,2.83444146201724));
#7985=CARTESIAN_POINT('',(5.61674192109524,8.,2.75107245610016));
#7986=CARTESIAN_POINT('',(5.53665509582363,8.,2.68044651138405));
#7987=CARTESIAN_POINT('',(5.45155018552333,8.,2.62254052731325));
#7988=CARTESIAN_POINT('',(5.36209214802517,8.,2.57751140375959));
#7989=CARTESIAN_POINT('',(5.23501324060025,8.,2.53521946434109));
#7990=CARTESIAN_POINT('',(5.13477631827314,8.,2.52238894821024));
#7991=CARTESIAN_POINT('',(5.06726381614275,8.,2.52266889913613));
#7992=CARTESIAN_POINT('',(5.06726381614275,8.,2.52266889913613));
#7993=CARTESIAN_POINT('',(5.06726381614275,8.,2.52266889913613));
#7994=CARTESIAN_POINT('',(5.00589707943446,8.,2.52234979295508));
#7995=CARTESIAN_POINT('',(4.91486712787839,8.,2.53261057938218));
#7996=CARTESIAN_POINT('',(4.79844270363506,8.,2.56486365762982));
#7997=CARTESIAN_POINT('',(4.71611797775844,8.,2.59920529687566));
#7998=CARTESIAN_POINT('',(4.6380168259054,8.,2.64405399082129));
#7999=CARTESIAN_POINT('',(4.56321128993379,8.,2.69801057352197));
#8000=CARTESIAN_POINT('',(4.4928850264559,8.,2.76248828626456));
#8001=CARTESIAN_POINT('',(4.42695759353495,8.,2.83566466082496));
#8002=CARTESIAN_POINT('',(4.36628824532371,8.,2.9169226046454));
#8003=CARTESIAN_POINT('',(4.31470767110548,8.,3.00747336657957));
#8004=CARTESIAN_POINT('',(4.26960340034096,8.,3.10436611801561));
#8005=CARTESIAN_POINT('',(4.23439643324043,8.,3.20963002038419));
#8006=CARTESIAN_POINT('',(4.20590034841186,8.,3.32136920340151));
#8007=CARTESIAN_POINT('',(4.17906082803604,8.,3.48514649773537));
#8008=CARTESIAN_POINT('',(4.17185895990634,8.,3.6124216575205));
#8009=CARTESIAN_POINT('',(4.17166722523366,8.,3.69951549004522));
#8010=CARTESIAN_POINT('',(4.17166722523366,8.,3.69951549004522));
#8011=CARTESIAN_POINT('',(4.17166722523366,8.,3.69951549004522));
#8012=CARTESIAN_POINT('',(4.17093779806424,8.,3.78165874341765));
#8013=CARTESIAN_POINT('',(4.17867260043683,8.,3.90207933588096));
#8014=CARTESIAN_POINT('',(4.20501042560345,8.,4.05705386921747));
#8015=CARTESIAN_POINT('',(4.23046987300955,8.,4.16456831370905));
#8016=CARTESIAN_POINT('',(4.26607116059431,8.,4.26518958380544));
#8017=CARTESIAN_POINT('',(4.30737170165414,8.,4.3600049021929));
#8018=CARTESIAN_POINT('',(4.35773403834184,8.,4.44806720808024));
#8019=CARTESIAN_POINT('',(4.41475247569733,8.,4.52900628606522));
#8020=CARTESIAN_POINT('',(4.47688916300096,8.,4.60196134434478));
#8021=CARTESIAN_POINT('',(4.54264034514962,8.,4.66555862547532));
#8022=CARTESIAN_POINT('',(4.61059689683999,8.,4.72023107502127));
#8023=CARTESIAN_POINT('',(4.68233564534957,8.,4.76363200305272));
#8024=CARTESIAN_POINT('',(4.75587670941335,8.,4.79800762515048));
#8025=CARTESIAN_POINT('',(4.85764459400324,8.,4.83242732531268));
#8026=CARTESIAN_POINT('',(4.93839779535214,8.,4.84004922844233));
#8027=CARTESIAN_POINT('',(4.99197972523366,8.,4.84085071731795));
#8028=CARTESIAN_POINT('',(4.99197972523366,8.,4.84085071731795));
#8029=CARTESIAN_POINT('',(4.99197972523366,8.,4.84085071731795));
#8030=CARTESIAN_POINT('',(5.04011177067044,8.,4.83988465962375));
#8031=CARTESIAN_POINT('',(5.11259031212357,8.,4.83260674850196));
#8032=CARTESIAN_POINT('',(5.2027894384035,8.,4.8002261361233));
#8033=CARTESIAN_POINT('',(5.26710083629703,8.,4.76808866073087));
#8034=CARTESIAN_POINT('',(5.32760961655956,8.,4.7254837648682));
#8035=CARTESIAN_POINT('',(5.40702548151847,8.,4.65461572232618));
#8036=CARTESIAN_POINT('',(5.45832543854033,8.,4.5902949204123));
#8037=CARTESIAN_POINT('',(5.48984904341548,8.,4.54397571731795));
#8038=CARTESIAN_POINT('',(5.48984904341548,8.,4.54397571731795));
#8039=CARTESIAN_POINT('',(5.48984904341548,8.,4.54397571731795));
#8040=CARTESIAN_POINT('',(5.48529882709617,8.,4.63428379417364));
#8041=CARTESIAN_POINT('',(5.4768813399145,8.,4.76392587148247));
#8042=CARTESIAN_POINT('',(5.45674196238515,8.,4.92771840348213));
#8043=CARTESIAN_POINT('',(5.44137793165094,8.,5.0324892640797));
#8044=CARTESIAN_POINT('',(5.42080652967396,8.,5.12417088128871));
#8045=CARTESIAN_POINT('',(5.40052658705489,8.,5.20437540533827));
#8046=CARTESIAN_POINT('',(5.37586232415398,8.,5.27190132010746));
#8047=CARTESIAN_POINT('',(5.34849694796957,8.,5.32799262446889));
#8048=CARTESIAN_POINT('',(5.31878483124102,8.,5.37441820279372));
#8049=CARTESIAN_POINT('',(5.28729553787664,8.,5.41365201499265));
#8050=CARTESIAN_POINT('',(5.25480906289086,8.,5.44738127969979));
#8051=CARTESIAN_POINT('',(5.22009161236918,8.,5.47509013685399));
#8052=CARTESIAN_POINT('',(5.18324003270265,8.,5.49646474723361));
#8053=CARTESIAN_POINT('',(5.1312407528665,8.,5.51650590312776));
#8054=CARTESIAN_POINT('',(5.09000553588998,8.,5.52327125580535));
#8055=CARTESIAN_POINT('',(5.06229222523366,8.,5.52266889913613));
#8056=CARTESIAN_POINT('',(5.06229222523366,8.,5.52266889913613));
#8057=CARTESIAN_POINT('',(5.06229222523366,8.,5.52266889913613));
#8058=CARTESIAN_POINT('',(5.0220384710455,8.,5.52326585054332));
#8059=CARTESIAN_POINT('',(4.96177746510317,8.,5.51095777176797));
#8060=CARTESIAN_POINT('',(4.8944248873998,8.,5.46659797838061));
#8061=CARTESIAN_POINT('',(4.85336122856389,8.,5.41978910857211));
#8062=CARTESIAN_POINT('',(4.81916816457382,8.,5.3611911007068));
#8063=CARTESIAN_POINT('',(4.78133744434856,8.,5.25943906121268));
#8064=CARTESIAN_POINT('',(4.76820949019526,8.,5.1739246325678));
#8065=CARTESIAN_POINT('',(4.76257631614275,8.,5.11357799004522));
#8066=CARTESIAN_POINT('',(4.76257631614275,8.,5.11357799004522));
#8067=CARTESIAN_POINT('',(4.21712177068821,8.,5.20448708095431));
#8068=CARTESIAN_POINT('',(5.44439449796094,8.,3.72153253549977));
#8069=CARTESIAN_POINT('',(5.44341324294336,8.,3.67181650371827));
#8070=CARTESIAN_POINT('',(5.44177449866848,8.,3.59891940533634));
#8071=CARTESIAN_POINT('',(5.42896476691753,8.,3.50575195992991));
#8072=CARTESIAN_POINT('',(5.41651360576429,8.,3.44246062608784));
#8073=CARTESIAN_POINT('',(5.39901126047342,8.,3.38431869507251));
#8074=CARTESIAN_POINT('',(5.37973868525415,8.,3.32996063903185));
#8075=CARTESIAN_POINT('',(5.35546171571587,8.,3.28075223192926));
#8076=CARTESIAN_POINT('',(5.32742198380366,8.,3.23674315060983));
#8077=CARTESIAN_POINT('',(5.29803865425855,8.,3.19705809350564));
#8078=CARTESIAN_POINT('',(5.26681763235555,8.,3.16280159429537));
#8079=CARTESIAN_POINT('',(5.23431903860186,8.,3.13425730564937));
#8080=CARTESIAN_POINT('',(5.20187449165652,8.,3.10951760202433));
#8081=CARTESIAN_POINT('',(5.16740875919468,8.,3.09078111268225));
#8082=CARTESIAN_POINT('',(5.11994820595036,8.,3.07393053946514));
#8083=CARTESIAN_POINT('',(5.08277639639263,8.,3.06825796675755));
#8084=CARTESIAN_POINT('',(5.0580308615973,8.,3.06812344459067));
#8085=CARTESIAN_POINT('',(5.44439449796094,8.,3.72153253549977));
#8086=CARTESIAN_POINT('',(5.0580308615973,8.,3.06812344459067));
#8087=CARTESIAN_POINT('',(5.08288881614275,8.,4.29539617186341));
#8088=CARTESIAN_POINT('',(5.13152631441375,8.,4.29548853786283));
#8089=CARTESIAN_POINT('',(5.20568959668473,8.,4.27632359150972));
#8090=CARTESIAN_POINT('',(5.28770371579765,8.,4.21465321828223));
#8091=CARTESIAN_POINT('',(5.33302087083994,8.,4.1629547277544));
#8092=CARTESIAN_POINT('',(5.36524416439993,8.,4.11347107500916));
#8093=CARTESIAN_POINT('',(5.38656270744464,8.,4.07053551735198));
#8094=CARTESIAN_POINT('',(5.40421635947378,8.,4.02308159938606));
#8095=CARTESIAN_POINT('',(5.41917805099348,8.,3.97136537762675));
#8096=CARTESIAN_POINT('',(5.43017208472036,8.,3.91499018979908));
#8097=CARTESIAN_POINT('',(5.4421615039856,8.,3.83158659581074));
#8098=CARTESIAN_POINT('',(5.44452521663774,8.,3.76631586426543));
#8099=CARTESIAN_POINT('',(5.44439449796094,8.,3.72153253549977));
#8100=CARTESIAN_POINT('',(5.08288881614275,8.,4.29539617186341));
#8101=CARTESIAN_POINT('',(4.71712177068821,8.,3.66471435368158));
#8102=CARTESIAN_POINT('',(4.71702366570889,8.,3.71588187445907));
#8103=CARTESIAN_POINT('',(4.71928254034211,8.,3.79010864445171));
#8104=CARTESIAN_POINT('',(4.73126097176396,8.,3.88466940634216));
#8105=CARTESIAN_POINT('',(4.74228973785453,8.,3.94764762405127));
#8106=CARTESIAN_POINT('',(4.75725644100189,8.,4.00503893668589));
#8107=CARTESIAN_POINT('',(4.77472665106404,8.,4.05727185291656));
#8108=CARTESIAN_POINT('',(4.79591871158388,8.,4.10387833898562));
#8109=CARTESIAN_POINT('',(4.8284546337348,8.,4.15618432299189));
#8110=CARTESIAN_POINT('',(4.87337470978345,8.,4.21135415290843));
#8111=CARTESIAN_POINT('',(4.95744896548832,8.,4.27508322676875));
#8112=CARTESIAN_POINT('',(5.03278671340451,8.,4.29666027772439));
#8113=CARTESIAN_POINT('',(5.08288881614275,8.,4.29539617186341));
#8114=CARTESIAN_POINT('',(4.71712177068821,8.,3.66471435368158));
#8115=CARTESIAN_POINT('',(5.0580308615973,8.,3.06812344459067));
#8116=CARTESIAN_POINT('',(5.01133358401337,8.,3.06730465513218));
#8117=CARTESIAN_POINT('',(4.9397916493991,8.,3.08579746699716));
#8118=CARTESIAN_POINT('',(4.8626465504425,8.,3.14695650518181));
#8119=CARTESIAN_POINT('',(4.81995201619732,8.,3.19722474574024));
#8120=CARTESIAN_POINT('',(4.79035383007437,8.,3.24636309547844));
#8121=CARTESIAN_POINT('',(4.77053786942831,8.,3.28970413390522));
#8122=CARTESIAN_POINT('',(4.75444398456783,8.,3.33891997831378));
#8123=CARTESIAN_POINT('',(4.740189245546,8.,3.39314329290989));
#8124=CARTESIAN_POINT('',(4.72959671790752,8.,3.45323982169317));
#8125=CARTESIAN_POINT('',(4.72052411010202,8.,3.54423499742828));
#8126=CARTESIAN_POINT('',(4.71631665928201,8.,3.61536098242845));
#8127=CARTESIAN_POINT('',(4.71712177068821,8.,3.66471435368158));
#8128=CARTESIAN_POINT('',(4.21712177068821,8.,5.20448708095431));
#8129=CARTESIAN_POINT('',(4.21712177068821,7.74849999999968,5.20448708095431));
#8130=CARTESIAN_POINT('',(4.24496910872434,8.,5.41905967081067));
#8131=CARTESIAN_POINT('',(4.24496910872434,7.74849999999968,5.41905967081067));
#8132=CARTESIAN_POINT('',(4.36529505647528,8.,5.86550152255242));
#8133=CARTESIAN_POINT('',(4.36529505647528,7.74849999999968,5.86550152255242));
#8134=CARTESIAN_POINT('',(4.79565865181044,8.,6.06712817082571));
#8135=CARTESIAN_POINT('',(4.79565865181044,7.74849999999968,6.06712817082571));
#8136=CARTESIAN_POINT('',(5.01186608887003,8.,6.06812344459068));
#8137=CARTESIAN_POINT('',(5.01186608887003,7.74849999999968,6.06812344459068));
#8138=CARTESIAN_POINT('',(5.01186608887003,8.,6.06812344459068));
#8139=CARTESIAN_POINT('',(4.21712177068821,8.,5.20448708095431));
#8140=CARTESIAN_POINT('',(5.01186608887003,8.,6.06812344459068));
#8141=CARTESIAN_POINT('',(5.01186608887003,7.7485,6.06812344459068));
#8142=CARTESIAN_POINT('',(5.20423930071225,8.,6.06949842152909));
#8143=CARTESIAN_POINT('',(5.20423930071225,7.7485,6.06949842152909));
#8144=CARTESIAN_POINT('',(5.58574736120771,8.,5.92658467176444));
#8145=CARTESIAN_POINT('',(5.58574736120771,7.7485,5.92658467176444));
#8146=CARTESIAN_POINT('',(5.90753600457201,8.,5.4218829916213));
#8147=CARTESIAN_POINT('',(5.90753600457201,7.7485,5.4218829916213));
#8148=CARTESIAN_POINT('',(6.01735493556621,8.,4.85204826442797));
#8149=CARTESIAN_POINT('',(6.01735493556621,7.7485,4.85204826442797));
#8150=CARTESIAN_POINT('',(6.03532645232663,8.,4.46765382091901));
#8151=CARTESIAN_POINT('',(6.03532645232663,7.7485,4.46765382091901));
#8152=CARTESIAN_POINT('',(6.03530358887003,8.,4.27550980822704));
#8153=CARTESIAN_POINT('',(6.03530358887003,7.7485,4.27550980822704));
#8154=CARTESIAN_POINT('',(6.03530358887003,8.,4.27550980822704));
#8155=CARTESIAN_POINT('',(6.03530358887003,8.,4.27550980822704));
#8156=CARTESIAN_POINT('',(6.03530358887003,7.7485,4.27550980822704));
#8157=CARTESIAN_POINT('',(6.03531368682837,8.,4.08959712549201));
#8158=CARTESIAN_POINT('',(6.03531368682837,7.7485,4.08959712549201));
#8159=CARTESIAN_POINT('',(6.01945118592731,8.,3.71768379696907));
#8160=CARTESIAN_POINT('',(6.01945118592731,7.7485,3.71768379696907));
#8161=CARTESIAN_POINT('',(5.91703203347699,8.,3.16620411989569));
#8162=CARTESIAN_POINT('',(5.91703203347699,7.7485,3.16620411989569));
#8163=CARTESIAN_POINT('',(5.61858713246073,8.,2.67183550496397));
#8164=CARTESIAN_POINT('',(5.61858713246073,7.7485,2.67183550496397));
#8165=CARTESIAN_POINT('',(5.2533645448689,8.,2.52189720397342));
#8166=CARTESIAN_POINT('',(5.2533645448689,7.7485,2.52189720397342));
#8167=CARTESIAN_POINT('',(5.06726381614275,8.,2.52266889913613));
#8168=CARTESIAN_POINT('',(5.06726381614275,7.7485,2.52266889913613));
#8169=CARTESIAN_POINT('',(5.06726381614275,8.,2.52266889913613));
#8170=CARTESIAN_POINT('',(5.06726381614275,8.,2.52266889913613));
#8171=CARTESIAN_POINT('',(5.06726381614275,7.7485,2.52266889913613));
#8172=CARTESIAN_POINT('',(4.79106047523391,8.,2.52123264558839));
#8173=CARTESIAN_POINT('',(4.79106047523391,7.7485,2.52123264558839));
#8174=CARTESIAN_POINT('',(4.26647436635678,8.,2.84560059194732));
#8175=CARTESIAN_POINT('',(4.26647436635678,7.7485,2.84560059194732));
#8176=CARTESIAN_POINT('',(4.17227456887138,8.,3.42363484555691));
#8177=CARTESIAN_POINT('',(4.17227456887138,7.7485,3.42363484555691));
#8178=CARTESIAN_POINT('',(4.17166722523366,8.,3.69951549004522));
#8179=CARTESIAN_POINT('',(4.17166722523366,7.7485,3.69951549004522));
#8180=CARTESIAN_POINT('',(4.17166722523366,8.,3.69951549004522));
#8181=CARTESIAN_POINT('',(4.17166722523366,8.,3.69951549004522));
#8182=CARTESIAN_POINT('',(4.17166722523366,7.7485,3.69951549004522));
#8183=CARTESIAN_POINT('',(4.16935867203514,8.,3.95948945079147));
#8184=CARTESIAN_POINT('',(4.16935867203514,7.7485,3.95948945079147));
#8185=CARTESIAN_POINT('',(4.2657334125582,8.,4.49415297010291));
#8186=CARTESIAN_POINT('',(4.2657334125582,7.7485,4.49415297010291));
#8187=CARTESIAN_POINT('',(4.73281249421485,8.,4.83697404372583));
#8188=CARTESIAN_POINT('',(4.73281249421485,7.7485,4.83697404372583));
#8189=CARTESIAN_POINT('',(4.99197972523366,8.,4.84085071731795));
#8190=CARTESIAN_POINT('',(4.99197972523366,7.7485,4.84085071731795));
#8191=CARTESIAN_POINT('',(4.99197972523366,8.,4.84085071731795));
#8192=CARTESIAN_POINT('',(4.99197972523366,8.,4.84085071731795));
#8193=CARTESIAN_POINT('',(4.99197972523366,7.7485,4.84085071731795));
#8194=CARTESIAN_POINT('',(5.19298971843964,8.,4.83681624820729));
#8195=CARTESIAN_POINT('',(5.19298971843964,7.7485,4.83681624820729));
#8196=CARTESIAN_POINT('',(5.376453968585,8.,4.71059274991224));
#8197=CARTESIAN_POINT('',(5.376453968585,7.7485,4.71059274991224));
#8198=CARTESIAN_POINT('',(5.48984904341548,8.,4.54397571731795));
#8199=CARTESIAN_POINT('',(5.48984904341548,7.7485,4.54397571731795));
#8200=CARTESIAN_POINT('',(5.48984904341548,8.,4.54397571731795));
#8201=CARTESIAN_POINT('',(5.48984904341548,8.,4.54397571731795));
#8202=CARTESIAN_POINT('',(5.48984904341548,7.7485,4.54397571731795));
#8203=CARTESIAN_POINT('',(5.48008232622896,8.,4.73781561072364));
#8204=CARTESIAN_POINT('',(5.48008232622896,7.7485,4.73781561072364));
#8205=CARTESIAN_POINT('',(5.45970432864227,8.,5.02868904147934));
#8206=CARTESIAN_POINT('',(5.45970432864227,7.7485,5.02868904147934));
#8207=CARTESIAN_POINT('',(5.33685347407943,8.,5.40428365713337));
#8208=CARTESIAN_POINT('',(5.33685347407943,7.7485,5.40428365713337));
#8209=CARTESIAN_POINT('',(5.15972843933953,8.,5.52478670289181));
#8210=CARTESIAN_POINT('',(5.15972843933953,7.7485,5.52478670289181));
#8211=CARTESIAN_POINT('',(5.06229222523366,8.,5.52266889913613));
#8212=CARTESIAN_POINT('',(5.06229222523366,7.7485,5.52266889913613));
#8213=CARTESIAN_POINT('',(5.06229222523366,8.,5.52266889913613));
#8214=CARTESIAN_POINT('',(5.06229222523366,8.,5.52266889913613));
#8215=CARTESIAN_POINT('',(5.06229222523366,7.84166931818182,5.52266889913613));
#8216=CARTESIAN_POINT('',(4.96840726566626,8.,5.52406118564103));
#8217=CARTESIAN_POINT('',(4.96840726566626,7.84166931818182,5.52406118564103));
#8218=CARTESIAN_POINT('',(4.79689215592305,8.,5.40329684435541));
#8219=CARTESIAN_POINT('',(4.79689215592305,7.84166931818182,5.40329684435541));
#8220=CARTESIAN_POINT('',(4.77128693308342,8.,5.20689243085068));
#8221=CARTESIAN_POINT('',(4.77128693308342,7.84166931818182,5.20689243085068));
#8222=CARTESIAN_POINT('',(4.76257631614275,8.,5.11357799004522));
#8223=CARTESIAN_POINT('',(4.76257631614275,7.84166931818182,5.11357799004522));
#8224=CARTESIAN_POINT('',(4.76257631614275,8.,5.11357799004522));
#8225=CARTESIAN_POINT('',(4.21712177068821,8.,5.20448708095431));
#8226=CARTESIAN_POINT('',(5.08288881614275,8.,4.29539617186341));
#8227=CARTESIAN_POINT('',(5.08288881614275,7.7485,4.29539617186341));
#8228=CARTESIAN_POINT('',(5.20890807018058,8.,4.29563549121083));
#8229=CARTESIAN_POINT('',(5.20890807018058,7.7485,4.29563549121083));
#8230=CARTESIAN_POINT('',(5.42662744681245,8.,4.10820823690607));
#8231=CARTESIAN_POINT('',(5.42662744681245,7.7485,4.10820823690607));
#8232=CARTESIAN_POINT('',(5.44476155585802,8.,3.84728407218396));
#8233=CARTESIAN_POINT('',(5.44476155585802,7.7485,3.84728407218396));
#8234=CARTESIAN_POINT('',(5.44439449796094,8.,3.72153253549977));
#8235=CARTESIAN_POINT('',(5.44439449796094,7.7485,3.72153253549977));
#8236=CARTESIAN_POINT('',(5.44439449796094,8.,3.72153253549977));
#8237=CARTESIAN_POINT('',(5.44439449796094,7.89460227272727,3.72153253549977));
#8238=CARTESIAN_POINT('',(5.44439449796094,7.89460227272727,3.72153253549977));
#8239=CARTESIAN_POINT('',(5.44461178520285,7.91321255518562,3.79597366533316));
#8240=CARTESIAN_POINT('',(5.43909727265281,7.93170188471511,3.86993098345107));
#8241=CARTESIAN_POINT('',(5.4245213692144,7.95,3.94312344459061));
#8242=CARTESIAN_POINT('',(5.42452136921438,7.95,3.94312344459067));
#8243=CARTESIAN_POINT('',(5.42452136921438,8.,3.94312344459067));
#8244=CARTESIAN_POINT('',(5.42452136921448,7.75,3.94312344459067));
#8245=CARTESIAN_POINT('',(5.42452136921448,7.75,3.94312344459061));
#8246=CARTESIAN_POINT('',(5.39022260138389,7.79305756149935,4.11535369058801));
#8247=CARTESIAN_POINT('',(5.26623314700566,7.83815522774571,4.29574435551872));
#8248=CARTESIAN_POINT('',(5.08288881615366,7.83806818183149,4.29539617186182));
#8249=CARTESIAN_POINT('',(5.08288881614275,7.83806818181818,4.29539617186341));
#8250=CARTESIAN_POINT('',(5.08288881614275,8.,4.29539617186341));
#8251=CARTESIAN_POINT('',(5.44439449796094,8.,3.72153253549977));
#8252=CARTESIAN_POINT('',(5.44439449796094,7.7485,3.72153253549977));
#8253=CARTESIAN_POINT('',(5.44164561468774,8.,3.58225827373737));
#8254=CARTESIAN_POINT('',(5.44164561468774,7.7485,3.58225827373737));
#8255=CARTESIAN_POINT('',(5.42210856990984,8.,3.30010325566299));
#8256=CARTESIAN_POINT('',(5.42210856990984,7.7485,3.30010325566299));
#8257=CARTESIAN_POINT('',(5.19775717777276,8.,3.06888302756097));
#8258=CARTESIAN_POINT('',(5.19775717777276,7.7485,3.06888302756097));
#8259=CARTESIAN_POINT('',(5.0580308615973,8.,3.06812344459067));
#8260=CARTESIAN_POINT('',(5.0580308615973,7.7485,3.06812344459067));
#8261=CARTESIAN_POINT('',(5.0580308615973,8.,3.06812344459067));
#8262=CARTESIAN_POINT('',(5.0580308615973,7.93125,3.06812344459067));
#8263=CARTESIAN_POINT('',(5.0580308615973,7.93125,3.06812344459067));
#8264=CARTESIAN_POINT('',(5.12751230314557,7.93134442909753,3.0685011609808));
#8265=CARTESIAN_POINT('',(5.19235096664223,7.93886723804907,3.09859239678697));
#8266=CARTESIAN_POINT('',(5.24413815694531,7.95000000000903,3.14312344462683));
#8267=CARTESIAN_POINT('',(5.24413815690326,7.95,3.14312344459068));
#8268=CARTESIAN_POINT('',(5.24413815690326,8.,3.14312344459068));
#8269=CARTESIAN_POINT('',(5.2441381569584,7.75,3.14312344459068));
#8270=CARTESIAN_POINT('',(5.2441381569584,7.75,3.14312344461196));
#8271=CARTESIAN_POINT('',(5.40822344407589,7.78527362909356,3.28421796098623));
#8272=CARTESIAN_POINT('',(5.44025589592288,7.84218091773574,3.51184711553364));
#8273=CARTESIAN_POINT('',(5.44439449796094,7.89460227272727,3.72153253549977));
#8274=CARTESIAN_POINT('',(5.0580308615973,8.,3.06812344459067));
#8275=CARTESIAN_POINT('',(5.0580308615973,7.7485,3.06812344459067));
#8276=CARTESIAN_POINT('',(4.93024572597125,8.,3.06588286168271));
#8277=CARTESIAN_POINT('',(4.93024572597125,7.7485,3.06588286168271));
#8278=CARTESIAN_POINT('',(4.72186353110485,8.,3.27434791190185));
#8279=CARTESIAN_POINT('',(4.72186353110485,7.7485,3.27434791190185));
#8280=CARTESIAN_POINT('',(4.7150374139517,8.,3.53694317686208));
#8281=CARTESIAN_POINT('',(4.7150374139517,7.7485,3.53694317686208));
#8282=CARTESIAN_POINT('',(4.71712177068821,8.,3.66471435368158));
#8283=CARTESIAN_POINT('',(4.71712177068821,7.7485,3.66471435368158));
#8284=CARTESIAN_POINT('',(4.87033611472913,8.,3.14312344459068));
#8285=CARTESIAN_POINT('',(4.87033611472913,7.75,3.14312344459068));
#8286=CARTESIAN_POINT('',(4.87033611472913,7.95,3.14312344459068));
#8287=CARTESIAN_POINT('',(4.87033611472913,7.95,3.14312344459068));
#8288=CARTESIAN_POINT('',(4.92083235027063,7.93826902758546,3.09619955493252));
#8289=CARTESIAN_POINT('',(4.98783367661157,7.9309422908676,3.06689260806109));
#8290=CARTESIAN_POINT('',(5.0580308615973,7.93125,3.06812344459067));
#8291=CARTESIAN_POINT('',(4.71712177068821,8.,3.66471435368158));
#8292=CARTESIAN_POINT('',(4.71712177068821,7.88039772727273,3.66471435368158));
#8293=CARTESIAN_POINT('',(4.71712177068821,7.88039772727273,3.66471435368159));
#8294=CARTESIAN_POINT('',(4.71407993364186,7.83378153481664,3.47824958385721));
#8295=CARTESIAN_POINT('',(4.73041169701639,7.78250638161545,3.27314897105247));
#8296=CARTESIAN_POINT('',(4.87033611472913,7.75,3.14312344459068));
#8297=CARTESIAN_POINT('',(4.71712177068821,8.,3.66471435368158));
#8298=CARTESIAN_POINT('',(4.71712177068821,7.7485,3.66471435368158));
#8299=CARTESIAN_POINT('',(4.71686251842294,8.,3.79992966856024));
#8300=CARTESIAN_POINT('',(4.71686251842294,7.7485,3.79992966856024));
#8301=CARTESIAN_POINT('',(4.72484571366583,8.,4.07777280690036));
#8302=CARTESIAN_POINT('',(4.72484571366583,7.7485,4.07777280690036));
#8303=CARTESIAN_POINT('',(4.94641764074609,8.,4.29883942081397));
#8304=CARTESIAN_POINT('',(4.94641764074609,7.7485,4.29883942081397));
#8305=CARTESIAN_POINT('',(5.08288881614275,8.,4.29539617186341));
#8306=CARTESIAN_POINT('',(5.08288881614275,7.7485,4.29539617186341));
#8307=CARTESIAN_POINT('',(4.74217852123763,8.,3.94312344459086));
#8308=CARTESIAN_POINT('',(4.74217852123756,7.75,3.94312344459065));
#8309=CARTESIAN_POINT('',(4.74217852123763,7.95,3.94312344459067));
#8310=CARTESIAN_POINT('',(4.74217852123756,7.95,3.94312344459066));
#8311=CARTESIAN_POINT('',(4.72278660671275,7.92703302292047,3.85125553627253));
#8312=CARTESIAN_POINT('',(4.71694245113218,7.90377915289648,3.7582400561766));
#8313=CARTESIAN_POINT('',(4.71712177068821,7.88039772727273,3.66471435368158));
#8314=CARTESIAN_POINT('',(5.08288881614275,7.83806818181818,4.29539617186341));
#8315=CARTESIAN_POINT('',(4.9006160177809,7.83921789460524,4.29999502301165));
#8316=CARTESIAN_POINT('',(4.77855864240138,7.79308710168474,4.1154718513296));
#8317=CARTESIAN_POINT('',(4.74217852123759,7.75,3.94312344459065));
#8318=CARTESIAN_POINT('',(17.2722771187482,6.8486768365669,0.337830790858276));
#8319=CARTESIAN_POINT('',(17.2722771187482,7.75,3.94312344459068));
#8320=CARTESIAN_POINT('',(17.2722771187482,8.2,3.94312344459068));
#8321=CARTESIAN_POINT('',(17.2722771187482,7.95,3.94312344459067));
#8322=CARTESIAN_POINT('',(17.2722771187482,7.03691213068455,0.290771967328865));
#8323=CARTESIAN_POINT('',(17.2722771187482,7.75,3.14312344459068));
#8324=CARTESIAN_POINT('',(17.2722771187482,8.2,3.14312344459068));
#8325=CARTESIAN_POINT('',(17.2722771187482,7.95,3.14312344459068));
#8326=CARTESIAN_POINT('',(17.2722771187482,7.22514742480219,0.243713143799453));
#8327=CARTESIAN_POINT('',(3.67582057427319,8.,5.4033218714238));
#8328=CARTESIAN_POINT('',(2.87763313432457,8.,6.06812344459068));
#8329=CARTESIAN_POINT('',(2.94413988286288,8.,6.06817640912629));
#8330=CARTESIAN_POINT('',(3.04292229826049,8.,6.05604127145846));
#8331=CARTESIAN_POINT('',(3.16770430007101,8.,6.01490305099628));
#8332=CARTESIAN_POINT('',(3.25496158819928,8.,5.97092764874684));
#8333=CARTESIAN_POINT('',(3.33721111512716,8.,5.91495004689828));
#8334=CARTESIAN_POINT('',(3.41458401830213,8.,5.84678553441132));
#8335=CARTESIAN_POINT('',(3.48612002399342,8.,5.76571877629225));
#8336=CARTESIAN_POINT('',(3.55401747065239,8.,5.67253418631752));
#8337=CARTESIAN_POINT('',(3.614663537697,8.,5.56328952595194));
#8338=CARTESIAN_POINT('',(3.66706340223411,8.,5.43652884548332));
#8339=CARTESIAN_POINT('',(3.71042985509282,8.,5.29146180009786));
#8340=CARTESIAN_POINT('',(3.7461239551102,8.,5.12854793735638));
#8341=CARTESIAN_POINT('',(3.77439670984692,8.,4.9475967350798));
#8342=CARTESIAN_POINT('',(3.80114128792959,8.,4.6701007012275));
#8343=CARTESIAN_POINT('',(3.80781785588908,8.,4.45223299070544));
#8344=CARTESIAN_POINT('',(3.8080308615973,8.,4.30107799004522));
#8345=CARTESIAN_POINT('',(2.87763313432457,8.,6.06812344459068));
#8346=CARTESIAN_POINT('',(3.8080308615973,8.,4.30107799004522));
#8347=CARTESIAN_POINT('',(3.8080308615973,8.,4.30107799004522));
#8348=CARTESIAN_POINT('',(3.80897993578489,8.,4.22102048902693));
#8349=CARTESIAN_POINT('',(3.80566832474528,8.,4.10357869335039));
#8350=CARTESIAN_POINT('',(3.79936472368217,8.,3.94991813671555));
#8351=CARTESIAN_POINT('',(3.79197112975418,8.,3.84198224662453));
#8352=CARTESIAN_POINT('',(3.78404277708907,8.,3.73839754985431));
#8353=CARTESIAN_POINT('',(3.77213685170087,8.,3.63999355543794));
#8354=CARTESIAN_POINT('',(3.75996380480872,8.,3.54581586599913));
#8355=CARTESIAN_POINT('',(3.74401926912797,8.,3.45688189217216));
#8356=CARTESIAN_POINT('',(3.72713860690024,8.,3.37248495864664));
#8357=CARTESIAN_POINT('',(3.70803590439735,8.,3.29285045246759));
#8358=CARTESIAN_POINT('',(3.68660130549868,8.,3.21786157109738));
#8359=CARTESIAN_POINT('',(3.66440456754314,8.,3.14712121463992));
#8360=CARTESIAN_POINT('',(3.63849469454096,8.,3.08197630657294));
#8361=CARTESIAN_POINT('',(3.61157814408726,8.,3.0211506610509));
#8362=CARTESIAN_POINT('',(3.58269804964813,8.,2.96498955039816));
#8363=CARTESIAN_POINT('',(3.54130157474094,8.,2.89784080561124));
#8364=CARTESIAN_POINT('',(3.48622975079459,8.,2.82191684460114));
#8365=CARTESIAN_POINT('',(3.41386855836399,8.,2.74201818776341));
#8366=CARTESIAN_POINT('',(3.33627118726568,8.,2.67450628728924));
#8367=CARTESIAN_POINT('',(3.25433512089531,8.,2.61803004499088));
#8368=CARTESIAN_POINT('',(3.16621489549996,8.,2.57560265542399));
#8369=CARTESIAN_POINT('',(3.04128158777471,8.,2.53329971161861));
#8370=CARTESIAN_POINT('',(2.94148426580559,8.,2.52371082417037));
#8371=CARTESIAN_POINT('',(2.87479222523367,8.,2.52266889913613));
#8372=CARTESIAN_POINT('',(2.87479222523367,8.,2.52266889913613));
#8373=CARTESIAN_POINT('',(2.87479222523367,8.,2.52266889913613));
#8374=CARTESIAN_POINT('',(2.80828547792937,8.,2.52261593496383));
#8375=CARTESIAN_POINT('',(2.7095030589426,8.,2.53475107157497));
#8376=CARTESIAN_POINT('',(2.58472106290179,8.,2.57588929373582));
#8377=CARTESIAN_POINT('',(2.49746375840049,8.,2.61986469116483));
#8378=CARTESIAN_POINT('',(2.41521429455146,8.,2.67584231158462));
#8379=CARTESIAN_POINT('',(2.33784114257253,8.,2.74400675082046));
#8380=CARTESIAN_POINT('',(2.26630614005481,8.,2.82507380428688));
#8381=CARTESIAN_POINT('',(2.19840458024926,8.,2.91825718329776));
#8382=CARTESIAN_POINT('',(2.13777590766985,8.,3.02750696482015));
#8383=CARTESIAN_POINT('',(2.08521412955249,8.,3.15445519237929));
#8384=CARTESIAN_POINT('',(2.04214496400229,8.,3.29984799965882));
#8385=CARTESIAN_POINT('',(2.00611532543655,8.,3.46339436545572));
#8386=CARTESIAN_POINT('',(1.9781257796048,8.,3.64510923108708));
#8387=CARTESIAN_POINT('',(1.95123334421936,8.,3.92376161234804));
#8388=CARTESIAN_POINT('',(1.9446387190753,8.,4.14235322621863));
#8389=CARTESIAN_POINT('',(1.94439449796094,8.,4.29397571731795));
#8390=CARTESIAN_POINT('',(1.94439449796094,8.,4.29397571731795));
#8391=CARTESIAN_POINT('',(1.94439449796094,8.,4.29397571731795));
#8392=CARTESIAN_POINT('',(1.94460889997382,8.,4.44607725304042));
#8393=CARTESIAN_POINT('',(1.9512906857974,8.,4.66536077266981));
#8394=CARTESIAN_POINT('',(1.97804090362709,8.,4.94475009632698));
#8395=CARTESIAN_POINT('',(2.00625949734059,8.,5.12688815659611));
#8396=CARTESIAN_POINT('',(2.04186198314202,8.,5.29055301519506));
#8397=CARTESIAN_POINT('',(2.08554701368627,8.,5.43597674969573));
#8398=CARTESIAN_POINT('',(2.13756473223786,8.,5.56314179125622));
#8399=CARTESIAN_POINT('',(2.19847025414971,8.,5.67248732610041));
#8400=CARTESIAN_POINT('',(2.26624606097441,8.,5.76598063257894));
#8401=CARTESIAN_POINT('',(2.33856860676956,8.,5.84656340398263));
#8402=CARTESIAN_POINT('',(2.41590285723523,8.,5.91495324056777));
#8403=CARTESIAN_POINT('',(2.49831001562394,8.,5.97114060199099));
#8404=CARTESIAN_POINT('',(2.58599495573765,8.,6.0147115004162));
#8405=CARTESIAN_POINT('',(2.7113143474951,8.,6.05634967131422));
#8406=CARTESIAN_POINT('',(2.81073043283619,8.,6.06784908389074));
#8407=CARTESIAN_POINT('',(2.87763313432457,8.,6.06812344459068));
#8408=CARTESIAN_POINT('',(2.87621267977912,8.,5.52266889913613));
#8409=CARTESIAN_POINT('',(2.90136404190434,8.,5.52248560893658));
#8410=CARTESIAN_POINT('',(2.93909754931642,8.,5.51566007058568));
#8411=CARTESIAN_POINT('',(2.98533580708858,8.,5.49359836432002));
#8412=CARTESIAN_POINT('',(3.01768397669996,8.,5.46959402493471));
#8413=CARTESIAN_POINT('',(3.04721606384193,8.,5.43864725305629));
#8414=CARTESIAN_POINT('',(3.07533995113375,8.,5.40174048346248));
#8415=CARTESIAN_POINT('',(3.1015061055463,8.,5.3581725567103));
#8416=CARTESIAN_POINT('',(3.12641128982998,8.,5.30613462376831));
#8417=CARTESIAN_POINT('',(3.14934274738805,8.,5.24123100132897));
#8418=CARTESIAN_POINT('',(3.16615165556229,8.,5.15920795288202));
#8419=CARTESIAN_POINT('',(3.18287691501605,8.,5.05980005829892));
#8420=CARTESIAN_POINT('',(3.1946531810179,8.,4.94184505047504));
#8421=CARTESIAN_POINT('',(3.20563347084983,8.,4.805970594691));
#8422=CARTESIAN_POINT('',(3.214801743197,8.,4.58786431548191));
#8423=CARTESIAN_POINT('',(3.21721368308928,8.,4.41521480675524));
#8424=CARTESIAN_POINT('',(3.21712177068821,8.,4.29397571731795));
#8425=CARTESIAN_POINT('',(2.87621267977912,8.,5.52266889913613));
#8426=CARTESIAN_POINT('',(3.21712177068821,8.,4.29397571731795));
#8427=CARTESIAN_POINT('',(2.53530358887002,8.,4.29397571731795));
#8428=CARTESIAN_POINT('',(2.53535836498363,8.,4.41520308134808));
#8429=CARTESIAN_POINT('',(2.53737261451728,8.,4.58788437907601));
#8430=CARTESIAN_POINT('',(2.54709319635487,8.,4.80592863384));
#8431=CARTESIAN_POINT('',(2.55683238982721,8.,4.94188439717609));
#8432=CARTESIAN_POINT('',(2.568925317249,8.,5.05978115597266));
#8433=CARTESIAN_POINT('',(2.58543414953608,8.,5.15925380463005));
#8434=CARTESIAN_POINT('',(2.6026923978881,8.,5.24102908791276));
#8435=CARTESIAN_POINT('',(2.62434681322303,8.,5.30632836918281));
#8436=CARTESIAN_POINT('',(2.64975742049291,8.,5.3578753738971));
#8437=CARTESIAN_POINT('',(2.67473464068008,8.,5.40221791120096));
#8438=CARTESIAN_POINT('',(2.70391157342134,8.,5.43836092232877));
#8439=CARTESIAN_POINT('',(2.73331636294653,8.,5.46989278652335));
#8440=CARTESIAN_POINT('',(2.76630620439252,8.,5.49338287727957));
#8441=CARTESIAN_POINT('',(2.81276563944489,8.,5.51584871285616));
#8442=CARTESIAN_POINT('',(2.85085590437939,8.,5.5225272744303));
#8443=CARTESIAN_POINT('',(2.87621267977912,8.,5.52266889913613));
#8444=CARTESIAN_POINT('',(2.53530358887002,8.,4.29397571731795));
#8445=CARTESIAN_POINT('',(2.87621267977912,8.,3.06812344459068));
#8446=CARTESIAN_POINT('',(2.85085374319475,8.,3.06826339022895));
#8447=CARTESIAN_POINT('',(2.81276986818832,8.,3.07494691626597));
#8448=CARTESIAN_POINT('',(2.76629974711682,8.,3.09740444966064));
#8449=CARTESIAN_POINT('',(2.73334298314299,8.,3.12092023896636));
#8450=CARTESIAN_POINT('',(2.70367351662764,8.,3.15248303264715));
#8451=CARTESIAN_POINT('',(2.67497249390633,8.,3.18923416967836));
#8452=CARTESIAN_POINT('',(2.64971360273882,8.,3.2335925991852));
#8453=CARTESIAN_POINT('',(2.62435571715857,8.,3.28518439949863));
#8454=CARTESIAN_POINT('',(2.60279053662052,8.,3.35025660900237));
#8455=CARTESIAN_POINT('',(2.58540287030827,8.,3.43152734598541));
#8456=CARTESIAN_POINT('',(2.5688682372914,8.,3.53052949227034));
#8457=CARTESIAN_POINT('',(2.55688066713715,8.,3.6479649973779));
#8458=CARTESIAN_POINT('',(2.5470546023944,8.,3.78367700278536));
#8459=CARTESIAN_POINT('',(2.53742139836557,8.,4.00101641173949));
#8460=CARTESIAN_POINT('',(2.53533008951604,8.,4.17322022046157));
#8461=CARTESIAN_POINT('',(2.53530358887002,8.,4.29397571731795));
#8462=CARTESIAN_POINT('',(2.87621267977912,8.,3.06812344459068));
#8463=CARTESIAN_POINT('',(3.21712177068821,8.,4.29397571731795));
#8464=CARTESIAN_POINT('',(3.21723583032127,8.,4.17297275767744));
#8465=CARTESIAN_POINT('',(3.21478430619539,8.,4.00056107271367));
#8466=CARTESIAN_POINT('',(3.20563693726449,8.,3.78269092729812));
#8467=CARTESIAN_POINT('',(3.1946447003445,8.,3.64681698538357));
#8468=CARTESIAN_POINT('',(3.18292490452683,8.,3.52909306550246));
#8469=CARTESIAN_POINT('',(3.1662015015324,8.,3.43014451473461));
#8470=CARTESIAN_POINT('',(3.14919499617638,8.,3.34865691485071));
#8471=CARTESIAN_POINT('',(3.12659936921873,8.,3.28410094484639));
#8472=CARTESIAN_POINT('',(3.10136875957193,8.,3.23243020460498));
#8473=CARTESIAN_POINT('',(3.07507087700306,8.,3.18903555692504));
#8474=CARTESIAN_POINT('',(3.04770059782753,8.,3.15148055935349));
#8475=CARTESIAN_POINT('',(3.01740926786726,8.,3.12122858989316));
#8476=CARTESIAN_POINT('',(2.98536995873019,8.,3.09716166517159));
#8477=CARTESIAN_POINT('',(2.93907528898856,8.,3.07515333583201));
#8478=CARTESIAN_POINT('',(2.90137520962401,8.,3.0682961679096));
#8479=CARTESIAN_POINT('',(2.87621267977912,8.,3.06812344459068));
#8480=CARTESIAN_POINT('',(2.87763313432457,8.,6.06812344459068));
#8481=CARTESIAN_POINT('',(2.87763313432457,7.74849999999968,6.06812344459068));
#8482=CARTESIAN_POINT('',(3.06345419874262,8.,6.068271428466));
#8483=CARTESIAN_POINT('',(3.06345419874262,7.74849999999968,6.068271428466));
#8484=CARTESIAN_POINT('',(3.43104323396831,8.,5.91931714644048));
#8485=CARTESIAN_POINT('',(3.43104323396831,7.74849999999968,5.91931714644048));
#8486=CARTESIAN_POINT('',(3.70764263593993,8.,5.41057960263666));
#8487=CARTESIAN_POINT('',(3.70764263593993,7.74849999999968,5.41057960263666));
#8488=CARTESIAN_POINT('',(3.79330966791106,8.,4.85829567155568));
#8489=CARTESIAN_POINT('',(3.79330966791106,7.74849999999968,4.85829567155568));
#8490=CARTESIAN_POINT('',(3.80776917407446,8.,4.48677901194589));
#8491=CARTESIAN_POINT('',(3.80776917407446,7.74849999999968,4.48677901194589));
#8492=CARTESIAN_POINT('',(3.8080308615973,8.,4.30107799004522));
#8493=CARTESIAN_POINT('',(3.8080308615973,7.74849999999968,4.30107799004522));
#8494=CARTESIAN_POINT('',(3.8080308615973,8.,4.30107799004522));
#8495=CARTESIAN_POINT('',(2.87763313432457,8.,6.06812344459068));
#8496=CARTESIAN_POINT('',(3.8080308615973,8.,4.30107799004522));
#8497=CARTESIAN_POINT('',(3.8080308615973,7.7485,4.30107799004522));
#8498=CARTESIAN_POINT('',(3.81024848058301,8.,4.11401460076859));
#8499=CARTESIAN_POINT('',(3.81024848058301,7.7485,4.11401460076859));
#8500=CARTESIAN_POINT('',(3.7929685418962,8.,3.73990939542745));
#8501=CARTESIAN_POINT('',(3.7929685418962,7.7485,3.73990939542745));
#8502=CARTESIAN_POINT('',(3.71040107075189,8.,3.18385646657445));
#8503=CARTESIAN_POINT('',(3.71040107075189,7.7485,3.18385646657445));
#8504=CARTESIAN_POINT('',(3.4331770300542,8.,2.66905512112618));
#8505=CARTESIAN_POINT('',(3.4331770300542,7.7485,2.66905512112618));
#8506=CARTESIAN_POINT('',(3.0612540265455,8.,2.52558197867382));
#8507=CARTESIAN_POINT('',(3.0612540265455,7.7485,2.52558197867382));
#8508=CARTESIAN_POINT('',(2.87479222523367,8.,2.52266889913613));
#8509=CARTESIAN_POINT('',(2.87479222523367,7.7485,2.52266889913613));
#8510=CARTESIAN_POINT('',(2.87479222523367,8.,2.52266889913613));
#8511=CARTESIAN_POINT('',(2.87479222523367,8.,2.52266889913613));
#8512=CARTESIAN_POINT('',(2.87479222523367,7.7485,2.52266889913613));
#8513=CARTESIAN_POINT('',(2.68862024244662,8.,2.52252063681128));
#8514=CARTESIAN_POINT('',(2.68862024244662,7.7485,2.52252063681128));
#8515=CARTESIAN_POINT('',(2.32039850721373,8.,2.67210534167432));
#8516=CARTESIAN_POINT('',(2.32039850721373,7.7485,2.67210534167432));
#8517=CARTESIAN_POINT('',(2.04408609592304,8.,3.18226664462923));
#8518=CARTESIAN_POINT('',(2.04408609592304,7.7485,3.18226664462923));
#8519=CARTESIAN_POINT('',(1.95921176626851,8.,3.73572871849609));
#8520=CARTESIAN_POINT('',(1.95921176626851,7.7485,3.73572871849609));
#8521=CARTESIAN_POINT('',(1.94469416387425,8.,4.10793081947008));
#8522=CARTESIAN_POINT('',(1.94469416387425,7.7485,4.10793081947008));
#8523=CARTESIAN_POINT('',(1.94439449796094,8.,4.29397571731795));
#8524=CARTESIAN_POINT('',(1.94439449796094,7.7485,4.29397571731795));
#8525=CARTESIAN_POINT('',(1.94439449796094,8.,4.29397571731795));
#8526=CARTESIAN_POINT('',(1.94439449796094,8.,4.29397571731795));
#8527=CARTESIAN_POINT('',(1.94439449796094,7.74849999999916,4.29397571731795));
#8528=CARTESIAN_POINT('',(1.94465737947864,8.,4.48046968730276));
#8529=CARTESIAN_POINT('',(1.94465737947864,7.74849999999916,4.48046968730276));
#8530=CARTESIAN_POINT('',(1.95912689640482,8.,4.8535825418526));
#8531=CARTESIAN_POINT('',(1.95912689640482,7.74849999999916,4.8535825418526));
#8532=CARTESIAN_POINT('',(2.04405277582193,8.,5.40825475377364));
#8533=CARTESIAN_POINT('',(2.04405277582193,7.74849999999915,5.40825475377364));
#8534=CARTESIAN_POINT('',(2.32148201034086,8.,5.919900154972));
#8535=CARTESIAN_POINT('',(2.32148201034086,7.74849999999916,5.919900154972));
#8536=CARTESIAN_POINT('',(2.69121245512832,8.,6.06735895366745));
#8537=CARTESIAN_POINT('',(2.69121245512832,7.74849999999916,6.06735895366745));
#8538=CARTESIAN_POINT('',(2.87763313432457,8.,6.06812344459068));
#8539=CARTESIAN_POINT('',(2.87763313432457,7.74849999999916,6.06812344459068));
#8540=CARTESIAN_POINT('',(2.53530358887002,8.,4.29397571731795));
#8541=CARTESIAN_POINT('',(2.53530358887002,7.7485,4.29397571731795));
#8542=CARTESIAN_POINT('',(2.53535525378524,8.,4.40831755489377));
#8543=CARTESIAN_POINT('',(2.53535525378524,7.7485,4.40831755489377));
#8544=CARTESIAN_POINT('',(2.53707030003234,8.,4.63710484058851));
#8545=CARTESIAN_POINT('',(2.53707030003234,7.7485,4.63710484058851));
#8546=CARTESIAN_POINT('',(2.55898743554071,8.,4.97945177962217));
#8547=CARTESIAN_POINT('',(2.55898743554071,7.7485,4.97945177962217));
#8548=CARTESIAN_POINT('',(2.5925063106373,8.,5.32112107501272));
#8549=CARTESIAN_POINT('',(2.5925063106373,7.7485,5.32112107501272));
#8550=CARTESIAN_POINT('',(2.76187837854541,8.,5.52203030998103));
#8551=CARTESIAN_POINT('',(2.76187837854541,7.7485,5.52203030998103));
#8552=CARTESIAN_POINT('',(2.87621267977912,8.,5.52266889913613));
#8553=CARTESIAN_POINT('',(2.87621267977912,7.7485,5.52266889913613));
#8554=CARTESIAN_POINT('',(2.54446339941943,8.,4.74312344459068));
#8555=CARTESIAN_POINT('',(2.54446339941943,7.75,4.74312344459068));
#8556=CARTESIAN_POINT('',(2.54446339941943,7.95,4.74312344459068));
#8557=CARTESIAN_POINT('',(2.54446339941943,7.95,4.74312344459068));
#8558=CARTESIAN_POINT('',(2.53742419454927,7.91259014936063,4.59348404203322));
#8559=CARTESIAN_POINT('',(2.53537126331552,7.8751563719299,4.44374893231026));
#8560=CARTESIAN_POINT('',(2.53530358887002,7.83771306818182,4.29397571731795));
#8561=CARTESIAN_POINT('',(2.53530358887002,7.83771306818182,4.29397571731795));
#8562=CARTESIAN_POINT('',(2.53530358887002,8.,4.29397571731795));
#8563=CARTESIAN_POINT('',(2.87621267977912,8.,5.52266889913613));
#8564=CARTESIAN_POINT('',(2.87621267977912,7.94488636363636,5.52266889913613));
#8565=CARTESIAN_POINT('',(2.87621267977912,7.94488636363636,5.52266889913613));
#8566=CARTESIAN_POINT('',(2.79625616025033,7.94477471873693,5.52222231953841));
#8567=CARTESIAN_POINT('',(2.65878910204859,7.91942539089977,5.42082500818978));
#8568=CARTESIAN_POINT('',(2.56330441250946,7.84538194415938,5.12465122122819));
#8569=CARTESIAN_POINT('',(2.55164338361965,7.78815802230282,4.89575553380195));
#8570=CARTESIAN_POINT('',(2.54446339941944,7.75,4.74312344459068));
#8571=CARTESIAN_POINT('',(2.87621267977912,8.,5.52266889913613));
#8572=CARTESIAN_POINT('',(2.87621267977912,7.7485,5.52266889913613));
#8573=CARTESIAN_POINT('',(2.99059583824973,8.,5.52183533346931));
#8574=CARTESIAN_POINT('',(2.99059583824973,7.7485,5.52183533346931));
#8575=CARTESIAN_POINT('',(3.15838328589088,8.,5.31961959743205));
#8576=CARTESIAN_POINT('',(3.15838328589088,7.7485,5.31961959743205));
#8577=CARTESIAN_POINT('',(3.19274053378109,8.,4.97902504367657));
#8578=CARTESIAN_POINT('',(3.19274053378109,7.7485,4.97902504367657));
#8579=CARTESIAN_POINT('',(3.21547725614307,8.,4.6368007851796));
#8580=CARTESIAN_POINT('',(3.21547725614307,7.7485,4.6368007851796));
#8581=CARTESIAN_POINT('',(3.21720839524374,8.,4.40823975691224));
#8582=CARTESIAN_POINT('',(3.21720839524374,7.7485,4.40823975691224));
#8583=CARTESIAN_POINT('',(3.21712177068821,8.,4.29397571731795));
#8584=CARTESIAN_POINT('',(3.21712177068821,7.7485,4.29397571731795));
#8585=CARTESIAN_POINT('',(3.21712177068821,8.,4.29397571731795));
#8586=CARTESIAN_POINT('',(3.21712177068821,7.83771306818182,4.29397571731795));
#8587=CARTESIAN_POINT('',(3.21712177068821,7.83771306818182,4.29397571731795));
#8588=CARTESIAN_POINT('',(3.21723531675362,7.87515693162837,4.44375117110415));
#8589=CARTESIAN_POINT('',(3.21504357061918,7.91258984850201,4.59348283859872));
#8590=CARTESIAN_POINT('',(3.20805755294748,7.95,4.74312344459068));
#8591=CARTESIAN_POINT('',(3.20805755294748,7.95,4.74312344459068));
#8592=CARTESIAN_POINT('',(3.20805755294748,8.,4.74312344459068));
#8593=CARTESIAN_POINT('',(3.20805755294748,7.75,4.74312344459068));
#8594=CARTESIAN_POINT('',(3.20805755294748,7.75,4.74312344459068));
#8595=CARTESIAN_POINT('',(3.20097538999315,7.78792500646371,4.89482347044554));
#8596=CARTESIAN_POINT('',(3.18990811678424,7.84431369796584,5.120378236454));
#8597=CARTESIAN_POINT('',(3.09253323086586,7.91876223732873,5.41817239390561));
#8598=CARTESIAN_POINT('',(2.95648506016028,7.94474011767416,5.52208391528734));
#8599=CARTESIAN_POINT('',(2.87621267977912,7.94488636363636,5.52266889913613));
#8600=CARTESIAN_POINT('',(3.21712177068821,8.,4.29397571731795));
#8601=CARTESIAN_POINT('',(3.21712177068821,7.7485,4.29397571731795));
#8602=CARTESIAN_POINT('',(3.21733676509255,8.,4.06589362961847));
#8603=CARTESIAN_POINT('',(3.21733676509255,7.7485,4.06589362961847));
#8604=CARTESIAN_POINT('',(3.2051972077415,8.,3.72362607923202));
#8605=CARTESIAN_POINT('',(3.2051972077415,7.7485,3.72362607923202));
#8606=CARTESIAN_POINT('',(3.15816630575111,8.,3.27026747798389));
#8607=CARTESIAN_POINT('',(3.15816630575111,7.7485,3.27026747798389));
#8608=CARTESIAN_POINT('',(2.99042277536724,8.,3.06890741770013));
#8609=CARTESIAN_POINT('',(2.99042277536724,7.7485,3.06890741770013));
#8610=CARTESIAN_POINT('',(2.87621267977912,8.,3.06812344459068));
#8611=CARTESIAN_POINT('',(2.87621267977912,7.7485,3.06812344459068));
#8612=CARTESIAN_POINT('',(2.87621267977912,8.,3.06812344459068));
#8613=CARTESIAN_POINT('',(2.87621267977912,7.93125,3.06812344459068));
#8614=CARTESIAN_POINT('',(2.87621267977912,7.93125,3.06812344459068));
#8615=CARTESIAN_POINT('',(2.93857334857192,7.93135701568712,3.06855150733915));
#8616=CARTESIAN_POINT('',(2.9969487494752,7.93879122719096,3.09828835335451));
#8617=CARTESIAN_POINT('',(3.03870135040409,7.95000000000018,3.1431234445914));
#8618=CARTESIAN_POINT('',(3.03870135040341,7.95,3.14312344459068));
#8619=CARTESIAN_POINT('',(3.03870135040341,8.,3.14312344459068));
#8620=CARTESIAN_POINT('',(3.03870135040341,7.75,3.14312344459068));
#8621=CARTESIAN_POINT('',(3.03870135040341,7.75,3.14312344459068));
#8622=CARTESIAN_POINT('',(3.13640811862528,7.7762300526785,3.24804365530469));
#8623=CARTESIAN_POINT('',(3.19142491958269,7.8471004718952,3.53152533217147));
#8624=CARTESIAN_POINT('',(3.20735257917307,7.91539064815883,3.804686037226));
#8625=CARTESIAN_POINT('',(3.21183903198293,7.95,3.94312344459068));
#8626=CARTESIAN_POINT('',(3.21183903198293,7.95,3.94312344459067));
#8627=CARTESIAN_POINT('',(3.21183903198293,8.,3.94312344459067));
#8628=CARTESIAN_POINT('',(3.21183903198293,7.75,3.94312344459067));
#8629=CARTESIAN_POINT('',(3.21183903198293,7.75,3.94312344459067));
#8630=CARTESIAN_POINT('',(3.21562821808997,7.77923050363971,4.0600454591495));
#8631=CARTESIAN_POINT('',(3.2172320356357,7.80846874959014,4.17699844295123));
#8632=CARTESIAN_POINT('',(3.21712177068821,7.83771306818182,4.29397571731795));
#8633=CARTESIAN_POINT('',(2.87621267977912,8.,3.06812344459068));
#8634=CARTESIAN_POINT('',(2.87621267977912,7.7485,3.06812344459068));
#8635=CARTESIAN_POINT('',(2.76211538104357,8.,3.06875310109238));
#8636=CARTESIAN_POINT('',(2.76211538104357,7.7485,3.06875310109238));
#8637=CARTESIAN_POINT('',(2.59332273003611,8.,3.26924335637894));
#8638=CARTESIAN_POINT('',(2.59332273003611,7.7485,3.26924335637894));
#8639=CARTESIAN_POINT('',(2.55885258249194,8.,3.60993542438706));
#8640=CARTESIAN_POINT('',(2.55885258249194,7.7485,3.60993542438706));
#8641=CARTESIAN_POINT('',(2.53715914295906,8.,3.95160142096875));
#8642=CARTESIAN_POINT('',(2.53715914295906,7.7485,3.95160142096875));
#8643=CARTESIAN_POINT('',(2.53532862815963,8.,4.17987918342779));
#8644=CARTESIAN_POINT('',(2.53532862815963,7.7485,4.17987918342779));
#8645=CARTESIAN_POINT('',(2.53530358887002,8.,4.29397571731795));
#8646=CARTESIAN_POINT('',(2.53530358887002,7.7485,4.29397571731795));
#8647=CARTESIAN_POINT('',(2.71283856337166,8.,3.14312344459068));
#8648=CARTESIAN_POINT('',(2.71283856337166,7.75,3.14312344459068));
#8649=CARTESIAN_POINT('',(2.71283856337166,7.95,3.14312344459068));
#8650=CARTESIAN_POINT('',(2.712838563371,7.95000000000018,3.1431234445914));
#8651=CARTESIAN_POINT('',(2.75427289870049,7.93863613027593,3.09766796569442));
#8652=CARTESIAN_POINT('',(2.81346308372705,7.93133657236317,3.06846973404337));
#8653=CARTESIAN_POINT('',(2.87621267977912,7.93125,3.06812344459067));
#8654=CARTESIAN_POINT('',(2.53530358887002,7.83771306818182,4.29397571731795));
#8655=CARTESIAN_POINT('',(2.53532925996188,7.8084692013534,4.17700025000427));
#8656=CARTESIAN_POINT('',(2.53670567097513,7.77923013142926,4.0600439703077));
#8657=CARTESIAN_POINT('',(2.54059903483455,7.75,3.94312344459067));
#8658=CARTESIAN_POINT('',(2.54059903483455,7.75,3.94312344459067));
#8659=CARTESIAN_POINT('',(2.54059903483456,8.,3.94312344459058));
#8660=CARTESIAN_POINT('',(2.54059903483456,7.95,3.94312344459067));
#8661=CARTESIAN_POINT('',(2.54059903483455,7.95,3.94312344459068));
#8662=CARTESIAN_POINT('',(2.5452169574672,7.91533011288816,3.8044438961433));
#8663=CARTESIAN_POINT('',(2.55964857599967,7.84668901899743,3.52987952058038));
#8664=CARTESIAN_POINT('',(2.61693002687471,7.77630408494228,3.24833978435978));
#8665=CARTESIAN_POINT('',(2.71283856337166,7.75,3.14312344459068));
#8666=CARTESIAN_POINT('',(17.2722771187482,6.66044154244925,0.384889614387689));
#8667=CARTESIAN_POINT('',(17.2722771187482,7.75,4.74312344459068));
#8668=CARTESIAN_POINT('',(17.2722771187482,8.2,4.74312344459068));
#8669=CARTESIAN_POINT('',(17.2722771187482,7.95,4.74312344459068));
#8670=CARTESIAN_POINT('',(17.2722771187482,6.8486768365669,0.337830790858276));
#8671=CARTESIAN_POINT('',(17.2722771187482,7.75,3.94312344459068));
#8672=CARTESIAN_POINT('',(17.2722771187482,8.2,3.94312344459068));
#8673=CARTESIAN_POINT('',(17.2722771187482,7.95,3.94312344459067));
#8674=CARTESIAN_POINT('',(17.2722771187482,7.03691213068455,0.290771967328865));
#8675=CARTESIAN_POINT('',(17.2722771187482,7.75,3.14312344459068));
#8676=CARTESIAN_POINT('',(17.2722771187482,8.2,3.14312344459068));
#8677=CARTESIAN_POINT('',(17.2722771187482,7.95,3.14312344459068));
#8678=CARTESIAN_POINT('',(17.2722771187482,7.22514742480219,0.243713143799453));
#8679=CARTESIAN_POINT('',(-37.9952435594801,28.5360465116279,-8.1));
#8680=MECHANICAL_DESIGN_GEOMETRIC_PRESENTATION_REPRESENTATION('',(#4142,
#4143,#4144,#4145,#4146,#4147,#4148,#4149,#4150,#4151,#4152,#4153,#4154,
#4155,#4156,#4157,#4158,#4159,#4160,#4161,#4162,#4163,#4164,#4165,#4166,
#4167,#4168,#4169,#4170,#4171,#4172,#4173,#4174,#4175,#4176,#4177,#4178,
#4179,#4180,#4181,#4182,#4183,#4184,#4185,#4186,#4187,#4188,#4189,#4190,
#4191,#4192,#4193,#4194,#4195,#4196,#4197,#4198,#4199,#4200,#4201,#4202,
#4203,#4204,#4205,#4206,#4207,#4208,#4209,#4210,#4211,#4212,#4213,#4214,
#4215,#4216,#4217,#4218,#4219,#4220,#4221,#4222,#4223,#4224,#4225,#4226,
#4227,#4228,#4229,#4230,#4231,#4232,#4233,#4234,#4235,#4236,#4237,#4238,
#4239,#4240,#4241,#4242,#4243,#4244,#4245,#4246,#4247,#4248,#4249,#4250,
#4251,#4252,#4253,#4254,#4255,#4256,#4257,#4258,#4259,#4260,#4261,#4262,
#4263,#4264,#4265,#4266,#4267,#4268,#4269,#4270,#4271,#4272,#4273,#4274,
#4275,#4276,#4277,#4278,#4279,#4280,#4281,#4282,#4283,#4284,#4285,#4286,
#4287,#4288,#4289,#4290,#4291,#4292,#4293,#4294,#4295,#4296,#4297,#4298,
#4299,#4300,#4301,#4302,#4303,#4304,#4305,#4306,#4307,#4308,#4309,#4310,
#4311,#4312,#4313,#4314,#4315,#4316,#4317,#4318,#4319,#4320,#4321,#4322,
#4323),#8681);
#8681=(
GEOMETRIC_REPRESENTATION_CONTEXT(3)
GLOBAL_UNCERTAINTY_ASSIGNED_CONTEXT((#8684))
GLOBAL_UNIT_ASSIGNED_CONTEXT((#8689,#8688,#8687))
REPRESENTATION_CONTEXT('FIT0587','TOP_LEVEL_ASSEMBLY_PART')
);
#8682=(
GEOMETRIC_REPRESENTATION_CONTEXT(3)
GLOBAL_UNCERTAINTY_ASSIGNED_CONTEXT((#8685))
GLOBAL_UNIT_ASSIGNED_CONTEXT((#8689,#8688,#8687))
REPRESENTATION_CONTEXT('PinoXT-60_Macho','COMPONENT_PART')
);
#8683=(
GEOMETRIC_REPRESENTATION_CONTEXT(3)
GLOBAL_UNCERTAINTY_ASSIGNED_CONTEXT((#8686))
GLOBAL_UNIT_ASSIGNED_CONTEXT((#8689,#8688,#8687))
REPRESENTATION_CONTEXT('XT-60_Macho','COMPONENT_PART')
);
#8684=UNCERTAINTY_MEASURE_WITH_UNIT(LENGTH_MEASURE(0.005),#8689,
'DISTANCE_ACCURACY_VALUE','Maximum Tolerance applied to model');
#8685=UNCERTAINTY_MEASURE_WITH_UNIT(LENGTH_MEASURE(0.005),#8689,
'DISTANCE_ACCURACY_VALUE','Maximum Tolerance applied to model');
#8686=UNCERTAINTY_MEASURE_WITH_UNIT(LENGTH_MEASURE(0.005),#8689,
'DISTANCE_ACCURACY_VALUE','Maximum Tolerance applied to model');
#8687=(
NAMED_UNIT(*)
SI_UNIT($,.STERADIAN.)
SOLID_ANGLE_UNIT()
);
#8688=(
NAMED_UNIT(*)
PLANE_ANGLE_UNIT()
SI_UNIT($,.RADIAN.)
);
#8689=(
LENGTH_UNIT()
NAMED_UNIT(*)
SI_UNIT(.MILLI.,.METRE.)
);
#8690=PRODUCT_DEFINITION_SHAPE('','',#8696);
#8691=PRODUCT_DEFINITION_SHAPE('','',#8697);
#8692=PRODUCT_DEFINITION_SHAPE(' ','NAUO PRDDFN',#61);
#8693=PRODUCT_DEFINITION_SHAPE(' ','NAUO PRDDFN',#62);
#8694=PRODUCT_DEFINITION_SHAPE('','',#8698);
#8695=PRODUCT_DEFINITION_SHAPE(' ','NAUO PRDDFN',#63);
#8696=PRODUCT_DEFINITION('','',#8702,#8699);
#8697=PRODUCT_DEFINITION('','',#8703,#8700);
#8698=PRODUCT_DEFINITION('','',#8704,#8701);
#8699=PRODUCT_DEFINITION_CONTEXT('',#8718,'design');
#8700=PRODUCT_DEFINITION_CONTEXT('',#8718,'design');
#8701=PRODUCT_DEFINITION_CONTEXT('',#8718,'design');
#8702=PRODUCT_DEFINITION_FORMATION_WITH_SPECIFIED_SOURCE('','',#8708,
 .NOT_KNOWN.);
#8703=PRODUCT_DEFINITION_FORMATION_WITH_SPECIFIED_SOURCE('','',#8709,
 .NOT_KNOWN.);
#8704=PRODUCT_DEFINITION_FORMATION_WITH_SPECIFIED_SOURCE('','',#8710,
 .NOT_KNOWN.);
#8705=PRODUCT_RELATED_PRODUCT_CATEGORY('','',(#8708));
#8706=PRODUCT_RELATED_PRODUCT_CATEGORY('','',(#8709));
#8707=PRODUCT_RELATED_PRODUCT_CATEGORY('','',(#8710));
#8708=PRODUCT('FIT0587','FIT0587','FIT0587',(#8714));
#8709=PRODUCT('PinoXT-60_Macho','PinoXT-60_Macho','PinoXT-60_Macho',(#8715));
#8710=PRODUCT('XT-60_Macho','XT-60_Macho','XT-60_Macho',(#8716));
#8711=PRODUCT_CATEGORY('','');
#8712=PRODUCT_CATEGORY('','');
#8713=PRODUCT_CATEGORY('','');
#8714=PRODUCT_CONTEXT('',#8718,'mechanical');
#8715=PRODUCT_CONTEXT('',#8718,'mechanical');
#8716=PRODUCT_CONTEXT('',#8718,'mechanical');
#8717=APPLICATION_PROTOCOL_DEFINITION('international standard',
'automotive_design',2010,#8718);
#8718=APPLICATION_CONTEXT(
'core data for automotive mechanical design processes');
ENDSEC;
END-ISO-10303-21;
