ISO-10303-21;
HEADER;
FILE_DESCRIPTION(('Open CASCADE Model'),'2;1');
FILE_NAME('Open CASCADE Shape Model','2026-10-01T00:14:29',('Author'),(
    'Open CASCADE'),'Open CASCADE STEP processor 7.9','Open CASCADE 7.9'
  ,'Unknown');
FILE_SCHEMA(('AUTOMOTIVE_DESIGN { 1 0 10303 214 1 1 1 1 }'));
ENDSEC;
DATA;
#1 = APPLICATION_PROTOCOL_DEFINITION('international standard',
  'automotive_design',2000,#2);
#2 = APPLICATION_CONTEXT(
  'core data for automotive mechanical design processes');
#3 = SHAPE_DEFINITION_REPRESENTATION(#4,#10);
#4 = PRODUCT_DEFINITION_SHAPE('','',#5);
#5 = PRODUCT_DEFINITION('design','',#6,#9);
#6 = PRODUCT_DEFINITION_FORMATION('','',#7);
#7 = PRODUCT('SW-R3-1A-A-XX-0','SW-R3-1A-A-XX-0','',(#8));
#8 = PRODUCT_CONTEXT('',#2,'mechanical');
#9 = PRODUCT_DEFINITION_CONTEXT('part definition',#2,'design');
#10 = ADVANCED_BREP_SHAPE_REPRESENTATION('',(#11,#15),#12769);
#11 = AXIS2_PLACEMENT_3D('',#12,#13,#14);
#12 = CARTESIAN_POINT('',(0.,0.,0.));
#13 = DIRECTION('',(0.,0.,1.));
#14 = DIRECTION('',(1.,0.,-0.));
#15 = MANIFOLD_SOLID_BREP('',#16);
#16 = CLOSED_SHELL('',(#17,#454,#886,#1007,#1128,#1258,#1378,#1706,#1811
    ,#1921,#2031,#2141,#2261,#2371,#2476,#2586,#2696,#3094,#3462,#3582,
    #3692,#3812,#3922,#4334,#4439,#4544,#4910,#5020,#5089,#5158,#5212,
    #5281,#5357,#5533,#5703,#5730,#5777,#5883,#5930,#5983,#6010,#6119,
    #6234,#6339,#6444,#6544,#6819,#6826,#6833,#6861,#6889,#6917,#6945,
    #6994,#7022,#7050,#7078,#7106,#7134,#7162,#7169,#7289,#7316,#7411,
    #7418,#7445,#7472,#7593,#7713,#7740,#7835,#7842,#7962,#7989,#8084,
    #8091,#8118,#8145,#8152,#8179,#8206,#8327,#8354,#8381,#8408,#8415,
    #8422,#8449,#8456,#8483,#8490,#8517,#8524,#8571,#8578,#8585,#8695,
    #8742,#9055,#9363,#9370,#9377,#9404,#9411,#9438,#9465,#9472,#9499,
    #9506,#9533,#9540,#9567,#9574,#9686,#9843,#9914,#9992,#10070,#10221,
    #10372,#10422,#10472,#10522,#10572,#10579,#10607,#10657,#10707,
    #10757,#10764,#10840,#10894,#10943,#10975,#10982,#11112,#11204,
    #11334,#11339,#11415,#11491,#11683,#11850,#11897,#11904,#11911,
    #11958,#11985,#12012,#12019,#12095,#12171,#12363,#12530,#12577,
    #12584,#12591,#12638,#12665,#12692,#12699,#12727,#12732,#12764));
#17 = ADVANCED_FACE('',(#18),#31,.F.);
#18 = FACE_BOUND('',#19,.F.);
#19 = EDGE_LOOP('',(#20,#214,#343,#365));
#20 = ORIENTED_EDGE('',*,*,#21,.T.);
#21 = EDGE_CURVE('',#22,#24,#26,.T.);
#22 = VERTEX_POINT('',#23);
#23 = CARTESIAN_POINT('',(-0.155982083109,11.28358171316,0.850553469761)
  );
#24 = VERTEX_POINT('',#25);
#25 = CARTESIAN_POINT('',(-0.137160847734,11.32990407384,0.850553469761)
  );
#26 = SURFACE_CURVE('',#27,(#30,#122),.PCURVE_S1.);
#27 = B_SPLINE_CURVE_WITH_KNOTS('',1,(#28,#29),.UNSPECIFIED.,.F.,.F.,(2,
    2),(0.,1.),.PIECEWISE_BEZIER_KNOTS.);
#28 = CARTESIAN_POINT('',(-0.155982083109,11.28358171316,0.850553469761)
  );
#29 = CARTESIAN_POINT('',(-0.137160847734,11.32990407384,0.850553469761)
  );
#30 = PCURVE('',#31,#116);
#31 = B_SPLINE_SURFACE_WITH_KNOTS('',1,3,(
    (#32,#33,#34,#35,#36,#37,#38,#39,#40,#41,#42,#43,#44,#45,#46,#47,#48
      ,#49,#50,#51,#52,#53,#54,#55,#56,#57,#58,#59,#60,#61,#62,#63,#64
      ,#65,#66,#67,#68,#69,#70,#71,#72,#73)
    ,(#74,#75,#76,#77,#78,#79,#80,#81,#82,#83,#84,#85,#86,#87,#88,#89
      ,#90,#91,#92,#93,#94,#95,#96,#97,#98,#99,#100,#101,#102,#103,#104
      ,#105,#106,#107,#108,#109,#110,#111,#112,#113,#114,#115
  )),.UNSPECIFIED.,.F.,.T.,.F.,(2,2),(1,3,2,2,2,2,2,2,2,2,2,2,2,2,2,2,2,
    2,2,2,2,3,1),(0.,1.),(-6.25E-02,0.,6.25E-02,9.375E-02,0.125,0.1875,
    0.25,0.3125,0.34375,0.375,0.4375,0.5,0.53125,0.5625,0.625,0.6875,
    0.75,0.78125,0.8125,0.875,0.9375,1.,1.0625),.UNSPECIFIED.);
#32 = CARTESIAN_POINT('',(-0.155982083109,11.28358171316,0.850553469761)
  );
#33 = CARTESIAN_POINT('',(-5.4791013533E-02,11.242466776219,
    0.848650943583));
#34 = CARTESIAN_POINT('',(4.555925468846E-02,11.203346733951,
    0.8255370455));
#35 = CARTESIAN_POINT('',(0.195177862679,11.147338499008,0.758836647415)
  );
#36 = CARTESIAN_POINT('',(0.242119020454,11.13015468105,0.732485140355)
  );
#37 = CARTESIAN_POINT('',(0.330043296082,11.098524442125,0.67154604417)
  );
#38 = CARTESIAN_POINT('',(0.370500698815,11.084260526267,0.637494485847)
  );
#39 = CARTESIAN_POINT('',(0.485973464602,11.044172413553,0.519769502971)
  );
#40 = CARTESIAN_POINT('',(0.544989388994,11.02454122132,0.4276909574));
#41 = CARTESIAN_POINT('',(0.624807868309,10.998247949905,0.220666506987)
  );
#42 = CARTESIAN_POINT('',(0.644828941281,10.991832202462,0.112429164347)
  );
#43 = CARTESIAN_POINT('',(0.644883805928,10.991814457759,-0.118158186798
    ));
#44 = CARTESIAN_POINT('',(0.624223654337,10.99843403174,-0.227087231635)
  );
#45 = CARTESIAN_POINT('',(0.562858627818,11.018658227426,-0.379718805773
    ));
#46 = CARTESIAN_POINT('',(0.537715605787,11.027004178069,-0.42798115818)
  );
#47 = CARTESIAN_POINT('',(0.478118791862,11.047097047324,-0.51927618505)
  );
#48 = CARTESIAN_POINT('',(0.443215131449,11.05900034646,-0.562774234205)
  );
#49 = CARTESIAN_POINT('',(0.327376165147,11.09926733462,-0.682631616603)
  );
#50 = CARTESIAN_POINT('',(0.240383753113,11.130392965362,-0.743987012373
    ));
#51 = CARTESIAN_POINT('',(4.561744873246E-02,11.203348663187,
    -0.83041107506));
#52 = CARTESIAN_POINT('',(-5.633566160656E-02,11.243043622671,
    -0.851128651244));
#53 = CARTESIAN_POINT('',(-0.212726595814,11.306664674949,
    -0.848515484473));
#54 = CARTESIAN_POINT('',(-0.263897537511,11.327921263604,-0.84237929051
    ));
#55 = CARTESIAN_POINT('',(-0.364338810645,11.370460534098,
    -0.819576625842));
#56 = CARTESIAN_POINT('',(-0.41296619072,11.391460374329,-0.80320192403)
  );
#57 = CARTESIAN_POINT('',(-0.559883929617,11.456090737643,-0.73653179011
    ));
#58 = CARTESIAN_POINT('',(-0.64361601887,11.494498536856,-0.675170204779
    ));
#59 = CARTESIAN_POINT('',(-0.784699063805,11.560606299626,
    -0.517242768968));
#60 = CARTESIAN_POINT('',(-0.839497851368,11.587109239953,
    -0.423281767903));
#61 = CARTESIAN_POINT('',(-0.916270889678,11.624551357384,
    -0.210971205114));
#62 = CARTESIAN_POINT('',(-0.935162880543,11.633959251868,
    -0.101837426222));
#63 = CARTESIAN_POINT('',(-0.934494779201,11.633628916205,
    6.547845396768E-02));
#64 = CARTESIAN_POINT('',(-0.929082925007,11.630948277505,0.120281067864
    ));
#65 = CARTESIAN_POINT('',(-0.907857026769,11.62049437594,0.227947603324)
  );
#66 = CARTESIAN_POINT('',(-0.891634322291,11.612522142309,0.281818892893
    ));
#67 = CARTESIAN_POINT('',(-0.829711015082,11.582372606113,0.434480515066
    ));
#68 = CARTESIAN_POINT('',(-0.772174923085,11.554612761412,0.525593792046
    ));
#69 = CARTESIAN_POINT('',(-0.623399264994,11.485181499523,0.686980151119
    ));
#70 = CARTESIAN_POINT('',(-0.541243829698,11.447759712854,0.747821155022
    ));
#71 = CARTESIAN_POINT('',(-0.355389891064,11.366283898109,0.83230821085)
  );
#72 = CARTESIAN_POINT('',(-0.257173152685,11.324696650101,0.852455995939
    ));
#73 = CARTESIAN_POINT('',(-0.155982083109,11.28358171316,0.850553469761)
  );
#74 = CARTESIAN_POINT('',(-0.137160847734,11.32990407384,0.850553469761)
  );
#75 = CARTESIAN_POINT('',(-3.64037664427E-02,11.28896547065,
    0.848650943583));
#76 = CARTESIAN_POINT('',(6.351611952318E-02,11.25001320643,0.8255370455
    ));
#77 = CARTESIAN_POINT('',(0.21249304319,11.194245179619,0.758836647415)
  );
#78 = CARTESIAN_POINT('',(0.259232879716,11.177135059624,0.732485140355)
  );
#79 = CARTESIAN_POINT('',(0.346780065689,11.145640476475,0.67154604417)
  );
#80 = CARTESIAN_POINT('',(0.387063954703,11.131437735703,0.637494485847)
  );
#81 = CARTESIAN_POINT('',(0.502041480862,11.091521552897,0.519769502971)
  );
#82 = CARTESIAN_POINT('',(0.560804297743,11.071974554926,0.4276909574));
#83 = CARTESIAN_POINT('',(0.640280451544,11.045794050101,0.220666506987)
  );
#84 = CARTESIAN_POINT('',(0.660215658133,11.039405818517,0.112429164347)
  );
#85 = CARTESIAN_POINT('',(0.660270287477,11.039388149918,-0.118158186798
    ));
#86 = CARTESIAN_POINT('',(0.639698743149,11.045979333868,-0.227087231635
    ));
#87 = CARTESIAN_POINT('',(0.578596898971,11.066116792018,-0.379718805773
    ));
#88 = CARTESIAN_POINT('',(0.553561710339,11.074426948546,-0.42798115818)
  );
#89 = CARTESIAN_POINT('',(0.494220495245,11.094433643498,-0.51927618505)
  );
#90 = CARTESIAN_POINT('',(0.45946652966,11.106285891762,-0.562774234205)
  );
#91 = CARTESIAN_POINT('',(0.344124373545,11.146380182853,-0.682631616603
    ));
#92 = CARTESIAN_POINT('',(0.257505054589,11.177372321982,-0.743987012373
    ));
#93 = CARTESIAN_POINT('',(6.357406398456E-02,11.250015127392,
    -0.83041107506));
#94 = CARTESIAN_POINT('',(-3.794178982921E-02,11.289539843124,
    -0.851128651244));
#95 = CARTESIAN_POINT('',(-0.193661994559,11.352888037416,
    -0.848515484473));
#96 = CARTESIAN_POINT('',(-0.244613474308,11.374053460809,-0.84237929051
    ));
#97 = CARTESIAN_POINT('',(-0.344623974884,11.416410288869,
    -0.819576625842));
#98 = CARTESIAN_POINT('',(-0.393042801839,11.437320064979,-0.80320192403
    ));
#99 = CARTESIAN_POINT('',(-0.539330439901,11.501673241575,-0.73653179011
    ));
#100 = CARTESIAN_POINT('',(-0.622703418948,11.539916317409,
    -0.675170204779));
#101 = CARTESIAN_POINT('',(-0.763181386885,11.60574055719,
    -0.517242768968));
#102 = CARTESIAN_POINT('',(-0.817745153394,11.6321298317,-0.423281767903
    ));
#103 = CARTESIAN_POINT('',(-0.894188927479,11.669411367368,
    -0.210971205114));
#104 = CARTESIAN_POINT('',(-0.912999894368,11.678778913272,
    -0.101837426222));
#105 = CARTESIAN_POINT('',(-0.91233465838,11.678449994352,
    6.547845396768E-02));
#106 = CARTESIAN_POINT('',(-0.906946014547,11.675780852376,
    0.120281067864));
#107 = CARTESIAN_POINT('',(-0.885811149947,11.665371785507,
    0.227947603324));
#108 = CARTESIAN_POINT('',(-0.869658021407,11.657433743193,
    0.281818892893));
#109 = CARTESIAN_POINT('',(-0.808000290894,11.627413512336,
    0.434480515066));
#110 = CARTESIAN_POINT('',(-0.750710959703,11.599772724064,
    0.525593792046));
#111 = CARTESIAN_POINT('',(-0.602573370691,11.530639238988,
    0.686980151119));
#112 = CARTESIAN_POINT('',(-0.520770283647,11.493377946887,
    0.747821155022));
#113 = CARTESIAN_POINT('',(-0.335713435432,11.412251565638,0.83230821085
    ));
#114 = CARTESIAN_POINT('',(-0.237917929025,11.370842677029,
    0.852455995939));
#115 = CARTESIAN_POINT('',(-0.137160847734,11.32990407384,0.850553469761
    ));
#116 = DEFINITIONAL_REPRESENTATION('',(#117),#121);
#117 = LINE('',#118,#119);
#118 = CARTESIAN_POINT('',(1.526615884655E-14,0.));
#119 = VECTOR('',#120,1.);
#120 = DIRECTION('',(1.,0.));
#121 = ( GEOMETRIC_REPRESENTATION_CONTEXT(2) 
PARAMETRIC_REPRESENTATION_CONTEXT() REPRESENTATION_CONTEXT('2D SPACE',''
  ) );
#122 = PCURVE('',#123,#208);
#123 = B_SPLINE_SURFACE_WITH_KNOTS('',1,3,(
    (#124,#125,#126,#127,#128,#129,#130,#131,#132,#133,#134,#135,#136
      ,#137,#138,#139,#140,#141,#142,#143,#144,#145,#146,#147,#148,#149
      ,#150,#151,#152,#153,#154,#155,#156,#157,#158,#159,#160,#161,#162
      ,#163,#164,#165)
    ,(#166,#167,#168,#169,#170,#171,#172,#173,#174,#175,#176,#177,#178
      ,#179,#180,#181,#182,#183,#184,#185,#186,#187,#188,#189,#190,#191
      ,#192,#193,#194,#195,#196,#197,#198,#199,#200,#201,#202,#203,#204
      ,#205,#206,#207
    )),.UNSPECIFIED.,.F.,.T.,.F.,(2,2),(1,3,2,2,2,2,2,2,2,2,2,2,2,2,2,2,
    2,2,2,2,2,3,1),(0.,1.),(-6.25E-02,0.,6.25E-02,9.375E-02,0.125,0.1875
    ,0.25,0.3125,0.34375,0.375,0.4375,0.5,0.53125,0.5625,0.625,0.6875,
    0.75,0.78125,0.8125,0.875,0.9375,1.,1.0625),.UNSPECIFIED.);
#124 = CARTESIAN_POINT('',(-0.155982083109,11.28358171316,0.850553469761
    ));
#125 = CARTESIAN_POINT('',(-5.4791013533E-02,11.242466776219,
    0.848650943583));
#126 = CARTESIAN_POINT('',(4.555925468846E-02,11.203346733951,
    0.8255370455));
#127 = CARTESIAN_POINT('',(0.195177862679,11.147338499008,0.758836647415
    ));
#128 = CARTESIAN_POINT('',(0.242119020454,11.13015468105,0.732485140355)
  );
#129 = CARTESIAN_POINT('',(0.330043296082,11.098524442125,0.67154604417)
  );
#130 = CARTESIAN_POINT('',(0.370500698815,11.084260526267,0.637494485847
    ));
#131 = CARTESIAN_POINT('',(0.485973464602,11.044172413553,0.519769502971
    ));
#132 = CARTESIAN_POINT('',(0.544989388994,11.02454122132,0.4276909574));
#133 = CARTESIAN_POINT('',(0.624807868309,10.998247949905,0.220666506987
    ));
#134 = CARTESIAN_POINT('',(0.644828941281,10.991832202462,0.112429164347
    ));
#135 = CARTESIAN_POINT('',(0.644883805928,10.991814457759,
    -0.118158186798));
#136 = CARTESIAN_POINT('',(0.624223654337,10.99843403174,-0.227087231635
    ));
#137 = CARTESIAN_POINT('',(0.562858627818,11.018658227426,
    -0.379718805773));
#138 = CARTESIAN_POINT('',(0.537715605787,11.027004178069,-0.42798115818
    ));
#139 = CARTESIAN_POINT('',(0.478118791862,11.047097047324,-0.51927618505
    ));
#140 = CARTESIAN_POINT('',(0.443215131449,11.05900034646,-0.562774234205
    ));
#141 = CARTESIAN_POINT('',(0.327376165147,11.09926733462,-0.682631616603
    ));
#142 = CARTESIAN_POINT('',(0.240383753113,11.130392965362,
    -0.743987012373));
#143 = CARTESIAN_POINT('',(4.561744873246E-02,11.203348663187,
    -0.83041107506));
#144 = CARTESIAN_POINT('',(-5.633566160656E-02,11.243043622671,
    -0.851128651244));
#145 = CARTESIAN_POINT('',(-0.212726595814,11.306664674949,
    -0.848515484473));
#146 = CARTESIAN_POINT('',(-0.263897537511,11.327921263604,
    -0.84237929051));
#147 = CARTESIAN_POINT('',(-0.364338810645,11.370460534098,
    -0.819576625842));
#148 = CARTESIAN_POINT('',(-0.41296619072,11.391460374329,-0.80320192403
    ));
#149 = CARTESIAN_POINT('',(-0.559883929617,11.456090737643,
    -0.73653179011));
#150 = CARTESIAN_POINT('',(-0.64361601887,11.494498536856,
    -0.675170204779));
#151 = CARTESIAN_POINT('',(-0.784699063805,11.560606299626,
    -0.517242768968));
#152 = CARTESIAN_POINT('',(-0.839497851368,11.587109239953,
    -0.423281767903));
#153 = CARTESIAN_POINT('',(-0.916270889678,11.624551357384,
    -0.210971205114));
#154 = CARTESIAN_POINT('',(-0.935162880543,11.633959251868,
    -0.101837426222));
#155 = CARTESIAN_POINT('',(-0.934494779201,11.633628916205,
    6.547845396768E-02));
#156 = CARTESIAN_POINT('',(-0.929082925007,11.630948277505,
    0.120281067864));
#157 = CARTESIAN_POINT('',(-0.907857026769,11.62049437594,0.227947603324
    ));
#158 = CARTESIAN_POINT('',(-0.891634322291,11.612522142309,
    0.281818892893));
#159 = CARTESIAN_POINT('',(-0.829711015082,11.582372606113,
    0.434480515066));
#160 = CARTESIAN_POINT('',(-0.772174923085,11.554612761412,
    0.525593792046));
#161 = CARTESIAN_POINT('',(-0.623399264994,11.485181499523,
    0.686980151119));
#162 = CARTESIAN_POINT('',(-0.541243829698,11.447759712854,
    0.747821155022));
#163 = CARTESIAN_POINT('',(-0.355389891064,11.366283898109,0.83230821085
    ));
#164 = CARTESIAN_POINT('',(-0.257173152685,11.324696650101,
    0.852455995939));
#165 = CARTESIAN_POINT('',(-0.155982083109,11.28358171316,0.850553469761
    ));
#166 = CARTESIAN_POINT('',(-0.137160847734,11.32990407384,0.850553469761
    ));
#167 = CARTESIAN_POINT('',(-3.64037664427E-02,11.28896547065,
    0.848650943583));
#168 = CARTESIAN_POINT('',(6.351611952318E-02,11.25001320643,
    0.8255370455));
#169 = CARTESIAN_POINT('',(0.21249304319,11.194245179619,0.758836647415)
  );
#170 = CARTESIAN_POINT('',(0.259232879716,11.177135059624,0.732485140355
    ));
#171 = CARTESIAN_POINT('',(0.346780065689,11.145640476475,0.67154604417)
  );
#172 = CARTESIAN_POINT('',(0.387063954703,11.131437735703,0.637494485847
    ));
#173 = CARTESIAN_POINT('',(0.502041480862,11.091521552897,0.519769502971
    ));
#174 = CARTESIAN_POINT('',(0.560804297743,11.071974554926,0.4276909574)
  );
#175 = CARTESIAN_POINT('',(0.640280451544,11.045794050101,0.220666506987
    ));
#176 = CARTESIAN_POINT('',(0.660215658133,11.039405818517,0.112429164347
    ));
#177 = CARTESIAN_POINT('',(0.660270287477,11.039388149918,
    -0.118158186798));
#178 = CARTESIAN_POINT('',(0.639698743149,11.045979333868,
    -0.227087231635));
#179 = CARTESIAN_POINT('',(0.578596898971,11.066116792018,
    -0.379718805773));
#180 = CARTESIAN_POINT('',(0.553561710339,11.074426948546,-0.42798115818
    ));
#181 = CARTESIAN_POINT('',(0.494220495245,11.094433643498,-0.51927618505
    ));
#182 = CARTESIAN_POINT('',(0.45946652966,11.106285891762,-0.562774234205
    ));
#183 = CARTESIAN_POINT('',(0.344124373545,11.146380182853,
    -0.682631616603));
#184 = CARTESIAN_POINT('',(0.257505054589,11.177372321982,
    -0.743987012373));
#185 = CARTESIAN_POINT('',(6.357406398456E-02,11.250015127392,
    -0.83041107506));
#186 = CARTESIAN_POINT('',(-3.794178982921E-02,11.289539843124,
    -0.851128651244));
#187 = CARTESIAN_POINT('',(-0.193661994559,11.352888037416,
    -0.848515484473));
#188 = CARTESIAN_POINT('',(-0.244613474308,11.374053460809,
    -0.84237929051));
#189 = CARTESIAN_POINT('',(-0.344623974884,11.416410288869,
    -0.819576625842));
#190 = CARTESIAN_POINT('',(-0.393042801839,11.437320064979,
    -0.80320192403));
#191 = CARTESIAN_POINT('',(-0.539330439901,11.501673241575,
    -0.73653179011));
#192 = CARTESIAN_POINT('',(-0.622703418948,11.539916317409,
    -0.675170204779));
#193 = CARTESIAN_POINT('',(-0.763181386885,11.60574055719,
    -0.517242768968));
#194 = CARTESIAN_POINT('',(-0.817745153394,11.6321298317,-0.423281767903
    ));
#195 = CARTESIAN_POINT('',(-0.894188927479,11.669411367368,
    -0.210971205114));
#196 = CARTESIAN_POINT('',(-0.912999894368,11.678778913272,
    -0.101837426222));
#197 = CARTESIAN_POINT('',(-0.91233465838,11.678449994352,
    6.547845396768E-02));
#198 = CARTESIAN_POINT('',(-0.906946014547,11.675780852376,
    0.120281067864));
#199 = CARTESIAN_POINT('',(-0.885811149947,11.665371785507,
    0.227947603324));
#200 = CARTESIAN_POINT('',(-0.869658021407,11.657433743193,
    0.281818892893));
#201 = CARTESIAN_POINT('',(-0.808000290894,11.627413512336,
    0.434480515066));
#202 = CARTESIAN_POINT('',(-0.750710959703,11.599772724064,
    0.525593792046));
#203 = CARTESIAN_POINT('',(-0.602573370691,11.530639238988,
    0.686980151119));
#204 = CARTESIAN_POINT('',(-0.520770283647,11.493377946887,
    0.747821155022));
#205 = CARTESIAN_POINT('',(-0.335713435432,11.412251565638,0.83230821085
    ));
#206 = CARTESIAN_POINT('',(-0.237917929025,11.370842677029,
    0.852455995939));
#207 = CARTESIAN_POINT('',(-0.137160847734,11.32990407384,0.850553469761
    ));
#208 = DEFINITIONAL_REPRESENTATION('',(#209),#213);
#209 = LINE('',#210,#211);
#210 = CARTESIAN_POINT('',(1.526615884655E-14,1.));
#211 = VECTOR('',#212,1.);
#212 = DIRECTION('',(1.,0.));
#213 = ( GEOMETRIC_REPRESENTATION_CONTEXT(2) 
PARAMETRIC_REPRESENTATION_CONTEXT() REPRESENTATION_CONTEXT('2D SPACE',''
  ) );
#214 = ORIENTED_EDGE('',*,*,#215,.T.);
#215 = EDGE_CURVE('',#24,#216,#218,.T.);
#216 = VERTEX_POINT('',#217);
#217 = CARTESIAN_POINT('',(-0.141755259649,11.331771972652,
    -0.849386540063));
#218 = SURFACE_CURVE('',#219,(#236,#287),.PCURVE_S1.);
#219 = B_SPLINE_CURVE_WITH_KNOTS('',3,(#220,#221,#222,#223,#224,#225,
    #226,#227,#228,#229,#230,#231,#232,#233,#234,#235),.UNSPECIFIED.,.F.
  ,.F.,(4,2,2,2,2,2,2,4),(0.,6.25E-02,0.125,0.1875,0.25,0.375,0.4375,0.5
    ),.UNSPECIFIED.);
#220 = CARTESIAN_POINT('',(-0.137160847734,11.32990407384,0.850553469761
    ));
#221 = CARTESIAN_POINT('',(-3.64182996038E-02,11.288971375618,
    0.848651218003));
#222 = CARTESIAN_POINT('',(6.354104713449E-02,11.250003875027,
    0.825519577409));
#223 = CARTESIAN_POINT('',(0.262127090134,11.175665168751,0.736620649478
    ));
#224 = CARTESIAN_POINT('',(0.348754518611,11.144737434395,0.676710961251
    ));
#225 = CARTESIAN_POINT('',(0.502025074901,11.091527248474,0.519794688526
    ));
#226 = CARTESIAN_POINT('',(0.56086137898,11.071955751606,0.42752464356)
  );
#227 = CARTESIAN_POINT('',(0.640223370307,11.045812853421,0.220832820827
    ));
#228 = CARTESIAN_POINT('',(0.660158328477,11.039424360469,0.112269490021
    ));
#229 = CARTESIAN_POINT('',(0.660412261461,11.039342231713,
    -0.233132513718));
#230 = CARTESIAN_POINT('',(0.574757714671,11.066209318826,
    -0.442952597204));
#231 = CARTESIAN_POINT('',(0.344149859097,11.146371323775,
    -0.682613743905));
#232 = CARTESIAN_POINT('',(0.257476616034,11.177382974516,-0.74399305608
    ));
#233 = CARTESIAN_POINT('',(6.360250253971E-02,11.250004474858,
    -0.830405031353));
#234 = CARTESIAN_POINT('',(-3.797150545412E-02,11.289551931672,
    -0.851121683479));
#235 = CARTESIAN_POINT('',(-0.141755259649,11.331771972652,
    -0.849386540063));
#236 = PCURVE('',#31,#237);
#237 = DEFINITIONAL_REPRESENTATION('',(#238),#286);
#238 = B_SPLINE_CURVE_WITH_KNOTS('',3,(#239,#240,#241,#242,#243,#244,
    #245,#246,#247,#248,#249,#250,#251,#252,#253,#254,#255,#256,#257,
    #258,#259,#260,#261,#262,#263,#264,#265,#266,#267,#268,#269,#270,
    #271,#272,#273,#274,#275,#276,#277,#278,#279,#280,#281,#282,#283,
    #284,#285),.UNSPECIFIED.,.F.,.F.,(4,1,1,1,1,1,1,1,1,1,1,1,1,1,1,1,1,
    1,1,1,1,1,1,1,1,1,1,1,1,1,1,1,1,1,1,1,1,1,1,1,1,1,1,1,4),(0.,
    1.136363636364E-02,2.272727272727E-02,3.409090909091E-02,
    4.545454545455E-02,5.681818181818E-02,6.818181818182E-02,
    7.954545454545E-02,9.090909090909E-02,0.102272727273,0.113636363636,
    0.125,0.136363636364,0.147727272727,0.159090909091,0.170454545455,
    0.181818181818,0.193181818182,0.204545454545,0.215909090909,
    0.227272727273,0.238636363636,0.25,0.261363636364,0.272727272727,
    0.284090909091,0.295454545455,0.306818181818,0.318181818182,
    0.329545454545,0.340909090909,0.352272727273,0.363636363636,0.375,
    0.386363636364,0.397727272727,0.409090909091,0.420454545455,
    0.431818181818,0.443181818182,0.454545454545,0.465909090909,
    0.477272727273,0.488636363636,0.5),.QUASI_UNIFORM_KNOTS.);
#239 = CARTESIAN_POINT('',(1.,0.));
#240 = CARTESIAN_POINT('',(1.000000156016,3.787320325564E-03));
#241 = CARTESIAN_POINT('',(1.000001430717,1.136274134552E-02));
#242 = CARTESIAN_POINT('',(1.000004128104,2.27272872744E-02));
#243 = CARTESIAN_POINT('',(1.000004682244,3.409228813038E-02));
#244 = CARTESIAN_POINT('',(1.000003055241,4.545689911673E-02));
#245 = CARTESIAN_POINT('',(0.99999963742,5.681946332613E-02));
#246 = CARTESIAN_POINT('',(1.000001258492,6.818167539535E-02));
#247 = CARTESIAN_POINT('',(0.999890564121,7.950163970045E-02));
#248 = CARTESIAN_POINT('',(0.999810021894,9.080602558629E-02));
#249 = CARTESIAN_POINT('',(0.999861092943,0.102151849448));
#250 = CARTESIAN_POINT('',(0.99998011252,0.113604021458));
#251 = CARTESIAN_POINT('',(1.000004945801,0.125008861736));
#252 = CARTESIAN_POINT('',(1.000000104275,0.136360531596));
#253 = CARTESIAN_POINT('',(1.000004619765,0.147733339021));
#254 = CARTESIAN_POINT('',(1.000004329548,0.159102603549));
#255 = CARTESIAN_POINT('',(1.000002441607,0.170469169848));
#256 = CARTESIAN_POINT('',(0.999999938261,0.181827990979));
#257 = CARTESIAN_POINT('',(0.99999991099,0.193171895071));
#258 = CARTESIAN_POINT('',(1.000000908554,0.204533775783));
#259 = CARTESIAN_POINT('',(1.000000441783,0.215904509721));
#260 = CARTESIAN_POINT('',(1.000004435353,0.227277390748));
#261 = CARTESIAN_POINT('',(0.999987898126,0.238647602005));
#262 = CARTESIAN_POINT('',(1.000046071717,0.249997805201));
#263 = CARTESIAN_POINT('',(0.999827815006,0.261361177193));
#264 = CARTESIAN_POINT('',(0.999185331906,0.272764225666));
#265 = CARTESIAN_POINT('',(0.998409891044,0.284178825932));
#266 = CARTESIAN_POINT('',(0.997682086863,0.295584492902));
#267 = CARTESIAN_POINT('',(0.997204765462,0.306959372058));
#268 = CARTESIAN_POINT('',(0.997253192484,0.318265608787));
#269 = CARTESIAN_POINT('',(0.997662444719,0.329635830824));
#270 = CARTESIAN_POINT('',(0.998307809121,0.341029383562));
#271 = CARTESIAN_POINT('',(0.99908189291,0.352391257027));
#272 = CARTESIAN_POINT('',(0.999784664486,0.363670384613));
#273 = CARTESIAN_POINT('',(1.00005731572,0.374991494206));
#274 = CARTESIAN_POINT('',(0.999986072635,0.386363638562));
#275 = CARTESIAN_POINT('',(1.000008874464,0.397725160987));
#276 = CARTESIAN_POINT('',(1.000004444339,0.409091246333));
#277 = CARTESIAN_POINT('',(1.000003897177,0.420456159341));
#278 = CARTESIAN_POINT('',(0.999999909905,0.431819906489));
#279 = CARTESIAN_POINT('',(0.999999985086,0.443180103129));
#280 = CARTESIAN_POINT('',(1.000004387337,0.454543570952));
#281 = CARTESIAN_POINT('',(1.000007007235,0.465908555708));
#282 = CARTESIAN_POINT('',(1.000006173502,0.47727399319));
#283 = CARTESIAN_POINT('',(1.000002164,0.488638445137));
#284 = CARTESIAN_POINT('',(1.00000024503,0.49621321892));
#285 = CARTESIAN_POINT('',(1.,0.5));
#286 = ( GEOMETRIC_REPRESENTATION_CONTEXT(2) 
PARAMETRIC_REPRESENTATION_CONTEXT() REPRESENTATION_CONTEXT('2D SPACE',''
  ) );
#287 = PCURVE('',#288,#293);
#288 = CYLINDRICAL_SURFACE('',#289,11.60827202689);
#289 = AXIS2_PLACEMENT_3D('',#290,#291,#292);
#290 = CARTESIAN_POINT('',(4.232479554555,22.084355347846,3.1));
#291 = DIRECTION('',(-0.,-0.,-1.));
#292 = DIRECTION('',(-1.,0.,0.));
#293 = DEFINITIONAL_REPRESENTATION('',(#294),#342);
#294 = B_SPLINE_CURVE_WITH_KNOTS('',3,(#295,#296,#297,#298,#299,#300,
    #301,#302,#303,#304,#305,#306,#307,#308,#309,#310,#311,#312,#313,
    #314,#315,#316,#317,#318,#319,#320,#321,#322,#323,#324,#325,#326,
    #327,#328,#329,#330,#331,#332,#333,#334,#335,#336,#337,#338,#339,
    #340,#341),.UNSPECIFIED.,.F.,.F.,(4,1,1,1,1,1,1,1,1,1,1,1,1,1,1,1,1,
    1,1,1,1,1,1,1,1,1,1,1,1,1,1,1,1,1,1,1,1,1,1,1,1,1,1,1,4),(0.,
    1.136363636364E-02,2.272727272727E-02,3.409090909091E-02,
    4.545454545455E-02,5.681818181818E-02,6.818181818182E-02,
    7.954545454545E-02,9.090909090909E-02,0.102272727273,0.113636363636,
    0.125,0.136363636364,0.147727272727,0.159090909091,0.170454545455,
    0.181818181818,0.193181818182,0.204545454545,0.215909090909,
    0.227272727273,0.238636363636,0.25,0.261363636364,0.272727272727,
    0.284090909091,0.295454545455,0.306818181818,0.318181818182,
    0.329545454545,0.340909090909,0.352272727273,0.363636363636,0.375,
    0.386363636364,0.397727272727,0.409090909091,0.420454545455,
    0.431818181818,0.443181818182,0.454545454545,0.465909090909,
    0.477272727273,0.488636363636,0.5),.QUASI_UNIFORM_KNOTS.);
#295 = CARTESIAN_POINT('',(5.098323093669,2.249446530239));
#296 = CARTESIAN_POINT('',(5.096619908308,2.249792394195));
#297 = CARTESIAN_POINT('',(5.093221900227,2.251887628221));
#298 = CARTESIAN_POINT('',(5.088149157186,2.259244995406));
#299 = CARTESIAN_POINT('',(5.08310050086,2.27081764222));
#300 = CARTESIAN_POINT('',(5.078073521222,2.286617652276));
#301 = CARTESIAN_POINT('',(5.073074103008,2.306615062981));
#302 = CARTESIAN_POINT('',(5.068077201083,2.330936776447));
#303 = CARTESIAN_POINT('',(5.063336025481,2.358266426498));
#304 = CARTESIAN_POINT('',(5.058814770901,2.388857985998));
#305 = CARTESIAN_POINT('',(5.054508823977,2.422795254321));
#306 = CARTESIAN_POINT('',(5.050412808553,2.460157286858));
#307 = CARTESIAN_POINT('',(5.046493354143,2.501212288423));
#308 = CARTESIAN_POINT('',(5.042829986601,2.54547661012));
#309 = CARTESIAN_POINT('',(5.039515657645,2.592256390575));
#310 = CARTESIAN_POINT('',(5.036529801306,2.64161030743));
#311 = CARTESIAN_POINT('',(5.033882217222,2.693405490342));
#312 = CARTESIAN_POINT('',(5.031574864726,2.747522721885));
#313 = CARTESIAN_POINT('',(5.029610803015,2.803979720951));
#314 = CARTESIAN_POINT('',(5.028004117777,2.861379737823));
#315 = CARTESIAN_POINT('',(5.026753350199,2.919913422177));
#316 = CARTESIAN_POINT('',(5.025858566131,2.979617801085));
#317 = CARTESIAN_POINT('',(5.025320928918,3.040446931225));
#318 = CARTESIAN_POINT('',(5.025135704197,3.102840373457));
#319 = CARTESIAN_POINT('',(5.025320665866,3.1653786423));
#320 = CARTESIAN_POINT('',(5.025886997285,3.226459046608));
#321 = CARTESIAN_POINT('',(5.026823333743,3.286341855303));
#322 = CARTESIAN_POINT('',(5.028124353708,3.34478813508));
#323 = CARTESIAN_POINT('',(5.029783134984,3.401692801481));
#324 = CARTESIAN_POINT('',(5.031793160629,3.456914576876));
#325 = CARTESIAN_POINT('',(5.034147952544,3.510323107488));
#326 = CARTESIAN_POINT('',(5.036840537296,3.56178053729));
#327 = CARTESIAN_POINT('',(5.039865948958,3.611168095407));
#328 = CARTESIAN_POINT('',(5.043211746226,3.658298172609));
#329 = CARTESIAN_POINT('',(5.046893430849,3.703239427929));
#330 = CARTESIAN_POINT('',(5.050822242802,3.745104285702));
#331 = CARTESIAN_POINT('',(5.054918475497,3.783151314775));
#332 = CARTESIAN_POINT('',(5.059206372008,3.817592679587));
#333 = CARTESIAN_POINT('',(5.063683439569,3.848393513198));
#334 = CARTESIAN_POINT('',(5.06835030984,3.87555347859));
#335 = CARTESIAN_POINT('',(5.073221981117,3.899181150441));
#336 = CARTESIAN_POINT('',(5.078174924576,3.918271537228));
#337 = CARTESIAN_POINT('',(5.083212426477,3.932923964307));
#338 = CARTESIAN_POINT('',(5.08832404338,3.943113531674));
#339 = CARTESIAN_POINT('',(5.093503023697,3.948848636841));
#340 = CARTESIAN_POINT('',(5.096995436188,3.949702020684));
#341 = CARTESIAN_POINT('',(5.098750341025,3.949386540063));
#342 = ( GEOMETRIC_REPRESENTATION_CONTEXT(2) 
PARAMETRIC_REPRESENTATION_CONTEXT() REPRESENTATION_CONTEXT('2D SPACE',''
  ) );
#343 = ORIENTED_EDGE('',*,*,#344,.F.);
#344 = EDGE_CURVE('',#345,#216,#347,.T.);
#345 = VERTEX_POINT('',#346);
#346 = CARTESIAN_POINT('',(-0.160596284411,11.285457657523,
    -0.849386540063));
#347 = SURFACE_CURVE('',#348,(#351,#358),.PCURVE_S1.);
#348 = B_SPLINE_CURVE_WITH_KNOTS('',1,(#349,#350),.UNSPECIFIED.,.F.,.F.,
  (2,2),(0.,1.),.PIECEWISE_BEZIER_KNOTS.);
#349 = CARTESIAN_POINT('',(-0.160596284411,11.285457657523,
    -0.849386540063));
#350 = CARTESIAN_POINT('',(-0.141755259649,11.331771972652,
    -0.849386540063));
#351 = PCURVE('',#31,#352);
#352 = DEFINITIONAL_REPRESENTATION('',(#353),#357);
#353 = LINE('',#354,#355);
#354 = CARTESIAN_POINT('',(-4.303932969567E-14,0.5));
#355 = VECTOR('',#356,1.);
#356 = DIRECTION('',(1.,2.22044604925E-16));
#357 = ( GEOMETRIC_REPRESENTATION_CONTEXT(2) 
PARAMETRIC_REPRESENTATION_CONTEXT() REPRESENTATION_CONTEXT('2D SPACE',''
  ) );
#358 = PCURVE('',#123,#359);
#359 = DEFINITIONAL_REPRESENTATION('',(#360),#364);
#360 = LINE('',#361,#362);
#361 = CARTESIAN_POINT('',(-4.345768448565E-14,0.5));
#362 = VECTOR('',#363,1.);
#363 = DIRECTION('',(1.,1.665334536938E-16));
#364 = ( GEOMETRIC_REPRESENTATION_CONTEXT(2) 
PARAMETRIC_REPRESENTATION_CONTEXT() REPRESENTATION_CONTEXT('2D SPACE',''
  ) );
#365 = ORIENTED_EDGE('',*,*,#366,.F.);
#366 = EDGE_CURVE('',#22,#345,#367,.T.);
#367 = SURFACE_CURVE('',#368,(#391,#398),.PCURVE_S1.);
#368 = B_SPLINE_CURVE_WITH_KNOTS('',3,(#369,#370,#371,#372,#373,#374,
    #375,#376,#377,#378,#379,#380,#381,#382,#383,#384,#385,#386,#387,
    #388,#389,#390),.UNSPECIFIED.,.F.,.F.,(4,2,2,2,2,2,2,2,2,2,4),(0.,
    6.25E-02,9.375E-02,0.125,0.1875,0.25,0.3125,0.34375,0.375,0.4375,0.5
    ),.UNSPECIFIED.);
#369 = CARTESIAN_POINT('',(-0.155982083109,11.28358171316,0.850553469761
    ));
#370 = CARTESIAN_POINT('',(-5.4791013533E-02,11.242466776219,
    0.848650943583));
#371 = CARTESIAN_POINT('',(4.555925468846E-02,11.203346733951,
    0.8255370455));
#372 = CARTESIAN_POINT('',(0.195177862679,11.147338499008,0.758836647415
    ));
#373 = CARTESIAN_POINT('',(0.242119020454,11.13015468105,0.732485140355)
  );
#374 = CARTESIAN_POINT('',(0.330043296082,11.098524442125,0.67154604417)
  );
#375 = CARTESIAN_POINT('',(0.370500698815,11.084260526267,0.637494485847
    ));
#376 = CARTESIAN_POINT('',(0.485973464602,11.044172413553,0.519769502971
    ));
#377 = CARTESIAN_POINT('',(0.544989388994,11.02454122132,0.4276909574));
#378 = CARTESIAN_POINT('',(0.624807868309,10.998247949905,0.220666506987
    ));
#379 = CARTESIAN_POINT('',(0.644828941281,10.991832202462,0.112429164347
    ));
#380 = CARTESIAN_POINT('',(0.644883805928,10.991814457759,
    -0.118158186798));
#381 = CARTESIAN_POINT('',(0.624223654337,10.99843403174,-0.227087231635
    ));
#382 = CARTESIAN_POINT('',(0.562858627818,11.018658227426,
    -0.379718805773));
#383 = CARTESIAN_POINT('',(0.537715605787,11.027004178069,-0.42798115818
    ));
#384 = CARTESIAN_POINT('',(0.478118791862,11.047097047324,-0.51927618505
    ));
#385 = CARTESIAN_POINT('',(0.443215131449,11.05900034646,-0.562774234205
    ));
#386 = CARTESIAN_POINT('',(0.327376165147,11.09926733462,-0.682631616603
    ));
#387 = CARTESIAN_POINT('',(0.240383753113,11.130392965362,
    -0.743987012373));
#388 = CARTESIAN_POINT('',(4.561744873246E-02,11.203348663187,
    -0.83041107506));
#389 = CARTESIAN_POINT('',(-5.633566160656E-02,11.243043622671,
    -0.851128651244));
#390 = CARTESIAN_POINT('',(-0.160596284411,11.285457657523,
    -0.849386540063));
#391 = PCURVE('',#31,#392);
#392 = DEFINITIONAL_REPRESENTATION('',(#393),#397);
#393 = LINE('',#394,#395);
#394 = CARTESIAN_POINT('',(1.526615884655E-14,0.));
#395 = VECTOR('',#396,1.);
#396 = DIRECTION('',(-1.174476866644E-13,1.));
#397 = ( GEOMETRIC_REPRESENTATION_CONTEXT(2) 
PARAMETRIC_REPRESENTATION_CONTEXT() REPRESENTATION_CONTEXT('2D SPACE',''
  ) );
#398 = PCURVE('',#399,#404);
#399 = CYLINDRICAL_SURFACE('',#400,11.65827202689);
#400 = AXIS2_PLACEMENT_3D('',#401,#402,#403);
#401 = CARTESIAN_POINT('',(4.232479554555,22.084355347846,3.1));
#402 = DIRECTION('',(-0.,-0.,-1.));
#403 = DIRECTION('',(-1.,0.,0.));
#404 = DEFINITIONAL_REPRESENTATION('',(#405),#453);
#405 = B_SPLINE_CURVE_WITH_KNOTS('',3,(#406,#407,#408,#409,#410,#411,
    #412,#413,#414,#415,#416,#417,#418,#419,#420,#421,#422,#423,#424,
    #425,#426,#427,#428,#429,#430,#431,#432,#433,#434,#435,#436,#437,
    #438,#439,#440,#441,#442,#443,#444,#445,#446,#447,#448,#449,#450,
    #451,#452),.UNSPECIFIED.,.F.,.F.,(4,1,1,1,1,1,1,1,1,1,1,1,1,1,1,1,1,
    1,1,1,1,1,1,1,1,1,1,1,1,1,1,1,1,1,1,1,1,1,1,1,1,1,1,1,4),(0.,
    1.136363636364E-02,2.272727272727E-02,3.409090909091E-02,
    4.545454545455E-02,5.681818181818E-02,6.818181818182E-02,
    7.954545454545E-02,9.090909090909E-02,0.102272727273,0.113636363636,
    0.125,0.136363636364,0.147727272727,0.159090909091,0.170454545455,
    0.181818181818,0.193181818182,0.204545454545,0.215909090909,
    0.227272727273,0.238636363636,0.25,0.261363636364,0.272727272727,
    0.284090909091,0.295454545455,0.306818181818,0.318181818182,
    0.329545454545,0.340909090909,0.352272727273,0.363636363636,0.375,
    0.386363636364,0.397727272727,0.409090909091,0.420454545455,
    0.431818181818,0.443181818182,0.454545454545,0.465909090909,
    0.477272727273,0.488636363636,0.5),.QUASI_UNIFORM_KNOTS.);
#406 = CARTESIAN_POINT('',(5.098323093669,2.249446530239));
#407 = CARTESIAN_POINT('',(5.096619662592,2.24979244409));
#408 = CARTESIAN_POINT('',(5.093221492863,2.25188659319));
#409 = CARTESIAN_POINT('',(5.088149106992,2.259240640005));
#410 = CARTESIAN_POINT('',(5.083100999662,2.270810368187));
#411 = CARTESIAN_POINT('',(5.078074416366,2.286609138609));
#412 = CARTESIAN_POINT('',(5.073074661593,2.306611302222));
#413 = CARTESIAN_POINT('',(5.068076989772,2.330936746999));
#414 = CARTESIAN_POINT('',(5.063320473682,2.358435504338));
#415 = CARTESIAN_POINT('',(5.058779533132,2.389246408133));
#416 = CARTESIAN_POINT('',(5.05446875469,2.423238650188));
#417 = CARTESIAN_POINT('',(5.050401926461,2.460274694068));
#418 = CARTESIAN_POINT('',(5.046496363238,2.501180475745));
#419 = CARTESIAN_POINT('',(5.042828832313,2.545486453623));
#420 = CARTESIAN_POINT('',(5.039516508488,2.592223036388));
#421 = CARTESIAN_POINT('',(5.0365314282,2.641548731116));
#422 = CARTESIAN_POINT('',(5.033884426608,2.693331388819));
#423 = CARTESIAN_POINT('',(5.031576386487,2.74747338637));
#424 = CARTESIAN_POINT('',(5.029609305777,2.804029653253));
#425 = CARTESIAN_POINT('',(5.02800088153,2.861432667593));
#426 = CARTESIAN_POINT('',(5.026749295551,2.919928136464));
#427 = CARTESIAN_POINT('',(5.025854889072,2.97958695794));
#428 = CARTESIAN_POINT('',(5.025318091904,3.040384257947));
#429 = CARTESIAN_POINT('',(5.025136837131,3.102853060001));
#430 = CARTESIAN_POINT('',(5.025318971143,3.165390569399));
#431 = CARTESIAN_POINT('',(5.025871302506,3.226280055636));
#432 = CARTESIAN_POINT('',(5.026790607139,3.285943217094));
#433 = CARTESIAN_POINT('',(5.028076587644,3.344234717254));
#434 = CARTESIAN_POINT('',(5.029727288675,3.401138930311));
#435 = CARTESIAN_POINT('',(5.031744478332,3.456688422508));
#436 = CARTESIAN_POINT('',(5.034096901672,3.510108300568));
#437 = CARTESIAN_POINT('',(5.036785030658,3.561446141785));
#438 = CARTESIAN_POINT('',(5.039818145354,3.610794246597));
#439 = CARTESIAN_POINT('',(5.043198461192,3.658188973145));
#440 = CARTESIAN_POINT('',(5.04689676236,3.703266716987));
#441 = CARTESIAN_POINT('',(5.050822201793,3.745104328932));
#442 = CARTESIAN_POINT('',(5.054919126804,3.783160066518));
#443 = CARTESIAN_POINT('',(5.059206006587,3.817595849342));
#444 = CARTESIAN_POINT('',(5.063682596799,3.848393626142));
#445 = CARTESIAN_POINT('',(5.068349516622,3.875551567025));
#446 = CARTESIAN_POINT('',(5.073222773125,3.899182927493));
#447 = CARTESIAN_POINT('',(5.078175714041,3.918275456188));
#448 = CARTESIAN_POINT('',(5.083212578862,3.932928988704));
#449 = CARTESIAN_POINT('',(5.088323406728,3.94311836154));
#450 = CARTESIAN_POINT('',(5.093502054908,3.948851916109));
#451 = CARTESIAN_POINT('',(5.096994933699,3.94970328755));
#452 = CARTESIAN_POINT('',(5.098750341025,3.949386540063));
#453 = ( GEOMETRIC_REPRESENTATION_CONTEXT(2) 
PARAMETRIC_REPRESENTATION_CONTEXT() REPRESENTATION_CONTEXT('2D SPACE',''
  ) );
#454 = ADVANCED_FACE('',(#455),#482,.T.);
#455 = FACE_BOUND('',#456,.T.);
#456 = EDGE_LOOP('',(#457,#668,#775,#866));
#457 = ORIENTED_EDGE('',*,*,#458,.F.);
#458 = EDGE_CURVE('',#459,#461,#463,.T.);
#459 = VERTEX_POINT('',#460);
#460 = CARTESIAN_POINT('',(-0.159182948266,11.284882809139,
    -1.068941642167));
#461 = VERTEX_POINT('',#462);
#462 = CARTESIAN_POINT('',(-0.155982083109,11.28358171316,1.070750049386
    ));
#463 = SURFACE_CURVE('',#464,(#481,#617),.PCURVE_S1.);
#464 = B_SPLINE_CURVE_WITH_KNOTS('',3,(#465,#466,#467,#468,#469,#470,
    #471,#472,#473,#474,#475,#476,#477,#478,#479,#480),.UNSPECIFIED.,.F.
  ,.F.,(4,2,2,2,2,2,2,4),(0.5,0.625,0.75,0.8125,0.84375,0.875,0.9375,1.)
  ,.UNSPECIFIED.);
#465 = CARTESIAN_POINT('',(-0.159182948266,11.284882809139,
    -1.068941642167));
#466 = CARTESIAN_POINT('',(-0.428195248504,11.394278080761,
    -1.069082554656));
#467 = CARTESIAN_POINT('',(-0.66795301645,11.504057261269,
    -0.957625801723));
#468 = CARTESIAN_POINT('',(-1.035220599871,11.682034353623,
    -0.548464298523));
#469 = CARTESIAN_POINT('',(-1.132532652,11.733898715588,-0.282848601123)
  );
#470 = CARTESIAN_POINT('',(-1.130736057299,11.732967739961,0.14820633507
    ));
#471 = CARTESIAN_POINT('',(-1.105923162484,11.720008706106,
    0.285935982736));
#472 = CARTESIAN_POINT('',(-1.033715304261,11.683238680941,
    0.478988930865));
#473 = CARTESIAN_POINT('',(-1.003942164257,11.668176969725,
    0.539872061299));
#474 = CARTESIAN_POINT('',(-0.932843059005,11.632736969819,
    0.654702617616));
#475 = CARTESIAN_POINT('',(-0.890617202098,11.611923367595,
    0.709612266379));
#476 = CARTESIAN_POINT('',(-0.751717790956,11.544731792041,
    0.858164318558));
#477 = CARTESIAN_POINT('',(-0.645768066982,11.494959708843,
    0.935115868885));
#478 = CARTESIAN_POINT('',(-0.405663540292,11.387616195745,
    1.045087384816));
#479 = CARTESIAN_POINT('',(-0.282428237902,11.334958042144,
    1.071970192328));
#480 = CARTESIAN_POINT('',(-0.155982083109,11.28358171316,1.070750049386
    ));
#481 = PCURVE('',#482,#567);
#482 = B_SPLINE_SURFACE_WITH_KNOTS('',1,3,(
    (#483,#484,#485,#486,#487,#488,#489,#490,#491,#492,#493,#494,#495
      ,#496,#497,#498,#499,#500,#501,#502,#503,#504,#505,#506,#507,#508
      ,#509,#510,#511,#512,#513,#514,#515,#516,#517,#518,#519,#520,#521
      ,#522,#523,#524)
    ,(#525,#526,#527,#528,#529,#530,#531,#532,#533,#534,#535,#536,#537
      ,#538,#539,#540,#541,#542,#543,#544,#545,#546,#547,#548,#549,#550
      ,#551,#552,#553,#554,#555,#556,#557,#558,#559,#560,#561,#562,#563
      ,#564,#565,#566
    )),.UNSPECIFIED.,.F.,.T.,.F.,(2,2),(1,3,2,2,2,2,2,2,2,2,2,2,2,2,2,2,
    2,2,2,2,2,3,1),(0.,1.),(-6.25E-02,0.,6.25E-02,0.125,0.15625,0.1875,
    0.25,0.3125,0.375,0.4375,0.46875,0.5,0.5625,0.625,0.6875,0.75,0.8125
    ,0.84375,0.859375,0.875,0.9375,1.,1.0625),.UNSPECIFIED.);
#483 = CARTESIAN_POINT('',(-0.155982083109,11.28358171316,1.070750049386
    ));
#484 = CARTESIAN_POINT('',(-2.848171702861E-02,11.231777047656,
    1.069519733826));
#485 = CARTESIAN_POINT('',(9.744416831963E-02,11.183209812195,
    1.041633723891));
#486 = CARTESIAN_POINT('',(0.350704770132,11.0904790452,0.930420710666)
  );
#487 = CARTESIAN_POINT('',(0.461940010793,11.052200742977,0.853748943791
    ));
#488 = CARTESIAN_POINT('',(0.604980607552,11.004685573957,0.707011173129
    ));
#489 = CARTESIAN_POINT('',(0.647343620365,10.990951258512,0.653623875572
    ));
#490 = CARTESIAN_POINT('',(0.721308106668,10.967319366101,0.537899865786
    ));
#491 = CARTESIAN_POINT('',(0.75326496786,10.957311564548,0.474656470738)
  );
#492 = CARTESIAN_POINT('',(0.83072742555,10.933287574909,0.276942260501)
  );
#493 = CARTESIAN_POINT('',(0.8568138069,10.925493956391,0.139243180261)
  );
#494 = CARTESIAN_POINT('',(0.857531671759,10.925276820387,
    -0.142962067227));
#495 = CARTESIAN_POINT('',(0.830623405241,10.933311750923,
    -0.279982206719));
#496 = CARTESIAN_POINT('',(0.724409261489,10.966269119542,
    -0.541470614583));
#497 = CARTESIAN_POINT('',(0.650542662866,10.989523750163,
    -0.656620296329));
#498 = CARTESIAN_POINT('',(0.458366863752,11.053415520519,
    -0.859729279294));
#499 = CARTESIAN_POINT('',(0.34900609724,11.091123658362,-0.936712505121
    ));
#500 = CARTESIAN_POINT('',(0.164252534595,11.158737005075,
    -1.015987097172));
#501 = CARTESIAN_POINT('',(0.101349122435,11.182346341837,
    -1.035814479931));
#502 = CARTESIAN_POINT('',(-2.701806157345E-02,11.231857060701,
    -1.062274282935));
#503 = CARTESIAN_POINT('',(-9.19298732067E-02,11.257533991233,
    -1.068906414045));
#504 = CARTESIAN_POINT('',(-0.293689098385,11.33958044495,
    -1.069012098412));
#505 = CARTESIAN_POINT('',(-0.419218623348,11.393531150953,
    -1.042168715043));
#506 = CARTESIAN_POINT('',(-0.655135076782,11.499307347826,
    -0.933601455372));
#507 = CARTESIAN_POINT('',(-0.759769912305,11.548551534358,
    -0.855335425923));
#508 = CARTESIAN_POINT('',(-0.943403704015,11.637540080535,
    -0.650754674323));
#509 = CARTESIAN_POINT('',(-1.013056229605,11.672701783232,
    -0.534614137381));
#510 = CARTESIAN_POINT('',(-1.108503194828,11.721340396432,
    -0.276778012273));
#511 = CARTESIAN_POINT('',(-1.1319337871,11.733588390379,-0.139163622392
    ));
#512 = CARTESIAN_POINT('',(-1.130736057299,11.732967739961,0.14820633507
    ));
#513 = CARTESIAN_POINT('',(-1.105923162484,11.720008706106,
    0.285935982736));
#514 = CARTESIAN_POINT('',(-1.033715304261,11.683238680941,
    0.478988930865));
#515 = CARTESIAN_POINT('',(-1.003942164257,11.668176969725,
    0.539872061299));
#516 = CARTESIAN_POINT('',(-0.950617835318,11.641596969796,
    0.625994978536));
#517 = CARTESIAN_POINT('',(-0.931398551841,11.632073285177,
    0.653835654547));
#518 = CARTESIAN_POINT('',(-0.890048212656,11.611745993465,
    0.707783080429));
#519 = CARTESIAN_POINT('',(-0.867467300241,11.60072477167,0.734370941742
    ));
#520 = CARTESIAN_POINT('',(-0.751717790956,11.544731792041,
    0.858164318558));
#521 = CARTESIAN_POINT('',(-0.645768066982,11.494959708843,
    0.935115868885));
#522 = CARTESIAN_POINT('',(-0.405663540292,11.387616195745,
    1.045087384816));
#523 = CARTESIAN_POINT('',(-0.283482449189,11.335386378664,
    1.071980364946));
#524 = CARTESIAN_POINT('',(-0.155982083109,11.28358171316,1.070750049386
    ));
#525 = CARTESIAN_POINT('',(-0.137160847734,11.32990407384,1.070750049386
    ));
#526 = CARTESIAN_POINT('',(-1.020730525577E-02,11.278321588198,
    1.069519733826));
#527 = CARTESIAN_POINT('',(0.115178509124,11.229962647909,1.041633723891
    ));
#528 = CARTESIAN_POINT('',(0.367352926803,11.137629584651,0.930420710666
    ));
#529 = CARTESIAN_POINT('',(0.478111101737,11.09951545042,0.853748943791)
  );
#530 = CARTESIAN_POINT('',(0.620538225948,11.052204064469,0.707011173129
    ));
#531 = CARTESIAN_POINT('',(0.662719552261,11.038528652759,0.653623875572
    ));
#532 = CARTESIAN_POINT('',(0.736366819656,11.014998112815,0.537899865786
    ));
#533 = CARTESIAN_POINT('',(0.768186624254,11.005033232724,0.474656470738
    ));
#534 = CARTESIAN_POINT('',(0.845316860936,10.981112277177,0.276942260501
    ));
#535 = CARTESIAN_POINT('',(0.871291363007,10.973352083932,0.139243180261
    ));
#536 = CARTESIAN_POINT('',(0.872006149087,10.973135879181,
    -0.142962067227));
#537 = CARTESIAN_POINT('',(0.845213286749,10.981136349505,
    -0.279982206719));
#538 = CARTESIAN_POINT('',(0.739454674244,11.013952370553,
    -0.541470614583));
#539 = CARTESIAN_POINT('',(0.665904874708,11.037107266708,
    -0.656620296329));
#540 = CARTESIAN_POINT('',(0.474553279209,11.100725018023,
    -0.859729279294));
#541 = CARTESIAN_POINT('',(0.365661539181,11.138271433196,
    -0.936712505121));
#542 = CARTESIAN_POINT('',(0.181700347661,11.205594799771,
    -1.015987097172));
#543 = CARTESIAN_POINT('',(0.119066715671,11.229102880803,
    -1.035814479931));
#544 = CARTESIAN_POINT('',(-8.749927126497E-03,11.278401258084,
    -1.062274282935));
#545 = CARTESIAN_POINT('',(-7.338334496569E-02,11.303968065389,
    -1.068906414045));
#546 = CARTESIAN_POINT('',(-0.274277265128,11.385662638255,
    -1.069012098412));
#547 = CARTESIAN_POINT('',(-0.399268419033,11.439381960456,
    -1.042168715043));
#548 = CARTESIAN_POINT('',(-0.634173073923,11.54470450435,
    -0.933601455372));
#549 = CARTESIAN_POINT('',(-0.738359151536,11.593737492402,
    -0.855335425923));
#550 = CARTESIAN_POINT('',(-0.921205374595,11.68234438448,
    -0.650754674323));
#551 = CARTESIAN_POINT('',(-0.990559174415,11.717355285658,
    -0.534614137381));
#552 = CARTESIAN_POINT('',(-1.085596786669,11.765785297561,
    -0.276778012273));
#553 = CARTESIAN_POINT('',(-1.108926889811,11.777980762308,
    -0.139163622392));
#554 = CARTESIAN_POINT('',(-1.107734296835,11.777362773736,0.14820633507
    ));
#555 = CARTESIAN_POINT('',(-1.083027819569,11.764459318589,
    0.285935982736));
#556 = CARTESIAN_POINT('',(-1.011129646426,11.727846992717,
    0.478988930865));
#557 = CARTESIAN_POINT('',(-0.981484197472,11.712849878172,
    0.539872061299));
#558 = CARTESIAN_POINT('',(-0.928388565929,11.686383874553,
    0.625994978536));
#559 = CARTESIAN_POINT('',(-0.90925171012,11.676901035115,0.653835654547
    ));
#560 = CARTESIAN_POINT('',(-0.86807871428,11.656660923097,0.707783080429
    ));
#561 = CARTESIAN_POINT('',(-0.845594646888,11.64568696912,0.734370941742
    ));
#562 = CARTESIAN_POINT('',(-0.730341564128,11.589934132197,
    0.858164318558));
#563 = CARTESIAN_POINT('',(-0.624846237356,11.540375511522,
    0.935115868885));
#564 = CARTESIAN_POINT('',(-0.385771471021,11.43349237331,1.045087384816
    ));
#565 = CARTESIAN_POINT('',(-0.264114390212,11.381486559482,
    1.071980364946));
#566 = CARTESIAN_POINT('',(-0.137160847734,11.32990407384,1.070750049386
    ));
#567 = DEFINITIONAL_REPRESENTATION('',(#568),#616);
#568 = B_SPLINE_CURVE_WITH_KNOTS('',3,(#569,#570,#571,#572,#573,#574,
    #575,#576,#577,#578,#579,#580,#581,#582,#583,#584,#585,#586,#587,
    #588,#589,#590,#591,#592,#593,#594,#595,#596,#597,#598,#599,#600,
    #601,#602,#603,#604,#605,#606,#607,#608,#609,#610,#611,#612,#613,
    #614,#615),.UNSPECIFIED.,.F.,.F.,(4,1,1,1,1,1,1,1,1,1,1,1,1,1,1,1,1,
    1,1,1,1,1,1,1,1,1,1,1,1,1,1,1,1,1,1,1,1,1,1,1,1,1,1,1,4),(0.5,
    0.511363636364,0.522727272727,0.534090909091,0.545454545455,
    0.556818181818,0.568181818182,0.579545454545,0.590909090909,
    0.602272727273,0.613636363636,0.625,0.636363636364,0.647727272727,
    0.659090909091,0.670454545455,0.681818181818,0.693181818182,
    0.704545454545,0.715909090909,0.727272727273,0.738636363636,0.75,
    0.761363636364,0.772727272727,0.784090909091,0.795454545455,
    0.806818181818,0.818181818182,0.829545454545,0.840909090909,
    0.852272727273,0.863636363636,0.875,0.886363636364,0.897727272727,
    0.909090909091,0.920454545455,0.931818181818,0.943181818182,
    0.954545454545,0.965909090909,0.977272727273,0.988636363636,1.),
  .QUASI_UNIFORM_KNOTS.);
#569 = CARTESIAN_POINT('',(0.,0.5));
#570 = CARTESIAN_POINT('',(8.610776149176E-06,0.503787313816));
#571 = CARTESIAN_POINT('',(1.971793206136E-04,0.511381762617));
#572 = CARTESIAN_POINT('',(7.483731680004E-04,0.522803074404));
#573 = CARTESIAN_POINT('',(1.281963949536E-03,0.534226951657));
#574 = CARTESIAN_POINT('',(1.652862096245E-03,0.545616689981));
#575 = CARTESIAN_POINT('',(1.79471147623E-03,0.556943228853));
#576 = CARTESIAN_POINT('',(1.75317106856E-03,0.568149968305));
#577 = CARTESIAN_POINT('',(1.548651736487E-03,0.579457694717));
#578 = CARTESIAN_POINT('',(1.152289731256E-03,0.590820783771));
#579 = CARTESIAN_POINT('',(6.534562063092E-04,0.602218153901));
#580 = CARTESIAN_POINT('',(1.395906692991E-04,0.61362434381));
#581 = CARTESIAN_POINT('',(1.339253005537E-05,0.625000124847));
#582 = CARTESIAN_POINT('',(-1.931607897227E-04,0.636375156802));
#583 = CARTESIAN_POINT('',(-1.37541757139E-04,0.647783646848));
#584 = CARTESIAN_POINT('',(-1.521938460439E-04,0.659190665596));
#585 = CARTESIAN_POINT('',(-1.480765662696E-04,0.670575103818));
#586 = CARTESIAN_POINT('',(-1.489056281911E-04,0.681916345464));
#587 = CARTESIAN_POINT('',(-1.488550009404E-04,0.693177418259));
#588 = CARTESIAN_POINT('',(-1.475090687198E-04,0.704505859557));
#589 = CARTESIAN_POINT('',(-1.523569750504E-04,0.715867038149));
#590 = CARTESIAN_POINT('',(-1.338585787785E-04,0.727247347522));
#591 = CARTESIAN_POINT('',(-2.026850365762E-04,0.738630622571));
#592 = CARTESIAN_POINT('',(5.430914052497E-05,0.750001538158));
#593 = CARTESIAN_POINT('',(-1.455152504335E-05,0.761363224797));
#594 = CARTESIAN_POINT('',(3.896960208664E-06,0.772727380837));
#595 = CARTESIAN_POINT('',(-1.036315487314E-06,0.784090888219));
#596 = CARTESIAN_POINT('',(2.483021550754E-07,0.795454520831));
#597 = CARTESIAN_POINT('',(4.310745993811E-08,0.806818301183));
#598 = CARTESIAN_POINT('',(-4.207315466265E-07,0.818181365347));
#599 = CARTESIAN_POINT('',(1.639819123644E-06,0.829547146522));
#600 = CARTESIAN_POINT('',(-6.138544840322E-06,0.84090277584));
#601 = CARTESIAN_POINT('',(2.291436025247E-05,0.852296295575));
#602 = CARTESIAN_POINT('',(2.212147438476E-05,0.86374642465));
#603 = CARTESIAN_POINT('',(-5.927762978096E-06,0.874970508855));
#604 = CARTESIAN_POINT('',(1.589577818417E-06,0.88637153993));
#605 = CARTESIAN_POINT('',(-4.30547978948E-07,0.897725149605));
#606 = CARTESIAN_POINT('',(1.326144171093E-07,0.909091498013));
#607 = CARTESIAN_POINT('',(-9.99097251898E-08,0.92045431289));
#608 = CARTESIAN_POINT('',(2.670248234182E-07,0.931818523155));
#609 = CARTESIAN_POINT('',(-9.68189603224E-07,0.9431806854));
#610 = CARTESIAN_POINT('',(1.003405365057E-04,0.954570842095));
#611 = CARTESIAN_POINT('',(1.593414439097E-04,0.965968096971));
#612 = CARTESIAN_POINT('',(1.39217624772E-04,0.977354271398));
#613 = CARTESIAN_POINT('',(4.815430635734E-05,0.988708088369));
#614 = CARTESIAN_POINT('',(5.113458963535E-06,0.996243728602));
#615 = CARTESIAN_POINT('',(0.,1.));
#616 = ( GEOMETRIC_REPRESENTATION_CONTEXT(2) 
PARAMETRIC_REPRESENTATION_CONTEXT() REPRESENTATION_CONTEXT('2D SPACE',''
  ) );
#617 = PCURVE('',#399,#618);
#618 = DEFINITIONAL_REPRESENTATION('',(#619),#667);
#619 = B_SPLINE_CURVE_WITH_KNOTS('',3,(#620,#621,#622,#623,#624,#625,
    #626,#627,#628,#629,#630,#631,#632,#633,#634,#635,#636,#637,#638,
    #639,#640,#641,#642,#643,#644,#645,#646,#647,#648,#649,#650,#651,
    #652,#653,#654,#655,#656,#657,#658,#659,#660,#661,#662,#663,#664,
    #665,#666),.UNSPECIFIED.,.F.,.F.,(4,1,1,1,1,1,1,1,1,1,1,1,1,1,1,1,1,
    1,1,1,1,1,1,1,1,1,1,1,1,1,1,1,1,1,1,1,1,1,1,1,1,1,1,1,4),(0.5,
    0.511363636364,0.522727272727,0.534090909091,0.545454545455,
    0.556818181818,0.568181818182,0.579545454545,0.590909090909,
    0.602272727273,0.613636363636,0.625,0.636363636364,0.647727272727,
    0.659090909091,0.670454545455,0.681818181818,0.693181818182,
    0.704545454545,0.715909090909,0.727272727273,0.738636363636,0.75,
    0.761363636364,0.772727272727,0.784090909091,0.795454545455,
    0.806818181818,0.818181818182,0.829545454545,0.840909090909,
    0.852272727273,0.863636363636,0.875,0.886363636364,0.897727272727,
    0.909090909091,0.920454545455,0.931818181818,0.943181818182,
    0.954545454545,0.965909090909,0.977272727273,0.988636363636,1.),
  .QUASI_UNIFORM_KNOTS.);
#620 = CARTESIAN_POINT('',(5.098619466692,4.168941642167));
#621 = CARTESIAN_POINT('',(5.100883985482,4.168954452393));
#622 = CARTESIAN_POINT('',(5.105374826417,4.167135483064));
#623 = CARTESIAN_POINT('',(5.111984046905,4.158956539398));
#624 = CARTESIAN_POINT('',(5.118453798913,4.145410375977));
#625 = CARTESIAN_POINT('',(5.124771572918,4.126580296877));
#626 = CARTESIAN_POINT('',(5.130924827351,4.102549479287));
#627 = CARTESIAN_POINT('',(5.136900931534,4.073401573789));
#628 = CARTESIAN_POINT('',(5.142687378302,4.039218464279));
#629 = CARTESIAN_POINT('',(5.148271021516,4.000088628004));
#630 = CARTESIAN_POINT('',(5.153640940553,3.956075935498));
#631 = CARTESIAN_POINT('',(5.158777767971,3.907336090786));
#632 = CARTESIAN_POINT('',(5.163693533273,3.853682070651));
#633 = CARTESIAN_POINT('',(5.168282974775,3.796205927348));
#634 = CARTESIAN_POINT('',(5.172446816157,3.736093512326));
#635 = CARTESIAN_POINT('',(5.176203045106,3.6732515877));
#636 = CARTESIAN_POINT('',(5.179538217026,3.607929691346));
#637 = CARTESIAN_POINT('',(5.182447290285,3.540285347421));
#638 = CARTESIAN_POINT('',(5.184922950766,3.470501359205));
#639 = CARTESIAN_POINT('',(5.186958456306,3.398751427201));
#640 = CARTESIAN_POINT('',(5.188546922343,3.325220383899));
#641 = CARTESIAN_POINT('',(5.189681334307,3.250057636615));
#642 = CARTESIAN_POINT('',(5.190355224907,3.173543161378));
#643 = CARTESIAN_POINT('',(5.190559979731,3.095470084535));
#644 = CARTESIAN_POINT('',(5.190294981092,3.017448362452));
#645 = CARTESIAN_POINT('',(5.189570530279,2.941021045663));
#646 = CARTESIAN_POINT('',(5.188388942705,2.86591688032));
#647 = CARTESIAN_POINT('',(5.186754631379,2.792342622524));
#648 = CARTESIAN_POINT('',(5.184671572784,2.72040729296));
#649 = CARTESIAN_POINT('',(5.182143355825,2.650132844022));
#650 = CARTESIAN_POINT('',(5.17918277509,2.582693941281));
#651 = CARTESIAN_POINT('',(5.175793497295,2.518025692132));
#652 = CARTESIAN_POINT('',(5.171956347888,2.455947405648));
#653 = CARTESIAN_POINT('',(5.16766080928,2.39630981789));
#654 = CARTESIAN_POINT('',(5.162991365464,2.340150931168));
#655 = CARTESIAN_POINT('',(5.158051912753,2.288308754805));
#656 = CARTESIAN_POINT('',(5.152877943627,2.240858933714));
#657 = CARTESIAN_POINT('',(5.147459352712,2.197778362136));
#658 = CARTESIAN_POINT('',(5.141796190559,2.15905842426));
#659 = CARTESIAN_POINT('',(5.135893216464,2.124731295162));
#660 = CARTESIAN_POINT('',(5.129725934059,2.094651496414));
#661 = CARTESIAN_POINT('',(5.123534815324,2.070256867426));
#662 = CARTESIAN_POINT('',(5.117296356268,2.051406626017));
#663 = CARTESIAN_POINT('',(5.111016867345,2.038138498131));
#664 = CARTESIAN_POINT('',(5.104694655789,2.030442362173));
#665 = CARTESIAN_POINT('',(5.1004516635,2.029028106443));
#666 = CARTESIAN_POINT('',(5.098323093669,2.029249950614));
#667 = ( GEOMETRIC_REPRESENTATION_CONTEXT(2) 
PARAMETRIC_REPRESENTATION_CONTEXT() REPRESENTATION_CONTEXT('2D SPACE',''
  ) );
#668 = ORIENTED_EDGE('',*,*,#669,.T.);
#669 = EDGE_CURVE('',#459,#670,#672,.T.);
#670 = VERTEX_POINT('',#671);
#671 = CARTESIAN_POINT('',(-0.14034798502,11.331199589678,
    -1.068941642167));
#672 = SURFACE_CURVE('',#673,(#676,#683),.PCURVE_S1.);
#673 = B_SPLINE_CURVE_WITH_KNOTS('',1,(#674,#675),.UNSPECIFIED.,.F.,.F.,
  (2,2),(0.,1.),.PIECEWISE_BEZIER_KNOTS.);
#674 = CARTESIAN_POINT('',(-0.159182948266,11.284882809139,
    -1.068941642167));
#675 = CARTESIAN_POINT('',(-0.14034798502,11.331199589678,
    -1.068941642167));
#676 = PCURVE('',#482,#677);
#677 = DEFINITIONAL_REPRESENTATION('',(#678),#682);
#678 = LINE('',#679,#680);
#679 = CARTESIAN_POINT('',(-3.102806106814E-14,0.5));
#680 = VECTOR('',#681,1.);
#681 = DIRECTION('',(1.,5.551115123126E-17));
#682 = ( GEOMETRIC_REPRESENTATION_CONTEXT(2) 
PARAMETRIC_REPRESENTATION_CONTEXT() REPRESENTATION_CONTEXT('2D SPACE',''
  ) );
#683 = PCURVE('',#684,#769);
#684 = B_SPLINE_SURFACE_WITH_KNOTS('',1,3,(
    (#685,#686,#687,#688,#689,#690,#691,#692,#693,#694,#695,#696,#697
      ,#698,#699,#700,#701,#702,#703,#704,#705,#706,#707,#708,#709,#710
      ,#711,#712,#713,#714,#715,#716,#717,#718,#719,#720,#721,#722,#723
      ,#724,#725,#726)
    ,(#727,#728,#729,#730,#731,#732,#733,#734,#735,#736,#737,#738,#739
      ,#740,#741,#742,#743,#744,#745,#746,#747,#748,#749,#750,#751,#752
      ,#753,#754,#755,#756,#757,#758,#759,#760,#761,#762,#763,#764,#765
      ,#766,#767,#768
    )),.UNSPECIFIED.,.F.,.T.,.F.,(2,2),(1,3,2,2,2,2,2,2,2,2,2,2,2,2,2,2,
    2,2,2,2,2,3,1),(0.,1.),(-6.25E-02,0.,6.25E-02,0.125,0.15625,0.1875,
    0.25,0.3125,0.375,0.4375,0.46875,0.5,0.5625,0.625,0.6875,0.75,0.8125
    ,0.84375,0.859375,0.875,0.9375,1.,1.0625),.UNSPECIFIED.);
#685 = CARTESIAN_POINT('',(-0.155982083109,11.28358171316,1.070750049386
    ));
#686 = CARTESIAN_POINT('',(-2.848171702861E-02,11.231777047656,
    1.069519733826));
#687 = CARTESIAN_POINT('',(9.744416831963E-02,11.183209812195,
    1.041633723891));
#688 = CARTESIAN_POINT('',(0.350704770132,11.0904790452,0.930420710666)
  );
#689 = CARTESIAN_POINT('',(0.461940010793,11.052200742977,0.853748943791
    ));
#690 = CARTESIAN_POINT('',(0.604980607552,11.004685573957,0.707011173129
    ));
#691 = CARTESIAN_POINT('',(0.647343620365,10.990951258512,0.653623875572
    ));
#692 = CARTESIAN_POINT('',(0.721308106668,10.967319366101,0.537899865786
    ));
#693 = CARTESIAN_POINT('',(0.75326496786,10.957311564548,0.474656470738)
  );
#694 = CARTESIAN_POINT('',(0.83072742555,10.933287574909,0.276942260501)
  );
#695 = CARTESIAN_POINT('',(0.8568138069,10.925493956391,0.139243180261)
  );
#696 = CARTESIAN_POINT('',(0.857531671759,10.925276820387,
    -0.142962067227));
#697 = CARTESIAN_POINT('',(0.830623405241,10.933311750923,
    -0.279982206719));
#698 = CARTESIAN_POINT('',(0.724409261489,10.966269119542,
    -0.541470614583));
#699 = CARTESIAN_POINT('',(0.650542662866,10.989523750163,
    -0.656620296329));
#700 = CARTESIAN_POINT('',(0.458366863752,11.053415520519,
    -0.859729279294));
#701 = CARTESIAN_POINT('',(0.34900609724,11.091123658362,-0.936712505121
    ));
#702 = CARTESIAN_POINT('',(0.164252534595,11.158737005075,
    -1.015987097172));
#703 = CARTESIAN_POINT('',(0.101349122435,11.182346341837,
    -1.035814479931));
#704 = CARTESIAN_POINT('',(-2.701806157345E-02,11.231857060701,
    -1.062274282935));
#705 = CARTESIAN_POINT('',(-9.19298732067E-02,11.257533991233,
    -1.068906414045));
#706 = CARTESIAN_POINT('',(-0.293689098385,11.33958044495,
    -1.069012098412));
#707 = CARTESIAN_POINT('',(-0.419218623348,11.393531150953,
    -1.042168715043));
#708 = CARTESIAN_POINT('',(-0.655135076782,11.499307347826,
    -0.933601455372));
#709 = CARTESIAN_POINT('',(-0.759769912305,11.548551534358,
    -0.855335425923));
#710 = CARTESIAN_POINT('',(-0.943403704015,11.637540080535,
    -0.650754674323));
#711 = CARTESIAN_POINT('',(-1.013056229605,11.672701783232,
    -0.534614137381));
#712 = CARTESIAN_POINT('',(-1.108503194828,11.721340396432,
    -0.276778012273));
#713 = CARTESIAN_POINT('',(-1.1319337871,11.733588390379,-0.139163622392
    ));
#714 = CARTESIAN_POINT('',(-1.130736057299,11.732967739961,0.14820633507
    ));
#715 = CARTESIAN_POINT('',(-1.105923162484,11.720008706106,
    0.285935982736));
#716 = CARTESIAN_POINT('',(-1.033715304261,11.683238680941,
    0.478988930865));
#717 = CARTESIAN_POINT('',(-1.003942164257,11.668176969725,
    0.539872061299));
#718 = CARTESIAN_POINT('',(-0.950617835318,11.641596969796,
    0.625994978536));
#719 = CARTESIAN_POINT('',(-0.931398551841,11.632073285177,
    0.653835654547));
#720 = CARTESIAN_POINT('',(-0.890048212656,11.611745993465,
    0.707783080429));
#721 = CARTESIAN_POINT('',(-0.867467300241,11.60072477167,0.734370941742
    ));
#722 = CARTESIAN_POINT('',(-0.751717790956,11.544731792041,
    0.858164318558));
#723 = CARTESIAN_POINT('',(-0.645768066982,11.494959708843,
    0.935115868885));
#724 = CARTESIAN_POINT('',(-0.405663540292,11.387616195745,
    1.045087384816));
#725 = CARTESIAN_POINT('',(-0.283482449189,11.335386378664,
    1.071980364946));
#726 = CARTESIAN_POINT('',(-0.155982083109,11.28358171316,1.070750049386
    ));
#727 = CARTESIAN_POINT('',(-0.137160847734,11.32990407384,1.070750049386
    ));
#728 = CARTESIAN_POINT('',(-1.020730525577E-02,11.278321588198,
    1.069519733826));
#729 = CARTESIAN_POINT('',(0.115178509124,11.229962647909,1.041633723891
    ));
#730 = CARTESIAN_POINT('',(0.367352926803,11.137629584651,0.930420710666
    ));
#731 = CARTESIAN_POINT('',(0.478111101737,11.09951545042,0.853748943791)
  );
#732 = CARTESIAN_POINT('',(0.620538225948,11.052204064469,0.707011173129
    ));
#733 = CARTESIAN_POINT('',(0.662719552261,11.038528652759,0.653623875572
    ));
#734 = CARTESIAN_POINT('',(0.736366819656,11.014998112815,0.537899865786
    ));
#735 = CARTESIAN_POINT('',(0.768186624254,11.005033232724,0.474656470738
    ));
#736 = CARTESIAN_POINT('',(0.845316860936,10.981112277177,0.276942260501
    ));
#737 = CARTESIAN_POINT('',(0.871291363007,10.973352083932,0.139243180261
    ));
#738 = CARTESIAN_POINT('',(0.872006149087,10.973135879181,
    -0.142962067227));
#739 = CARTESIAN_POINT('',(0.845213286749,10.981136349505,
    -0.279982206719));
#740 = CARTESIAN_POINT('',(0.739454674244,11.013952370553,
    -0.541470614583));
#741 = CARTESIAN_POINT('',(0.665904874708,11.037107266708,
    -0.656620296329));
#742 = CARTESIAN_POINT('',(0.474553279209,11.100725018023,
    -0.859729279294));
#743 = CARTESIAN_POINT('',(0.365661539181,11.138271433196,
    -0.936712505121));
#744 = CARTESIAN_POINT('',(0.181700347661,11.205594799771,
    -1.015987097172));
#745 = CARTESIAN_POINT('',(0.119066715671,11.229102880803,
    -1.035814479931));
#746 = CARTESIAN_POINT('',(-8.749927126497E-03,11.278401258084,
    -1.062274282935));
#747 = CARTESIAN_POINT('',(-7.338334496569E-02,11.303968065389,
    -1.068906414045));
#748 = CARTESIAN_POINT('',(-0.274277265128,11.385662638255,
    -1.069012098412));
#749 = CARTESIAN_POINT('',(-0.399268419033,11.439381960456,
    -1.042168715043));
#750 = CARTESIAN_POINT('',(-0.634173073923,11.54470450435,
    -0.933601455372));
#751 = CARTESIAN_POINT('',(-0.738359151536,11.593737492402,
    -0.855335425923));
#752 = CARTESIAN_POINT('',(-0.921205374595,11.68234438448,
    -0.650754674323));
#753 = CARTESIAN_POINT('',(-0.990559174415,11.717355285658,
    -0.534614137381));
#754 = CARTESIAN_POINT('',(-1.085596786669,11.765785297561,
    -0.276778012273));
#755 = CARTESIAN_POINT('',(-1.108926889811,11.777980762308,
    -0.139163622392));
#756 = CARTESIAN_POINT('',(-1.107734296835,11.777362773736,0.14820633507
    ));
#757 = CARTESIAN_POINT('',(-1.083027819569,11.764459318589,
    0.285935982736));
#758 = CARTESIAN_POINT('',(-1.011129646426,11.727846992717,
    0.478988930865));
#759 = CARTESIAN_POINT('',(-0.981484197472,11.712849878172,
    0.539872061299));
#760 = CARTESIAN_POINT('',(-0.928388565929,11.686383874553,
    0.625994978536));
#761 = CARTESIAN_POINT('',(-0.90925171012,11.676901035115,0.653835654547
    ));
#762 = CARTESIAN_POINT('',(-0.86807871428,11.656660923097,0.707783080429
    ));
#763 = CARTESIAN_POINT('',(-0.845594646888,11.64568696912,0.734370941742
    ));
#764 = CARTESIAN_POINT('',(-0.730341564128,11.589934132197,
    0.858164318558));
#765 = CARTESIAN_POINT('',(-0.624846237356,11.540375511522,
    0.935115868885));
#766 = CARTESIAN_POINT('',(-0.385771471021,11.43349237331,1.045087384816
    ));
#767 = CARTESIAN_POINT('',(-0.264114390212,11.381486559482,
    1.071980364946));
#768 = CARTESIAN_POINT('',(-0.137160847734,11.32990407384,1.070750049386
    ));
#769 = DEFINITIONAL_REPRESENTATION('',(#770),#774);
#770 = LINE('',#771,#772);
#771 = CARTESIAN_POINT('',(-2.092352136549E-14,0.5));
#772 = VECTOR('',#773,1.);
#773 = DIRECTION('',(1.,5.551115123126E-17));
#774 = ( GEOMETRIC_REPRESENTATION_CONTEXT(2) 
PARAMETRIC_REPRESENTATION_CONTEXT() REPRESENTATION_CONTEXT('2D SPACE',''
  ) );
#775 = ORIENTED_EDGE('',*,*,#776,.T.);
#776 = EDGE_CURVE('',#670,#777,#779,.T.);
#777 = VERTEX_POINT('',#778);
#778 = CARTESIAN_POINT('',(-0.137160847734,11.32990407384,1.070750049386
    ));
#779 = SURFACE_CURVE('',#780,(#803,#810),.PCURVE_S1.);
#780 = B_SPLINE_CURVE_WITH_KNOTS('',3,(#781,#782,#783,#784,#785,#786,
    #787,#788,#789,#790,#791,#792,#793,#794,#795,#796,#797,#798,#799,
    #800,#801,#802),.UNSPECIFIED.,.F.,.F.,(4,2,2,2,2,2,2,2,2,2,4),(0.5,
    0.5625,0.625,0.6875,0.75,0.8125,0.84375,0.859375,0.875,0.9375,1.),
  .UNSPECIFIED.);
#781 = CARTESIAN_POINT('',(-0.14034798502,11.331199589678,
    -1.068941642167));
#782 = CARTESIAN_POINT('',(-0.274277265128,11.385662638255,
    -1.069012098412));
#783 = CARTESIAN_POINT('',(-0.399268419033,11.439381960456,
    -1.042168715043));
#784 = CARTESIAN_POINT('',(-0.634173073923,11.54470450435,
    -0.933601455372));
#785 = CARTESIAN_POINT('',(-0.738359151536,11.593737492402,
    -0.855335425923));
#786 = CARTESIAN_POINT('',(-0.921205374595,11.68234438448,
    -0.650754674323));
#787 = CARTESIAN_POINT('',(-0.990559174415,11.717355285658,
    -0.534614137381));
#788 = CARTESIAN_POINT('',(-1.085596786669,11.765785297561,
    -0.276778012273));
#789 = CARTESIAN_POINT('',(-1.108926889811,11.777980762308,
    -0.139163622392));
#790 = CARTESIAN_POINT('',(-1.107734296835,11.777362773736,0.14820633507
    ));
#791 = CARTESIAN_POINT('',(-1.083027819569,11.764459318589,
    0.285935982736));
#792 = CARTESIAN_POINT('',(-1.011129646426,11.727846992717,
    0.478988930865));
#793 = CARTESIAN_POINT('',(-0.981484197472,11.712849878172,
    0.539872061299));
#794 = CARTESIAN_POINT('',(-0.928388565929,11.686383874553,
    0.625994978536));
#795 = CARTESIAN_POINT('',(-0.90925171012,11.676901035115,0.653835654547
    ));
#796 = CARTESIAN_POINT('',(-0.86807871428,11.656660923097,0.707783080429
    ));
#797 = CARTESIAN_POINT('',(-0.845594646888,11.64568696912,0.734370941742
    ));
#798 = CARTESIAN_POINT('',(-0.730341564128,11.589934132197,
    0.858164318558));
#799 = CARTESIAN_POINT('',(-0.624846237356,11.540375511522,
    0.935115868885));
#800 = CARTESIAN_POINT('',(-0.385771471021,11.43349237331,1.045087384816
    ));
#801 = CARTESIAN_POINT('',(-0.264114390212,11.381486559482,
    1.071980364946));
#802 = CARTESIAN_POINT('',(-0.137160847734,11.32990407384,1.070750049386
    ));
#803 = PCURVE('',#482,#804);
#804 = DEFINITIONAL_REPRESENTATION('',(#805),#809);
#805 = LINE('',#806,#807);
#806 = CARTESIAN_POINT('',(1.,-2.22044604925E-16));
#807 = VECTOR('',#808,1.);
#808 = DIRECTION('',(1.616484723854E-13,1.));
#809 = ( GEOMETRIC_REPRESENTATION_CONTEXT(2) 
PARAMETRIC_REPRESENTATION_CONTEXT() REPRESENTATION_CONTEXT('2D SPACE',''
  ) );
#810 = PCURVE('',#811,#816);
#811 = CYLINDRICAL_SURFACE('',#812,11.60827202689);
#812 = AXIS2_PLACEMENT_3D('',#813,#814,#815);
#813 = CARTESIAN_POINT('',(4.232479554555,22.084355347846,3.1));
#814 = DIRECTION('',(-0.,-0.,-1.));
#815 = DIRECTION('',(-1.,0.,0.));
#816 = DEFINITIONAL_REPRESENTATION('',(#817),#865);
#817 = B_SPLINE_CURVE_WITH_KNOTS('',3,(#818,#819,#820,#821,#822,#823,
    #824,#825,#826,#827,#828,#829,#830,#831,#832,#833,#834,#835,#836,
    #837,#838,#839,#840,#841,#842,#843,#844,#845,#846,#847,#848,#849,
    #850,#851,#852,#853,#854,#855,#856,#857,#858,#859,#860,#861,#862,
    #863,#864),.UNSPECIFIED.,.F.,.F.,(4,1,1,1,1,1,1,1,1,1,1,1,1,1,1,1,1,
    1,1,1,1,1,1,1,1,1,1,1,1,1,1,1,1,1,1,1,1,1,1,1,1,1,1,1,4),(0.5,
    0.511363636364,0.522727272727,0.534090909091,0.545454545455,
    0.556818181818,0.568181818182,0.579545454545,0.590909090909,
    0.602272727273,0.613636363636,0.625,0.636363636364,0.647727272727,
    0.659090909091,0.670454545455,0.681818181818,0.693181818182,
    0.704545454545,0.715909090909,0.727272727273,0.738636363636,0.75,
    0.761363636364,0.772727272727,0.784090909091,0.795454545455,
    0.806818181818,0.818181818182,0.829545454545,0.840909090909,
    0.852272727273,0.863636363636,0.875,0.886363636364,0.897727272727,
    0.909090909091,0.920454545455,0.931818181818,0.943181818182,
    0.954545454545,0.965909090909,0.977272727273,0.988636363636,1.),
  .QUASI_UNIFORM_KNOTS.);
#818 = CARTESIAN_POINT('',(5.098619466692,4.168941642167));
#819 = CARTESIAN_POINT('',(5.10088398802,4.168954452393));
#820 = CARTESIAN_POINT('',(5.105364277818,4.167200704155));
#821 = CARTESIAN_POINT('',(5.111942453691,4.159212463364));
#822 = CARTESIAN_POINT('',(5.118382049442,4.145849205743));
#823 = CARTESIAN_POINT('',(5.124687867411,4.127086134029));
#824 = CARTESIAN_POINT('',(5.130860342349,4.10292593246));
#825 = CARTESIAN_POINT('',(5.136916051977,4.073268758138));
#826 = CARTESIAN_POINT('',(5.142730266438,4.038913969536));
#827 = CARTESIAN_POINT('',(5.148314697497,3.999788828511));
#828 = CARTESIAN_POINT('',(5.153668425986,3.955888059334));
#829 = CARTESIAN_POINT('',(5.158784377503,3.907296426683));
#830 = CARTESIAN_POINT('',(5.163692484024,3.853671071197));
#831 = CARTESIAN_POINT('',(5.168280562237,3.796289589267));
#832 = CARTESIAN_POINT('',(5.172435040598,3.736469634229));
#833 = CARTESIAN_POINT('',(5.176184573569,3.673908957106));
#834 = CARTESIAN_POINT('',(5.179520095329,3.608730995913));
#835 = CARTESIAN_POINT('',(5.182440993726,3.540976343013));
#836 = CARTESIAN_POINT('',(5.184950358828,3.470591286375));
#837 = CARTESIAN_POINT('',(5.186994019776,3.398596298825));
#838 = CARTESIAN_POINT('',(5.188577381128,3.325006048137));
#839 = CARTESIAN_POINT('',(5.189699089748,3.249909663358));
#840 = CARTESIAN_POINT('',(5.190359408583,3.173504114307));
#841 = CARTESIAN_POINT('',(5.190558858654,3.095480546443));
#842 = CARTESIAN_POINT('',(5.190295281724,3.017445561891));
#843 = CARTESIAN_POINT('',(5.189570448827,2.941021786));
#844 = CARTESIAN_POINT('',(5.18838896788,2.865916719536));
#845 = CARTESIAN_POINT('',(5.186754612131,2.792342525325));
#846 = CARTESIAN_POINT('',(5.184671624602,2.720407842538));
#847 = CARTESIAN_POINT('',(5.182143167799,2.650130742907));
#848 = CARTESIAN_POINT('',(5.179183475375,2.582701796163));
#849 = CARTESIAN_POINT('',(5.175790884179,2.51799637372));
#850 = CARTESIAN_POINT('',(5.171966100063,2.456056824413));
#851 = CARTESIAN_POINT('',(5.167707908837,2.396838381491));
#852 = CARTESIAN_POINT('',(5.162978744976,2.340009302999));
#853 = CARTESIAN_POINT('',(5.158055295148,2.288346703881));
#854 = CARTESIAN_POINT('',(5.152877034534,2.240848765579));
#855 = CARTESIAN_POINT('',(5.147459606688,2.197781085598));
#856 = CARTESIAN_POINT('',(5.14179608375,2.159057698549));
#857 = CARTESIAN_POINT('',(5.135893389725,2.124731474545));
#858 = CARTESIAN_POINT('',(5.129725347822,2.094651504591));
#859 = CARTESIAN_POINT('',(5.123550180298,2.07025527962));
#860 = CARTESIAN_POINT('',(5.117330490921,2.051403063944));
#861 = CARTESIAN_POINT('',(5.111062924976,2.038133698566));
#862 = CARTESIAN_POINT('',(5.104734985667,2.030438158572));
#863 = CARTESIAN_POINT('',(5.100469410249,2.029026256876));
#864 = CARTESIAN_POINT('',(5.098323093669,2.029249950614));
#865 = ( GEOMETRIC_REPRESENTATION_CONTEXT(2) 
PARAMETRIC_REPRESENTATION_CONTEXT() REPRESENTATION_CONTEXT('2D SPACE',''
  ) );
#866 = ORIENTED_EDGE('',*,*,#867,.F.);
#867 = EDGE_CURVE('',#461,#777,#868,.T.);
#868 = SURFACE_CURVE('',#869,(#872,#879),.PCURVE_S1.);
#869 = B_SPLINE_CURVE_WITH_KNOTS('',1,(#870,#871),.UNSPECIFIED.,.F.,.F.,
  (2,2),(0.,1.),.PIECEWISE_BEZIER_KNOTS.);
#870 = CARTESIAN_POINT('',(-0.155982083109,11.28358171316,1.070750049386
    ));
#871 = CARTESIAN_POINT('',(-0.137160847734,11.32990407384,1.070750049386
    ));
#872 = PCURVE('',#482,#873);
#873 = DEFINITIONAL_REPRESENTATION('',(#874),#878);
#874 = LINE('',#875,#876);
#875 = CARTESIAN_POINT('',(9.785970800736E-15,1.));
#876 = VECTOR('',#877,1.);
#877 = DIRECTION('',(1.,0.));
#878 = ( GEOMETRIC_REPRESENTATION_CONTEXT(2) 
PARAMETRIC_REPRESENTATION_CONTEXT() REPRESENTATION_CONTEXT('2D SPACE',''
  ) );
#879 = PCURVE('',#684,#880);
#880 = DEFINITIONAL_REPRESENTATION('',(#881),#885);
#881 = LINE('',#882,#883);
#882 = CARTESIAN_POINT('',(1.46270382056E-15,0.));
#883 = VECTOR('',#884,1.);
#884 = DIRECTION('',(1.,0.));
#885 = ( GEOMETRIC_REPRESENTATION_CONTEXT(2) 
PARAMETRIC_REPRESENTATION_CONTEXT() REPRESENTATION_CONTEXT('2D SPACE',''
  ) );
#886 = ADVANCED_FACE('',(#887),#901,.F.);
#887 = FACE_BOUND('',#888,.F.);
#888 = EDGE_LOOP('',(#889,#924,#953,#976));
#889 = ORIENTED_EDGE('',*,*,#890,.T.);
#890 = EDGE_CURVE('',#891,#893,#895,.T.);
#891 = VERTEX_POINT('',#892);
#892 = CARTESIAN_POINT('',(-0.73,7.722782957021,-3.8));
#893 = VERTEX_POINT('',#894);
#894 = CARTESIAN_POINT('',(-0.73,7.722782957021,-4.2));
#895 = SURFACE_CURVE('',#896,(#900,#912),.PCURVE_S1.);
#896 = LINE('',#897,#898);
#897 = CARTESIAN_POINT('',(-0.73,7.722782957021,-3.8));
#898 = VECTOR('',#899,1.);
#899 = DIRECTION('',(-0.,-0.,-1.));
#900 = PCURVE('',#901,#906);
#901 = CYLINDRICAL_SURFACE('',#902,0.73);
#902 = AXIS2_PLACEMENT_3D('',#903,#904,#905);
#903 = CARTESIAN_POINT('',(0.,7.722782957021,-3.8));
#904 = DIRECTION('',(-0.,-0.,-1.));
#905 = DIRECTION('',(-1.,0.,0.));
#906 = DEFINITIONAL_REPRESENTATION('',(#907),#911);
#907 = LINE('',#908,#909);
#908 = CARTESIAN_POINT('',(6.28318530718,0.));
#909 = VECTOR('',#910,1.);
#910 = DIRECTION('',(0.,1.));
#911 = ( GEOMETRIC_REPRESENTATION_CONTEXT(2) 
PARAMETRIC_REPRESENTATION_CONTEXT() REPRESENTATION_CONTEXT('2D SPACE',''
  ) );
#912 = PCURVE('',#913,#918);
#913 = CYLINDRICAL_SURFACE('',#914,0.73);
#914 = AXIS2_PLACEMENT_3D('',#915,#916,#917);
#915 = CARTESIAN_POINT('',(0.,7.722782957021,-3.8));
#916 = DIRECTION('',(-0.,-0.,-1.));
#917 = DIRECTION('',(-1.,0.,0.));
#918 = DEFINITIONAL_REPRESENTATION('',(#919),#923);
#919 = LINE('',#920,#921);
#920 = CARTESIAN_POINT('',(0.,0.));
#921 = VECTOR('',#922,1.);
#922 = DIRECTION('',(0.,1.));
#923 = ( GEOMETRIC_REPRESENTATION_CONTEXT(2) 
PARAMETRIC_REPRESENTATION_CONTEXT() REPRESENTATION_CONTEXT('2D SPACE',''
  ) );
#924 = ORIENTED_EDGE('',*,*,#925,.T.);
#925 = EDGE_CURVE('',#893,#926,#928,.T.);
#926 = VERTEX_POINT('',#927);
#927 = CARTESIAN_POINT('',(0.73,7.722782957021,-4.2));
#928 = SURFACE_CURVE('',#929,(#934,#941),.PCURVE_S1.);
#929 = CIRCLE('',#930,0.73);
#930 = AXIS2_PLACEMENT_3D('',#931,#932,#933);
#931 = CARTESIAN_POINT('',(0.,7.722782957021,-4.2));
#932 = DIRECTION('',(0.,-0.,1.));
#933 = DIRECTION('',(1.,0.,0.));
#934 = PCURVE('',#901,#935);
#935 = DEFINITIONAL_REPRESENTATION('',(#936),#940);
#936 = LINE('',#937,#938);
#937 = CARTESIAN_POINT('',(9.424777960769,0.4));
#938 = VECTOR('',#939,1.);
#939 = DIRECTION('',(-1.,0.));
#940 = ( GEOMETRIC_REPRESENTATION_CONTEXT(2) 
PARAMETRIC_REPRESENTATION_CONTEXT() REPRESENTATION_CONTEXT('2D SPACE',''
  ) );
#941 = PCURVE('',#942,#947);
#942 = PLANE('',#943);
#943 = AXIS2_PLACEMENT_3D('',#944,#945,#946);
#944 = CARTESIAN_POINT('',(-6.6,9.03,-4.2));
#945 = DIRECTION('',(0.,0.,1.));
#946 = DIRECTION('',(1.,0.,-0.));
#947 = DEFINITIONAL_REPRESENTATION('',(#948),#952);
#948 = CIRCLE('',#949,0.73);
#949 = AXIS2_PLACEMENT_2D('',#950,#951);
#950 = CARTESIAN_POINT('',(6.6,-1.307217042979));
#951 = DIRECTION('',(1.,0.));
#952 = ( GEOMETRIC_REPRESENTATION_CONTEXT(2) 
PARAMETRIC_REPRESENTATION_CONTEXT() REPRESENTATION_CONTEXT('2D SPACE',''
  ) );
#953 = ORIENTED_EDGE('',*,*,#954,.F.);
#954 = EDGE_CURVE('',#955,#926,#957,.T.);
#955 = VERTEX_POINT('',#956);
#956 = CARTESIAN_POINT('',(0.73,7.722782957021,-3.8));
#957 = SURFACE_CURVE('',#958,(#962,#969),.PCURVE_S1.);
#958 = LINE('',#959,#960);
#959 = CARTESIAN_POINT('',(0.73,7.722782957021,-3.8));
#960 = VECTOR('',#961,1.);
#961 = DIRECTION('',(-0.,-0.,-1.));
#962 = PCURVE('',#901,#963);
#963 = DEFINITIONAL_REPRESENTATION('',(#964),#968);
#964 = LINE('',#965,#966);
#965 = CARTESIAN_POINT('',(3.14159265359,0.));
#966 = VECTOR('',#967,1.);
#967 = DIRECTION('',(0.,1.));
#968 = ( GEOMETRIC_REPRESENTATION_CONTEXT(2) 
PARAMETRIC_REPRESENTATION_CONTEXT() REPRESENTATION_CONTEXT('2D SPACE',''
  ) );
#969 = PCURVE('',#913,#970);
#970 = DEFINITIONAL_REPRESENTATION('',(#971),#975);
#971 = LINE('',#972,#973);
#972 = CARTESIAN_POINT('',(3.14159265359,0.));
#973 = VECTOR('',#974,1.);
#974 = DIRECTION('',(0.,1.));
#975 = ( GEOMETRIC_REPRESENTATION_CONTEXT(2) 
PARAMETRIC_REPRESENTATION_CONTEXT() REPRESENTATION_CONTEXT('2D SPACE',''
  ) );
#976 = ORIENTED_EDGE('',*,*,#977,.F.);
#977 = EDGE_CURVE('',#891,#955,#978,.T.);
#978 = SURFACE_CURVE('',#979,(#984,#991),.PCURVE_S1.);
#979 = CIRCLE('',#980,0.73);
#980 = AXIS2_PLACEMENT_3D('',#981,#982,#983);
#981 = CARTESIAN_POINT('',(0.,7.722782957021,-3.8));
#982 = DIRECTION('',(0.,-0.,1.));
#983 = DIRECTION('',(1.,0.,0.));
#984 = PCURVE('',#901,#985);
#985 = DEFINITIONAL_REPRESENTATION('',(#986),#990);
#986 = LINE('',#987,#988);
#987 = CARTESIAN_POINT('',(9.424777960769,0.));
#988 = VECTOR('',#989,1.);
#989 = DIRECTION('',(-1.,0.));
#990 = ( GEOMETRIC_REPRESENTATION_CONTEXT(2) 
PARAMETRIC_REPRESENTATION_CONTEXT() REPRESENTATION_CONTEXT('2D SPACE',''
  ) );
#991 = PCURVE('',#992,#997);
#992 = PLANE('',#993);
#993 = AXIS2_PLACEMENT_3D('',#994,#995,#996);
#994 = CARTESIAN_POINT('',(0.,7.722782957021,-3.8));
#995 = DIRECTION('',(0.,0.,-1.));
#996 = DIRECTION('',(1.,0.,0.));
#997 = DEFINITIONAL_REPRESENTATION('',(#998),#1006);
#998 = ( BOUNDED_CURVE() B_SPLINE_CURVE(2,(#999,#1000,#1001,#1002,#1003,
#1004,#1005),.UNSPECIFIED.,.T.,.F.) B_SPLINE_CURVE_WITH_KNOTS((1,2,2,2,2
    ,1),(-2.094395102393,0.,2.094395102393,4.188790204786,6.28318530718,
8.377580409573),.UNSPECIFIED.) CURVE() GEOMETRIC_REPRESENTATION_ITEM() 
RATIONAL_B_SPLINE_CURVE((1.,0.5,1.,0.5,1.,0.5,1.)) REPRESENTATION_ITEM(
  '') );
#999 = CARTESIAN_POINT('',(0.73,0.));
#1000 = CARTESIAN_POINT('',(0.73,-1.264397089525));
#1001 = CARTESIAN_POINT('',(-0.365,-0.632198544763));
#1002 = CARTESIAN_POINT('',(-1.46,-1.787984326755E-16));
#1003 = CARTESIAN_POINT('',(-0.365,0.632198544763));
#1004 = CARTESIAN_POINT('',(0.73,1.264397089525));
#1005 = CARTESIAN_POINT('',(0.73,0.));
#1006 = ( GEOMETRIC_REPRESENTATION_CONTEXT(2) 
PARAMETRIC_REPRESENTATION_CONTEXT() REPRESENTATION_CONTEXT('2D SPACE',''
  ) );
#1007 = ADVANCED_FACE('',(#1008),#1022,.F.);
#1008 = FACE_BOUND('',#1009,.F.);
#1009 = EDGE_LOOP('',(#1010,#1045,#1078,#1101));
#1010 = ORIENTED_EDGE('',*,*,#1011,.T.);
#1011 = EDGE_CURVE('',#1012,#1014,#1016,.T.);
#1012 = VERTEX_POINT('',#1013);
#1013 = CARTESIAN_POINT('',(0.73,7.722782957021,3.8));
#1014 = VERTEX_POINT('',#1015);
#1015 = CARTESIAN_POINT('',(0.73,7.722782957021,4.2));
#1016 = SURFACE_CURVE('',#1017,(#1021,#1033),.PCURVE_S1.);
#1017 = LINE('',#1018,#1019);
#1018 = CARTESIAN_POINT('',(0.73,7.722782957021,3.8));
#1019 = VECTOR('',#1020,1.);
#1020 = DIRECTION('',(-0.,-0.,1.));
#1021 = PCURVE('',#1022,#1027);
#1022 = CYLINDRICAL_SURFACE('',#1023,0.73);
#1023 = AXIS2_PLACEMENT_3D('',#1024,#1025,#1026);
#1024 = CARTESIAN_POINT('',(0.,7.722782957021,3.8));
#1025 = DIRECTION('',(-0.,-0.,1.));
#1026 = DIRECTION('',(1.,0.,0.));
#1027 = DEFINITIONAL_REPRESENTATION('',(#1028),#1032);
#1028 = LINE('',#1029,#1030);
#1029 = CARTESIAN_POINT('',(6.28318530718,0.));
#1030 = VECTOR('',#1031,1.);
#1031 = DIRECTION('',(0.,1.));
#1032 = ( GEOMETRIC_REPRESENTATION_CONTEXT(2) 
PARAMETRIC_REPRESENTATION_CONTEXT() REPRESENTATION_CONTEXT('2D SPACE',''
  ) );
#1033 = PCURVE('',#1034,#1039);
#1034 = CYLINDRICAL_SURFACE('',#1035,0.73);
#1035 = AXIS2_PLACEMENT_3D('',#1036,#1037,#1038);
#1036 = CARTESIAN_POINT('',(0.,7.722782957021,3.8));
#1037 = DIRECTION('',(-0.,-0.,1.));
#1038 = DIRECTION('',(1.,0.,0.));
#1039 = DEFINITIONAL_REPRESENTATION('',(#1040),#1044);
#1040 = LINE('',#1041,#1042);
#1041 = CARTESIAN_POINT('',(0.,0.));
#1042 = VECTOR('',#1043,1.);
#1043 = DIRECTION('',(0.,1.));
#1044 = ( GEOMETRIC_REPRESENTATION_CONTEXT(2) 
PARAMETRIC_REPRESENTATION_CONTEXT() REPRESENTATION_CONTEXT('2D SPACE',''
  ) );
#1045 = ORIENTED_EDGE('',*,*,#1046,.F.);
#1046 = EDGE_CURVE('',#1047,#1014,#1049,.T.);
#1047 = VERTEX_POINT('',#1048);
#1048 = CARTESIAN_POINT('',(-0.73,7.722782957021,4.2));
#1049 = SURFACE_CURVE('',#1050,(#1055,#1062),.PCURVE_S1.);
#1050 = CIRCLE('',#1051,0.73);
#1051 = AXIS2_PLACEMENT_3D('',#1052,#1053,#1054);
#1052 = CARTESIAN_POINT('',(0.,7.722782957021,4.2));
#1053 = DIRECTION('',(0.,0.,1.));
#1054 = DIRECTION('',(1.,0.,-0.));
#1055 = PCURVE('',#1022,#1056);
#1056 = DEFINITIONAL_REPRESENTATION('',(#1057),#1061);
#1057 = LINE('',#1058,#1059);
#1058 = CARTESIAN_POINT('',(0.,0.4));
#1059 = VECTOR('',#1060,1.);
#1060 = DIRECTION('',(1.,0.));
#1061 = ( GEOMETRIC_REPRESENTATION_CONTEXT(2) 
PARAMETRIC_REPRESENTATION_CONTEXT() REPRESENTATION_CONTEXT('2D SPACE',''
  ) );
#1062 = PCURVE('',#1063,#1068);
#1063 = PLANE('',#1064);
#1064 = AXIS2_PLACEMENT_3D('',#1065,#1066,#1067);
#1065 = CARTESIAN_POINT('',(-6.6,9.03,4.2));
#1066 = DIRECTION('',(0.,0.,-1.));
#1067 = DIRECTION('',(-1.,0.,-0.));
#1068 = DEFINITIONAL_REPRESENTATION('',(#1069),#1077);
#1069 = ( BOUNDED_CURVE() B_SPLINE_CURVE(2,(#1070,#1071,#1072,#1073,
#1074,#1075,#1076),.UNSPECIFIED.,.T.,.F.) B_SPLINE_CURVE_WITH_KNOTS((1,2
    ,2,2,2,1),(-2.094395102393,0.,2.094395102393,4.188790204786,
6.28318530718,8.377580409573),.UNSPECIFIED.) CURVE() 
GEOMETRIC_REPRESENTATION_ITEM() RATIONAL_B_SPLINE_CURVE((1.,0.5,1.,0.5,
1.,0.5,1.)) REPRESENTATION_ITEM('') );
#1070 = CARTESIAN_POINT('',(-7.33,-1.307217042979));
#1071 = CARTESIAN_POINT('',(-7.33,-4.28199534541E-02));
#1072 = CARTESIAN_POINT('',(-6.235,-0.675018498217));
#1073 = CARTESIAN_POINT('',(-5.14,-1.307217042979));
#1074 = CARTESIAN_POINT('',(-6.235,-1.939415587742));
#1075 = CARTESIAN_POINT('',(-7.33,-2.571614132505));
#1076 = CARTESIAN_POINT('',(-7.33,-1.307217042979));
#1077 = ( GEOMETRIC_REPRESENTATION_CONTEXT(2) 
PARAMETRIC_REPRESENTATION_CONTEXT() REPRESENTATION_CONTEXT('2D SPACE',''
  ) );
#1078 = ORIENTED_EDGE('',*,*,#1079,.F.);
#1079 = EDGE_CURVE('',#1080,#1047,#1082,.T.);
#1080 = VERTEX_POINT('',#1081);
#1081 = CARTESIAN_POINT('',(-0.73,7.722782957021,3.8));
#1082 = SURFACE_CURVE('',#1083,(#1087,#1094),.PCURVE_S1.);
#1083 = LINE('',#1084,#1085);
#1084 = CARTESIAN_POINT('',(-0.73,7.722782957021,3.8));
#1085 = VECTOR('',#1086,1.);
#1086 = DIRECTION('',(-0.,-0.,1.));
#1087 = PCURVE('',#1022,#1088);
#1088 = DEFINITIONAL_REPRESENTATION('',(#1089),#1093);
#1089 = LINE('',#1090,#1091);
#1090 = CARTESIAN_POINT('',(3.14159265359,0.));
#1091 = VECTOR('',#1092,1.);
#1092 = DIRECTION('',(0.,1.));
#1093 = ( GEOMETRIC_REPRESENTATION_CONTEXT(2) 
PARAMETRIC_REPRESENTATION_CONTEXT() REPRESENTATION_CONTEXT('2D SPACE',''
  ) );
#1094 = PCURVE('',#1034,#1095);
#1095 = DEFINITIONAL_REPRESENTATION('',(#1096),#1100);
#1096 = LINE('',#1097,#1098);
#1097 = CARTESIAN_POINT('',(3.14159265359,0.));
#1098 = VECTOR('',#1099,1.);
#1099 = DIRECTION('',(0.,1.));
#1100 = ( GEOMETRIC_REPRESENTATION_CONTEXT(2) 
PARAMETRIC_REPRESENTATION_CONTEXT() REPRESENTATION_CONTEXT('2D SPACE',''
  ) );
#1101 = ORIENTED_EDGE('',*,*,#1102,.T.);
#1102 = EDGE_CURVE('',#1080,#1012,#1103,.T.);
#1103 = SURFACE_CURVE('',#1104,(#1109,#1116),.PCURVE_S1.);
#1104 = CIRCLE('',#1105,0.73);
#1105 = AXIS2_PLACEMENT_3D('',#1106,#1107,#1108);
#1106 = CARTESIAN_POINT('',(0.,7.722782957021,3.8));
#1107 = DIRECTION('',(0.,0.,1.));
#1108 = DIRECTION('',(1.,0.,-0.));
#1109 = PCURVE('',#1022,#1110);
#1110 = DEFINITIONAL_REPRESENTATION('',(#1111),#1115);
#1111 = LINE('',#1112,#1113);
#1112 = CARTESIAN_POINT('',(0.,0.));
#1113 = VECTOR('',#1114,1.);
#1114 = DIRECTION('',(1.,0.));
#1115 = ( GEOMETRIC_REPRESENTATION_CONTEXT(2) 
PARAMETRIC_REPRESENTATION_CONTEXT() REPRESENTATION_CONTEXT('2D SPACE',''
  ) );
#1116 = PCURVE('',#1117,#1122);
#1117 = PLANE('',#1118);
#1118 = AXIS2_PLACEMENT_3D('',#1119,#1120,#1121);
#1119 = CARTESIAN_POINT('',(0.,7.722782957021,3.8));
#1120 = DIRECTION('',(0.,0.,1.));
#1121 = DIRECTION('',(1.,0.,-0.));
#1122 = DEFINITIONAL_REPRESENTATION('',(#1123),#1127);
#1123 = CIRCLE('',#1124,0.73);
#1124 = AXIS2_PLACEMENT_2D('',#1125,#1126);
#1125 = CARTESIAN_POINT('',(0.,0.));
#1126 = DIRECTION('',(1.,0.));
#1127 = ( GEOMETRIC_REPRESENTATION_CONTEXT(2) 
PARAMETRIC_REPRESENTATION_CONTEXT() REPRESENTATION_CONTEXT('2D SPACE',''
  ) );
#1128 = ADVANCED_FACE('',(#1129),#1143,.F.);
#1129 = FACE_BOUND('',#1130,.F.);
#1130 = EDGE_LOOP('',(#1131,#1166,#1199,#1227));
#1131 = ORIENTED_EDGE('',*,*,#1132,.T.);
#1132 = EDGE_CURVE('',#1133,#1135,#1137,.T.);
#1133 = VERTEX_POINT('',#1134);
#1134 = CARTESIAN_POINT('',(-7.240601183173,6.046889539067,2.));
#1135 = VERTEX_POINT('',#1136);
#1136 = CARTESIAN_POINT('',(-7.240601183173,6.046889539067,-2.));
#1137 = SURFACE_CURVE('',#1138,(#1142,#1154),.PCURVE_S1.);
#1138 = LINE('',#1139,#1140);
#1139 = CARTESIAN_POINT('',(-7.240601183173,6.046889539067,2.));
#1140 = VECTOR('',#1141,1.);
#1141 = DIRECTION('',(-0.,-0.,-1.));
#1142 = PCURVE('',#1143,#1148);
#1143 = CYLINDRICAL_SURFACE('',#1144,0.9);
#1144 = AXIS2_PLACEMENT_3D('',#1145,#1146,#1147);
#1145 = CARTESIAN_POINT('',(-6.364810377352,5.839548119085,2.));
#1146 = DIRECTION('',(-0.,-0.,-1.));
#1147 = DIRECTION('',(-1.,0.,0.));
#1148 = DEFINITIONAL_REPRESENTATION('',(#1149),#1153);
#1149 = LINE('',#1150,#1151);
#1150 = CARTESIAN_POINT('',(0.232467506819,0.));
#1151 = VECTOR('',#1152,1.);
#1152 = DIRECTION('',(0.,1.));
#1153 = ( GEOMETRIC_REPRESENTATION_CONTEXT(2) 
PARAMETRIC_REPRESENTATION_CONTEXT() REPRESENTATION_CONTEXT('2D SPACE',''
  ) );
#1154 = PCURVE('',#1155,#1160);
#1155 = PLANE('',#1156);
#1156 = AXIS2_PLACEMENT_3D('',#1157,#1158,#1159);
#1157 = CARTESIAN_POINT('',(-7.240601183173,6.046889539067,2.));
#1158 = DIRECTION('',(-0.973100895356,0.230379355536,0.));
#1159 = DIRECTION('',(-0.230379355536,-0.973100895356,0.));
#1160 = DEFINITIONAL_REPRESENTATION('',(#1161),#1165);
#1161 = LINE('',#1162,#1163);
#1162 = CARTESIAN_POINT('',(0.,0.));
#1163 = VECTOR('',#1164,1.);
#1164 = DIRECTION('',(0.,-1.));
#1165 = ( GEOMETRIC_REPRESENTATION_CONTEXT(2) 
PARAMETRIC_REPRESENTATION_CONTEXT() REPRESENTATION_CONTEXT('2D SPACE',''
  ) );
#1166 = ORIENTED_EDGE('',*,*,#1167,.F.);
#1167 = EDGE_CURVE('',#1168,#1135,#1170,.T.);
#1168 = VERTEX_POINT('',#1169);
#1169 = CARTESIAN_POINT('',(-7.264810377352,5.839548119085,-2.));
#1170 = SURFACE_CURVE('',#1171,(#1176,#1183),.PCURVE_S1.);
#1171 = CIRCLE('',#1172,0.9);
#1172 = AXIS2_PLACEMENT_3D('',#1173,#1174,#1175);
#1173 = CARTESIAN_POINT('',(-6.364810377352,5.839548119085,-2.));
#1174 = DIRECTION('',(-0.,0.,-1.));
#1175 = DIRECTION('',(-1.,0.,0.));
#1176 = PCURVE('',#1143,#1177);
#1177 = DEFINITIONAL_REPRESENTATION('',(#1178),#1182);
#1178 = LINE('',#1179,#1180);
#1179 = CARTESIAN_POINT('',(0.,4.));
#1180 = VECTOR('',#1181,1.);
#1181 = DIRECTION('',(1.,0.));
#1182 = ( GEOMETRIC_REPRESENTATION_CONTEXT(2) 
PARAMETRIC_REPRESENTATION_CONTEXT() REPRESENTATION_CONTEXT('2D SPACE',''
  ) );
#1183 = PCURVE('',#1184,#1189);
#1184 = PLANE('',#1185);
#1185 = AXIS2_PLACEMENT_3D('',#1186,#1187,#1188);
#1186 = CARTESIAN_POINT('',(-6.364810377352,5.839548119085,-2.));
#1187 = DIRECTION('',(0.,0.,1.));
#1188 = DIRECTION('',(-1.,0.,0.));
#1189 = DEFINITIONAL_REPRESENTATION('',(#1190),#1198);
#1190 = ( BOUNDED_CURVE() B_SPLINE_CURVE(2,(#1191,#1192,#1193,#1194,
#1195,#1196,#1197),.UNSPECIFIED.,.T.,.F.) B_SPLINE_CURVE_WITH_KNOTS((1,2
    ,2,2,2,1),(-2.094395102393,0.,2.094395102393,4.188790204786,
6.28318530718,8.377580409573),.UNSPECIFIED.) CURVE() 
GEOMETRIC_REPRESENTATION_ITEM() RATIONAL_B_SPLINE_CURVE((1.,0.5,1.,0.5,
1.,0.5,1.)) REPRESENTATION_ITEM('') );
#1191 = CARTESIAN_POINT('',(0.9,0.));
#1192 = CARTESIAN_POINT('',(0.9,-1.558845726812));
#1193 = CARTESIAN_POINT('',(-0.45,-0.779422863406));
#1194 = CARTESIAN_POINT('',(-1.8,-2.204364238465E-16));
#1195 = CARTESIAN_POINT('',(-0.45,0.779422863406));
#1196 = CARTESIAN_POINT('',(0.9,1.558845726812));
#1197 = CARTESIAN_POINT('',(0.9,0.));
#1198 = ( GEOMETRIC_REPRESENTATION_CONTEXT(2) 
PARAMETRIC_REPRESENTATION_CONTEXT() REPRESENTATION_CONTEXT('2D SPACE',''
  ) );
#1199 = ORIENTED_EDGE('',*,*,#1200,.F.);
#1200 = EDGE_CURVE('',#1201,#1168,#1203,.T.);
#1201 = VERTEX_POINT('',#1202);
#1202 = CARTESIAN_POINT('',(-7.264810377352,5.839548119085,2.));
#1203 = SURFACE_CURVE('',#1204,(#1208,#1215),.PCURVE_S1.);
#1204 = LINE('',#1205,#1206);
#1205 = CARTESIAN_POINT('',(-7.264810377352,5.839548119085,2.));
#1206 = VECTOR('',#1207,1.);
#1207 = DIRECTION('',(-0.,-0.,-1.));
#1208 = PCURVE('',#1143,#1209);
#1209 = DEFINITIONAL_REPRESENTATION('',(#1210),#1214);
#1210 = LINE('',#1211,#1212);
#1211 = CARTESIAN_POINT('',(0.,0.));
#1212 = VECTOR('',#1213,1.);
#1213 = DIRECTION('',(0.,1.));
#1214 = ( GEOMETRIC_REPRESENTATION_CONTEXT(2) 
PARAMETRIC_REPRESENTATION_CONTEXT() REPRESENTATION_CONTEXT('2D SPACE',''
  ) );
#1215 = PCURVE('',#1216,#1221);
#1216 = CYLINDRICAL_SURFACE('',#1217,0.9);
#1217 = AXIS2_PLACEMENT_3D('',#1218,#1219,#1220);
#1218 = CARTESIAN_POINT('',(-6.364810377352,5.839548119085,2.));
#1219 = DIRECTION('',(-0.,-0.,-1.));
#1220 = DIRECTION('',(-1.,0.,0.));
#1221 = DEFINITIONAL_REPRESENTATION('',(#1222),#1226);
#1222 = LINE('',#1223,#1224);
#1223 = CARTESIAN_POINT('',(6.28318530718,0.));
#1224 = VECTOR('',#1225,1.);
#1225 = DIRECTION('',(0.,1.));
#1226 = ( GEOMETRIC_REPRESENTATION_CONTEXT(2) 
PARAMETRIC_REPRESENTATION_CONTEXT() REPRESENTATION_CONTEXT('2D SPACE',''
  ) );
#1227 = ORIENTED_EDGE('',*,*,#1228,.T.);
#1228 = EDGE_CURVE('',#1201,#1133,#1229,.T.);
#1229 = SURFACE_CURVE('',#1230,(#1235,#1242),.PCURVE_S1.);
#1230 = CIRCLE('',#1231,0.9);
#1231 = AXIS2_PLACEMENT_3D('',#1232,#1233,#1234);
#1232 = CARTESIAN_POINT('',(-6.364810377352,5.839548119085,2.));
#1233 = DIRECTION('',(-0.,0.,-1.));
#1234 = DIRECTION('',(-1.,0.,0.));
#1235 = PCURVE('',#1143,#1236);
#1236 = DEFINITIONAL_REPRESENTATION('',(#1237),#1241);
#1237 = LINE('',#1238,#1239);
#1238 = CARTESIAN_POINT('',(0.,0.));
#1239 = VECTOR('',#1240,1.);
#1240 = DIRECTION('',(1.,0.));
#1241 = ( GEOMETRIC_REPRESENTATION_CONTEXT(2) 
PARAMETRIC_REPRESENTATION_CONTEXT() REPRESENTATION_CONTEXT('2D SPACE',''
  ) );
#1242 = PCURVE('',#1243,#1248);
#1243 = PLANE('',#1244);
#1244 = AXIS2_PLACEMENT_3D('',#1245,#1246,#1247);
#1245 = CARTESIAN_POINT('',(-6.364810377352,5.839548119085,2.));
#1246 = DIRECTION('',(0.,0.,1.));
#1247 = DIRECTION('',(-1.,0.,0.));
#1248 = DEFINITIONAL_REPRESENTATION('',(#1249),#1257);
#1249 = ( BOUNDED_CURVE() B_SPLINE_CURVE(2,(#1250,#1251,#1252,#1253,
#1254,#1255,#1256),.UNSPECIFIED.,.T.,.F.) B_SPLINE_CURVE_WITH_KNOTS((1,2
    ,2,2,2,1),(-2.094395102393,0.,2.094395102393,4.188790204786,
6.28318530718,8.377580409573),.UNSPECIFIED.) CURVE() 
GEOMETRIC_REPRESENTATION_ITEM() RATIONAL_B_SPLINE_CURVE((1.,0.5,1.,0.5,
1.,0.5,1.)) REPRESENTATION_ITEM('') );
#1250 = CARTESIAN_POINT('',(0.9,0.));
#1251 = CARTESIAN_POINT('',(0.9,-1.558845726812));
#1252 = CARTESIAN_POINT('',(-0.45,-0.779422863406));
#1253 = CARTESIAN_POINT('',(-1.8,-2.204364238465E-16));
#1254 = CARTESIAN_POINT('',(-0.45,0.779422863406));
#1255 = CARTESIAN_POINT('',(0.9,1.558845726812));
#1256 = CARTESIAN_POINT('',(0.9,0.));
#1257 = ( GEOMETRIC_REPRESENTATION_CONTEXT(2) 
PARAMETRIC_REPRESENTATION_CONTEXT() REPRESENTATION_CONTEXT('2D SPACE',''
  ) );
#1258 = ADVANCED_FACE('',(#1259),#1274,.T.);
#1259 = FACE_BOUND('',#1260,.T.);
#1260 = EDGE_LOOP('',(#1261,#1296,#1324,#1352));
#1261 = ORIENTED_EDGE('',*,*,#1262,.T.);
#1262 = EDGE_CURVE('',#1263,#1265,#1267,.T.);
#1263 = VERTEX_POINT('',#1264);
#1264 = CARTESIAN_POINT('',(-7.231176720227,5.340139108419,2.));
#1265 = VERTEX_POINT('',#1266);
#1266 = CARTESIAN_POINT('',(-7.364810377352,5.839548119085,2.));
#1267 = SURFACE_CURVE('',#1268,(#1273,#1285),.PCURVE_S1.);
#1268 = CIRCLE('',#1269,1.);
#1269 = AXIS2_PLACEMENT_3D('',#1270,#1271,#1272);
#1270 = CARTESIAN_POINT('',(-6.364810377352,5.839548119085,2.));
#1271 = DIRECTION('',(-0.,0.,-1.));
#1272 = DIRECTION('',(-1.,0.,0.));
#1273 = PCURVE('',#1274,#1279);
#1274 = CYLINDRICAL_SURFACE('',#1275,1.);
#1275 = AXIS2_PLACEMENT_3D('',#1276,#1277,#1278);
#1276 = CARTESIAN_POINT('',(-6.364810377352,5.839548119085,2.));
#1277 = DIRECTION('',(-0.,-0.,-1.));
#1278 = DIRECTION('',(-1.,0.,0.));
#1279 = DEFINITIONAL_REPRESENTATION('',(#1280),#1284);
#1280 = LINE('',#1281,#1282);
#1281 = CARTESIAN_POINT('',(-8.881784197001E-16,0.));
#1282 = VECTOR('',#1283,1.);
#1283 = DIRECTION('',(1.,0.));
#1284 = ( GEOMETRIC_REPRESENTATION_CONTEXT(2) 
PARAMETRIC_REPRESENTATION_CONTEXT() REPRESENTATION_CONTEXT('2D SPACE',''
  ) );
#1285 = PCURVE('',#1243,#1286);
#1286 = DEFINITIONAL_REPRESENTATION('',(#1287),#1295);
#1287 = ( BOUNDED_CURVE() B_SPLINE_CURVE(2,(#1288,#1289,#1290,#1291,
#1292,#1293,#1294),.UNSPECIFIED.,.T.,.F.) B_SPLINE_CURVE_WITH_KNOTS((1,2
    ,2,2,2,1),(-2.094395102393,0.,2.094395102393,4.188790204786,
6.28318530718,8.377580409573),.UNSPECIFIED.) CURVE() 
GEOMETRIC_REPRESENTATION_ITEM() RATIONAL_B_SPLINE_CURVE((1.,0.5,1.,0.5,
1.,0.5,1.)) REPRESENTATION_ITEM('') );
#1288 = CARTESIAN_POINT('',(1.,0.));
#1289 = CARTESIAN_POINT('',(1.,-1.732050807569));
#1290 = CARTESIAN_POINT('',(-0.5,-0.866025403784));
#1291 = CARTESIAN_POINT('',(-2.,-2.449293598295E-16));
#1292 = CARTESIAN_POINT('',(-0.5,0.866025403784));
#1293 = CARTESIAN_POINT('',(1.,1.732050807569));
#1294 = CARTESIAN_POINT('',(1.,0.));
#1295 = ( GEOMETRIC_REPRESENTATION_CONTEXT(2) 
PARAMETRIC_REPRESENTATION_CONTEXT() REPRESENTATION_CONTEXT('2D SPACE',''
  ) );
#1296 = ORIENTED_EDGE('',*,*,#1297,.T.);
#1297 = EDGE_CURVE('',#1265,#1298,#1300,.T.);
#1298 = VERTEX_POINT('',#1299);
#1299 = CARTESIAN_POINT('',(-7.364810377352,5.839548119085,-2.));
#1300 = SURFACE_CURVE('',#1301,(#1305,#1312),.PCURVE_S1.);
#1301 = LINE('',#1302,#1303);
#1302 = CARTESIAN_POINT('',(-7.364810377352,5.839548119085,2.));
#1303 = VECTOR('',#1304,1.);
#1304 = DIRECTION('',(-0.,-0.,-1.));
#1305 = PCURVE('',#1274,#1306);
#1306 = DEFINITIONAL_REPRESENTATION('',(#1307),#1311);
#1307 = LINE('',#1308,#1309);
#1308 = CARTESIAN_POINT('',(6.28318530718,0.));
#1309 = VECTOR('',#1310,1.);
#1310 = DIRECTION('',(0.,1.));
#1311 = ( GEOMETRIC_REPRESENTATION_CONTEXT(2) 
PARAMETRIC_REPRESENTATION_CONTEXT() REPRESENTATION_CONTEXT('2D SPACE',''
  ) );
#1312 = PCURVE('',#1313,#1318);
#1313 = CYLINDRICAL_SURFACE('',#1314,1.);
#1314 = AXIS2_PLACEMENT_3D('',#1315,#1316,#1317);
#1315 = CARTESIAN_POINT('',(-6.364810377352,5.839548119085,2.));
#1316 = DIRECTION('',(-0.,-0.,-1.));
#1317 = DIRECTION('',(-1.,0.,0.));
#1318 = DEFINITIONAL_REPRESENTATION('',(#1319),#1323);
#1319 = LINE('',#1320,#1321);
#1320 = CARTESIAN_POINT('',(0.,0.));
#1321 = VECTOR('',#1322,1.);
#1322 = DIRECTION('',(0.,1.));
#1323 = ( GEOMETRIC_REPRESENTATION_CONTEXT(2) 
PARAMETRIC_REPRESENTATION_CONTEXT() REPRESENTATION_CONTEXT('2D SPACE',''
  ) );
#1324 = ORIENTED_EDGE('',*,*,#1325,.F.);
#1325 = EDGE_CURVE('',#1326,#1298,#1328,.T.);
#1326 = VERTEX_POINT('',#1327);
#1327 = CARTESIAN_POINT('',(-7.231176720227,5.340139108419,-2.));
#1328 = SURFACE_CURVE('',#1329,(#1334,#1341),.PCURVE_S1.);
#1329 = CIRCLE('',#1330,1.);
#1330 = AXIS2_PLACEMENT_3D('',#1331,#1332,#1333);
#1331 = CARTESIAN_POINT('',(-6.364810377352,5.839548119085,-2.));
#1332 = DIRECTION('',(-0.,0.,-1.));
#1333 = DIRECTION('',(-1.,0.,0.));
#1334 = PCURVE('',#1274,#1335);
#1335 = DEFINITIONAL_REPRESENTATION('',(#1336),#1340);
#1336 = LINE('',#1337,#1338);
#1337 = CARTESIAN_POINT('',(-8.881784197001E-16,4.));
#1338 = VECTOR('',#1339,1.);
#1339 = DIRECTION('',(1.,0.));
#1340 = ( GEOMETRIC_REPRESENTATION_CONTEXT(2) 
PARAMETRIC_REPRESENTATION_CONTEXT() REPRESENTATION_CONTEXT('2D SPACE',''
  ) );
#1341 = PCURVE('',#1184,#1342);
#1342 = DEFINITIONAL_REPRESENTATION('',(#1343),#1351);
#1343 = ( BOUNDED_CURVE() B_SPLINE_CURVE(2,(#1344,#1345,#1346,#1347,
#1348,#1349,#1350),.UNSPECIFIED.,.T.,.F.) B_SPLINE_CURVE_WITH_KNOTS((1,2
    ,2,2,2,1),(-2.094395102393,0.,2.094395102393,4.188790204786,
6.28318530718,8.377580409573),.UNSPECIFIED.) CURVE() 
GEOMETRIC_REPRESENTATION_ITEM() RATIONAL_B_SPLINE_CURVE((1.,0.5,1.,0.5,
1.,0.5,1.)) REPRESENTATION_ITEM('') );
#1344 = CARTESIAN_POINT('',(1.,0.));
#1345 = CARTESIAN_POINT('',(1.,-1.732050807569));
#1346 = CARTESIAN_POINT('',(-0.5,-0.866025403784));
#1347 = CARTESIAN_POINT('',(-2.,-2.449293598295E-16));
#1348 = CARTESIAN_POINT('',(-0.5,0.866025403784));
#1349 = CARTESIAN_POINT('',(1.,1.732050807569));
#1350 = CARTESIAN_POINT('',(1.,0.));
#1351 = ( GEOMETRIC_REPRESENTATION_CONTEXT(2) 
PARAMETRIC_REPRESENTATION_CONTEXT() REPRESENTATION_CONTEXT('2D SPACE',''
  ) );
#1352 = ORIENTED_EDGE('',*,*,#1353,.F.);
#1353 = EDGE_CURVE('',#1263,#1326,#1354,.T.);
#1354 = SURFACE_CURVE('',#1355,(#1359,#1366),.PCURVE_S1.);
#1355 = LINE('',#1356,#1357);
#1356 = CARTESIAN_POINT('',(-7.231176720227,5.340139108419,2.));
#1357 = VECTOR('',#1358,1.);
#1358 = DIRECTION('',(-0.,-0.,-1.));
#1359 = PCURVE('',#1274,#1360);
#1360 = DEFINITIONAL_REPRESENTATION('',(#1361),#1365);
#1361 = LINE('',#1362,#1363);
#1362 = CARTESIAN_POINT('',(5.760268812957,0.));
#1363 = VECTOR('',#1364,1.);
#1364 = DIRECTION('',(0.,1.));
#1365 = ( GEOMETRIC_REPRESENTATION_CONTEXT(2) 
PARAMETRIC_REPRESENTATION_CONTEXT() REPRESENTATION_CONTEXT('2D SPACE',''
  ) );
#1366 = PCURVE('',#1367,#1372);
#1367 = PLANE('',#1368);
#1368 = AXIS2_PLACEMENT_3D('',#1369,#1370,#1371);
#1369 = CARTESIAN_POINT('',(-5.922252701712,3.069439760183,2.));
#1370 = DIRECTION('',(-0.866366342875,-0.499409010665,0.));
#1371 = DIRECTION('',(0.499409010665,-0.866366342875,0.));
#1372 = DEFINITIONAL_REPRESENTATION('',(#1373),#1377);
#1373 = LINE('',#1374,#1375);
#1374 = CARTESIAN_POINT('',(-2.620945939223,0.));
#1375 = VECTOR('',#1376,1.);
#1376 = DIRECTION('',(0.,-1.));
#1377 = ( GEOMETRIC_REPRESENTATION_CONTEXT(2) 
PARAMETRIC_REPRESENTATION_CONTEXT() REPRESENTATION_CONTEXT('2D SPACE',''
  ) );
#1378 = ADVANCED_FACE('',(#1379,#1495,#1619),#811,.F.);
#1379 = FACE_BOUND('',#1380,.F.);
#1380 = EDGE_LOOP('',(#1381,#1412,#1440,#1469));
#1381 = ORIENTED_EDGE('',*,*,#1382,.F.);
#1382 = EDGE_CURVE('',#1383,#1385,#1387,.T.);
#1383 = VERTEX_POINT('',#1384);
#1384 = CARTESIAN_POINT('',(5.241309388413,10.520003147372,-3.));
#1385 = VERTEX_POINT('',#1386);
#1386 = CARTESIAN_POINT('',(-2.591672613965,12.69377886761,-3.));
#1387 = SURFACE_CURVE('',#1388,(#1393,#1400),.PCURVE_S1.);
#1388 = CIRCLE('',#1389,11.60827202689);
#1389 = AXIS2_PLACEMENT_3D('',#1390,#1391,#1392);
#1390 = CARTESIAN_POINT('',(4.232479554555,22.084355347846,-3.));
#1391 = DIRECTION('',(0.,-0.,-1.));
#1392 = DIRECTION('',(1.,8.966313704357E-16,-0.));
#1393 = PCURVE('',#811,#1394);
#1394 = DEFINITIONAL_REPRESENTATION('',(#1395),#1399);
#1395 = LINE('',#1396,#1397);
#1396 = CARTESIAN_POINT('',(3.14159265359,6.1));
#1397 = VECTOR('',#1398,1.);
#1398 = DIRECTION('',(1.,0.));
#1399 = ( GEOMETRIC_REPRESENTATION_CONTEXT(2) 
PARAMETRIC_REPRESENTATION_CONTEXT() REPRESENTATION_CONTEXT('2D SPACE',''
  ) );
#1400 = PCURVE('',#1401,#1406);
#1401 = TOROIDAL_SURFACE('',#1402,11.70827202689,0.1);
#1402 = AXIS2_PLACEMENT_3D('',#1403,#1404,#1405);
#1403 = CARTESIAN_POINT('',(4.232479554555,22.084355347846,-3.));
#1404 = DIRECTION('',(0.,0.,1.));
#1405 = DIRECTION('',(1.,0.,-0.));
#1406 = DEFINITIONAL_REPRESENTATION('',(#1407),#1411);
#1407 = LINE('',#1408,#1409);
#1408 = CARTESIAN_POINT('',(6.28318530718,3.14159265359));
#1409 = VECTOR('',#1410,1.);
#1410 = DIRECTION('',(-1.,-9.434986173312E-14));
#1411 = ( GEOMETRIC_REPRESENTATION_CONTEXT(2) 
PARAMETRIC_REPRESENTATION_CONTEXT() REPRESENTATION_CONTEXT('2D SPACE',''
  ) );
#1412 = ORIENTED_EDGE('',*,*,#1413,.F.);
#1413 = EDGE_CURVE('',#1414,#1383,#1416,.T.);
#1414 = VERTEX_POINT('',#1415);
#1415 = CARTESIAN_POINT('',(5.241309388413,10.520003147372,3.));
#1416 = SURFACE_CURVE('',#1417,(#1421,#1428),.PCURVE_S1.);
#1417 = LINE('',#1418,#1419);
#1418 = CARTESIAN_POINT('',(5.241309388413,10.520003147372,3.1));
#1419 = VECTOR('',#1420,1.);
#1420 = DIRECTION('',(-0.,-0.,-1.));
#1421 = PCURVE('',#811,#1422);
#1422 = DEFINITIONAL_REPRESENTATION('',(#1423),#1427);
#1423 = LINE('',#1424,#1425);
#1424 = CARTESIAN_POINT('',(4.625373095449,0.));
#1425 = VECTOR('',#1426,1.);
#1426 = DIRECTION('',(0.,1.));
#1427 = ( GEOMETRIC_REPRESENTATION_CONTEXT(2) 
PARAMETRIC_REPRESENTATION_CONTEXT() REPRESENTATION_CONTEXT('2D SPACE',''
  ) );
#1428 = PCURVE('',#1429,#1434);
#1429 = CYLINDRICAL_SURFACE('',#1430,0.1);
#1430 = AXIS2_PLACEMENT_3D('',#1431,#1432,#1433);
#1431 = CARTESIAN_POINT('',(5.25,10.420381496762,3.1));
#1432 = DIRECTION('',(-0.,-0.,-1.));
#1433 = DIRECTION('',(-1.,0.,0.));
#1434 = DEFINITIONAL_REPRESENTATION('',(#1435),#1439);
#1435 = LINE('',#1436,#1437);
#1436 = CARTESIAN_POINT('',(1.48378044186,0.));
#1437 = VECTOR('',#1438,1.);
#1438 = DIRECTION('',(0.,1.));
#1439 = ( GEOMETRIC_REPRESENTATION_CONTEXT(2) 
PARAMETRIC_REPRESENTATION_CONTEXT() REPRESENTATION_CONTEXT('2D SPACE',''
  ) );
#1440 = ORIENTED_EDGE('',*,*,#1441,.F.);
#1441 = EDGE_CURVE('',#1442,#1414,#1444,.T.);
#1442 = VERTEX_POINT('',#1443);
#1443 = CARTESIAN_POINT('',(-2.591672613965,12.69377886761,3.));
#1444 = SURFACE_CURVE('',#1445,(#1450,#1457),.PCURVE_S1.);
#1445 = CIRCLE('',#1446,11.60827202689);
#1446 = AXIS2_PLACEMENT_3D('',#1447,#1448,#1449);
#1447 = CARTESIAN_POINT('',(4.232479554555,22.084355347846,3.));
#1448 = DIRECTION('',(0.,0.,1.));
#1449 = DIRECTION('',(1.,0.,-0.));
#1450 = PCURVE('',#811,#1451);
#1451 = DEFINITIONAL_REPRESENTATION('',(#1452),#1456);
#1452 = LINE('',#1453,#1454);
#1453 = CARTESIAN_POINT('',(9.424777960769,0.1));
#1454 = VECTOR('',#1455,1.);
#1455 = DIRECTION('',(-1.,0.));
#1456 = ( GEOMETRIC_REPRESENTATION_CONTEXT(2) 
PARAMETRIC_REPRESENTATION_CONTEXT() REPRESENTATION_CONTEXT('2D SPACE',''
  ) );
#1457 = PCURVE('',#1458,#1463);
#1458 = TOROIDAL_SURFACE('',#1459,11.70827202689,0.1);
#1459 = AXIS2_PLACEMENT_3D('',#1460,#1461,#1462);
#1460 = CARTESIAN_POINT('',(4.232479554555,22.084355347846,3.));
#1461 = DIRECTION('',(0.,0.,1.));
#1462 = DIRECTION('',(1.,0.,-0.));
#1463 = DEFINITIONAL_REPRESENTATION('',(#1464),#1468);
#1464 = LINE('',#1465,#1466);
#1465 = CARTESIAN_POINT('',(0.,3.14159265359));
#1466 = VECTOR('',#1467,1.);
#1467 = DIRECTION('',(1.,-6.82795052016E-15));
#1468 = ( GEOMETRIC_REPRESENTATION_CONTEXT(2) 
PARAMETRIC_REPRESENTATION_CONTEXT() REPRESENTATION_CONTEXT('2D SPACE',''
  ) );
#1469 = ORIENTED_EDGE('',*,*,#1470,.F.);
#1470 = EDGE_CURVE('',#1385,#1442,#1471,.T.);
#1471 = SURFACE_CURVE('',#1472,(#1476,#1483),.PCURVE_S1.);
#1472 = LINE('',#1473,#1474);
#1473 = CARTESIAN_POINT('',(-2.591672613965,12.69377886761,3.1));
#1474 = VECTOR('',#1475,1.);
#1475 = DIRECTION('',(0.,0.,1.));
#1476 = PCURVE('',#811,#1477);
#1477 = DEFINITIONAL_REPRESENTATION('',(#1478),#1482);
#1478 = LINE('',#1479,#1480);
#1479 = CARTESIAN_POINT('',(5.34081198065,0.));
#1480 = VECTOR('',#1481,1.);
#1481 = DIRECTION('',(0.,-1.));
#1482 = ( GEOMETRIC_REPRESENTATION_CONTEXT(2) 
PARAMETRIC_REPRESENTATION_CONTEXT() REPRESENTATION_CONTEXT('2D SPACE',''
  ) );
#1483 = PCURVE('',#1484,#1489);
#1484 = CYLINDRICAL_SURFACE('',#1485,1.E-01);
#1485 = AXIS2_PLACEMENT_3D('',#1486,#1487,#1488);
#1486 = CARTESIAN_POINT('',(-2.650459590638,12.612883309179,3.1));
#1487 = DIRECTION('',(0.,0.,1.));
#1488 = DIRECTION('',(1.,0.,-0.));
#1489 = DEFINITIONAL_REPRESENTATION('',(#1490),#1494);
#1490 = LINE('',#1491,#1492);
#1491 = CARTESIAN_POINT('',(0.942373326529,0.));
#1492 = VECTOR('',#1493,1.);
#1493 = DIRECTION('',(0.,1.));
#1494 = ( GEOMETRIC_REPRESENTATION_CONTEXT(2) 
PARAMETRIC_REPRESENTATION_CONTEXT() REPRESENTATION_CONTEXT('2D SPACE',''
  ) );
#1495 = FACE_BOUND('',#1496,.F.);
#1496 = EDGE_LOOP('',(#1497,#1532,#1560,#1593));
#1497 = ORIENTED_EDGE('',*,*,#1498,.T.);
#1498 = EDGE_CURVE('',#1499,#1501,#1503,.T.);
#1499 = VERTEX_POINT('',#1500);
#1500 = CARTESIAN_POINT('',(4.145401274145,10.476409930014,
    -0.13622840874));
#1501 = VERTEX_POINT('',#1502);
#1502 = CARTESIAN_POINT('',(2.145823789194,10.665167672395,
    -0.13622840874));
#1503 = SURFACE_CURVE('',#1504,(#1509,#1516),.PCURVE_S1.);
#1504 = CIRCLE('',#1505,11.60827202689);
#1505 = AXIS2_PLACEMENT_3D('',#1506,#1507,#1508);
#1506 = CARTESIAN_POINT('',(4.232479554555,22.084355347846,
    -0.13622840874));
#1507 = DIRECTION('',(-0.,0.,-1.));
#1508 = DIRECTION('',(-0.179755932711,-0.983711240484,0.));
#1509 = PCURVE('',#811,#1510);
#1510 = DEFINITIONAL_REPRESENTATION('',(#1511),#1515);
#1511 = LINE('',#1512,#1513);
#1512 = CARTESIAN_POINT('',(-1.390057989847,3.23622840874));
#1513 = VECTOR('',#1514,1.);
#1514 = DIRECTION('',(1.,0.));
#1515 = ( GEOMETRIC_REPRESENTATION_CONTEXT(2) 
PARAMETRIC_REPRESENTATION_CONTEXT() REPRESENTATION_CONTEXT('2D SPACE',''
  ) );
#1516 = PCURVE('',#1517,#1522);
#1517 = PLANE('',#1518);
#1518 = AXIS2_PLACEMENT_3D('',#1519,#1520,#1521);
#1519 = CARTESIAN_POINT('',(4.232479554555,22.084355347846,
    -0.13622840874));
#1520 = DIRECTION('',(0.,0.,1.));
#1521 = DIRECTION('',(1.,0.,-0.));
#1522 = DEFINITIONAL_REPRESENTATION('',(#1523),#1531);
#1523 = ( BOUNDED_CURVE() B_SPLINE_CURVE(2,(#1524,#1525,#1526,#1527,
#1528,#1529,#1530),.UNSPECIFIED.,.T.,.F.) B_SPLINE_CURVE_WITH_KNOTS((1,2
    ,2,2,2,1),(-2.094395102393,0.,2.094395102393,4.188790204786,
6.28318530718,8.377580409573),.UNSPECIFIED.) CURVE() 
GEOMETRIC_REPRESENTATION_ITEM() RATIONAL_B_SPLINE_CURVE((1.,0.5,1.,0.5,
1.,0.5,1.)) REPRESENTATION_ITEM('') );
#1524 = CARTESIAN_POINT('',(-2.08665576536,-11.41918767545));
#1525 = CARTESIAN_POINT('',(-21.8652690004,-7.80499387194));
#1526 = CARTESIAN_POINT('',(-8.845978734842,7.516690739481));
#1527 = CARTESIAN_POINT('',(4.173311530721,22.838375350902));
#1528 = CARTESIAN_POINT('',(10.932634500203,3.90249693597));
#1529 = CARTESIAN_POINT('',(17.691957469685,-15.03338147896));
#1530 = CARTESIAN_POINT('',(-2.08665576536,-11.41918767545));
#1531 = ( GEOMETRIC_REPRESENTATION_CONTEXT(2) 
PARAMETRIC_REPRESENTATION_CONTEXT() REPRESENTATION_CONTEXT('2D SPACE',''
  ) );
#1532 = ORIENTED_EDGE('',*,*,#1533,.T.);
#1533 = EDGE_CURVE('',#1501,#1534,#1536,.T.);
#1534 = VERTEX_POINT('',#1535);
#1535 = CARTESIAN_POINT('',(2.145823789194,10.665167672395,0.13622840874
    ));
#1536 = SURFACE_CURVE('',#1537,(#1541,#1548),.PCURVE_S1.);
#1537 = LINE('',#1538,#1539);
#1538 = CARTESIAN_POINT('',(2.145823789194,10.665167672395,
    -0.13622840874));
#1539 = VECTOR('',#1540,1.);
#1540 = DIRECTION('',(0.,0.,1.));
#1541 = PCURVE('',#811,#1542);
#1542 = DEFINITIONAL_REPRESENTATION('',(#1543),#1547);
#1543 = LINE('',#1544,#1545);
#1544 = CARTESIAN_POINT('',(4.893127317333,3.23622840874));
#1545 = VECTOR('',#1546,1.);
#1546 = DIRECTION('',(0.,-1.));
#1547 = ( GEOMETRIC_REPRESENTATION_CONTEXT(2) 
PARAMETRIC_REPRESENTATION_CONTEXT() REPRESENTATION_CONTEXT('2D SPACE',''
  ) );
#1548 = PCURVE('',#1549,#1554);
#1549 = PLANE('',#1550);
#1550 = AXIS2_PLACEMENT_3D('',#1551,#1552,#1553);
#1551 = CARTESIAN_POINT('',(2.145823789194,10.665167672395,
    4.336808689942E-16));
#1552 = DIRECTION('',(0.983711240484,-0.179755932711,0.));
#1553 = DIRECTION('',(0.,0.,1.));
#1554 = DEFINITIONAL_REPRESENTATION('',(#1555),#1559);
#1555 = LINE('',#1556,#1557);
#1556 = CARTESIAN_POINT('',(-0.13622840874,-0.));
#1557 = VECTOR('',#1558,1.);
#1558 = DIRECTION('',(1.,0.));
#1559 = ( GEOMETRIC_REPRESENTATION_CONTEXT(2) 
PARAMETRIC_REPRESENTATION_CONTEXT() REPRESENTATION_CONTEXT('2D SPACE',''
  ) );
#1560 = ORIENTED_EDGE('',*,*,#1561,.F.);
#1561 = EDGE_CURVE('',#1562,#1534,#1564,.T.);
#1562 = VERTEX_POINT('',#1563);
#1563 = CARTESIAN_POINT('',(4.145401274145,10.476409930014,0.13622840874
    ));
#1564 = SURFACE_CURVE('',#1565,(#1570,#1577),.PCURVE_S1.);
#1565 = CIRCLE('',#1566,11.60827202689);
#1566 = AXIS2_PLACEMENT_3D('',#1567,#1568,#1569);
#1567 = CARTESIAN_POINT('',(4.232479554555,22.084355347846,0.13622840874
    ));
#1568 = DIRECTION('',(-0.,0.,-1.));
#1569 = DIRECTION('',(-0.179755932711,-0.983711240484,0.));
#1570 = PCURVE('',#811,#1571);
#1571 = DEFINITIONAL_REPRESENTATION('',(#1572),#1576);
#1572 = LINE('',#1573,#1574);
#1573 = CARTESIAN_POINT('',(-1.390057989847,2.96377159126));
#1574 = VECTOR('',#1575,1.);
#1575 = DIRECTION('',(1.,0.));
#1576 = ( GEOMETRIC_REPRESENTATION_CONTEXT(2) 
PARAMETRIC_REPRESENTATION_CONTEXT() REPRESENTATION_CONTEXT('2D SPACE',''
  ) );
#1577 = PCURVE('',#1578,#1583);
#1578 = PLANE('',#1579);
#1579 = AXIS2_PLACEMENT_3D('',#1580,#1581,#1582);
#1580 = CARTESIAN_POINT('',(4.232479554555,22.084355347846,0.13622840874
    ));
#1581 = DIRECTION('',(0.,0.,1.));
#1582 = DIRECTION('',(1.,0.,-0.));
#1583 = DEFINITIONAL_REPRESENTATION('',(#1584),#1592);
#1584 = ( BOUNDED_CURVE() B_SPLINE_CURVE(2,(#1585,#1586,#1587,#1588,
#1589,#1590,#1591),.UNSPECIFIED.,.T.,.F.) B_SPLINE_CURVE_WITH_KNOTS((1,2
    ,2,2,2,1),(-2.094395102393,0.,2.094395102393,4.188790204786,
6.28318530718,8.377580409573),.UNSPECIFIED.) CURVE() 
GEOMETRIC_REPRESENTATION_ITEM() RATIONAL_B_SPLINE_CURVE((1.,0.5,1.,0.5,
1.,0.5,1.)) REPRESENTATION_ITEM('') );
#1585 = CARTESIAN_POINT('',(-2.08665576536,-11.41918767545));
#1586 = CARTESIAN_POINT('',(-21.8652690004,-7.80499387194));
#1587 = CARTESIAN_POINT('',(-8.845978734842,7.516690739481));
#1588 = CARTESIAN_POINT('',(4.173311530721,22.838375350902));
#1589 = CARTESIAN_POINT('',(10.932634500203,3.90249693597));
#1590 = CARTESIAN_POINT('',(17.691957469685,-15.03338147896));
#1591 = CARTESIAN_POINT('',(-2.08665576536,-11.41918767545));
#1592 = ( GEOMETRIC_REPRESENTATION_CONTEXT(2) 
PARAMETRIC_REPRESENTATION_CONTEXT() REPRESENTATION_CONTEXT('2D SPACE',''
  ) );
#1593 = ORIENTED_EDGE('',*,*,#1594,.T.);
#1594 = EDGE_CURVE('',#1562,#1499,#1595,.T.);
#1595 = SURFACE_CURVE('',#1596,(#1600,#1607),.PCURVE_S1.);
#1596 = LINE('',#1597,#1598);
#1597 = CARTESIAN_POINT('',(4.145401274145,10.476409930014,0.13622840874
    ));
#1598 = VECTOR('',#1599,1.);
#1599 = DIRECTION('',(0.,0.,-1.));
#1600 = PCURVE('',#811,#1601);
#1601 = DEFINITIONAL_REPRESENTATION('',(#1602),#1606);
#1602 = LINE('',#1603,#1604);
#1603 = CARTESIAN_POINT('',(4.719890449759,2.96377159126));
#1604 = VECTOR('',#1605,1.);
#1605 = DIRECTION('',(0.,1.));
#1606 = ( GEOMETRIC_REPRESENTATION_CONTEXT(2) 
PARAMETRIC_REPRESENTATION_CONTEXT() REPRESENTATION_CONTEXT('2D SPACE',''
  ) );
#1607 = PCURVE('',#1608,#1613);
#1608 = PLANE('',#1609);
#1609 = AXIS2_PLACEMENT_3D('',#1610,#1611,#1612);
#1610 = CARTESIAN_POINT('',(4.145401274145,10.476409930014,
    4.336808689942E-16));
#1611 = DIRECTION('',(-0.999971864111,7.501399020318E-03,0.));
#1612 = DIRECTION('',(0.,0.,-1.));
#1613 = DEFINITIONAL_REPRESENTATION('',(#1614),#1618);
#1614 = LINE('',#1615,#1616);
#1615 = CARTESIAN_POINT('',(-0.13622840874,-0.));
#1616 = VECTOR('',#1617,1.);
#1617 = DIRECTION('',(1.,0.));
#1618 = ( GEOMETRIC_REPRESENTATION_CONTEXT(2) 
PARAMETRIC_REPRESENTATION_CONTEXT() REPRESENTATION_CONTEXT('2D SPACE',''
  ) );
#1619 = FACE_BOUND('',#1620,.F.);
#1620 = EDGE_LOOP('',(#1621,#1622));
#1621 = ORIENTED_EDGE('',*,*,#776,.T.);
#1622 = ORIENTED_EDGE('',*,*,#1623,.T.);
#1623 = EDGE_CURVE('',#777,#670,#1624,.T.);
#1624 = SURFACE_CURVE('',#1625,(#1648,#1699),.PCURVE_S1.);
#1625 = B_SPLINE_CURVE_WITH_KNOTS('',3,(#1626,#1627,#1628,#1629,#1630,
    #1631,#1632,#1633,#1634,#1635,#1636,#1637,#1638,#1639,#1640,#1641,
    #1642,#1643,#1644,#1645,#1646,#1647),.UNSPECIFIED.,.F.,.F.,(4,2,2,2,
    2,2,2,2,2,2,4),(0.,6.25E-02,0.125,0.15625,0.1875,0.25,0.3125,0.375,
    0.4375,0.46875,0.5),.UNSPECIFIED.);
#1626 = CARTESIAN_POINT('',(-0.137160847734,11.32990407384,
    1.070750049386));
#1627 = CARTESIAN_POINT('',(-1.020730525577E-02,11.278321588198,
    1.069519733826));
#1628 = CARTESIAN_POINT('',(0.115178509124,11.229962647909,
    1.041633723891));
#1629 = CARTESIAN_POINT('',(0.367352926803,11.137629584651,
    0.930420710666));
#1630 = CARTESIAN_POINT('',(0.478111101737,11.09951545042,0.853748943791
    ));
#1631 = CARTESIAN_POINT('',(0.620538225948,11.052204064469,
    0.707011173129));
#1632 = CARTESIAN_POINT('',(0.662719552261,11.038528652759,
    0.653623875572));
#1633 = CARTESIAN_POINT('',(0.736366819656,11.014998112815,
    0.537899865786));
#1634 = CARTESIAN_POINT('',(0.768186624254,11.005033232724,
    0.474656470738));
#1635 = CARTESIAN_POINT('',(0.845316860936,10.981112277177,
    0.276942260501));
#1636 = CARTESIAN_POINT('',(0.871291363007,10.973352083932,
    0.139243180261));
#1637 = CARTESIAN_POINT('',(0.872006149087,10.973135879181,
    -0.142962067227));
#1638 = CARTESIAN_POINT('',(0.845213286749,10.981136349505,
    -0.279982206719));
#1639 = CARTESIAN_POINT('',(0.739454674244,11.013952370553,
    -0.541470614583));
#1640 = CARTESIAN_POINT('',(0.665904874708,11.037107266708,
    -0.656620296329));
#1641 = CARTESIAN_POINT('',(0.474553279209,11.100725018023,
    -0.859729279294));
#1642 = CARTESIAN_POINT('',(0.365661539181,11.138271433196,
    -0.936712505121));
#1643 = CARTESIAN_POINT('',(0.181700347661,11.205594799771,
    -1.015987097172));
#1644 = CARTESIAN_POINT('',(0.119066715671,11.229102880803,
    -1.035814479931));
#1645 = CARTESIAN_POINT('',(-8.749927126531E-03,11.278401258084,
    -1.062274282935));
#1646 = CARTESIAN_POINT('',(-7.338334496576E-02,11.303968065389,
    -1.068906414045));
#1647 = CARTESIAN_POINT('',(-0.14034798502,11.331199589678,
    -1.068941642167));
#1648 = PCURVE('',#811,#1649);
#1649 = DEFINITIONAL_REPRESENTATION('',(#1650),#1698);
#1650 = B_SPLINE_CURVE_WITH_KNOTS('',3,(#1651,#1652,#1653,#1654,#1655,
    #1656,#1657,#1658,#1659,#1660,#1661,#1662,#1663,#1664,#1665,#1666,
    #1667,#1668,#1669,#1670,#1671,#1672,#1673,#1674,#1675,#1676,#1677,
    #1678,#1679,#1680,#1681,#1682,#1683,#1684,#1685,#1686,#1687,#1688,
    #1689,#1690,#1691,#1692,#1693,#1694,#1695,#1696,#1697),
  .UNSPECIFIED.,.F.,.F.,(4,1,1,1,1,1,1,1,1,1,1,1,1,1,1,1,1,1,1,1,1,1,1,1
    ,1,1,1,1,1,1,1,1,1,1,1,1,1,1,1,1,1,1,1,1,4),(0.,1.136363636364E-02,
    2.272727272727E-02,3.409090909091E-02,4.545454545455E-02,
    5.681818181818E-02,6.818181818182E-02,7.954545454545E-02,
    9.090909090909E-02,0.102272727273,0.113636363636,0.125,
    0.136363636364,0.147727272727,0.159090909091,0.170454545455,
    0.181818181818,0.193181818182,0.204545454545,0.215909090909,
    0.227272727273,0.238636363636,0.25,0.261363636364,0.272727272727,
    0.284090909091,0.295454545455,0.306818181818,0.318181818182,
    0.329545454545,0.340909090909,0.352272727273,0.363636363636,0.375,
    0.386363636364,0.397727272727,0.409090909091,0.420454545455,
    0.431818181818,0.443181818182,0.454545454545,0.465909090909,
    0.477272727273,0.488636363636,0.5),.QUASI_UNIFORM_KNOTS.);
#1651 = CARTESIAN_POINT('',(5.098323093669,2.029249950614));
#1652 = CARTESIAN_POINT('',(5.096176776668,2.029473644352));
#1653 = CARTESIAN_POINT('',(5.0918993511,2.031683278102));
#1654 = CARTESIAN_POINT('',(5.085520617824,2.040323890797));
#1655 = CARTESIAN_POINT('',(5.079171972195,2.054325996147));
#1656 = CARTESIAN_POINT('',(5.072842936988,2.073739249058));
#1657 = CARTESIAN_POINT('',(5.0665347915,2.098560099817));
#1658 = CARTESIAN_POINT('',(5.060204987993,2.128983492874));
#1659 = CARTESIAN_POINT('',(5.054194257033,2.163469162848));
#1660 = CARTESIAN_POINT('',(5.048469463099,2.202167753287));
#1661 = CARTESIAN_POINT('',(5.043037962688,2.245050397332));
#1662 = CARTESIAN_POINT('',(5.037901543542,2.29210099337));
#1663 = CARTESIAN_POINT('',(5.033044097817,2.343431889199));
#1664 = CARTESIAN_POINT('',(5.028526989391,2.398628869735));
#1665 = CARTESIAN_POINT('',(5.024410451176,2.457315730832));
#1666 = CARTESIAN_POINT('',(5.020682361508,2.519478071142));
#1667 = CARTESIAN_POINT('',(5.0173266869,2.58567231696));
#1668 = CARTESIAN_POINT('',(5.014367962092,2.655158565577));
#1669 = CARTESIAN_POINT('',(5.01183532091,2.727176489121));
#1670 = CARTESIAN_POINT('',(5.009763126579,2.800178236284));
#1671 = CARTESIAN_POINT('',(5.008146721859,2.87424752225));
#1672 = CARTESIAN_POINT('',(5.006987064086,2.949265051599));
#1673 = CARTESIAN_POINT('',(5.006285076861,3.025086359787));
#1674 = CARTESIAN_POINT('',(5.006036240399,3.10187066937));
#1675 = CARTESIAN_POINT('',(5.006257874157,3.17858762363));
#1676 = CARTESIAN_POINT('',(5.00696447008,3.254217552484));
#1677 = CARTESIAN_POINT('',(5.008148291427,3.328929828566));
#1678 = CARTESIAN_POINT('',(5.009808434247,3.402592015366));
#1679 = CARTESIAN_POINT('',(5.011938926791,3.475089870233));
#1680 = CARTESIAN_POINT('',(5.014547275152,3.546538184215));
#1681 = CARTESIAN_POINT('',(5.017520693184,3.614750084283));
#1682 = CARTESIAN_POINT('',(5.020876904268,3.680019853699));
#1683 = CARTESIAN_POINT('',(5.024620753198,3.742384708586));
#1684 = CARTESIAN_POINT('',(5.028751993452,3.801834113953));
#1685 = CARTESIAN_POINT('',(5.033303817796,3.858805606409));
#1686 = CARTESIAN_POINT('',(5.038180940638,3.911992187281));
#1687 = CARTESIAN_POINT('',(5.0432851409,3.960029394142));
#1688 = CARTESIAN_POINT('',(5.048646583808,4.003301895446));
#1689 = CARTESIAN_POINT('',(5.054262653239,4.041730203423));
#1690 = CARTESIAN_POINT('',(5.060133747703,4.075342324326));
#1691 = CARTESIAN_POINT('',(5.066281259524,4.104200444536));
#1692 = CARTESIAN_POINT('',(5.07252365499,4.127784895632));
#1693 = CARTESIAN_POINT('',(5.078881443718,4.146145525562));
#1694 = CARTESIAN_POINT('',(5.085338743749,4.159268917497));
#1695 = CARTESIAN_POINT('',(5.091888878564,4.167158609275));
#1696 = CARTESIAN_POINT('',(5.096355098886,4.16892883281));
#1697 = CARTESIAN_POINT('',(5.098619466692,4.168941642167));
#1698 = ( GEOMETRIC_REPRESENTATION_CONTEXT(2) 
PARAMETRIC_REPRESENTATION_CONTEXT() REPRESENTATION_CONTEXT('2D SPACE',''
  ) );
#1699 = PCURVE('',#684,#1700);
#1700 = DEFINITIONAL_REPRESENTATION('',(#1701),#1705);
#1701 = LINE('',#1702,#1703);
#1702 = CARTESIAN_POINT('',(1.,0.));
#1703 = VECTOR('',#1704,1.);
#1704 = DIRECTION('',(-2.620126338115E-14,1.));
#1705 = ( GEOMETRIC_REPRESENTATION_CONTEXT(2) 
PARAMETRIC_REPRESENTATION_CONTEXT() REPRESENTATION_CONTEXT('2D SPACE',''
  ) );
#1706 = ADVANCED_FACE('',(#1707),#1721,.T.);
#1707 = FACE_BOUND('',#1708,.T.);
#1708 = EDGE_LOOP('',(#1709,#1744,#1767,#1790));
#1709 = ORIENTED_EDGE('',*,*,#1710,.F.);
#1710 = EDGE_CURVE('',#1711,#1713,#1715,.T.);
#1711 = VERTEX_POINT('',#1712);
#1712 = CARTESIAN_POINT('',(-7.270051854713,6.356559322583,-2.));
#1713 = VERTEX_POINT('',#1714);
#1714 = CARTESIAN_POINT('',(-7.270051854713,6.356559322583,2.));
#1715 = SURFACE_CURVE('',#1716,(#1720,#1732),.PCURVE_S1.);
#1716 = LINE('',#1717,#1718);
#1717 = CARTESIAN_POINT('',(-7.270051854713,6.356559322583,2.));
#1718 = VECTOR('',#1719,1.);
#1719 = DIRECTION('',(0.,0.,1.));
#1720 = PCURVE('',#1721,#1726);
#1721 = PLANE('',#1722);
#1722 = AXIS2_PLACEMENT_3D('',#1723,#1724,#1725);
#1723 = CARTESIAN_POINT('',(-7.337911272708,6.069927474621,2.));
#1724 = DIRECTION('',(-0.973100895356,0.230379355536,0.));
#1725 = DIRECTION('',(-0.230379355536,-0.973100895356,0.));
#1726 = DEFINITIONAL_REPRESENTATION('',(#1727),#1731);
#1727 = LINE('',#1728,#1729);
#1728 = CARTESIAN_POINT('',(-0.294555116874,0.));
#1729 = VECTOR('',#1730,1.);
#1730 = DIRECTION('',(0.,1.));
#1731 = ( GEOMETRIC_REPRESENTATION_CONTEXT(2) 
PARAMETRIC_REPRESENTATION_CONTEXT() REPRESENTATION_CONTEXT('2D SPACE',''
  ) );
#1732 = PCURVE('',#1733,#1738);
#1733 = PLANE('',#1734);
#1734 = AXIS2_PLACEMENT_3D('',#1735,#1736,#1737);
#1735 = CARTESIAN_POINT('',(-7.212638122112,6.356559322583,5.25));
#1736 = DIRECTION('',(0.,-1.,-0.));
#1737 = DIRECTION('',(0.,0.,-1.));
#1738 = DEFINITIONAL_REPRESENTATION('',(#1739),#1743);
#1739 = LINE('',#1740,#1741);
#1740 = CARTESIAN_POINT('',(3.25,-5.74137326007E-02));
#1741 = VECTOR('',#1742,1.);
#1742 = DIRECTION('',(-1.,0.));
#1743 = ( GEOMETRIC_REPRESENTATION_CONTEXT(2) 
PARAMETRIC_REPRESENTATION_CONTEXT() REPRESENTATION_CONTEXT('2D SPACE',''
  ) );
#1744 = ORIENTED_EDGE('',*,*,#1745,.F.);
#1745 = EDGE_CURVE('',#1746,#1711,#1748,.T.);
#1746 = VERTEX_POINT('',#1747);
#1747 = CARTESIAN_POINT('',(-7.337911272708,6.069927474621,-2.));
#1748 = SURFACE_CURVE('',#1749,(#1753,#1760),.PCURVE_S1.);
#1749 = LINE('',#1750,#1751);
#1750 = CARTESIAN_POINT('',(-7.337911272708,6.069927474621,-2.));
#1751 = VECTOR('',#1752,1.);
#1752 = DIRECTION('',(0.230379355536,0.973100895356,0.));
#1753 = PCURVE('',#1721,#1754);
#1754 = DEFINITIONAL_REPRESENTATION('',(#1755),#1759);
#1755 = LINE('',#1756,#1757);
#1756 = CARTESIAN_POINT('',(-0.,-4.));
#1757 = VECTOR('',#1758,1.);
#1758 = DIRECTION('',(-1.,0.));
#1759 = ( GEOMETRIC_REPRESENTATION_CONTEXT(2) 
PARAMETRIC_REPRESENTATION_CONTEXT() REPRESENTATION_CONTEXT('2D SPACE',''
  ) );
#1760 = PCURVE('',#1184,#1761);
#1761 = DEFINITIONAL_REPRESENTATION('',(#1762),#1766);
#1762 = LINE('',#1763,#1764);
#1763 = CARTESIAN_POINT('',(0.973100895356,-0.230379355536));
#1764 = VECTOR('',#1765,1.);
#1765 = DIRECTION('',(-0.230379355536,-0.973100895356));
#1766 = ( GEOMETRIC_REPRESENTATION_CONTEXT(2) 
PARAMETRIC_REPRESENTATION_CONTEXT() REPRESENTATION_CONTEXT('2D SPACE',''
  ) );
#1767 = ORIENTED_EDGE('',*,*,#1768,.F.);
#1768 = EDGE_CURVE('',#1769,#1746,#1771,.T.);
#1769 = VERTEX_POINT('',#1770);
#1770 = CARTESIAN_POINT('',(-7.337911272708,6.069927474621,2.));
#1771 = SURFACE_CURVE('',#1772,(#1776,#1783),.PCURVE_S1.);
#1772 = LINE('',#1773,#1774);
#1773 = CARTESIAN_POINT('',(-7.337911272708,6.069927474621,2.));
#1774 = VECTOR('',#1775,1.);
#1775 = DIRECTION('',(-0.,-0.,-1.));
#1776 = PCURVE('',#1721,#1777);
#1777 = DEFINITIONAL_REPRESENTATION('',(#1778),#1782);
#1778 = LINE('',#1779,#1780);
#1779 = CARTESIAN_POINT('',(0.,0.));
#1780 = VECTOR('',#1781,1.);
#1781 = DIRECTION('',(0.,-1.));
#1782 = ( GEOMETRIC_REPRESENTATION_CONTEXT(2) 
PARAMETRIC_REPRESENTATION_CONTEXT() REPRESENTATION_CONTEXT('2D SPACE',''
  ) );
#1783 = PCURVE('',#1313,#1784);
#1784 = DEFINITIONAL_REPRESENTATION('',(#1785),#1789);
#1785 = LINE('',#1786,#1787);
#1786 = CARTESIAN_POINT('',(0.232467506819,0.));
#1787 = VECTOR('',#1788,1.);
#1788 = DIRECTION('',(0.,1.));
#1789 = ( GEOMETRIC_REPRESENTATION_CONTEXT(2) 
PARAMETRIC_REPRESENTATION_CONTEXT() REPRESENTATION_CONTEXT('2D SPACE',''
  ) );
#1790 = ORIENTED_EDGE('',*,*,#1791,.T.);
#1791 = EDGE_CURVE('',#1769,#1713,#1792,.T.);
#1792 = SURFACE_CURVE('',#1793,(#1797,#1804),.PCURVE_S1.);
#1793 = LINE('',#1794,#1795);
#1794 = CARTESIAN_POINT('',(-7.337911272708,6.069927474621,2.));
#1795 = VECTOR('',#1796,1.);
#1796 = DIRECTION('',(0.230379355536,0.973100895356,0.));
#1797 = PCURVE('',#1721,#1798);
#1798 = DEFINITIONAL_REPRESENTATION('',(#1799),#1803);
#1799 = LINE('',#1800,#1801);
#1800 = CARTESIAN_POINT('',(0.,0.));
#1801 = VECTOR('',#1802,1.);
#1802 = DIRECTION('',(-1.,0.));
#1803 = ( GEOMETRIC_REPRESENTATION_CONTEXT(2) 
PARAMETRIC_REPRESENTATION_CONTEXT() REPRESENTATION_CONTEXT('2D SPACE',''
  ) );
#1804 = PCURVE('',#1243,#1805);
#1805 = DEFINITIONAL_REPRESENTATION('',(#1806),#1810);
#1806 = LINE('',#1807,#1808);
#1807 = CARTESIAN_POINT('',(0.973100895356,-0.230379355536));
#1808 = VECTOR('',#1809,1.);
#1809 = DIRECTION('',(-0.230379355536,-0.973100895356));
#1810 = ( GEOMETRIC_REPRESENTATION_CONTEXT(2) 
PARAMETRIC_REPRESENTATION_CONTEXT() REPRESENTATION_CONTEXT('2D SPACE',''
  ) );
#1811 = ADVANCED_FACE('',(#1812),#1826,.T.);
#1812 = FACE_BOUND('',#1813,.T.);
#1813 = EDGE_LOOP('',(#1814,#1849,#1872,#1900));
#1814 = ORIENTED_EDGE('',*,*,#1815,.F.);
#1815 = EDGE_CURVE('',#1816,#1818,#1820,.T.);
#1816 = VERTEX_POINT('',#1817);
#1817 = CARTESIAN_POINT('',(-7.212638122112,6.599069570385,2.));
#1818 = VERTEX_POINT('',#1819);
#1819 = CARTESIAN_POINT('',(-7.212638122112,6.599069570385,-2.));
#1820 = SURFACE_CURVE('',#1821,(#1825,#1837),.PCURVE_S1.);
#1821 = LINE('',#1822,#1823);
#1822 = CARTESIAN_POINT('',(-7.212638122112,6.599069570385,2.));
#1823 = VECTOR('',#1824,1.);
#1824 = DIRECTION('',(0.,0.,-1.));
#1825 = PCURVE('',#1826,#1831);
#1826 = PLANE('',#1827);
#1827 = AXIS2_PLACEMENT_3D('',#1828,#1829,#1830);
#1828 = CARTESIAN_POINT('',(-7.337911272708,6.069927474621,2.));
#1829 = DIRECTION('',(-0.973100895356,0.230379355536,0.));
#1830 = DIRECTION('',(-0.230379355536,-0.973100895356,0.));
#1831 = DEFINITIONAL_REPRESENTATION('',(#1832),#1836);
#1832 = LINE('',#1833,#1834);
#1833 = CARTESIAN_POINT('',(-0.543768994859,0.));
#1834 = VECTOR('',#1835,1.);
#1835 = DIRECTION('',(-0.,-1.));
#1836 = ( GEOMETRIC_REPRESENTATION_CONTEXT(2) 
PARAMETRIC_REPRESENTATION_CONTEXT() REPRESENTATION_CONTEXT('2D SPACE',''
  ) );
#1837 = PCURVE('',#1838,#1843);
#1838 = PLANE('',#1839);
#1839 = AXIS2_PLACEMENT_3D('',#1840,#1841,#1842);
#1840 = CARTESIAN_POINT('',(-7.212638122112,6.932787348671,5.25));
#1841 = DIRECTION('',(1.,0.,0.));
#1842 = DIRECTION('',(0.,0.,-1.));
#1843 = DEFINITIONAL_REPRESENTATION('',(#1844),#1848);
#1844 = LINE('',#1845,#1846);
#1845 = CARTESIAN_POINT('',(3.25,-0.333717778286));
#1846 = VECTOR('',#1847,1.);
#1847 = DIRECTION('',(1.,0.));
#1848 = ( GEOMETRIC_REPRESENTATION_CONTEXT(2) 
PARAMETRIC_REPRESENTATION_CONTEXT() REPRESENTATION_CONTEXT('2D SPACE',''
  ) );
#1849 = ORIENTED_EDGE('',*,*,#1850,.T.);
#1850 = EDGE_CURVE('',#1816,#1851,#1853,.T.);
#1851 = VERTEX_POINT('',#1852);
#1852 = CARTESIAN_POINT('',(-7.133631220506,6.932787348671,2.));
#1853 = SURFACE_CURVE('',#1854,(#1858,#1865),.PCURVE_S1.);
#1854 = LINE('',#1855,#1856);
#1855 = CARTESIAN_POINT('',(-7.337911272708,6.069927474621,2.));
#1856 = VECTOR('',#1857,1.);
#1857 = DIRECTION('',(0.230379355536,0.973100895356,0.));
#1858 = PCURVE('',#1826,#1859);
#1859 = DEFINITIONAL_REPRESENTATION('',(#1860),#1864);
#1860 = LINE('',#1861,#1862);
#1861 = CARTESIAN_POINT('',(0.,0.));
#1862 = VECTOR('',#1863,1.);
#1863 = DIRECTION('',(-1.,0.));
#1864 = ( GEOMETRIC_REPRESENTATION_CONTEXT(2) 
PARAMETRIC_REPRESENTATION_CONTEXT() REPRESENTATION_CONTEXT('2D SPACE',''
  ) );
#1865 = PCURVE('',#1243,#1866);
#1866 = DEFINITIONAL_REPRESENTATION('',(#1867),#1871);
#1867 = LINE('',#1868,#1869);
#1868 = CARTESIAN_POINT('',(0.973100895356,-0.230379355536));
#1869 = VECTOR('',#1870,1.);
#1870 = DIRECTION('',(-0.230379355536,-0.973100895356));
#1871 = ( GEOMETRIC_REPRESENTATION_CONTEXT(2) 
PARAMETRIC_REPRESENTATION_CONTEXT() REPRESENTATION_CONTEXT('2D SPACE',''
  ) );
#1872 = ORIENTED_EDGE('',*,*,#1873,.F.);
#1873 = EDGE_CURVE('',#1874,#1851,#1876,.T.);
#1874 = VERTEX_POINT('',#1875);
#1875 = CARTESIAN_POINT('',(-7.133631220506,6.932787348671,-2.));
#1876 = SURFACE_CURVE('',#1877,(#1881,#1888),.PCURVE_S1.);
#1877 = LINE('',#1878,#1879);
#1878 = CARTESIAN_POINT('',(-7.133631220506,6.932787348671,2.));
#1879 = VECTOR('',#1880,1.);
#1880 = DIRECTION('',(0.,0.,1.));
#1881 = PCURVE('',#1826,#1882);
#1882 = DEFINITIONAL_REPRESENTATION('',(#1883),#1887);
#1883 = LINE('',#1884,#1885);
#1884 = CARTESIAN_POINT('',(-0.88671162278,0.));
#1885 = VECTOR('',#1886,1.);
#1886 = DIRECTION('',(0.,1.));
#1887 = ( GEOMETRIC_REPRESENTATION_CONTEXT(2) 
PARAMETRIC_REPRESENTATION_CONTEXT() REPRESENTATION_CONTEXT('2D SPACE',''
  ) );
#1888 = PCURVE('',#1889,#1894);
#1889 = PLANE('',#1890);
#1890 = AXIS2_PLACEMENT_3D('',#1891,#1892,#1893);
#1891 = CARTESIAN_POINT('',(-7.077584678498,6.932787348671,5.25));
#1892 = DIRECTION('',(0.,-1.,-0.));
#1893 = DIRECTION('',(0.,0.,-1.));
#1894 = DEFINITIONAL_REPRESENTATION('',(#1895),#1899);
#1895 = LINE('',#1896,#1897);
#1896 = CARTESIAN_POINT('',(3.25,-5.604654200793E-02));
#1897 = VECTOR('',#1898,1.);
#1898 = DIRECTION('',(-1.,0.));
#1899 = ( GEOMETRIC_REPRESENTATION_CONTEXT(2) 
PARAMETRIC_REPRESENTATION_CONTEXT() REPRESENTATION_CONTEXT('2D SPACE',''
  ) );
#1900 = ORIENTED_EDGE('',*,*,#1901,.F.);
#1901 = EDGE_CURVE('',#1818,#1874,#1902,.T.);
#1902 = SURFACE_CURVE('',#1903,(#1907,#1914),.PCURVE_S1.);
#1903 = LINE('',#1904,#1905);
#1904 = CARTESIAN_POINT('',(-7.337911272708,6.069927474621,-2.));
#1905 = VECTOR('',#1906,1.);
#1906 = DIRECTION('',(0.230379355536,0.973100895356,0.));
#1907 = PCURVE('',#1826,#1908);
#1908 = DEFINITIONAL_REPRESENTATION('',(#1909),#1913);
#1909 = LINE('',#1910,#1911);
#1910 = CARTESIAN_POINT('',(-0.,-4.));
#1911 = VECTOR('',#1912,1.);
#1912 = DIRECTION('',(-1.,0.));
#1913 = ( GEOMETRIC_REPRESENTATION_CONTEXT(2) 
PARAMETRIC_REPRESENTATION_CONTEXT() REPRESENTATION_CONTEXT('2D SPACE',''
  ) );
#1914 = PCURVE('',#1184,#1915);
#1915 = DEFINITIONAL_REPRESENTATION('',(#1916),#1920);
#1916 = LINE('',#1917,#1918);
#1917 = CARTESIAN_POINT('',(0.973100895356,-0.230379355536));
#1918 = VECTOR('',#1919,1.);
#1919 = DIRECTION('',(-0.230379355536,-0.973100895356));
#1920 = ( GEOMETRIC_REPRESENTATION_CONTEXT(2) 
PARAMETRIC_REPRESENTATION_CONTEXT() REPRESENTATION_CONTEXT('2D SPACE',''
  ) );
#1921 = ADVANCED_FACE('',(#1922),#1936,.T.);
#1922 = FACE_BOUND('',#1923,.T.);
#1923 = EDGE_LOOP('',(#1924,#1959,#1982,#2010));
#1924 = ORIENTED_EDGE('',*,*,#1925,.F.);
#1925 = EDGE_CURVE('',#1926,#1928,#1930,.T.);
#1926 = VERTEX_POINT('',#1927);
#1927 = CARTESIAN_POINT('',(-7.077584678498,7.169522711015,2.));
#1928 = VERTEX_POINT('',#1929);
#1929 = CARTESIAN_POINT('',(-7.077584678498,7.169522711015,-2.));
#1930 = SURFACE_CURVE('',#1931,(#1935,#1947),.PCURVE_S1.);
#1931 = LINE('',#1932,#1933);
#1932 = CARTESIAN_POINT('',(-7.077584678498,7.169522711015,2.));
#1933 = VECTOR('',#1934,1.);
#1934 = DIRECTION('',(0.,0.,-1.));
#1935 = PCURVE('',#1936,#1941);
#1936 = PLANE('',#1937);
#1937 = AXIS2_PLACEMENT_3D('',#1938,#1939,#1940);
#1938 = CARTESIAN_POINT('',(-7.337911272708,6.069927474621,2.));
#1939 = DIRECTION('',(-0.973100895356,0.230379355536,0.));
#1940 = DIRECTION('',(-0.230379355536,-0.973100895356,0.));
#1941 = DEFINITIONAL_REPRESENTATION('',(#1942),#1946);
#1942 = LINE('',#1943,#1944);
#1943 = CARTESIAN_POINT('',(-1.129990982068,0.));
#1944 = VECTOR('',#1945,1.);
#1945 = DIRECTION('',(-0.,-1.));
#1946 = ( GEOMETRIC_REPRESENTATION_CONTEXT(2) 
PARAMETRIC_REPRESENTATION_CONTEXT() REPRESENTATION_CONTEXT('2D SPACE',''
  ) );
#1947 = PCURVE('',#1948,#1953);
#1948 = PLANE('',#1949);
#1949 = AXIS2_PLACEMENT_3D('',#1950,#1951,#1952);
#1950 = CARTESIAN_POINT('',(-7.077584678498,7.509015374759,5.25));
#1951 = DIRECTION('',(1.,0.,0.));
#1952 = DIRECTION('',(0.,0.,-1.));
#1953 = DEFINITIONAL_REPRESENTATION('',(#1954),#1958);
#1954 = LINE('',#1955,#1956);
#1955 = CARTESIAN_POINT('',(3.25,-0.339492663743));
#1956 = VECTOR('',#1957,1.);
#1957 = DIRECTION('',(1.,0.));
#1958 = ( GEOMETRIC_REPRESENTATION_CONTEXT(2) 
PARAMETRIC_REPRESENTATION_CONTEXT() REPRESENTATION_CONTEXT('2D SPACE',''
  ) );
#1959 = ORIENTED_EDGE('',*,*,#1960,.T.);
#1960 = EDGE_CURVE('',#1926,#1961,#1963,.T.);
#1961 = VERTEX_POINT('',#1962);
#1962 = CARTESIAN_POINT('',(-6.997210586299,7.509015374759,2.));
#1963 = SURFACE_CURVE('',#1964,(#1968,#1975),.PCURVE_S1.);
#1964 = LINE('',#1965,#1966);
#1965 = CARTESIAN_POINT('',(-7.337911272708,6.069927474621,2.));
#1966 = VECTOR('',#1967,1.);
#1967 = DIRECTION('',(0.230379355536,0.973100895356,0.));
#1968 = PCURVE('',#1936,#1969);
#1969 = DEFINITIONAL_REPRESENTATION('',(#1970),#1974);
#1970 = LINE('',#1971,#1972);
#1971 = CARTESIAN_POINT('',(0.,0.));
#1972 = VECTOR('',#1973,1.);
#1973 = DIRECTION('',(-1.,0.));
#1974 = ( GEOMETRIC_REPRESENTATION_CONTEXT(2) 
PARAMETRIC_REPRESENTATION_CONTEXT() REPRESENTATION_CONTEXT('2D SPACE',''
  ) );
#1975 = PCURVE('',#1243,#1976);
#1976 = DEFINITIONAL_REPRESENTATION('',(#1977),#1981);
#1977 = LINE('',#1978,#1979);
#1978 = CARTESIAN_POINT('',(0.973100895356,-0.230379355536));
#1979 = VECTOR('',#1980,1.);
#1980 = DIRECTION('',(-0.230379355536,-0.973100895356));
#1981 = ( GEOMETRIC_REPRESENTATION_CONTEXT(2) 
PARAMETRIC_REPRESENTATION_CONTEXT() REPRESENTATION_CONTEXT('2D SPACE',''
  ) );
#1982 = ORIENTED_EDGE('',*,*,#1983,.F.);
#1983 = EDGE_CURVE('',#1984,#1961,#1986,.T.);
#1984 = VERTEX_POINT('',#1985);
#1985 = CARTESIAN_POINT('',(-6.997210586299,7.509015374759,-2.));
#1986 = SURFACE_CURVE('',#1987,(#1991,#1998),.PCURVE_S1.);
#1987 = LINE('',#1988,#1989);
#1988 = CARTESIAN_POINT('',(-6.997210586299,7.509015374759,2.));
#1989 = VECTOR('',#1990,1.);
#1990 = DIRECTION('',(0.,0.,1.));
#1991 = PCURVE('',#1936,#1992);
#1992 = DEFINITIONAL_REPRESENTATION('',(#1993),#1997);
#1993 = LINE('',#1994,#1995);
#1994 = CARTESIAN_POINT('',(-1.478868128686,0.));
#1995 = VECTOR('',#1996,1.);
#1996 = DIRECTION('',(0.,1.));
#1997 = ( GEOMETRIC_REPRESENTATION_CONTEXT(2) 
PARAMETRIC_REPRESENTATION_CONTEXT() REPRESENTATION_CONTEXT('2D SPACE',''
  ) );
#1998 = PCURVE('',#1999,#2004);
#1999 = PLANE('',#2000);
#2000 = AXIS2_PLACEMENT_3D('',#2001,#2002,#2003);
#2001 = CARTESIAN_POINT('',(-6.915520546161,7.509015374759,5.25));
#2002 = DIRECTION('',(0.,-1.,-0.));
#2003 = DIRECTION('',(0.,0.,-1.));
#2004 = DEFINITIONAL_REPRESENTATION('',(#2005),#2009);
#2005 = LINE('',#2006,#2007);
#2006 = CARTESIAN_POINT('',(3.25,-8.169004013802E-02));
#2007 = VECTOR('',#2008,1.);
#2008 = DIRECTION('',(-1.,0.));
#2009 = ( GEOMETRIC_REPRESENTATION_CONTEXT(2) 
PARAMETRIC_REPRESENTATION_CONTEXT() REPRESENTATION_CONTEXT('2D SPACE',''
  ) );
#2010 = ORIENTED_EDGE('',*,*,#2011,.F.);
#2011 = EDGE_CURVE('',#1928,#1984,#2012,.T.);
#2012 = SURFACE_CURVE('',#2013,(#2017,#2024),.PCURVE_S1.);
#2013 = LINE('',#2014,#2015);
#2014 = CARTESIAN_POINT('',(-7.337911272708,6.069927474621,-2.));
#2015 = VECTOR('',#2016,1.);
#2016 = DIRECTION('',(0.230379355536,0.973100895356,0.));
#2017 = PCURVE('',#1936,#2018);
#2018 = DEFINITIONAL_REPRESENTATION('',(#2019),#2023);
#2019 = LINE('',#2020,#2021);
#2020 = CARTESIAN_POINT('',(-0.,-4.));
#2021 = VECTOR('',#2022,1.);
#2022 = DIRECTION('',(-1.,0.));
#2023 = ( GEOMETRIC_REPRESENTATION_CONTEXT(2) 
PARAMETRIC_REPRESENTATION_CONTEXT() REPRESENTATION_CONTEXT('2D SPACE',''
  ) );
#2024 = PCURVE('',#1184,#2025);
#2025 = DEFINITIONAL_REPRESENTATION('',(#2026),#2030);
#2026 = LINE('',#2027,#2028);
#2027 = CARTESIAN_POINT('',(0.973100895356,-0.230379355536));
#2028 = VECTOR('',#2029,1.);
#2029 = DIRECTION('',(-0.230379355536,-0.973100895356));
#2030 = ( GEOMETRIC_REPRESENTATION_CONTEXT(2) 
PARAMETRIC_REPRESENTATION_CONTEXT() REPRESENTATION_CONTEXT('2D SPACE',''
  ) );
#2031 = ADVANCED_FACE('',(#2032),#2046,.T.);
#2032 = FACE_BOUND('',#2033,.T.);
#2033 = EDGE_LOOP('',(#2034,#2064,#2092,#2115));
#2034 = ORIENTED_EDGE('',*,*,#2035,.F.);
#2035 = EDGE_CURVE('',#2036,#2038,#2040,.T.);
#2036 = VERTEX_POINT('',#2037);
#2037 = CARTESIAN_POINT('',(-6.798974352216,8.346346725168,-2.));
#2038 = VERTEX_POINT('',#2039);
#2039 = CARTESIAN_POINT('',(-6.637121042228,9.03,-2.));
#2040 = SURFACE_CURVE('',#2041,(#2045,#2057),.PCURVE_S1.);
#2041 = LINE('',#2042,#2043);
#2042 = CARTESIAN_POINT('',(-7.337911272708,6.069927474621,-2.));
#2043 = VECTOR('',#2044,1.);
#2044 = DIRECTION('',(0.230379355536,0.973100895356,0.));
#2045 = PCURVE('',#2046,#2051);
#2046 = PLANE('',#2047);
#2047 = AXIS2_PLACEMENT_3D('',#2048,#2049,#2050);
#2048 = CARTESIAN_POINT('',(-7.337911272708,6.069927474621,2.));
#2049 = DIRECTION('',(-0.973100895356,0.230379355536,0.));
#2050 = DIRECTION('',(-0.230379355536,-0.973100895356,0.));
#2051 = DEFINITIONAL_REPRESENTATION('',(#2052),#2056);
#2052 = LINE('',#2053,#2054);
#2053 = CARTESIAN_POINT('',(-0.,-4.));
#2054 = VECTOR('',#2055,1.);
#2055 = DIRECTION('',(-1.,0.));
#2056 = ( GEOMETRIC_REPRESENTATION_CONTEXT(2) 
PARAMETRIC_REPRESENTATION_CONTEXT() REPRESENTATION_CONTEXT('2D SPACE',''
  ) );
#2057 = PCURVE('',#1184,#2058);
#2058 = DEFINITIONAL_REPRESENTATION('',(#2059),#2063);
#2059 = LINE('',#2060,#2061);
#2060 = CARTESIAN_POINT('',(0.973100895356,-0.230379355536));
#2061 = VECTOR('',#2062,1.);
#2062 = DIRECTION('',(-0.230379355536,-0.973100895356));
#2063 = ( GEOMETRIC_REPRESENTATION_CONTEXT(2) 
PARAMETRIC_REPRESENTATION_CONTEXT() REPRESENTATION_CONTEXT('2D SPACE',''
  ) );
#2064 = ORIENTED_EDGE('',*,*,#2065,.T.);
#2065 = EDGE_CURVE('',#2036,#2066,#2068,.T.);
#2066 = VERTEX_POINT('',#2067);
#2067 = CARTESIAN_POINT('',(-6.798974352216,8.346346725168,2.));
#2068 = SURFACE_CURVE('',#2069,(#2073,#2080),.PCURVE_S1.);
#2069 = LINE('',#2070,#2071);
#2070 = CARTESIAN_POINT('',(-6.798974352216,8.346346725168,2.));
#2071 = VECTOR('',#2072,1.);
#2072 = DIRECTION('',(0.,0.,1.));
#2073 = PCURVE('',#2046,#2074);
#2074 = DEFINITIONAL_REPRESENTATION('',(#2075),#2079);
#2075 = LINE('',#2076,#2077);
#2076 = CARTESIAN_POINT('',(-2.339345551331,0.));
#2077 = VECTOR('',#2078,1.);
#2078 = DIRECTION('',(0.,1.));
#2079 = ( GEOMETRIC_REPRESENTATION_CONTEXT(2) 
PARAMETRIC_REPRESENTATION_CONTEXT() REPRESENTATION_CONTEXT('2D SPACE',''
  ) );
#2080 = PCURVE('',#2081,#2086);
#2081 = PLANE('',#2082);
#2082 = AXIS2_PLACEMENT_3D('',#2083,#2084,#2085);
#2083 = CARTESIAN_POINT('',(-6.793972446908,8.346346725168,5.25));
#2084 = DIRECTION('',(0.,-1.,-0.));
#2085 = DIRECTION('',(0.,0.,-1.));
#2086 = DEFINITIONAL_REPRESENTATION('',(#2087),#2091);
#2087 = LINE('',#2088,#2089);
#2088 = CARTESIAN_POINT('',(3.25,-5.001905308706E-03));
#2089 = VECTOR('',#2090,1.);
#2090 = DIRECTION('',(-1.,0.));
#2091 = ( GEOMETRIC_REPRESENTATION_CONTEXT(2) 
PARAMETRIC_REPRESENTATION_CONTEXT() REPRESENTATION_CONTEXT('2D SPACE',''
  ) );
#2092 = ORIENTED_EDGE('',*,*,#2093,.T.);
#2093 = EDGE_CURVE('',#2066,#2094,#2096,.T.);
#2094 = VERTEX_POINT('',#2095);
#2095 = CARTESIAN_POINT('',(-6.637121042228,9.03,2.));
#2096 = SURFACE_CURVE('',#2097,(#2101,#2108),.PCURVE_S1.);
#2097 = LINE('',#2098,#2099);
#2098 = CARTESIAN_POINT('',(-7.337911272708,6.069927474621,2.));
#2099 = VECTOR('',#2100,1.);
#2100 = DIRECTION('',(0.230379355536,0.973100895356,0.));
#2101 = PCURVE('',#2046,#2102);
#2102 = DEFINITIONAL_REPRESENTATION('',(#2103),#2107);
#2103 = LINE('',#2104,#2105);
#2104 = CARTESIAN_POINT('',(0.,0.));
#2105 = VECTOR('',#2106,1.);
#2106 = DIRECTION('',(-1.,0.));
#2107 = ( GEOMETRIC_REPRESENTATION_CONTEXT(2) 
PARAMETRIC_REPRESENTATION_CONTEXT() REPRESENTATION_CONTEXT('2D SPACE',''
  ) );
#2108 = PCURVE('',#1243,#2109);
#2109 = DEFINITIONAL_REPRESENTATION('',(#2110),#2114);
#2110 = LINE('',#2111,#2112);
#2111 = CARTESIAN_POINT('',(0.973100895356,-0.230379355536));
#2112 = VECTOR('',#2113,1.);
#2113 = DIRECTION('',(-0.230379355536,-0.973100895356));
#2114 = ( GEOMETRIC_REPRESENTATION_CONTEXT(2) 
PARAMETRIC_REPRESENTATION_CONTEXT() REPRESENTATION_CONTEXT('2D SPACE',''
  ) );
#2115 = ORIENTED_EDGE('',*,*,#2116,.F.);
#2116 = EDGE_CURVE('',#2038,#2094,#2117,.T.);
#2117 = SURFACE_CURVE('',#2118,(#2122,#2129),.PCURVE_S1.);
#2118 = LINE('',#2119,#2120);
#2119 = CARTESIAN_POINT('',(-6.637121042228,9.03,0.));
#2120 = VECTOR('',#2121,1.);
#2121 = DIRECTION('',(0.,-0.,1.));
#2122 = PCURVE('',#2046,#2123);
#2123 = DEFINITIONAL_REPRESENTATION('',(#2124),#2128);
#2124 = LINE('',#2125,#2126);
#2125 = CARTESIAN_POINT('',(-3.041896826429,-2.));
#2126 = VECTOR('',#2127,1.);
#2127 = DIRECTION('',(0.,1.));
#2128 = ( GEOMETRIC_REPRESENTATION_CONTEXT(2) 
PARAMETRIC_REPRESENTATION_CONTEXT() REPRESENTATION_CONTEXT('2D SPACE',''
  ) );
#2129 = PCURVE('',#2130,#2135);
#2130 = PLANE('',#2131);
#2131 = AXIS2_PLACEMENT_3D('',#2132,#2133,#2134);
#2132 = CARTESIAN_POINT('',(0.,9.03,0.));
#2133 = DIRECTION('',(0.,1.,0.));
#2134 = DIRECTION('',(0.,-0.,1.));
#2135 = DEFINITIONAL_REPRESENTATION('',(#2136),#2140);
#2136 = LINE('',#2137,#2138);
#2137 = CARTESIAN_POINT('',(0.,-6.637121042228));
#2138 = VECTOR('',#2139,1.);
#2139 = DIRECTION('',(1.,0.));
#2140 = ( GEOMETRIC_REPRESENTATION_CONTEXT(2) 
PARAMETRIC_REPRESENTATION_CONTEXT() REPRESENTATION_CONTEXT('2D SPACE',''
  ) );
#2141 = ADVANCED_FACE('',(#2142),#2156,.F.);
#2142 = FACE_BOUND('',#2143,.T.);
#2143 = EDGE_LOOP('',(#2144,#2179,#2207,#2235));
#2144 = ORIENTED_EDGE('',*,*,#2145,.F.);
#2145 = EDGE_CURVE('',#2146,#2148,#2150,.T.);
#2146 = VERTEX_POINT('',#2147);
#2147 = CARTESIAN_POINT('',(7.270051854713,6.356559322583,2.));
#2148 = VERTEX_POINT('',#2149);
#2149 = CARTESIAN_POINT('',(7.270051854713,6.356559322583,-2.));
#2150 = SURFACE_CURVE('',#2151,(#2155,#2167),.PCURVE_S1.);
#2151 = LINE('',#2152,#2153);
#2152 = CARTESIAN_POINT('',(7.270051854713,6.356559322583,2.));
#2153 = VECTOR('',#2154,1.);
#2154 = DIRECTION('',(0.,0.,-1.));
#2155 = PCURVE('',#2156,#2161);
#2156 = PLANE('',#2157);
#2157 = AXIS2_PLACEMENT_3D('',#2158,#2159,#2160);
#2158 = CARTESIAN_POINT('',(7.337911272708,6.069927474621,2.));
#2159 = DIRECTION('',(-0.973100895356,-0.230379355536,0.));
#2160 = DIRECTION('',(0.230379355536,-0.973100895356,0.));
#2161 = DEFINITIONAL_REPRESENTATION('',(#2162),#2166);
#2162 = LINE('',#2163,#2164);
#2163 = CARTESIAN_POINT('',(-0.294555116874,0.));
#2164 = VECTOR('',#2165,1.);
#2165 = DIRECTION('',(0.,-1.));
#2166 = ( GEOMETRIC_REPRESENTATION_CONTEXT(2) 
PARAMETRIC_REPRESENTATION_CONTEXT() REPRESENTATION_CONTEXT('2D SPACE',''
  ) );
#2167 = PCURVE('',#2168,#2173);
#2168 = PLANE('',#2169);
#2169 = AXIS2_PLACEMENT_3D('',#2170,#2171,#2172);
#2170 = CARTESIAN_POINT('',(7.212638122112,6.356559322583,5.25));
#2171 = DIRECTION('',(-0.,1.,0.));
#2172 = DIRECTION('',(0.,0.,1.));
#2173 = DEFINITIONAL_REPRESENTATION('',(#2174),#2178);
#2174 = LINE('',#2175,#2176);
#2175 = CARTESIAN_POINT('',(-3.25,5.74137326007E-02));
#2176 = VECTOR('',#2177,1.);
#2177 = DIRECTION('',(-1.,0.));
#2178 = ( GEOMETRIC_REPRESENTATION_CONTEXT(2) 
PARAMETRIC_REPRESENTATION_CONTEXT() REPRESENTATION_CONTEXT('2D SPACE',''
  ) );
#2179 = ORIENTED_EDGE('',*,*,#2180,.F.);
#2180 = EDGE_CURVE('',#2181,#2146,#2183,.T.);
#2181 = VERTEX_POINT('',#2182);
#2182 = CARTESIAN_POINT('',(7.337911272708,6.069927474621,2.));
#2183 = SURFACE_CURVE('',#2184,(#2188,#2195),.PCURVE_S1.);
#2184 = LINE('',#2185,#2186);
#2185 = CARTESIAN_POINT('',(7.337911272708,6.069927474621,2.));
#2186 = VECTOR('',#2187,1.);
#2187 = DIRECTION('',(-0.230379355536,0.973100895356,0.));
#2188 = PCURVE('',#2156,#2189);
#2189 = DEFINITIONAL_REPRESENTATION('',(#2190),#2194);
#2190 = LINE('',#2191,#2192);
#2191 = CARTESIAN_POINT('',(0.,0.));
#2192 = VECTOR('',#2193,1.);
#2193 = DIRECTION('',(-1.,0.));
#2194 = ( GEOMETRIC_REPRESENTATION_CONTEXT(2) 
PARAMETRIC_REPRESENTATION_CONTEXT() REPRESENTATION_CONTEXT('2D SPACE',''
  ) );
#2195 = PCURVE('',#2196,#2201);
#2196 = PLANE('',#2197);
#2197 = AXIS2_PLACEMENT_3D('',#2198,#2199,#2200);
#2198 = CARTESIAN_POINT('',(6.364810377352,5.839548119085,2.));
#2199 = DIRECTION('',(0.,0.,1.));
#2200 = DIRECTION('',(1.,0.,-0.));
#2201 = DEFINITIONAL_REPRESENTATION('',(#2202),#2206);
#2202 = LINE('',#2203,#2204);
#2203 = CARTESIAN_POINT('',(0.973100895356,0.230379355536));
#2204 = VECTOR('',#2205,1.);
#2205 = DIRECTION('',(-0.230379355536,0.973100895356));
#2206 = ( GEOMETRIC_REPRESENTATION_CONTEXT(2) 
PARAMETRIC_REPRESENTATION_CONTEXT() REPRESENTATION_CONTEXT('2D SPACE',''
  ) );
#2207 = ORIENTED_EDGE('',*,*,#2208,.T.);
#2208 = EDGE_CURVE('',#2181,#2209,#2211,.T.);
#2209 = VERTEX_POINT('',#2210);
#2210 = CARTESIAN_POINT('',(7.337911272708,6.069927474621,-2.));
#2211 = SURFACE_CURVE('',#2212,(#2216,#2223),.PCURVE_S1.);
#2212 = LINE('',#2213,#2214);
#2213 = CARTESIAN_POINT('',(7.337911272708,6.069927474621,2.));
#2214 = VECTOR('',#2215,1.);
#2215 = DIRECTION('',(-0.,-0.,-1.));
#2216 = PCURVE('',#2156,#2217);
#2217 = DEFINITIONAL_REPRESENTATION('',(#2218),#2222);
#2218 = LINE('',#2219,#2220);
#2219 = CARTESIAN_POINT('',(0.,0.));
#2220 = VECTOR('',#2221,1.);
#2221 = DIRECTION('',(0.,-1.));
#2222 = ( GEOMETRIC_REPRESENTATION_CONTEXT(2) 
PARAMETRIC_REPRESENTATION_CONTEXT() REPRESENTATION_CONTEXT('2D SPACE',''
  ) );
#2223 = PCURVE('',#2224,#2229);
#2224 = CYLINDRICAL_SURFACE('',#2225,1.);
#2225 = AXIS2_PLACEMENT_3D('',#2226,#2227,#2228);
#2226 = CARTESIAN_POINT('',(6.364810377352,5.839548119085,2.));
#2227 = DIRECTION('',(-0.,-0.,-1.));
#2228 = DIRECTION('',(-1.,0.,0.));
#2229 = DEFINITIONAL_REPRESENTATION('',(#2230),#2234);
#2230 = LINE('',#2231,#2232);
#2231 = CARTESIAN_POINT('',(2.90912514677,0.));
#2232 = VECTOR('',#2233,1.);
#2233 = DIRECTION('',(0.,1.));
#2234 = ( GEOMETRIC_REPRESENTATION_CONTEXT(2) 
PARAMETRIC_REPRESENTATION_CONTEXT() REPRESENTATION_CONTEXT('2D SPACE',''
  ) );
#2235 = ORIENTED_EDGE('',*,*,#2236,.T.);
#2236 = EDGE_CURVE('',#2209,#2148,#2237,.T.);
#2237 = SURFACE_CURVE('',#2238,(#2242,#2249),.PCURVE_S1.);
#2238 = LINE('',#2239,#2240);
#2239 = CARTESIAN_POINT('',(7.337911272708,6.069927474621,-2.));
#2240 = VECTOR('',#2241,1.);
#2241 = DIRECTION('',(-0.230379355536,0.973100895356,0.));
#2242 = PCURVE('',#2156,#2243);
#2243 = DEFINITIONAL_REPRESENTATION('',(#2244),#2248);
#2244 = LINE('',#2245,#2246);
#2245 = CARTESIAN_POINT('',(0.,-4.));
#2246 = VECTOR('',#2247,1.);
#2247 = DIRECTION('',(-1.,0.));
#2248 = ( GEOMETRIC_REPRESENTATION_CONTEXT(2) 
PARAMETRIC_REPRESENTATION_CONTEXT() REPRESENTATION_CONTEXT('2D SPACE',''
  ) );
#2249 = PCURVE('',#2250,#2255);
#2250 = PLANE('',#2251);
#2251 = AXIS2_PLACEMENT_3D('',#2252,#2253,#2254);
#2252 = CARTESIAN_POINT('',(6.364810377352,5.839548119085,-2.));
#2253 = DIRECTION('',(0.,0.,1.));
#2254 = DIRECTION('',(1.,0.,-0.));
#2255 = DEFINITIONAL_REPRESENTATION('',(#2256),#2260);
#2256 = LINE('',#2257,#2258);
#2257 = CARTESIAN_POINT('',(0.973100895356,0.230379355536));
#2258 = VECTOR('',#2259,1.);
#2259 = DIRECTION('',(-0.230379355536,0.973100895356));
#2260 = ( GEOMETRIC_REPRESENTATION_CONTEXT(2) 
PARAMETRIC_REPRESENTATION_CONTEXT() REPRESENTATION_CONTEXT('2D SPACE',''
  ) );
#2261 = ADVANCED_FACE('',(#2262),#2276,.F.);
#2262 = FACE_BOUND('',#2263,.T.);
#2263 = EDGE_LOOP('',(#2264,#2299,#2322,#2350));
#2264 = ORIENTED_EDGE('',*,*,#2265,.F.);
#2265 = EDGE_CURVE('',#2266,#2268,#2270,.T.);
#2266 = VERTEX_POINT('',#2267);
#2267 = CARTESIAN_POINT('',(6.885303034801,7.981702427409,2.));
#2268 = VERTEX_POINT('',#2269);
#2269 = CARTESIAN_POINT('',(6.885303034801,7.981702427409,-2.));
#2270 = SURFACE_CURVE('',#2271,(#2275,#2287),.PCURVE_S1.);
#2271 = LINE('',#2272,#2273);
#2272 = CARTESIAN_POINT('',(6.885303034801,7.981702427409,2.));
#2273 = VECTOR('',#2274,1.);
#2274 = DIRECTION('',(0.,0.,-1.));
#2275 = PCURVE('',#2276,#2281);
#2276 = PLANE('',#2277);
#2277 = AXIS2_PLACEMENT_3D('',#2278,#2279,#2280);
#2278 = CARTESIAN_POINT('',(7.337911272708,6.069927474621,2.));
#2279 = DIRECTION('',(-0.973100895356,-0.230379355536,0.));
#2280 = DIRECTION('',(0.230379355536,-0.973100895356,0.));
#2281 = DEFINITIONAL_REPRESENTATION('',(#2282),#2286);
#2282 = LINE('',#2283,#2284);
#2283 = CARTESIAN_POINT('',(-1.964621512437,0.));
#2284 = VECTOR('',#2285,1.);
#2285 = DIRECTION('',(0.,-1.));
#2286 = ( GEOMETRIC_REPRESENTATION_CONTEXT(2) 
PARAMETRIC_REPRESENTATION_CONTEXT() REPRESENTATION_CONTEXT('2D SPACE',''
  ) );
#2287 = PCURVE('',#2288,#2293);
#2288 = PLANE('',#2289);
#2289 = AXIS2_PLACEMENT_3D('',#2290,#2291,#2292);
#2290 = CARTESIAN_POINT('',(6.793972446908,7.981702427409,5.25));
#2291 = DIRECTION('',(-0.,1.,0.));
#2292 = DIRECTION('',(0.,0.,1.));
#2293 = DEFINITIONAL_REPRESENTATION('',(#2294),#2298);
#2294 = LINE('',#2295,#2296);
#2295 = CARTESIAN_POINT('',(-3.25,9.13305878929E-02));
#2296 = VECTOR('',#2297,1.);
#2297 = DIRECTION('',(-1.,0.));
#2298 = ( GEOMETRIC_REPRESENTATION_CONTEXT(2) 
PARAMETRIC_REPRESENTATION_CONTEXT() REPRESENTATION_CONTEXT('2D SPACE',''
  ) );
#2299 = ORIENTED_EDGE('',*,*,#2300,.F.);
#2300 = EDGE_CURVE('',#2301,#2266,#2303,.T.);
#2301 = VERTEX_POINT('',#2302);
#2302 = CARTESIAN_POINT('',(6.915520546161,7.854066479772,2.));
#2303 = SURFACE_CURVE('',#2304,(#2308,#2315),.PCURVE_S1.);
#2304 = LINE('',#2305,#2306);
#2305 = CARTESIAN_POINT('',(7.337911272708,6.069927474621,2.));
#2306 = VECTOR('',#2307,1.);
#2307 = DIRECTION('',(-0.230379355536,0.973100895356,0.));
#2308 = PCURVE('',#2276,#2309);
#2309 = DEFINITIONAL_REPRESENTATION('',(#2310),#2314);
#2310 = LINE('',#2311,#2312);
#2311 = CARTESIAN_POINT('',(0.,0.));
#2312 = VECTOR('',#2313,1.);
#2313 = DIRECTION('',(-1.,0.));
#2314 = ( GEOMETRIC_REPRESENTATION_CONTEXT(2) 
PARAMETRIC_REPRESENTATION_CONTEXT() REPRESENTATION_CONTEXT('2D SPACE',''
  ) );
#2315 = PCURVE('',#2196,#2316);
#2316 = DEFINITIONAL_REPRESENTATION('',(#2317),#2321);
#2317 = LINE('',#2318,#2319);
#2318 = CARTESIAN_POINT('',(0.973100895356,0.230379355536));
#2319 = VECTOR('',#2320,1.);
#2320 = DIRECTION('',(-0.230379355536,0.973100895356));
#2321 = ( GEOMETRIC_REPRESENTATION_CONTEXT(2) 
PARAMETRIC_REPRESENTATION_CONTEXT() REPRESENTATION_CONTEXT('2D SPACE',''
  ) );
#2322 = ORIENTED_EDGE('',*,*,#2323,.F.);
#2323 = EDGE_CURVE('',#2324,#2301,#2326,.T.);
#2324 = VERTEX_POINT('',#2325);
#2325 = CARTESIAN_POINT('',(6.915520546161,7.854066479772,-2.));
#2326 = SURFACE_CURVE('',#2327,(#2331,#2338),.PCURVE_S1.);
#2327 = LINE('',#2328,#2329);
#2328 = CARTESIAN_POINT('',(6.915520546161,7.854066479772,2.));
#2329 = VECTOR('',#2330,1.);
#2330 = DIRECTION('',(0.,0.,1.));
#2331 = PCURVE('',#2276,#2332);
#2332 = DEFINITIONAL_REPRESENTATION('',(#2333),#2337);
#2333 = LINE('',#2334,#2335);
#2334 = CARTESIAN_POINT('',(-1.833457366719,0.));
#2335 = VECTOR('',#2336,1.);
#2336 = DIRECTION('',(0.,1.));
#2337 = ( GEOMETRIC_REPRESENTATION_CONTEXT(2) 
PARAMETRIC_REPRESENTATION_CONTEXT() REPRESENTATION_CONTEXT('2D SPACE',''
  ) );
#2338 = PCURVE('',#2339,#2344);
#2339 = PLANE('',#2340);
#2340 = AXIS2_PLACEMENT_3D('',#2341,#2342,#2343);
#2341 = CARTESIAN_POINT('',(6.915520546161,7.981702427409,5.25));
#2342 = DIRECTION('',(1.,0.,0.));
#2343 = DIRECTION('',(0.,0.,-1.));
#2344 = DEFINITIONAL_REPRESENTATION('',(#2345),#2349);
#2345 = LINE('',#2346,#2347);
#2346 = CARTESIAN_POINT('',(3.25,-0.127635947637));
#2347 = VECTOR('',#2348,1.);
#2348 = DIRECTION('',(-1.,0.));
#2349 = ( GEOMETRIC_REPRESENTATION_CONTEXT(2) 
PARAMETRIC_REPRESENTATION_CONTEXT() REPRESENTATION_CONTEXT('2D SPACE',''
  ) );
#2350 = ORIENTED_EDGE('',*,*,#2351,.T.);
#2351 = EDGE_CURVE('',#2324,#2268,#2352,.T.);
#2352 = SURFACE_CURVE('',#2353,(#2357,#2364),.PCURVE_S1.);
#2353 = LINE('',#2354,#2355);
#2354 = CARTESIAN_POINT('',(7.337911272708,6.069927474621,-2.));
#2355 = VECTOR('',#2356,1.);
#2356 = DIRECTION('',(-0.230379355536,0.973100895356,0.));
#2357 = PCURVE('',#2276,#2358);
#2358 = DEFINITIONAL_REPRESENTATION('',(#2359),#2363);
#2359 = LINE('',#2360,#2361);
#2360 = CARTESIAN_POINT('',(0.,-4.));
#2361 = VECTOR('',#2362,1.);
#2362 = DIRECTION('',(-1.,0.));
#2363 = ( GEOMETRIC_REPRESENTATION_CONTEXT(2) 
PARAMETRIC_REPRESENTATION_CONTEXT() REPRESENTATION_CONTEXT('2D SPACE',''
  ) );
#2364 = PCURVE('',#2250,#2365);
#2365 = DEFINITIONAL_REPRESENTATION('',(#2366),#2370);
#2366 = LINE('',#2367,#2368);
#2367 = CARTESIAN_POINT('',(0.973100895356,0.230379355536));
#2368 = VECTOR('',#2369,1.);
#2369 = DIRECTION('',(-0.230379355536,0.973100895356));
#2370 = ( GEOMETRIC_REPRESENTATION_CONTEXT(2) 
PARAMETRIC_REPRESENTATION_CONTEXT() REPRESENTATION_CONTEXT('2D SPACE',''
  ) );
#2371 = ADVANCED_FACE('',(#2372),#2386,.F.);
#2372 = FACE_BOUND('',#2373,.T.);
#2373 = EDGE_LOOP('',(#2374,#2404,#2432,#2455));
#2374 = ORIENTED_EDGE('',*,*,#2375,.F.);
#2375 = EDGE_CURVE('',#2376,#2378,#2380,.T.);
#2376 = VERTEX_POINT('',#2377);
#2377 = CARTESIAN_POINT('',(6.798974352216,8.346346725168,2.));
#2378 = VERTEX_POINT('',#2379);
#2379 = CARTESIAN_POINT('',(6.637121042228,9.03,2.));
#2380 = SURFACE_CURVE('',#2381,(#2385,#2397),.PCURVE_S1.);
#2381 = LINE('',#2382,#2383);
#2382 = CARTESIAN_POINT('',(7.337911272708,6.069927474621,2.));
#2383 = VECTOR('',#2384,1.);
#2384 = DIRECTION('',(-0.230379355536,0.973100895356,0.));
#2385 = PCURVE('',#2386,#2391);
#2386 = PLANE('',#2387);
#2387 = AXIS2_PLACEMENT_3D('',#2388,#2389,#2390);
#2388 = CARTESIAN_POINT('',(7.337911272708,6.069927474621,2.));
#2389 = DIRECTION('',(-0.973100895356,-0.230379355536,0.));
#2390 = DIRECTION('',(0.230379355536,-0.973100895356,0.));
#2391 = DEFINITIONAL_REPRESENTATION('',(#2392),#2396);
#2392 = LINE('',#2393,#2394);
#2393 = CARTESIAN_POINT('',(0.,0.));
#2394 = VECTOR('',#2395,1.);
#2395 = DIRECTION('',(-1.,0.));
#2396 = ( GEOMETRIC_REPRESENTATION_CONTEXT(2) 
PARAMETRIC_REPRESENTATION_CONTEXT() REPRESENTATION_CONTEXT('2D SPACE',''
  ) );
#2397 = PCURVE('',#2196,#2398);
#2398 = DEFINITIONAL_REPRESENTATION('',(#2399),#2403);
#2399 = LINE('',#2400,#2401);
#2400 = CARTESIAN_POINT('',(0.973100895356,0.230379355536));
#2401 = VECTOR('',#2402,1.);
#2402 = DIRECTION('',(-0.230379355536,0.973100895356));
#2403 = ( GEOMETRIC_REPRESENTATION_CONTEXT(2) 
PARAMETRIC_REPRESENTATION_CONTEXT() REPRESENTATION_CONTEXT('2D SPACE',''
  ) );
#2404 = ORIENTED_EDGE('',*,*,#2405,.T.);
#2405 = EDGE_CURVE('',#2376,#2406,#2408,.T.);
#2406 = VERTEX_POINT('',#2407);
#2407 = CARTESIAN_POINT('',(6.798974352216,8.346346725168,-2.));
#2408 = SURFACE_CURVE('',#2409,(#2413,#2420),.PCURVE_S1.);
#2409 = LINE('',#2410,#2411);
#2410 = CARTESIAN_POINT('',(6.798974352216,8.346346725168,2.));
#2411 = VECTOR('',#2412,1.);
#2412 = DIRECTION('',(0.,0.,-1.));
#2413 = PCURVE('',#2386,#2414);
#2414 = DEFINITIONAL_REPRESENTATION('',(#2415),#2419);
#2415 = LINE('',#2416,#2417);
#2416 = CARTESIAN_POINT('',(-2.339345551331,0.));
#2417 = VECTOR('',#2418,1.);
#2418 = DIRECTION('',(0.,-1.));
#2419 = ( GEOMETRIC_REPRESENTATION_CONTEXT(2) 
PARAMETRIC_REPRESENTATION_CONTEXT() REPRESENTATION_CONTEXT('2D SPACE',''
  ) );
#2420 = PCURVE('',#2421,#2426);
#2421 = PLANE('',#2422);
#2422 = AXIS2_PLACEMENT_3D('',#2423,#2424,#2425);
#2423 = CARTESIAN_POINT('',(6.793972446908,8.346346725168,5.25));
#2424 = DIRECTION('',(-0.,1.,0.));
#2425 = DIRECTION('',(0.,0.,1.));
#2426 = DEFINITIONAL_REPRESENTATION('',(#2427),#2431);
#2427 = LINE('',#2428,#2429);
#2428 = CARTESIAN_POINT('',(-3.25,5.001905308706E-03));
#2429 = VECTOR('',#2430,1.);
#2430 = DIRECTION('',(-1.,0.));
#2431 = ( GEOMETRIC_REPRESENTATION_CONTEXT(2) 
PARAMETRIC_REPRESENTATION_CONTEXT() REPRESENTATION_CONTEXT('2D SPACE',''
  ) );
#2432 = ORIENTED_EDGE('',*,*,#2433,.T.);
#2433 = EDGE_CURVE('',#2406,#2434,#2436,.T.);
#2434 = VERTEX_POINT('',#2435);
#2435 = CARTESIAN_POINT('',(6.637121042228,9.03,-2.));
#2436 = SURFACE_CURVE('',#2437,(#2441,#2448),.PCURVE_S1.);
#2437 = LINE('',#2438,#2439);
#2438 = CARTESIAN_POINT('',(7.337911272708,6.069927474621,-2.));
#2439 = VECTOR('',#2440,1.);
#2440 = DIRECTION('',(-0.230379355536,0.973100895356,0.));
#2441 = PCURVE('',#2386,#2442);
#2442 = DEFINITIONAL_REPRESENTATION('',(#2443),#2447);
#2443 = LINE('',#2444,#2445);
#2444 = CARTESIAN_POINT('',(0.,-4.));
#2445 = VECTOR('',#2446,1.);
#2446 = DIRECTION('',(-1.,0.));
#2447 = ( GEOMETRIC_REPRESENTATION_CONTEXT(2) 
PARAMETRIC_REPRESENTATION_CONTEXT() REPRESENTATION_CONTEXT('2D SPACE',''
  ) );
#2448 = PCURVE('',#2250,#2449);
#2449 = DEFINITIONAL_REPRESENTATION('',(#2450),#2454);
#2450 = LINE('',#2451,#2452);
#2451 = CARTESIAN_POINT('',(0.973100895356,0.230379355536));
#2452 = VECTOR('',#2453,1.);
#2453 = DIRECTION('',(-0.230379355536,0.973100895356));
#2454 = ( GEOMETRIC_REPRESENTATION_CONTEXT(2) 
PARAMETRIC_REPRESENTATION_CONTEXT() REPRESENTATION_CONTEXT('2D SPACE',''
  ) );
#2455 = ORIENTED_EDGE('',*,*,#2456,.T.);
#2456 = EDGE_CURVE('',#2434,#2378,#2457,.T.);
#2457 = SURFACE_CURVE('',#2458,(#2462,#2469),.PCURVE_S1.);
#2458 = LINE('',#2459,#2460);
#2459 = CARTESIAN_POINT('',(6.637121042228,9.03,0.));
#2460 = VECTOR('',#2461,1.);
#2461 = DIRECTION('',(0.,0.,1.));
#2462 = PCURVE('',#2386,#2463);
#2463 = DEFINITIONAL_REPRESENTATION('',(#2464),#2468);
#2464 = LINE('',#2465,#2466);
#2465 = CARTESIAN_POINT('',(-3.041896826429,-2.));
#2466 = VECTOR('',#2467,1.);
#2467 = DIRECTION('',(0.,1.));
#2468 = ( GEOMETRIC_REPRESENTATION_CONTEXT(2) 
PARAMETRIC_REPRESENTATION_CONTEXT() REPRESENTATION_CONTEXT('2D SPACE',''
  ) );
#2469 = PCURVE('',#2130,#2470);
#2470 = DEFINITIONAL_REPRESENTATION('',(#2471),#2475);
#2471 = LINE('',#2472,#2473);
#2472 = CARTESIAN_POINT('',(0.,6.637121042228));
#2473 = VECTOR('',#2474,1.);
#2474 = DIRECTION('',(1.,0.));
#2475 = ( GEOMETRIC_REPRESENTATION_CONTEXT(2) 
PARAMETRIC_REPRESENTATION_CONTEXT() REPRESENTATION_CONTEXT('2D SPACE',''
  ) );
#2476 = ADVANCED_FACE('',(#2477),#2491,.F.);
#2477 = FACE_BOUND('',#2478,.T.);
#2478 = EDGE_LOOP('',(#2479,#2514,#2537,#2565));
#2479 = ORIENTED_EDGE('',*,*,#2480,.F.);
#2480 = EDGE_CURVE('',#2481,#2483,#2485,.T.);
#2481 = VERTEX_POINT('',#2482);
#2482 = CARTESIAN_POINT('',(6.997210586299,7.509015374759,2.));
#2483 = VERTEX_POINT('',#2484);
#2484 = CARTESIAN_POINT('',(6.997210586299,7.509015374759,-2.));
#2485 = SURFACE_CURVE('',#2486,(#2490,#2502),.PCURVE_S1.);
#2486 = LINE('',#2487,#2488);
#2487 = CARTESIAN_POINT('',(6.997210586299,7.509015374759,2.));
#2488 = VECTOR('',#2489,1.);
#2489 = DIRECTION('',(0.,0.,-1.));
#2490 = PCURVE('',#2491,#2496);
#2491 = PLANE('',#2492);
#2492 = AXIS2_PLACEMENT_3D('',#2493,#2494,#2495);
#2493 = CARTESIAN_POINT('',(7.337911272708,6.069927474621,2.));
#2494 = DIRECTION('',(-0.973100895356,-0.230379355536,0.));
#2495 = DIRECTION('',(0.230379355536,-0.973100895356,0.));
#2496 = DEFINITIONAL_REPRESENTATION('',(#2497),#2501);
#2497 = LINE('',#2498,#2499);
#2498 = CARTESIAN_POINT('',(-1.478868128686,0.));
#2499 = VECTOR('',#2500,1.);
#2500 = DIRECTION('',(0.,-1.));
#2501 = ( GEOMETRIC_REPRESENTATION_CONTEXT(2) 
PARAMETRIC_REPRESENTATION_CONTEXT() REPRESENTATION_CONTEXT('2D SPACE',''
  ) );
#2502 = PCURVE('',#2503,#2508);
#2503 = PLANE('',#2504);
#2504 = AXIS2_PLACEMENT_3D('',#2505,#2506,#2507);
#2505 = CARTESIAN_POINT('',(6.915520546161,7.509015374759,5.25));
#2506 = DIRECTION('',(-0.,1.,0.));
#2507 = DIRECTION('',(0.,0.,1.));
#2508 = DEFINITIONAL_REPRESENTATION('',(#2509),#2513);
#2509 = LINE('',#2510,#2511);
#2510 = CARTESIAN_POINT('',(-3.25,8.169004013802E-02));
#2511 = VECTOR('',#2512,1.);
#2512 = DIRECTION('',(-1.,0.));
#2513 = ( GEOMETRIC_REPRESENTATION_CONTEXT(2) 
PARAMETRIC_REPRESENTATION_CONTEXT() REPRESENTATION_CONTEXT('2D SPACE',''
  ) );
#2514 = ORIENTED_EDGE('',*,*,#2515,.F.);
#2515 = EDGE_CURVE('',#2516,#2481,#2518,.T.);
#2516 = VERTEX_POINT('',#2517);
#2517 = CARTESIAN_POINT('',(7.077584678498,7.169522711015,2.));
#2518 = SURFACE_CURVE('',#2519,(#2523,#2530),.PCURVE_S1.);
#2519 = LINE('',#2520,#2521);
#2520 = CARTESIAN_POINT('',(7.337911272708,6.069927474621,2.));
#2521 = VECTOR('',#2522,1.);
#2522 = DIRECTION('',(-0.230379355536,0.973100895356,0.));
#2523 = PCURVE('',#2491,#2524);
#2524 = DEFINITIONAL_REPRESENTATION('',(#2525),#2529);
#2525 = LINE('',#2526,#2527);
#2526 = CARTESIAN_POINT('',(0.,0.));
#2527 = VECTOR('',#2528,1.);
#2528 = DIRECTION('',(-1.,0.));
#2529 = ( GEOMETRIC_REPRESENTATION_CONTEXT(2) 
PARAMETRIC_REPRESENTATION_CONTEXT() REPRESENTATION_CONTEXT('2D SPACE',''
  ) );
#2530 = PCURVE('',#2196,#2531);
#2531 = DEFINITIONAL_REPRESENTATION('',(#2532),#2536);
#2532 = LINE('',#2533,#2534);
#2533 = CARTESIAN_POINT('',(0.973100895356,0.230379355536));
#2534 = VECTOR('',#2535,1.);
#2535 = DIRECTION('',(-0.230379355536,0.973100895356));
#2536 = ( GEOMETRIC_REPRESENTATION_CONTEXT(2) 
PARAMETRIC_REPRESENTATION_CONTEXT() REPRESENTATION_CONTEXT('2D SPACE',''
  ) );
#2537 = ORIENTED_EDGE('',*,*,#2538,.F.);
#2538 = EDGE_CURVE('',#2539,#2516,#2541,.T.);
#2539 = VERTEX_POINT('',#2540);
#2540 = CARTESIAN_POINT('',(7.077584678498,7.169522711015,-2.));
#2541 = SURFACE_CURVE('',#2542,(#2546,#2553),.PCURVE_S1.);
#2542 = LINE('',#2543,#2544);
#2543 = CARTESIAN_POINT('',(7.077584678498,7.169522711015,2.));
#2544 = VECTOR('',#2545,1.);
#2545 = DIRECTION('',(0.,0.,1.));
#2546 = PCURVE('',#2491,#2547);
#2547 = DEFINITIONAL_REPRESENTATION('',(#2548),#2552);
#2548 = LINE('',#2549,#2550);
#2549 = CARTESIAN_POINT('',(-1.129990982068,0.));
#2550 = VECTOR('',#2551,1.);
#2551 = DIRECTION('',(0.,1.));
#2552 = ( GEOMETRIC_REPRESENTATION_CONTEXT(2) 
PARAMETRIC_REPRESENTATION_CONTEXT() REPRESENTATION_CONTEXT('2D SPACE',''
  ) );
#2553 = PCURVE('',#2554,#2559);
#2554 = PLANE('',#2555);
#2555 = AXIS2_PLACEMENT_3D('',#2556,#2557,#2558);
#2556 = CARTESIAN_POINT('',(7.077584678498,7.509015374759,5.25));
#2557 = DIRECTION('',(1.,0.,0.));
#2558 = DIRECTION('',(0.,0.,-1.));
#2559 = DEFINITIONAL_REPRESENTATION('',(#2560),#2564);
#2560 = LINE('',#2561,#2562);
#2561 = CARTESIAN_POINT('',(3.25,-0.339492663743));
#2562 = VECTOR('',#2563,1.);
#2563 = DIRECTION('',(-1.,0.));
#2564 = ( GEOMETRIC_REPRESENTATION_CONTEXT(2) 
PARAMETRIC_REPRESENTATION_CONTEXT() REPRESENTATION_CONTEXT('2D SPACE',''
  ) );
#2565 = ORIENTED_EDGE('',*,*,#2566,.T.);
#2566 = EDGE_CURVE('',#2539,#2483,#2567,.T.);
#2567 = SURFACE_CURVE('',#2568,(#2572,#2579),.PCURVE_S1.);
#2568 = LINE('',#2569,#2570);
#2569 = CARTESIAN_POINT('',(7.337911272708,6.069927474621,-2.));
#2570 = VECTOR('',#2571,1.);
#2571 = DIRECTION('',(-0.230379355536,0.973100895356,0.));
#2572 = PCURVE('',#2491,#2573);
#2573 = DEFINITIONAL_REPRESENTATION('',(#2574),#2578);
#2574 = LINE('',#2575,#2576);
#2575 = CARTESIAN_POINT('',(0.,-4.));
#2576 = VECTOR('',#2577,1.);
#2577 = DIRECTION('',(-1.,0.));
#2578 = ( GEOMETRIC_REPRESENTATION_CONTEXT(2) 
PARAMETRIC_REPRESENTATION_CONTEXT() REPRESENTATION_CONTEXT('2D SPACE',''
  ) );
#2579 = PCURVE('',#2250,#2580);
#2580 = DEFINITIONAL_REPRESENTATION('',(#2581),#2585);
#2581 = LINE('',#2582,#2583);
#2582 = CARTESIAN_POINT('',(0.973100895356,0.230379355536));
#2583 = VECTOR('',#2584,1.);
#2584 = DIRECTION('',(-0.230379355536,0.973100895356));
#2585 = ( GEOMETRIC_REPRESENTATION_CONTEXT(2) 
PARAMETRIC_REPRESENTATION_CONTEXT() REPRESENTATION_CONTEXT('2D SPACE',''
  ) );
#2586 = ADVANCED_FACE('',(#2587),#2601,.F.);
#2587 = FACE_BOUND('',#2588,.T.);
#2588 = EDGE_LOOP('',(#2589,#2624,#2647,#2675));
#2589 = ORIENTED_EDGE('',*,*,#2590,.F.);
#2590 = EDGE_CURVE('',#2591,#2593,#2595,.T.);
#2591 = VERTEX_POINT('',#2592);
#2592 = CARTESIAN_POINT('',(7.133631220506,6.932787348671,2.));
#2593 = VERTEX_POINT('',#2594);
#2594 = CARTESIAN_POINT('',(7.133631220506,6.932787348671,-2.));
#2595 = SURFACE_CURVE('',#2596,(#2600,#2612),.PCURVE_S1.);
#2596 = LINE('',#2597,#2598);
#2597 = CARTESIAN_POINT('',(7.133631220506,6.932787348671,2.));
#2598 = VECTOR('',#2599,1.);
#2599 = DIRECTION('',(0.,0.,-1.));
#2600 = PCURVE('',#2601,#2606);
#2601 = PLANE('',#2602);
#2602 = AXIS2_PLACEMENT_3D('',#2603,#2604,#2605);
#2603 = CARTESIAN_POINT('',(7.337911272708,6.069927474621,2.));
#2604 = DIRECTION('',(-0.973100895356,-0.230379355536,0.));
#2605 = DIRECTION('',(0.230379355536,-0.973100895356,0.));
#2606 = DEFINITIONAL_REPRESENTATION('',(#2607),#2611);
#2607 = LINE('',#2608,#2609);
#2608 = CARTESIAN_POINT('',(-0.88671162278,0.));
#2609 = VECTOR('',#2610,1.);
#2610 = DIRECTION('',(0.,-1.));
#2611 = ( GEOMETRIC_REPRESENTATION_CONTEXT(2) 
PARAMETRIC_REPRESENTATION_CONTEXT() REPRESENTATION_CONTEXT('2D SPACE',''
  ) );
#2612 = PCURVE('',#2613,#2618);
#2613 = PLANE('',#2614);
#2614 = AXIS2_PLACEMENT_3D('',#2615,#2616,#2617);
#2615 = CARTESIAN_POINT('',(7.077584678498,6.932787348671,5.25));
#2616 = DIRECTION('',(-0.,1.,0.));
#2617 = DIRECTION('',(0.,0.,1.));
#2618 = DEFINITIONAL_REPRESENTATION('',(#2619),#2623);
#2619 = LINE('',#2620,#2621);
#2620 = CARTESIAN_POINT('',(-3.25,5.604654200793E-02));
#2621 = VECTOR('',#2622,1.);
#2622 = DIRECTION('',(-1.,0.));
#2623 = ( GEOMETRIC_REPRESENTATION_CONTEXT(2) 
PARAMETRIC_REPRESENTATION_CONTEXT() REPRESENTATION_CONTEXT('2D SPACE',''
  ) );
#2624 = ORIENTED_EDGE('',*,*,#2625,.F.);
#2625 = EDGE_CURVE('',#2626,#2591,#2628,.T.);
#2626 = VERTEX_POINT('',#2627);
#2627 = CARTESIAN_POINT('',(7.212638122112,6.599069570385,2.));
#2628 = SURFACE_CURVE('',#2629,(#2633,#2640),.PCURVE_S1.);
#2629 = LINE('',#2630,#2631);
#2630 = CARTESIAN_POINT('',(7.337911272708,6.069927474621,2.));
#2631 = VECTOR('',#2632,1.);
#2632 = DIRECTION('',(-0.230379355536,0.973100895356,0.));
#2633 = PCURVE('',#2601,#2634);
#2634 = DEFINITIONAL_REPRESENTATION('',(#2635),#2639);
#2635 = LINE('',#2636,#2637);
#2636 = CARTESIAN_POINT('',(0.,0.));
#2637 = VECTOR('',#2638,1.);
#2638 = DIRECTION('',(-1.,0.));
#2639 = ( GEOMETRIC_REPRESENTATION_CONTEXT(2) 
PARAMETRIC_REPRESENTATION_CONTEXT() REPRESENTATION_CONTEXT('2D SPACE',''
  ) );
#2640 = PCURVE('',#2196,#2641);
#2641 = DEFINITIONAL_REPRESENTATION('',(#2642),#2646);
#2642 = LINE('',#2643,#2644);
#2643 = CARTESIAN_POINT('',(0.973100895356,0.230379355536));
#2644 = VECTOR('',#2645,1.);
#2645 = DIRECTION('',(-0.230379355536,0.973100895356));
#2646 = ( GEOMETRIC_REPRESENTATION_CONTEXT(2) 
PARAMETRIC_REPRESENTATION_CONTEXT() REPRESENTATION_CONTEXT('2D SPACE',''
  ) );
#2647 = ORIENTED_EDGE('',*,*,#2648,.F.);
#2648 = EDGE_CURVE('',#2649,#2626,#2651,.T.);
#2649 = VERTEX_POINT('',#2650);
#2650 = CARTESIAN_POINT('',(7.212638122112,6.599069570385,-2.));
#2651 = SURFACE_CURVE('',#2652,(#2656,#2663),.PCURVE_S1.);
#2652 = LINE('',#2653,#2654);
#2653 = CARTESIAN_POINT('',(7.212638122112,6.599069570385,2.));
#2654 = VECTOR('',#2655,1.);
#2655 = DIRECTION('',(0.,0.,1.));
#2656 = PCURVE('',#2601,#2657);
#2657 = DEFINITIONAL_REPRESENTATION('',(#2658),#2662);
#2658 = LINE('',#2659,#2660);
#2659 = CARTESIAN_POINT('',(-0.543768994859,0.));
#2660 = VECTOR('',#2661,1.);
#2661 = DIRECTION('',(0.,1.));
#2662 = ( GEOMETRIC_REPRESENTATION_CONTEXT(2) 
PARAMETRIC_REPRESENTATION_CONTEXT() REPRESENTATION_CONTEXT('2D SPACE',''
  ) );
#2663 = PCURVE('',#2664,#2669);
#2664 = PLANE('',#2665);
#2665 = AXIS2_PLACEMENT_3D('',#2666,#2667,#2668);
#2666 = CARTESIAN_POINT('',(7.212638122112,6.932787348671,5.25));
#2667 = DIRECTION('',(1.,0.,0.));
#2668 = DIRECTION('',(0.,0.,-1.));
#2669 = DEFINITIONAL_REPRESENTATION('',(#2670),#2674);
#2670 = LINE('',#2671,#2672);
#2671 = CARTESIAN_POINT('',(3.25,-0.333717778286));
#2672 = VECTOR('',#2673,1.);
#2673 = DIRECTION('',(-1.,0.));
#2674 = ( GEOMETRIC_REPRESENTATION_CONTEXT(2) 
PARAMETRIC_REPRESENTATION_CONTEXT() REPRESENTATION_CONTEXT('2D SPACE',''
  ) );
#2675 = ORIENTED_EDGE('',*,*,#2676,.T.);
#2676 = EDGE_CURVE('',#2649,#2593,#2677,.T.);
#2677 = SURFACE_CURVE('',#2678,(#2682,#2689),.PCURVE_S1.);
#2678 = LINE('',#2679,#2680);
#2679 = CARTESIAN_POINT('',(7.337911272708,6.069927474621,-2.));
#2680 = VECTOR('',#2681,1.);
#2681 = DIRECTION('',(-0.230379355536,0.973100895356,0.));
#2682 = PCURVE('',#2601,#2683);
#2683 = DEFINITIONAL_REPRESENTATION('',(#2684),#2688);
#2684 = LINE('',#2685,#2686);
#2685 = CARTESIAN_POINT('',(0.,-4.));
#2686 = VECTOR('',#2687,1.);
#2687 = DIRECTION('',(-1.,0.));
#2688 = ( GEOMETRIC_REPRESENTATION_CONTEXT(2) 
PARAMETRIC_REPRESENTATION_CONTEXT() REPRESENTATION_CONTEXT('2D SPACE',''
  ) );
#2689 = PCURVE('',#2250,#2690);
#2690 = DEFINITIONAL_REPRESENTATION('',(#2691),#2695);
#2691 = LINE('',#2692,#2693);
#2692 = CARTESIAN_POINT('',(0.973100895356,0.230379355536));
#2693 = VECTOR('',#2694,1.);
#2694 = DIRECTION('',(-0.230379355536,0.973100895356));
#2695 = ( GEOMETRIC_REPRESENTATION_CONTEXT(2) 
PARAMETRIC_REPRESENTATION_CONTEXT() REPRESENTATION_CONTEXT('2D SPACE',''
  ) );
#2696 = ADVANCED_FACE('',(#2697),#2196,.T.);
#2697 = FACE_BOUND('',#2698,.T.);
#2698 = EDGE_LOOP('',(#2699,#2722,#2723,#2746,#2774,#2803,#2831,#2859,
    #2887,#2909,#2910,#2933,#2954,#2955,#2978,#2999,#3000,#3023,#3044,
    #3045,#3068));
#2699 = ORIENTED_EDGE('',*,*,#2700,.F.);
#2700 = EDGE_CURVE('',#2376,#2701,#2703,.T.);
#2701 = VERTEX_POINT('',#2702);
#2702 = CARTESIAN_POINT('',(6.793972446908,8.346346725168,2.));
#2703 = SURFACE_CURVE('',#2704,(#2708,#2715),.PCURVE_S1.);
#2704 = LINE('',#2705,#2706);
#2705 = CARTESIAN_POINT('',(6.364810377352,8.346346725168,2.));
#2706 = VECTOR('',#2707,1.);
#2707 = DIRECTION('',(-1.,-0.,0.));
#2708 = PCURVE('',#2196,#2709);
#2709 = DEFINITIONAL_REPRESENTATION('',(#2710),#2714);
#2710 = LINE('',#2711,#2712);
#2711 = CARTESIAN_POINT('',(0.,2.506798606083));
#2712 = VECTOR('',#2713,1.);
#2713 = DIRECTION('',(-1.,0.));
#2714 = ( GEOMETRIC_REPRESENTATION_CONTEXT(2) 
PARAMETRIC_REPRESENTATION_CONTEXT() REPRESENTATION_CONTEXT('2D SPACE',''
  ) );
#2715 = PCURVE('',#2421,#2716);
#2716 = DEFINITIONAL_REPRESENTATION('',(#2717),#2721);
#2717 = LINE('',#2718,#2719);
#2718 = CARTESIAN_POINT('',(-3.25,-0.429162069555));
#2719 = VECTOR('',#2720,1.);
#2720 = DIRECTION('',(0.,-1.));
#2721 = ( GEOMETRIC_REPRESENTATION_CONTEXT(2) 
PARAMETRIC_REPRESENTATION_CONTEXT() REPRESENTATION_CONTEXT('2D SPACE',''
  ) );
#2722 = ORIENTED_EDGE('',*,*,#2375,.T.);
#2723 = ORIENTED_EDGE('',*,*,#2724,.F.);
#2724 = EDGE_CURVE('',#2725,#2378,#2727,.T.);
#2725 = VERTEX_POINT('',#2726);
#2726 = CARTESIAN_POINT('',(6.534356775463,9.03,2.));
#2727 = SURFACE_CURVE('',#2728,(#2732,#2739),.PCURVE_S1.);
#2728 = LINE('',#2729,#2730);
#2729 = CARTESIAN_POINT('',(0.,9.03,2.));
#2730 = VECTOR('',#2731,1.);
#2731 = DIRECTION('',(1.,0.,0.));
#2732 = PCURVE('',#2196,#2733);
#2733 = DEFINITIONAL_REPRESENTATION('',(#2734),#2738);
#2734 = LINE('',#2735,#2736);
#2735 = CARTESIAN_POINT('',(-6.364810377352,3.190451880915));
#2736 = VECTOR('',#2737,1.);
#2737 = DIRECTION('',(1.,0.));
#2738 = ( GEOMETRIC_REPRESENTATION_CONTEXT(2) 
PARAMETRIC_REPRESENTATION_CONTEXT() REPRESENTATION_CONTEXT('2D SPACE',''
  ) );
#2739 = PCURVE('',#2130,#2740);
#2740 = DEFINITIONAL_REPRESENTATION('',(#2741),#2745);
#2741 = LINE('',#2742,#2743);
#2742 = CARTESIAN_POINT('',(2.,0.));
#2743 = VECTOR('',#2744,1.);
#2744 = DIRECTION('',(0.,1.));
#2745 = ( GEOMETRIC_REPRESENTATION_CONTEXT(2) 
PARAMETRIC_REPRESENTATION_CONTEXT() REPRESENTATION_CONTEXT('2D SPACE',''
  ) );
#2746 = ORIENTED_EDGE('',*,*,#2747,.F.);
#2747 = EDGE_CURVE('',#2748,#2725,#2750,.T.);
#2748 = VERTEX_POINT('',#2749);
#2749 = CARTESIAN_POINT('',(7.240601183173,6.046889539067,2.));
#2750 = SURFACE_CURVE('',#2751,(#2755,#2762),.PCURVE_S1.);
#2751 = LINE('',#2752,#2753);
#2752 = CARTESIAN_POINT('',(7.240601183173,6.046889539067,2.));
#2753 = VECTOR('',#2754,1.);
#2754 = DIRECTION('',(-0.230379355536,0.973100895356,0.));
#2755 = PCURVE('',#2196,#2756);
#2756 = DEFINITIONAL_REPRESENTATION('',(#2757),#2761);
#2757 = LINE('',#2758,#2759);
#2758 = CARTESIAN_POINT('',(0.87579080582,0.207341419983));
#2759 = VECTOR('',#2760,1.);
#2760 = DIRECTION('',(-0.230379355536,0.973100895356));
#2761 = ( GEOMETRIC_REPRESENTATION_CONTEXT(2) 
PARAMETRIC_REPRESENTATION_CONTEXT() REPRESENTATION_CONTEXT('2D SPACE',''
  ) );
#2762 = PCURVE('',#2763,#2768);
#2763 = PLANE('',#2764);
#2764 = AXIS2_PLACEMENT_3D('',#2765,#2766,#2767);
#2765 = CARTESIAN_POINT('',(7.240601183173,6.046889539067,2.));
#2766 = DIRECTION('',(-0.973100895356,-0.230379355536,0.));
#2767 = DIRECTION('',(0.230379355536,-0.973100895356,0.));
#2768 = DEFINITIONAL_REPRESENTATION('',(#2769),#2773);
#2769 = LINE('',#2770,#2771);
#2770 = CARTESIAN_POINT('',(0.,0.));
#2771 = VECTOR('',#2772,1.);
#2772 = DIRECTION('',(-1.,0.));
#2773 = ( GEOMETRIC_REPRESENTATION_CONTEXT(2) 
PARAMETRIC_REPRESENTATION_CONTEXT() REPRESENTATION_CONTEXT('2D SPACE',''
  ) );
#2774 = ORIENTED_EDGE('',*,*,#2775,.F.);
#2775 = EDGE_CURVE('',#2776,#2748,#2778,.T.);
#2776 = VERTEX_POINT('',#2777);
#2777 = CARTESIAN_POINT('',(7.144540085939,5.390080009486,2.));
#2778 = SURFACE_CURVE('',#2779,(#2784,#2791),.PCURVE_S1.);
#2779 = CIRCLE('',#2780,0.9);
#2780 = AXIS2_PLACEMENT_3D('',#2781,#2782,#2783);
#2781 = CARTESIAN_POINT('',(6.364810377352,5.839548119085,2.));
#2782 = DIRECTION('',(0.,0.,1.));
#2783 = DIRECTION('',(1.,0.,-0.));
#2784 = PCURVE('',#2196,#2785);
#2785 = DEFINITIONAL_REPRESENTATION('',(#2786),#2790);
#2786 = CIRCLE('',#2787,0.9);
#2787 = AXIS2_PLACEMENT_2D('',#2788,#2789);
#2788 = CARTESIAN_POINT('',(0.,0.));
#2789 = DIRECTION('',(1.,0.));
#2790 = ( GEOMETRIC_REPRESENTATION_CONTEXT(2) 
PARAMETRIC_REPRESENTATION_CONTEXT() REPRESENTATION_CONTEXT('2D SPACE',''
  ) );
#2791 = PCURVE('',#2792,#2797);
#2792 = CYLINDRICAL_SURFACE('',#2793,0.9);
#2793 = AXIS2_PLACEMENT_3D('',#2794,#2795,#2796);
#2794 = CARTESIAN_POINT('',(6.364810377352,5.839548119085,2.));
#2795 = DIRECTION('',(-0.,-0.,-1.));
#2796 = DIRECTION('',(-1.,0.,0.));
#2797 = DEFINITIONAL_REPRESENTATION('',(#2798),#2802);
#2798 = LINE('',#2799,#2800);
#2799 = CARTESIAN_POINT('',(9.424777960769,0.));
#2800 = VECTOR('',#2801,1.);
#2801 = DIRECTION('',(-1.,0.));
#2802 = ( GEOMETRIC_REPRESENTATION_CONTEXT(2) 
PARAMETRIC_REPRESENTATION_CONTEXT() REPRESENTATION_CONTEXT('2D SPACE',''
  ) );
#2803 = ORIENTED_EDGE('',*,*,#2804,.F.);
#2804 = EDGE_CURVE('',#2805,#2776,#2807,.T.);
#2805 = VERTEX_POINT('',#2806);
#2806 = CARTESIAN_POINT('',(6.071226272416,3.528113277767,2.));
#2807 = SURFACE_CURVE('',#2808,(#2812,#2819),.PCURVE_S1.);
#2808 = LINE('',#2809,#2810);
#2809 = CARTESIAN_POINT('',(5.835616067425,3.119380661249,2.));
#2810 = VECTOR('',#2811,1.);
#2811 = DIRECTION('',(0.499409010665,0.866366342875,0.));
#2812 = PCURVE('',#2196,#2813);
#2813 = DEFINITIONAL_REPRESENTATION('',(#2814),#2818);
#2814 = LINE('',#2815,#2816);
#2815 = CARTESIAN_POINT('',(-0.529194309927,-2.720167457836));
#2816 = VECTOR('',#2817,1.);
#2817 = DIRECTION('',(0.499409010665,0.866366342875));
#2818 = ( GEOMETRIC_REPRESENTATION_CONTEXT(2) 
PARAMETRIC_REPRESENTATION_CONTEXT() REPRESENTATION_CONTEXT('2D SPACE',''
  ) );
#2819 = PCURVE('',#2820,#2825);
#2820 = PLANE('',#2821);
#2821 = AXIS2_PLACEMENT_3D('',#2822,#2823,#2824);
#2822 = CARTESIAN_POINT('',(5.835616067425,3.119380661249,2.));
#2823 = DIRECTION('',(-0.866366342875,0.499409010665,0.));
#2824 = DIRECTION('',(-0.499409010665,-0.866366342875,0.));
#2825 = DEFINITIONAL_REPRESENTATION('',(#2826),#2830);
#2826 = LINE('',#2827,#2828);
#2827 = CARTESIAN_POINT('',(0.,0.));
#2828 = VECTOR('',#2829,1.);
#2829 = DIRECTION('',(-1.,0.));
#2830 = ( GEOMETRIC_REPRESENTATION_CONTEXT(2) 
PARAMETRIC_REPRESENTATION_CONTEXT() REPRESENTATION_CONTEXT('2D SPACE',''
  ) );
#2831 = ORIENTED_EDGE('',*,*,#2832,.F.);
#2832 = EDGE_CURVE('',#2833,#2805,#2835,.T.);
#2833 = VERTEX_POINT('',#2834);
#2834 = CARTESIAN_POINT('',(6.186650885597,3.528113277767,2.));
#2835 = SURFACE_CURVE('',#2836,(#2840,#2847),.PCURVE_S1.);
#2836 = LINE('',#2837,#2838);
#2837 = CARTESIAN_POINT('',(6.034972997868,3.528113277767,2.));
#2838 = VECTOR('',#2839,1.);
#2839 = DIRECTION('',(-1.,0.,0.));
#2840 = PCURVE('',#2196,#2841);
#2841 = DEFINITIONAL_REPRESENTATION('',(#2842),#2846);
#2842 = LINE('',#2843,#2844);
#2843 = CARTESIAN_POINT('',(-0.329837379484,-2.311434841318));
#2844 = VECTOR('',#2845,1.);
#2845 = DIRECTION('',(-1.,0.));
#2846 = ( GEOMETRIC_REPRESENTATION_CONTEXT(2) 
PARAMETRIC_REPRESENTATION_CONTEXT() REPRESENTATION_CONTEXT('2D SPACE',''
  ) );
#2847 = PCURVE('',#2848,#2853);
#2848 = PLANE('',#2849);
#2849 = AXIS2_PLACEMENT_3D('',#2850,#2851,#2852);
#2850 = CARTESIAN_POINT('',(6.034972997868,3.528113277767,
    -27.83113496372));
#2851 = DIRECTION('',(0.,-1.,0.));
#2852 = DIRECTION('',(0.,-0.,-1.));
#2853 = DEFINITIONAL_REPRESENTATION('',(#2854),#2858);
#2854 = LINE('',#2855,#2856);
#2855 = CARTESIAN_POINT('',(-29.83113496372,0.));
#2856 = VECTOR('',#2857,1.);
#2857 = DIRECTION('',(-0.,-1.));
#2858 = ( GEOMETRIC_REPRESENTATION_CONTEXT(2) 
PARAMETRIC_REPRESENTATION_CONTEXT() REPRESENTATION_CONTEXT('2D SPACE',''
  ) );
#2859 = ORIENTED_EDGE('',*,*,#2860,.T.);
#2860 = EDGE_CURVE('',#2833,#2861,#2863,.T.);
#2861 = VERTEX_POINT('',#2862);
#2862 = CARTESIAN_POINT('',(7.231176720227,5.340139108419,2.));
#2863 = SURFACE_CURVE('',#2864,(#2868,#2875),.PCURVE_S1.);
#2864 = LINE('',#2865,#2866);
#2865 = CARTESIAN_POINT('',(5.922252701712,3.069439760183,2.));
#2866 = VECTOR('',#2867,1.);
#2867 = DIRECTION('',(0.499409010665,0.866366342875,0.));
#2868 = PCURVE('',#2196,#2869);
#2869 = DEFINITIONAL_REPRESENTATION('',(#2870),#2874);
#2870 = LINE('',#2871,#2872);
#2871 = CARTESIAN_POINT('',(-0.44255767564,-2.770108358902));
#2872 = VECTOR('',#2873,1.);
#2873 = DIRECTION('',(0.499409010665,0.866366342875));
#2874 = ( GEOMETRIC_REPRESENTATION_CONTEXT(2) 
PARAMETRIC_REPRESENTATION_CONTEXT() REPRESENTATION_CONTEXT('2D SPACE',''
  ) );
#2875 = PCURVE('',#2876,#2881);
#2876 = PLANE('',#2877);
#2877 = AXIS2_PLACEMENT_3D('',#2878,#2879,#2880);
#2878 = CARTESIAN_POINT('',(5.922252701712,3.069439760183,2.));
#2879 = DIRECTION('',(-0.866366342875,0.499409010665,0.));
#2880 = DIRECTION('',(-0.499409010665,-0.866366342875,0.));
#2881 = DEFINITIONAL_REPRESENTATION('',(#2882),#2886);
#2882 = LINE('',#2883,#2884);
#2883 = CARTESIAN_POINT('',(0.,0.));
#2884 = VECTOR('',#2885,1.);
#2885 = DIRECTION('',(-1.,0.));
#2886 = ( GEOMETRIC_REPRESENTATION_CONTEXT(2) 
PARAMETRIC_REPRESENTATION_CONTEXT() REPRESENTATION_CONTEXT('2D SPACE',''
  ) );
#2887 = ORIENTED_EDGE('',*,*,#2888,.T.);
#2888 = EDGE_CURVE('',#2861,#2181,#2889,.T.);
#2889 = SURFACE_CURVE('',#2890,(#2895,#2902),.PCURVE_S1.);
#2890 = CIRCLE('',#2891,1.);
#2891 = AXIS2_PLACEMENT_3D('',#2892,#2893,#2894);
#2892 = CARTESIAN_POINT('',(6.364810377352,5.839548119085,2.));
#2893 = DIRECTION('',(0.,0.,1.));
#2894 = DIRECTION('',(1.,0.,-0.));
#2895 = PCURVE('',#2196,#2896);
#2896 = DEFINITIONAL_REPRESENTATION('',(#2897),#2901);
#2897 = CIRCLE('',#2898,1.);
#2898 = AXIS2_PLACEMENT_2D('',#2899,#2900);
#2899 = CARTESIAN_POINT('',(0.,0.));
#2900 = DIRECTION('',(1.,0.));
#2901 = ( GEOMETRIC_REPRESENTATION_CONTEXT(2) 
PARAMETRIC_REPRESENTATION_CONTEXT() REPRESENTATION_CONTEXT('2D SPACE',''
  ) );
#2902 = PCURVE('',#2224,#2903);
#2903 = DEFINITIONAL_REPRESENTATION('',(#2904),#2908);
#2904 = LINE('',#2905,#2906);
#2905 = CARTESIAN_POINT('',(9.424777960769,0.));
#2906 = VECTOR('',#2907,1.);
#2907 = DIRECTION('',(-1.,0.));
#2908 = ( GEOMETRIC_REPRESENTATION_CONTEXT(2) 
PARAMETRIC_REPRESENTATION_CONTEXT() REPRESENTATION_CONTEXT('2D SPACE',''
  ) );
#2909 = ORIENTED_EDGE('',*,*,#2180,.T.);
#2910 = ORIENTED_EDGE('',*,*,#2911,.T.);
#2911 = EDGE_CURVE('',#2146,#2912,#2914,.T.);
#2912 = VERTEX_POINT('',#2913);
#2913 = CARTESIAN_POINT('',(7.212638122112,6.356559322583,2.));
#2914 = SURFACE_CURVE('',#2915,(#2919,#2926),.PCURVE_S1.);
#2915 = LINE('',#2916,#2917);
#2916 = CARTESIAN_POINT('',(6.364810377352,6.356559322583,2.));
#2917 = VECTOR('',#2918,1.);
#2918 = DIRECTION('',(-1.,-0.,0.));
#2919 = PCURVE('',#2196,#2920);
#2920 = DEFINITIONAL_REPRESENTATION('',(#2921),#2925);
#2921 = LINE('',#2922,#2923);
#2922 = CARTESIAN_POINT('',(0.,0.517011203498));
#2923 = VECTOR('',#2924,1.);
#2924 = DIRECTION('',(-1.,0.));
#2925 = ( GEOMETRIC_REPRESENTATION_CONTEXT(2) 
PARAMETRIC_REPRESENTATION_CONTEXT() REPRESENTATION_CONTEXT('2D SPACE',''
  ) );
#2926 = PCURVE('',#2168,#2927);
#2927 = DEFINITIONAL_REPRESENTATION('',(#2928),#2932);
#2928 = LINE('',#2929,#2930);
#2929 = CARTESIAN_POINT('',(-3.25,-0.84782774476));
#2930 = VECTOR('',#2931,1.);
#2931 = DIRECTION('',(0.,-1.));
#2932 = ( GEOMETRIC_REPRESENTATION_CONTEXT(2) 
PARAMETRIC_REPRESENTATION_CONTEXT() REPRESENTATION_CONTEXT('2D SPACE',''
  ) );
#2933 = ORIENTED_EDGE('',*,*,#2934,.T.);
#2934 = EDGE_CURVE('',#2912,#2626,#2935,.T.);
#2935 = SURFACE_CURVE('',#2936,(#2940,#2947),.PCURVE_S1.);
#2936 = LINE('',#2937,#2938);
#2937 = CARTESIAN_POINT('',(7.212638122112,5.839548119085,2.));
#2938 = VECTOR('',#2939,1.);
#2939 = DIRECTION('',(0.,1.,0.));
#2940 = PCURVE('',#2196,#2941);
#2941 = DEFINITIONAL_REPRESENTATION('',(#2942),#2946);
#2942 = LINE('',#2943,#2944);
#2943 = CARTESIAN_POINT('',(0.84782774476,0.));
#2944 = VECTOR('',#2945,1.);
#2945 = DIRECTION('',(0.,1.));
#2946 = ( GEOMETRIC_REPRESENTATION_CONTEXT(2) 
PARAMETRIC_REPRESENTATION_CONTEXT() REPRESENTATION_CONTEXT('2D SPACE',''
  ) );
#2947 = PCURVE('',#2664,#2948);
#2948 = DEFINITIONAL_REPRESENTATION('',(#2949),#2953);
#2949 = LINE('',#2950,#2951);
#2950 = CARTESIAN_POINT('',(3.25,-1.093239229586));
#2951 = VECTOR('',#2952,1.);
#2952 = DIRECTION('',(0.,1.));
#2953 = ( GEOMETRIC_REPRESENTATION_CONTEXT(2) 
PARAMETRIC_REPRESENTATION_CONTEXT() REPRESENTATION_CONTEXT('2D SPACE',''
  ) );
#2954 = ORIENTED_EDGE('',*,*,#2625,.T.);
#2955 = ORIENTED_EDGE('',*,*,#2956,.T.);
#2956 = EDGE_CURVE('',#2591,#2957,#2959,.T.);
#2957 = VERTEX_POINT('',#2958);
#2958 = CARTESIAN_POINT('',(7.077584678498,6.932787348671,2.));
#2959 = SURFACE_CURVE('',#2960,(#2964,#2971),.PCURVE_S1.);
#2960 = LINE('',#2961,#2962);
#2961 = CARTESIAN_POINT('',(6.364810377352,6.932787348671,2.));
#2962 = VECTOR('',#2963,1.);
#2963 = DIRECTION('',(-1.,-0.,0.));
#2964 = PCURVE('',#2196,#2965);
#2965 = DEFINITIONAL_REPRESENTATION('',(#2966),#2970);
#2966 = LINE('',#2967,#2968);
#2967 = CARTESIAN_POINT('',(0.,1.093239229586));
#2968 = VECTOR('',#2969,1.);
#2969 = DIRECTION('',(-1.,0.));
#2970 = ( GEOMETRIC_REPRESENTATION_CONTEXT(2) 
PARAMETRIC_REPRESENTATION_CONTEXT() REPRESENTATION_CONTEXT('2D SPACE',''
  ) );
#2971 = PCURVE('',#2613,#2972);
#2972 = DEFINITIONAL_REPRESENTATION('',(#2973),#2977);
#2973 = LINE('',#2974,#2975);
#2974 = CARTESIAN_POINT('',(-3.25,-0.712774301146));
#2975 = VECTOR('',#2976,1.);
#2976 = DIRECTION('',(0.,-1.));
#2977 = ( GEOMETRIC_REPRESENTATION_CONTEXT(2) 
PARAMETRIC_REPRESENTATION_CONTEXT() REPRESENTATION_CONTEXT('2D SPACE',''
  ) );
#2978 = ORIENTED_EDGE('',*,*,#2979,.T.);
#2979 = EDGE_CURVE('',#2957,#2516,#2980,.T.);
#2980 = SURFACE_CURVE('',#2981,(#2985,#2992),.PCURVE_S1.);
#2981 = LINE('',#2982,#2983);
#2982 = CARTESIAN_POINT('',(7.077584678498,5.839548119085,2.));
#2983 = VECTOR('',#2984,1.);
#2984 = DIRECTION('',(0.,1.,0.));
#2985 = PCURVE('',#2196,#2986);
#2986 = DEFINITIONAL_REPRESENTATION('',(#2987),#2991);
#2987 = LINE('',#2988,#2989);
#2988 = CARTESIAN_POINT('',(0.712774301146,0.));
#2989 = VECTOR('',#2990,1.);
#2990 = DIRECTION('',(0.,1.));
#2991 = ( GEOMETRIC_REPRESENTATION_CONTEXT(2) 
PARAMETRIC_REPRESENTATION_CONTEXT() REPRESENTATION_CONTEXT('2D SPACE',''
  ) );
#2992 = PCURVE('',#2554,#2993);
#2993 = DEFINITIONAL_REPRESENTATION('',(#2994),#2998);
#2994 = LINE('',#2995,#2996);
#2995 = CARTESIAN_POINT('',(3.25,-1.669467255674));
#2996 = VECTOR('',#2997,1.);
#2997 = DIRECTION('',(0.,1.));
#2998 = ( GEOMETRIC_REPRESENTATION_CONTEXT(2) 
PARAMETRIC_REPRESENTATION_CONTEXT() REPRESENTATION_CONTEXT('2D SPACE',''
  ) );
#2999 = ORIENTED_EDGE('',*,*,#2515,.T.);
#3000 = ORIENTED_EDGE('',*,*,#3001,.T.);
#3001 = EDGE_CURVE('',#2481,#3002,#3004,.T.);
#3002 = VERTEX_POINT('',#3003);
#3003 = CARTESIAN_POINT('',(6.915520546161,7.509015374759,2.));
#3004 = SURFACE_CURVE('',#3005,(#3009,#3016),.PCURVE_S1.);
#3005 = LINE('',#3006,#3007);
#3006 = CARTESIAN_POINT('',(6.364810377352,7.509015374759,2.));
#3007 = VECTOR('',#3008,1.);
#3008 = DIRECTION('',(-1.,-0.,0.));
#3009 = PCURVE('',#2196,#3010);
#3010 = DEFINITIONAL_REPRESENTATION('',(#3011),#3015);
#3011 = LINE('',#3012,#3013);
#3012 = CARTESIAN_POINT('',(0.,1.669467255674));
#3013 = VECTOR('',#3014,1.);
#3014 = DIRECTION('',(-1.,0.));
#3015 = ( GEOMETRIC_REPRESENTATION_CONTEXT(2) 
PARAMETRIC_REPRESENTATION_CONTEXT() REPRESENTATION_CONTEXT('2D SPACE',''
  ) );
#3016 = PCURVE('',#2503,#3017);
#3017 = DEFINITIONAL_REPRESENTATION('',(#3018),#3022);
#3018 = LINE('',#3019,#3020);
#3019 = CARTESIAN_POINT('',(-3.25,-0.550710168808));
#3020 = VECTOR('',#3021,1.);
#3021 = DIRECTION('',(0.,-1.));
#3022 = ( GEOMETRIC_REPRESENTATION_CONTEXT(2) 
PARAMETRIC_REPRESENTATION_CONTEXT() REPRESENTATION_CONTEXT('2D SPACE',''
  ) );
#3023 = ORIENTED_EDGE('',*,*,#3024,.T.);
#3024 = EDGE_CURVE('',#3002,#2301,#3025,.T.);
#3025 = SURFACE_CURVE('',#3026,(#3030,#3037),.PCURVE_S1.);
#3026 = LINE('',#3027,#3028);
#3027 = CARTESIAN_POINT('',(6.915520546161,5.839548119085,2.));
#3028 = VECTOR('',#3029,1.);
#3029 = DIRECTION('',(0.,1.,0.));
#3030 = PCURVE('',#2196,#3031);
#3031 = DEFINITIONAL_REPRESENTATION('',(#3032),#3036);
#3032 = LINE('',#3033,#3034);
#3033 = CARTESIAN_POINT('',(0.550710168808,0.));
#3034 = VECTOR('',#3035,1.);
#3035 = DIRECTION('',(0.,1.));
#3036 = ( GEOMETRIC_REPRESENTATION_CONTEXT(2) 
PARAMETRIC_REPRESENTATION_CONTEXT() REPRESENTATION_CONTEXT('2D SPACE',''
  ) );
#3037 = PCURVE('',#2339,#3038);
#3038 = DEFINITIONAL_REPRESENTATION('',(#3039),#3043);
#3039 = LINE('',#3040,#3041);
#3040 = CARTESIAN_POINT('',(3.25,-2.142154308324));
#3041 = VECTOR('',#3042,1.);
#3042 = DIRECTION('',(0.,1.));
#3043 = ( GEOMETRIC_REPRESENTATION_CONTEXT(2) 
PARAMETRIC_REPRESENTATION_CONTEXT() REPRESENTATION_CONTEXT('2D SPACE',''
  ) );
#3044 = ORIENTED_EDGE('',*,*,#2300,.T.);
#3045 = ORIENTED_EDGE('',*,*,#3046,.T.);
#3046 = EDGE_CURVE('',#2266,#3047,#3049,.T.);
#3047 = VERTEX_POINT('',#3048);
#3048 = CARTESIAN_POINT('',(6.793972446908,7.981702427409,2.));
#3049 = SURFACE_CURVE('',#3050,(#3054,#3061),.PCURVE_S1.);
#3050 = LINE('',#3051,#3052);
#3051 = CARTESIAN_POINT('',(6.364810377352,7.981702427409,2.));
#3052 = VECTOR('',#3053,1.);
#3053 = DIRECTION('',(-1.,-0.,0.));
#3054 = PCURVE('',#2196,#3055);
#3055 = DEFINITIONAL_REPRESENTATION('',(#3056),#3060);
#3056 = LINE('',#3057,#3058);
#3057 = CARTESIAN_POINT('',(0.,2.142154308324));
#3058 = VECTOR('',#3059,1.);
#3059 = DIRECTION('',(-1.,0.));
#3060 = ( GEOMETRIC_REPRESENTATION_CONTEXT(2) 
PARAMETRIC_REPRESENTATION_CONTEXT() REPRESENTATION_CONTEXT('2D SPACE',''
  ) );
#3061 = PCURVE('',#2288,#3062);
#3062 = DEFINITIONAL_REPRESENTATION('',(#3063),#3067);
#3063 = LINE('',#3064,#3065);
#3064 = CARTESIAN_POINT('',(-3.25,-0.429162069555));
#3065 = VECTOR('',#3066,1.);
#3066 = DIRECTION('',(0.,-1.));
#3067 = ( GEOMETRIC_REPRESENTATION_CONTEXT(2) 
PARAMETRIC_REPRESENTATION_CONTEXT() REPRESENTATION_CONTEXT('2D SPACE',''
  ) );
#3068 = ORIENTED_EDGE('',*,*,#3069,.T.);
#3069 = EDGE_CURVE('',#3047,#2701,#3070,.T.);
#3070 = SURFACE_CURVE('',#3071,(#3075,#3082),.PCURVE_S1.);
#3071 = LINE('',#3072,#3073);
#3072 = CARTESIAN_POINT('',(6.793972446908,5.839548119085,2.));
#3073 = VECTOR('',#3074,1.);
#3074 = DIRECTION('',(0.,1.,0.));
#3075 = PCURVE('',#2196,#3076);
#3076 = DEFINITIONAL_REPRESENTATION('',(#3077),#3081);
#3077 = LINE('',#3078,#3079);
#3078 = CARTESIAN_POINT('',(0.429162069555,0.));
#3079 = VECTOR('',#3080,1.);
#3080 = DIRECTION('',(0.,1.));
#3081 = ( GEOMETRIC_REPRESENTATION_CONTEXT(2) 
PARAMETRIC_REPRESENTATION_CONTEXT() REPRESENTATION_CONTEXT('2D SPACE',''
  ) );
#3082 = PCURVE('',#3083,#3088);
#3083 = PLANE('',#3084);
#3084 = AXIS2_PLACEMENT_3D('',#3085,#3086,#3087);
#3085 = CARTESIAN_POINT('',(6.793972446908,8.346346725168,5.25));
#3086 = DIRECTION('',(1.,0.,0.));
#3087 = DIRECTION('',(0.,0.,-1.));
#3088 = DEFINITIONAL_REPRESENTATION('',(#3089),#3093);
#3089 = LINE('',#3090,#3091);
#3090 = CARTESIAN_POINT('',(3.25,-2.506798606083));
#3091 = VECTOR('',#3092,1.);
#3092 = DIRECTION('',(0.,1.));
#3093 = ( GEOMETRIC_REPRESENTATION_CONTEXT(2) 
PARAMETRIC_REPRESENTATION_CONTEXT() REPRESENTATION_CONTEXT('2D SPACE',''
  ) );
#3094 = ADVANCED_FACE('',(#3095),#2250,.F.);
#3095 = FACE_BOUND('',#3096,.T.);
#3096 = EDGE_LOOP('',(#3097,#3098,#3121,#3144,#3165,#3166,#3189,#3210,
    #3211,#3234,#3255,#3256,#3279,#3300,#3301,#3325,#3348,#3371,#3394,
    #3418,#3441));
#3097 = ORIENTED_EDGE('',*,*,#2433,.F.);
#3098 = ORIENTED_EDGE('',*,*,#3099,.T.);
#3099 = EDGE_CURVE('',#2406,#3100,#3102,.T.);
#3100 = VERTEX_POINT('',#3101);
#3101 = CARTESIAN_POINT('',(6.793972446908,8.346346725168,-2.));
#3102 = SURFACE_CURVE('',#3103,(#3107,#3114),.PCURVE_S1.);
#3103 = LINE('',#3104,#3105);
#3104 = CARTESIAN_POINT('',(6.364810377352,8.346346725168,-2.));
#3105 = VECTOR('',#3106,1.);
#3106 = DIRECTION('',(-1.,-0.,0.));
#3107 = PCURVE('',#2250,#3108);
#3108 = DEFINITIONAL_REPRESENTATION('',(#3109),#3113);
#3109 = LINE('',#3110,#3111);
#3110 = CARTESIAN_POINT('',(0.,2.506798606083));
#3111 = VECTOR('',#3112,1.);
#3112 = DIRECTION('',(-1.,0.));
#3113 = ( GEOMETRIC_REPRESENTATION_CONTEXT(2) 
PARAMETRIC_REPRESENTATION_CONTEXT() REPRESENTATION_CONTEXT('2D SPACE',''
  ) );
#3114 = PCURVE('',#2421,#3115);
#3115 = DEFINITIONAL_REPRESENTATION('',(#3116),#3120);
#3116 = LINE('',#3117,#3118);
#3117 = CARTESIAN_POINT('',(-7.25,-0.429162069555));
#3118 = VECTOR('',#3119,1.);
#3119 = DIRECTION('',(0.,-1.));
#3120 = ( GEOMETRIC_REPRESENTATION_CONTEXT(2) 
PARAMETRIC_REPRESENTATION_CONTEXT() REPRESENTATION_CONTEXT('2D SPACE',''
  ) );
#3121 = ORIENTED_EDGE('',*,*,#3122,.F.);
#3122 = EDGE_CURVE('',#3123,#3100,#3125,.T.);
#3123 = VERTEX_POINT('',#3124);
#3124 = CARTESIAN_POINT('',(6.793972446908,7.981702427409,-2.));
#3125 = SURFACE_CURVE('',#3126,(#3130,#3137),.PCURVE_S1.);
#3126 = LINE('',#3127,#3128);
#3127 = CARTESIAN_POINT('',(6.793972446908,5.839548119085,-2.));
#3128 = VECTOR('',#3129,1.);
#3129 = DIRECTION('',(0.,1.,0.));
#3130 = PCURVE('',#2250,#3131);
#3131 = DEFINITIONAL_REPRESENTATION('',(#3132),#3136);
#3132 = LINE('',#3133,#3134);
#3133 = CARTESIAN_POINT('',(0.429162069555,0.));
#3134 = VECTOR('',#3135,1.);
#3135 = DIRECTION('',(0.,1.));
#3136 = ( GEOMETRIC_REPRESENTATION_CONTEXT(2) 
PARAMETRIC_REPRESENTATION_CONTEXT() REPRESENTATION_CONTEXT('2D SPACE',''
  ) );
#3137 = PCURVE('',#3083,#3138);
#3138 = DEFINITIONAL_REPRESENTATION('',(#3139),#3143);
#3139 = LINE('',#3140,#3141);
#3140 = CARTESIAN_POINT('',(7.25,-2.506798606083));
#3141 = VECTOR('',#3142,1.);
#3142 = DIRECTION('',(0.,1.));
#3143 = ( GEOMETRIC_REPRESENTATION_CONTEXT(2) 
PARAMETRIC_REPRESENTATION_CONTEXT() REPRESENTATION_CONTEXT('2D SPACE',''
  ) );
#3144 = ORIENTED_EDGE('',*,*,#3145,.F.);
#3145 = EDGE_CURVE('',#2268,#3123,#3146,.T.);
#3146 = SURFACE_CURVE('',#3147,(#3151,#3158),.PCURVE_S1.);
#3147 = LINE('',#3148,#3149);
#3148 = CARTESIAN_POINT('',(6.364810377352,7.981702427409,-2.));
#3149 = VECTOR('',#3150,1.);
#3150 = DIRECTION('',(-1.,-0.,0.));
#3151 = PCURVE('',#2250,#3152);
#3152 = DEFINITIONAL_REPRESENTATION('',(#3153),#3157);
#3153 = LINE('',#3154,#3155);
#3154 = CARTESIAN_POINT('',(0.,2.142154308324));
#3155 = VECTOR('',#3156,1.);
#3156 = DIRECTION('',(-1.,0.));
#3157 = ( GEOMETRIC_REPRESENTATION_CONTEXT(2) 
PARAMETRIC_REPRESENTATION_CONTEXT() REPRESENTATION_CONTEXT('2D SPACE',''
  ) );
#3158 = PCURVE('',#2288,#3159);
#3159 = DEFINITIONAL_REPRESENTATION('',(#3160),#3164);
#3160 = LINE('',#3161,#3162);
#3161 = CARTESIAN_POINT('',(-7.25,-0.429162069555));
#3162 = VECTOR('',#3163,1.);
#3163 = DIRECTION('',(0.,-1.));
#3164 = ( GEOMETRIC_REPRESENTATION_CONTEXT(2) 
PARAMETRIC_REPRESENTATION_CONTEXT() REPRESENTATION_CONTEXT('2D SPACE',''
  ) );
#3165 = ORIENTED_EDGE('',*,*,#2351,.F.);
#3166 = ORIENTED_EDGE('',*,*,#3167,.F.);
#3167 = EDGE_CURVE('',#3168,#2324,#3170,.T.);
#3168 = VERTEX_POINT('',#3169);
#3169 = CARTESIAN_POINT('',(6.915520546161,7.509015374759,-2.));
#3170 = SURFACE_CURVE('',#3171,(#3175,#3182),.PCURVE_S1.);
#3171 = LINE('',#3172,#3173);
#3172 = CARTESIAN_POINT('',(6.915520546161,5.839548119085,-2.));
#3173 = VECTOR('',#3174,1.);
#3174 = DIRECTION('',(0.,1.,0.));
#3175 = PCURVE('',#2250,#3176);
#3176 = DEFINITIONAL_REPRESENTATION('',(#3177),#3181);
#3177 = LINE('',#3178,#3179);
#3178 = CARTESIAN_POINT('',(0.550710168808,0.));
#3179 = VECTOR('',#3180,1.);
#3180 = DIRECTION('',(0.,1.));
#3181 = ( GEOMETRIC_REPRESENTATION_CONTEXT(2) 
PARAMETRIC_REPRESENTATION_CONTEXT() REPRESENTATION_CONTEXT('2D SPACE',''
  ) );
#3182 = PCURVE('',#2339,#3183);
#3183 = DEFINITIONAL_REPRESENTATION('',(#3184),#3188);
#3184 = LINE('',#3185,#3186);
#3185 = CARTESIAN_POINT('',(7.25,-2.142154308324));
#3186 = VECTOR('',#3187,1.);
#3187 = DIRECTION('',(0.,1.));
#3188 = ( GEOMETRIC_REPRESENTATION_CONTEXT(2) 
PARAMETRIC_REPRESENTATION_CONTEXT() REPRESENTATION_CONTEXT('2D SPACE',''
  ) );
#3189 = ORIENTED_EDGE('',*,*,#3190,.F.);
#3190 = EDGE_CURVE('',#2483,#3168,#3191,.T.);
#3191 = SURFACE_CURVE('',#3192,(#3196,#3203),.PCURVE_S1.);
#3192 = LINE('',#3193,#3194);
#3193 = CARTESIAN_POINT('',(6.364810377352,7.509015374759,-2.));
#3194 = VECTOR('',#3195,1.);
#3195 = DIRECTION('',(-1.,-0.,0.));
#3196 = PCURVE('',#2250,#3197);
#3197 = DEFINITIONAL_REPRESENTATION('',(#3198),#3202);
#3198 = LINE('',#3199,#3200);
#3199 = CARTESIAN_POINT('',(0.,1.669467255674));
#3200 = VECTOR('',#3201,1.);
#3201 = DIRECTION('',(-1.,0.));
#3202 = ( GEOMETRIC_REPRESENTATION_CONTEXT(2) 
PARAMETRIC_REPRESENTATION_CONTEXT() REPRESENTATION_CONTEXT('2D SPACE',''
  ) );
#3203 = PCURVE('',#2503,#3204);
#3204 = DEFINITIONAL_REPRESENTATION('',(#3205),#3209);
#3205 = LINE('',#3206,#3207);
#3206 = CARTESIAN_POINT('',(-7.25,-0.550710168808));
#3207 = VECTOR('',#3208,1.);
#3208 = DIRECTION('',(0.,-1.));
#3209 = ( GEOMETRIC_REPRESENTATION_CONTEXT(2) 
PARAMETRIC_REPRESENTATION_CONTEXT() REPRESENTATION_CONTEXT('2D SPACE',''
  ) );
#3210 = ORIENTED_EDGE('',*,*,#2566,.F.);
#3211 = ORIENTED_EDGE('',*,*,#3212,.F.);
#3212 = EDGE_CURVE('',#3213,#2539,#3215,.T.);
#3213 = VERTEX_POINT('',#3214);
#3214 = CARTESIAN_POINT('',(7.077584678498,6.932787348671,-2.));
#3215 = SURFACE_CURVE('',#3216,(#3220,#3227),.PCURVE_S1.);
#3216 = LINE('',#3217,#3218);
#3217 = CARTESIAN_POINT('',(7.077584678498,5.839548119085,-2.));
#3218 = VECTOR('',#3219,1.);
#3219 = DIRECTION('',(0.,1.,0.));
#3220 = PCURVE('',#2250,#3221);
#3221 = DEFINITIONAL_REPRESENTATION('',(#3222),#3226);
#3222 = LINE('',#3223,#3224);
#3223 = CARTESIAN_POINT('',(0.712774301146,0.));
#3224 = VECTOR('',#3225,1.);
#3225 = DIRECTION('',(0.,1.));
#3226 = ( GEOMETRIC_REPRESENTATION_CONTEXT(2) 
PARAMETRIC_REPRESENTATION_CONTEXT() REPRESENTATION_CONTEXT('2D SPACE',''
  ) );
#3227 = PCURVE('',#2554,#3228);
#3228 = DEFINITIONAL_REPRESENTATION('',(#3229),#3233);
#3229 = LINE('',#3230,#3231);
#3230 = CARTESIAN_POINT('',(7.25,-1.669467255674));
#3231 = VECTOR('',#3232,1.);
#3232 = DIRECTION('',(0.,1.));
#3233 = ( GEOMETRIC_REPRESENTATION_CONTEXT(2) 
PARAMETRIC_REPRESENTATION_CONTEXT() REPRESENTATION_CONTEXT('2D SPACE',''
  ) );
#3234 = ORIENTED_EDGE('',*,*,#3235,.F.);
#3235 = EDGE_CURVE('',#2593,#3213,#3236,.T.);
#3236 = SURFACE_CURVE('',#3237,(#3241,#3248),.PCURVE_S1.);
#3237 = LINE('',#3238,#3239);
#3238 = CARTESIAN_POINT('',(6.364810377352,6.932787348671,-2.));
#3239 = VECTOR('',#3240,1.);
#3240 = DIRECTION('',(-1.,-0.,0.));
#3241 = PCURVE('',#2250,#3242);
#3242 = DEFINITIONAL_REPRESENTATION('',(#3243),#3247);
#3243 = LINE('',#3244,#3245);
#3244 = CARTESIAN_POINT('',(0.,1.093239229586));
#3245 = VECTOR('',#3246,1.);
#3246 = DIRECTION('',(-1.,0.));
#3247 = ( GEOMETRIC_REPRESENTATION_CONTEXT(2) 
PARAMETRIC_REPRESENTATION_CONTEXT() REPRESENTATION_CONTEXT('2D SPACE',''
  ) );
#3248 = PCURVE('',#2613,#3249);
#3249 = DEFINITIONAL_REPRESENTATION('',(#3250),#3254);
#3250 = LINE('',#3251,#3252);
#3251 = CARTESIAN_POINT('',(-7.25,-0.712774301146));
#3252 = VECTOR('',#3253,1.);
#3253 = DIRECTION('',(0.,-1.));
#3254 = ( GEOMETRIC_REPRESENTATION_CONTEXT(2) 
PARAMETRIC_REPRESENTATION_CONTEXT() REPRESENTATION_CONTEXT('2D SPACE',''
  ) );
#3255 = ORIENTED_EDGE('',*,*,#2676,.F.);
#3256 = ORIENTED_EDGE('',*,*,#3257,.F.);
#3257 = EDGE_CURVE('',#3258,#2649,#3260,.T.);
#3258 = VERTEX_POINT('',#3259);
#3259 = CARTESIAN_POINT('',(7.212638122112,6.356559322583,-2.));
#3260 = SURFACE_CURVE('',#3261,(#3265,#3272),.PCURVE_S1.);
#3261 = LINE('',#3262,#3263);
#3262 = CARTESIAN_POINT('',(7.212638122112,5.839548119085,-2.));
#3263 = VECTOR('',#3264,1.);
#3264 = DIRECTION('',(0.,1.,0.));
#3265 = PCURVE('',#2250,#3266);
#3266 = DEFINITIONAL_REPRESENTATION('',(#3267),#3271);
#3267 = LINE('',#3268,#3269);
#3268 = CARTESIAN_POINT('',(0.84782774476,0.));
#3269 = VECTOR('',#3270,1.);
#3270 = DIRECTION('',(0.,1.));
#3271 = ( GEOMETRIC_REPRESENTATION_CONTEXT(2) 
PARAMETRIC_REPRESENTATION_CONTEXT() REPRESENTATION_CONTEXT('2D SPACE',''
  ) );
#3272 = PCURVE('',#2664,#3273);
#3273 = DEFINITIONAL_REPRESENTATION('',(#3274),#3278);
#3274 = LINE('',#3275,#3276);
#3275 = CARTESIAN_POINT('',(7.25,-1.093239229586));
#3276 = VECTOR('',#3277,1.);
#3277 = DIRECTION('',(0.,1.));
#3278 = ( GEOMETRIC_REPRESENTATION_CONTEXT(2) 
PARAMETRIC_REPRESENTATION_CONTEXT() REPRESENTATION_CONTEXT('2D SPACE',''
  ) );
#3279 = ORIENTED_EDGE('',*,*,#3280,.F.);
#3280 = EDGE_CURVE('',#2148,#3258,#3281,.T.);
#3281 = SURFACE_CURVE('',#3282,(#3286,#3293),.PCURVE_S1.);
#3282 = LINE('',#3283,#3284);
#3283 = CARTESIAN_POINT('',(6.364810377352,6.356559322583,-2.));
#3284 = VECTOR('',#3285,1.);
#3285 = DIRECTION('',(-1.,-0.,0.));
#3286 = PCURVE('',#2250,#3287);
#3287 = DEFINITIONAL_REPRESENTATION('',(#3288),#3292);
#3288 = LINE('',#3289,#3290);
#3289 = CARTESIAN_POINT('',(0.,0.517011203498));
#3290 = VECTOR('',#3291,1.);
#3291 = DIRECTION('',(-1.,0.));
#3292 = ( GEOMETRIC_REPRESENTATION_CONTEXT(2) 
PARAMETRIC_REPRESENTATION_CONTEXT() REPRESENTATION_CONTEXT('2D SPACE',''
  ) );
#3293 = PCURVE('',#2168,#3294);
#3294 = DEFINITIONAL_REPRESENTATION('',(#3295),#3299);
#3295 = LINE('',#3296,#3297);
#3296 = CARTESIAN_POINT('',(-7.25,-0.84782774476));
#3297 = VECTOR('',#3298,1.);
#3298 = DIRECTION('',(0.,-1.));
#3299 = ( GEOMETRIC_REPRESENTATION_CONTEXT(2) 
PARAMETRIC_REPRESENTATION_CONTEXT() REPRESENTATION_CONTEXT('2D SPACE',''
  ) );
#3300 = ORIENTED_EDGE('',*,*,#2236,.F.);
#3301 = ORIENTED_EDGE('',*,*,#3302,.F.);
#3302 = EDGE_CURVE('',#3303,#2209,#3305,.T.);
#3303 = VERTEX_POINT('',#3304);
#3304 = CARTESIAN_POINT('',(7.231176720227,5.340139108419,-2.));
#3305 = SURFACE_CURVE('',#3306,(#3311,#3318),.PCURVE_S1.);
#3306 = CIRCLE('',#3307,1.);
#3307 = AXIS2_PLACEMENT_3D('',#3308,#3309,#3310);
#3308 = CARTESIAN_POINT('',(6.364810377352,5.839548119085,-2.));
#3309 = DIRECTION('',(0.,0.,1.));
#3310 = DIRECTION('',(1.,0.,-0.));
#3311 = PCURVE('',#2250,#3312);
#3312 = DEFINITIONAL_REPRESENTATION('',(#3313),#3317);
#3313 = CIRCLE('',#3314,1.);
#3314 = AXIS2_PLACEMENT_2D('',#3315,#3316);
#3315 = CARTESIAN_POINT('',(0.,0.));
#3316 = DIRECTION('',(1.,0.));
#3317 = ( GEOMETRIC_REPRESENTATION_CONTEXT(2) 
PARAMETRIC_REPRESENTATION_CONTEXT() REPRESENTATION_CONTEXT('2D SPACE',''
  ) );
#3318 = PCURVE('',#2224,#3319);
#3319 = DEFINITIONAL_REPRESENTATION('',(#3320),#3324);
#3320 = LINE('',#3321,#3322);
#3321 = CARTESIAN_POINT('',(9.424777960769,4.));
#3322 = VECTOR('',#3323,1.);
#3323 = DIRECTION('',(-1.,0.));
#3324 = ( GEOMETRIC_REPRESENTATION_CONTEXT(2) 
PARAMETRIC_REPRESENTATION_CONTEXT() REPRESENTATION_CONTEXT('2D SPACE',''
  ) );
#3325 = ORIENTED_EDGE('',*,*,#3326,.F.);
#3326 = EDGE_CURVE('',#3327,#3303,#3329,.T.);
#3327 = VERTEX_POINT('',#3328);
#3328 = CARTESIAN_POINT('',(6.186650885597,3.528113277767,-2.));
#3329 = SURFACE_CURVE('',#3330,(#3334,#3341),.PCURVE_S1.);
#3330 = LINE('',#3331,#3332);
#3331 = CARTESIAN_POINT('',(5.922252701712,3.069439760183,-2.));
#3332 = VECTOR('',#3333,1.);
#3333 = DIRECTION('',(0.499409010665,0.866366342875,0.));
#3334 = PCURVE('',#2250,#3335);
#3335 = DEFINITIONAL_REPRESENTATION('',(#3336),#3340);
#3336 = LINE('',#3337,#3338);
#3337 = CARTESIAN_POINT('',(-0.44255767564,-2.770108358902));
#3338 = VECTOR('',#3339,1.);
#3339 = DIRECTION('',(0.499409010665,0.866366342875));
#3340 = ( GEOMETRIC_REPRESENTATION_CONTEXT(2) 
PARAMETRIC_REPRESENTATION_CONTEXT() REPRESENTATION_CONTEXT('2D SPACE',''
  ) );
#3341 = PCURVE('',#2876,#3342);
#3342 = DEFINITIONAL_REPRESENTATION('',(#3343),#3347);
#3343 = LINE('',#3344,#3345);
#3344 = CARTESIAN_POINT('',(-0.,-4.));
#3345 = VECTOR('',#3346,1.);
#3346 = DIRECTION('',(-1.,0.));
#3347 = ( GEOMETRIC_REPRESENTATION_CONTEXT(2) 
PARAMETRIC_REPRESENTATION_CONTEXT() REPRESENTATION_CONTEXT('2D SPACE',''
  ) );
#3348 = ORIENTED_EDGE('',*,*,#3349,.T.);
#3349 = EDGE_CURVE('',#3327,#3350,#3352,.T.);
#3350 = VERTEX_POINT('',#3351);
#3351 = CARTESIAN_POINT('',(6.071226272416,3.528113277767,-2.));
#3352 = SURFACE_CURVE('',#3353,(#3357,#3364),.PCURVE_S1.);
#3353 = LINE('',#3354,#3355);
#3354 = CARTESIAN_POINT('',(6.034972997868,3.528113277767,-2.));
#3355 = VECTOR('',#3356,1.);
#3356 = DIRECTION('',(-1.,0.,0.));
#3357 = PCURVE('',#2250,#3358);
#3358 = DEFINITIONAL_REPRESENTATION('',(#3359),#3363);
#3359 = LINE('',#3360,#3361);
#3360 = CARTESIAN_POINT('',(-0.329837379484,-2.311434841318));
#3361 = VECTOR('',#3362,1.);
#3362 = DIRECTION('',(-1.,0.));
#3363 = ( GEOMETRIC_REPRESENTATION_CONTEXT(2) 
PARAMETRIC_REPRESENTATION_CONTEXT() REPRESENTATION_CONTEXT('2D SPACE',''
  ) );
#3364 = PCURVE('',#2848,#3365);
#3365 = DEFINITIONAL_REPRESENTATION('',(#3366),#3370);
#3366 = LINE('',#3367,#3368);
#3367 = CARTESIAN_POINT('',(-25.83113496372,0.));
#3368 = VECTOR('',#3369,1.);
#3369 = DIRECTION('',(-0.,-1.));
#3370 = ( GEOMETRIC_REPRESENTATION_CONTEXT(2) 
PARAMETRIC_REPRESENTATION_CONTEXT() REPRESENTATION_CONTEXT('2D SPACE',''
  ) );
#3371 = ORIENTED_EDGE('',*,*,#3372,.T.);
#3372 = EDGE_CURVE('',#3350,#3373,#3375,.T.);
#3373 = VERTEX_POINT('',#3374);
#3374 = CARTESIAN_POINT('',(7.144540085939,5.390080009486,-2.));
#3375 = SURFACE_CURVE('',#3376,(#3380,#3387),.PCURVE_S1.);
#3376 = LINE('',#3377,#3378);
#3377 = CARTESIAN_POINT('',(5.835616067425,3.119380661249,-2.));
#3378 = VECTOR('',#3379,1.);
#3379 = DIRECTION('',(0.499409010665,0.866366342875,0.));
#3380 = PCURVE('',#2250,#3381);
#3381 = DEFINITIONAL_REPRESENTATION('',(#3382),#3386);
#3382 = LINE('',#3383,#3384);
#3383 = CARTESIAN_POINT('',(-0.529194309927,-2.720167457836));
#3384 = VECTOR('',#3385,1.);
#3385 = DIRECTION('',(0.499409010665,0.866366342875));
#3386 = ( GEOMETRIC_REPRESENTATION_CONTEXT(2) 
PARAMETRIC_REPRESENTATION_CONTEXT() REPRESENTATION_CONTEXT('2D SPACE',''
  ) );
#3387 = PCURVE('',#2820,#3388);
#3388 = DEFINITIONAL_REPRESENTATION('',(#3389),#3393);
#3389 = LINE('',#3390,#3391);
#3390 = CARTESIAN_POINT('',(-0.,-4.));
#3391 = VECTOR('',#3392,1.);
#3392 = DIRECTION('',(-1.,0.));
#3393 = ( GEOMETRIC_REPRESENTATION_CONTEXT(2) 
PARAMETRIC_REPRESENTATION_CONTEXT() REPRESENTATION_CONTEXT('2D SPACE',''
  ) );
#3394 = ORIENTED_EDGE('',*,*,#3395,.T.);
#3395 = EDGE_CURVE('',#3373,#3396,#3398,.T.);
#3396 = VERTEX_POINT('',#3397);
#3397 = CARTESIAN_POINT('',(7.240601183173,6.046889539067,-2.));
#3398 = SURFACE_CURVE('',#3399,(#3404,#3411),.PCURVE_S1.);
#3399 = CIRCLE('',#3400,0.9);
#3400 = AXIS2_PLACEMENT_3D('',#3401,#3402,#3403);
#3401 = CARTESIAN_POINT('',(6.364810377352,5.839548119085,-2.));
#3402 = DIRECTION('',(0.,0.,1.));
#3403 = DIRECTION('',(1.,0.,-0.));
#3404 = PCURVE('',#2250,#3405);
#3405 = DEFINITIONAL_REPRESENTATION('',(#3406),#3410);
#3406 = CIRCLE('',#3407,0.9);
#3407 = AXIS2_PLACEMENT_2D('',#3408,#3409);
#3408 = CARTESIAN_POINT('',(0.,0.));
#3409 = DIRECTION('',(1.,0.));
#3410 = ( GEOMETRIC_REPRESENTATION_CONTEXT(2) 
PARAMETRIC_REPRESENTATION_CONTEXT() REPRESENTATION_CONTEXT('2D SPACE',''
  ) );
#3411 = PCURVE('',#2792,#3412);
#3412 = DEFINITIONAL_REPRESENTATION('',(#3413),#3417);
#3413 = LINE('',#3414,#3415);
#3414 = CARTESIAN_POINT('',(9.424777960769,4.));
#3415 = VECTOR('',#3416,1.);
#3416 = DIRECTION('',(-1.,0.));
#3417 = ( GEOMETRIC_REPRESENTATION_CONTEXT(2) 
PARAMETRIC_REPRESENTATION_CONTEXT() REPRESENTATION_CONTEXT('2D SPACE',''
  ) );
#3418 = ORIENTED_EDGE('',*,*,#3419,.T.);
#3419 = EDGE_CURVE('',#3396,#3420,#3422,.T.);
#3420 = VERTEX_POINT('',#3421);
#3421 = CARTESIAN_POINT('',(6.534356775463,9.03,-2.));
#3422 = SURFACE_CURVE('',#3423,(#3427,#3434),.PCURVE_S1.);
#3423 = LINE('',#3424,#3425);
#3424 = CARTESIAN_POINT('',(7.240601183173,6.046889539067,-2.));
#3425 = VECTOR('',#3426,1.);
#3426 = DIRECTION('',(-0.230379355536,0.973100895356,0.));
#3427 = PCURVE('',#2250,#3428);
#3428 = DEFINITIONAL_REPRESENTATION('',(#3429),#3433);
#3429 = LINE('',#3430,#3431);
#3430 = CARTESIAN_POINT('',(0.87579080582,0.207341419983));
#3431 = VECTOR('',#3432,1.);
#3432 = DIRECTION('',(-0.230379355536,0.973100895356));
#3433 = ( GEOMETRIC_REPRESENTATION_CONTEXT(2) 
PARAMETRIC_REPRESENTATION_CONTEXT() REPRESENTATION_CONTEXT('2D SPACE',''
  ) );
#3434 = PCURVE('',#2763,#3435);
#3435 = DEFINITIONAL_REPRESENTATION('',(#3436),#3440);
#3436 = LINE('',#3437,#3438);
#3437 = CARTESIAN_POINT('',(0.,-4.));
#3438 = VECTOR('',#3439,1.);
#3439 = DIRECTION('',(-1.,0.));
#3440 = ( GEOMETRIC_REPRESENTATION_CONTEXT(2) 
PARAMETRIC_REPRESENTATION_CONTEXT() REPRESENTATION_CONTEXT('2D SPACE',''
  ) );
#3441 = ORIENTED_EDGE('',*,*,#3442,.T.);
#3442 = EDGE_CURVE('',#3420,#2434,#3443,.T.);
#3443 = SURFACE_CURVE('',#3444,(#3448,#3455),.PCURVE_S1.);
#3444 = LINE('',#3445,#3446);
#3445 = CARTESIAN_POINT('',(0.,9.03,-2.));
#3446 = VECTOR('',#3447,1.);
#3447 = DIRECTION('',(1.,0.,0.));
#3448 = PCURVE('',#2250,#3449);
#3449 = DEFINITIONAL_REPRESENTATION('',(#3450),#3454);
#3450 = LINE('',#3451,#3452);
#3451 = CARTESIAN_POINT('',(-6.364810377352,3.190451880915));
#3452 = VECTOR('',#3453,1.);
#3453 = DIRECTION('',(1.,0.));
#3454 = ( GEOMETRIC_REPRESENTATION_CONTEXT(2) 
PARAMETRIC_REPRESENTATION_CONTEXT() REPRESENTATION_CONTEXT('2D SPACE',''
  ) );
#3455 = PCURVE('',#2130,#3456);
#3456 = DEFINITIONAL_REPRESENTATION('',(#3457),#3461);
#3457 = LINE('',#3458,#3459);
#3458 = CARTESIAN_POINT('',(-2.,0.));
#3459 = VECTOR('',#3460,1.);
#3460 = DIRECTION('',(0.,1.));
#3461 = ( GEOMETRIC_REPRESENTATION_CONTEXT(2) 
PARAMETRIC_REPRESENTATION_CONTEXT() REPRESENTATION_CONTEXT('2D SPACE',''
  ) );
#3462 = ADVANCED_FACE('',(#3463),#3477,.F.);
#3463 = FACE_BOUND('',#3464,.T.);
#3464 = EDGE_LOOP('',(#3465,#3500,#3528,#3556));
#3465 = ORIENTED_EDGE('',*,*,#3466,.F.);
#3466 = EDGE_CURVE('',#3467,#3469,#3471,.T.);
#3467 = VERTEX_POINT('',#3468);
#3468 = CARTESIAN_POINT('',(-6.3,-0.5,-2.));
#3469 = VERTEX_POINT('',#3470);
#3470 = CARTESIAN_POINT('',(-3.7,-0.5,-2.));
#3471 = SURFACE_CURVE('',#3472,(#3476,#3488),.PCURVE_S1.);
#3472 = LINE('',#3473,#3474);
#3473 = CARTESIAN_POINT('',(-5.,-0.5,-2.));
#3474 = VECTOR('',#3475,1.);
#3475 = DIRECTION('',(1.,-0.,0.));
#3476 = PCURVE('',#3477,#3482);
#3477 = PLANE('',#3478);
#3478 = AXIS2_PLACEMENT_3D('',#3479,#3480,#3481);
#3479 = CARTESIAN_POINT('',(-5.,-0.5,0.));
#3480 = DIRECTION('',(0.,1.,0.));
#3481 = DIRECTION('',(0.,-0.,1.));
#3482 = DEFINITIONAL_REPRESENTATION('',(#3483),#3487);
#3483 = LINE('',#3484,#3485);
#3484 = CARTESIAN_POINT('',(-2.,0.));
#3485 = VECTOR('',#3486,1.);
#3486 = DIRECTION('',(0.,1.));
#3487 = ( GEOMETRIC_REPRESENTATION_CONTEXT(2) 
PARAMETRIC_REPRESENTATION_CONTEXT() REPRESENTATION_CONTEXT('2D SPACE',''
  ) );
#3488 = PCURVE('',#3489,#3494);
#3489 = PLANE('',#3490);
#3490 = AXIS2_PLACEMENT_3D('',#3491,#3492,#3493);
#3491 = CARTESIAN_POINT('',(-6.3,-17.64074417675,-2.));
#3492 = DIRECTION('',(-0.,0.,1.));
#3493 = DIRECTION('',(1.,0.,0.));
#3494 = DEFINITIONAL_REPRESENTATION('',(#3495),#3499);
#3495 = LINE('',#3496,#3497);
#3496 = CARTESIAN_POINT('',(1.3,17.140744176751));
#3497 = VECTOR('',#3498,1.);
#3498 = DIRECTION('',(1.,0.));
#3499 = ( GEOMETRIC_REPRESENTATION_CONTEXT(2) 
PARAMETRIC_REPRESENTATION_CONTEXT() REPRESENTATION_CONTEXT('2D SPACE',''
  ) );
#3500 = ORIENTED_EDGE('',*,*,#3501,.T.);
#3501 = EDGE_CURVE('',#3467,#3502,#3504,.T.);
#3502 = VERTEX_POINT('',#3503);
#3503 = CARTESIAN_POINT('',(-6.3,-0.5,-3.45));
#3504 = SURFACE_CURVE('',#3505,(#3509,#3516),.PCURVE_S1.);
#3505 = LINE('',#3506,#3507);
#3506 = CARTESIAN_POINT('',(-6.3,-0.5,3.45));
#3507 = VECTOR('',#3508,1.);
#3508 = DIRECTION('',(-6.285229985423E-17,0.,-1.));
#3509 = PCURVE('',#3477,#3510);
#3510 = DEFINITIONAL_REPRESENTATION('',(#3511),#3515);
#3511 = LINE('',#3512,#3513);
#3512 = CARTESIAN_POINT('',(3.45,-1.3));
#3513 = VECTOR('',#3514,1.);
#3514 = DIRECTION('',(-1.,-6.285229985423E-17));
#3515 = ( GEOMETRIC_REPRESENTATION_CONTEXT(2) 
PARAMETRIC_REPRESENTATION_CONTEXT() REPRESENTATION_CONTEXT('2D SPACE',''
  ) );
#3516 = PCURVE('',#3517,#3522);
#3517 = PLANE('',#3518);
#3518 = AXIS2_PLACEMENT_3D('',#3519,#3520,#3521);
#3519 = CARTESIAN_POINT('',(-6.3,-0.5,3.45));
#3520 = DIRECTION('',(1.,0.,-6.285229985423E-17));
#3521 = DIRECTION('',(-6.285229985423E-17,0.,-1.));
#3522 = DEFINITIONAL_REPRESENTATION('',(#3523),#3527);
#3523 = LINE('',#3524,#3525);
#3524 = CARTESIAN_POINT('',(0.,0.));
#3525 = VECTOR('',#3526,1.);
#3526 = DIRECTION('',(1.,0.));
#3527 = ( GEOMETRIC_REPRESENTATION_CONTEXT(2) 
PARAMETRIC_REPRESENTATION_CONTEXT() REPRESENTATION_CONTEXT('2D SPACE',''
  ) );
#3528 = ORIENTED_EDGE('',*,*,#3529,.T.);
#3529 = EDGE_CURVE('',#3502,#3530,#3532,.T.);
#3530 = VERTEX_POINT('',#3531);
#3531 = CARTESIAN_POINT('',(-3.7,-0.5,-3.45));
#3532 = SURFACE_CURVE('',#3533,(#3537,#3544),.PCURVE_S1.);
#3533 = LINE('',#3534,#3535);
#3534 = CARTESIAN_POINT('',(-3.7,-0.5,-3.45));
#3535 = VECTOR('',#3536,1.);
#3536 = DIRECTION('',(1.,-0.,1.668003342285E-16));
#3537 = PCURVE('',#3477,#3538);
#3538 = DEFINITIONAL_REPRESENTATION('',(#3539),#3543);
#3539 = LINE('',#3540,#3541);
#3540 = CARTESIAN_POINT('',(-3.45,1.3));
#3541 = VECTOR('',#3542,1.);
#3542 = DIRECTION('',(1.668003342285E-16,1.));
#3543 = ( GEOMETRIC_REPRESENTATION_CONTEXT(2) 
PARAMETRIC_REPRESENTATION_CONTEXT() REPRESENTATION_CONTEXT('2D SPACE',''
  ) );
#3544 = PCURVE('',#3545,#3550);
#3545 = PLANE('',#3546);
#3546 = AXIS2_PLACEMENT_3D('',#3547,#3548,#3549);
#3547 = CARTESIAN_POINT('',(-3.7,-0.5,-3.45));
#3548 = DIRECTION('',(-1.668003342285E-16,0.,1.));
#3549 = DIRECTION('',(1.,0.,1.668003342285E-16));
#3550 = DEFINITIONAL_REPRESENTATION('',(#3551),#3555);
#3551 = LINE('',#3552,#3553);
#3552 = CARTESIAN_POINT('',(0.,0.));
#3553 = VECTOR('',#3554,1.);
#3554 = DIRECTION('',(1.,0.));
#3555 = ( GEOMETRIC_REPRESENTATION_CONTEXT(2) 
PARAMETRIC_REPRESENTATION_CONTEXT() REPRESENTATION_CONTEXT('2D SPACE',''
  ) );
#3556 = ORIENTED_EDGE('',*,*,#3557,.T.);
#3557 = EDGE_CURVE('',#3530,#3469,#3558,.T.);
#3558 = SURFACE_CURVE('',#3559,(#3563,#3570),.PCURVE_S1.);
#3559 = LINE('',#3560,#3561);
#3560 = CARTESIAN_POINT('',(-3.7,-0.5,3.45));
#3561 = VECTOR('',#3562,1.);
#3562 = DIRECTION('',(1.257045997085E-16,-0.,1.));
#3563 = PCURVE('',#3477,#3564);
#3564 = DEFINITIONAL_REPRESENTATION('',(#3565),#3569);
#3565 = LINE('',#3566,#3567);
#3566 = CARTESIAN_POINT('',(3.45,1.3));
#3567 = VECTOR('',#3568,1.);
#3568 = DIRECTION('',(1.,1.257045997085E-16));
#3569 = ( GEOMETRIC_REPRESENTATION_CONTEXT(2) 
PARAMETRIC_REPRESENTATION_CONTEXT() REPRESENTATION_CONTEXT('2D SPACE',''
  ) );
#3570 = PCURVE('',#3571,#3576);
#3571 = PLANE('',#3572);
#3572 = AXIS2_PLACEMENT_3D('',#3573,#3574,#3575);
#3573 = CARTESIAN_POINT('',(-3.7,-0.5,3.45));
#3574 = DIRECTION('',(-1.,0.,1.257045997085E-16));
#3575 = DIRECTION('',(1.257045997085E-16,0.,1.));
#3576 = DEFINITIONAL_REPRESENTATION('',(#3577),#3581);
#3577 = LINE('',#3578,#3579);
#3578 = CARTESIAN_POINT('',(0.,0.));
#3579 = VECTOR('',#3580,1.);
#3580 = DIRECTION('',(1.,0.));
#3581 = ( GEOMETRIC_REPRESENTATION_CONTEXT(2) 
PARAMETRIC_REPRESENTATION_CONTEXT() REPRESENTATION_CONTEXT('2D SPACE',''
  ) );
#3582 = ADVANCED_FACE('',(#3583),#3597,.F.);
#3583 = FACE_BOUND('',#3584,.T.);
#3584 = EDGE_LOOP('',(#3585,#3620,#3643,#3671));
#3585 = ORIENTED_EDGE('',*,*,#3586,.F.);
#3586 = EDGE_CURVE('',#3587,#3589,#3591,.T.);
#3587 = VERTEX_POINT('',#3588);
#3588 = CARTESIAN_POINT('',(-3.7,-0.5,2.));
#3589 = VERTEX_POINT('',#3590);
#3590 = CARTESIAN_POINT('',(-6.3,-0.5,2.));
#3591 = SURFACE_CURVE('',#3592,(#3596,#3608),.PCURVE_S1.);
#3592 = LINE('',#3593,#3594);
#3593 = CARTESIAN_POINT('',(-5.,-0.5,2.));
#3594 = VECTOR('',#3595,1.);
#3595 = DIRECTION('',(-1.,0.,1.668003342285E-16));
#3596 = PCURVE('',#3597,#3602);
#3597 = PLANE('',#3598);
#3598 = AXIS2_PLACEMENT_3D('',#3599,#3600,#3601);
#3599 = CARTESIAN_POINT('',(-5.,-0.5,0.));
#3600 = DIRECTION('',(0.,1.,0.));
#3601 = DIRECTION('',(0.,-0.,1.));
#3602 = DEFINITIONAL_REPRESENTATION('',(#3603),#3607);
#3603 = LINE('',#3604,#3605);
#3604 = CARTESIAN_POINT('',(2.,0.));
#3605 = VECTOR('',#3606,1.);
#3606 = DIRECTION('',(1.668003342285E-16,-1.));
#3607 = ( GEOMETRIC_REPRESENTATION_CONTEXT(2) 
PARAMETRIC_REPRESENTATION_CONTEXT() REPRESENTATION_CONTEXT('2D SPACE',''
  ) );
#3608 = PCURVE('',#3609,#3614);
#3609 = PLANE('',#3610);
#3610 = AXIS2_PLACEMENT_3D('',#3611,#3612,#3613);
#3611 = CARTESIAN_POINT('',(-6.3,-17.64074417675,2.));
#3612 = DIRECTION('',(-1.668003342285E-16,0.,-1.));
#3613 = DIRECTION('',(-1.,0.,1.668003342285E-16));
#3614 = DEFINITIONAL_REPRESENTATION('',(#3615),#3619);
#3615 = LINE('',#3616,#3617);
#3616 = CARTESIAN_POINT('',(-1.3,17.140744176751));
#3617 = VECTOR('',#3618,1.);
#3618 = DIRECTION('',(1.,0.));
#3619 = ( GEOMETRIC_REPRESENTATION_CONTEXT(2) 
PARAMETRIC_REPRESENTATION_CONTEXT() REPRESENTATION_CONTEXT('2D SPACE',''
  ) );
#3620 = ORIENTED_EDGE('',*,*,#3621,.T.);
#3621 = EDGE_CURVE('',#3587,#3622,#3624,.T.);
#3622 = VERTEX_POINT('',#3623);
#3623 = CARTESIAN_POINT('',(-3.7,-0.5,3.45));
#3624 = SURFACE_CURVE('',#3625,(#3629,#3636),.PCURVE_S1.);
#3625 = LINE('',#3626,#3627);
#3626 = CARTESIAN_POINT('',(-3.7,-0.5,3.45));
#3627 = VECTOR('',#3628,1.);
#3628 = DIRECTION('',(1.257045997085E-16,-0.,1.));
#3629 = PCURVE('',#3597,#3630);
#3630 = DEFINITIONAL_REPRESENTATION('',(#3631),#3635);
#3631 = LINE('',#3632,#3633);
#3632 = CARTESIAN_POINT('',(3.45,1.3));
#3633 = VECTOR('',#3634,1.);
#3634 = DIRECTION('',(1.,1.257045997085E-16));
#3635 = ( GEOMETRIC_REPRESENTATION_CONTEXT(2) 
PARAMETRIC_REPRESENTATION_CONTEXT() REPRESENTATION_CONTEXT('2D SPACE',''
  ) );
#3636 = PCURVE('',#3571,#3637);
#3637 = DEFINITIONAL_REPRESENTATION('',(#3638),#3642);
#3638 = LINE('',#3639,#3640);
#3639 = CARTESIAN_POINT('',(0.,0.));
#3640 = VECTOR('',#3641,1.);
#3641 = DIRECTION('',(1.,0.));
#3642 = ( GEOMETRIC_REPRESENTATION_CONTEXT(2) 
PARAMETRIC_REPRESENTATION_CONTEXT() REPRESENTATION_CONTEXT('2D SPACE',''
  ) );
#3643 = ORIENTED_EDGE('',*,*,#3644,.T.);
#3644 = EDGE_CURVE('',#3622,#3645,#3647,.T.);
#3645 = VERTEX_POINT('',#3646);
#3646 = CARTESIAN_POINT('',(-6.3,-0.5,3.45));
#3647 = SURFACE_CURVE('',#3648,(#3652,#3659),.PCURVE_S1.);
#3648 = LINE('',#3649,#3650);
#3649 = CARTESIAN_POINT('',(-3.7,-0.5,3.45));
#3650 = VECTOR('',#3651,1.);
#3651 = DIRECTION('',(-1.,0.,-3.336006684571E-16));
#3652 = PCURVE('',#3597,#3653);
#3653 = DEFINITIONAL_REPRESENTATION('',(#3654),#3658);
#3654 = LINE('',#3655,#3656);
#3655 = CARTESIAN_POINT('',(3.45,1.3));
#3656 = VECTOR('',#3657,1.);
#3657 = DIRECTION('',(-3.336006684571E-16,-1.));
#3658 = ( GEOMETRIC_REPRESENTATION_CONTEXT(2) 
PARAMETRIC_REPRESENTATION_CONTEXT() REPRESENTATION_CONTEXT('2D SPACE',''
  ) );
#3659 = PCURVE('',#3660,#3665);
#3660 = PLANE('',#3661);
#3661 = AXIS2_PLACEMENT_3D('',#3662,#3663,#3664);
#3662 = CARTESIAN_POINT('',(-3.7,-0.5,3.45));
#3663 = DIRECTION('',(3.336006684571E-16,0.,-1.));
#3664 = DIRECTION('',(-1.,0.,-3.336006684571E-16));
#3665 = DEFINITIONAL_REPRESENTATION('',(#3666),#3670);
#3666 = LINE('',#3667,#3668);
#3667 = CARTESIAN_POINT('',(0.,0.));
#3668 = VECTOR('',#3669,1.);
#3669 = DIRECTION('',(1.,0.));
#3670 = ( GEOMETRIC_REPRESENTATION_CONTEXT(2) 
PARAMETRIC_REPRESENTATION_CONTEXT() REPRESENTATION_CONTEXT('2D SPACE',''
  ) );
#3671 = ORIENTED_EDGE('',*,*,#3672,.T.);
#3672 = EDGE_CURVE('',#3645,#3589,#3673,.T.);
#3673 = SURFACE_CURVE('',#3674,(#3678,#3685),.PCURVE_S1.);
#3674 = LINE('',#3675,#3676);
#3675 = CARTESIAN_POINT('',(-6.3,-0.5,3.45));
#3676 = VECTOR('',#3677,1.);
#3677 = DIRECTION('',(-6.285229985423E-17,0.,-1.));
#3678 = PCURVE('',#3597,#3679);
#3679 = DEFINITIONAL_REPRESENTATION('',(#3680),#3684);
#3680 = LINE('',#3681,#3682);
#3681 = CARTESIAN_POINT('',(3.45,-1.3));
#3682 = VECTOR('',#3683,1.);
#3683 = DIRECTION('',(-1.,-6.285229985423E-17));
#3684 = ( GEOMETRIC_REPRESENTATION_CONTEXT(2) 
PARAMETRIC_REPRESENTATION_CONTEXT() REPRESENTATION_CONTEXT('2D SPACE',''
  ) );
#3685 = PCURVE('',#3517,#3686);
#3686 = DEFINITIONAL_REPRESENTATION('',(#3687),#3691);
#3687 = LINE('',#3688,#3689);
#3688 = CARTESIAN_POINT('',(0.,0.));
#3689 = VECTOR('',#3690,1.);
#3690 = DIRECTION('',(1.,0.));
#3691 = ( GEOMETRIC_REPRESENTATION_CONTEXT(2) 
PARAMETRIC_REPRESENTATION_CONTEXT() REPRESENTATION_CONTEXT('2D SPACE',''
  ) );
#3692 = ADVANCED_FACE('',(#3693),#3707,.F.);
#3693 = FACE_BOUND('',#3694,.T.);
#3694 = EDGE_LOOP('',(#3695,#3730,#3758,#3786));
#3695 = ORIENTED_EDGE('',*,*,#3696,.F.);
#3696 = EDGE_CURVE('',#3697,#3699,#3701,.T.);
#3697 = VERTEX_POINT('',#3698);
#3698 = CARTESIAN_POINT('',(3.7,-0.5,-2.));
#3699 = VERTEX_POINT('',#3700);
#3700 = CARTESIAN_POINT('',(6.3,-0.5,-2.));
#3701 = SURFACE_CURVE('',#3702,(#3706,#3718),.PCURVE_S1.);
#3702 = LINE('',#3703,#3704);
#3703 = CARTESIAN_POINT('',(5.,-0.5,-2.));
#3704 = VECTOR('',#3705,1.);
#3705 = DIRECTION('',(1.,-0.,0.));
#3706 = PCURVE('',#3707,#3712);
#3707 = PLANE('',#3708);
#3708 = AXIS2_PLACEMENT_3D('',#3709,#3710,#3711);
#3709 = CARTESIAN_POINT('',(5.,-0.5,0.));
#3710 = DIRECTION('',(0.,1.,0.));
#3711 = DIRECTION('',(0.,-0.,1.));
#3712 = DEFINITIONAL_REPRESENTATION('',(#3713),#3717);
#3713 = LINE('',#3714,#3715);
#3714 = CARTESIAN_POINT('',(-2.,0.));
#3715 = VECTOR('',#3716,1.);
#3716 = DIRECTION('',(0.,1.));
#3717 = ( GEOMETRIC_REPRESENTATION_CONTEXT(2) 
PARAMETRIC_REPRESENTATION_CONTEXT() REPRESENTATION_CONTEXT('2D SPACE',''
  ) );
#3718 = PCURVE('',#3719,#3724);
#3719 = PLANE('',#3720);
#3720 = AXIS2_PLACEMENT_3D('',#3721,#3722,#3723);
#3721 = CARTESIAN_POINT('',(3.7,-17.64074417675,-2.));
#3722 = DIRECTION('',(-0.,0.,1.));
#3723 = DIRECTION('',(1.,0.,0.));
#3724 = DEFINITIONAL_REPRESENTATION('',(#3725),#3729);
#3725 = LINE('',#3726,#3727);
#3726 = CARTESIAN_POINT('',(1.3,17.140744176751));
#3727 = VECTOR('',#3728,1.);
#3728 = DIRECTION('',(1.,0.));
#3729 = ( GEOMETRIC_REPRESENTATION_CONTEXT(2) 
PARAMETRIC_REPRESENTATION_CONTEXT() REPRESENTATION_CONTEXT('2D SPACE',''
  ) );
#3730 = ORIENTED_EDGE('',*,*,#3731,.T.);
#3731 = EDGE_CURVE('',#3697,#3732,#3734,.T.);
#3732 = VERTEX_POINT('',#3733);
#3733 = CARTESIAN_POINT('',(3.7,-0.5,-3.45));
#3734 = SURFACE_CURVE('',#3735,(#3739,#3746),.PCURVE_S1.);
#3735 = LINE('',#3736,#3737);
#3736 = CARTESIAN_POINT('',(3.7,-0.5,3.45));
#3737 = VECTOR('',#3738,1.);
#3738 = DIRECTION('',(-6.285229985423E-17,0.,-1.));
#3739 = PCURVE('',#3707,#3740);
#3740 = DEFINITIONAL_REPRESENTATION('',(#3741),#3745);
#3741 = LINE('',#3742,#3743);
#3742 = CARTESIAN_POINT('',(3.45,-1.3));
#3743 = VECTOR('',#3744,1.);
#3744 = DIRECTION('',(-1.,-6.285229985423E-17));
#3745 = ( GEOMETRIC_REPRESENTATION_CONTEXT(2) 
PARAMETRIC_REPRESENTATION_CONTEXT() REPRESENTATION_CONTEXT('2D SPACE',''
  ) );
#3746 = PCURVE('',#3747,#3752);
#3747 = PLANE('',#3748);
#3748 = AXIS2_PLACEMENT_3D('',#3749,#3750,#3751);
#3749 = CARTESIAN_POINT('',(3.7,-0.5,3.45));
#3750 = DIRECTION('',(1.,0.,-6.285229985423E-17));
#3751 = DIRECTION('',(-6.285229985423E-17,0.,-1.));
#3752 = DEFINITIONAL_REPRESENTATION('',(#3753),#3757);
#3753 = LINE('',#3754,#3755);
#3754 = CARTESIAN_POINT('',(0.,0.));
#3755 = VECTOR('',#3756,1.);
#3756 = DIRECTION('',(1.,0.));
#3757 = ( GEOMETRIC_REPRESENTATION_CONTEXT(2) 
PARAMETRIC_REPRESENTATION_CONTEXT() REPRESENTATION_CONTEXT('2D SPACE',''
  ) );
#3758 = ORIENTED_EDGE('',*,*,#3759,.T.);
#3759 = EDGE_CURVE('',#3732,#3760,#3762,.T.);
#3760 = VERTEX_POINT('',#3761);
#3761 = CARTESIAN_POINT('',(6.3,-0.5,-3.45));
#3762 = SURFACE_CURVE('',#3763,(#3767,#3774),.PCURVE_S1.);
#3763 = LINE('',#3764,#3765);
#3764 = CARTESIAN_POINT('',(6.3,-0.5,-3.45));
#3765 = VECTOR('',#3766,1.);
#3766 = DIRECTION('',(1.,-0.,1.668003342285E-16));
#3767 = PCURVE('',#3707,#3768);
#3768 = DEFINITIONAL_REPRESENTATION('',(#3769),#3773);
#3769 = LINE('',#3770,#3771);
#3770 = CARTESIAN_POINT('',(-3.45,1.3));
#3771 = VECTOR('',#3772,1.);
#3772 = DIRECTION('',(1.668003342285E-16,1.));
#3773 = ( GEOMETRIC_REPRESENTATION_CONTEXT(2) 
PARAMETRIC_REPRESENTATION_CONTEXT() REPRESENTATION_CONTEXT('2D SPACE',''
  ) );
#3774 = PCURVE('',#3775,#3780);
#3775 = PLANE('',#3776);
#3776 = AXIS2_PLACEMENT_3D('',#3777,#3778,#3779);
#3777 = CARTESIAN_POINT('',(6.3,-0.5,-3.45));
#3778 = DIRECTION('',(-1.668003342285E-16,0.,1.));
#3779 = DIRECTION('',(1.,0.,1.668003342285E-16));
#3780 = DEFINITIONAL_REPRESENTATION('',(#3781),#3785);
#3781 = LINE('',#3782,#3783);
#3782 = CARTESIAN_POINT('',(0.,0.));
#3783 = VECTOR('',#3784,1.);
#3784 = DIRECTION('',(1.,0.));
#3785 = ( GEOMETRIC_REPRESENTATION_CONTEXT(2) 
PARAMETRIC_REPRESENTATION_CONTEXT() REPRESENTATION_CONTEXT('2D SPACE',''
  ) );
#3786 = ORIENTED_EDGE('',*,*,#3787,.T.);
#3787 = EDGE_CURVE('',#3760,#3699,#3788,.T.);
#3788 = SURFACE_CURVE('',#3789,(#3793,#3800),.PCURVE_S1.);
#3789 = LINE('',#3790,#3791);
#3790 = CARTESIAN_POINT('',(6.3,-0.5,3.45));
#3791 = VECTOR('',#3792,1.);
#3792 = DIRECTION('',(1.257045997085E-16,-0.,1.));
#3793 = PCURVE('',#3707,#3794);
#3794 = DEFINITIONAL_REPRESENTATION('',(#3795),#3799);
#3795 = LINE('',#3796,#3797);
#3796 = CARTESIAN_POINT('',(3.45,1.3));
#3797 = VECTOR('',#3798,1.);
#3798 = DIRECTION('',(1.,1.257045997085E-16));
#3799 = ( GEOMETRIC_REPRESENTATION_CONTEXT(2) 
PARAMETRIC_REPRESENTATION_CONTEXT() REPRESENTATION_CONTEXT('2D SPACE',''
  ) );
#3800 = PCURVE('',#3801,#3806);
#3801 = PLANE('',#3802);
#3802 = AXIS2_PLACEMENT_3D('',#3803,#3804,#3805);
#3803 = CARTESIAN_POINT('',(6.3,-0.5,3.45));
#3804 = DIRECTION('',(-1.,0.,1.257045997085E-16));
#3805 = DIRECTION('',(1.257045997085E-16,0.,1.));
#3806 = DEFINITIONAL_REPRESENTATION('',(#3807),#3811);
#3807 = LINE('',#3808,#3809);
#3808 = CARTESIAN_POINT('',(0.,0.));
#3809 = VECTOR('',#3810,1.);
#3810 = DIRECTION('',(1.,0.));
#3811 = ( GEOMETRIC_REPRESENTATION_CONTEXT(2) 
PARAMETRIC_REPRESENTATION_CONTEXT() REPRESENTATION_CONTEXT('2D SPACE',''
  ) );
#3812 = ADVANCED_FACE('',(#3813),#3827,.F.);
#3813 = FACE_BOUND('',#3814,.T.);
#3814 = EDGE_LOOP('',(#3815,#3850,#3873,#3901));
#3815 = ORIENTED_EDGE('',*,*,#3816,.F.);
#3816 = EDGE_CURVE('',#3817,#3819,#3821,.T.);
#3817 = VERTEX_POINT('',#3818);
#3818 = CARTESIAN_POINT('',(6.3,-0.5,2.));
#3819 = VERTEX_POINT('',#3820);
#3820 = CARTESIAN_POINT('',(3.7,-0.5,2.));
#3821 = SURFACE_CURVE('',#3822,(#3826,#3838),.PCURVE_S1.);
#3822 = LINE('',#3823,#3824);
#3823 = CARTESIAN_POINT('',(5.,-0.5,2.));
#3824 = VECTOR('',#3825,1.);
#3825 = DIRECTION('',(-1.,0.,1.668003342285E-16));
#3826 = PCURVE('',#3827,#3832);
#3827 = PLANE('',#3828);
#3828 = AXIS2_PLACEMENT_3D('',#3829,#3830,#3831);
#3829 = CARTESIAN_POINT('',(5.,-0.5,0.));
#3830 = DIRECTION('',(0.,1.,0.));
#3831 = DIRECTION('',(0.,-0.,1.));
#3832 = DEFINITIONAL_REPRESENTATION('',(#3833),#3837);
#3833 = LINE('',#3834,#3835);
#3834 = CARTESIAN_POINT('',(2.,0.));
#3835 = VECTOR('',#3836,1.);
#3836 = DIRECTION('',(1.668003342285E-16,-1.));
#3837 = ( GEOMETRIC_REPRESENTATION_CONTEXT(2) 
PARAMETRIC_REPRESENTATION_CONTEXT() REPRESENTATION_CONTEXT('2D SPACE',''
  ) );
#3838 = PCURVE('',#3839,#3844);
#3839 = PLANE('',#3840);
#3840 = AXIS2_PLACEMENT_3D('',#3841,#3842,#3843);
#3841 = CARTESIAN_POINT('',(3.7,-17.64074417675,2.));
#3842 = DIRECTION('',(-1.668003342285E-16,0.,-1.));
#3843 = DIRECTION('',(-1.,0.,1.668003342285E-16));
#3844 = DEFINITIONAL_REPRESENTATION('',(#3845),#3849);
#3845 = LINE('',#3846,#3847);
#3846 = CARTESIAN_POINT('',(-1.3,17.140744176751));
#3847 = VECTOR('',#3848,1.);
#3848 = DIRECTION('',(1.,0.));
#3849 = ( GEOMETRIC_REPRESENTATION_CONTEXT(2) 
PARAMETRIC_REPRESENTATION_CONTEXT() REPRESENTATION_CONTEXT('2D SPACE',''
  ) );
#3850 = ORIENTED_EDGE('',*,*,#3851,.T.);
#3851 = EDGE_CURVE('',#3817,#3852,#3854,.T.);
#3852 = VERTEX_POINT('',#3853);
#3853 = CARTESIAN_POINT('',(6.3,-0.5,3.45));
#3854 = SURFACE_CURVE('',#3855,(#3859,#3866),.PCURVE_S1.);
#3855 = LINE('',#3856,#3857);
#3856 = CARTESIAN_POINT('',(6.3,-0.5,3.45));
#3857 = VECTOR('',#3858,1.);
#3858 = DIRECTION('',(1.257045997085E-16,-0.,1.));
#3859 = PCURVE('',#3827,#3860);
#3860 = DEFINITIONAL_REPRESENTATION('',(#3861),#3865);
#3861 = LINE('',#3862,#3863);
#3862 = CARTESIAN_POINT('',(3.45,1.3));
#3863 = VECTOR('',#3864,1.);
#3864 = DIRECTION('',(1.,1.257045997085E-16));
#3865 = ( GEOMETRIC_REPRESENTATION_CONTEXT(2) 
PARAMETRIC_REPRESENTATION_CONTEXT() REPRESENTATION_CONTEXT('2D SPACE',''
  ) );
#3866 = PCURVE('',#3801,#3867);
#3867 = DEFINITIONAL_REPRESENTATION('',(#3868),#3872);
#3868 = LINE('',#3869,#3870);
#3869 = CARTESIAN_POINT('',(0.,0.));
#3870 = VECTOR('',#3871,1.);
#3871 = DIRECTION('',(1.,0.));
#3872 = ( GEOMETRIC_REPRESENTATION_CONTEXT(2) 
PARAMETRIC_REPRESENTATION_CONTEXT() REPRESENTATION_CONTEXT('2D SPACE',''
  ) );
#3873 = ORIENTED_EDGE('',*,*,#3874,.T.);
#3874 = EDGE_CURVE('',#3852,#3875,#3877,.T.);
#3875 = VERTEX_POINT('',#3876);
#3876 = CARTESIAN_POINT('',(3.7,-0.5,3.45));
#3877 = SURFACE_CURVE('',#3878,(#3882,#3889),.PCURVE_S1.);
#3878 = LINE('',#3879,#3880);
#3879 = CARTESIAN_POINT('',(6.3,-0.5,3.45));
#3880 = VECTOR('',#3881,1.);
#3881 = DIRECTION('',(-1.,0.,-3.336006684571E-16));
#3882 = PCURVE('',#3827,#3883);
#3883 = DEFINITIONAL_REPRESENTATION('',(#3884),#3888);
#3884 = LINE('',#3885,#3886);
#3885 = CARTESIAN_POINT('',(3.45,1.3));
#3886 = VECTOR('',#3887,1.);
#3887 = DIRECTION('',(-3.336006684571E-16,-1.));
#3888 = ( GEOMETRIC_REPRESENTATION_CONTEXT(2) 
PARAMETRIC_REPRESENTATION_CONTEXT() REPRESENTATION_CONTEXT('2D SPACE',''
  ) );
#3889 = PCURVE('',#3890,#3895);
#3890 = PLANE('',#3891);
#3891 = AXIS2_PLACEMENT_3D('',#3892,#3893,#3894);
#3892 = CARTESIAN_POINT('',(6.3,-0.5,3.45));
#3893 = DIRECTION('',(3.336006684571E-16,0.,-1.));
#3894 = DIRECTION('',(-1.,0.,-3.336006684571E-16));
#3895 = DEFINITIONAL_REPRESENTATION('',(#3896),#3900);
#3896 = LINE('',#3897,#3898);
#3897 = CARTESIAN_POINT('',(0.,0.));
#3898 = VECTOR('',#3899,1.);
#3899 = DIRECTION('',(1.,0.));
#3900 = ( GEOMETRIC_REPRESENTATION_CONTEXT(2) 
PARAMETRIC_REPRESENTATION_CONTEXT() REPRESENTATION_CONTEXT('2D SPACE',''
  ) );
#3901 = ORIENTED_EDGE('',*,*,#3902,.T.);
#3902 = EDGE_CURVE('',#3875,#3819,#3903,.T.);
#3903 = SURFACE_CURVE('',#3904,(#3908,#3915),.PCURVE_S1.);
#3904 = LINE('',#3905,#3906);
#3905 = CARTESIAN_POINT('',(3.7,-0.5,3.45));
#3906 = VECTOR('',#3907,1.);
#3907 = DIRECTION('',(-6.285229985423E-17,0.,-1.));
#3908 = PCURVE('',#3827,#3909);
#3909 = DEFINITIONAL_REPRESENTATION('',(#3910),#3914);
#3910 = LINE('',#3911,#3912);
#3911 = CARTESIAN_POINT('',(3.45,-1.3));
#3912 = VECTOR('',#3913,1.);
#3913 = DIRECTION('',(-1.,-6.285229985423E-17));
#3914 = ( GEOMETRIC_REPRESENTATION_CONTEXT(2) 
PARAMETRIC_REPRESENTATION_CONTEXT() REPRESENTATION_CONTEXT('2D SPACE',''
  ) );
#3915 = PCURVE('',#3747,#3916);
#3916 = DEFINITIONAL_REPRESENTATION('',(#3917),#3921);
#3917 = LINE('',#3918,#3919);
#3918 = CARTESIAN_POINT('',(0.,0.));
#3919 = VECTOR('',#3920,1.);
#3920 = DIRECTION('',(1.,0.));
#3921 = ( GEOMETRIC_REPRESENTATION_CONTEXT(2) 
PARAMETRIC_REPRESENTATION_CONTEXT() REPRESENTATION_CONTEXT('2D SPACE',''
  ) );
#3922 = ADVANCED_FACE('',(#3923,#4022,#4126,#4240),#3937,.F.);
#3923 = FACE_BOUND('',#3924,.T.);
#3924 = EDGE_LOOP('',(#3925,#3955,#3978,#4001));
#3925 = ORIENTED_EDGE('',*,*,#3926,.F.);
#3926 = EDGE_CURVE('',#3927,#3929,#3931,.T.);
#3927 = VERTEX_POINT('',#3928);
#3928 = CARTESIAN_POINT('',(3.7,0.,3.45));
#3929 = VERTEX_POINT('',#3930);
#3930 = CARTESIAN_POINT('',(3.7,0.,-3.45));
#3931 = SURFACE_CURVE('',#3932,(#3936,#3948),.PCURVE_S1.);
#3932 = LINE('',#3933,#3934);
#3933 = CARTESIAN_POINT('',(3.7,0.,3.45));
#3934 = VECTOR('',#3935,1.);
#3935 = DIRECTION('',(-6.285229985423E-17,0.,-1.));
#3936 = PCURVE('',#3937,#3942);
#3937 = PLANE('',#3938);
#3938 = AXIS2_PLACEMENT_3D('',#3939,#3940,#3941);
#3939 = CARTESIAN_POINT('',(0.,0.,0.));
#3940 = DIRECTION('',(0.,1.,0.));
#3941 = DIRECTION('',(0.,-0.,1.));
#3942 = DEFINITIONAL_REPRESENTATION('',(#3943),#3947);
#3943 = LINE('',#3944,#3945);
#3944 = CARTESIAN_POINT('',(3.45,3.7));
#3945 = VECTOR('',#3946,1.);
#3946 = DIRECTION('',(-1.,-6.285229985423E-17));
#3947 = ( GEOMETRIC_REPRESENTATION_CONTEXT(2) 
PARAMETRIC_REPRESENTATION_CONTEXT() REPRESENTATION_CONTEXT('2D SPACE',''
  ) );
#3948 = PCURVE('',#3747,#3949);
#3949 = DEFINITIONAL_REPRESENTATION('',(#3950),#3954);
#3950 = LINE('',#3951,#3952);
#3951 = CARTESIAN_POINT('',(0.,0.5));
#3952 = VECTOR('',#3953,1.);
#3953 = DIRECTION('',(1.,0.));
#3954 = ( GEOMETRIC_REPRESENTATION_CONTEXT(2) 
PARAMETRIC_REPRESENTATION_CONTEXT() REPRESENTATION_CONTEXT('2D SPACE',''
  ) );
#3955 = ORIENTED_EDGE('',*,*,#3956,.F.);
#3956 = EDGE_CURVE('',#3957,#3927,#3959,.T.);
#3957 = VERTEX_POINT('',#3958);
#3958 = CARTESIAN_POINT('',(6.3,0.,3.45));
#3959 = SURFACE_CURVE('',#3960,(#3964,#3971),.PCURVE_S1.);
#3960 = LINE('',#3961,#3962);
#3961 = CARTESIAN_POINT('',(6.3,0.,3.45));
#3962 = VECTOR('',#3963,1.);
#3963 = DIRECTION('',(-1.,0.,-3.336006684571E-16));
#3964 = PCURVE('',#3937,#3965);
#3965 = DEFINITIONAL_REPRESENTATION('',(#3966),#3970);
#3966 = LINE('',#3967,#3968);
#3967 = CARTESIAN_POINT('',(3.45,6.3));
#3968 = VECTOR('',#3969,1.);
#3969 = DIRECTION('',(-3.336006684571E-16,-1.));
#3970 = ( GEOMETRIC_REPRESENTATION_CONTEXT(2) 
PARAMETRIC_REPRESENTATION_CONTEXT() REPRESENTATION_CONTEXT('2D SPACE',''
  ) );
#3971 = PCURVE('',#3890,#3972);
#3972 = DEFINITIONAL_REPRESENTATION('',(#3973),#3977);
#3973 = LINE('',#3974,#3975);
#3974 = CARTESIAN_POINT('',(0.,0.5));
#3975 = VECTOR('',#3976,1.);
#3976 = DIRECTION('',(1.,0.));
#3977 = ( GEOMETRIC_REPRESENTATION_CONTEXT(2) 
PARAMETRIC_REPRESENTATION_CONTEXT() REPRESENTATION_CONTEXT('2D SPACE',''
  ) );
#3978 = ORIENTED_EDGE('',*,*,#3979,.F.);
#3979 = EDGE_CURVE('',#3980,#3957,#3982,.T.);
#3980 = VERTEX_POINT('',#3981);
#3981 = CARTESIAN_POINT('',(6.3,0.,-3.45));
#3982 = SURFACE_CURVE('',#3983,(#3987,#3994),.PCURVE_S1.);
#3983 = LINE('',#3984,#3985);
#3984 = CARTESIAN_POINT('',(6.3,0.,3.45));
#3985 = VECTOR('',#3986,1.);
#3986 = DIRECTION('',(1.257045997085E-16,-0.,1.));
#3987 = PCURVE('',#3937,#3988);
#3988 = DEFINITIONAL_REPRESENTATION('',(#3989),#3993);
#3989 = LINE('',#3990,#3991);
#3990 = CARTESIAN_POINT('',(3.45,6.3));
#3991 = VECTOR('',#3992,1.);
#3992 = DIRECTION('',(1.,1.257045997085E-16));
#3993 = ( GEOMETRIC_REPRESENTATION_CONTEXT(2) 
PARAMETRIC_REPRESENTATION_CONTEXT() REPRESENTATION_CONTEXT('2D SPACE',''
  ) );
#3994 = PCURVE('',#3801,#3995);
#3995 = DEFINITIONAL_REPRESENTATION('',(#3996),#4000);
#3996 = LINE('',#3997,#3998);
#3997 = CARTESIAN_POINT('',(0.,0.5));
#3998 = VECTOR('',#3999,1.);
#3999 = DIRECTION('',(1.,0.));
#4000 = ( GEOMETRIC_REPRESENTATION_CONTEXT(2) 
PARAMETRIC_REPRESENTATION_CONTEXT() REPRESENTATION_CONTEXT('2D SPACE',''
  ) );
#4001 = ORIENTED_EDGE('',*,*,#4002,.F.);
#4002 = EDGE_CURVE('',#3929,#3980,#4003,.T.);
#4003 = SURFACE_CURVE('',#4004,(#4008,#4015),.PCURVE_S1.);
#4004 = LINE('',#4005,#4006);
#4005 = CARTESIAN_POINT('',(6.3,0.,-3.45));
#4006 = VECTOR('',#4007,1.);
#4007 = DIRECTION('',(1.,-0.,1.668003342285E-16));
#4008 = PCURVE('',#3937,#4009);
#4009 = DEFINITIONAL_REPRESENTATION('',(#4010),#4014);
#4010 = LINE('',#4011,#4012);
#4011 = CARTESIAN_POINT('',(-3.45,6.3));
#4012 = VECTOR('',#4013,1.);
#4013 = DIRECTION('',(1.668003342285E-16,1.));
#4014 = ( GEOMETRIC_REPRESENTATION_CONTEXT(2) 
PARAMETRIC_REPRESENTATION_CONTEXT() REPRESENTATION_CONTEXT('2D SPACE',''
  ) );
#4015 = PCURVE('',#3775,#4016);
#4016 = DEFINITIONAL_REPRESENTATION('',(#4017),#4021);
#4017 = LINE('',#4018,#4019);
#4018 = CARTESIAN_POINT('',(0.,0.5));
#4019 = VECTOR('',#4020,1.);
#4020 = DIRECTION('',(1.,0.));
#4021 = ( GEOMETRIC_REPRESENTATION_CONTEXT(2) 
PARAMETRIC_REPRESENTATION_CONTEXT() REPRESENTATION_CONTEXT('2D SPACE',''
  ) );
#4022 = FACE_BOUND('',#4023,.T.);
#4023 = EDGE_LOOP('',(#4024,#4054,#4077,#4105));
#4024 = ORIENTED_EDGE('',*,*,#4025,.F.);
#4025 = EDGE_CURVE('',#4026,#4028,#4030,.T.);
#4026 = VERTEX_POINT('',#4027);
#4027 = CARTESIAN_POINT('',(6.6,0.,4.2));
#4028 = VERTEX_POINT('',#4029);
#4029 = CARTESIAN_POINT('',(6.6,0.,-4.2));
#4030 = SURFACE_CURVE('',#4031,(#4035,#4042),.PCURVE_S1.);
#4031 = LINE('',#4032,#4033);
#4032 = CARTESIAN_POINT('',(6.6,0.,-4.2));
#4033 = VECTOR('',#4034,1.);
#4034 = DIRECTION('',(-2.06514699521E-16,-0.,-1.));
#4035 = PCURVE('',#3937,#4036);
#4036 = DEFINITIONAL_REPRESENTATION('',(#4037),#4041);
#4037 = LINE('',#4038,#4039);
#4038 = CARTESIAN_POINT('',(-4.2,6.6));
#4039 = VECTOR('',#4040,1.);
#4040 = DIRECTION('',(-1.,-2.06514699521E-16));
#4041 = ( GEOMETRIC_REPRESENTATION_CONTEXT(2) 
PARAMETRIC_REPRESENTATION_CONTEXT() REPRESENTATION_CONTEXT('2D SPACE',''
  ) );
#4042 = PCURVE('',#4043,#4048);
#4043 = PLANE('',#4044);
#4044 = AXIS2_PLACEMENT_3D('',#4045,#4046,#4047);
#4045 = CARTESIAN_POINT('',(6.6,9.03,-4.2));
#4046 = DIRECTION('',(-1.,0.,2.06514699521E-16));
#4047 = DIRECTION('',(2.06514699521E-16,0.,1.));
#4048 = DEFINITIONAL_REPRESENTATION('',(#4049),#4053);
#4049 = LINE('',#4050,#4051);
#4050 = CARTESIAN_POINT('',(0.,-9.03));
#4051 = VECTOR('',#4052,1.);
#4052 = DIRECTION('',(-1.,0.));
#4053 = ( GEOMETRIC_REPRESENTATION_CONTEXT(2) 
PARAMETRIC_REPRESENTATION_CONTEXT() REPRESENTATION_CONTEXT('2D SPACE',''
  ) );
#4054 = ORIENTED_EDGE('',*,*,#4055,.F.);
#4055 = EDGE_CURVE('',#4056,#4026,#4058,.T.);
#4056 = VERTEX_POINT('',#4057);
#4057 = CARTESIAN_POINT('',(-6.6,0.,4.2));
#4058 = SURFACE_CURVE('',#4059,(#4063,#4070),.PCURVE_S1.);
#4059 = LINE('',#4060,#4061);
#4060 = CARTESIAN_POINT('',(-6.6,0.,4.2));
#4061 = VECTOR('',#4062,1.);
#4062 = DIRECTION('',(1.,0.,0.));
#4063 = PCURVE('',#3937,#4064);
#4064 = DEFINITIONAL_REPRESENTATION('',(#4065),#4069);
#4065 = LINE('',#4066,#4067);
#4066 = CARTESIAN_POINT('',(4.2,-6.6));
#4067 = VECTOR('',#4068,1.);
#4068 = DIRECTION('',(0.,1.));
#4069 = ( GEOMETRIC_REPRESENTATION_CONTEXT(2) 
PARAMETRIC_REPRESENTATION_CONTEXT() REPRESENTATION_CONTEXT('2D SPACE',''
  ) );
#4070 = PCURVE('',#1063,#4071);
#4071 = DEFINITIONAL_REPRESENTATION('',(#4072),#4076);
#4072 = LINE('',#4073,#4074);
#4073 = CARTESIAN_POINT('',(-0.,-9.03));
#4074 = VECTOR('',#4075,1.);
#4075 = DIRECTION('',(-1.,0.));
#4076 = ( GEOMETRIC_REPRESENTATION_CONTEXT(2) 
PARAMETRIC_REPRESENTATION_CONTEXT() REPRESENTATION_CONTEXT('2D SPACE',''
  ) );
#4077 = ORIENTED_EDGE('',*,*,#4078,.F.);
#4078 = EDGE_CURVE('',#4079,#4056,#4081,.T.);
#4079 = VERTEX_POINT('',#4080);
#4080 = CARTESIAN_POINT('',(-6.6,0.,-4.2));
#4081 = SURFACE_CURVE('',#4082,(#4086,#4093),.PCURVE_S1.);
#4082 = LINE('',#4083,#4084);
#4083 = CARTESIAN_POINT('',(-6.6,0.,-4.2));
#4084 = VECTOR('',#4085,1.);
#4085 = DIRECTION('',(0.,0.,1.));
#4086 = PCURVE('',#3937,#4087);
#4087 = DEFINITIONAL_REPRESENTATION('',(#4088),#4092);
#4088 = LINE('',#4089,#4090);
#4089 = CARTESIAN_POINT('',(-4.2,-6.6));
#4090 = VECTOR('',#4091,1.);
#4091 = DIRECTION('',(1.,0.));
#4092 = ( GEOMETRIC_REPRESENTATION_CONTEXT(2) 
PARAMETRIC_REPRESENTATION_CONTEXT() REPRESENTATION_CONTEXT('2D SPACE',''
  ) );
#4093 = PCURVE('',#4094,#4099);
#4094 = PLANE('',#4095);
#4095 = AXIS2_PLACEMENT_3D('',#4096,#4097,#4098);
#4096 = CARTESIAN_POINT('',(-6.6,9.03,-4.2));
#4097 = DIRECTION('',(1.,0.,0.));
#4098 = DIRECTION('',(0.,0.,-1.));
#4099 = DEFINITIONAL_REPRESENTATION('',(#4100),#4104);
#4100 = LINE('',#4101,#4102);
#4101 = CARTESIAN_POINT('',(0.,-9.03));
#4102 = VECTOR('',#4103,1.);
#4103 = DIRECTION('',(-1.,0.));
#4104 = ( GEOMETRIC_REPRESENTATION_CONTEXT(2) 
PARAMETRIC_REPRESENTATION_CONTEXT() REPRESENTATION_CONTEXT('2D SPACE',''
  ) );
#4105 = ORIENTED_EDGE('',*,*,#4106,.F.);
#4106 = EDGE_CURVE('',#4028,#4079,#4107,.T.);
#4107 = SURFACE_CURVE('',#4108,(#4112,#4119),.PCURVE_S1.);
#4108 = LINE('',#4109,#4110);
#4109 = CARTESIAN_POINT('',(-6.6,0.,-4.2));
#4110 = VECTOR('',#4111,1.);
#4111 = DIRECTION('',(-1.,-0.,-0.));
#4112 = PCURVE('',#3937,#4113);
#4113 = DEFINITIONAL_REPRESENTATION('',(#4114),#4118);
#4114 = LINE('',#4115,#4116);
#4115 = CARTESIAN_POINT('',(-4.2,-6.6));
#4116 = VECTOR('',#4117,1.);
#4117 = DIRECTION('',(0.,-1.));
#4118 = ( GEOMETRIC_REPRESENTATION_CONTEXT(2) 
PARAMETRIC_REPRESENTATION_CONTEXT() REPRESENTATION_CONTEXT('2D SPACE',''
  ) );
#4119 = PCURVE('',#942,#4120);
#4120 = DEFINITIONAL_REPRESENTATION('',(#4121),#4125);
#4121 = LINE('',#4122,#4123);
#4122 = CARTESIAN_POINT('',(0.,-9.03));
#4123 = VECTOR('',#4124,1.);
#4124 = DIRECTION('',(-1.,0.));
#4125 = ( GEOMETRIC_REPRESENTATION_CONTEXT(2) 
PARAMETRIC_REPRESENTATION_CONTEXT() REPRESENTATION_CONTEXT('2D SPACE',''
  ) );
#4126 = FACE_BOUND('',#4127,.T.);
#4127 = EDGE_LOOP('',(#4128,#4158,#4186,#4214));
#4128 = ORIENTED_EDGE('',*,*,#4129,.F.);
#4129 = EDGE_CURVE('',#4130,#4132,#4134,.T.);
#4130 = VERTEX_POINT('',#4131);
#4131 = CARTESIAN_POINT('',(-1.3,0.,3.45));
#4132 = VERTEX_POINT('',#4133);
#4133 = CARTESIAN_POINT('',(-1.3,0.,-3.45));
#4134 = SURFACE_CURVE('',#4135,(#4139,#4146),.PCURVE_S1.);
#4135 = LINE('',#4136,#4137);
#4136 = CARTESIAN_POINT('',(-1.3,0.,3.45));
#4137 = VECTOR('',#4138,1.);
#4138 = DIRECTION('',(-6.285229985423E-17,0.,-1.));
#4139 = PCURVE('',#3937,#4140);
#4140 = DEFINITIONAL_REPRESENTATION('',(#4141),#4145);
#4141 = LINE('',#4142,#4143);
#4142 = CARTESIAN_POINT('',(3.45,-1.3));
#4143 = VECTOR('',#4144,1.);
#4144 = DIRECTION('',(-1.,-6.285229985423E-17));
#4145 = ( GEOMETRIC_REPRESENTATION_CONTEXT(2) 
PARAMETRIC_REPRESENTATION_CONTEXT() REPRESENTATION_CONTEXT('2D SPACE',''
  ) );
#4146 = PCURVE('',#4147,#4152);
#4147 = PLANE('',#4148);
#4148 = AXIS2_PLACEMENT_3D('',#4149,#4150,#4151);
#4149 = CARTESIAN_POINT('',(-1.3,-0.5,3.45));
#4150 = DIRECTION('',(1.,0.,-6.285229985423E-17));
#4151 = DIRECTION('',(-6.285229985423E-17,0.,-1.));
#4152 = DEFINITIONAL_REPRESENTATION('',(#4153),#4157);
#4153 = LINE('',#4154,#4155);
#4154 = CARTESIAN_POINT('',(0.,0.5));
#4155 = VECTOR('',#4156,1.);
#4156 = DIRECTION('',(1.,0.));
#4157 = ( GEOMETRIC_REPRESENTATION_CONTEXT(2) 
PARAMETRIC_REPRESENTATION_CONTEXT() REPRESENTATION_CONTEXT('2D SPACE',''
  ) );
#4158 = ORIENTED_EDGE('',*,*,#4159,.F.);
#4159 = EDGE_CURVE('',#4160,#4130,#4162,.T.);
#4160 = VERTEX_POINT('',#4161);
#4161 = CARTESIAN_POINT('',(1.3,0.,3.45));
#4162 = SURFACE_CURVE('',#4163,(#4167,#4174),.PCURVE_S1.);
#4163 = LINE('',#4164,#4165);
#4164 = CARTESIAN_POINT('',(1.3,0.,3.45));
#4165 = VECTOR('',#4166,1.);
#4166 = DIRECTION('',(-1.,0.,-3.336006684571E-16));
#4167 = PCURVE('',#3937,#4168);
#4168 = DEFINITIONAL_REPRESENTATION('',(#4169),#4173);
#4169 = LINE('',#4170,#4171);
#4170 = CARTESIAN_POINT('',(3.45,1.3));
#4171 = VECTOR('',#4172,1.);
#4172 = DIRECTION('',(-3.336006684571E-16,-1.));
#4173 = ( GEOMETRIC_REPRESENTATION_CONTEXT(2) 
PARAMETRIC_REPRESENTATION_CONTEXT() REPRESENTATION_CONTEXT('2D SPACE',''
  ) );
#4174 = PCURVE('',#4175,#4180);
#4175 = PLANE('',#4176);
#4176 = AXIS2_PLACEMENT_3D('',#4177,#4178,#4179);
#4177 = CARTESIAN_POINT('',(1.3,-0.5,3.45));
#4178 = DIRECTION('',(3.336006684571E-16,0.,-1.));
#4179 = DIRECTION('',(-1.,0.,-3.336006684571E-16));
#4180 = DEFINITIONAL_REPRESENTATION('',(#4181),#4185);
#4181 = LINE('',#4182,#4183);
#4182 = CARTESIAN_POINT('',(0.,0.5));
#4183 = VECTOR('',#4184,1.);
#4184 = DIRECTION('',(1.,0.));
#4185 = ( GEOMETRIC_REPRESENTATION_CONTEXT(2) 
PARAMETRIC_REPRESENTATION_CONTEXT() REPRESENTATION_CONTEXT('2D SPACE',''
  ) );
#4186 = ORIENTED_EDGE('',*,*,#4187,.F.);
#4187 = EDGE_CURVE('',#4188,#4160,#4190,.T.);
#4188 = VERTEX_POINT('',#4189);
#4189 = CARTESIAN_POINT('',(1.3,0.,-3.45));
#4190 = SURFACE_CURVE('',#4191,(#4195,#4202),.PCURVE_S1.);
#4191 = LINE('',#4192,#4193);
#4192 = CARTESIAN_POINT('',(1.3,0.,3.45));
#4193 = VECTOR('',#4194,1.);
#4194 = DIRECTION('',(1.257045997085E-16,-0.,1.));
#4195 = PCURVE('',#3937,#4196);
#4196 = DEFINITIONAL_REPRESENTATION('',(#4197),#4201);
#4197 = LINE('',#4198,#4199);
#4198 = CARTESIAN_POINT('',(3.45,1.3));
#4199 = VECTOR('',#4200,1.);
#4200 = DIRECTION('',(1.,1.257045997085E-16));
#4201 = ( GEOMETRIC_REPRESENTATION_CONTEXT(2) 
PARAMETRIC_REPRESENTATION_CONTEXT() REPRESENTATION_CONTEXT('2D SPACE',''
  ) );
#4202 = PCURVE('',#4203,#4208);
#4203 = PLANE('',#4204);
#4204 = AXIS2_PLACEMENT_3D('',#4205,#4206,#4207);
#4205 = CARTESIAN_POINT('',(1.3,-0.5,3.45));
#4206 = DIRECTION('',(-1.,0.,1.257045997085E-16));
#4207 = DIRECTION('',(1.257045997085E-16,0.,1.));
#4208 = DEFINITIONAL_REPRESENTATION('',(#4209),#4213);
#4209 = LINE('',#4210,#4211);
#4210 = CARTESIAN_POINT('',(0.,0.5));
#4211 = VECTOR('',#4212,1.);
#4212 = DIRECTION('',(1.,0.));
#4213 = ( GEOMETRIC_REPRESENTATION_CONTEXT(2) 
PARAMETRIC_REPRESENTATION_CONTEXT() REPRESENTATION_CONTEXT('2D SPACE',''
  ) );
#4214 = ORIENTED_EDGE('',*,*,#4215,.F.);
#4215 = EDGE_CURVE('',#4132,#4188,#4216,.T.);
#4216 = SURFACE_CURVE('',#4217,(#4221,#4228),.PCURVE_S1.);
#4217 = LINE('',#4218,#4219);
#4218 = CARTESIAN_POINT('',(1.3,0.,-3.45));
#4219 = VECTOR('',#4220,1.);
#4220 = DIRECTION('',(1.,-0.,1.668003342285E-16));
#4221 = PCURVE('',#3937,#4222);
#4222 = DEFINITIONAL_REPRESENTATION('',(#4223),#4227);
#4223 = LINE('',#4224,#4225);
#4224 = CARTESIAN_POINT('',(-3.45,1.3));
#4225 = VECTOR('',#4226,1.);
#4226 = DIRECTION('',(1.668003342285E-16,1.));
#4227 = ( GEOMETRIC_REPRESENTATION_CONTEXT(2) 
PARAMETRIC_REPRESENTATION_CONTEXT() REPRESENTATION_CONTEXT('2D SPACE',''
  ) );
#4228 = PCURVE('',#4229,#4234);
#4229 = PLANE('',#4230);
#4230 = AXIS2_PLACEMENT_3D('',#4231,#4232,#4233);
#4231 = CARTESIAN_POINT('',(1.3,-0.5,-3.45));
#4232 = DIRECTION('',(-1.668003342285E-16,0.,1.));
#4233 = DIRECTION('',(1.,0.,1.668003342285E-16));
#4234 = DEFINITIONAL_REPRESENTATION('',(#4235),#4239);
#4235 = LINE('',#4236,#4237);
#4236 = CARTESIAN_POINT('',(0.,0.5));
#4237 = VECTOR('',#4238,1.);
#4238 = DIRECTION('',(1.,0.));
#4239 = ( GEOMETRIC_REPRESENTATION_CONTEXT(2) 
PARAMETRIC_REPRESENTATION_CONTEXT() REPRESENTATION_CONTEXT('2D SPACE',''
  ) );
#4240 = FACE_BOUND('',#4241,.T.);
#4241 = EDGE_LOOP('',(#4242,#4267,#4290,#4313));
#4242 = ORIENTED_EDGE('',*,*,#4243,.F.);
#4243 = EDGE_CURVE('',#4244,#4246,#4248,.T.);
#4244 = VERTEX_POINT('',#4245);
#4245 = CARTESIAN_POINT('',(-6.3,0.,3.45));
#4246 = VERTEX_POINT('',#4247);
#4247 = CARTESIAN_POINT('',(-6.3,0.,-3.45));
#4248 = SURFACE_CURVE('',#4249,(#4253,#4260),.PCURVE_S1.);
#4249 = LINE('',#4250,#4251);
#4250 = CARTESIAN_POINT('',(-6.3,0.,3.45));
#4251 = VECTOR('',#4252,1.);
#4252 = DIRECTION('',(-6.285229985423E-17,0.,-1.));
#4253 = PCURVE('',#3937,#4254);
#4254 = DEFINITIONAL_REPRESENTATION('',(#4255),#4259);
#4255 = LINE('',#4256,#4257);
#4256 = CARTESIAN_POINT('',(3.45,-6.3));
#4257 = VECTOR('',#4258,1.);
#4258 = DIRECTION('',(-1.,-6.285229985423E-17));
#4259 = ( GEOMETRIC_REPRESENTATION_CONTEXT(2) 
PARAMETRIC_REPRESENTATION_CONTEXT() REPRESENTATION_CONTEXT('2D SPACE',''
  ) );
#4260 = PCURVE('',#3517,#4261);
#4261 = DEFINITIONAL_REPRESENTATION('',(#4262),#4266);
#4262 = LINE('',#4263,#4264);
#4263 = CARTESIAN_POINT('',(0.,0.5));
#4264 = VECTOR('',#4265,1.);
#4265 = DIRECTION('',(1.,0.));
#4266 = ( GEOMETRIC_REPRESENTATION_CONTEXT(2) 
PARAMETRIC_REPRESENTATION_CONTEXT() REPRESENTATION_CONTEXT('2D SPACE',''
  ) );
#4267 = ORIENTED_EDGE('',*,*,#4268,.F.);
#4268 = EDGE_CURVE('',#4269,#4244,#4271,.T.);
#4269 = VERTEX_POINT('',#4270);
#4270 = CARTESIAN_POINT('',(-3.7,0.,3.45));
#4271 = SURFACE_CURVE('',#4272,(#4276,#4283),.PCURVE_S1.);
#4272 = LINE('',#4273,#4274);
#4273 = CARTESIAN_POINT('',(-3.7,0.,3.45));
#4274 = VECTOR('',#4275,1.);
#4275 = DIRECTION('',(-1.,0.,-3.336006684571E-16));
#4276 = PCURVE('',#3937,#4277);
#4277 = DEFINITIONAL_REPRESENTATION('',(#4278),#4282);
#4278 = LINE('',#4279,#4280);
#4279 = CARTESIAN_POINT('',(3.45,-3.7));
#4280 = VECTOR('',#4281,1.);
#4281 = DIRECTION('',(-3.336006684571E-16,-1.));
#4282 = ( GEOMETRIC_REPRESENTATION_CONTEXT(2) 
PARAMETRIC_REPRESENTATION_CONTEXT() REPRESENTATION_CONTEXT('2D SPACE',''
  ) );
#4283 = PCURVE('',#3660,#4284);
#4284 = DEFINITIONAL_REPRESENTATION('',(#4285),#4289);
#4285 = LINE('',#4286,#4287);
#4286 = CARTESIAN_POINT('',(0.,0.5));
#4287 = VECTOR('',#4288,1.);
#4288 = DIRECTION('',(1.,0.));
#4289 = ( GEOMETRIC_REPRESENTATION_CONTEXT(2) 
PARAMETRIC_REPRESENTATION_CONTEXT() REPRESENTATION_CONTEXT('2D SPACE',''
  ) );
#4290 = ORIENTED_EDGE('',*,*,#4291,.F.);
#4291 = EDGE_CURVE('',#4292,#4269,#4294,.T.);
#4292 = VERTEX_POINT('',#4293);
#4293 = CARTESIAN_POINT('',(-3.7,0.,-3.45));
#4294 = SURFACE_CURVE('',#4295,(#4299,#4306),.PCURVE_S1.);
#4295 = LINE('',#4296,#4297);
#4296 = CARTESIAN_POINT('',(-3.7,0.,3.45));
#4297 = VECTOR('',#4298,1.);
#4298 = DIRECTION('',(1.257045997085E-16,-0.,1.));
#4299 = PCURVE('',#3937,#4300);
#4300 = DEFINITIONAL_REPRESENTATION('',(#4301),#4305);
#4301 = LINE('',#4302,#4303);
#4302 = CARTESIAN_POINT('',(3.45,-3.7));
#4303 = VECTOR('',#4304,1.);
#4304 = DIRECTION('',(1.,1.257045997085E-16));
#4305 = ( GEOMETRIC_REPRESENTATION_CONTEXT(2) 
PARAMETRIC_REPRESENTATION_CONTEXT() REPRESENTATION_CONTEXT('2D SPACE',''
  ) );
#4306 = PCURVE('',#3571,#4307);
#4307 = DEFINITIONAL_REPRESENTATION('',(#4308),#4312);
#4308 = LINE('',#4309,#4310);
#4309 = CARTESIAN_POINT('',(0.,0.5));
#4310 = VECTOR('',#4311,1.);
#4311 = DIRECTION('',(1.,0.));
#4312 = ( GEOMETRIC_REPRESENTATION_CONTEXT(2) 
PARAMETRIC_REPRESENTATION_CONTEXT() REPRESENTATION_CONTEXT('2D SPACE',''
  ) );
#4313 = ORIENTED_EDGE('',*,*,#4314,.F.);
#4314 = EDGE_CURVE('',#4246,#4292,#4315,.T.);
#4315 = SURFACE_CURVE('',#4316,(#4320,#4327),.PCURVE_S1.);
#4316 = LINE('',#4317,#4318);
#4317 = CARTESIAN_POINT('',(-3.7,0.,-3.45));
#4318 = VECTOR('',#4319,1.);
#4319 = DIRECTION('',(1.,-0.,1.668003342285E-16));
#4320 = PCURVE('',#3937,#4321);
#4321 = DEFINITIONAL_REPRESENTATION('',(#4322),#4326);
#4322 = LINE('',#4323,#4324);
#4323 = CARTESIAN_POINT('',(-3.45,-3.7));
#4324 = VECTOR('',#4325,1.);
#4325 = DIRECTION('',(1.668003342285E-16,1.));
#4326 = ( GEOMETRIC_REPRESENTATION_CONTEXT(2) 
PARAMETRIC_REPRESENTATION_CONTEXT() REPRESENTATION_CONTEXT('2D SPACE',''
  ) );
#4327 = PCURVE('',#3545,#4328);
#4328 = DEFINITIONAL_REPRESENTATION('',(#4329),#4333);
#4329 = LINE('',#4330,#4331);
#4330 = CARTESIAN_POINT('',(0.,0.5));
#4331 = VECTOR('',#4332,1.);
#4332 = DIRECTION('',(1.,0.));
#4333 = ( GEOMETRIC_REPRESENTATION_CONTEXT(2) 
PARAMETRIC_REPRESENTATION_CONTEXT() REPRESENTATION_CONTEXT('2D SPACE',''
  ) );
#4334 = ADVANCED_FACE('',(#4335),#4349,.F.);
#4335 = FACE_BOUND('',#4336,.T.);
#4336 = EDGE_LOOP('',(#4337,#4372,#4395,#4418));
#4337 = ORIENTED_EDGE('',*,*,#4338,.F.);
#4338 = EDGE_CURVE('',#4339,#4341,#4343,.T.);
#4339 = VERTEX_POINT('',#4340);
#4340 = CARTESIAN_POINT('',(-1.3,-0.5,-2.));
#4341 = VERTEX_POINT('',#4342);
#4342 = CARTESIAN_POINT('',(1.3,-0.5,-2.));
#4343 = SURFACE_CURVE('',#4344,(#4348,#4360),.PCURVE_S1.);
#4344 = LINE('',#4345,#4346);
#4345 = CARTESIAN_POINT('',(0.,-0.5,-2.));
#4346 = VECTOR('',#4347,1.);
#4347 = DIRECTION('',(1.,-0.,0.));
#4348 = PCURVE('',#4349,#4354);
#4349 = PLANE('',#4350);
#4350 = AXIS2_PLACEMENT_3D('',#4351,#4352,#4353);
#4351 = CARTESIAN_POINT('',(0.,-0.5,0.));
#4352 = DIRECTION('',(0.,1.,0.));
#4353 = DIRECTION('',(0.,-0.,1.));
#4354 = DEFINITIONAL_REPRESENTATION('',(#4355),#4359);
#4355 = LINE('',#4356,#4357);
#4356 = CARTESIAN_POINT('',(-2.,0.));
#4357 = VECTOR('',#4358,1.);
#4358 = DIRECTION('',(0.,1.));
#4359 = ( GEOMETRIC_REPRESENTATION_CONTEXT(2) 
PARAMETRIC_REPRESENTATION_CONTEXT() REPRESENTATION_CONTEXT('2D SPACE',''
  ) );
#4360 = PCURVE('',#4361,#4366);
#4361 = PLANE('',#4362);
#4362 = AXIS2_PLACEMENT_3D('',#4363,#4364,#4365);
#4363 = CARTESIAN_POINT('',(-1.3,-17.64074417675,-2.));
#4364 = DIRECTION('',(-0.,0.,1.));
#4365 = DIRECTION('',(1.,0.,0.));
#4366 = DEFINITIONAL_REPRESENTATION('',(#4367),#4371);
#4367 = LINE('',#4368,#4369);
#4368 = CARTESIAN_POINT('',(1.3,17.140744176751));
#4369 = VECTOR('',#4370,1.);
#4370 = DIRECTION('',(1.,0.));
#4371 = ( GEOMETRIC_REPRESENTATION_CONTEXT(2) 
PARAMETRIC_REPRESENTATION_CONTEXT() REPRESENTATION_CONTEXT('2D SPACE',''
  ) );
#4372 = ORIENTED_EDGE('',*,*,#4373,.T.);
#4373 = EDGE_CURVE('',#4339,#4374,#4376,.T.);
#4374 = VERTEX_POINT('',#4375);
#4375 = CARTESIAN_POINT('',(-1.3,-0.5,-3.45));
#4376 = SURFACE_CURVE('',#4377,(#4381,#4388),.PCURVE_S1.);
#4377 = LINE('',#4378,#4379);
#4378 = CARTESIAN_POINT('',(-1.3,-0.5,3.45));
#4379 = VECTOR('',#4380,1.);
#4380 = DIRECTION('',(-6.285229985423E-17,0.,-1.));
#4381 = PCURVE('',#4349,#4382);
#4382 = DEFINITIONAL_REPRESENTATION('',(#4383),#4387);
#4383 = LINE('',#4384,#4385);
#4384 = CARTESIAN_POINT('',(3.45,-1.3));
#4385 = VECTOR('',#4386,1.);
#4386 = DIRECTION('',(-1.,-6.285229985423E-17));
#4387 = ( GEOMETRIC_REPRESENTATION_CONTEXT(2) 
PARAMETRIC_REPRESENTATION_CONTEXT() REPRESENTATION_CONTEXT('2D SPACE',''
  ) );
#4388 = PCURVE('',#4147,#4389);
#4389 = DEFINITIONAL_REPRESENTATION('',(#4390),#4394);
#4390 = LINE('',#4391,#4392);
#4391 = CARTESIAN_POINT('',(0.,0.));
#4392 = VECTOR('',#4393,1.);
#4393 = DIRECTION('',(1.,0.));
#4394 = ( GEOMETRIC_REPRESENTATION_CONTEXT(2) 
PARAMETRIC_REPRESENTATION_CONTEXT() REPRESENTATION_CONTEXT('2D SPACE',''
  ) );
#4395 = ORIENTED_EDGE('',*,*,#4396,.T.);
#4396 = EDGE_CURVE('',#4374,#4397,#4399,.T.);
#4397 = VERTEX_POINT('',#4398);
#4398 = CARTESIAN_POINT('',(1.3,-0.5,-3.45));
#4399 = SURFACE_CURVE('',#4400,(#4404,#4411),.PCURVE_S1.);
#4400 = LINE('',#4401,#4402);
#4401 = CARTESIAN_POINT('',(1.3,-0.5,-3.45));
#4402 = VECTOR('',#4403,1.);
#4403 = DIRECTION('',(1.,-0.,1.668003342285E-16));
#4404 = PCURVE('',#4349,#4405);
#4405 = DEFINITIONAL_REPRESENTATION('',(#4406),#4410);
#4406 = LINE('',#4407,#4408);
#4407 = CARTESIAN_POINT('',(-3.45,1.3));
#4408 = VECTOR('',#4409,1.);
#4409 = DIRECTION('',(1.668003342285E-16,1.));
#4410 = ( GEOMETRIC_REPRESENTATION_CONTEXT(2) 
PARAMETRIC_REPRESENTATION_CONTEXT() REPRESENTATION_CONTEXT('2D SPACE',''
  ) );
#4411 = PCURVE('',#4229,#4412);
#4412 = DEFINITIONAL_REPRESENTATION('',(#4413),#4417);
#4413 = LINE('',#4414,#4415);
#4414 = CARTESIAN_POINT('',(0.,0.));
#4415 = VECTOR('',#4416,1.);
#4416 = DIRECTION('',(1.,0.));
#4417 = ( GEOMETRIC_REPRESENTATION_CONTEXT(2) 
PARAMETRIC_REPRESENTATION_CONTEXT() REPRESENTATION_CONTEXT('2D SPACE',''
  ) );
#4418 = ORIENTED_EDGE('',*,*,#4419,.T.);
#4419 = EDGE_CURVE('',#4397,#4341,#4420,.T.);
#4420 = SURFACE_CURVE('',#4421,(#4425,#4432),.PCURVE_S1.);
#4421 = LINE('',#4422,#4423);
#4422 = CARTESIAN_POINT('',(1.3,-0.5,3.45));
#4423 = VECTOR('',#4424,1.);
#4424 = DIRECTION('',(1.257045997085E-16,-0.,1.));
#4425 = PCURVE('',#4349,#4426);
#4426 = DEFINITIONAL_REPRESENTATION('',(#4427),#4431);
#4427 = LINE('',#4428,#4429);
#4428 = CARTESIAN_POINT('',(3.45,1.3));
#4429 = VECTOR('',#4430,1.);
#4430 = DIRECTION('',(1.,1.257045997085E-16));
#4431 = ( GEOMETRIC_REPRESENTATION_CONTEXT(2) 
PARAMETRIC_REPRESENTATION_CONTEXT() REPRESENTATION_CONTEXT('2D SPACE',''
  ) );
#4432 = PCURVE('',#4203,#4433);
#4433 = DEFINITIONAL_REPRESENTATION('',(#4434),#4438);
#4434 = LINE('',#4435,#4436);
#4435 = CARTESIAN_POINT('',(0.,0.));
#4436 = VECTOR('',#4437,1.);
#4437 = DIRECTION('',(1.,0.));
#4438 = ( GEOMETRIC_REPRESENTATION_CONTEXT(2) 
PARAMETRIC_REPRESENTATION_CONTEXT() REPRESENTATION_CONTEXT('2D SPACE',''
  ) );
#4439 = ADVANCED_FACE('',(#4440),#4454,.F.);
#4440 = FACE_BOUND('',#4441,.T.);
#4441 = EDGE_LOOP('',(#4442,#4477,#4500,#4523));
#4442 = ORIENTED_EDGE('',*,*,#4443,.F.);
#4443 = EDGE_CURVE('',#4444,#4446,#4448,.T.);
#4444 = VERTEX_POINT('',#4445);
#4445 = CARTESIAN_POINT('',(1.3,-0.5,2.));
#4446 = VERTEX_POINT('',#4447);
#4447 = CARTESIAN_POINT('',(-1.3,-0.5,2.));
#4448 = SURFACE_CURVE('',#4449,(#4453,#4465),.PCURVE_S1.);
#4449 = LINE('',#4450,#4451);
#4450 = CARTESIAN_POINT('',(3.336006684571E-16,-0.5,2.));
#4451 = VECTOR('',#4452,1.);
#4452 = DIRECTION('',(-1.,0.,1.668003342285E-16));
#4453 = PCURVE('',#4454,#4459);
#4454 = PLANE('',#4455);
#4455 = AXIS2_PLACEMENT_3D('',#4456,#4457,#4458);
#4456 = CARTESIAN_POINT('',(0.,-0.5,0.));
#4457 = DIRECTION('',(0.,1.,0.));
#4458 = DIRECTION('',(0.,-0.,1.));
#4459 = DEFINITIONAL_REPRESENTATION('',(#4460),#4464);
#4460 = LINE('',#4461,#4462);
#4461 = CARTESIAN_POINT('',(2.,3.336006684571E-16));
#4462 = VECTOR('',#4463,1.);
#4463 = DIRECTION('',(1.668003342285E-16,-1.));
#4464 = ( GEOMETRIC_REPRESENTATION_CONTEXT(2) 
PARAMETRIC_REPRESENTATION_CONTEXT() REPRESENTATION_CONTEXT('2D SPACE',''
  ) );
#4465 = PCURVE('',#4466,#4471);
#4466 = PLANE('',#4467);
#4467 = AXIS2_PLACEMENT_3D('',#4468,#4469,#4470);
#4468 = CARTESIAN_POINT('',(-1.3,-17.64074417675,2.));
#4469 = DIRECTION('',(-1.668003342285E-16,0.,-1.));
#4470 = DIRECTION('',(-1.,0.,1.668003342285E-16));
#4471 = DEFINITIONAL_REPRESENTATION('',(#4472),#4476);
#4472 = LINE('',#4473,#4474);
#4473 = CARTESIAN_POINT('',(-1.3,17.140744176751));
#4474 = VECTOR('',#4475,1.);
#4475 = DIRECTION('',(1.,0.));
#4476 = ( GEOMETRIC_REPRESENTATION_CONTEXT(2) 
PARAMETRIC_REPRESENTATION_CONTEXT() REPRESENTATION_CONTEXT('2D SPACE',''
  ) );
#4477 = ORIENTED_EDGE('',*,*,#4478,.T.);
#4478 = EDGE_CURVE('',#4444,#4479,#4481,.T.);
#4479 = VERTEX_POINT('',#4480);
#4480 = CARTESIAN_POINT('',(1.3,-0.5,3.45));
#4481 = SURFACE_CURVE('',#4482,(#4486,#4493),.PCURVE_S1.);
#4482 = LINE('',#4483,#4484);
#4483 = CARTESIAN_POINT('',(1.3,-0.5,3.45));
#4484 = VECTOR('',#4485,1.);
#4485 = DIRECTION('',(1.257045997085E-16,-0.,1.));
#4486 = PCURVE('',#4454,#4487);
#4487 = DEFINITIONAL_REPRESENTATION('',(#4488),#4492);
#4488 = LINE('',#4489,#4490);
#4489 = CARTESIAN_POINT('',(3.45,1.3));
#4490 = VECTOR('',#4491,1.);
#4491 = DIRECTION('',(1.,1.257045997085E-16));
#4492 = ( GEOMETRIC_REPRESENTATION_CONTEXT(2) 
PARAMETRIC_REPRESENTATION_CONTEXT() REPRESENTATION_CONTEXT('2D SPACE',''
  ) );
#4493 = PCURVE('',#4203,#4494);
#4494 = DEFINITIONAL_REPRESENTATION('',(#4495),#4499);
#4495 = LINE('',#4496,#4497);
#4496 = CARTESIAN_POINT('',(0.,0.));
#4497 = VECTOR('',#4498,1.);
#4498 = DIRECTION('',(1.,0.));
#4499 = ( GEOMETRIC_REPRESENTATION_CONTEXT(2) 
PARAMETRIC_REPRESENTATION_CONTEXT() REPRESENTATION_CONTEXT('2D SPACE',''
  ) );
#4500 = ORIENTED_EDGE('',*,*,#4501,.T.);
#4501 = EDGE_CURVE('',#4479,#4502,#4504,.T.);
#4502 = VERTEX_POINT('',#4503);
#4503 = CARTESIAN_POINT('',(-1.3,-0.5,3.45));
#4504 = SURFACE_CURVE('',#4505,(#4509,#4516),.PCURVE_S1.);
#4505 = LINE('',#4506,#4507);
#4506 = CARTESIAN_POINT('',(1.3,-0.5,3.45));
#4507 = VECTOR('',#4508,1.);
#4508 = DIRECTION('',(-1.,0.,-3.336006684571E-16));
#4509 = PCURVE('',#4454,#4510);
#4510 = DEFINITIONAL_REPRESENTATION('',(#4511),#4515);
#4511 = LINE('',#4512,#4513);
#4512 = CARTESIAN_POINT('',(3.45,1.3));
#4513 = VECTOR('',#4514,1.);
#4514 = DIRECTION('',(-3.336006684571E-16,-1.));
#4515 = ( GEOMETRIC_REPRESENTATION_CONTEXT(2) 
PARAMETRIC_REPRESENTATION_CONTEXT() REPRESENTATION_CONTEXT('2D SPACE',''
  ) );
#4516 = PCURVE('',#4175,#4517);
#4517 = DEFINITIONAL_REPRESENTATION('',(#4518),#4522);
#4518 = LINE('',#4519,#4520);
#4519 = CARTESIAN_POINT('',(0.,0.));
#4520 = VECTOR('',#4521,1.);
#4521 = DIRECTION('',(1.,0.));
#4522 = ( GEOMETRIC_REPRESENTATION_CONTEXT(2) 
PARAMETRIC_REPRESENTATION_CONTEXT() REPRESENTATION_CONTEXT('2D SPACE',''
  ) );
#4523 = ORIENTED_EDGE('',*,*,#4524,.T.);
#4524 = EDGE_CURVE('',#4502,#4446,#4525,.T.);
#4525 = SURFACE_CURVE('',#4526,(#4530,#4537),.PCURVE_S1.);
#4526 = LINE('',#4527,#4528);
#4527 = CARTESIAN_POINT('',(-1.3,-0.5,3.45));
#4528 = VECTOR('',#4529,1.);
#4529 = DIRECTION('',(-6.285229985423E-17,0.,-1.));
#4530 = PCURVE('',#4454,#4531);
#4531 = DEFINITIONAL_REPRESENTATION('',(#4532),#4536);
#4532 = LINE('',#4533,#4534);
#4533 = CARTESIAN_POINT('',(3.45,-1.3));
#4534 = VECTOR('',#4535,1.);
#4535 = DIRECTION('',(-1.,-6.285229985423E-17));
#4536 = ( GEOMETRIC_REPRESENTATION_CONTEXT(2) 
PARAMETRIC_REPRESENTATION_CONTEXT() REPRESENTATION_CONTEXT('2D SPACE',''
  ) );
#4537 = PCURVE('',#4147,#4538);
#4538 = DEFINITIONAL_REPRESENTATION('',(#4539),#4543);
#4539 = LINE('',#4540,#4541);
#4540 = CARTESIAN_POINT('',(0.,0.));
#4541 = VECTOR('',#4542,1.);
#4542 = DIRECTION('',(1.,0.));
#4543 = ( GEOMETRIC_REPRESENTATION_CONTEXT(2) 
PARAMETRIC_REPRESENTATION_CONTEXT() REPRESENTATION_CONTEXT('2D SPACE',''
  ) );
#4544 = ADVANCED_FACE('',(#4545,#4796),#4559,.T.);
#4545 = FACE_BOUND('',#4546,.T.);
#4546 = EDGE_LOOP('',(#4547,#4582,#4615,#4643,#4676,#4704,#4737,#4765));
#4547 = ORIENTED_EDGE('',*,*,#4548,.T.);
#4548 = EDGE_CURVE('',#4549,#4551,#4553,.T.);
#4549 = VERTEX_POINT('',#4550);
#4550 = CARTESIAN_POINT('',(-5.35,10.53,-3.25));
#4551 = VERTEX_POINT('',#4552);
#4552 = CARTESIAN_POINT('',(5.35,10.53,-3.25));
#4553 = SURFACE_CURVE('',#4554,(#4558,#4570),.PCURVE_S1.);
#4554 = LINE('',#4555,#4556);
#4555 = CARTESIAN_POINT('',(5.35,10.53,-3.25));
#4556 = VECTOR('',#4557,1.);
#4557 = DIRECTION('',(1.,-0.,0.));
#4558 = PCURVE('',#4559,#4564);
#4559 = PLANE('',#4560);
#4560 = AXIS2_PLACEMENT_3D('',#4561,#4562,#4563);
#4561 = CARTESIAN_POINT('',(0.,10.53,0.));
#4562 = DIRECTION('',(0.,1.,0.));
#4563 = DIRECTION('',(0.,-0.,1.));
#4564 = DEFINITIONAL_REPRESENTATION('',(#4565),#4569);
#4565 = LINE('',#4566,#4567);
#4566 = CARTESIAN_POINT('',(-3.25,5.35));
#4567 = VECTOR('',#4568,1.);
#4568 = DIRECTION('',(0.,1.));
#4569 = ( GEOMETRIC_REPRESENTATION_CONTEXT(2) 
PARAMETRIC_REPRESENTATION_CONTEXT() REPRESENTATION_CONTEXT('2D SPACE',''
  ) );
#4570 = PCURVE('',#4571,#4576);
#4571 = CYLINDRICAL_SURFACE('',#4572,5.E-02);
#4572 = AXIS2_PLACEMENT_3D('',#4573,#4574,#4575);
#4573 = CARTESIAN_POINT('',(-5.4,10.48,-3.25));
#4574 = DIRECTION('',(1.,-0.,0.));
#4575 = DIRECTION('',(0.,0.,-1.));
#4576 = DEFINITIONAL_REPRESENTATION('',(#4577),#4581);
#4577 = LINE('',#4578,#4579);
#4578 = CARTESIAN_POINT('',(1.570796326795,10.75));
#4579 = VECTOR('',#4580,1.);
#4580 = DIRECTION('',(0.,1.));
#4581 = ( GEOMETRIC_REPRESENTATION_CONTEXT(2) 
PARAMETRIC_REPRESENTATION_CONTEXT() REPRESENTATION_CONTEXT('2D SPACE',''
  ) );
#4582 = ORIENTED_EDGE('',*,*,#4583,.T.);
#4583 = EDGE_CURVE('',#4551,#4584,#4586,.T.);
#4584 = VERTEX_POINT('',#4585);
#4585 = CARTESIAN_POINT('',(5.45,10.53,-3.15));
#4586 = SURFACE_CURVE('',#4587,(#4592,#4603),.PCURVE_S1.);
#4587 = CIRCLE('',#4588,1.E-01);
#4588 = AXIS2_PLACEMENT_3D('',#4589,#4590,#4591);
#4589 = CARTESIAN_POINT('',(5.35,10.53,-3.15));
#4590 = DIRECTION('',(0.,-1.,0.));
#4591 = DIRECTION('',(0.,0.,1.));
#4592 = PCURVE('',#4559,#4593);
#4593 = DEFINITIONAL_REPRESENTATION('',(#4594),#4602);
#4594 = ( BOUNDED_CURVE() B_SPLINE_CURVE(2,(#4595,#4596,#4597,#4598,
#4599,#4600,#4601),.UNSPECIFIED.,.T.,.F.) B_SPLINE_CURVE_WITH_KNOTS((1,2
    ,2,2,2,1),(-2.094395102393,0.,2.094395102393,4.188790204786,
6.28318530718,8.377580409573),.UNSPECIFIED.) CURVE() 
GEOMETRIC_REPRESENTATION_ITEM() RATIONAL_B_SPLINE_CURVE((1.,0.5,1.,0.5,
1.,0.5,1.)) REPRESENTATION_ITEM('') );
#4595 = CARTESIAN_POINT('',(-3.05,5.35));
#4596 = CARTESIAN_POINT('',(-3.05,5.176794919243));
#4597 = CARTESIAN_POINT('',(-3.2,5.263397459622));
#4598 = CARTESIAN_POINT('',(-3.35,5.35));
#4599 = CARTESIAN_POINT('',(-3.2,5.436602540378));
#4600 = CARTESIAN_POINT('',(-3.05,5.523205080757));
#4601 = CARTESIAN_POINT('',(-3.05,5.35));
#4602 = ( GEOMETRIC_REPRESENTATION_CONTEXT(2) 
PARAMETRIC_REPRESENTATION_CONTEXT() REPRESENTATION_CONTEXT('2D SPACE',''
  ) );
#4603 = PCURVE('',#4604,#4609);
#4604 = TOROIDAL_SURFACE('',#4605,0.1,5.E-02);
#4605 = AXIS2_PLACEMENT_3D('',#4606,#4607,#4608);
#4606 = CARTESIAN_POINT('',(5.35,10.48,-3.15));
#4607 = DIRECTION('',(0.,1.,0.));
#4608 = DIRECTION('',(0.,-0.,1.));
#4609 = DEFINITIONAL_REPRESENTATION('',(#4610),#4614);
#4610 = LINE('',#4611,#4612);
#4611 = CARTESIAN_POINT('',(6.28318530718,1.570796326795));
#4612 = VECTOR('',#4613,1.);
#4613 = DIRECTION('',(-1.,0.));
#4614 = ( GEOMETRIC_REPRESENTATION_CONTEXT(2) 
PARAMETRIC_REPRESENTATION_CONTEXT() REPRESENTATION_CONTEXT('2D SPACE',''
  ) );
#4615 = ORIENTED_EDGE('',*,*,#4616,.T.);
#4616 = EDGE_CURVE('',#4584,#4617,#4619,.T.);
#4617 = VERTEX_POINT('',#4618);
#4618 = CARTESIAN_POINT('',(5.45,10.53,3.15));
#4619 = SURFACE_CURVE('',#4620,(#4624,#4631),.PCURVE_S1.);
#4620 = LINE('',#4621,#4622);
#4621 = CARTESIAN_POINT('',(5.45,10.53,3.15));
#4622 = VECTOR('',#4623,1.);
#4623 = DIRECTION('',(1.355252715607E-16,-0.,1.));
#4624 = PCURVE('',#4559,#4625);
#4625 = DEFINITIONAL_REPRESENTATION('',(#4626),#4630);
#4626 = LINE('',#4627,#4628);
#4627 = CARTESIAN_POINT('',(3.15,5.45));
#4628 = VECTOR('',#4629,1.);
#4629 = DIRECTION('',(1.,1.355252715607E-16));
#4630 = ( GEOMETRIC_REPRESENTATION_CONTEXT(2) 
PARAMETRIC_REPRESENTATION_CONTEXT() REPRESENTATION_CONTEXT('2D SPACE',''
  ) );
#4631 = PCURVE('',#4632,#4637);
#4632 = CYLINDRICAL_SURFACE('',#4633,5.E-02);
#4633 = AXIS2_PLACEMENT_3D('',#4634,#4635,#4636);
#4634 = CARTESIAN_POINT('',(5.45,10.48,-3.2));
#4635 = DIRECTION('',(1.355252715607E-16,-0.,1.));
#4636 = DIRECTION('',(1.,0.,-1.355252715607E-16));
#4637 = DEFINITIONAL_REPRESENTATION('',(#4638),#4642);
#4638 = LINE('',#4639,#4640);
#4639 = CARTESIAN_POINT('',(1.570796326795,6.35));
#4640 = VECTOR('',#4641,1.);
#4641 = DIRECTION('',(-2.819614030794E-15,1.));
#4642 = ( GEOMETRIC_REPRESENTATION_CONTEXT(2) 
PARAMETRIC_REPRESENTATION_CONTEXT() REPRESENTATION_CONTEXT('2D SPACE',''
  ) );
#4643 = ORIENTED_EDGE('',*,*,#4644,.T.);
#4644 = EDGE_CURVE('',#4617,#4645,#4647,.T.);
#4645 = VERTEX_POINT('',#4646);
#4646 = CARTESIAN_POINT('',(5.35,10.53,3.25));
#4647 = SURFACE_CURVE('',#4648,(#4653,#4664),.PCURVE_S1.);
#4648 = CIRCLE('',#4649,1.E-01);
#4649 = AXIS2_PLACEMENT_3D('',#4650,#4651,#4652);
#4650 = CARTESIAN_POINT('',(5.35,10.53,3.15));
#4651 = DIRECTION('',(0.,-1.,0.));
#4652 = DIRECTION('',(0.,0.,1.));
#4653 = PCURVE('',#4559,#4654);
#4654 = DEFINITIONAL_REPRESENTATION('',(#4655),#4663);
#4655 = ( BOUNDED_CURVE() B_SPLINE_CURVE(2,(#4656,#4657,#4658,#4659,
#4660,#4661,#4662),.UNSPECIFIED.,.T.,.F.) B_SPLINE_CURVE_WITH_KNOTS((1,2
    ,2,2,2,1),(-2.094395102393,0.,2.094395102393,4.188790204786,
6.28318530718,8.377580409573),.UNSPECIFIED.) CURVE() 
GEOMETRIC_REPRESENTATION_ITEM() RATIONAL_B_SPLINE_CURVE((1.,0.5,1.,0.5,
1.,0.5,1.)) REPRESENTATION_ITEM('') );
#4656 = CARTESIAN_POINT('',(3.25,5.35));
#4657 = CARTESIAN_POINT('',(3.25,5.176794919243));
#4658 = CARTESIAN_POINT('',(3.1,5.263397459622));
#4659 = CARTESIAN_POINT('',(2.95,5.35));
#4660 = CARTESIAN_POINT('',(3.1,5.436602540378));
#4661 = CARTESIAN_POINT('',(3.25,5.523205080757));
#4662 = CARTESIAN_POINT('',(3.25,5.35));
#4663 = ( GEOMETRIC_REPRESENTATION_CONTEXT(2) 
PARAMETRIC_REPRESENTATION_CONTEXT() REPRESENTATION_CONTEXT('2D SPACE',''
  ) );
#4664 = PCURVE('',#4665,#4670);
#4665 = TOROIDAL_SURFACE('',#4666,0.1,5.E-02);
#4666 = AXIS2_PLACEMENT_3D('',#4667,#4668,#4669);
#4667 = CARTESIAN_POINT('',(5.35,10.48,3.15));
#4668 = DIRECTION('',(0.,1.,0.));
#4669 = DIRECTION('',(0.,-0.,1.));
#4670 = DEFINITIONAL_REPRESENTATION('',(#4671),#4675);
#4671 = LINE('',#4672,#4673);
#4672 = CARTESIAN_POINT('',(6.28318530718,1.570796326795));
#4673 = VECTOR('',#4674,1.);
#4674 = DIRECTION('',(-1.,0.));
#4675 = ( GEOMETRIC_REPRESENTATION_CONTEXT(2) 
PARAMETRIC_REPRESENTATION_CONTEXT() REPRESENTATION_CONTEXT('2D SPACE',''
  ) );
#4676 = ORIENTED_EDGE('',*,*,#4677,.T.);
#4677 = EDGE_CURVE('',#4645,#4678,#4680,.T.);
#4678 = VERTEX_POINT('',#4679);
#4679 = CARTESIAN_POINT('',(-5.35,10.53,3.25));
#4680 = SURFACE_CURVE('',#4681,(#4685,#4692),.PCURVE_S1.);
#4681 = LINE('',#4682,#4683);
#4682 = CARTESIAN_POINT('',(-5.35,10.53,3.25));
#4683 = VECTOR('',#4684,1.);
#4684 = DIRECTION('',(-1.,0.,-0.));
#4685 = PCURVE('',#4559,#4686);
#4686 = DEFINITIONAL_REPRESENTATION('',(#4687),#4691);
#4687 = LINE('',#4688,#4689);
#4688 = CARTESIAN_POINT('',(3.25,-5.35));
#4689 = VECTOR('',#4690,1.);
#4690 = DIRECTION('',(-0.,-1.));
#4691 = ( GEOMETRIC_REPRESENTATION_CONTEXT(2) 
PARAMETRIC_REPRESENTATION_CONTEXT() REPRESENTATION_CONTEXT('2D SPACE',''
  ) );
#4692 = PCURVE('',#4693,#4698);
#4693 = CYLINDRICAL_SURFACE('',#4694,5.E-02);
#4694 = AXIS2_PLACEMENT_3D('',#4695,#4696,#4697);
#4695 = CARTESIAN_POINT('',(-5.4,10.48,3.25));
#4696 = DIRECTION('',(-1.,0.,-0.));
#4697 = DIRECTION('',(0.,0.,1.));
#4698 = DEFINITIONAL_REPRESENTATION('',(#4699),#4703);
#4699 = LINE('',#4700,#4701);
#4700 = CARTESIAN_POINT('',(1.570796326795,-5.E-02));
#4701 = VECTOR('',#4702,1.);
#4702 = DIRECTION('',(0.,1.));
#4703 = ( GEOMETRIC_REPRESENTATION_CONTEXT(2) 
PARAMETRIC_REPRESENTATION_CONTEXT() REPRESENTATION_CONTEXT('2D SPACE',''
  ) );
#4704 = ORIENTED_EDGE('',*,*,#4705,.T.);
#4705 = EDGE_CURVE('',#4678,#4706,#4708,.T.);
#4706 = VERTEX_POINT('',#4707);
#4707 = CARTESIAN_POINT('',(-5.45,10.53,3.15));
#4708 = SURFACE_CURVE('',#4709,(#4714,#4725),.PCURVE_S1.);
#4709 = CIRCLE('',#4710,1.E-01);
#4710 = AXIS2_PLACEMENT_3D('',#4711,#4712,#4713);
#4711 = CARTESIAN_POINT('',(-5.35,10.53,3.15));
#4712 = DIRECTION('',(0.,-1.,0.));
#4713 = DIRECTION('',(0.,0.,1.));
#4714 = PCURVE('',#4559,#4715);
#4715 = DEFINITIONAL_REPRESENTATION('',(#4716),#4724);
#4716 = ( BOUNDED_CURVE() B_SPLINE_CURVE(2,(#4717,#4718,#4719,#4720,
#4721,#4722,#4723),.UNSPECIFIED.,.T.,.F.) B_SPLINE_CURVE_WITH_KNOTS((1,2
    ,2,2,2,1),(-2.094395102393,0.,2.094395102393,4.188790204786,
6.28318530718,8.377580409573),.UNSPECIFIED.) CURVE() 
GEOMETRIC_REPRESENTATION_ITEM() RATIONAL_B_SPLINE_CURVE((1.,0.5,1.,0.5,
1.,0.5,1.)) REPRESENTATION_ITEM('') );
#4717 = CARTESIAN_POINT('',(3.25,-5.35));
#4718 = CARTESIAN_POINT('',(3.25,-5.523205080757));
#4719 = CARTESIAN_POINT('',(3.1,-5.436602540378));
#4720 = CARTESIAN_POINT('',(2.95,-5.35));
#4721 = CARTESIAN_POINT('',(3.1,-5.263397459622));
#4722 = CARTESIAN_POINT('',(3.25,-5.176794919243));
#4723 = CARTESIAN_POINT('',(3.25,-5.35));
#4724 = ( GEOMETRIC_REPRESENTATION_CONTEXT(2) 
PARAMETRIC_REPRESENTATION_CONTEXT() REPRESENTATION_CONTEXT('2D SPACE',''
  ) );
#4725 = PCURVE('',#4726,#4731);
#4726 = TOROIDAL_SURFACE('',#4727,0.1,5.E-02);
#4727 = AXIS2_PLACEMENT_3D('',#4728,#4729,#4730);
#4728 = CARTESIAN_POINT('',(-5.35,10.48,3.15));
#4729 = DIRECTION('',(0.,1.,0.));
#4730 = DIRECTION('',(0.,-0.,1.));
#4731 = DEFINITIONAL_REPRESENTATION('',(#4732),#4736);
#4732 = LINE('',#4733,#4734);
#4733 = CARTESIAN_POINT('',(6.28318530718,1.570796326795));
#4734 = VECTOR('',#4735,1.);
#4735 = DIRECTION('',(-1.,0.));
#4736 = ( GEOMETRIC_REPRESENTATION_CONTEXT(2) 
PARAMETRIC_REPRESENTATION_CONTEXT() REPRESENTATION_CONTEXT('2D SPACE',''
  ) );
#4737 = ORIENTED_EDGE('',*,*,#4738,.T.);
#4738 = EDGE_CURVE('',#4706,#4739,#4741,.T.);
#4739 = VERTEX_POINT('',#4740);
#4740 = CARTESIAN_POINT('',(-5.45,10.53,-3.15));
#4741 = SURFACE_CURVE('',#4742,(#4746,#4753),.PCURVE_S1.);
#4742 = LINE('',#4743,#4744);
#4743 = CARTESIAN_POINT('',(-5.45,10.53,-3.15));
#4744 = VECTOR('',#4745,1.);
#4745 = DIRECTION('',(-1.355252715607E-16,0.,-1.));
#4746 = PCURVE('',#4559,#4747);
#4747 = DEFINITIONAL_REPRESENTATION('',(#4748),#4752);
#4748 = LINE('',#4749,#4750);
#4749 = CARTESIAN_POINT('',(-3.15,-5.45));
#4750 = VECTOR('',#4751,1.);
#4751 = DIRECTION('',(-1.,-1.355252715607E-16));
#4752 = ( GEOMETRIC_REPRESENTATION_CONTEXT(2) 
PARAMETRIC_REPRESENTATION_CONTEXT() REPRESENTATION_CONTEXT('2D SPACE',''
  ) );
#4753 = PCURVE('',#4754,#4759);
#4754 = CYLINDRICAL_SURFACE('',#4755,5.E-02);
#4755 = AXIS2_PLACEMENT_3D('',#4756,#4757,#4758);
#4756 = CARTESIAN_POINT('',(-5.45,10.48,-3.2));
#4757 = DIRECTION('',(-1.355252715607E-16,0.,-1.));
#4758 = DIRECTION('',(-1.,0.,1.355252715607E-16));
#4759 = DEFINITIONAL_REPRESENTATION('',(#4760),#4764);
#4760 = LINE('',#4761,#4762);
#4761 = CARTESIAN_POINT('',(1.570796326795,-5.E-02));
#4762 = VECTOR('',#4763,1.);
#4763 = DIRECTION('',(-2.819614030794E-15,1.));
#4764 = ( GEOMETRIC_REPRESENTATION_CONTEXT(2) 
PARAMETRIC_REPRESENTATION_CONTEXT() REPRESENTATION_CONTEXT('2D SPACE',''
  ) );
#4765 = ORIENTED_EDGE('',*,*,#4766,.T.);
#4766 = EDGE_CURVE('',#4739,#4549,#4767,.T.);
#4767 = SURFACE_CURVE('',#4768,(#4773,#4784),.PCURVE_S1.);
#4768 = CIRCLE('',#4769,1.E-01);
#4769 = AXIS2_PLACEMENT_3D('',#4770,#4771,#4772);
#4770 = CARTESIAN_POINT('',(-5.35,10.53,-3.15));
#4771 = DIRECTION('',(0.,-1.,0.));
#4772 = DIRECTION('',(0.,0.,1.));
#4773 = PCURVE('',#4559,#4774);
#4774 = DEFINITIONAL_REPRESENTATION('',(#4775),#4783);
#4775 = ( BOUNDED_CURVE() B_SPLINE_CURVE(2,(#4776,#4777,#4778,#4779,
#4780,#4781,#4782),.UNSPECIFIED.,.T.,.F.) B_SPLINE_CURVE_WITH_KNOTS((1,2
    ,2,2,2,1),(-2.094395102393,0.,2.094395102393,4.188790204786,
6.28318530718,8.377580409573),.UNSPECIFIED.) CURVE() 
GEOMETRIC_REPRESENTATION_ITEM() RATIONAL_B_SPLINE_CURVE((1.,0.5,1.,0.5,
1.,0.5,1.)) REPRESENTATION_ITEM('') );
#4776 = CARTESIAN_POINT('',(-3.05,-5.35));
#4777 = CARTESIAN_POINT('',(-3.05,-5.523205080757));
#4778 = CARTESIAN_POINT('',(-3.2,-5.436602540378));
#4779 = CARTESIAN_POINT('',(-3.35,-5.35));
#4780 = CARTESIAN_POINT('',(-3.2,-5.263397459622));
#4781 = CARTESIAN_POINT('',(-3.05,-5.176794919243));
#4782 = CARTESIAN_POINT('',(-3.05,-5.35));
#4783 = ( GEOMETRIC_REPRESENTATION_CONTEXT(2) 
PARAMETRIC_REPRESENTATION_CONTEXT() REPRESENTATION_CONTEXT('2D SPACE',''
  ) );
#4784 = PCURVE('',#4785,#4790);
#4785 = TOROIDAL_SURFACE('',#4786,0.1,5.E-02);
#4786 = AXIS2_PLACEMENT_3D('',#4787,#4788,#4789);
#4787 = CARTESIAN_POINT('',(-5.35,10.48,-3.15));
#4788 = DIRECTION('',(0.,1.,0.));
#4789 = DIRECTION('',(0.,-0.,1.));
#4790 = DEFINITIONAL_REPRESENTATION('',(#4791),#4795);
#4791 = LINE('',#4792,#4793);
#4792 = CARTESIAN_POINT('',(6.28318530718,1.570796326795));
#4793 = VECTOR('',#4794,1.);
#4794 = DIRECTION('',(-1.,0.));
#4795 = ( GEOMETRIC_REPRESENTATION_CONTEXT(2) 
PARAMETRIC_REPRESENTATION_CONTEXT() REPRESENTATION_CONTEXT('2D SPACE',''
  ) );
#4796 = FACE_BOUND('',#4797,.T.);
#4797 = EDGE_LOOP('',(#4798,#4828,#4856,#4884));
#4798 = ORIENTED_EDGE('',*,*,#4799,.T.);
#4799 = EDGE_CURVE('',#4800,#4802,#4804,.T.);
#4800 = VERTEX_POINT('',#4801);
#4801 = CARTESIAN_POINT('',(5.9,10.53,3.7));
#4802 = VERTEX_POINT('',#4803);
#4803 = CARTESIAN_POINT('',(5.9,10.53,-3.7));
#4804 = SURFACE_CURVE('',#4805,(#4809,#4816),.PCURVE_S1.);
#4805 = LINE('',#4806,#4807);
#4806 = CARTESIAN_POINT('',(5.9,10.53,31.652263752375));
#4807 = VECTOR('',#4808,1.);
#4808 = DIRECTION('',(0.,0.,-1.));
#4809 = PCURVE('',#4559,#4810);
#4810 = DEFINITIONAL_REPRESENTATION('',(#4811),#4815);
#4811 = LINE('',#4812,#4813);
#4812 = CARTESIAN_POINT('',(31.652263752375,5.9));
#4813 = VECTOR('',#4814,1.);
#4814 = DIRECTION('',(-1.,0.));
#4815 = ( GEOMETRIC_REPRESENTATION_CONTEXT(2) 
PARAMETRIC_REPRESENTATION_CONTEXT() REPRESENTATION_CONTEXT('2D SPACE',''
  ) );
#4816 = PCURVE('',#4817,#4822);
#4817 = PLANE('',#4818);
#4818 = AXIS2_PLACEMENT_3D('',#4819,#4820,#4821);
#4819 = CARTESIAN_POINT('',(5.9,10.53,31.652263752375));
#4820 = DIRECTION('',(0.376377046956,0.926466577122,0.));
#4821 = DIRECTION('',(-0.926466577122,0.376377046956,0.));
#4822 = DEFINITIONAL_REPRESENTATION('',(#4823),#4827);
#4823 = LINE('',#4824,#4825);
#4824 = CARTESIAN_POINT('',(0.,0.));
#4825 = VECTOR('',#4826,1.);
#4826 = DIRECTION('',(0.,-1.));
#4827 = ( GEOMETRIC_REPRESENTATION_CONTEXT(2) 
PARAMETRIC_REPRESENTATION_CONTEXT() REPRESENTATION_CONTEXT('2D SPACE',''
  ) );
#4828 = ORIENTED_EDGE('',*,*,#4829,.T.);
#4829 = EDGE_CURVE('',#4802,#4830,#4832,.T.);
#4830 = VERTEX_POINT('',#4831);
#4831 = CARTESIAN_POINT('',(-5.9,10.53,-3.7));
#4832 = SURFACE_CURVE('',#4833,(#4837,#4844),.PCURVE_S1.);
#4833 = LINE('',#4834,#4835);
#4834 = CARTESIAN_POINT('',(35.777263752375,10.53,-3.7));
#4835 = VECTOR('',#4836,1.);
#4836 = DIRECTION('',(-1.,0.,0.));
#4837 = PCURVE('',#4559,#4838);
#4838 = DEFINITIONAL_REPRESENTATION('',(#4839),#4843);
#4839 = LINE('',#4840,#4841);
#4840 = CARTESIAN_POINT('',(-3.7,35.777263752375));
#4841 = VECTOR('',#4842,1.);
#4842 = DIRECTION('',(0.,-1.));
#4843 = ( GEOMETRIC_REPRESENTATION_CONTEXT(2) 
PARAMETRIC_REPRESENTATION_CONTEXT() REPRESENTATION_CONTEXT('2D SPACE',''
  ) );
#4844 = PCURVE('',#4845,#4850);
#4845 = PLANE('',#4846);
#4846 = AXIS2_PLACEMENT_3D('',#4847,#4848,#4849);
#4847 = CARTESIAN_POINT('',(35.777263752375,10.53,-3.7));
#4848 = DIRECTION('',(0.,0.922194381829,-0.386726676251));
#4849 = DIRECTION('',(0.,0.386726676251,0.922194381829));
#4850 = DEFINITIONAL_REPRESENTATION('',(#4851),#4855);
#4851 = LINE('',#4852,#4853);
#4852 = CARTESIAN_POINT('',(0.,0.));
#4853 = VECTOR('',#4854,1.);
#4854 = DIRECTION('',(0.,-1.));
#4855 = ( GEOMETRIC_REPRESENTATION_CONTEXT(2) 
PARAMETRIC_REPRESENTATION_CONTEXT() REPRESENTATION_CONTEXT('2D SPACE',''
  ) );
#4856 = ORIENTED_EDGE('',*,*,#4857,.F.);
#4857 = EDGE_CURVE('',#4858,#4830,#4860,.T.);
#4858 = VERTEX_POINT('',#4859);
#4859 = CARTESIAN_POINT('',(-5.9,10.53,3.7));
#4860 = SURFACE_CURVE('',#4861,(#4865,#4872),.PCURVE_S1.);
#4861 = LINE('',#4862,#4863);
#4862 = CARTESIAN_POINT('',(-5.9,10.53,32.964763752375));
#4863 = VECTOR('',#4864,1.);
#4864 = DIRECTION('',(0.,0.,-1.));
#4865 = PCURVE('',#4559,#4866);
#4866 = DEFINITIONAL_REPRESENTATION('',(#4867),#4871);
#4867 = LINE('',#4868,#4869);
#4868 = CARTESIAN_POINT('',(32.964763752375,-5.9));
#4869 = VECTOR('',#4870,1.);
#4870 = DIRECTION('',(-1.,0.));
#4871 = ( GEOMETRIC_REPRESENTATION_CONTEXT(2) 
PARAMETRIC_REPRESENTATION_CONTEXT() REPRESENTATION_CONTEXT('2D SPACE',''
  ) );
#4872 = PCURVE('',#4873,#4878);
#4873 = PLANE('',#4874);
#4874 = AXIS2_PLACEMENT_3D('',#4875,#4876,#4877);
#4875 = CARTESIAN_POINT('',(-5.9,10.53,32.964763752375));
#4876 = DIRECTION('',(0.376377046956,-0.926466577122,0.));
#4877 = DIRECTION('',(0.926466577122,0.376377046956,0.));
#4878 = DEFINITIONAL_REPRESENTATION('',(#4879),#4883);
#4879 = LINE('',#4880,#4881);
#4880 = CARTESIAN_POINT('',(0.,0.));
#4881 = VECTOR('',#4882,1.);
#4882 = DIRECTION('',(0.,-1.));
#4883 = ( GEOMETRIC_REPRESENTATION_CONTEXT(2) 
PARAMETRIC_REPRESENTATION_CONTEXT() REPRESENTATION_CONTEXT('2D SPACE',''
  ) );
#4884 = ORIENTED_EDGE('',*,*,#4885,.F.);
#4885 = EDGE_CURVE('',#4800,#4858,#4886,.T.);
#4886 = SURFACE_CURVE('',#4887,(#4891,#4898),.PCURVE_S1.);
#4887 = LINE('',#4888,#4889);
#4888 = CARTESIAN_POINT('',(35.777263752375,10.53,3.7));
#4889 = VECTOR('',#4890,1.);
#4890 = DIRECTION('',(-1.,0.,0.));
#4891 = PCURVE('',#4559,#4892);
#4892 = DEFINITIONAL_REPRESENTATION('',(#4893),#4897);
#4893 = LINE('',#4894,#4895);
#4894 = CARTESIAN_POINT('',(3.7,35.777263752375));
#4895 = VECTOR('',#4896,1.);
#4896 = DIRECTION('',(0.,-1.));
#4897 = ( GEOMETRIC_REPRESENTATION_CONTEXT(2) 
PARAMETRIC_REPRESENTATION_CONTEXT() REPRESENTATION_CONTEXT('2D SPACE',''
  ) );
#4898 = PCURVE('',#4899,#4904);
#4899 = PLANE('',#4900);
#4900 = AXIS2_PLACEMENT_3D('',#4901,#4902,#4903);
#4901 = CARTESIAN_POINT('',(35.777263752375,10.53,3.7));
#4902 = DIRECTION('',(0.,-0.922194381829,-0.386726676251));
#4903 = DIRECTION('',(0.,0.386726676251,-0.922194381829));
#4904 = DEFINITIONAL_REPRESENTATION('',(#4905),#4909);
#4905 = LINE('',#4906,#4907);
#4906 = CARTESIAN_POINT('',(0.,0.));
#4907 = VECTOR('',#4908,1.);
#4908 = DIRECTION('',(0.,-1.));
#4909 = ( GEOMETRIC_REPRESENTATION_CONTEXT(2) 
PARAMETRIC_REPRESENTATION_CONTEXT() REPRESENTATION_CONTEXT('2D SPACE',''
  ) );
#4910 = ADVANCED_FACE('',(#4911),#4925,.F.);
#4911 = FACE_BOUND('',#4912,.T.);
#4912 = EDGE_LOOP('',(#4913,#4943,#4971,#4994));
#4913 = ORIENTED_EDGE('',*,*,#4914,.F.);
#4914 = EDGE_CURVE('',#4915,#4917,#4919,.T.);
#4915 = VERTEX_POINT('',#4916);
#4916 = CARTESIAN_POINT('',(7.5,9.88,-5.25));
#4917 = VERTEX_POINT('',#4918);
#4918 = CARTESIAN_POINT('',(-7.5,9.88,-5.25));
#4919 = SURFACE_CURVE('',#4920,(#4924,#4936),.PCURVE_S1.);
#4920 = LINE('',#4921,#4922);
#4921 = CARTESIAN_POINT('',(35.777263752375,9.88,-5.25));
#4922 = VECTOR('',#4923,1.);
#4923 = DIRECTION('',(-1.,0.,0.));
#4924 = PCURVE('',#4925,#4930);
#4925 = PLANE('',#4926);
#4926 = AXIS2_PLACEMENT_3D('',#4927,#4928,#4929);
#4927 = CARTESIAN_POINT('',(-7.5,10.53,-5.25));
#4928 = DIRECTION('',(0.,0.,1.));
#4929 = DIRECTION('',(1.,0.,-0.));
#4930 = DEFINITIONAL_REPRESENTATION('',(#4931),#4935);
#4931 = LINE('',#4932,#4933);
#4932 = CARTESIAN_POINT('',(43.277263752375,-0.65));
#4933 = VECTOR('',#4934,1.);
#4934 = DIRECTION('',(-1.,0.));
#4935 = ( GEOMETRIC_REPRESENTATION_CONTEXT(2) 
PARAMETRIC_REPRESENTATION_CONTEXT() REPRESENTATION_CONTEXT('2D SPACE',''
  ) );
#4936 = PCURVE('',#4845,#4937);
#4937 = DEFINITIONAL_REPRESENTATION('',(#4938),#4942);
#4938 = LINE('',#4939,#4940);
#4939 = CARTESIAN_POINT('',(-1.680773631397,0.));
#4940 = VECTOR('',#4941,1.);
#4941 = DIRECTION('',(0.,-1.));
#4942 = ( GEOMETRIC_REPRESENTATION_CONTEXT(2) 
PARAMETRIC_REPRESENTATION_CONTEXT() REPRESENTATION_CONTEXT('2D SPACE',''
  ) );
#4943 = ORIENTED_EDGE('',*,*,#4944,.T.);
#4944 = EDGE_CURVE('',#4915,#4945,#4947,.T.);
#4945 = VERTEX_POINT('',#4946);
#4946 = CARTESIAN_POINT('',(7.5,9.03,-5.25));
#4947 = SURFACE_CURVE('',#4948,(#4952,#4959),.PCURVE_S1.);
#4948 = LINE('',#4949,#4950);
#4949 = CARTESIAN_POINT('',(7.5,10.53,-5.25));
#4950 = VECTOR('',#4951,1.);
#4951 = DIRECTION('',(-0.,-1.,-0.));
#4952 = PCURVE('',#4925,#4953);
#4953 = DEFINITIONAL_REPRESENTATION('',(#4954),#4958);
#4954 = LINE('',#4955,#4956);
#4955 = CARTESIAN_POINT('',(15.,0.));
#4956 = VECTOR('',#4957,1.);
#4957 = DIRECTION('',(0.,-1.));
#4958 = ( GEOMETRIC_REPRESENTATION_CONTEXT(2) 
PARAMETRIC_REPRESENTATION_CONTEXT() REPRESENTATION_CONTEXT('2D SPACE',''
  ) );
#4959 = PCURVE('',#4960,#4965);
#4960 = PLANE('',#4961);
#4961 = AXIS2_PLACEMENT_3D('',#4962,#4963,#4964);
#4962 = CARTESIAN_POINT('',(7.5,10.53,-5.25));
#4963 = DIRECTION('',(-1.,0.,8.260587980842E-17));
#4964 = DIRECTION('',(8.260587980842E-17,0.,1.));
#4965 = DEFINITIONAL_REPRESENTATION('',(#4966),#4970);
#4966 = LINE('',#4967,#4968);
#4967 = CARTESIAN_POINT('',(0.,0.));
#4968 = VECTOR('',#4969,1.);
#4969 = DIRECTION('',(0.,-1.));
#4970 = ( GEOMETRIC_REPRESENTATION_CONTEXT(2) 
PARAMETRIC_REPRESENTATION_CONTEXT() REPRESENTATION_CONTEXT('2D SPACE',''
  ) );
#4971 = ORIENTED_EDGE('',*,*,#4972,.T.);
#4972 = EDGE_CURVE('',#4945,#4973,#4975,.T.);
#4973 = VERTEX_POINT('',#4974);
#4974 = CARTESIAN_POINT('',(-7.5,9.03,-5.25));
#4975 = SURFACE_CURVE('',#4976,(#4980,#4987),.PCURVE_S1.);
#4976 = LINE('',#4977,#4978);
#4977 = CARTESIAN_POINT('',(-7.5,9.03,-5.25));
#4978 = VECTOR('',#4979,1.);
#4979 = DIRECTION('',(-1.,-0.,-0.));
#4980 = PCURVE('',#4925,#4981);
#4981 = DEFINITIONAL_REPRESENTATION('',(#4982),#4986);
#4982 = LINE('',#4983,#4984);
#4983 = CARTESIAN_POINT('',(0.,-1.5));
#4984 = VECTOR('',#4985,1.);
#4985 = DIRECTION('',(-1.,0.));
#4986 = ( GEOMETRIC_REPRESENTATION_CONTEXT(2) 
PARAMETRIC_REPRESENTATION_CONTEXT() REPRESENTATION_CONTEXT('2D SPACE',''
  ) );
#4987 = PCURVE('',#2130,#4988);
#4988 = DEFINITIONAL_REPRESENTATION('',(#4989),#4993);
#4989 = LINE('',#4990,#4991);
#4990 = CARTESIAN_POINT('',(-5.25,-7.5));
#4991 = VECTOR('',#4992,1.);
#4992 = DIRECTION('',(0.,-1.));
#4993 = ( GEOMETRIC_REPRESENTATION_CONTEXT(2) 
PARAMETRIC_REPRESENTATION_CONTEXT() REPRESENTATION_CONTEXT('2D SPACE',''
  ) );
#4994 = ORIENTED_EDGE('',*,*,#4995,.F.);
#4995 = EDGE_CURVE('',#4917,#4973,#4996,.T.);
#4996 = SURFACE_CURVE('',#4997,(#5001,#5008),.PCURVE_S1.);
#4997 = LINE('',#4998,#4999);
#4998 = CARTESIAN_POINT('',(-7.5,10.53,-5.25));
#4999 = VECTOR('',#5000,1.);
#5000 = DIRECTION('',(-0.,-1.,-0.));
#5001 = PCURVE('',#4925,#5002);
#5002 = DEFINITIONAL_REPRESENTATION('',(#5003),#5007);
#5003 = LINE('',#5004,#5005);
#5004 = CARTESIAN_POINT('',(0.,0.));
#5005 = VECTOR('',#5006,1.);
#5006 = DIRECTION('',(0.,-1.));
#5007 = ( GEOMETRIC_REPRESENTATION_CONTEXT(2) 
PARAMETRIC_REPRESENTATION_CONTEXT() REPRESENTATION_CONTEXT('2D SPACE',''
  ) );
#5008 = PCURVE('',#5009,#5014);
#5009 = PLANE('',#5010);
#5010 = AXIS2_PLACEMENT_3D('',#5011,#5012,#5013);
#5011 = CARTESIAN_POINT('',(-7.5,10.53,-5.25));
#5012 = DIRECTION('',(1.,0.,-8.260587980842E-17));
#5013 = DIRECTION('',(-8.260587980842E-17,0.,-1.));
#5014 = DEFINITIONAL_REPRESENTATION('',(#5015),#5019);
#5015 = LINE('',#5016,#5017);
#5016 = CARTESIAN_POINT('',(0.,0.));
#5017 = VECTOR('',#5018,1.);
#5018 = DIRECTION('',(0.,-1.));
#5019 = ( GEOMETRIC_REPRESENTATION_CONTEXT(2) 
PARAMETRIC_REPRESENTATION_CONTEXT() REPRESENTATION_CONTEXT('2D SPACE',''
  ) );
#5020 = ADVANCED_FACE('',(#5021),#4817,.T.);
#5021 = FACE_BOUND('',#5022,.T.);
#5022 = EDGE_LOOP('',(#5023,#5046,#5067,#5068));
#5023 = ORIENTED_EDGE('',*,*,#5024,.T.);
#5024 = EDGE_CURVE('',#5025,#4915,#5027,.T.);
#5025 = VERTEX_POINT('',#5026);
#5026 = CARTESIAN_POINT('',(7.5,9.88,5.25));
#5027 = SURFACE_CURVE('',#5028,(#5032,#5039),.PCURVE_S1.);
#5028 = LINE('',#5029,#5030);
#5029 = CARTESIAN_POINT('',(7.5,9.88,31.652263752375));
#5030 = VECTOR('',#5031,1.);
#5031 = DIRECTION('',(0.,0.,-1.));
#5032 = PCURVE('',#4817,#5033);
#5033 = DEFINITIONAL_REPRESENTATION('',(#5034),#5038);
#5034 = LINE('',#5035,#5036);
#5035 = CARTESIAN_POINT('',(-1.726991603917,0.));
#5036 = VECTOR('',#5037,1.);
#5037 = DIRECTION('',(0.,-1.));
#5038 = ( GEOMETRIC_REPRESENTATION_CONTEXT(2) 
PARAMETRIC_REPRESENTATION_CONTEXT() REPRESENTATION_CONTEXT('2D SPACE',''
  ) );
#5039 = PCURVE('',#4960,#5040);
#5040 = DEFINITIONAL_REPRESENTATION('',(#5041),#5045);
#5041 = LINE('',#5042,#5043);
#5042 = CARTESIAN_POINT('',(36.902263752375,-0.65));
#5043 = VECTOR('',#5044,1.);
#5044 = DIRECTION('',(-1.,0.));
#5045 = ( GEOMETRIC_REPRESENTATION_CONTEXT(2) 
PARAMETRIC_REPRESENTATION_CONTEXT() REPRESENTATION_CONTEXT('2D SPACE',''
  ) );
#5046 = ORIENTED_EDGE('',*,*,#5047,.T.);
#5047 = EDGE_CURVE('',#4915,#4802,#5048,.T.);
#5048 = SURFACE_CURVE('',#5049,(#5053,#5060),.PCURVE_S1.);
#5049 = LINE('',#5050,#5051);
#5050 = CARTESIAN_POINT('',(-10.3810796854,17.144188622195,
    12.072295945233));
#5051 = VECTOR('',#5052,1.);
#5052 = DIRECTION('',(-0.689488661742,0.280104768833,0.667942141062));
#5053 = PCURVE('',#4817,#5054);
#5054 = DEFINITIONAL_REPRESENTATION('',(#5055),#5059);
#5055 = LINE('',#5056,#5057);
#5056 = CARTESIAN_POINT('',(17.573304949621,-19.57996780714));
#5057 = VECTOR('',#5058,1.);
#5058 = DIRECTION('',(0.74421320614,0.667942141062));
#5059 = ( GEOMETRIC_REPRESENTATION_CONTEXT(2) 
PARAMETRIC_REPRESENTATION_CONTEXT() REPRESENTATION_CONTEXT('2D SPACE',''
  ) );
#5060 = PCURVE('',#4845,#5061);
#5061 = DEFINITIONAL_REPRESENTATION('',(#5062),#5066);
#5062 = LINE('',#5063,#5064);
#5063 = CARTESIAN_POINT('',(17.103005891188,-46.15834343777));
#5064 = VECTOR('',#5065,1.);
#5065 = DIRECTION('',(0.724296476127,-0.689488661742));
#5066 = ( GEOMETRIC_REPRESENTATION_CONTEXT(2) 
PARAMETRIC_REPRESENTATION_CONTEXT() REPRESENTATION_CONTEXT('2D SPACE',''
  ) );
#5067 = ORIENTED_EDGE('',*,*,#4799,.F.);
#5068 = ORIENTED_EDGE('',*,*,#5069,.F.);
#5069 = EDGE_CURVE('',#5025,#4800,#5070,.T.);
#5070 = SURFACE_CURVE('',#5071,(#5075,#5082),.PCURVE_S1.);
#5071 = LINE('',#5072,#5073);
#5072 = CARTESIAN_POINT('',(18.773094541484,5.300305342522,
    16.170810337063));
#5073 = VECTOR('',#5074,1.);
#5074 = DIRECTION('',(-0.689488661742,0.280104768833,-0.667942141062));
#5075 = PCURVE('',#4817,#5076);
#5076 = DEFINITIONAL_REPRESENTATION('',(#5077),#5081);
#5077 = LINE('',#5078,#5079);
#5078 = CARTESIAN_POINT('',(-13.89482886848,-15.48145341531));
#5079 = VECTOR('',#5080,1.);
#5080 = DIRECTION('',(0.74421320614,-0.667942141062));
#5081 = ( GEOMETRIC_REPRESENTATION_CONTEXT(2) 
PARAMETRIC_REPRESENTATION_CONTEXT() REPRESENTATION_CONTEXT('2D SPACE',''
  ) );
#5082 = PCURVE('',#4899,#5083);
#5083 = DEFINITIONAL_REPRESENTATION('',(#5084),#5088);
#5084 = LINE('',#5085,#5086);
#5085 = CARTESIAN_POINT('',(-13.52297366238,-17.00416921089));
#5086 = VECTOR('',#5087,1.);
#5087 = DIRECTION('',(0.724296476127,-0.689488661742));
#5088 = ( GEOMETRIC_REPRESENTATION_CONTEXT(2) 
PARAMETRIC_REPRESENTATION_CONTEXT() REPRESENTATION_CONTEXT('2D SPACE',''
  ) );
#5089 = ADVANCED_FACE('',(#5090),#4873,.F.);
#5090 = FACE_BOUND('',#5091,.T.);
#5091 = EDGE_LOOP('',(#5092,#5113,#5136,#5157));
#5092 = ORIENTED_EDGE('',*,*,#5093,.F.);
#5093 = EDGE_CURVE('',#4917,#4830,#5094,.T.);
#5094 = SURFACE_CURVE('',#5095,(#5099,#5106),.PCURVE_S1.);
#5095 = LINE('',#5096,#5097);
#5096 = CARTESIAN_POINT('',(10.985536509915,17.389749207153,
    12.65786349398));
#5097 = VECTOR('',#5098,1.);
#5098 = DIRECTION('',(0.689488661742,0.280104768833,0.667942141062));
#5099 = PCURVE('',#4873,#5100);
#5100 = DEFINITIONAL_REPRESENTATION('',(#5101),#5105);
#5101 = LINE('',#5102,#5103);
#5102 = CARTESIAN_POINT('',(18.225737362661,-20.30690025839));
#5103 = VECTOR('',#5104,1.);
#5104 = DIRECTION('',(0.74421320614,0.667942141062));
#5105 = ( GEOMETRIC_REPRESENTATION_CONTEXT(2) 
PARAMETRIC_REPRESENTATION_CONTEXT() REPRESENTATION_CONTEXT('2D SPACE',''
  ) );
#5106 = PCURVE('',#4845,#5107);
#5107 = DEFINITIONAL_REPRESENTATION('',(#5108),#5112);
#5108 = LINE('',#5109,#5110);
#5109 = CARTESIAN_POINT('',(17.737977823662,-24.79172724246));
#5110 = VECTOR('',#5111,1.);
#5111 = DIRECTION('',(0.724296476127,0.689488661742));
#5112 = ( GEOMETRIC_REPRESENTATION_CONTEXT(2) 
PARAMETRIC_REPRESENTATION_CONTEXT() REPRESENTATION_CONTEXT('2D SPACE',''
  ) );
#5113 = ORIENTED_EDGE('',*,*,#5114,.F.);
#5114 = EDGE_CURVE('',#5115,#4917,#5117,.T.);
#5115 = VERTEX_POINT('',#5116);
#5116 = CARTESIAN_POINT('',(-7.5,9.88,5.25));
#5117 = SURFACE_CURVE('',#5118,(#5122,#5129),.PCURVE_S1.);
#5118 = LINE('',#5119,#5120);
#5119 = CARTESIAN_POINT('',(-7.5,9.88,32.964763752375));
#5120 = VECTOR('',#5121,1.);
#5121 = DIRECTION('',(0.,0.,-1.));
#5122 = PCURVE('',#4873,#5123);
#5123 = DEFINITIONAL_REPRESENTATION('',(#5124),#5128);
#5124 = LINE('',#5125,#5126);
#5125 = CARTESIAN_POINT('',(-1.726991603917,0.));
#5126 = VECTOR('',#5127,1.);
#5127 = DIRECTION('',(0.,-1.));
#5128 = ( GEOMETRIC_REPRESENTATION_CONTEXT(2) 
PARAMETRIC_REPRESENTATION_CONTEXT() REPRESENTATION_CONTEXT('2D SPACE',''
  ) );
#5129 = PCURVE('',#5009,#5130);
#5130 = DEFINITIONAL_REPRESENTATION('',(#5131),#5135);
#5131 = LINE('',#5132,#5133);
#5132 = CARTESIAN_POINT('',(-38.21476375237,-0.65));
#5133 = VECTOR('',#5134,1.);
#5134 = DIRECTION('',(1.,0.));
#5135 = ( GEOMETRIC_REPRESENTATION_CONTEXT(2) 
PARAMETRIC_REPRESENTATION_CONTEXT() REPRESENTATION_CONTEXT('2D SPACE',''
  ) );
#5136 = ORIENTED_EDGE('',*,*,#5137,.T.);
#5137 = EDGE_CURVE('',#5115,#4858,#5138,.T.);
#5138 = SURFACE_CURVE('',#5139,(#5143,#5150),.PCURVE_S1.);
#5139 = LINE('',#5140,#5141);
#5140 = CARTESIAN_POINT('',(-19.37755136599,5.054744757564,
    16.756377885809));
#5141 = VECTOR('',#5142,1.);
#5142 = DIRECTION('',(0.689488661742,0.280104768833,-0.667942141062));
#5143 = PCURVE('',#4873,#5144);
#5144 = DEFINITIONAL_REPRESENTATION('',(#5145),#5149);
#5145 = LINE('',#5146,#5147);
#5146 = CARTESIAN_POINT('',(-14.54726128152,-16.20838586656));
#5147 = VECTOR('',#5148,1.);
#5148 = DIRECTION('',(0.74421320614,-0.667942141062));
#5149 = ( GEOMETRIC_REPRESENTATION_CONTEXT(2) 
PARAMETRIC_REPRESENTATION_CONTEXT() REPRESENTATION_CONTEXT('2D SPACE',''
  ) );
#5150 = PCURVE('',#4899,#5151);
#5151 = DEFINITIONAL_REPRESENTATION('',(#5152),#5156);
#5152 = LINE('',#5153,#5154);
#5153 = CARTESIAN_POINT('',(-14.15794559485,-55.15481511837));
#5154 = VECTOR('',#5155,1.);
#5155 = DIRECTION('',(0.724296476127,0.689488661742));
#5156 = ( GEOMETRIC_REPRESENTATION_CONTEXT(2) 
PARAMETRIC_REPRESENTATION_CONTEXT() REPRESENTATION_CONTEXT('2D SPACE',''
  ) );
#5157 = ORIENTED_EDGE('',*,*,#4857,.T.);
#5158 = ADVANCED_FACE('',(#5159),#4960,.F.);
#5159 = FACE_BOUND('',#5160,.T.);
#5160 = EDGE_LOOP('',(#5161,#5162,#5190,#5211));
#5161 = ORIENTED_EDGE('',*,*,#5024,.F.);
#5162 = ORIENTED_EDGE('',*,*,#5163,.T.);
#5163 = EDGE_CURVE('',#5025,#5164,#5166,.T.);
#5164 = VERTEX_POINT('',#5165);
#5165 = CARTESIAN_POINT('',(7.5,9.03,5.25));
#5166 = SURFACE_CURVE('',#5167,(#5171,#5178),.PCURVE_S1.);
#5167 = LINE('',#5168,#5169);
#5168 = CARTESIAN_POINT('',(7.5,10.53,5.25));
#5169 = VECTOR('',#5170,1.);
#5170 = DIRECTION('',(-0.,-1.,-0.));
#5171 = PCURVE('',#4960,#5172);
#5172 = DEFINITIONAL_REPRESENTATION('',(#5173),#5177);
#5173 = LINE('',#5174,#5175);
#5174 = CARTESIAN_POINT('',(10.5,0.));
#5175 = VECTOR('',#5176,1.);
#5176 = DIRECTION('',(0.,-1.));
#5177 = ( GEOMETRIC_REPRESENTATION_CONTEXT(2) 
PARAMETRIC_REPRESENTATION_CONTEXT() REPRESENTATION_CONTEXT('2D SPACE',''
  ) );
#5178 = PCURVE('',#5179,#5184);
#5179 = PLANE('',#5180);
#5180 = AXIS2_PLACEMENT_3D('',#5181,#5182,#5183);
#5181 = CARTESIAN_POINT('',(-7.5,10.53,5.25));
#5182 = DIRECTION('',(0.,0.,-1.));
#5183 = DIRECTION('',(-1.,0.,-0.));
#5184 = DEFINITIONAL_REPRESENTATION('',(#5185),#5189);
#5185 = LINE('',#5186,#5187);
#5186 = CARTESIAN_POINT('',(-15.,0.));
#5187 = VECTOR('',#5188,1.);
#5188 = DIRECTION('',(0.,-1.));
#5189 = ( GEOMETRIC_REPRESENTATION_CONTEXT(2) 
PARAMETRIC_REPRESENTATION_CONTEXT() REPRESENTATION_CONTEXT('2D SPACE',''
  ) );
#5190 = ORIENTED_EDGE('',*,*,#5191,.T.);
#5191 = EDGE_CURVE('',#5164,#4945,#5192,.T.);
#5192 = SURFACE_CURVE('',#5193,(#5197,#5204),.PCURVE_S1.);
#5193 = LINE('',#5194,#5195);
#5194 = CARTESIAN_POINT('',(7.5,9.03,-5.25));
#5195 = VECTOR('',#5196,1.);
#5196 = DIRECTION('',(-8.260587980842E-17,-0.,-1.));
#5197 = PCURVE('',#4960,#5198);
#5198 = DEFINITIONAL_REPRESENTATION('',(#5199),#5203);
#5199 = LINE('',#5200,#5201);
#5200 = CARTESIAN_POINT('',(0.,-1.5));
#5201 = VECTOR('',#5202,1.);
#5202 = DIRECTION('',(-1.,0.));
#5203 = ( GEOMETRIC_REPRESENTATION_CONTEXT(2) 
PARAMETRIC_REPRESENTATION_CONTEXT() REPRESENTATION_CONTEXT('2D SPACE',''
  ) );
#5204 = PCURVE('',#2130,#5205);
#5205 = DEFINITIONAL_REPRESENTATION('',(#5206),#5210);
#5206 = LINE('',#5207,#5208);
#5207 = CARTESIAN_POINT('',(-5.25,7.5));
#5208 = VECTOR('',#5209,1.);
#5209 = DIRECTION('',(-1.,-8.260587980842E-17));
#5210 = ( GEOMETRIC_REPRESENTATION_CONTEXT(2) 
PARAMETRIC_REPRESENTATION_CONTEXT() REPRESENTATION_CONTEXT('2D SPACE',''
  ) );
#5211 = ORIENTED_EDGE('',*,*,#4944,.F.);
#5212 = ADVANCED_FACE('',(#5213),#5179,.F.);
#5213 = FACE_BOUND('',#5214,.T.);
#5214 = EDGE_LOOP('',(#5215,#5216,#5237,#5260));
#5215 = ORIENTED_EDGE('',*,*,#5163,.F.);
#5216 = ORIENTED_EDGE('',*,*,#5217,.T.);
#5217 = EDGE_CURVE('',#5025,#5115,#5218,.T.);
#5218 = SURFACE_CURVE('',#5219,(#5223,#5230),.PCURVE_S1.);
#5219 = LINE('',#5220,#5221);
#5220 = CARTESIAN_POINT('',(35.777263752375,9.88,5.25));
#5221 = VECTOR('',#5222,1.);
#5222 = DIRECTION('',(-1.,0.,0.));
#5223 = PCURVE('',#5179,#5224);
#5224 = DEFINITIONAL_REPRESENTATION('',(#5225),#5229);
#5225 = LINE('',#5226,#5227);
#5226 = CARTESIAN_POINT('',(-43.27726375237,-0.65));
#5227 = VECTOR('',#5228,1.);
#5228 = DIRECTION('',(1.,0.));
#5229 = ( GEOMETRIC_REPRESENTATION_CONTEXT(2) 
PARAMETRIC_REPRESENTATION_CONTEXT() REPRESENTATION_CONTEXT('2D SPACE',''
  ) );
#5230 = PCURVE('',#4899,#5231);
#5231 = DEFINITIONAL_REPRESENTATION('',(#5232),#5236);
#5232 = LINE('',#5233,#5234);
#5233 = CARTESIAN_POINT('',(-1.680773631397,0.));
#5234 = VECTOR('',#5235,1.);
#5235 = DIRECTION('',(0.,-1.));
#5236 = ( GEOMETRIC_REPRESENTATION_CONTEXT(2) 
PARAMETRIC_REPRESENTATION_CONTEXT() REPRESENTATION_CONTEXT('2D SPACE',''
  ) );
#5237 = ORIENTED_EDGE('',*,*,#5238,.T.);
#5238 = EDGE_CURVE('',#5115,#5239,#5241,.T.);
#5239 = VERTEX_POINT('',#5240);
#5240 = CARTESIAN_POINT('',(-7.5,9.03,5.25));
#5241 = SURFACE_CURVE('',#5242,(#5246,#5253),.PCURVE_S1.);
#5242 = LINE('',#5243,#5244);
#5243 = CARTESIAN_POINT('',(-7.5,10.53,5.25));
#5244 = VECTOR('',#5245,1.);
#5245 = DIRECTION('',(-0.,-1.,-0.));
#5246 = PCURVE('',#5179,#5247);
#5247 = DEFINITIONAL_REPRESENTATION('',(#5248),#5252);
#5248 = LINE('',#5249,#5250);
#5249 = CARTESIAN_POINT('',(0.,0.));
#5250 = VECTOR('',#5251,1.);
#5251 = DIRECTION('',(0.,-1.));
#5252 = ( GEOMETRIC_REPRESENTATION_CONTEXT(2) 
PARAMETRIC_REPRESENTATION_CONTEXT() REPRESENTATION_CONTEXT('2D SPACE',''
  ) );
#5253 = PCURVE('',#5009,#5254);
#5254 = DEFINITIONAL_REPRESENTATION('',(#5255),#5259);
#5255 = LINE('',#5256,#5257);
#5256 = CARTESIAN_POINT('',(-10.5,0.));
#5257 = VECTOR('',#5258,1.);
#5258 = DIRECTION('',(0.,-1.));
#5259 = ( GEOMETRIC_REPRESENTATION_CONTEXT(2) 
PARAMETRIC_REPRESENTATION_CONTEXT() REPRESENTATION_CONTEXT('2D SPACE',''
  ) );
#5260 = ORIENTED_EDGE('',*,*,#5261,.T.);
#5261 = EDGE_CURVE('',#5239,#5164,#5262,.T.);
#5262 = SURFACE_CURVE('',#5263,(#5267,#5274),.PCURVE_S1.);
#5263 = LINE('',#5264,#5265);
#5264 = CARTESIAN_POINT('',(-7.5,9.03,5.25));
#5265 = VECTOR('',#5266,1.);
#5266 = DIRECTION('',(1.,0.,0.));
#5267 = PCURVE('',#5179,#5268);
#5268 = DEFINITIONAL_REPRESENTATION('',(#5269),#5273);
#5269 = LINE('',#5270,#5271);
#5270 = CARTESIAN_POINT('',(-0.,-1.5));
#5271 = VECTOR('',#5272,1.);
#5272 = DIRECTION('',(-1.,0.));
#5273 = ( GEOMETRIC_REPRESENTATION_CONTEXT(2) 
PARAMETRIC_REPRESENTATION_CONTEXT() REPRESENTATION_CONTEXT('2D SPACE',''
  ) );
#5274 = PCURVE('',#2130,#5275);
#5275 = DEFINITIONAL_REPRESENTATION('',(#5276),#5280);
#5276 = LINE('',#5277,#5278);
#5277 = CARTESIAN_POINT('',(5.25,-7.5));
#5278 = VECTOR('',#5279,1.);
#5279 = DIRECTION('',(0.,1.));
#5280 = ( GEOMETRIC_REPRESENTATION_CONTEXT(2) 
PARAMETRIC_REPRESENTATION_CONTEXT() REPRESENTATION_CONTEXT('2D SPACE',''
  ) );
#5281 = ADVANCED_FACE('',(#5282),#4094,.F.);
#5282 = FACE_BOUND('',#5283,.T.);
#5283 = EDGE_LOOP('',(#5284,#5314,#5335,#5336));
#5284 = ORIENTED_EDGE('',*,*,#5285,.F.);
#5285 = EDGE_CURVE('',#5286,#5288,#5290,.T.);
#5286 = VERTEX_POINT('',#5287);
#5287 = CARTESIAN_POINT('',(-6.6,3.528113277767,-4.2));
#5288 = VERTEX_POINT('',#5289);
#5289 = CARTESIAN_POINT('',(-6.6,3.528113277767,4.2));
#5290 = SURFACE_CURVE('',#5291,(#5295,#5302),.PCURVE_S1.);
#5291 = LINE('',#5292,#5293);
#5292 = CARTESIAN_POINT('',(-6.6,3.528113277767,-27.83113496372));
#5293 = VECTOR('',#5294,1.);
#5294 = DIRECTION('',(0.,0.,1.));
#5295 = PCURVE('',#4094,#5296);
#5296 = DEFINITIONAL_REPRESENTATION('',(#5297),#5301);
#5297 = LINE('',#5298,#5299);
#5298 = CARTESIAN_POINT('',(23.631134963726,-5.501886722233));
#5299 = VECTOR('',#5300,1.);
#5300 = DIRECTION('',(-1.,0.));
#5301 = ( GEOMETRIC_REPRESENTATION_CONTEXT(2) 
PARAMETRIC_REPRESENTATION_CONTEXT() REPRESENTATION_CONTEXT('2D SPACE',''
  ) );
#5302 = PCURVE('',#5303,#5308);
#5303 = PLANE('',#5304);
#5304 = AXIS2_PLACEMENT_3D('',#5305,#5306,#5307);
#5305 = CARTESIAN_POINT('',(-6.034972997868,3.528113277767,
    -27.83113496372));
#5306 = DIRECTION('',(0.,1.,-0.));
#5307 = DIRECTION('',(0.,0.,1.));
#5308 = DEFINITIONAL_REPRESENTATION('',(#5309),#5313);
#5309 = LINE('',#5310,#5311);
#5310 = CARTESIAN_POINT('',(0.,-0.565027002132));
#5311 = VECTOR('',#5312,1.);
#5312 = DIRECTION('',(1.,0.));
#5313 = ( GEOMETRIC_REPRESENTATION_CONTEXT(2) 
PARAMETRIC_REPRESENTATION_CONTEXT() REPRESENTATION_CONTEXT('2D SPACE',''
  ) );
#5314 = ORIENTED_EDGE('',*,*,#5315,.T.);
#5315 = EDGE_CURVE('',#5286,#4079,#5316,.T.);
#5316 = SURFACE_CURVE('',#5317,(#5321,#5328),.PCURVE_S1.);
#5317 = LINE('',#5318,#5319);
#5318 = CARTESIAN_POINT('',(-6.6,9.03,-4.2));
#5319 = VECTOR('',#5320,1.);
#5320 = DIRECTION('',(-0.,-1.,-0.));
#5321 = PCURVE('',#4094,#5322);
#5322 = DEFINITIONAL_REPRESENTATION('',(#5323),#5327);
#5323 = LINE('',#5324,#5325);
#5324 = CARTESIAN_POINT('',(0.,0.));
#5325 = VECTOR('',#5326,1.);
#5326 = DIRECTION('',(0.,-1.));
#5327 = ( GEOMETRIC_REPRESENTATION_CONTEXT(2) 
PARAMETRIC_REPRESENTATION_CONTEXT() REPRESENTATION_CONTEXT('2D SPACE',''
  ) );
#5328 = PCURVE('',#942,#5329);
#5329 = DEFINITIONAL_REPRESENTATION('',(#5330),#5334);
#5330 = LINE('',#5331,#5332);
#5331 = CARTESIAN_POINT('',(0.,0.));
#5332 = VECTOR('',#5333,1.);
#5333 = DIRECTION('',(0.,-1.));
#5334 = ( GEOMETRIC_REPRESENTATION_CONTEXT(2) 
PARAMETRIC_REPRESENTATION_CONTEXT() REPRESENTATION_CONTEXT('2D SPACE',''
  ) );
#5335 = ORIENTED_EDGE('',*,*,#4078,.T.);
#5336 = ORIENTED_EDGE('',*,*,#5337,.F.);
#5337 = EDGE_CURVE('',#5288,#4056,#5338,.T.);
#5338 = SURFACE_CURVE('',#5339,(#5343,#5350),.PCURVE_S1.);
#5339 = LINE('',#5340,#5341);
#5340 = CARTESIAN_POINT('',(-6.6,9.03,4.2));
#5341 = VECTOR('',#5342,1.);
#5342 = DIRECTION('',(-0.,-1.,-0.));
#5343 = PCURVE('',#4094,#5344);
#5344 = DEFINITIONAL_REPRESENTATION('',(#5345),#5349);
#5345 = LINE('',#5346,#5347);
#5346 = CARTESIAN_POINT('',(-8.4,0.));
#5347 = VECTOR('',#5348,1.);
#5348 = DIRECTION('',(0.,-1.));
#5349 = ( GEOMETRIC_REPRESENTATION_CONTEXT(2) 
PARAMETRIC_REPRESENTATION_CONTEXT() REPRESENTATION_CONTEXT('2D SPACE',''
  ) );
#5350 = PCURVE('',#1063,#5351);
#5351 = DEFINITIONAL_REPRESENTATION('',(#5352),#5356);
#5352 = LINE('',#5353,#5354);
#5353 = CARTESIAN_POINT('',(0.,0.));
#5354 = VECTOR('',#5355,1.);
#5355 = DIRECTION('',(0.,-1.));
#5356 = ( GEOMETRIC_REPRESENTATION_CONTEXT(2) 
PARAMETRIC_REPRESENTATION_CONTEXT() REPRESENTATION_CONTEXT('2D SPACE',''
  ) );
#5357 = ADVANCED_FACE('',(#5358,#5383),#942,.F.);
#5358 = FACE_BOUND('',#5359,.T.);
#5359 = EDGE_LOOP('',(#5360,#5361));
#5360 = ORIENTED_EDGE('',*,*,#925,.T.);
#5361 = ORIENTED_EDGE('',*,*,#5362,.T.);
#5362 = EDGE_CURVE('',#926,#893,#5363,.T.);
#5363 = SURFACE_CURVE('',#5364,(#5369,#5376),.PCURVE_S1.);
#5364 = CIRCLE('',#5365,0.73);
#5365 = AXIS2_PLACEMENT_3D('',#5366,#5367,#5368);
#5366 = CARTESIAN_POINT('',(0.,7.722782957021,-4.2));
#5367 = DIRECTION('',(0.,-0.,1.));
#5368 = DIRECTION('',(1.,0.,0.));
#5369 = PCURVE('',#942,#5370);
#5370 = DEFINITIONAL_REPRESENTATION('',(#5371),#5375);
#5371 = CIRCLE('',#5372,0.73);
#5372 = AXIS2_PLACEMENT_2D('',#5373,#5374);
#5373 = CARTESIAN_POINT('',(6.6,-1.307217042979));
#5374 = DIRECTION('',(1.,0.));
#5375 = ( GEOMETRIC_REPRESENTATION_CONTEXT(2) 
PARAMETRIC_REPRESENTATION_CONTEXT() REPRESENTATION_CONTEXT('2D SPACE',''
  ) );
#5376 = PCURVE('',#913,#5377);
#5377 = DEFINITIONAL_REPRESENTATION('',(#5378),#5382);
#5378 = LINE('',#5379,#5380);
#5379 = CARTESIAN_POINT('',(3.14159265359,0.4));
#5380 = VECTOR('',#5381,1.);
#5381 = DIRECTION('',(-1.,0.));
#5382 = ( GEOMETRIC_REPRESENTATION_CONTEXT(2) 
PARAMETRIC_REPRESENTATION_CONTEXT() REPRESENTATION_CONTEXT('2D SPACE',''
  ) );
#5383 = FACE_BOUND('',#5384,.T.);
#5384 = EDGE_LOOP('',(#5385,#5410,#5438,#5461,#5482,#5483,#5484,#5507));
#5385 = ORIENTED_EDGE('',*,*,#5386,.F.);
#5386 = EDGE_CURVE('',#5387,#5389,#5391,.T.);
#5387 = VERTEX_POINT('',#5388);
#5388 = CARTESIAN_POINT('',(6.034972997868,9.03,-4.2));
#5389 = VERTEX_POINT('',#5390);
#5390 = CARTESIAN_POINT('',(-6.034972997868,9.03,-4.2));
#5391 = SURFACE_CURVE('',#5392,(#5396,#5403),.PCURVE_S1.);
#5392 = LINE('',#5393,#5394);
#5393 = CARTESIAN_POINT('',(-6.6,9.03,-4.2));
#5394 = VECTOR('',#5395,1.);
#5395 = DIRECTION('',(-1.,-0.,-0.));
#5396 = PCURVE('',#942,#5397);
#5397 = DEFINITIONAL_REPRESENTATION('',(#5398),#5402);
#5398 = LINE('',#5399,#5400);
#5399 = CARTESIAN_POINT('',(0.,0.));
#5400 = VECTOR('',#5401,1.);
#5401 = DIRECTION('',(-1.,0.));
#5402 = ( GEOMETRIC_REPRESENTATION_CONTEXT(2) 
PARAMETRIC_REPRESENTATION_CONTEXT() REPRESENTATION_CONTEXT('2D SPACE',''
  ) );
#5403 = PCURVE('',#2130,#5404);
#5404 = DEFINITIONAL_REPRESENTATION('',(#5405),#5409);
#5405 = LINE('',#5406,#5407);
#5406 = CARTESIAN_POINT('',(-4.2,-6.6));
#5407 = VECTOR('',#5408,1.);
#5408 = DIRECTION('',(0.,-1.));
#5409 = ( GEOMETRIC_REPRESENTATION_CONTEXT(2) 
PARAMETRIC_REPRESENTATION_CONTEXT() REPRESENTATION_CONTEXT('2D SPACE',''
  ) );
#5410 = ORIENTED_EDGE('',*,*,#5411,.T.);
#5411 = EDGE_CURVE('',#5387,#5412,#5414,.T.);
#5412 = VERTEX_POINT('',#5413);
#5413 = CARTESIAN_POINT('',(6.034972997868,3.528113277767,-4.2));
#5414 = SURFACE_CURVE('',#5415,(#5419,#5426),.PCURVE_S1.);
#5415 = LINE('',#5416,#5417);
#5416 = CARTESIAN_POINT('',(6.034972997868,9.03,-4.2));
#5417 = VECTOR('',#5418,1.);
#5418 = DIRECTION('',(0.,-1.,0.));
#5419 = PCURVE('',#942,#5420);
#5420 = DEFINITIONAL_REPRESENTATION('',(#5421),#5425);
#5421 = LINE('',#5422,#5423);
#5422 = CARTESIAN_POINT('',(12.634972997868,0.));
#5423 = VECTOR('',#5424,1.);
#5424 = DIRECTION('',(0.,-1.));
#5425 = ( GEOMETRIC_REPRESENTATION_CONTEXT(2) 
PARAMETRIC_REPRESENTATION_CONTEXT() REPRESENTATION_CONTEXT('2D SPACE',''
  ) );
#5426 = PCURVE('',#5427,#5432);
#5427 = PLANE('',#5428);
#5428 = AXIS2_PLACEMENT_3D('',#5429,#5430,#5431);
#5429 = CARTESIAN_POINT('',(6.034972997868,9.03,-27.83113496372));
#5430 = DIRECTION('',(-1.,0.,0.));
#5431 = DIRECTION('',(0.,0.,1.));
#5432 = DEFINITIONAL_REPRESENTATION('',(#5433),#5437);
#5433 = LINE('',#5434,#5435);
#5434 = CARTESIAN_POINT('',(23.631134963726,0.));
#5435 = VECTOR('',#5436,1.);
#5436 = DIRECTION('',(0.,-1.));
#5437 = ( GEOMETRIC_REPRESENTATION_CONTEXT(2) 
PARAMETRIC_REPRESENTATION_CONTEXT() REPRESENTATION_CONTEXT('2D SPACE',''
  ) );
#5438 = ORIENTED_EDGE('',*,*,#5439,.T.);
#5439 = EDGE_CURVE('',#5412,#5440,#5442,.T.);
#5440 = VERTEX_POINT('',#5441);
#5441 = CARTESIAN_POINT('',(6.6,3.528113277767,-4.2));
#5442 = SURFACE_CURVE('',#5443,(#5447,#5454),.PCURVE_S1.);
#5443 = LINE('',#5444,#5445);
#5444 = CARTESIAN_POINT('',(-6.6,3.528113277767,-4.2));
#5445 = VECTOR('',#5446,1.);
#5446 = DIRECTION('',(1.,0.,-0.));
#5447 = PCURVE('',#942,#5448);
#5448 = DEFINITIONAL_REPRESENTATION('',(#5449),#5453);
#5449 = LINE('',#5450,#5451);
#5450 = CARTESIAN_POINT('',(0.,-5.501886722233));
#5451 = VECTOR('',#5452,1.);
#5452 = DIRECTION('',(1.,0.));
#5453 = ( GEOMETRIC_REPRESENTATION_CONTEXT(2) 
PARAMETRIC_REPRESENTATION_CONTEXT() REPRESENTATION_CONTEXT('2D SPACE',''
  ) );
#5454 = PCURVE('',#2848,#5455);
#5455 = DEFINITIONAL_REPRESENTATION('',(#5456),#5460);
#5456 = LINE('',#5457,#5458);
#5457 = CARTESIAN_POINT('',(-23.63113496372,-12.63497299786));
#5458 = VECTOR('',#5459,1.);
#5459 = DIRECTION('',(0.,1.));
#5460 = ( GEOMETRIC_REPRESENTATION_CONTEXT(2) 
PARAMETRIC_REPRESENTATION_CONTEXT() REPRESENTATION_CONTEXT('2D SPACE',''
  ) );
#5461 = ORIENTED_EDGE('',*,*,#5462,.T.);
#5462 = EDGE_CURVE('',#5440,#4028,#5463,.T.);
#5463 = SURFACE_CURVE('',#5464,(#5468,#5475),.PCURVE_S1.);
#5464 = LINE('',#5465,#5466);
#5465 = CARTESIAN_POINT('',(6.6,9.03,-4.2));
#5466 = VECTOR('',#5467,1.);
#5467 = DIRECTION('',(-0.,-1.,-0.));
#5468 = PCURVE('',#942,#5469);
#5469 = DEFINITIONAL_REPRESENTATION('',(#5470),#5474);
#5470 = LINE('',#5471,#5472);
#5471 = CARTESIAN_POINT('',(13.2,0.));
#5472 = VECTOR('',#5473,1.);
#5473 = DIRECTION('',(0.,-1.));
#5474 = ( GEOMETRIC_REPRESENTATION_CONTEXT(2) 
PARAMETRIC_REPRESENTATION_CONTEXT() REPRESENTATION_CONTEXT('2D SPACE',''
  ) );
#5475 = PCURVE('',#4043,#5476);
#5476 = DEFINITIONAL_REPRESENTATION('',(#5477),#5481);
#5477 = LINE('',#5478,#5479);
#5478 = CARTESIAN_POINT('',(0.,0.));
#5479 = VECTOR('',#5480,1.);
#5480 = DIRECTION('',(0.,-1.));
#5481 = ( GEOMETRIC_REPRESENTATION_CONTEXT(2) 
PARAMETRIC_REPRESENTATION_CONTEXT() REPRESENTATION_CONTEXT('2D SPACE',''
  ) );
#5482 = ORIENTED_EDGE('',*,*,#4106,.T.);
#5483 = ORIENTED_EDGE('',*,*,#5315,.F.);
#5484 = ORIENTED_EDGE('',*,*,#5485,.F.);
#5485 = EDGE_CURVE('',#5486,#5286,#5488,.T.);
#5486 = VERTEX_POINT('',#5487);
#5487 = CARTESIAN_POINT('',(-6.034972997868,3.528113277767,-4.2));
#5488 = SURFACE_CURVE('',#5489,(#5493,#5500),.PCURVE_S1.);
#5489 = LINE('',#5490,#5491);
#5490 = CARTESIAN_POINT('',(-6.6,3.528113277767,-4.2));
#5491 = VECTOR('',#5492,1.);
#5492 = DIRECTION('',(-1.,0.,0.));
#5493 = PCURVE('',#942,#5494);
#5494 = DEFINITIONAL_REPRESENTATION('',(#5495),#5499);
#5495 = LINE('',#5496,#5497);
#5496 = CARTESIAN_POINT('',(0.,-5.501886722233));
#5497 = VECTOR('',#5498,1.);
#5498 = DIRECTION('',(-1.,0.));
#5499 = ( GEOMETRIC_REPRESENTATION_CONTEXT(2) 
PARAMETRIC_REPRESENTATION_CONTEXT() REPRESENTATION_CONTEXT('2D SPACE',''
  ) );
#5500 = PCURVE('',#5303,#5501);
#5501 = DEFINITIONAL_REPRESENTATION('',(#5502),#5506);
#5502 = LINE('',#5503,#5504);
#5503 = CARTESIAN_POINT('',(23.631134963726,-0.565027002132));
#5504 = VECTOR('',#5505,1.);
#5505 = DIRECTION('',(0.,-1.));
#5506 = ( GEOMETRIC_REPRESENTATION_CONTEXT(2) 
PARAMETRIC_REPRESENTATION_CONTEXT() REPRESENTATION_CONTEXT('2D SPACE',''
  ) );
#5507 = ORIENTED_EDGE('',*,*,#5508,.F.);
#5508 = EDGE_CURVE('',#5389,#5486,#5509,.T.);
#5509 = SURFACE_CURVE('',#5510,(#5514,#5521),.PCURVE_S1.);
#5510 = LINE('',#5511,#5512);
#5511 = CARTESIAN_POINT('',(-6.034972997868,9.03,-4.2));
#5512 = VECTOR('',#5513,1.);
#5513 = DIRECTION('',(0.,-1.,0.));
#5514 = PCURVE('',#942,#5515);
#5515 = DEFINITIONAL_REPRESENTATION('',(#5516),#5520);
#5516 = LINE('',#5517,#5518);
#5517 = CARTESIAN_POINT('',(0.565027002132,0.));
#5518 = VECTOR('',#5519,1.);
#5519 = DIRECTION('',(0.,-1.));
#5520 = ( GEOMETRIC_REPRESENTATION_CONTEXT(2) 
PARAMETRIC_REPRESENTATION_CONTEXT() REPRESENTATION_CONTEXT('2D SPACE',''
  ) );
#5521 = PCURVE('',#5522,#5527);
#5522 = PLANE('',#5523);
#5523 = AXIS2_PLACEMENT_3D('',#5524,#5525,#5526);
#5524 = CARTESIAN_POINT('',(-6.034972997868,9.03,-27.83113496372));
#5525 = DIRECTION('',(-1.,0.,0.));
#5526 = DIRECTION('',(0.,0.,1.));
#5527 = DEFINITIONAL_REPRESENTATION('',(#5528),#5532);
#5528 = LINE('',#5529,#5530);
#5529 = CARTESIAN_POINT('',(23.631134963726,0.));
#5530 = VECTOR('',#5531,1.);
#5531 = DIRECTION('',(0.,-1.));
#5532 = ( GEOMETRIC_REPRESENTATION_CONTEXT(2) 
PARAMETRIC_REPRESENTATION_CONTEXT() REPRESENTATION_CONTEXT('2D SPACE',''
  ) );
#5533 = ADVANCED_FACE('',(#5534,#5563),#1063,.F.);
#5534 = FACE_BOUND('',#5535,.T.);
#5535 = EDGE_LOOP('',(#5536,#5562));
#5536 = ORIENTED_EDGE('',*,*,#5537,.F.);
#5537 = EDGE_CURVE('',#1014,#1047,#5538,.T.);
#5538 = SURFACE_CURVE('',#5539,(#5544,#5555),.PCURVE_S1.);
#5539 = CIRCLE('',#5540,0.73);
#5540 = AXIS2_PLACEMENT_3D('',#5541,#5542,#5543);
#5541 = CARTESIAN_POINT('',(0.,7.722782957021,4.2));
#5542 = DIRECTION('',(0.,0.,1.));
#5543 = DIRECTION('',(1.,0.,-0.));
#5544 = PCURVE('',#1063,#5545);
#5545 = DEFINITIONAL_REPRESENTATION('',(#5546),#5554);
#5546 = ( BOUNDED_CURVE() B_SPLINE_CURVE(2,(#5547,#5548,#5549,#5550,
#5551,#5552,#5553),.UNSPECIFIED.,.T.,.F.) B_SPLINE_CURVE_WITH_KNOTS((1,2
    ,2,2,2,1),(-2.094395102393,0.,2.094395102393,4.188790204786,
6.28318530718,8.377580409573),.UNSPECIFIED.) CURVE() 
GEOMETRIC_REPRESENTATION_ITEM() RATIONAL_B_SPLINE_CURVE((1.,0.5,1.,0.5,
1.,0.5,1.)) REPRESENTATION_ITEM('') );
#5547 = CARTESIAN_POINT('',(-7.33,-1.307217042979));
#5548 = CARTESIAN_POINT('',(-7.33,-4.28199534541E-02));
#5549 = CARTESIAN_POINT('',(-6.235,-0.675018498217));
#5550 = CARTESIAN_POINT('',(-5.14,-1.307217042979));
#5551 = CARTESIAN_POINT('',(-6.235,-1.939415587742));
#5552 = CARTESIAN_POINT('',(-7.33,-2.571614132505));
#5553 = CARTESIAN_POINT('',(-7.33,-1.307217042979));
#5554 = ( GEOMETRIC_REPRESENTATION_CONTEXT(2) 
PARAMETRIC_REPRESENTATION_CONTEXT() REPRESENTATION_CONTEXT('2D SPACE',''
  ) );
#5555 = PCURVE('',#1034,#5556);
#5556 = DEFINITIONAL_REPRESENTATION('',(#5557),#5561);
#5557 = LINE('',#5558,#5559);
#5558 = CARTESIAN_POINT('',(0.,0.4));
#5559 = VECTOR('',#5560,1.);
#5560 = DIRECTION('',(1.,0.));
#5561 = ( GEOMETRIC_REPRESENTATION_CONTEXT(2) 
PARAMETRIC_REPRESENTATION_CONTEXT() REPRESENTATION_CONTEXT('2D SPACE',''
  ) );
#5562 = ORIENTED_EDGE('',*,*,#1046,.F.);
#5563 = FACE_BOUND('',#5564,.T.);
#5564 = EDGE_LOOP('',(#5565,#5590,#5613,#5636,#5659,#5680,#5681,#5682));
#5565 = ORIENTED_EDGE('',*,*,#5566,.T.);
#5566 = EDGE_CURVE('',#5567,#5569,#5571,.T.);
#5567 = VERTEX_POINT('',#5568);
#5568 = CARTESIAN_POINT('',(6.6,3.528113277767,4.2));
#5569 = VERTEX_POINT('',#5570);
#5570 = CARTESIAN_POINT('',(6.034972997868,3.528113277767,4.2));
#5571 = SURFACE_CURVE('',#5572,(#5576,#5583),.PCURVE_S1.);
#5572 = LINE('',#5573,#5574);
#5573 = CARTESIAN_POINT('',(-6.6,3.528113277767,4.2));
#5574 = VECTOR('',#5575,1.);
#5575 = DIRECTION('',(-1.,0.,0.));
#5576 = PCURVE('',#1063,#5577);
#5577 = DEFINITIONAL_REPRESENTATION('',(#5578),#5582);
#5578 = LINE('',#5579,#5580);
#5579 = CARTESIAN_POINT('',(-0.,-5.501886722233));
#5580 = VECTOR('',#5581,1.);
#5581 = DIRECTION('',(1.,0.));
#5582 = ( GEOMETRIC_REPRESENTATION_CONTEXT(2) 
PARAMETRIC_REPRESENTATION_CONTEXT() REPRESENTATION_CONTEXT('2D SPACE',''
  ) );
#5583 = PCURVE('',#2848,#5584);
#5584 = DEFINITIONAL_REPRESENTATION('',(#5585),#5589);
#5585 = LINE('',#5586,#5587);
#5586 = CARTESIAN_POINT('',(-32.03113496372,-12.63497299786));
#5587 = VECTOR('',#5588,1.);
#5588 = DIRECTION('',(-0.,-1.));
#5589 = ( GEOMETRIC_REPRESENTATION_CONTEXT(2) 
PARAMETRIC_REPRESENTATION_CONTEXT() REPRESENTATION_CONTEXT('2D SPACE',''
  ) );
#5590 = ORIENTED_EDGE('',*,*,#5591,.T.);
#5591 = EDGE_CURVE('',#5569,#5592,#5594,.T.);
#5592 = VERTEX_POINT('',#5593);
#5593 = CARTESIAN_POINT('',(6.034972997868,9.03,4.2));
#5594 = SURFACE_CURVE('',#5595,(#5599,#5606),.PCURVE_S1.);
#5595 = LINE('',#5596,#5597);
#5596 = CARTESIAN_POINT('',(6.034972997868,9.03,4.2));
#5597 = VECTOR('',#5598,1.);
#5598 = DIRECTION('',(0.,1.,0.));
#5599 = PCURVE('',#1063,#5600);
#5600 = DEFINITIONAL_REPRESENTATION('',(#5601),#5605);
#5601 = LINE('',#5602,#5603);
#5602 = CARTESIAN_POINT('',(-12.63497299786,0.));
#5603 = VECTOR('',#5604,1.);
#5604 = DIRECTION('',(0.,1.));
#5605 = ( GEOMETRIC_REPRESENTATION_CONTEXT(2) 
PARAMETRIC_REPRESENTATION_CONTEXT() REPRESENTATION_CONTEXT('2D SPACE',''
  ) );
#5606 = PCURVE('',#5427,#5607);
#5607 = DEFINITIONAL_REPRESENTATION('',(#5608),#5612);
#5608 = LINE('',#5609,#5610);
#5609 = CARTESIAN_POINT('',(32.031134963726,0.));
#5610 = VECTOR('',#5611,1.);
#5611 = DIRECTION('',(0.,1.));
#5612 = ( GEOMETRIC_REPRESENTATION_CONTEXT(2) 
PARAMETRIC_REPRESENTATION_CONTEXT() REPRESENTATION_CONTEXT('2D SPACE',''
  ) );
#5613 = ORIENTED_EDGE('',*,*,#5614,.F.);
#5614 = EDGE_CURVE('',#5615,#5592,#5617,.T.);
#5615 = VERTEX_POINT('',#5616);
#5616 = CARTESIAN_POINT('',(-6.034972997868,9.03,4.2));
#5617 = SURFACE_CURVE('',#5618,(#5622,#5629),.PCURVE_S1.);
#5618 = LINE('',#5619,#5620);
#5619 = CARTESIAN_POINT('',(-6.6,9.03,4.2));
#5620 = VECTOR('',#5621,1.);
#5621 = DIRECTION('',(1.,0.,0.));
#5622 = PCURVE('',#1063,#5623);
#5623 = DEFINITIONAL_REPRESENTATION('',(#5624),#5628);
#5624 = LINE('',#5625,#5626);
#5625 = CARTESIAN_POINT('',(0.,0.));
#5626 = VECTOR('',#5627,1.);
#5627 = DIRECTION('',(-1.,0.));
#5628 = ( GEOMETRIC_REPRESENTATION_CONTEXT(2) 
PARAMETRIC_REPRESENTATION_CONTEXT() REPRESENTATION_CONTEXT('2D SPACE',''
  ) );
#5629 = PCURVE('',#2130,#5630);
#5630 = DEFINITIONAL_REPRESENTATION('',(#5631),#5635);
#5631 = LINE('',#5632,#5633);
#5632 = CARTESIAN_POINT('',(4.2,-6.6));
#5633 = VECTOR('',#5634,1.);
#5634 = DIRECTION('',(0.,1.));
#5635 = ( GEOMETRIC_REPRESENTATION_CONTEXT(2) 
PARAMETRIC_REPRESENTATION_CONTEXT() REPRESENTATION_CONTEXT('2D SPACE',''
  ) );
#5636 = ORIENTED_EDGE('',*,*,#5637,.F.);
#5637 = EDGE_CURVE('',#5638,#5615,#5640,.T.);
#5638 = VERTEX_POINT('',#5639);
#5639 = CARTESIAN_POINT('',(-6.034972997868,3.528113277767,4.2));
#5640 = SURFACE_CURVE('',#5641,(#5645,#5652),.PCURVE_S1.);
#5641 = LINE('',#5642,#5643);
#5642 = CARTESIAN_POINT('',(-6.034972997868,9.03,4.2));
#5643 = VECTOR('',#5644,1.);
#5644 = DIRECTION('',(0.,1.,0.));
#5645 = PCURVE('',#1063,#5646);
#5646 = DEFINITIONAL_REPRESENTATION('',(#5647),#5651);
#5647 = LINE('',#5648,#5649);
#5648 = CARTESIAN_POINT('',(-0.565027002132,0.));
#5649 = VECTOR('',#5650,1.);
#5650 = DIRECTION('',(0.,1.));
#5651 = ( GEOMETRIC_REPRESENTATION_CONTEXT(2) 
PARAMETRIC_REPRESENTATION_CONTEXT() REPRESENTATION_CONTEXT('2D SPACE',''
  ) );
#5652 = PCURVE('',#5522,#5653);
#5653 = DEFINITIONAL_REPRESENTATION('',(#5654),#5658);
#5654 = LINE('',#5655,#5656);
#5655 = CARTESIAN_POINT('',(32.031134963726,0.));
#5656 = VECTOR('',#5657,1.);
#5657 = DIRECTION('',(0.,1.));
#5658 = ( GEOMETRIC_REPRESENTATION_CONTEXT(2) 
PARAMETRIC_REPRESENTATION_CONTEXT() REPRESENTATION_CONTEXT('2D SPACE',''
  ) );
#5659 = ORIENTED_EDGE('',*,*,#5660,.F.);
#5660 = EDGE_CURVE('',#5288,#5638,#5661,.T.);
#5661 = SURFACE_CURVE('',#5662,(#5666,#5673),.PCURVE_S1.);
#5662 = LINE('',#5663,#5664);
#5663 = CARTESIAN_POINT('',(-6.6,3.528113277767,4.2));
#5664 = VECTOR('',#5665,1.);
#5665 = DIRECTION('',(1.,0.,0.));
#5666 = PCURVE('',#1063,#5667);
#5667 = DEFINITIONAL_REPRESENTATION('',(#5668),#5672);
#5668 = LINE('',#5669,#5670);
#5669 = CARTESIAN_POINT('',(-0.,-5.501886722233));
#5670 = VECTOR('',#5671,1.);
#5671 = DIRECTION('',(-1.,0.));
#5672 = ( GEOMETRIC_REPRESENTATION_CONTEXT(2) 
PARAMETRIC_REPRESENTATION_CONTEXT() REPRESENTATION_CONTEXT('2D SPACE',''
  ) );
#5673 = PCURVE('',#5303,#5674);
#5674 = DEFINITIONAL_REPRESENTATION('',(#5675),#5679);
#5675 = LINE('',#5676,#5677);
#5676 = CARTESIAN_POINT('',(32.031134963726,-0.565027002132));
#5677 = VECTOR('',#5678,1.);
#5678 = DIRECTION('',(0.,1.));
#5679 = ( GEOMETRIC_REPRESENTATION_CONTEXT(2) 
PARAMETRIC_REPRESENTATION_CONTEXT() REPRESENTATION_CONTEXT('2D SPACE',''
  ) );
#5680 = ORIENTED_EDGE('',*,*,#5337,.T.);
#5681 = ORIENTED_EDGE('',*,*,#4055,.T.);
#5682 = ORIENTED_EDGE('',*,*,#5683,.F.);
#5683 = EDGE_CURVE('',#5567,#4026,#5684,.T.);
#5684 = SURFACE_CURVE('',#5685,(#5689,#5696),.PCURVE_S1.);
#5685 = LINE('',#5686,#5687);
#5686 = CARTESIAN_POINT('',(6.6,9.03,4.2));
#5687 = VECTOR('',#5688,1.);
#5688 = DIRECTION('',(-0.,-1.,-0.));
#5689 = PCURVE('',#1063,#5690);
#5690 = DEFINITIONAL_REPRESENTATION('',(#5691),#5695);
#5691 = LINE('',#5692,#5693);
#5692 = CARTESIAN_POINT('',(-13.2,0.));
#5693 = VECTOR('',#5694,1.);
#5694 = DIRECTION('',(0.,-1.));
#5695 = ( GEOMETRIC_REPRESENTATION_CONTEXT(2) 
PARAMETRIC_REPRESENTATION_CONTEXT() REPRESENTATION_CONTEXT('2D SPACE',''
  ) );
#5696 = PCURVE('',#4043,#5697);
#5697 = DEFINITIONAL_REPRESENTATION('',(#5698),#5702);
#5698 = LINE('',#5699,#5700);
#5699 = CARTESIAN_POINT('',(8.4,0.));
#5700 = VECTOR('',#5701,1.);
#5701 = DIRECTION('',(0.,-1.));
#5702 = ( GEOMETRIC_REPRESENTATION_CONTEXT(2) 
PARAMETRIC_REPRESENTATION_CONTEXT() REPRESENTATION_CONTEXT('2D SPACE',''
  ) );
#5703 = ADVANCED_FACE('',(#5704),#4043,.F.);
#5704 = FACE_BOUND('',#5705,.T.);
#5705 = EDGE_LOOP('',(#5706,#5707,#5728,#5729));
#5706 = ORIENTED_EDGE('',*,*,#5462,.F.);
#5707 = ORIENTED_EDGE('',*,*,#5708,.T.);
#5708 = EDGE_CURVE('',#5440,#5567,#5709,.T.);
#5709 = SURFACE_CURVE('',#5710,(#5714,#5721),.PCURVE_S1.);
#5710 = LINE('',#5711,#5712);
#5711 = CARTESIAN_POINT('',(6.6,3.528113277767,-27.83113496372));
#5712 = VECTOR('',#5713,1.);
#5713 = DIRECTION('',(0.,0.,1.));
#5714 = PCURVE('',#4043,#5715);
#5715 = DEFINITIONAL_REPRESENTATION('',(#5716),#5720);
#5716 = LINE('',#5717,#5718);
#5717 = CARTESIAN_POINT('',(-23.63113496372,-5.501886722233));
#5718 = VECTOR('',#5719,1.);
#5719 = DIRECTION('',(1.,0.));
#5720 = ( GEOMETRIC_REPRESENTATION_CONTEXT(2) 
PARAMETRIC_REPRESENTATION_CONTEXT() REPRESENTATION_CONTEXT('2D SPACE',''
  ) );
#5721 = PCURVE('',#2848,#5722);
#5722 = DEFINITIONAL_REPRESENTATION('',(#5723),#5727);
#5723 = LINE('',#5724,#5725);
#5724 = CARTESIAN_POINT('',(0.,0.565027002132));
#5725 = VECTOR('',#5726,1.);
#5726 = DIRECTION('',(-1.,0.));
#5727 = ( GEOMETRIC_REPRESENTATION_CONTEXT(2) 
PARAMETRIC_REPRESENTATION_CONTEXT() REPRESENTATION_CONTEXT('2D SPACE',''
  ) );
#5728 = ORIENTED_EDGE('',*,*,#5683,.T.);
#5729 = ORIENTED_EDGE('',*,*,#4025,.T.);
#5730 = ADVANCED_FACE('',(#5731),#5522,.T.);
#5731 = FACE_BOUND('',#5732,.T.);
#5732 = EDGE_LOOP('',(#5733,#5754,#5755,#5776));
#5733 = ORIENTED_EDGE('',*,*,#5734,.F.);
#5734 = EDGE_CURVE('',#5389,#5615,#5735,.T.);
#5735 = SURFACE_CURVE('',#5736,(#5740,#5747),.PCURVE_S1.);
#5736 = LINE('',#5737,#5738);
#5737 = CARTESIAN_POINT('',(-6.034972997868,9.03,-27.83113496372));
#5738 = VECTOR('',#5739,1.);
#5739 = DIRECTION('',(0.,0.,1.));
#5740 = PCURVE('',#5522,#5741);
#5741 = DEFINITIONAL_REPRESENTATION('',(#5742),#5746);
#5742 = LINE('',#5743,#5744);
#5743 = CARTESIAN_POINT('',(0.,0.));
#5744 = VECTOR('',#5745,1.);
#5745 = DIRECTION('',(1.,0.));
#5746 = ( GEOMETRIC_REPRESENTATION_CONTEXT(2) 
PARAMETRIC_REPRESENTATION_CONTEXT() REPRESENTATION_CONTEXT('2D SPACE',''
  ) );
#5747 = PCURVE('',#2130,#5748);
#5748 = DEFINITIONAL_REPRESENTATION('',(#5749),#5753);
#5749 = LINE('',#5750,#5751);
#5750 = CARTESIAN_POINT('',(-27.83113496372,-6.034972997868));
#5751 = VECTOR('',#5752,1.);
#5752 = DIRECTION('',(1.,0.));
#5753 = ( GEOMETRIC_REPRESENTATION_CONTEXT(2) 
PARAMETRIC_REPRESENTATION_CONTEXT() REPRESENTATION_CONTEXT('2D SPACE',''
  ) );
#5754 = ORIENTED_EDGE('',*,*,#5508,.T.);
#5755 = ORIENTED_EDGE('',*,*,#5756,.T.);
#5756 = EDGE_CURVE('',#5486,#5638,#5757,.T.);
#5757 = SURFACE_CURVE('',#5758,(#5762,#5769),.PCURVE_S1.);
#5758 = LINE('',#5759,#5760);
#5759 = CARTESIAN_POINT('',(-6.034972997868,3.528113277767,
    -27.83113496372));
#5760 = VECTOR('',#5761,1.);
#5761 = DIRECTION('',(0.,0.,1.));
#5762 = PCURVE('',#5522,#5763);
#5763 = DEFINITIONAL_REPRESENTATION('',(#5764),#5768);
#5764 = LINE('',#5765,#5766);
#5765 = CARTESIAN_POINT('',(0.,-5.501886722233));
#5766 = VECTOR('',#5767,1.);
#5767 = DIRECTION('',(1.,0.));
#5768 = ( GEOMETRIC_REPRESENTATION_CONTEXT(2) 
PARAMETRIC_REPRESENTATION_CONTEXT() REPRESENTATION_CONTEXT('2D SPACE',''
  ) );
#5769 = PCURVE('',#5303,#5770);
#5770 = DEFINITIONAL_REPRESENTATION('',(#5771),#5775);
#5771 = LINE('',#5772,#5773);
#5772 = CARTESIAN_POINT('',(0.,0.));
#5773 = VECTOR('',#5774,1.);
#5774 = DIRECTION('',(1.,0.));
#5775 = ( GEOMETRIC_REPRESENTATION_CONTEXT(2) 
PARAMETRIC_REPRESENTATION_CONTEXT() REPRESENTATION_CONTEXT('2D SPACE',''
  ) );
#5776 = ORIENTED_EDGE('',*,*,#5637,.T.);
#5777 = ADVANCED_FACE('',(#5778,#5877),#5303,.T.);
#5778 = FACE_BOUND('',#5779,.T.);
#5779 = EDGE_LOOP('',(#5780,#5805,#5828,#5851));
#5780 = ORIENTED_EDGE('',*,*,#5781,.F.);
#5781 = EDGE_CURVE('',#5782,#5784,#5786,.T.);
#5782 = VERTEX_POINT('',#5783);
#5783 = CARTESIAN_POINT('',(-6.186650885597,3.528113277767,2.));
#5784 = VERTEX_POINT('',#5785);
#5785 = CARTESIAN_POINT('',(-6.071226272416,3.528113277767,2.));
#5786 = SURFACE_CURVE('',#5787,(#5791,#5798),.PCURVE_S1.);
#5787 = LINE('',#5788,#5789);
#5788 = CARTESIAN_POINT('',(-6.034972997868,3.528113277767,2.));
#5789 = VECTOR('',#5790,1.);
#5790 = DIRECTION('',(1.,-0.,0.));
#5791 = PCURVE('',#5303,#5792);
#5792 = DEFINITIONAL_REPRESENTATION('',(#5793),#5797);
#5793 = LINE('',#5794,#5795);
#5794 = CARTESIAN_POINT('',(29.831134963726,0.));
#5795 = VECTOR('',#5796,1.);
#5796 = DIRECTION('',(0.,1.));
#5797 = ( GEOMETRIC_REPRESENTATION_CONTEXT(2) 
PARAMETRIC_REPRESENTATION_CONTEXT() REPRESENTATION_CONTEXT('2D SPACE',''
  ) );
#5798 = PCURVE('',#1243,#5799);
#5799 = DEFINITIONAL_REPRESENTATION('',(#5800),#5804);
#5800 = LINE('',#5801,#5802);
#5801 = CARTESIAN_POINT('',(-0.329837379484,2.311434841318));
#5802 = VECTOR('',#5803,1.);
#5803 = DIRECTION('',(-1.,0.));
#5804 = ( GEOMETRIC_REPRESENTATION_CONTEXT(2) 
PARAMETRIC_REPRESENTATION_CONTEXT() REPRESENTATION_CONTEXT('2D SPACE',''
  ) );
#5805 = ORIENTED_EDGE('',*,*,#5806,.F.);
#5806 = EDGE_CURVE('',#5807,#5782,#5809,.T.);
#5807 = VERTEX_POINT('',#5808);
#5808 = CARTESIAN_POINT('',(-6.186650885597,3.528113277767,-2.));
#5809 = SURFACE_CURVE('',#5810,(#5814,#5821),.PCURVE_S1.);
#5810 = LINE('',#5811,#5812);
#5811 = CARTESIAN_POINT('',(-6.186650885597,3.528113277767,
    -27.83113496372));
#5812 = VECTOR('',#5813,1.);
#5813 = DIRECTION('',(0.,0.,1.));
#5814 = PCURVE('',#5303,#5815);
#5815 = DEFINITIONAL_REPRESENTATION('',(#5816),#5820);
#5816 = LINE('',#5817,#5818);
#5817 = CARTESIAN_POINT('',(0.,-0.151677887729));
#5818 = VECTOR('',#5819,1.);
#5819 = DIRECTION('',(1.,0.));
#5820 = ( GEOMETRIC_REPRESENTATION_CONTEXT(2) 
PARAMETRIC_REPRESENTATION_CONTEXT() REPRESENTATION_CONTEXT('2D SPACE',''
  ) );
#5821 = PCURVE('',#1367,#5822);
#5822 = DEFINITIONAL_REPRESENTATION('',(#5823),#5827);
#5823 = LINE('',#5824,#5825);
#5824 = CARTESIAN_POINT('',(-0.529422133439,-29.83113496372));
#5825 = VECTOR('',#5826,1.);
#5826 = DIRECTION('',(0.,1.));
#5827 = ( GEOMETRIC_REPRESENTATION_CONTEXT(2) 
PARAMETRIC_REPRESENTATION_CONTEXT() REPRESENTATION_CONTEXT('2D SPACE',''
  ) );
#5828 = ORIENTED_EDGE('',*,*,#5829,.T.);
#5829 = EDGE_CURVE('',#5807,#5830,#5832,.T.);
#5830 = VERTEX_POINT('',#5831);
#5831 = CARTESIAN_POINT('',(-6.071226272416,3.528113277767,-2.));
#5832 = SURFACE_CURVE('',#5833,(#5837,#5844),.PCURVE_S1.);
#5833 = LINE('',#5834,#5835);
#5834 = CARTESIAN_POINT('',(-6.034972997868,3.528113277767,-2.));
#5835 = VECTOR('',#5836,1.);
#5836 = DIRECTION('',(1.,-0.,0.));
#5837 = PCURVE('',#5303,#5838);
#5838 = DEFINITIONAL_REPRESENTATION('',(#5839),#5843);
#5839 = LINE('',#5840,#5841);
#5840 = CARTESIAN_POINT('',(25.831134963726,0.));
#5841 = VECTOR('',#5842,1.);
#5842 = DIRECTION('',(0.,1.));
#5843 = ( GEOMETRIC_REPRESENTATION_CONTEXT(2) 
PARAMETRIC_REPRESENTATION_CONTEXT() REPRESENTATION_CONTEXT('2D SPACE',''
  ) );
#5844 = PCURVE('',#1184,#5845);
#5845 = DEFINITIONAL_REPRESENTATION('',(#5846),#5850);
#5846 = LINE('',#5847,#5848);
#5847 = CARTESIAN_POINT('',(-0.329837379484,2.311434841318));
#5848 = VECTOR('',#5849,1.);
#5849 = DIRECTION('',(-1.,0.));
#5850 = ( GEOMETRIC_REPRESENTATION_CONTEXT(2) 
PARAMETRIC_REPRESENTATION_CONTEXT() REPRESENTATION_CONTEXT('2D SPACE',''
  ) );
#5851 = ORIENTED_EDGE('',*,*,#5852,.T.);
#5852 = EDGE_CURVE('',#5830,#5784,#5853,.T.);
#5853 = SURFACE_CURVE('',#5854,(#5858,#5865),.PCURVE_S1.);
#5854 = LINE('',#5855,#5856);
#5855 = CARTESIAN_POINT('',(-6.071226272416,3.528113277767,
    -27.83113496372));
#5856 = VECTOR('',#5857,1.);
#5857 = DIRECTION('',(0.,0.,1.));
#5858 = PCURVE('',#5303,#5859);
#5859 = DEFINITIONAL_REPRESENTATION('',(#5860),#5864);
#5860 = LINE('',#5861,#5862);
#5861 = CARTESIAN_POINT('',(0.,-3.625327454729E-02));
#5862 = VECTOR('',#5863,1.);
#5863 = DIRECTION('',(1.,0.));
#5864 = ( GEOMETRIC_REPRESENTATION_CONTEXT(2) 
PARAMETRIC_REPRESENTATION_CONTEXT() REPRESENTATION_CONTEXT('2D SPACE',''
  ) );
#5865 = PCURVE('',#5866,#5871);
#5866 = PLANE('',#5867);
#5867 = AXIS2_PLACEMENT_3D('',#5868,#5869,#5870);
#5868 = CARTESIAN_POINT('',(-5.835616067425,3.119380661249,2.));
#5869 = DIRECTION('',(-0.866366342875,-0.499409010665,0.));
#5870 = DIRECTION('',(0.499409010665,-0.866366342875,0.));
#5871 = DEFINITIONAL_REPRESENTATION('',(#5872),#5876);
#5872 = LINE('',#5873,#5874);
#5873 = CARTESIAN_POINT('',(-0.471778041563,-29.83113496372));
#5874 = VECTOR('',#5875,1.);
#5875 = DIRECTION('',(0.,1.));
#5876 = ( GEOMETRIC_REPRESENTATION_CONTEXT(2) 
PARAMETRIC_REPRESENTATION_CONTEXT() REPRESENTATION_CONTEXT('2D SPACE',''
  ) );
#5877 = FACE_BOUND('',#5878,.T.);
#5878 = EDGE_LOOP('',(#5879,#5880,#5881,#5882));
#5879 = ORIENTED_EDGE('',*,*,#5756,.F.);
#5880 = ORIENTED_EDGE('',*,*,#5485,.T.);
#5881 = ORIENTED_EDGE('',*,*,#5285,.T.);
#5882 = ORIENTED_EDGE('',*,*,#5660,.T.);
#5883 = ADVANCED_FACE('',(#5884),#5427,.F.);
#5884 = FACE_BOUND('',#5885,.T.);
#5885 = EDGE_LOOP('',(#5886,#5887,#5908,#5909));
#5886 = ORIENTED_EDGE('',*,*,#5411,.F.);
#5887 = ORIENTED_EDGE('',*,*,#5888,.T.);
#5888 = EDGE_CURVE('',#5387,#5592,#5889,.T.);
#5889 = SURFACE_CURVE('',#5890,(#5894,#5901),.PCURVE_S1.);
#5890 = LINE('',#5891,#5892);
#5891 = CARTESIAN_POINT('',(6.034972997868,9.03,-27.83113496372));
#5892 = VECTOR('',#5893,1.);
#5893 = DIRECTION('',(0.,0.,1.));
#5894 = PCURVE('',#5427,#5895);
#5895 = DEFINITIONAL_REPRESENTATION('',(#5896),#5900);
#5896 = LINE('',#5897,#5898);
#5897 = CARTESIAN_POINT('',(0.,0.));
#5898 = VECTOR('',#5899,1.);
#5899 = DIRECTION('',(1.,0.));
#5900 = ( GEOMETRIC_REPRESENTATION_CONTEXT(2) 
PARAMETRIC_REPRESENTATION_CONTEXT() REPRESENTATION_CONTEXT('2D SPACE',''
  ) );
#5901 = PCURVE('',#2130,#5902);
#5902 = DEFINITIONAL_REPRESENTATION('',(#5903),#5907);
#5903 = LINE('',#5904,#5905);
#5904 = CARTESIAN_POINT('',(-27.83113496372,6.034972997868));
#5905 = VECTOR('',#5906,1.);
#5906 = DIRECTION('',(1.,0.));
#5907 = ( GEOMETRIC_REPRESENTATION_CONTEXT(2) 
PARAMETRIC_REPRESENTATION_CONTEXT() REPRESENTATION_CONTEXT('2D SPACE',''
  ) );
#5908 = ORIENTED_EDGE('',*,*,#5591,.F.);
#5909 = ORIENTED_EDGE('',*,*,#5910,.F.);
#5910 = EDGE_CURVE('',#5412,#5569,#5911,.T.);
#5911 = SURFACE_CURVE('',#5912,(#5916,#5923),.PCURVE_S1.);
#5912 = LINE('',#5913,#5914);
#5913 = CARTESIAN_POINT('',(6.034972997868,3.528113277767,
    -27.83113496372));
#5914 = VECTOR('',#5915,1.);
#5915 = DIRECTION('',(0.,0.,1.));
#5916 = PCURVE('',#5427,#5917);
#5917 = DEFINITIONAL_REPRESENTATION('',(#5918),#5922);
#5918 = LINE('',#5919,#5920);
#5919 = CARTESIAN_POINT('',(0.,-5.501886722233));
#5920 = VECTOR('',#5921,1.);
#5921 = DIRECTION('',(1.,0.));
#5922 = ( GEOMETRIC_REPRESENTATION_CONTEXT(2) 
PARAMETRIC_REPRESENTATION_CONTEXT() REPRESENTATION_CONTEXT('2D SPACE',''
  ) );
#5923 = PCURVE('',#2848,#5924);
#5924 = DEFINITIONAL_REPRESENTATION('',(#5925),#5929);
#5925 = LINE('',#5926,#5927);
#5926 = CARTESIAN_POINT('',(0.,0.));
#5927 = VECTOR('',#5928,1.);
#5928 = DIRECTION('',(-1.,0.));
#5929 = ( GEOMETRIC_REPRESENTATION_CONTEXT(2) 
PARAMETRIC_REPRESENTATION_CONTEXT() REPRESENTATION_CONTEXT('2D SPACE',''
  ) );
#5930 = ADVANCED_FACE('',(#5931,#5977),#2848,.F.);
#5931 = FACE_BOUND('',#5932,.T.);
#5932 = EDGE_LOOP('',(#5933,#5954,#5955,#5976));
#5933 = ORIENTED_EDGE('',*,*,#5934,.F.);
#5934 = EDGE_CURVE('',#2833,#3327,#5935,.T.);
#5935 = SURFACE_CURVE('',#5936,(#5940,#5947),.PCURVE_S1.);
#5936 = LINE('',#5937,#5938);
#5937 = CARTESIAN_POINT('',(6.186650885597,3.528113277767,
    -27.83113496372));
#5938 = VECTOR('',#5939,1.);
#5939 = DIRECTION('',(0.,0.,-1.));
#5940 = PCURVE('',#2848,#5941);
#5941 = DEFINITIONAL_REPRESENTATION('',(#5942),#5946);
#5942 = LINE('',#5943,#5944);
#5943 = CARTESIAN_POINT('',(0.,0.151677887729));
#5944 = VECTOR('',#5945,1.);
#5945 = DIRECTION('',(1.,0.));
#5946 = ( GEOMETRIC_REPRESENTATION_CONTEXT(2) 
PARAMETRIC_REPRESENTATION_CONTEXT() REPRESENTATION_CONTEXT('2D SPACE',''
  ) );
#5947 = PCURVE('',#2876,#5948);
#5948 = DEFINITIONAL_REPRESENTATION('',(#5949),#5953);
#5949 = LINE('',#5950,#5951);
#5950 = CARTESIAN_POINT('',(-0.529422133439,-29.83113496372));
#5951 = VECTOR('',#5952,1.);
#5952 = DIRECTION('',(-0.,-1.));
#5953 = ( GEOMETRIC_REPRESENTATION_CONTEXT(2) 
PARAMETRIC_REPRESENTATION_CONTEXT() REPRESENTATION_CONTEXT('2D SPACE',''
  ) );
#5954 = ORIENTED_EDGE('',*,*,#2832,.T.);
#5955 = ORIENTED_EDGE('',*,*,#5956,.T.);
#5956 = EDGE_CURVE('',#2805,#3350,#5957,.T.);
#5957 = SURFACE_CURVE('',#5958,(#5962,#5969),.PCURVE_S1.);
#5958 = LINE('',#5959,#5960);
#5959 = CARTESIAN_POINT('',(6.071226272416,3.528113277767,
    -27.83113496372));
#5960 = VECTOR('',#5961,1.);
#5961 = DIRECTION('',(0.,0.,-1.));
#5962 = PCURVE('',#2848,#5963);
#5963 = DEFINITIONAL_REPRESENTATION('',(#5964),#5968);
#5964 = LINE('',#5965,#5966);
#5965 = CARTESIAN_POINT('',(0.,3.625327454729E-02));
#5966 = VECTOR('',#5967,1.);
#5967 = DIRECTION('',(1.,0.));
#5968 = ( GEOMETRIC_REPRESENTATION_CONTEXT(2) 
PARAMETRIC_REPRESENTATION_CONTEXT() REPRESENTATION_CONTEXT('2D SPACE',''
  ) );
#5969 = PCURVE('',#2820,#5970);
#5970 = DEFINITIONAL_REPRESENTATION('',(#5971),#5975);
#5971 = LINE('',#5972,#5973);
#5972 = CARTESIAN_POINT('',(-0.471778041563,-29.83113496372));
#5973 = VECTOR('',#5974,1.);
#5974 = DIRECTION('',(-0.,-1.));
#5975 = ( GEOMETRIC_REPRESENTATION_CONTEXT(2) 
PARAMETRIC_REPRESENTATION_CONTEXT() REPRESENTATION_CONTEXT('2D SPACE',''
  ) );
#5976 = ORIENTED_EDGE('',*,*,#3349,.F.);
#5977 = FACE_BOUND('',#5978,.T.);
#5978 = EDGE_LOOP('',(#5979,#5980,#5981,#5982));
#5979 = ORIENTED_EDGE('',*,*,#5439,.F.);
#5980 = ORIENTED_EDGE('',*,*,#5910,.T.);
#5981 = ORIENTED_EDGE('',*,*,#5566,.F.);
#5982 = ORIENTED_EDGE('',*,*,#5708,.F.);
#5983 = ADVANCED_FACE('',(#5984),#5009,.F.);
#5984 = FACE_BOUND('',#5985,.T.);
#5985 = EDGE_LOOP('',(#5986,#5987,#5988,#5989));
#5986 = ORIENTED_EDGE('',*,*,#5238,.F.);
#5987 = ORIENTED_EDGE('',*,*,#5114,.T.);
#5988 = ORIENTED_EDGE('',*,*,#4995,.T.);
#5989 = ORIENTED_EDGE('',*,*,#5990,.T.);
#5990 = EDGE_CURVE('',#4973,#5239,#5991,.T.);
#5991 = SURFACE_CURVE('',#5992,(#5996,#6003),.PCURVE_S1.);
#5992 = LINE('',#5993,#5994);
#5993 = CARTESIAN_POINT('',(-7.5,9.03,-5.25));
#5994 = VECTOR('',#5995,1.);
#5995 = DIRECTION('',(8.260587980842E-17,0.,1.));
#5996 = PCURVE('',#5009,#5997);
#5997 = DEFINITIONAL_REPRESENTATION('',(#5998),#6002);
#5998 = LINE('',#5999,#6000);
#5999 = CARTESIAN_POINT('',(-0.,-1.5));
#6000 = VECTOR('',#6001,1.);
#6001 = DIRECTION('',(-1.,0.));
#6002 = ( GEOMETRIC_REPRESENTATION_CONTEXT(2) 
PARAMETRIC_REPRESENTATION_CONTEXT() REPRESENTATION_CONTEXT('2D SPACE',''
  ) );
#6003 = PCURVE('',#2130,#6004);
#6004 = DEFINITIONAL_REPRESENTATION('',(#6005),#6009);
#6005 = LINE('',#6006,#6007);
#6006 = CARTESIAN_POINT('',(-5.25,-7.5));
#6007 = VECTOR('',#6008,1.);
#6008 = DIRECTION('',(1.,8.260587980842E-17));
#6009 = ( GEOMETRIC_REPRESENTATION_CONTEXT(2) 
PARAMETRIC_REPRESENTATION_CONTEXT() REPRESENTATION_CONTEXT('2D SPACE',''
  ) );
#6010 = ADVANCED_FACE('',(#6011,#6081,#6107,#6113),#2130,.F.);
#6011 = FACE_BOUND('',#6012,.T.);
#6012 = EDGE_LOOP('',(#6013,#6014,#6037,#6060));
#6013 = ORIENTED_EDGE('',*,*,#2116,.T.);
#6014 = ORIENTED_EDGE('',*,*,#6015,.T.);
#6015 = EDGE_CURVE('',#2094,#6016,#6018,.T.);
#6016 = VERTEX_POINT('',#6017);
#6017 = CARTESIAN_POINT('',(-6.534356775463,9.03,2.));
#6018 = SURFACE_CURVE('',#6019,(#6023,#6030),.PCURVE_S1.);
#6019 = LINE('',#6020,#6021);
#6020 = CARTESIAN_POINT('',(0.,9.03,2.));
#6021 = VECTOR('',#6022,1.);
#6022 = DIRECTION('',(1.,0.,0.));
#6023 = PCURVE('',#2130,#6024);
#6024 = DEFINITIONAL_REPRESENTATION('',(#6025),#6029);
#6025 = LINE('',#6026,#6027);
#6026 = CARTESIAN_POINT('',(2.,0.));
#6027 = VECTOR('',#6028,1.);
#6028 = DIRECTION('',(0.,1.));
#6029 = ( GEOMETRIC_REPRESENTATION_CONTEXT(2) 
PARAMETRIC_REPRESENTATION_CONTEXT() REPRESENTATION_CONTEXT('2D SPACE',''
  ) );
#6030 = PCURVE('',#1243,#6031);
#6031 = DEFINITIONAL_REPRESENTATION('',(#6032),#6036);
#6032 = LINE('',#6033,#6034);
#6033 = CARTESIAN_POINT('',(-6.364810377352,-3.190451880915));
#6034 = VECTOR('',#6035,1.);
#6035 = DIRECTION('',(-1.,0.));
#6036 = ( GEOMETRIC_REPRESENTATION_CONTEXT(2) 
PARAMETRIC_REPRESENTATION_CONTEXT() REPRESENTATION_CONTEXT('2D SPACE',''
  ) );
#6037 = ORIENTED_EDGE('',*,*,#6038,.F.);
#6038 = EDGE_CURVE('',#6039,#6016,#6041,.T.);
#6039 = VERTEX_POINT('',#6040);
#6040 = CARTESIAN_POINT('',(-6.534356775463,9.03,-2.));
#6041 = SURFACE_CURVE('',#6042,(#6046,#6053),.PCURVE_S1.);
#6042 = LINE('',#6043,#6044);
#6043 = CARTESIAN_POINT('',(-6.534356775463,9.03,0.));
#6044 = VECTOR('',#6045,1.);
#6045 = DIRECTION('',(0.,-0.,1.));
#6046 = PCURVE('',#2130,#6047);
#6047 = DEFINITIONAL_REPRESENTATION('',(#6048),#6052);
#6048 = LINE('',#6049,#6050);
#6049 = CARTESIAN_POINT('',(0.,-6.534356775463));
#6050 = VECTOR('',#6051,1.);
#6051 = DIRECTION('',(1.,0.));
#6052 = ( GEOMETRIC_REPRESENTATION_CONTEXT(2) 
PARAMETRIC_REPRESENTATION_CONTEXT() REPRESENTATION_CONTEXT('2D SPACE',''
  ) );
#6053 = PCURVE('',#1155,#6054);
#6054 = DEFINITIONAL_REPRESENTATION('',(#6055),#6059);
#6055 = LINE('',#6056,#6057);
#6056 = CARTESIAN_POINT('',(-3.065571591979,-2.));
#6057 = VECTOR('',#6058,1.);
#6058 = DIRECTION('',(0.,1.));
#6059 = ( GEOMETRIC_REPRESENTATION_CONTEXT(2) 
PARAMETRIC_REPRESENTATION_CONTEXT() REPRESENTATION_CONTEXT('2D SPACE',''
  ) );
#6060 = ORIENTED_EDGE('',*,*,#6061,.F.);
#6061 = EDGE_CURVE('',#2038,#6039,#6062,.T.);
#6062 = SURFACE_CURVE('',#6063,(#6067,#6074),.PCURVE_S1.);
#6063 = LINE('',#6064,#6065);
#6064 = CARTESIAN_POINT('',(0.,9.03,-2.));
#6065 = VECTOR('',#6066,1.);
#6066 = DIRECTION('',(1.,0.,0.));
#6067 = PCURVE('',#2130,#6068);
#6068 = DEFINITIONAL_REPRESENTATION('',(#6069),#6073);
#6069 = LINE('',#6070,#6071);
#6070 = CARTESIAN_POINT('',(-2.,0.));
#6071 = VECTOR('',#6072,1.);
#6072 = DIRECTION('',(0.,1.));
#6073 = ( GEOMETRIC_REPRESENTATION_CONTEXT(2) 
PARAMETRIC_REPRESENTATION_CONTEXT() REPRESENTATION_CONTEXT('2D SPACE',''
  ) );
#6074 = PCURVE('',#1184,#6075);
#6075 = DEFINITIONAL_REPRESENTATION('',(#6076),#6080);
#6076 = LINE('',#6077,#6078);
#6077 = CARTESIAN_POINT('',(-6.364810377352,-3.190451880915));
#6078 = VECTOR('',#6079,1.);
#6079 = DIRECTION('',(-1.,0.));
#6080 = ( GEOMETRIC_REPRESENTATION_CONTEXT(2) 
PARAMETRIC_REPRESENTATION_CONTEXT() REPRESENTATION_CONTEXT('2D SPACE',''
  ) );
#6081 = FACE_BOUND('',#6082,.T.);
#6082 = EDGE_LOOP('',(#6083,#6104,#6105,#6106));
#6083 = ORIENTED_EDGE('',*,*,#6084,.T.);
#6084 = EDGE_CURVE('',#3420,#2725,#6085,.T.);
#6085 = SURFACE_CURVE('',#6086,(#6090,#6097),.PCURVE_S1.);
#6086 = LINE('',#6087,#6088);
#6087 = CARTESIAN_POINT('',(6.534356775463,9.03,0.));
#6088 = VECTOR('',#6089,1.);
#6089 = DIRECTION('',(0.,0.,1.));
#6090 = PCURVE('',#2130,#6091);
#6091 = DEFINITIONAL_REPRESENTATION('',(#6092),#6096);
#6092 = LINE('',#6093,#6094);
#6093 = CARTESIAN_POINT('',(0.,6.534356775463));
#6094 = VECTOR('',#6095,1.);
#6095 = DIRECTION('',(1.,0.));
#6096 = ( GEOMETRIC_REPRESENTATION_CONTEXT(2) 
PARAMETRIC_REPRESENTATION_CONTEXT() REPRESENTATION_CONTEXT('2D SPACE',''
  ) );
#6097 = PCURVE('',#2763,#6098);
#6098 = DEFINITIONAL_REPRESENTATION('',(#6099),#6103);
#6099 = LINE('',#6100,#6101);
#6100 = CARTESIAN_POINT('',(-3.065571591979,-2.));
#6101 = VECTOR('',#6102,1.);
#6102 = DIRECTION('',(0.,1.));
#6103 = ( GEOMETRIC_REPRESENTATION_CONTEXT(2) 
PARAMETRIC_REPRESENTATION_CONTEXT() REPRESENTATION_CONTEXT('2D SPACE',''
  ) );
#6104 = ORIENTED_EDGE('',*,*,#2724,.T.);
#6105 = ORIENTED_EDGE('',*,*,#2456,.F.);
#6106 = ORIENTED_EDGE('',*,*,#3442,.F.);
#6107 = FACE_BOUND('',#6108,.T.);
#6108 = EDGE_LOOP('',(#6109,#6110,#6111,#6112));
#6109 = ORIENTED_EDGE('',*,*,#5888,.F.);
#6110 = ORIENTED_EDGE('',*,*,#5386,.T.);
#6111 = ORIENTED_EDGE('',*,*,#5734,.T.);
#6112 = ORIENTED_EDGE('',*,*,#5614,.T.);
#6113 = FACE_BOUND('',#6114,.T.);
#6114 = EDGE_LOOP('',(#6115,#6116,#6117,#6118));
#6115 = ORIENTED_EDGE('',*,*,#5191,.F.);
#6116 = ORIENTED_EDGE('',*,*,#5261,.F.);
#6117 = ORIENTED_EDGE('',*,*,#5990,.F.);
#6118 = ORIENTED_EDGE('',*,*,#4972,.F.);
#6119 = ADVANCED_FACE('',(#6120),#6134,.F.);
#6120 = FACE_BOUND('',#6121,.T.);
#6121 = EDGE_LOOP('',(#6122,#6157,#6180,#6208));
#6122 = ORIENTED_EDGE('',*,*,#6123,.T.);
#6123 = EDGE_CURVE('',#6124,#6126,#6128,.T.);
#6124 = VERTEX_POINT('',#6125);
#6125 = CARTESIAN_POINT('',(5.4,9.28,3.15));
#6126 = VERTEX_POINT('',#6127);
#6127 = CARTESIAN_POINT('',(5.4,10.48,3.15));
#6128 = SURFACE_CURVE('',#6129,(#6133,#6145),.PCURVE_S1.);
#6129 = LINE('',#6130,#6131);
#6130 = CARTESIAN_POINT('',(5.4,10.53,3.15));
#6131 = VECTOR('',#6132,1.);
#6132 = DIRECTION('',(-0.,1.,0.));
#6133 = PCURVE('',#6134,#6139);
#6134 = PLANE('',#6135);
#6135 = AXIS2_PLACEMENT_3D('',#6136,#6137,#6138);
#6136 = CARTESIAN_POINT('',(5.4,9.28,-3.2));
#6137 = DIRECTION('',(1.,0.,-1.355252715607E-16));
#6138 = DIRECTION('',(-1.355252715607E-16,0.,-1.));
#6139 = DEFINITIONAL_REPRESENTATION('',(#6140),#6144);
#6140 = LINE('',#6141,#6142);
#6141 = CARTESIAN_POINT('',(-6.35,1.25));
#6142 = VECTOR('',#6143,1.);
#6143 = DIRECTION('',(0.,1.));
#6144 = ( GEOMETRIC_REPRESENTATION_CONTEXT(2) 
PARAMETRIC_REPRESENTATION_CONTEXT() REPRESENTATION_CONTEXT('2D SPACE',''
  ) );
#6145 = PCURVE('',#6146,#6151);
#6146 = CYLINDRICAL_SURFACE('',#6147,5.E-02);
#6147 = AXIS2_PLACEMENT_3D('',#6148,#6149,#6150);
#6148 = CARTESIAN_POINT('',(5.35,9.28,3.15));
#6149 = DIRECTION('',(0.,-1.,0.));
#6150 = DIRECTION('',(0.,0.,-1.));
#6151 = DEFINITIONAL_REPRESENTATION('',(#6152),#6156);
#6152 = LINE('',#6153,#6154);
#6153 = CARTESIAN_POINT('',(1.570796326795,-1.25));
#6154 = VECTOR('',#6155,1.);
#6155 = DIRECTION('',(0.,-1.));
#6156 = ( GEOMETRIC_REPRESENTATION_CONTEXT(2) 
PARAMETRIC_REPRESENTATION_CONTEXT() REPRESENTATION_CONTEXT('2D SPACE',''
  ) );
#6157 = ORIENTED_EDGE('',*,*,#6158,.T.);
#6158 = EDGE_CURVE('',#6126,#6159,#6161,.T.);
#6159 = VERTEX_POINT('',#6160);
#6160 = CARTESIAN_POINT('',(5.4,10.48,-3.15));
#6161 = SURFACE_CURVE('',#6162,(#6166,#6173),.PCURVE_S1.);
#6162 = LINE('',#6163,#6164);
#6163 = CARTESIAN_POINT('',(5.4,10.48,-3.15));
#6164 = VECTOR('',#6165,1.);
#6165 = DIRECTION('',(-1.355252715607E-16,0.,-1.));
#6166 = PCURVE('',#6134,#6167);
#6167 = DEFINITIONAL_REPRESENTATION('',(#6168),#6172);
#6168 = LINE('',#6169,#6170);
#6169 = CARTESIAN_POINT('',(-5.E-02,1.2));
#6170 = VECTOR('',#6171,1.);
#6171 = DIRECTION('',(1.,0.));
#6172 = ( GEOMETRIC_REPRESENTATION_CONTEXT(2) 
PARAMETRIC_REPRESENTATION_CONTEXT() REPRESENTATION_CONTEXT('2D SPACE',''
  ) );
#6173 = PCURVE('',#4632,#6174);
#6174 = DEFINITIONAL_REPRESENTATION('',(#6175),#6179);
#6175 = LINE('',#6176,#6177);
#6176 = CARTESIAN_POINT('',(3.14159265359,5.E-02));
#6177 = VECTOR('',#6178,1.);
#6178 = DIRECTION('',(0.,-1.));
#6179 = ( GEOMETRIC_REPRESENTATION_CONTEXT(2) 
PARAMETRIC_REPRESENTATION_CONTEXT() REPRESENTATION_CONTEXT('2D SPACE',''
  ) );
#6180 = ORIENTED_EDGE('',*,*,#6181,.T.);
#6181 = EDGE_CURVE('',#6159,#6182,#6184,.T.);
#6182 = VERTEX_POINT('',#6183);
#6183 = CARTESIAN_POINT('',(5.4,9.28,-3.15));
#6184 = SURFACE_CURVE('',#6185,(#6189,#6196),.PCURVE_S1.);
#6185 = LINE('',#6186,#6187);
#6186 = CARTESIAN_POINT('',(5.4,9.28,-3.15));
#6187 = VECTOR('',#6188,1.);
#6188 = DIRECTION('',(0.,-1.,-0.));
#6189 = PCURVE('',#6134,#6190);
#6190 = DEFINITIONAL_REPRESENTATION('',(#6191),#6195);
#6191 = LINE('',#6192,#6193);
#6192 = CARTESIAN_POINT('',(-5.E-02,0.));
#6193 = VECTOR('',#6194,1.);
#6194 = DIRECTION('',(-0.,-1.));
#6195 = ( GEOMETRIC_REPRESENTATION_CONTEXT(2) 
PARAMETRIC_REPRESENTATION_CONTEXT() REPRESENTATION_CONTEXT('2D SPACE',''
  ) );
#6196 = PCURVE('',#6197,#6202);
#6197 = CYLINDRICAL_SURFACE('',#6198,5.E-02);
#6198 = AXIS2_PLACEMENT_3D('',#6199,#6200,#6201);
#6199 = CARTESIAN_POINT('',(5.35,9.28,-3.15));
#6200 = DIRECTION('',(0.,-1.,0.));
#6201 = DIRECTION('',(0.,0.,-1.));
#6202 = DEFINITIONAL_REPRESENTATION('',(#6203),#6207);
#6203 = LINE('',#6204,#6205);
#6204 = CARTESIAN_POINT('',(1.570796326795,0.));
#6205 = VECTOR('',#6206,1.);
#6206 = DIRECTION('',(0.,1.));
#6207 = ( GEOMETRIC_REPRESENTATION_CONTEXT(2) 
PARAMETRIC_REPRESENTATION_CONTEXT() REPRESENTATION_CONTEXT('2D SPACE',''
  ) );
#6208 = ORIENTED_EDGE('',*,*,#6209,.F.);
#6209 = EDGE_CURVE('',#6124,#6182,#6210,.T.);
#6210 = SURFACE_CURVE('',#6211,(#6215,#6222),.PCURVE_S1.);
#6211 = LINE('',#6212,#6213);
#6212 = CARTESIAN_POINT('',(5.4,9.28,-3.2));
#6213 = VECTOR('',#6214,1.);
#6214 = DIRECTION('',(-1.355252715607E-16,-0.,-1.));
#6215 = PCURVE('',#6134,#6216);
#6216 = DEFINITIONAL_REPRESENTATION('',(#6217),#6221);
#6217 = LINE('',#6218,#6219);
#6218 = CARTESIAN_POINT('',(0.,0.));
#6219 = VECTOR('',#6220,1.);
#6220 = DIRECTION('',(1.,-0.));
#6221 = ( GEOMETRIC_REPRESENTATION_CONTEXT(2) 
PARAMETRIC_REPRESENTATION_CONTEXT() REPRESENTATION_CONTEXT('2D SPACE',''
  ) );
#6222 = PCURVE('',#6223,#6228);
#6223 = PLANE('',#6224);
#6224 = AXIS2_PLACEMENT_3D('',#6225,#6226,#6227);
#6225 = CARTESIAN_POINT('',(0.,9.28,0.));
#6226 = DIRECTION('',(0.,1.,0.));
#6227 = DIRECTION('',(0.,-0.,1.));
#6228 = DEFINITIONAL_REPRESENTATION('',(#6229),#6233);
#6229 = LINE('',#6230,#6231);
#6230 = CARTESIAN_POINT('',(-3.2,5.4));
#6231 = VECTOR('',#6232,1.);
#6232 = DIRECTION('',(-1.,-1.355252715607E-16));
#6233 = ( GEOMETRIC_REPRESENTATION_CONTEXT(2) 
PARAMETRIC_REPRESENTATION_CONTEXT() REPRESENTATION_CONTEXT('2D SPACE',''
  ) );
#6234 = ADVANCED_FACE('',(#6235),#6249,.F.);
#6235 = FACE_BOUND('',#6236,.T.);
#6236 = EDGE_LOOP('',(#6237,#6272,#6295,#6318));
#6237 = ORIENTED_EDGE('',*,*,#6238,.T.);
#6238 = EDGE_CURVE('',#6239,#6241,#6243,.T.);
#6239 = VERTEX_POINT('',#6240);
#6240 = CARTESIAN_POINT('',(-5.35,9.28,3.2));
#6241 = VERTEX_POINT('',#6242);
#6242 = CARTESIAN_POINT('',(-5.35,10.48,3.2));
#6243 = SURFACE_CURVE('',#6244,(#6248,#6260),.PCURVE_S1.);
#6244 = LINE('',#6245,#6246);
#6245 = CARTESIAN_POINT('',(-5.35,10.53,3.2));
#6246 = VECTOR('',#6247,1.);
#6247 = DIRECTION('',(0.,1.,-0.));
#6248 = PCURVE('',#6249,#6254);
#6249 = PLANE('',#6250);
#6250 = AXIS2_PLACEMENT_3D('',#6251,#6252,#6253);
#6251 = CARTESIAN_POINT('',(-5.4,9.28,3.2));
#6252 = DIRECTION('',(-0.,0.,1.));
#6253 = DIRECTION('',(1.,0.,0.));
#6254 = DEFINITIONAL_REPRESENTATION('',(#6255),#6259);
#6255 = LINE('',#6256,#6257);
#6256 = CARTESIAN_POINT('',(5.E-02,1.25));
#6257 = VECTOR('',#6258,1.);
#6258 = DIRECTION('',(0.,1.));
#6259 = ( GEOMETRIC_REPRESENTATION_CONTEXT(2) 
PARAMETRIC_REPRESENTATION_CONTEXT() REPRESENTATION_CONTEXT('2D SPACE',''
  ) );
#6260 = PCURVE('',#6261,#6266);
#6261 = CYLINDRICAL_SURFACE('',#6262,5.E-02);
#6262 = AXIS2_PLACEMENT_3D('',#6263,#6264,#6265);
#6263 = CARTESIAN_POINT('',(-5.35,9.28,3.15));
#6264 = DIRECTION('',(0.,-1.,0.));
#6265 = DIRECTION('',(0.,0.,-1.));
#6266 = DEFINITIONAL_REPRESENTATION('',(#6267),#6271);
#6267 = LINE('',#6268,#6269);
#6268 = CARTESIAN_POINT('',(3.14159265359,-1.25));
#6269 = VECTOR('',#6270,1.);
#6270 = DIRECTION('',(0.,-1.));
#6271 = ( GEOMETRIC_REPRESENTATION_CONTEXT(2) 
PARAMETRIC_REPRESENTATION_CONTEXT() REPRESENTATION_CONTEXT('2D SPACE',''
  ) );
#6272 = ORIENTED_EDGE('',*,*,#6273,.T.);
#6273 = EDGE_CURVE('',#6241,#6274,#6276,.T.);
#6274 = VERTEX_POINT('',#6275);
#6275 = CARTESIAN_POINT('',(5.35,10.48,3.2));
#6276 = SURFACE_CURVE('',#6277,(#6281,#6288),.PCURVE_S1.);
#6277 = LINE('',#6278,#6279);
#6278 = CARTESIAN_POINT('',(5.35,10.48,3.2));
#6279 = VECTOR('',#6280,1.);
#6280 = DIRECTION('',(1.,-0.,0.));
#6281 = PCURVE('',#6249,#6282);
#6282 = DEFINITIONAL_REPRESENTATION('',(#6283),#6287);
#6283 = LINE('',#6284,#6285);
#6284 = CARTESIAN_POINT('',(10.75,1.2));
#6285 = VECTOR('',#6286,1.);
#6286 = DIRECTION('',(1.,0.));
#6287 = ( GEOMETRIC_REPRESENTATION_CONTEXT(2) 
PARAMETRIC_REPRESENTATION_CONTEXT() REPRESENTATION_CONTEXT('2D SPACE',''
  ) );
#6288 = PCURVE('',#4693,#6289);
#6289 = DEFINITIONAL_REPRESENTATION('',(#6290),#6294);
#6290 = LINE('',#6291,#6292);
#6291 = CARTESIAN_POINT('',(3.14159265359,-10.75));
#6292 = VECTOR('',#6293,1.);
#6293 = DIRECTION('',(0.,-1.));
#6294 = ( GEOMETRIC_REPRESENTATION_CONTEXT(2) 
PARAMETRIC_REPRESENTATION_CONTEXT() REPRESENTATION_CONTEXT('2D SPACE',''
  ) );
#6295 = ORIENTED_EDGE('',*,*,#6296,.T.);
#6296 = EDGE_CURVE('',#6274,#6297,#6299,.T.);
#6297 = VERTEX_POINT('',#6298);
#6298 = CARTESIAN_POINT('',(5.35,9.28,3.2));
#6299 = SURFACE_CURVE('',#6300,(#6304,#6311),.PCURVE_S1.);
#6300 = LINE('',#6301,#6302);
#6301 = CARTESIAN_POINT('',(5.35,9.28,3.2));
#6302 = VECTOR('',#6303,1.);
#6303 = DIRECTION('',(-0.,-1.,0.));
#6304 = PCURVE('',#6249,#6305);
#6305 = DEFINITIONAL_REPRESENTATION('',(#6306),#6310);
#6306 = LINE('',#6307,#6308);
#6307 = CARTESIAN_POINT('',(10.75,0.));
#6308 = VECTOR('',#6309,1.);
#6309 = DIRECTION('',(0.,-1.));
#6310 = ( GEOMETRIC_REPRESENTATION_CONTEXT(2) 
PARAMETRIC_REPRESENTATION_CONTEXT() REPRESENTATION_CONTEXT('2D SPACE',''
  ) );
#6311 = PCURVE('',#6146,#6312);
#6312 = DEFINITIONAL_REPRESENTATION('',(#6313),#6317);
#6313 = LINE('',#6314,#6315);
#6314 = CARTESIAN_POINT('',(3.14159265359,0.));
#6315 = VECTOR('',#6316,1.);
#6316 = DIRECTION('',(0.,1.));
#6317 = ( GEOMETRIC_REPRESENTATION_CONTEXT(2) 
PARAMETRIC_REPRESENTATION_CONTEXT() REPRESENTATION_CONTEXT('2D SPACE',''
  ) );
#6318 = ORIENTED_EDGE('',*,*,#6319,.F.);
#6319 = EDGE_CURVE('',#6239,#6297,#6320,.T.);
#6320 = SURFACE_CURVE('',#6321,(#6325,#6332),.PCURVE_S1.);
#6321 = LINE('',#6322,#6323);
#6322 = CARTESIAN_POINT('',(-5.4,9.28,3.2));
#6323 = VECTOR('',#6324,1.);
#6324 = DIRECTION('',(1.,0.,0.));
#6325 = PCURVE('',#6249,#6326);
#6326 = DEFINITIONAL_REPRESENTATION('',(#6327),#6331);
#6327 = LINE('',#6328,#6329);
#6328 = CARTESIAN_POINT('',(0.,0.));
#6329 = VECTOR('',#6330,1.);
#6330 = DIRECTION('',(1.,0.));
#6331 = ( GEOMETRIC_REPRESENTATION_CONTEXT(2) 
PARAMETRIC_REPRESENTATION_CONTEXT() REPRESENTATION_CONTEXT('2D SPACE',''
  ) );
#6332 = PCURVE('',#6223,#6333);
#6333 = DEFINITIONAL_REPRESENTATION('',(#6334),#6338);
#6334 = LINE('',#6335,#6336);
#6335 = CARTESIAN_POINT('',(3.2,-5.4));
#6336 = VECTOR('',#6337,1.);
#6337 = DIRECTION('',(0.,1.));
#6338 = ( GEOMETRIC_REPRESENTATION_CONTEXT(2) 
PARAMETRIC_REPRESENTATION_CONTEXT() REPRESENTATION_CONTEXT('2D SPACE',''
  ) );
#6339 = ADVANCED_FACE('',(#6340),#6354,.F.);
#6340 = FACE_BOUND('',#6341,.T.);
#6341 = EDGE_LOOP('',(#6342,#6377,#6400,#6423));
#6342 = ORIENTED_EDGE('',*,*,#6343,.T.);
#6343 = EDGE_CURVE('',#6344,#6346,#6348,.T.);
#6344 = VERTEX_POINT('',#6345);
#6345 = CARTESIAN_POINT('',(-5.4,9.28,-3.15));
#6346 = VERTEX_POINT('',#6347);
#6347 = CARTESIAN_POINT('',(-5.4,10.48,-3.15));
#6348 = SURFACE_CURVE('',#6349,(#6353,#6365),.PCURVE_S1.);
#6349 = LINE('',#6350,#6351);
#6350 = CARTESIAN_POINT('',(-5.4,10.53,-3.15));
#6351 = VECTOR('',#6352,1.);
#6352 = DIRECTION('',(0.,1.,0.));
#6353 = PCURVE('',#6354,#6359);
#6354 = PLANE('',#6355);
#6355 = AXIS2_PLACEMENT_3D('',#6356,#6357,#6358);
#6356 = CARTESIAN_POINT('',(-5.4,9.28,-3.2));
#6357 = DIRECTION('',(-1.,0.,1.355252715607E-16));
#6358 = DIRECTION('',(1.355252715607E-16,0.,1.));
#6359 = DEFINITIONAL_REPRESENTATION('',(#6360),#6364);
#6360 = LINE('',#6361,#6362);
#6361 = CARTESIAN_POINT('',(5.E-02,1.25));
#6362 = VECTOR('',#6363,1.);
#6363 = DIRECTION('',(0.,1.));
#6364 = ( GEOMETRIC_REPRESENTATION_CONTEXT(2) 
PARAMETRIC_REPRESENTATION_CONTEXT() REPRESENTATION_CONTEXT('2D SPACE',''
  ) );
#6365 = PCURVE('',#6366,#6371);
#6366 = CYLINDRICAL_SURFACE('',#6367,5.E-02);
#6367 = AXIS2_PLACEMENT_3D('',#6368,#6369,#6370);
#6368 = CARTESIAN_POINT('',(-5.35,9.28,-3.15));
#6369 = DIRECTION('',(0.,-1.,0.));
#6370 = DIRECTION('',(0.,0.,-1.));
#6371 = DEFINITIONAL_REPRESENTATION('',(#6372),#6376);
#6372 = LINE('',#6373,#6374);
#6373 = CARTESIAN_POINT('',(4.712388980385,-1.25));
#6374 = VECTOR('',#6375,1.);
#6375 = DIRECTION('',(0.,-1.));
#6376 = ( GEOMETRIC_REPRESENTATION_CONTEXT(2) 
PARAMETRIC_REPRESENTATION_CONTEXT() REPRESENTATION_CONTEXT('2D SPACE',''
  ) );
#6377 = ORIENTED_EDGE('',*,*,#6378,.T.);
#6378 = EDGE_CURVE('',#6346,#6379,#6381,.T.);
#6379 = VERTEX_POINT('',#6380);
#6380 = CARTESIAN_POINT('',(-5.4,10.48,3.15));
#6381 = SURFACE_CURVE('',#6382,(#6386,#6393),.PCURVE_S1.);
#6382 = LINE('',#6383,#6384);
#6383 = CARTESIAN_POINT('',(-5.4,10.48,3.15));
#6384 = VECTOR('',#6385,1.);
#6385 = DIRECTION('',(1.355252715607E-16,-0.,1.));
#6386 = PCURVE('',#6354,#6387);
#6387 = DEFINITIONAL_REPRESENTATION('',(#6388),#6392);
#6388 = LINE('',#6389,#6390);
#6389 = CARTESIAN_POINT('',(6.35,1.2));
#6390 = VECTOR('',#6391,1.);
#6391 = DIRECTION('',(1.,0.));
#6392 = ( GEOMETRIC_REPRESENTATION_CONTEXT(2) 
PARAMETRIC_REPRESENTATION_CONTEXT() REPRESENTATION_CONTEXT('2D SPACE',''
  ) );
#6393 = PCURVE('',#4754,#6394);
#6394 = DEFINITIONAL_REPRESENTATION('',(#6395),#6399);
#6395 = LINE('',#6396,#6397);
#6396 = CARTESIAN_POINT('',(3.14159265359,-6.35));
#6397 = VECTOR('',#6398,1.);
#6398 = DIRECTION('',(0.,-1.));
#6399 = ( GEOMETRIC_REPRESENTATION_CONTEXT(2) 
PARAMETRIC_REPRESENTATION_CONTEXT() REPRESENTATION_CONTEXT('2D SPACE',''
  ) );
#6400 = ORIENTED_EDGE('',*,*,#6401,.T.);
#6401 = EDGE_CURVE('',#6379,#6402,#6404,.T.);
#6402 = VERTEX_POINT('',#6403);
#6403 = CARTESIAN_POINT('',(-5.4,9.28,3.15));
#6404 = SURFACE_CURVE('',#6405,(#6409,#6416),.PCURVE_S1.);
#6405 = LINE('',#6406,#6407);
#6406 = CARTESIAN_POINT('',(-5.4,9.28,3.15));
#6407 = VECTOR('',#6408,1.);
#6408 = DIRECTION('',(-0.,-1.,-0.));
#6409 = PCURVE('',#6354,#6410);
#6410 = DEFINITIONAL_REPRESENTATION('',(#6411),#6415);
#6411 = LINE('',#6412,#6413);
#6412 = CARTESIAN_POINT('',(6.35,0.));
#6413 = VECTOR('',#6414,1.);
#6414 = DIRECTION('',(0.,-1.));
#6415 = ( GEOMETRIC_REPRESENTATION_CONTEXT(2) 
PARAMETRIC_REPRESENTATION_CONTEXT() REPRESENTATION_CONTEXT('2D SPACE',''
  ) );
#6416 = PCURVE('',#6261,#6417);
#6417 = DEFINITIONAL_REPRESENTATION('',(#6418),#6422);
#6418 = LINE('',#6419,#6420);
#6419 = CARTESIAN_POINT('',(4.712388980385,0.));
#6420 = VECTOR('',#6421,1.);
#6421 = DIRECTION('',(0.,1.));
#6422 = ( GEOMETRIC_REPRESENTATION_CONTEXT(2) 
PARAMETRIC_REPRESENTATION_CONTEXT() REPRESENTATION_CONTEXT('2D SPACE',''
  ) );
#6423 = ORIENTED_EDGE('',*,*,#6424,.F.);
#6424 = EDGE_CURVE('',#6344,#6402,#6425,.T.);
#6425 = SURFACE_CURVE('',#6426,(#6430,#6437),.PCURVE_S1.);
#6426 = LINE('',#6427,#6428);
#6427 = CARTESIAN_POINT('',(-5.4,9.28,-3.2));
#6428 = VECTOR('',#6429,1.);
#6429 = DIRECTION('',(1.355252715607E-16,0.,1.));
#6430 = PCURVE('',#6354,#6431);
#6431 = DEFINITIONAL_REPRESENTATION('',(#6432),#6436);
#6432 = LINE('',#6433,#6434);
#6433 = CARTESIAN_POINT('',(0.,0.));
#6434 = VECTOR('',#6435,1.);
#6435 = DIRECTION('',(1.,0.));
#6436 = ( GEOMETRIC_REPRESENTATION_CONTEXT(2) 
PARAMETRIC_REPRESENTATION_CONTEXT() REPRESENTATION_CONTEXT('2D SPACE',''
  ) );
#6437 = PCURVE('',#6223,#6438);
#6438 = DEFINITIONAL_REPRESENTATION('',(#6439),#6443);
#6439 = LINE('',#6440,#6441);
#6440 = CARTESIAN_POINT('',(-3.2,-5.4));
#6441 = VECTOR('',#6442,1.);
#6442 = DIRECTION('',(1.,1.355252715607E-16));
#6443 = ( GEOMETRIC_REPRESENTATION_CONTEXT(2) 
PARAMETRIC_REPRESENTATION_CONTEXT() REPRESENTATION_CONTEXT('2D SPACE',''
  ) );
#6444 = ADVANCED_FACE('',(#6445),#6459,.F.);
#6445 = FACE_BOUND('',#6446,.T.);
#6446 = EDGE_LOOP('',(#6447,#6477,#6500,#6523));
#6447 = ORIENTED_EDGE('',*,*,#6448,.T.);
#6448 = EDGE_CURVE('',#6449,#6451,#6453,.T.);
#6449 = VERTEX_POINT('',#6450);
#6450 = CARTESIAN_POINT('',(5.35,9.28,-3.2));
#6451 = VERTEX_POINT('',#6452);
#6452 = CARTESIAN_POINT('',(5.35,10.48,-3.2));
#6453 = SURFACE_CURVE('',#6454,(#6458,#6470),.PCURVE_S1.);
#6454 = LINE('',#6455,#6456);
#6455 = CARTESIAN_POINT('',(5.35,10.53,-3.2));
#6456 = VECTOR('',#6457,1.);
#6457 = DIRECTION('',(-0.,1.,0.));
#6458 = PCURVE('',#6459,#6464);
#6459 = PLANE('',#6460);
#6460 = AXIS2_PLACEMENT_3D('',#6461,#6462,#6463);
#6461 = CARTESIAN_POINT('',(-5.4,9.28,-3.2));
#6462 = DIRECTION('',(0.,0.,-1.));
#6463 = DIRECTION('',(-1.,0.,-0.));
#6464 = DEFINITIONAL_REPRESENTATION('',(#6465),#6469);
#6465 = LINE('',#6466,#6467);
#6466 = CARTESIAN_POINT('',(-10.75,1.25));
#6467 = VECTOR('',#6468,1.);
#6468 = DIRECTION('',(0.,1.));
#6469 = ( GEOMETRIC_REPRESENTATION_CONTEXT(2) 
PARAMETRIC_REPRESENTATION_CONTEXT() REPRESENTATION_CONTEXT('2D SPACE',''
  ) );
#6470 = PCURVE('',#6197,#6471);
#6471 = DEFINITIONAL_REPRESENTATION('',(#6472),#6476);
#6472 = LINE('',#6473,#6474);
#6473 = CARTESIAN_POINT('',(0.,-1.25));
#6474 = VECTOR('',#6475,1.);
#6475 = DIRECTION('',(0.,-1.));
#6476 = ( GEOMETRIC_REPRESENTATION_CONTEXT(2) 
PARAMETRIC_REPRESENTATION_CONTEXT() REPRESENTATION_CONTEXT('2D SPACE',''
  ) );
#6477 = ORIENTED_EDGE('',*,*,#6478,.T.);
#6478 = EDGE_CURVE('',#6451,#6479,#6481,.T.);
#6479 = VERTEX_POINT('',#6480);
#6480 = CARTESIAN_POINT('',(-5.35,10.48,-3.2));
#6481 = SURFACE_CURVE('',#6482,(#6486,#6493),.PCURVE_S1.);
#6482 = LINE('',#6483,#6484);
#6483 = CARTESIAN_POINT('',(-5.35,10.48,-3.2));
#6484 = VECTOR('',#6485,1.);
#6485 = DIRECTION('',(-1.,0.,0.));
#6486 = PCURVE('',#6459,#6487);
#6487 = DEFINITIONAL_REPRESENTATION('',(#6488),#6492);
#6488 = LINE('',#6489,#6490);
#6489 = CARTESIAN_POINT('',(-5.E-02,1.2));
#6490 = VECTOR('',#6491,1.);
#6491 = DIRECTION('',(1.,0.));
#6492 = ( GEOMETRIC_REPRESENTATION_CONTEXT(2) 
PARAMETRIC_REPRESENTATION_CONTEXT() REPRESENTATION_CONTEXT('2D SPACE',''
  ) );
#6493 = PCURVE('',#4571,#6494);
#6494 = DEFINITIONAL_REPRESENTATION('',(#6495),#6499);
#6495 = LINE('',#6496,#6497);
#6496 = CARTESIAN_POINT('',(3.14159265359,5.E-02));
#6497 = VECTOR('',#6498,1.);
#6498 = DIRECTION('',(0.,-1.));
#6499 = ( GEOMETRIC_REPRESENTATION_CONTEXT(2) 
PARAMETRIC_REPRESENTATION_CONTEXT() REPRESENTATION_CONTEXT('2D SPACE',''
  ) );
#6500 = ORIENTED_EDGE('',*,*,#6501,.T.);
#6501 = EDGE_CURVE('',#6479,#6502,#6504,.T.);
#6502 = VERTEX_POINT('',#6503);
#6503 = CARTESIAN_POINT('',(-5.35,9.28,-3.2));
#6504 = SURFACE_CURVE('',#6505,(#6509,#6516),.PCURVE_S1.);
#6505 = LINE('',#6506,#6507);
#6506 = CARTESIAN_POINT('',(-5.35,9.28,-3.2));
#6507 = VECTOR('',#6508,1.);
#6508 = DIRECTION('',(0.,-1.,-0.));
#6509 = PCURVE('',#6459,#6510);
#6510 = DEFINITIONAL_REPRESENTATION('',(#6511),#6515);
#6511 = LINE('',#6512,#6513);
#6512 = CARTESIAN_POINT('',(-5.E-02,0.));
#6513 = VECTOR('',#6514,1.);
#6514 = DIRECTION('',(-0.,-1.));
#6515 = ( GEOMETRIC_REPRESENTATION_CONTEXT(2) 
PARAMETRIC_REPRESENTATION_CONTEXT() REPRESENTATION_CONTEXT('2D SPACE',''
  ) );
#6516 = PCURVE('',#6366,#6517);
#6517 = DEFINITIONAL_REPRESENTATION('',(#6518),#6522);
#6518 = LINE('',#6519,#6520);
#6519 = CARTESIAN_POINT('',(6.28318530718,0.));
#6520 = VECTOR('',#6521,1.);
#6521 = DIRECTION('',(0.,1.));
#6522 = ( GEOMETRIC_REPRESENTATION_CONTEXT(2) 
PARAMETRIC_REPRESENTATION_CONTEXT() REPRESENTATION_CONTEXT('2D SPACE',''
  ) );
#6523 = ORIENTED_EDGE('',*,*,#6524,.F.);
#6524 = EDGE_CURVE('',#6449,#6502,#6525,.T.);
#6525 = SURFACE_CURVE('',#6526,(#6530,#6537),.PCURVE_S1.);
#6526 = LINE('',#6527,#6528);
#6527 = CARTESIAN_POINT('',(-5.4,9.28,-3.2));
#6528 = VECTOR('',#6529,1.);
#6529 = DIRECTION('',(-1.,-0.,-0.));
#6530 = PCURVE('',#6459,#6531);
#6531 = DEFINITIONAL_REPRESENTATION('',(#6532),#6536);
#6532 = LINE('',#6533,#6534);
#6533 = CARTESIAN_POINT('',(0.,0.));
#6534 = VECTOR('',#6535,1.);
#6535 = DIRECTION('',(1.,0.));
#6536 = ( GEOMETRIC_REPRESENTATION_CONTEXT(2) 
PARAMETRIC_REPRESENTATION_CONTEXT() REPRESENTATION_CONTEXT('2D SPACE',''
  ) );
#6537 = PCURVE('',#6223,#6538);
#6538 = DEFINITIONAL_REPRESENTATION('',(#6539),#6543);
#6539 = LINE('',#6540,#6541);
#6540 = CARTESIAN_POINT('',(-3.2,-5.4));
#6541 = VECTOR('',#6542,1.);
#6542 = DIRECTION('',(0.,-1.));
#6543 = ( GEOMETRIC_REPRESENTATION_CONTEXT(2) 
PARAMETRIC_REPRESENTATION_CONTEXT() REPRESENTATION_CONTEXT('2D SPACE',''
  ) );
#6544 = ADVANCED_FACE('',(#6545,#6725),#6223,.T.);
#6545 = FACE_BOUND('',#6546,.T.);
#6546 = EDGE_LOOP('',(#6547,#6577,#6605,#6633,#6666,#6694));
#6547 = ORIENTED_EDGE('',*,*,#6548,.F.);
#6548 = EDGE_CURVE('',#6549,#6551,#6553,.T.);
#6549 = VERTEX_POINT('',#6550);
#6550 = CARTESIAN_POINT('',(-5.35,9.28,3.1));
#6551 = VERTEX_POINT('',#6552);
#6552 = CARTESIAN_POINT('',(5.25,9.28,3.1));
#6553 = SURFACE_CURVE('',#6554,(#6558,#6565),.PCURVE_S1.);
#6554 = LINE('',#6555,#6556);
#6555 = CARTESIAN_POINT('',(0.,9.28,3.1));
#6556 = VECTOR('',#6557,1.);
#6557 = DIRECTION('',(1.,0.,0.));
#6558 = PCURVE('',#6223,#6559);
#6559 = DEFINITIONAL_REPRESENTATION('',(#6560),#6564);
#6560 = LINE('',#6561,#6562);
#6561 = CARTESIAN_POINT('',(3.1,0.));
#6562 = VECTOR('',#6563,1.);
#6563 = DIRECTION('',(0.,1.));
#6564 = ( GEOMETRIC_REPRESENTATION_CONTEXT(2) 
PARAMETRIC_REPRESENTATION_CONTEXT() REPRESENTATION_CONTEXT('2D SPACE',''
  ) );
#6565 = PCURVE('',#6566,#6571);
#6566 = PLANE('',#6567);
#6567 = AXIS2_PLACEMENT_3D('',#6568,#6569,#6570);
#6568 = CARTESIAN_POINT('',(0.371376994961,6.788829679731,3.1));
#6569 = DIRECTION('',(0.,0.,1.));
#6570 = DIRECTION('',(1.,0.,-0.));
#6571 = DEFINITIONAL_REPRESENTATION('',(#6572),#6576);
#6572 = LINE('',#6573,#6574);
#6573 = CARTESIAN_POINT('',(-0.371376994961,2.491170320269));
#6574 = VECTOR('',#6575,1.);
#6575 = DIRECTION('',(1.,0.));
#6576 = ( GEOMETRIC_REPRESENTATION_CONTEXT(2) 
PARAMETRIC_REPRESENTATION_CONTEXT() REPRESENTATION_CONTEXT('2D SPACE',''
  ) );
#6577 = ORIENTED_EDGE('',*,*,#6578,.T.);
#6578 = EDGE_CURVE('',#6549,#6579,#6581,.T.);
#6579 = VERTEX_POINT('',#6580);
#6580 = CARTESIAN_POINT('',(-5.35,9.28,-3.1));
#6581 = SURFACE_CURVE('',#6582,(#6586,#6593),.PCURVE_S1.);
#6582 = LINE('',#6583,#6584);
#6583 = CARTESIAN_POINT('',(-5.35,9.28,0.));
#6584 = VECTOR('',#6585,1.);
#6585 = DIRECTION('',(-0.,0.,-1.));
#6586 = PCURVE('',#6223,#6587);
#6587 = DEFINITIONAL_REPRESENTATION('',(#6588),#6592);
#6588 = LINE('',#6589,#6590);
#6589 = CARTESIAN_POINT('',(0.,-5.35));
#6590 = VECTOR('',#6591,1.);
#6591 = DIRECTION('',(-1.,0.));
#6592 = ( GEOMETRIC_REPRESENTATION_CONTEXT(2) 
PARAMETRIC_REPRESENTATION_CONTEXT() REPRESENTATION_CONTEXT('2D SPACE',''
  ) );
#6593 = PCURVE('',#6594,#6599);
#6594 = PLANE('',#6595);
#6595 = AXIS2_PLACEMENT_3D('',#6596,#6597,#6598);
#6596 = CARTESIAN_POINT('',(-5.35,10.200458177411,3.1));
#6597 = DIRECTION('',(1.,0.,-0.));
#6598 = DIRECTION('',(-0.,0.,-1.));
#6599 = DEFINITIONAL_REPRESENTATION('',(#6600),#6604);
#6600 = LINE('',#6601,#6602);
#6601 = CARTESIAN_POINT('',(3.1,-0.920458177411));
#6602 = VECTOR('',#6603,1.);
#6603 = DIRECTION('',(1.,0.));
#6604 = ( GEOMETRIC_REPRESENTATION_CONTEXT(2) 
PARAMETRIC_REPRESENTATION_CONTEXT() REPRESENTATION_CONTEXT('2D SPACE',''
  ) );
#6605 = ORIENTED_EDGE('',*,*,#6606,.T.);
#6606 = EDGE_CURVE('',#6579,#6607,#6609,.T.);
#6607 = VERTEX_POINT('',#6608);
#6608 = CARTESIAN_POINT('',(5.25,9.28,-3.1));
#6609 = SURFACE_CURVE('',#6610,(#6614,#6621),.PCURVE_S1.);
#6610 = LINE('',#6611,#6612);
#6611 = CARTESIAN_POINT('',(0.,9.28,-3.1));
#6612 = VECTOR('',#6613,1.);
#6613 = DIRECTION('',(1.,0.,0.));
#6614 = PCURVE('',#6223,#6615);
#6615 = DEFINITIONAL_REPRESENTATION('',(#6616),#6620);
#6616 = LINE('',#6617,#6618);
#6617 = CARTESIAN_POINT('',(-3.1,0.));
#6618 = VECTOR('',#6619,1.);
#6619 = DIRECTION('',(0.,1.));
#6620 = ( GEOMETRIC_REPRESENTATION_CONTEXT(2) 
PARAMETRIC_REPRESENTATION_CONTEXT() REPRESENTATION_CONTEXT('2D SPACE',''
  ) );
#6621 = PCURVE('',#6622,#6627);
#6622 = PLANE('',#6623);
#6623 = AXIS2_PLACEMENT_3D('',#6624,#6625,#6626);
#6624 = CARTESIAN_POINT('',(0.371376994961,6.788829679731,-3.1));
#6625 = DIRECTION('',(0.,0.,1.));
#6626 = DIRECTION('',(1.,0.,-0.));
#6627 = DEFINITIONAL_REPRESENTATION('',(#6628),#6632);
#6628 = LINE('',#6629,#6630);
#6629 = CARTESIAN_POINT('',(-0.371376994961,2.491170320269));
#6630 = VECTOR('',#6631,1.);
#6631 = DIRECTION('',(1.,0.));
#6632 = ( GEOMETRIC_REPRESENTATION_CONTEXT(2) 
PARAMETRIC_REPRESENTATION_CONTEXT() REPRESENTATION_CONTEXT('2D SPACE',''
  ) );
#6633 = ORIENTED_EDGE('',*,*,#6634,.T.);
#6634 = EDGE_CURVE('',#6607,#6635,#6637,.T.);
#6635 = VERTEX_POINT('',#6636);
#6636 = CARTESIAN_POINT('',(5.35,9.28,-3.));
#6637 = SURFACE_CURVE('',#6638,(#6643,#6654),.PCURVE_S1.);
#6638 = CIRCLE('',#6639,1.E-01);
#6639 = AXIS2_PLACEMENT_3D('',#6640,#6641,#6642);
#6640 = CARTESIAN_POINT('',(5.25,9.28,-3.));
#6641 = DIRECTION('',(0.,-1.,0.));
#6642 = DIRECTION('',(0.,0.,1.));
#6643 = PCURVE('',#6223,#6644);
#6644 = DEFINITIONAL_REPRESENTATION('',(#6645),#6653);
#6645 = ( BOUNDED_CURVE() B_SPLINE_CURVE(2,(#6646,#6647,#6648,#6649,
#6650,#6651,#6652),.UNSPECIFIED.,.T.,.F.) B_SPLINE_CURVE_WITH_KNOTS((1,2
    ,2,2,2,1),(-2.094395102393,0.,2.094395102393,4.188790204786,
6.28318530718,8.377580409573),.UNSPECIFIED.) CURVE() 
GEOMETRIC_REPRESENTATION_ITEM() RATIONAL_B_SPLINE_CURVE((1.,0.5,1.,0.5,
1.,0.5,1.)) REPRESENTATION_ITEM('') );
#6646 = CARTESIAN_POINT('',(-2.9,5.25));
#6647 = CARTESIAN_POINT('',(-2.9,5.076794919243));
#6648 = CARTESIAN_POINT('',(-3.05,5.163397459622));
#6649 = CARTESIAN_POINT('',(-3.2,5.25));
#6650 = CARTESIAN_POINT('',(-3.05,5.336602540378));
#6651 = CARTESIAN_POINT('',(-2.9,5.423205080757));
#6652 = CARTESIAN_POINT('',(-2.9,5.25));
#6653 = ( GEOMETRIC_REPRESENTATION_CONTEXT(2) 
PARAMETRIC_REPRESENTATION_CONTEXT() REPRESENTATION_CONTEXT('2D SPACE',''
  ) );
#6654 = PCURVE('',#6655,#6660);
#6655 = CYLINDRICAL_SURFACE('',#6656,1.E-01);
#6656 = AXIS2_PLACEMENT_3D('',#6657,#6658,#6659);
#6657 = CARTESIAN_POINT('',(5.25,6.788829679731,-3.));
#6658 = DIRECTION('',(-0.,1.,0.));
#6659 = DIRECTION('',(0.,0.,1.));
#6660 = DEFINITIONAL_REPRESENTATION('',(#6661),#6665);
#6661 = LINE('',#6662,#6663);
#6662 = CARTESIAN_POINT('',(6.28318530718,2.491170320269));
#6663 = VECTOR('',#6664,1.);
#6664 = DIRECTION('',(-1.,0.));
#6665 = ( GEOMETRIC_REPRESENTATION_CONTEXT(2) 
PARAMETRIC_REPRESENTATION_CONTEXT() REPRESENTATION_CONTEXT('2D SPACE',''
  ) );
#6666 = ORIENTED_EDGE('',*,*,#6667,.F.);
#6667 = EDGE_CURVE('',#6668,#6635,#6670,.T.);
#6668 = VERTEX_POINT('',#6669);
#6669 = CARTESIAN_POINT('',(5.35,9.28,3.));
#6670 = SURFACE_CURVE('',#6671,(#6675,#6682),.PCURVE_S1.);
#6671 = LINE('',#6672,#6673);
#6672 = CARTESIAN_POINT('',(5.35,9.28,0.));
#6673 = VECTOR('',#6674,1.);
#6674 = DIRECTION('',(-0.,0.,-1.));
#6675 = PCURVE('',#6223,#6676);
#6676 = DEFINITIONAL_REPRESENTATION('',(#6677),#6681);
#6677 = LINE('',#6678,#6679);
#6678 = CARTESIAN_POINT('',(0.,5.35));
#6679 = VECTOR('',#6680,1.);
#6680 = DIRECTION('',(-1.,0.));
#6681 = ( GEOMETRIC_REPRESENTATION_CONTEXT(2) 
PARAMETRIC_REPRESENTATION_CONTEXT() REPRESENTATION_CONTEXT('2D SPACE',''
  ) );
#6682 = PCURVE('',#6683,#6688);
#6683 = PLANE('',#6684);
#6684 = AXIS2_PLACEMENT_3D('',#6685,#6686,#6687);
#6685 = CARTESIAN_POINT('',(5.35,10.53,3.1));
#6686 = DIRECTION('',(1.,0.,-0.));
#6687 = DIRECTION('',(-0.,0.,-1.));
#6688 = DEFINITIONAL_REPRESENTATION('',(#6689),#6693);
#6689 = LINE('',#6690,#6691);
#6690 = CARTESIAN_POINT('',(3.1,-1.25));
#6691 = VECTOR('',#6692,1.);
#6692 = DIRECTION('',(1.,0.));
#6693 = ( GEOMETRIC_REPRESENTATION_CONTEXT(2) 
PARAMETRIC_REPRESENTATION_CONTEXT() REPRESENTATION_CONTEXT('2D SPACE',''
  ) );
#6694 = ORIENTED_EDGE('',*,*,#6695,.T.);
#6695 = EDGE_CURVE('',#6668,#6551,#6696,.T.);
#6696 = SURFACE_CURVE('',#6697,(#6702,#6713),.PCURVE_S1.);
#6697 = CIRCLE('',#6698,1.E-01);
#6698 = AXIS2_PLACEMENT_3D('',#6699,#6700,#6701);
#6699 = CARTESIAN_POINT('',(5.25,9.28,3.));
#6700 = DIRECTION('',(0.,-1.,0.));
#6701 = DIRECTION('',(0.,0.,1.));
#6702 = PCURVE('',#6223,#6703);
#6703 = DEFINITIONAL_REPRESENTATION('',(#6704),#6712);
#6704 = ( BOUNDED_CURVE() B_SPLINE_CURVE(2,(#6705,#6706,#6707,#6708,
#6709,#6710,#6711),.UNSPECIFIED.,.T.,.F.) B_SPLINE_CURVE_WITH_KNOTS((1,2
    ,2,2,2,1),(-2.094395102393,0.,2.094395102393,4.188790204786,
6.28318530718,8.377580409573),.UNSPECIFIED.) CURVE() 
GEOMETRIC_REPRESENTATION_ITEM() RATIONAL_B_SPLINE_CURVE((1.,0.5,1.,0.5,
1.,0.5,1.)) REPRESENTATION_ITEM('') );
#6705 = CARTESIAN_POINT('',(3.1,5.25));
#6706 = CARTESIAN_POINT('',(3.1,5.076794919243));
#6707 = CARTESIAN_POINT('',(2.95,5.163397459622));
#6708 = CARTESIAN_POINT('',(2.8,5.25));
#6709 = CARTESIAN_POINT('',(2.95,5.336602540378));
#6710 = CARTESIAN_POINT('',(3.1,5.423205080757));
#6711 = CARTESIAN_POINT('',(3.1,5.25));
#6712 = ( GEOMETRIC_REPRESENTATION_CONTEXT(2) 
PARAMETRIC_REPRESENTATION_CONTEXT() REPRESENTATION_CONTEXT('2D SPACE',''
  ) );
#6713 = PCURVE('',#6714,#6719);
#6714 = CYLINDRICAL_SURFACE('',#6715,1.E-01);
#6715 = AXIS2_PLACEMENT_3D('',#6716,#6717,#6718);
#6716 = CARTESIAN_POINT('',(5.25,10.53,3.));
#6717 = DIRECTION('',(0.,-1.,0.));
#6718 = DIRECTION('',(0.,0.,-1.));
#6719 = DEFINITIONAL_REPRESENTATION('',(#6720),#6724);
#6720 = LINE('',#6721,#6722);
#6721 = CARTESIAN_POINT('',(-3.14159265359,1.25));
#6722 = VECTOR('',#6723,1.);
#6723 = DIRECTION('',(1.,0.));
#6724 = ( GEOMETRIC_REPRESENTATION_CONTEXT(2) 
PARAMETRIC_REPRESENTATION_CONTEXT() REPRESENTATION_CONTEXT('2D SPACE',''
  ) );
#6725 = FACE_BOUND('',#6726,.T.);
#6726 = EDGE_LOOP('',(#6727,#6728,#6750,#6751,#6773,#6774,#6796,#6797));
#6727 = ORIENTED_EDGE('',*,*,#6319,.T.);
#6728 = ORIENTED_EDGE('',*,*,#6729,.T.);
#6729 = EDGE_CURVE('',#6297,#6124,#6730,.T.);
#6730 = SURFACE_CURVE('',#6731,(#6736,#6743),.PCURVE_S1.);
#6731 = CIRCLE('',#6732,5.E-02);
#6732 = AXIS2_PLACEMENT_3D('',#6733,#6734,#6735);
#6733 = CARTESIAN_POINT('',(5.35,9.28,3.15));
#6734 = DIRECTION('',(0.,1.,0.));
#6735 = DIRECTION('',(0.,-0.,1.));
#6736 = PCURVE('',#6223,#6737);
#6737 = DEFINITIONAL_REPRESENTATION('',(#6738),#6742);
#6738 = CIRCLE('',#6739,5.E-02);
#6739 = AXIS2_PLACEMENT_2D('',#6740,#6741);
#6740 = CARTESIAN_POINT('',(3.15,5.35));
#6741 = DIRECTION('',(1.,0.));
#6742 = ( GEOMETRIC_REPRESENTATION_CONTEXT(2) 
PARAMETRIC_REPRESENTATION_CONTEXT() REPRESENTATION_CONTEXT('2D SPACE',''
  ) );
#6743 = PCURVE('',#6146,#6744);
#6744 = DEFINITIONAL_REPRESENTATION('',(#6745),#6749);
#6745 = LINE('',#6746,#6747);
#6746 = CARTESIAN_POINT('',(3.14159265359,0.));
#6747 = VECTOR('',#6748,1.);
#6748 = DIRECTION('',(-1.,0.));
#6749 = ( GEOMETRIC_REPRESENTATION_CONTEXT(2) 
PARAMETRIC_REPRESENTATION_CONTEXT() REPRESENTATION_CONTEXT('2D SPACE',''
  ) );
#6750 = ORIENTED_EDGE('',*,*,#6209,.T.);
#6751 = ORIENTED_EDGE('',*,*,#6752,.T.);
#6752 = EDGE_CURVE('',#6182,#6449,#6753,.T.);
#6753 = SURFACE_CURVE('',#6754,(#6759,#6766),.PCURVE_S1.);
#6754 = CIRCLE('',#6755,5.E-02);
#6755 = AXIS2_PLACEMENT_3D('',#6756,#6757,#6758);
#6756 = CARTESIAN_POINT('',(5.35,9.28,-3.15));
#6757 = DIRECTION('',(0.,1.,0.));
#6758 = DIRECTION('',(0.,-0.,1.));
#6759 = PCURVE('',#6223,#6760);
#6760 = DEFINITIONAL_REPRESENTATION('',(#6761),#6765);
#6761 = CIRCLE('',#6762,5.E-02);
#6762 = AXIS2_PLACEMENT_2D('',#6763,#6764);
#6763 = CARTESIAN_POINT('',(-3.15,5.35));
#6764 = DIRECTION('',(1.,0.));
#6765 = ( GEOMETRIC_REPRESENTATION_CONTEXT(2) 
PARAMETRIC_REPRESENTATION_CONTEXT() REPRESENTATION_CONTEXT('2D SPACE',''
  ) );
#6766 = PCURVE('',#6197,#6767);
#6767 = DEFINITIONAL_REPRESENTATION('',(#6768),#6772);
#6768 = LINE('',#6769,#6770);
#6769 = CARTESIAN_POINT('',(3.14159265359,0.));
#6770 = VECTOR('',#6771,1.);
#6771 = DIRECTION('',(-1.,0.));
#6772 = ( GEOMETRIC_REPRESENTATION_CONTEXT(2) 
PARAMETRIC_REPRESENTATION_CONTEXT() REPRESENTATION_CONTEXT('2D SPACE',''
  ) );
#6773 = ORIENTED_EDGE('',*,*,#6524,.T.);
#6774 = ORIENTED_EDGE('',*,*,#6775,.T.);
#6775 = EDGE_CURVE('',#6502,#6344,#6776,.T.);
#6776 = SURFACE_CURVE('',#6777,(#6782,#6789),.PCURVE_S1.);
#6777 = CIRCLE('',#6778,5.E-02);
#6778 = AXIS2_PLACEMENT_3D('',#6779,#6780,#6781);
#6779 = CARTESIAN_POINT('',(-5.35,9.28,-3.15));
#6780 = DIRECTION('',(0.,1.,0.));
#6781 = DIRECTION('',(0.,-0.,1.));
#6782 = PCURVE('',#6223,#6783);
#6783 = DEFINITIONAL_REPRESENTATION('',(#6784),#6788);
#6784 = CIRCLE('',#6785,5.E-02);
#6785 = AXIS2_PLACEMENT_2D('',#6786,#6787);
#6786 = CARTESIAN_POINT('',(-3.15,-5.35));
#6787 = DIRECTION('',(1.,0.));
#6788 = ( GEOMETRIC_REPRESENTATION_CONTEXT(2) 
PARAMETRIC_REPRESENTATION_CONTEXT() REPRESENTATION_CONTEXT('2D SPACE',''
  ) );
#6789 = PCURVE('',#6366,#6790);
#6790 = DEFINITIONAL_REPRESENTATION('',(#6791),#6795);
#6791 = LINE('',#6792,#6793);
#6792 = CARTESIAN_POINT('',(9.424777960769,0.));
#6793 = VECTOR('',#6794,1.);
#6794 = DIRECTION('',(-1.,0.));
#6795 = ( GEOMETRIC_REPRESENTATION_CONTEXT(2) 
PARAMETRIC_REPRESENTATION_CONTEXT() REPRESENTATION_CONTEXT('2D SPACE',''
  ) );
#6796 = ORIENTED_EDGE('',*,*,#6424,.T.);
#6797 = ORIENTED_EDGE('',*,*,#6798,.T.);
#6798 = EDGE_CURVE('',#6402,#6239,#6799,.T.);
#6799 = SURFACE_CURVE('',#6800,(#6805,#6812),.PCURVE_S1.);
#6800 = CIRCLE('',#6801,5.E-02);
#6801 = AXIS2_PLACEMENT_3D('',#6802,#6803,#6804);
#6802 = CARTESIAN_POINT('',(-5.35,9.28,3.15));
#6803 = DIRECTION('',(0.,1.,0.));
#6804 = DIRECTION('',(0.,-0.,1.));
#6805 = PCURVE('',#6223,#6806);
#6806 = DEFINITIONAL_REPRESENTATION('',(#6807),#6811);
#6807 = CIRCLE('',#6808,5.E-02);
#6808 = AXIS2_PLACEMENT_2D('',#6809,#6810);
#6809 = CARTESIAN_POINT('',(3.15,-5.35));
#6810 = DIRECTION('',(1.,0.));
#6811 = ( GEOMETRIC_REPRESENTATION_CONTEXT(2) 
PARAMETRIC_REPRESENTATION_CONTEXT() REPRESENTATION_CONTEXT('2D SPACE',''
  ) );
#6812 = PCURVE('',#6261,#6813);
#6813 = DEFINITIONAL_REPRESENTATION('',(#6814),#6818);
#6814 = LINE('',#6815,#6816);
#6815 = CARTESIAN_POINT('',(9.424777960769,0.));
#6816 = VECTOR('',#6817,1.);
#6817 = DIRECTION('',(-1.,0.));
#6818 = ( GEOMETRIC_REPRESENTATION_CONTEXT(2) 
PARAMETRIC_REPRESENTATION_CONTEXT() REPRESENTATION_CONTEXT('2D SPACE',''
  ) );
#6819 = ADVANCED_FACE('',(#6820),#4899,.F.);
#6820 = FACE_BOUND('',#6821,.T.);
#6821 = EDGE_LOOP('',(#6822,#6823,#6824,#6825));
#6822 = ORIENTED_EDGE('',*,*,#5217,.F.);
#6823 = ORIENTED_EDGE('',*,*,#5069,.T.);
#6824 = ORIENTED_EDGE('',*,*,#4885,.T.);
#6825 = ORIENTED_EDGE('',*,*,#5137,.F.);
#6826 = ADVANCED_FACE('',(#6827),#4845,.T.);
#6827 = FACE_BOUND('',#6828,.T.);
#6828 = EDGE_LOOP('',(#6829,#6830,#6831,#6832));
#6829 = ORIENTED_EDGE('',*,*,#5047,.F.);
#6830 = ORIENTED_EDGE('',*,*,#4914,.T.);
#6831 = ORIENTED_EDGE('',*,*,#5093,.T.);
#6832 = ORIENTED_EDGE('',*,*,#4829,.F.);
#6833 = ADVANCED_FACE('',(#6834),#6146,.F.);
#6834 = FACE_BOUND('',#6835,.F.);
#6835 = EDGE_LOOP('',(#6836,#6837,#6838,#6860));
#6836 = ORIENTED_EDGE('',*,*,#6729,.T.);
#6837 = ORIENTED_EDGE('',*,*,#6123,.T.);
#6838 = ORIENTED_EDGE('',*,*,#6839,.F.);
#6839 = EDGE_CURVE('',#6274,#6126,#6840,.T.);
#6840 = SURFACE_CURVE('',#6841,(#6846,#6853),.PCURVE_S1.);
#6841 = CIRCLE('',#6842,5.E-02);
#6842 = AXIS2_PLACEMENT_3D('',#6843,#6844,#6845);
#6843 = CARTESIAN_POINT('',(5.35,10.48,3.15));
#6844 = DIRECTION('',(0.,1.,0.));
#6845 = DIRECTION('',(0.,-0.,1.));
#6846 = PCURVE('',#6146,#6847);
#6847 = DEFINITIONAL_REPRESENTATION('',(#6848),#6852);
#6848 = LINE('',#6849,#6850);
#6849 = CARTESIAN_POINT('',(3.14159265359,-1.2));
#6850 = VECTOR('',#6851,1.);
#6851 = DIRECTION('',(-1.,0.));
#6852 = ( GEOMETRIC_REPRESENTATION_CONTEXT(2) 
PARAMETRIC_REPRESENTATION_CONTEXT() REPRESENTATION_CONTEXT('2D SPACE',''
  ) );
#6853 = PCURVE('',#4665,#6854);
#6854 = DEFINITIONAL_REPRESENTATION('',(#6855),#6859);
#6855 = LINE('',#6856,#6857);
#6856 = CARTESIAN_POINT('',(0.,3.14159265359));
#6857 = VECTOR('',#6858,1.);
#6858 = DIRECTION('',(1.,0.));
#6859 = ( GEOMETRIC_REPRESENTATION_CONTEXT(2) 
PARAMETRIC_REPRESENTATION_CONTEXT() REPRESENTATION_CONTEXT('2D SPACE',''
  ) );
#6860 = ORIENTED_EDGE('',*,*,#6296,.T.);
#6861 = ADVANCED_FACE('',(#6862),#6197,.F.);
#6862 = FACE_BOUND('',#6863,.F.);
#6863 = EDGE_LOOP('',(#6864,#6865,#6866,#6888));
#6864 = ORIENTED_EDGE('',*,*,#6752,.T.);
#6865 = ORIENTED_EDGE('',*,*,#6448,.T.);
#6866 = ORIENTED_EDGE('',*,*,#6867,.F.);
#6867 = EDGE_CURVE('',#6159,#6451,#6868,.T.);
#6868 = SURFACE_CURVE('',#6869,(#6874,#6881),.PCURVE_S1.);
#6869 = CIRCLE('',#6870,5.E-02);
#6870 = AXIS2_PLACEMENT_3D('',#6871,#6872,#6873);
#6871 = CARTESIAN_POINT('',(5.35,10.48,-3.15));
#6872 = DIRECTION('',(0.,1.,0.));
#6873 = DIRECTION('',(0.,-0.,1.));
#6874 = PCURVE('',#6197,#6875);
#6875 = DEFINITIONAL_REPRESENTATION('',(#6876),#6880);
#6876 = LINE('',#6877,#6878);
#6877 = CARTESIAN_POINT('',(3.14159265359,-1.2));
#6878 = VECTOR('',#6879,1.);
#6879 = DIRECTION('',(-1.,0.));
#6880 = ( GEOMETRIC_REPRESENTATION_CONTEXT(2) 
PARAMETRIC_REPRESENTATION_CONTEXT() REPRESENTATION_CONTEXT('2D SPACE',''
  ) );
#6881 = PCURVE('',#4604,#6882);
#6882 = DEFINITIONAL_REPRESENTATION('',(#6883),#6887);
#6883 = LINE('',#6884,#6885);
#6884 = CARTESIAN_POINT('',(0.,3.14159265359));
#6885 = VECTOR('',#6886,1.);
#6886 = DIRECTION('',(1.,0.));
#6887 = ( GEOMETRIC_REPRESENTATION_CONTEXT(2) 
PARAMETRIC_REPRESENTATION_CONTEXT() REPRESENTATION_CONTEXT('2D SPACE',''
  ) );
#6888 = ORIENTED_EDGE('',*,*,#6181,.T.);
#6889 = ADVANCED_FACE('',(#6890),#6261,.F.);
#6890 = FACE_BOUND('',#6891,.F.);
#6891 = EDGE_LOOP('',(#6892,#6893,#6894,#6916));
#6892 = ORIENTED_EDGE('',*,*,#6798,.T.);
#6893 = ORIENTED_EDGE('',*,*,#6238,.T.);
#6894 = ORIENTED_EDGE('',*,*,#6895,.F.);
#6895 = EDGE_CURVE('',#6379,#6241,#6896,.T.);
#6896 = SURFACE_CURVE('',#6897,(#6902,#6909),.PCURVE_S1.);
#6897 = CIRCLE('',#6898,5.E-02);
#6898 = AXIS2_PLACEMENT_3D('',#6899,#6900,#6901);
#6899 = CARTESIAN_POINT('',(-5.35,10.48,3.15));
#6900 = DIRECTION('',(0.,1.,0.));
#6901 = DIRECTION('',(0.,-0.,1.));
#6902 = PCURVE('',#6261,#6903);
#6903 = DEFINITIONAL_REPRESENTATION('',(#6904),#6908);
#6904 = LINE('',#6905,#6906);
#6905 = CARTESIAN_POINT('',(9.424777960769,-1.2));
#6906 = VECTOR('',#6907,1.);
#6907 = DIRECTION('',(-1.,0.));
#6908 = ( GEOMETRIC_REPRESENTATION_CONTEXT(2) 
PARAMETRIC_REPRESENTATION_CONTEXT() REPRESENTATION_CONTEXT('2D SPACE',''
  ) );
#6909 = PCURVE('',#4726,#6910);
#6910 = DEFINITIONAL_REPRESENTATION('',(#6911),#6915);
#6911 = LINE('',#6912,#6913);
#6912 = CARTESIAN_POINT('',(0.,3.14159265359));
#6913 = VECTOR('',#6914,1.);
#6914 = DIRECTION('',(1.,0.));
#6915 = ( GEOMETRIC_REPRESENTATION_CONTEXT(2) 
PARAMETRIC_REPRESENTATION_CONTEXT() REPRESENTATION_CONTEXT('2D SPACE',''
  ) );
#6916 = ORIENTED_EDGE('',*,*,#6401,.T.);
#6917 = ADVANCED_FACE('',(#6918),#6366,.F.);
#6918 = FACE_BOUND('',#6919,.F.);
#6919 = EDGE_LOOP('',(#6920,#6921,#6922,#6944));
#6920 = ORIENTED_EDGE('',*,*,#6775,.T.);
#6921 = ORIENTED_EDGE('',*,*,#6343,.T.);
#6922 = ORIENTED_EDGE('',*,*,#6923,.F.);
#6923 = EDGE_CURVE('',#6479,#6346,#6924,.T.);
#6924 = SURFACE_CURVE('',#6925,(#6930,#6937),.PCURVE_S1.);
#6925 = CIRCLE('',#6926,5.E-02);
#6926 = AXIS2_PLACEMENT_3D('',#6927,#6928,#6929);
#6927 = CARTESIAN_POINT('',(-5.35,10.48,-3.15));
#6928 = DIRECTION('',(0.,1.,0.));
#6929 = DIRECTION('',(0.,-0.,1.));
#6930 = PCURVE('',#6366,#6931);
#6931 = DEFINITIONAL_REPRESENTATION('',(#6932),#6936);
#6932 = LINE('',#6933,#6934);
#6933 = CARTESIAN_POINT('',(9.424777960769,-1.2));
#6934 = VECTOR('',#6935,1.);
#6935 = DIRECTION('',(-1.,0.));
#6936 = ( GEOMETRIC_REPRESENTATION_CONTEXT(2) 
PARAMETRIC_REPRESENTATION_CONTEXT() REPRESENTATION_CONTEXT('2D SPACE',''
  ) );
#6937 = PCURVE('',#4785,#6938);
#6938 = DEFINITIONAL_REPRESENTATION('',(#6939),#6943);
#6939 = LINE('',#6940,#6941);
#6940 = CARTESIAN_POINT('',(0.,3.14159265359));
#6941 = VECTOR('',#6942,1.);
#6942 = DIRECTION('',(1.,0.));
#6943 = ( GEOMETRIC_REPRESENTATION_CONTEXT(2) 
PARAMETRIC_REPRESENTATION_CONTEXT() REPRESENTATION_CONTEXT('2D SPACE',''
  ) );
#6944 = ORIENTED_EDGE('',*,*,#6501,.T.);
#6945 = ADVANCED_FACE('',(#6946),#4726,.T.);
#6946 = FACE_BOUND('',#6947,.T.);
#6947 = EDGE_LOOP('',(#6948,#6970,#6971,#6993));
#6948 = ORIENTED_EDGE('',*,*,#6949,.F.);
#6949 = EDGE_CURVE('',#6241,#4678,#6950,.T.);
#6950 = SURFACE_CURVE('',#6951,(#6956,#6963),.PCURVE_S1.);
#6951 = CIRCLE('',#6952,5.E-02);
#6952 = AXIS2_PLACEMENT_3D('',#6953,#6954,#6955);
#6953 = CARTESIAN_POINT('',(-5.35,10.48,3.25));
#6954 = DIRECTION('',(1.,0.,0.));
#6955 = DIRECTION('',(0.,0.,-1.));
#6956 = PCURVE('',#4726,#6957);
#6957 = DEFINITIONAL_REPRESENTATION('',(#6958),#6962);
#6958 = LINE('',#6959,#6960);
#6959 = CARTESIAN_POINT('',(6.28318530718,3.14159265359));
#6960 = VECTOR('',#6961,1.);
#6961 = DIRECTION('',(0.,-1.));
#6962 = ( GEOMETRIC_REPRESENTATION_CONTEXT(2) 
PARAMETRIC_REPRESENTATION_CONTEXT() REPRESENTATION_CONTEXT('2D SPACE',''
  ) );
#6963 = PCURVE('',#4693,#6964);
#6964 = DEFINITIONAL_REPRESENTATION('',(#6965),#6969);
#6965 = LINE('',#6966,#6967);
#6966 = CARTESIAN_POINT('',(3.14159265359,-5.E-02));
#6967 = VECTOR('',#6968,1.);
#6968 = DIRECTION('',(-1.,0.));
#6969 = ( GEOMETRIC_REPRESENTATION_CONTEXT(2) 
PARAMETRIC_REPRESENTATION_CONTEXT() REPRESENTATION_CONTEXT('2D SPACE',''
  ) );
#6970 = ORIENTED_EDGE('',*,*,#6895,.F.);
#6971 = ORIENTED_EDGE('',*,*,#6972,.F.);
#6972 = EDGE_CURVE('',#4706,#6379,#6973,.T.);
#6973 = SURFACE_CURVE('',#6974,(#6979,#6986),.PCURVE_S1.);
#6974 = CIRCLE('',#6975,5.E-02);
#6975 = AXIS2_PLACEMENT_3D('',#6976,#6977,#6978);
#6976 = CARTESIAN_POINT('',(-5.45,10.48,3.15));
#6977 = DIRECTION('',(0.,0.,-1.));
#6978 = DIRECTION('',(-1.,0.,0.));
#6979 = PCURVE('',#4726,#6980);
#6980 = DEFINITIONAL_REPRESENTATION('',(#6981),#6985);
#6981 = LINE('',#6982,#6983);
#6982 = CARTESIAN_POINT('',(4.712388980385,-1.043609643148E-14));
#6983 = VECTOR('',#6984,1.);
#6984 = DIRECTION('',(0.,1.));
#6985 = ( GEOMETRIC_REPRESENTATION_CONTEXT(2) 
PARAMETRIC_REPRESENTATION_CONTEXT() REPRESENTATION_CONTEXT('2D SPACE',''
  ) );
#6986 = PCURVE('',#4754,#6987);
#6987 = DEFINITIONAL_REPRESENTATION('',(#6988),#6992);
#6988 = LINE('',#6989,#6990);
#6989 = CARTESIAN_POINT('',(0.,-6.35));
#6990 = VECTOR('',#6991,1.);
#6991 = DIRECTION('',(1.,0.));
#6992 = ( GEOMETRIC_REPRESENTATION_CONTEXT(2) 
PARAMETRIC_REPRESENTATION_CONTEXT() REPRESENTATION_CONTEXT('2D SPACE',''
  ) );
#6993 = ORIENTED_EDGE('',*,*,#4705,.F.);
#6994 = ADVANCED_FACE('',(#6995),#4754,.T.);
#6995 = FACE_BOUND('',#6996,.T.);
#6996 = EDGE_LOOP('',(#6997,#6998,#6999,#7021));
#6997 = ORIENTED_EDGE('',*,*,#6972,.T.);
#6998 = ORIENTED_EDGE('',*,*,#6378,.F.);
#6999 = ORIENTED_EDGE('',*,*,#7000,.F.);
#7000 = EDGE_CURVE('',#4739,#6346,#7001,.T.);
#7001 = SURFACE_CURVE('',#7002,(#7007,#7014),.PCURVE_S1.);
#7002 = CIRCLE('',#7003,5.E-02);
#7003 = AXIS2_PLACEMENT_3D('',#7004,#7005,#7006);
#7004 = CARTESIAN_POINT('',(-5.45,10.48,-3.15));
#7005 = DIRECTION('',(0.,0.,-1.));
#7006 = DIRECTION('',(-1.,0.,0.));
#7007 = PCURVE('',#4754,#7008);
#7008 = DEFINITIONAL_REPRESENTATION('',(#7009),#7013);
#7009 = LINE('',#7010,#7011);
#7010 = CARTESIAN_POINT('',(0.,-5.E-02));
#7011 = VECTOR('',#7012,1.);
#7012 = DIRECTION('',(1.,0.));
#7013 = ( GEOMETRIC_REPRESENTATION_CONTEXT(2) 
PARAMETRIC_REPRESENTATION_CONTEXT() REPRESENTATION_CONTEXT('2D SPACE',''
  ) );
#7014 = PCURVE('',#4785,#7015);
#7015 = DEFINITIONAL_REPRESENTATION('',(#7016),#7020);
#7016 = LINE('',#7017,#7018);
#7017 = CARTESIAN_POINT('',(4.712388980385,7.327471962526E-15));
#7018 = VECTOR('',#7019,1.);
#7019 = DIRECTION('',(0.,1.));
#7020 = ( GEOMETRIC_REPRESENTATION_CONTEXT(2) 
PARAMETRIC_REPRESENTATION_CONTEXT() REPRESENTATION_CONTEXT('2D SPACE',''
  ) );
#7021 = ORIENTED_EDGE('',*,*,#4738,.F.);
#7022 = ADVANCED_FACE('',(#7023),#4693,.T.);
#7023 = FACE_BOUND('',#7024,.T.);
#7024 = EDGE_LOOP('',(#7025,#7026,#7027,#7049));
#7025 = ORIENTED_EDGE('',*,*,#6949,.T.);
#7026 = ORIENTED_EDGE('',*,*,#4677,.F.);
#7027 = ORIENTED_EDGE('',*,*,#7028,.F.);
#7028 = EDGE_CURVE('',#6274,#4645,#7029,.T.);
#7029 = SURFACE_CURVE('',#7030,(#7035,#7042),.PCURVE_S1.);
#7030 = CIRCLE('',#7031,5.E-02);
#7031 = AXIS2_PLACEMENT_3D('',#7032,#7033,#7034);
#7032 = CARTESIAN_POINT('',(5.35,10.48,3.25));
#7033 = DIRECTION('',(1.,-0.,0.));
#7034 = DIRECTION('',(0.,0.,-1.));
#7035 = PCURVE('',#4693,#7036);
#7036 = DEFINITIONAL_REPRESENTATION('',(#7037),#7041);
#7037 = LINE('',#7038,#7039);
#7038 = CARTESIAN_POINT('',(3.14159265359,-10.75));
#7039 = VECTOR('',#7040,1.);
#7040 = DIRECTION('',(-1.,0.));
#7041 = ( GEOMETRIC_REPRESENTATION_CONTEXT(2) 
PARAMETRIC_REPRESENTATION_CONTEXT() REPRESENTATION_CONTEXT('2D SPACE',''
  ) );
#7042 = PCURVE('',#4665,#7043);
#7043 = DEFINITIONAL_REPRESENTATION('',(#7044),#7048);
#7044 = LINE('',#7045,#7046);
#7045 = CARTESIAN_POINT('',(0.,3.14159265359));
#7046 = VECTOR('',#7047,1.);
#7047 = DIRECTION('',(0.,-1.));
#7048 = ( GEOMETRIC_REPRESENTATION_CONTEXT(2) 
PARAMETRIC_REPRESENTATION_CONTEXT() REPRESENTATION_CONTEXT('2D SPACE',''
  ) );
#7049 = ORIENTED_EDGE('',*,*,#6273,.F.);
#7050 = ADVANCED_FACE('',(#7051),#4785,.T.);
#7051 = FACE_BOUND('',#7052,.T.);
#7052 = EDGE_LOOP('',(#7053,#7054,#7055,#7077));
#7053 = ORIENTED_EDGE('',*,*,#7000,.T.);
#7054 = ORIENTED_EDGE('',*,*,#6923,.F.);
#7055 = ORIENTED_EDGE('',*,*,#7056,.F.);
#7056 = EDGE_CURVE('',#4549,#6479,#7057,.T.);
#7057 = SURFACE_CURVE('',#7058,(#7063,#7070),.PCURVE_S1.);
#7058 = CIRCLE('',#7059,5.E-02);
#7059 = AXIS2_PLACEMENT_3D('',#7060,#7061,#7062);
#7060 = CARTESIAN_POINT('',(-5.35,10.48,-3.25));
#7061 = DIRECTION('',(1.,0.,0.));
#7062 = DIRECTION('',(0.,0.,-1.));
#7063 = PCURVE('',#4785,#7064);
#7064 = DEFINITIONAL_REPRESENTATION('',(#7065),#7069);
#7065 = LINE('',#7066,#7067);
#7066 = CARTESIAN_POINT('',(3.14159265359,-1.554312234475E-15));
#7067 = VECTOR('',#7068,1.);
#7068 = DIRECTION('',(0.,1.));
#7069 = ( GEOMETRIC_REPRESENTATION_CONTEXT(2) 
PARAMETRIC_REPRESENTATION_CONTEXT() REPRESENTATION_CONTEXT('2D SPACE',''
  ) );
#7070 = PCURVE('',#4571,#7071);
#7071 = DEFINITIONAL_REPRESENTATION('',(#7072),#7076);
#7072 = LINE('',#7073,#7074);
#7073 = CARTESIAN_POINT('',(8.881784197001E-15,5.E-02));
#7074 = VECTOR('',#7075,1.);
#7075 = DIRECTION('',(1.,0.));
#7076 = ( GEOMETRIC_REPRESENTATION_CONTEXT(2) 
PARAMETRIC_REPRESENTATION_CONTEXT() REPRESENTATION_CONTEXT('2D SPACE',''
  ) );
#7077 = ORIENTED_EDGE('',*,*,#4766,.F.);
#7078 = ADVANCED_FACE('',(#7079),#4665,.T.);
#7079 = FACE_BOUND('',#7080,.T.);
#7080 = EDGE_LOOP('',(#7081,#7082,#7083,#7105));
#7081 = ORIENTED_EDGE('',*,*,#7028,.T.);
#7082 = ORIENTED_EDGE('',*,*,#4644,.F.);
#7083 = ORIENTED_EDGE('',*,*,#7084,.F.);
#7084 = EDGE_CURVE('',#6126,#4617,#7085,.T.);
#7085 = SURFACE_CURVE('',#7086,(#7091,#7098),.PCURVE_S1.);
#7086 = CIRCLE('',#7087,5.E-02);
#7087 = AXIS2_PLACEMENT_3D('',#7088,#7089,#7090);
#7088 = CARTESIAN_POINT('',(5.45,10.48,3.15));
#7089 = DIRECTION('',(0.,0.,-1.));
#7090 = DIRECTION('',(-1.,0.,0.));
#7091 = PCURVE('',#4665,#7092);
#7092 = DEFINITIONAL_REPRESENTATION('',(#7093),#7097);
#7093 = LINE('',#7094,#7095);
#7094 = CARTESIAN_POINT('',(1.570796326795,3.14159265359));
#7095 = VECTOR('',#7096,1.);
#7096 = DIRECTION('',(0.,-1.));
#7097 = ( GEOMETRIC_REPRESENTATION_CONTEXT(2) 
PARAMETRIC_REPRESENTATION_CONTEXT() REPRESENTATION_CONTEXT('2D SPACE',''
  ) );
#7098 = PCURVE('',#4632,#7099);
#7099 = DEFINITIONAL_REPRESENTATION('',(#7100),#7104);
#7100 = LINE('',#7101,#7102);
#7101 = CARTESIAN_POINT('',(3.14159265359,6.35));
#7102 = VECTOR('',#7103,1.);
#7103 = DIRECTION('',(-1.,0.));
#7104 = ( GEOMETRIC_REPRESENTATION_CONTEXT(2) 
PARAMETRIC_REPRESENTATION_CONTEXT() REPRESENTATION_CONTEXT('2D SPACE',''
  ) );
#7105 = ORIENTED_EDGE('',*,*,#6839,.F.);
#7106 = ADVANCED_FACE('',(#7107),#4571,.T.);
#7107 = FACE_BOUND('',#7108,.T.);
#7108 = EDGE_LOOP('',(#7109,#7110,#7111,#7133));
#7109 = ORIENTED_EDGE('',*,*,#7056,.T.);
#7110 = ORIENTED_EDGE('',*,*,#6478,.F.);
#7111 = ORIENTED_EDGE('',*,*,#7112,.F.);
#7112 = EDGE_CURVE('',#4551,#6451,#7113,.T.);
#7113 = SURFACE_CURVE('',#7114,(#7119,#7126),.PCURVE_S1.);
#7114 = CIRCLE('',#7115,5.E-02);
#7115 = AXIS2_PLACEMENT_3D('',#7116,#7117,#7118);
#7116 = CARTESIAN_POINT('',(5.35,10.48,-3.25));
#7117 = DIRECTION('',(1.,0.,0.));
#7118 = DIRECTION('',(0.,0.,-1.));
#7119 = PCURVE('',#4571,#7120);
#7120 = DEFINITIONAL_REPRESENTATION('',(#7121),#7125);
#7121 = LINE('',#7122,#7123);
#7122 = CARTESIAN_POINT('',(0.,10.75));
#7123 = VECTOR('',#7124,1.);
#7124 = DIRECTION('',(1.,0.));
#7125 = ( GEOMETRIC_REPRESENTATION_CONTEXT(2) 
PARAMETRIC_REPRESENTATION_CONTEXT() REPRESENTATION_CONTEXT('2D SPACE',''
  ) );
#7126 = PCURVE('',#4604,#7127);
#7127 = DEFINITIONAL_REPRESENTATION('',(#7128),#7132);
#7128 = LINE('',#7129,#7130);
#7129 = CARTESIAN_POINT('',(3.14159265359,-1.043609643148E-14));
#7130 = VECTOR('',#7131,1.);
#7131 = DIRECTION('',(0.,1.));
#7132 = ( GEOMETRIC_REPRESENTATION_CONTEXT(2) 
PARAMETRIC_REPRESENTATION_CONTEXT() REPRESENTATION_CONTEXT('2D SPACE',''
  ) );
#7133 = ORIENTED_EDGE('',*,*,#4548,.F.);
#7134 = ADVANCED_FACE('',(#7135),#4632,.T.);
#7135 = FACE_BOUND('',#7136,.T.);
#7136 = EDGE_LOOP('',(#7137,#7138,#7139,#7161));
#7137 = ORIENTED_EDGE('',*,*,#7084,.T.);
#7138 = ORIENTED_EDGE('',*,*,#4616,.F.);
#7139 = ORIENTED_EDGE('',*,*,#7140,.F.);
#7140 = EDGE_CURVE('',#6159,#4584,#7141,.T.);
#7141 = SURFACE_CURVE('',#7142,(#7147,#7154),.PCURVE_S1.);
#7142 = CIRCLE('',#7143,5.E-02);
#7143 = AXIS2_PLACEMENT_3D('',#7144,#7145,#7146);
#7144 = CARTESIAN_POINT('',(5.45,10.48,-3.15));
#7145 = DIRECTION('',(0.,0.,-1.));
#7146 = DIRECTION('',(-1.,0.,0.));
#7147 = PCURVE('',#4632,#7148);
#7148 = DEFINITIONAL_REPRESENTATION('',(#7149),#7153);
#7149 = LINE('',#7150,#7151);
#7150 = CARTESIAN_POINT('',(3.14159265359,5.E-02));
#7151 = VECTOR('',#7152,1.);
#7152 = DIRECTION('',(-1.,0.));
#7153 = ( GEOMETRIC_REPRESENTATION_CONTEXT(2) 
PARAMETRIC_REPRESENTATION_CONTEXT() REPRESENTATION_CONTEXT('2D SPACE',''
  ) );
#7154 = PCURVE('',#4604,#7155);
#7155 = DEFINITIONAL_REPRESENTATION('',(#7156),#7160);
#7156 = LINE('',#7157,#7158);
#7157 = CARTESIAN_POINT('',(1.570796326795,3.14159265359));
#7158 = VECTOR('',#7159,1.);
#7159 = DIRECTION('',(0.,-1.));
#7160 = ( GEOMETRIC_REPRESENTATION_CONTEXT(2) 
PARAMETRIC_REPRESENTATION_CONTEXT() REPRESENTATION_CONTEXT('2D SPACE',''
  ) );
#7161 = ORIENTED_EDGE('',*,*,#6158,.F.);
#7162 = ADVANCED_FACE('',(#7163),#4604,.T.);
#7163 = FACE_BOUND('',#7164,.T.);
#7164 = EDGE_LOOP('',(#7165,#7166,#7167,#7168));
#7165 = ORIENTED_EDGE('',*,*,#7112,.T.);
#7166 = ORIENTED_EDGE('',*,*,#6867,.F.);
#7167 = ORIENTED_EDGE('',*,*,#7140,.T.);
#7168 = ORIENTED_EDGE('',*,*,#4583,.F.);
#7169 = ADVANCED_FACE('',(#7170),#4147,.F.);
#7170 = FACE_BOUND('',#7171,.T.);
#7171 = EDGE_LOOP('',(#7172,#7173,#7194,#7195,#7218,#7246,#7267,#7268));
#7172 = ORIENTED_EDGE('',*,*,#4129,.T.);
#7173 = ORIENTED_EDGE('',*,*,#7174,.F.);
#7174 = EDGE_CURVE('',#4374,#4132,#7175,.T.);
#7175 = SURFACE_CURVE('',#7176,(#7180,#7187),.PCURVE_S1.);
#7176 = LINE('',#7177,#7178);
#7177 = CARTESIAN_POINT('',(-1.3,-0.5,-3.45));
#7178 = VECTOR('',#7179,1.);
#7179 = DIRECTION('',(-0.,1.,-0.));
#7180 = PCURVE('',#4147,#7181);
#7181 = DEFINITIONAL_REPRESENTATION('',(#7182),#7186);
#7182 = LINE('',#7183,#7184);
#7183 = CARTESIAN_POINT('',(6.9,0.));
#7184 = VECTOR('',#7185,1.);
#7185 = DIRECTION('',(0.,1.));
#7186 = ( GEOMETRIC_REPRESENTATION_CONTEXT(2) 
PARAMETRIC_REPRESENTATION_CONTEXT() REPRESENTATION_CONTEXT('2D SPACE',''
  ) );
#7187 = PCURVE('',#4229,#7188);
#7188 = DEFINITIONAL_REPRESENTATION('',(#7189),#7193);
#7189 = LINE('',#7190,#7191);
#7190 = CARTESIAN_POINT('',(-2.6,0.));
#7191 = VECTOR('',#7192,1.);
#7192 = DIRECTION('',(0.,1.));
#7193 = ( GEOMETRIC_REPRESENTATION_CONTEXT(2) 
PARAMETRIC_REPRESENTATION_CONTEXT() REPRESENTATION_CONTEXT('2D SPACE',''
  ) );
#7194 = ORIENTED_EDGE('',*,*,#4373,.F.);
#7195 = ORIENTED_EDGE('',*,*,#7196,.F.);
#7196 = EDGE_CURVE('',#7197,#4339,#7199,.T.);
#7197 = VERTEX_POINT('',#7198);
#7198 = CARTESIAN_POINT('',(-1.3,-1.17,-2.));
#7199 = SURFACE_CURVE('',#7200,(#7204,#7211),.PCURVE_S1.);
#7200 = LINE('',#7201,#7202);
#7201 = CARTESIAN_POINT('',(-1.3,-17.64074417675,-2.));
#7202 = VECTOR('',#7203,1.);
#7203 = DIRECTION('',(-0.,1.,-0.));
#7204 = PCURVE('',#4147,#7205);
#7205 = DEFINITIONAL_REPRESENTATION('',(#7206),#7210);
#7206 = LINE('',#7207,#7208);
#7207 = CARTESIAN_POINT('',(5.45,-17.14074417675));
#7208 = VECTOR('',#7209,1.);
#7209 = DIRECTION('',(0.,1.));
#7210 = ( GEOMETRIC_REPRESENTATION_CONTEXT(2) 
PARAMETRIC_REPRESENTATION_CONTEXT() REPRESENTATION_CONTEXT('2D SPACE',''
  ) );
#7211 = PCURVE('',#4361,#7212);
#7212 = DEFINITIONAL_REPRESENTATION('',(#7213),#7217);
#7213 = LINE('',#7214,#7215);
#7214 = CARTESIAN_POINT('',(0.,0.));
#7215 = VECTOR('',#7216,1.);
#7216 = DIRECTION('',(0.,1.));
#7217 = ( GEOMETRIC_REPRESENTATION_CONTEXT(2) 
PARAMETRIC_REPRESENTATION_CONTEXT() REPRESENTATION_CONTEXT('2D SPACE',''
  ) );
#7218 = ORIENTED_EDGE('',*,*,#7219,.T.);
#7219 = EDGE_CURVE('',#7197,#7220,#7222,.T.);
#7220 = VERTEX_POINT('',#7221);
#7221 = CARTESIAN_POINT('',(-1.3,-1.17,2.));
#7222 = SURFACE_CURVE('',#7223,(#7227,#7234),.PCURVE_S1.);
#7223 = LINE('',#7224,#7225);
#7224 = CARTESIAN_POINT('',(-1.3,-1.17,2.));
#7225 = VECTOR('',#7226,1.);
#7226 = DIRECTION('',(0.,0.,1.));
#7227 = PCURVE('',#4147,#7228);
#7228 = DEFINITIONAL_REPRESENTATION('',(#7229),#7233);
#7229 = LINE('',#7230,#7231);
#7230 = CARTESIAN_POINT('',(1.45,-0.67));
#7231 = VECTOR('',#7232,1.);
#7232 = DIRECTION('',(-1.,0.));
#7233 = ( GEOMETRIC_REPRESENTATION_CONTEXT(2) 
PARAMETRIC_REPRESENTATION_CONTEXT() REPRESENTATION_CONTEXT('2D SPACE',''
  ) );
#7234 = PCURVE('',#7235,#7240);
#7235 = PLANE('',#7236);
#7236 = AXIS2_PLACEMENT_3D('',#7237,#7238,#7239);
#7237 = CARTESIAN_POINT('',(0.,-1.17,0.));
#7238 = DIRECTION('',(0.,1.,0.));
#7239 = DIRECTION('',(0.,-0.,1.));
#7240 = DEFINITIONAL_REPRESENTATION('',(#7241),#7245);
#7241 = LINE('',#7242,#7243);
#7242 = CARTESIAN_POINT('',(2.,-1.3));
#7243 = VECTOR('',#7244,1.);
#7244 = DIRECTION('',(1.,0.));
#7245 = ( GEOMETRIC_REPRESENTATION_CONTEXT(2) 
PARAMETRIC_REPRESENTATION_CONTEXT() REPRESENTATION_CONTEXT('2D SPACE',''
  ) );
#7246 = ORIENTED_EDGE('',*,*,#7247,.T.);
#7247 = EDGE_CURVE('',#7220,#4446,#7248,.T.);
#7248 = SURFACE_CURVE('',#7249,(#7253,#7260),.PCURVE_S1.);
#7249 = LINE('',#7250,#7251);
#7250 = CARTESIAN_POINT('',(-1.3,-17.64074417675,2.));
#7251 = VECTOR('',#7252,1.);
#7252 = DIRECTION('',(-0.,1.,-0.));
#7253 = PCURVE('',#4147,#7254);
#7254 = DEFINITIONAL_REPRESENTATION('',(#7255),#7259);
#7255 = LINE('',#7256,#7257);
#7256 = CARTESIAN_POINT('',(1.45,-17.14074417675));
#7257 = VECTOR('',#7258,1.);
#7258 = DIRECTION('',(0.,1.));
#7259 = ( GEOMETRIC_REPRESENTATION_CONTEXT(2) 
PARAMETRIC_REPRESENTATION_CONTEXT() REPRESENTATION_CONTEXT('2D SPACE',''
  ) );
#7260 = PCURVE('',#4466,#7261);
#7261 = DEFINITIONAL_REPRESENTATION('',(#7262),#7266);
#7262 = LINE('',#7263,#7264);
#7263 = CARTESIAN_POINT('',(0.,0.));
#7264 = VECTOR('',#7265,1.);
#7265 = DIRECTION('',(0.,1.));
#7266 = ( GEOMETRIC_REPRESENTATION_CONTEXT(2) 
PARAMETRIC_REPRESENTATION_CONTEXT() REPRESENTATION_CONTEXT('2D SPACE',''
  ) );
#7267 = ORIENTED_EDGE('',*,*,#4524,.F.);
#7268 = ORIENTED_EDGE('',*,*,#7269,.T.);
#7269 = EDGE_CURVE('',#4502,#4130,#7270,.T.);
#7270 = SURFACE_CURVE('',#7271,(#7275,#7282),.PCURVE_S1.);
#7271 = LINE('',#7272,#7273);
#7272 = CARTESIAN_POINT('',(-1.3,-0.5,3.45));
#7273 = VECTOR('',#7274,1.);
#7274 = DIRECTION('',(-0.,1.,-0.));
#7275 = PCURVE('',#4147,#7276);
#7276 = DEFINITIONAL_REPRESENTATION('',(#7277),#7281);
#7277 = LINE('',#7278,#7279);
#7278 = CARTESIAN_POINT('',(0.,0.));
#7279 = VECTOR('',#7280,1.);
#7280 = DIRECTION('',(0.,1.));
#7281 = ( GEOMETRIC_REPRESENTATION_CONTEXT(2) 
PARAMETRIC_REPRESENTATION_CONTEXT() REPRESENTATION_CONTEXT('2D SPACE',''
  ) );
#7282 = PCURVE('',#4175,#7283);
#7283 = DEFINITIONAL_REPRESENTATION('',(#7284),#7288);
#7284 = LINE('',#7285,#7286);
#7285 = CARTESIAN_POINT('',(2.6,0.));
#7286 = VECTOR('',#7287,1.);
#7287 = DIRECTION('',(0.,1.));
#7288 = ( GEOMETRIC_REPRESENTATION_CONTEXT(2) 
PARAMETRIC_REPRESENTATION_CONTEXT() REPRESENTATION_CONTEXT('2D SPACE',''
  ) );
#7289 = ADVANCED_FACE('',(#7290),#4229,.F.);
#7290 = FACE_BOUND('',#7291,.T.);
#7291 = EDGE_LOOP('',(#7292,#7293,#7314,#7315));
#7292 = ORIENTED_EDGE('',*,*,#4215,.T.);
#7293 = ORIENTED_EDGE('',*,*,#7294,.F.);
#7294 = EDGE_CURVE('',#4397,#4188,#7295,.T.);
#7295 = SURFACE_CURVE('',#7296,(#7300,#7307),.PCURVE_S1.);
#7296 = LINE('',#7297,#7298);
#7297 = CARTESIAN_POINT('',(1.3,-0.5,-3.45));
#7298 = VECTOR('',#7299,1.);
#7299 = DIRECTION('',(-0.,1.,-0.));
#7300 = PCURVE('',#4229,#7301);
#7301 = DEFINITIONAL_REPRESENTATION('',(#7302),#7306);
#7302 = LINE('',#7303,#7304);
#7303 = CARTESIAN_POINT('',(0.,0.));
#7304 = VECTOR('',#7305,1.);
#7305 = DIRECTION('',(0.,1.));
#7306 = ( GEOMETRIC_REPRESENTATION_CONTEXT(2) 
PARAMETRIC_REPRESENTATION_CONTEXT() REPRESENTATION_CONTEXT('2D SPACE',''
  ) );
#7307 = PCURVE('',#4203,#7308);
#7308 = DEFINITIONAL_REPRESENTATION('',(#7309),#7313);
#7309 = LINE('',#7310,#7311);
#7310 = CARTESIAN_POINT('',(-6.9,0.));
#7311 = VECTOR('',#7312,1.);
#7312 = DIRECTION('',(0.,1.));
#7313 = ( GEOMETRIC_REPRESENTATION_CONTEXT(2) 
PARAMETRIC_REPRESENTATION_CONTEXT() REPRESENTATION_CONTEXT('2D SPACE',''
  ) );
#7314 = ORIENTED_EDGE('',*,*,#4396,.F.);
#7315 = ORIENTED_EDGE('',*,*,#7174,.T.);
#7316 = ADVANCED_FACE('',(#7317),#4203,.F.);
#7317 = FACE_BOUND('',#7318,.T.);
#7318 = EDGE_LOOP('',(#7319,#7320,#7341,#7342,#7365,#7388,#7409,#7410));
#7319 = ORIENTED_EDGE('',*,*,#4187,.T.);
#7320 = ORIENTED_EDGE('',*,*,#7321,.F.);
#7321 = EDGE_CURVE('',#4479,#4160,#7322,.T.);
#7322 = SURFACE_CURVE('',#7323,(#7327,#7334),.PCURVE_S1.);
#7323 = LINE('',#7324,#7325);
#7324 = CARTESIAN_POINT('',(1.3,-0.5,3.45));
#7325 = VECTOR('',#7326,1.);
#7326 = DIRECTION('',(-0.,1.,-0.));
#7327 = PCURVE('',#4203,#7328);
#7328 = DEFINITIONAL_REPRESENTATION('',(#7329),#7333);
#7329 = LINE('',#7330,#7331);
#7330 = CARTESIAN_POINT('',(0.,0.));
#7331 = VECTOR('',#7332,1.);
#7332 = DIRECTION('',(0.,1.));
#7333 = ( GEOMETRIC_REPRESENTATION_CONTEXT(2) 
PARAMETRIC_REPRESENTATION_CONTEXT() REPRESENTATION_CONTEXT('2D SPACE',''
  ) );
#7334 = PCURVE('',#4175,#7335);
#7335 = DEFINITIONAL_REPRESENTATION('',(#7336),#7340);
#7336 = LINE('',#7337,#7338);
#7337 = CARTESIAN_POINT('',(0.,0.));
#7338 = VECTOR('',#7339,1.);
#7339 = DIRECTION('',(0.,1.));
#7340 = ( GEOMETRIC_REPRESENTATION_CONTEXT(2) 
PARAMETRIC_REPRESENTATION_CONTEXT() REPRESENTATION_CONTEXT('2D SPACE',''
  ) );
#7341 = ORIENTED_EDGE('',*,*,#4478,.F.);
#7342 = ORIENTED_EDGE('',*,*,#7343,.F.);
#7343 = EDGE_CURVE('',#7344,#4444,#7346,.T.);
#7344 = VERTEX_POINT('',#7345);
#7345 = CARTESIAN_POINT('',(1.3,-1.17,2.));
#7346 = SURFACE_CURVE('',#7347,(#7351,#7358),.PCURVE_S1.);
#7347 = LINE('',#7348,#7349);
#7348 = CARTESIAN_POINT('',(1.3,-17.64074417675,2.));
#7349 = VECTOR('',#7350,1.);
#7350 = DIRECTION('',(-0.,1.,-0.));
#7351 = PCURVE('',#4203,#7352);
#7352 = DEFINITIONAL_REPRESENTATION('',(#7353),#7357);
#7353 = LINE('',#7354,#7355);
#7354 = CARTESIAN_POINT('',(-1.45,-17.14074417675));
#7355 = VECTOR('',#7356,1.);
#7356 = DIRECTION('',(0.,1.));
#7357 = ( GEOMETRIC_REPRESENTATION_CONTEXT(2) 
PARAMETRIC_REPRESENTATION_CONTEXT() REPRESENTATION_CONTEXT('2D SPACE',''
  ) );
#7358 = PCURVE('',#4466,#7359);
#7359 = DEFINITIONAL_REPRESENTATION('',(#7360),#7364);
#7360 = LINE('',#7361,#7362);
#7361 = CARTESIAN_POINT('',(-2.6,0.));
#7362 = VECTOR('',#7363,1.);
#7363 = DIRECTION('',(0.,1.));
#7364 = ( GEOMETRIC_REPRESENTATION_CONTEXT(2) 
PARAMETRIC_REPRESENTATION_CONTEXT() REPRESENTATION_CONTEXT('2D SPACE',''
  ) );
#7365 = ORIENTED_EDGE('',*,*,#7366,.T.);
#7366 = EDGE_CURVE('',#7344,#7367,#7369,.T.);
#7367 = VERTEX_POINT('',#7368);
#7368 = CARTESIAN_POINT('',(1.3,-1.17,-2.));
#7369 = SURFACE_CURVE('',#7370,(#7374,#7381),.PCURVE_S1.);
#7370 = LINE('',#7371,#7372);
#7371 = CARTESIAN_POINT('',(1.3,-1.17,2.));
#7372 = VECTOR('',#7373,1.);
#7373 = DIRECTION('',(0.,0.,-1.));
#7374 = PCURVE('',#4203,#7375);
#7375 = DEFINITIONAL_REPRESENTATION('',(#7376),#7380);
#7376 = LINE('',#7377,#7378);
#7377 = CARTESIAN_POINT('',(-1.45,-0.67));
#7378 = VECTOR('',#7379,1.);
#7379 = DIRECTION('',(-1.,0.));
#7380 = ( GEOMETRIC_REPRESENTATION_CONTEXT(2) 
PARAMETRIC_REPRESENTATION_CONTEXT() REPRESENTATION_CONTEXT('2D SPACE',''
  ) );
#7381 = PCURVE('',#7235,#7382);
#7382 = DEFINITIONAL_REPRESENTATION('',(#7383),#7387);
#7383 = LINE('',#7384,#7385);
#7384 = CARTESIAN_POINT('',(2.,1.3));
#7385 = VECTOR('',#7386,1.);
#7386 = DIRECTION('',(-1.,0.));
#7387 = ( GEOMETRIC_REPRESENTATION_CONTEXT(2) 
PARAMETRIC_REPRESENTATION_CONTEXT() REPRESENTATION_CONTEXT('2D SPACE',''
  ) );
#7388 = ORIENTED_EDGE('',*,*,#7389,.T.);
#7389 = EDGE_CURVE('',#7367,#4341,#7390,.T.);
#7390 = SURFACE_CURVE('',#7391,(#7395,#7402),.PCURVE_S1.);
#7391 = LINE('',#7392,#7393);
#7392 = CARTESIAN_POINT('',(1.3,-17.64074417675,-2.));
#7393 = VECTOR('',#7394,1.);
#7394 = DIRECTION('',(-0.,1.,-0.));
#7395 = PCURVE('',#4203,#7396);
#7396 = DEFINITIONAL_REPRESENTATION('',(#7397),#7401);
#7397 = LINE('',#7398,#7399);
#7398 = CARTESIAN_POINT('',(-5.45,-17.14074417675));
#7399 = VECTOR('',#7400,1.);
#7400 = DIRECTION('',(0.,1.));
#7401 = ( GEOMETRIC_REPRESENTATION_CONTEXT(2) 
PARAMETRIC_REPRESENTATION_CONTEXT() REPRESENTATION_CONTEXT('2D SPACE',''
  ) );
#7402 = PCURVE('',#4361,#7403);
#7403 = DEFINITIONAL_REPRESENTATION('',(#7404),#7408);
#7404 = LINE('',#7405,#7406);
#7405 = CARTESIAN_POINT('',(2.6,0.));
#7406 = VECTOR('',#7407,1.);
#7407 = DIRECTION('',(0.,1.));
#7408 = ( GEOMETRIC_REPRESENTATION_CONTEXT(2) 
PARAMETRIC_REPRESENTATION_CONTEXT() REPRESENTATION_CONTEXT('2D SPACE',''
  ) );
#7409 = ORIENTED_EDGE('',*,*,#4419,.F.);
#7410 = ORIENTED_EDGE('',*,*,#7294,.T.);
#7411 = ADVANCED_FACE('',(#7412),#4175,.F.);
#7412 = FACE_BOUND('',#7413,.T.);
#7413 = EDGE_LOOP('',(#7414,#7415,#7416,#7417));
#7414 = ORIENTED_EDGE('',*,*,#4159,.T.);
#7415 = ORIENTED_EDGE('',*,*,#7269,.F.);
#7416 = ORIENTED_EDGE('',*,*,#4501,.F.);
#7417 = ORIENTED_EDGE('',*,*,#7321,.T.);
#7418 = ADVANCED_FACE('',(#7419),#4361,.F.);
#7419 = FACE_BOUND('',#7420,.T.);
#7420 = EDGE_LOOP('',(#7421,#7422,#7423,#7424));
#7421 = ORIENTED_EDGE('',*,*,#7196,.T.);
#7422 = ORIENTED_EDGE('',*,*,#4338,.T.);
#7423 = ORIENTED_EDGE('',*,*,#7389,.F.);
#7424 = ORIENTED_EDGE('',*,*,#7425,.T.);
#7425 = EDGE_CURVE('',#7367,#7197,#7426,.T.);
#7426 = SURFACE_CURVE('',#7427,(#7431,#7438),.PCURVE_S1.);
#7427 = LINE('',#7428,#7429);
#7428 = CARTESIAN_POINT('',(-1.3,-1.17,-2.));
#7429 = VECTOR('',#7430,1.);
#7430 = DIRECTION('',(-1.,0.,-0.));
#7431 = PCURVE('',#4361,#7432);
#7432 = DEFINITIONAL_REPRESENTATION('',(#7433),#7437);
#7433 = LINE('',#7434,#7435);
#7434 = CARTESIAN_POINT('',(0.,16.470744176751));
#7435 = VECTOR('',#7436,1.);
#7436 = DIRECTION('',(-1.,0.));
#7437 = ( GEOMETRIC_REPRESENTATION_CONTEXT(2) 
PARAMETRIC_REPRESENTATION_CONTEXT() REPRESENTATION_CONTEXT('2D SPACE',''
  ) );
#7438 = PCURVE('',#7235,#7439);
#7439 = DEFINITIONAL_REPRESENTATION('',(#7440),#7444);
#7440 = LINE('',#7441,#7442);
#7441 = CARTESIAN_POINT('',(-2.,-1.3));
#7442 = VECTOR('',#7443,1.);
#7443 = DIRECTION('',(-0.,-1.));
#7444 = ( GEOMETRIC_REPRESENTATION_CONTEXT(2) 
PARAMETRIC_REPRESENTATION_CONTEXT() REPRESENTATION_CONTEXT('2D SPACE',''
  ) );
#7445 = ADVANCED_FACE('',(#7446),#4466,.F.);
#7446 = FACE_BOUND('',#7447,.T.);
#7447 = EDGE_LOOP('',(#7448,#7449,#7450,#7451));
#7448 = ORIENTED_EDGE('',*,*,#7343,.T.);
#7449 = ORIENTED_EDGE('',*,*,#4443,.T.);
#7450 = ORIENTED_EDGE('',*,*,#7247,.F.);
#7451 = ORIENTED_EDGE('',*,*,#7452,.T.);
#7452 = EDGE_CURVE('',#7220,#7344,#7453,.T.);
#7453 = SURFACE_CURVE('',#7454,(#7458,#7465),.PCURVE_S1.);
#7454 = LINE('',#7455,#7456);
#7455 = CARTESIAN_POINT('',(-1.3,-1.17,2.));
#7456 = VECTOR('',#7457,1.);
#7457 = DIRECTION('',(1.,0.,-1.668003342285E-16));
#7458 = PCURVE('',#4466,#7459);
#7459 = DEFINITIONAL_REPRESENTATION('',(#7460),#7464);
#7460 = LINE('',#7461,#7462);
#7461 = CARTESIAN_POINT('',(0.,16.470744176751));
#7462 = VECTOR('',#7463,1.);
#7463 = DIRECTION('',(-1.,0.));
#7464 = ( GEOMETRIC_REPRESENTATION_CONTEXT(2) 
PARAMETRIC_REPRESENTATION_CONTEXT() REPRESENTATION_CONTEXT('2D SPACE',''
  ) );
#7465 = PCURVE('',#7235,#7466);
#7466 = DEFINITIONAL_REPRESENTATION('',(#7467),#7471);
#7467 = LINE('',#7468,#7469);
#7468 = CARTESIAN_POINT('',(2.,-1.3));
#7469 = VECTOR('',#7470,1.);
#7470 = DIRECTION('',(-1.668003342285E-16,1.));
#7471 = ( GEOMETRIC_REPRESENTATION_CONTEXT(2) 
PARAMETRIC_REPRESENTATION_CONTEXT() REPRESENTATION_CONTEXT('2D SPACE',''
  ) );
#7472 = ADVANCED_FACE('',(#7473,#7587),#7235,.F.);
#7473 = FACE_BOUND('',#7474,.T.);
#7474 = EDGE_LOOP('',(#7475,#7505,#7533,#7561));
#7475 = ORIENTED_EDGE('',*,*,#7476,.F.);
#7476 = EDGE_CURVE('',#7477,#7479,#7481,.T.);
#7477 = VERTEX_POINT('',#7478);
#7478 = CARTESIAN_POINT('',(0.2,-1.17,1.85));
#7479 = VERTEX_POINT('',#7480);
#7480 = CARTESIAN_POINT('',(-0.2,-1.17,1.85));
#7481 = SURFACE_CURVE('',#7482,(#7486,#7493),.PCURVE_S1.);
#7482 = LINE('',#7483,#7484);
#7483 = CARTESIAN_POINT('',(0.,-1.17,1.85));
#7484 = VECTOR('',#7485,1.);
#7485 = DIRECTION('',(-1.,0.,0.));
#7486 = PCURVE('',#7235,#7487);
#7487 = DEFINITIONAL_REPRESENTATION('',(#7488),#7492);
#7488 = LINE('',#7489,#7490);
#7489 = CARTESIAN_POINT('',(1.85,0.));
#7490 = VECTOR('',#7491,1.);
#7491 = DIRECTION('',(0.,-1.));
#7492 = ( GEOMETRIC_REPRESENTATION_CONTEXT(2) 
PARAMETRIC_REPRESENTATION_CONTEXT() REPRESENTATION_CONTEXT('2D SPACE',''
  ) );
#7493 = PCURVE('',#7494,#7499);
#7494 = PLANE('',#7495);
#7495 = AXIS2_PLACEMENT_3D('',#7496,#7497,#7498);
#7496 = CARTESIAN_POINT('',(0.2,-0.810352608912,1.85));
#7497 = DIRECTION('',(0.,1.149402530828E-16,-1.));
#7498 = DIRECTION('',(0.,1.,1.149402530828E-16));
#7499 = DEFINITIONAL_REPRESENTATION('',(#7500),#7504);
#7500 = LINE('',#7501,#7502);
#7501 = CARTESIAN_POINT('',(-0.359647391088,-0.2));
#7502 = VECTOR('',#7503,1.);
#7503 = DIRECTION('',(0.,-1.));
#7504 = ( GEOMETRIC_REPRESENTATION_CONTEXT(2) 
PARAMETRIC_REPRESENTATION_CONTEXT() REPRESENTATION_CONTEXT('2D SPACE',''
  ) );
#7505 = ORIENTED_EDGE('',*,*,#7506,.T.);
#7506 = EDGE_CURVE('',#7477,#7507,#7509,.T.);
#7507 = VERTEX_POINT('',#7508);
#7508 = CARTESIAN_POINT('',(0.2,-1.17,-1.85));
#7509 = SURFACE_CURVE('',#7510,(#7514,#7521),.PCURVE_S1.);
#7510 = LINE('',#7511,#7512);
#7511 = CARTESIAN_POINT('',(0.2,-1.17,0.));
#7512 = VECTOR('',#7513,1.);
#7513 = DIRECTION('',(0.,0.,-1.));
#7514 = PCURVE('',#7235,#7515);
#7515 = DEFINITIONAL_REPRESENTATION('',(#7516),#7520);
#7516 = LINE('',#7517,#7518);
#7517 = CARTESIAN_POINT('',(0.,0.2));
#7518 = VECTOR('',#7519,1.);
#7519 = DIRECTION('',(-1.,0.));
#7520 = ( GEOMETRIC_REPRESENTATION_CONTEXT(2) 
PARAMETRIC_REPRESENTATION_CONTEXT() REPRESENTATION_CONTEXT('2D SPACE',''
  ) );
#7521 = PCURVE('',#7522,#7527);
#7522 = PLANE('',#7523);
#7523 = AXIS2_PLACEMENT_3D('',#7524,#7525,#7526);
#7524 = CARTESIAN_POINT('',(0.2,0.,0.));
#7525 = DIRECTION('',(1.,0.,0.));
#7526 = DIRECTION('',(0.,0.,-1.));
#7527 = DEFINITIONAL_REPRESENTATION('',(#7528),#7532);
#7528 = LINE('',#7529,#7530);
#7529 = CARTESIAN_POINT('',(0.,-1.17));
#7530 = VECTOR('',#7531,1.);
#7531 = DIRECTION('',(1.,0.));
#7532 = ( GEOMETRIC_REPRESENTATION_CONTEXT(2) 
PARAMETRIC_REPRESENTATION_CONTEXT() REPRESENTATION_CONTEXT('2D SPACE',''
  ) );
#7533 = ORIENTED_EDGE('',*,*,#7534,.F.);
#7534 = EDGE_CURVE('',#7535,#7507,#7537,.T.);
#7535 = VERTEX_POINT('',#7536);
#7536 = CARTESIAN_POINT('',(-0.2,-1.17,-1.85));
#7537 = SURFACE_CURVE('',#7538,(#7542,#7549),.PCURVE_S1.);
#7538 = LINE('',#7539,#7540);
#7539 = CARTESIAN_POINT('',(0.,-1.17,-1.85));
#7540 = VECTOR('',#7541,1.);
#7541 = DIRECTION('',(1.,-0.,0.));
#7542 = PCURVE('',#7235,#7543);
#7543 = DEFINITIONAL_REPRESENTATION('',(#7544),#7548);
#7544 = LINE('',#7545,#7546);
#7545 = CARTESIAN_POINT('',(-1.85,0.));
#7546 = VECTOR('',#7547,1.);
#7547 = DIRECTION('',(0.,1.));
#7548 = ( GEOMETRIC_REPRESENTATION_CONTEXT(2) 
PARAMETRIC_REPRESENTATION_CONTEXT() REPRESENTATION_CONTEXT('2D SPACE',''
  ) );
#7549 = PCURVE('',#7550,#7555);
#7550 = PLANE('',#7551);
#7551 = AXIS2_PLACEMENT_3D('',#7552,#7553,#7554);
#7552 = CARTESIAN_POINT('',(0.2,-0.810352608912,-1.85));
#7553 = DIRECTION('',(-0.,1.149402530828E-16,1.));
#7554 = DIRECTION('',(0.,-1.,1.149402530828E-16));
#7555 = DEFINITIONAL_REPRESENTATION('',(#7556),#7560);
#7556 = LINE('',#7557,#7558);
#7557 = CARTESIAN_POINT('',(0.359647391088,-0.2));
#7558 = VECTOR('',#7559,1.);
#7559 = DIRECTION('',(0.,1.));
#7560 = ( GEOMETRIC_REPRESENTATION_CONTEXT(2) 
PARAMETRIC_REPRESENTATION_CONTEXT() REPRESENTATION_CONTEXT('2D SPACE',''
  ) );
#7561 = ORIENTED_EDGE('',*,*,#7562,.F.);
#7562 = EDGE_CURVE('',#7479,#7535,#7563,.T.);
#7563 = SURFACE_CURVE('',#7564,(#7568,#7575),.PCURVE_S1.);
#7564 = LINE('',#7565,#7566);
#7565 = CARTESIAN_POINT('',(-0.2,-1.17,0.));
#7566 = VECTOR('',#7567,1.);
#7567 = DIRECTION('',(0.,0.,-1.));
#7568 = PCURVE('',#7235,#7569);
#7569 = DEFINITIONAL_REPRESENTATION('',(#7570),#7574);
#7570 = LINE('',#7571,#7572);
#7571 = CARTESIAN_POINT('',(0.,-0.2));
#7572 = VECTOR('',#7573,1.);
#7573 = DIRECTION('',(-1.,0.));
#7574 = ( GEOMETRIC_REPRESENTATION_CONTEXT(2) 
PARAMETRIC_REPRESENTATION_CONTEXT() REPRESENTATION_CONTEXT('2D SPACE',''
  ) );
#7575 = PCURVE('',#7576,#7581);
#7576 = PLANE('',#7577);
#7577 = AXIS2_PLACEMENT_3D('',#7578,#7579,#7580);
#7578 = CARTESIAN_POINT('',(-0.2,0.,0.));
#7579 = DIRECTION('',(1.,0.,0.));
#7580 = DIRECTION('',(0.,0.,-1.));
#7581 = DEFINITIONAL_REPRESENTATION('',(#7582),#7586);
#7582 = LINE('',#7583,#7584);
#7583 = CARTESIAN_POINT('',(0.,-1.17));
#7584 = VECTOR('',#7585,1.);
#7585 = DIRECTION('',(1.,0.));
#7586 = ( GEOMETRIC_REPRESENTATION_CONTEXT(2) 
PARAMETRIC_REPRESENTATION_CONTEXT() REPRESENTATION_CONTEXT('2D SPACE',''
  ) );
#7587 = FACE_BOUND('',#7588,.T.);
#7588 = EDGE_LOOP('',(#7589,#7590,#7591,#7592));
#7589 = ORIENTED_EDGE('',*,*,#7452,.F.);
#7590 = ORIENTED_EDGE('',*,*,#7219,.F.);
#7591 = ORIENTED_EDGE('',*,*,#7425,.F.);
#7592 = ORIENTED_EDGE('',*,*,#7366,.F.);
#7593 = ADVANCED_FACE('',(#7594),#3747,.F.);
#7594 = FACE_BOUND('',#7595,.T.);
#7595 = EDGE_LOOP('',(#7596,#7597,#7618,#7619,#7642,#7670,#7691,#7692));
#7596 = ORIENTED_EDGE('',*,*,#3926,.T.);
#7597 = ORIENTED_EDGE('',*,*,#7598,.F.);
#7598 = EDGE_CURVE('',#3732,#3929,#7599,.T.);
#7599 = SURFACE_CURVE('',#7600,(#7604,#7611),.PCURVE_S1.);
#7600 = LINE('',#7601,#7602);
#7601 = CARTESIAN_POINT('',(3.7,-0.5,-3.45));
#7602 = VECTOR('',#7603,1.);
#7603 = DIRECTION('',(-0.,1.,-0.));
#7604 = PCURVE('',#3747,#7605);
#7605 = DEFINITIONAL_REPRESENTATION('',(#7606),#7610);
#7606 = LINE('',#7607,#7608);
#7607 = CARTESIAN_POINT('',(6.9,0.));
#7608 = VECTOR('',#7609,1.);
#7609 = DIRECTION('',(0.,1.));
#7610 = ( GEOMETRIC_REPRESENTATION_CONTEXT(2) 
PARAMETRIC_REPRESENTATION_CONTEXT() REPRESENTATION_CONTEXT('2D SPACE',''
  ) );
#7611 = PCURVE('',#3775,#7612);
#7612 = DEFINITIONAL_REPRESENTATION('',(#7613),#7617);
#7613 = LINE('',#7614,#7615);
#7614 = CARTESIAN_POINT('',(-2.6,0.));
#7615 = VECTOR('',#7616,1.);
#7616 = DIRECTION('',(0.,1.));
#7617 = ( GEOMETRIC_REPRESENTATION_CONTEXT(2) 
PARAMETRIC_REPRESENTATION_CONTEXT() REPRESENTATION_CONTEXT('2D SPACE',''
  ) );
#7618 = ORIENTED_EDGE('',*,*,#3731,.F.);
#7619 = ORIENTED_EDGE('',*,*,#7620,.F.);
#7620 = EDGE_CURVE('',#7621,#3697,#7623,.T.);
#7621 = VERTEX_POINT('',#7622);
#7622 = CARTESIAN_POINT('',(3.7,-1.17,-2.));
#7623 = SURFACE_CURVE('',#7624,(#7628,#7635),.PCURVE_S1.);
#7624 = LINE('',#7625,#7626);
#7625 = CARTESIAN_POINT('',(3.7,-17.64074417675,-2.));
#7626 = VECTOR('',#7627,1.);
#7627 = DIRECTION('',(-0.,1.,-0.));
#7628 = PCURVE('',#3747,#7629);
#7629 = DEFINITIONAL_REPRESENTATION('',(#7630),#7634);
#7630 = LINE('',#7631,#7632);
#7631 = CARTESIAN_POINT('',(5.45,-17.14074417675));
#7632 = VECTOR('',#7633,1.);
#7633 = DIRECTION('',(0.,1.));
#7634 = ( GEOMETRIC_REPRESENTATION_CONTEXT(2) 
PARAMETRIC_REPRESENTATION_CONTEXT() REPRESENTATION_CONTEXT('2D SPACE',''
  ) );
#7635 = PCURVE('',#3719,#7636);
#7636 = DEFINITIONAL_REPRESENTATION('',(#7637),#7641);
#7637 = LINE('',#7638,#7639);
#7638 = CARTESIAN_POINT('',(0.,0.));
#7639 = VECTOR('',#7640,1.);
#7640 = DIRECTION('',(0.,1.));
#7641 = ( GEOMETRIC_REPRESENTATION_CONTEXT(2) 
PARAMETRIC_REPRESENTATION_CONTEXT() REPRESENTATION_CONTEXT('2D SPACE',''
  ) );
#7642 = ORIENTED_EDGE('',*,*,#7643,.T.);
#7643 = EDGE_CURVE('',#7621,#7644,#7646,.T.);
#7644 = VERTEX_POINT('',#7645);
#7645 = CARTESIAN_POINT('',(3.7,-1.17,2.));
#7646 = SURFACE_CURVE('',#7647,(#7651,#7658),.PCURVE_S1.);
#7647 = LINE('',#7648,#7649);
#7648 = CARTESIAN_POINT('',(3.7,-1.17,2.));
#7649 = VECTOR('',#7650,1.);
#7650 = DIRECTION('',(0.,0.,1.));
#7651 = PCURVE('',#3747,#7652);
#7652 = DEFINITIONAL_REPRESENTATION('',(#7653),#7657);
#7653 = LINE('',#7654,#7655);
#7654 = CARTESIAN_POINT('',(1.45,-0.67));
#7655 = VECTOR('',#7656,1.);
#7656 = DIRECTION('',(-1.,0.));
#7657 = ( GEOMETRIC_REPRESENTATION_CONTEXT(2) 
PARAMETRIC_REPRESENTATION_CONTEXT() REPRESENTATION_CONTEXT('2D SPACE',''
  ) );
#7658 = PCURVE('',#7659,#7664);
#7659 = PLANE('',#7660);
#7660 = AXIS2_PLACEMENT_3D('',#7661,#7662,#7663);
#7661 = CARTESIAN_POINT('',(0.,-1.17,0.));
#7662 = DIRECTION('',(0.,1.,0.));
#7663 = DIRECTION('',(0.,-0.,1.));
#7664 = DEFINITIONAL_REPRESENTATION('',(#7665),#7669);
#7665 = LINE('',#7666,#7667);
#7666 = CARTESIAN_POINT('',(2.,3.7));
#7667 = VECTOR('',#7668,1.);
#7668 = DIRECTION('',(1.,0.));
#7669 = ( GEOMETRIC_REPRESENTATION_CONTEXT(2) 
PARAMETRIC_REPRESENTATION_CONTEXT() REPRESENTATION_CONTEXT('2D SPACE',''
  ) );
#7670 = ORIENTED_EDGE('',*,*,#7671,.T.);
#7671 = EDGE_CURVE('',#7644,#3819,#7672,.T.);
#7672 = SURFACE_CURVE('',#7673,(#7677,#7684),.PCURVE_S1.);
#7673 = LINE('',#7674,#7675);
#7674 = CARTESIAN_POINT('',(3.7,-17.64074417675,2.));
#7675 = VECTOR('',#7676,1.);
#7676 = DIRECTION('',(-0.,1.,-0.));
#7677 = PCURVE('',#3747,#7678);
#7678 = DEFINITIONAL_REPRESENTATION('',(#7679),#7683);
#7679 = LINE('',#7680,#7681);
#7680 = CARTESIAN_POINT('',(1.45,-17.14074417675));
#7681 = VECTOR('',#7682,1.);
#7682 = DIRECTION('',(0.,1.));
#7683 = ( GEOMETRIC_REPRESENTATION_CONTEXT(2) 
PARAMETRIC_REPRESENTATION_CONTEXT() REPRESENTATION_CONTEXT('2D SPACE',''
  ) );
#7684 = PCURVE('',#3839,#7685);
#7685 = DEFINITIONAL_REPRESENTATION('',(#7686),#7690);
#7686 = LINE('',#7687,#7688);
#7687 = CARTESIAN_POINT('',(0.,0.));
#7688 = VECTOR('',#7689,1.);
#7689 = DIRECTION('',(0.,1.));
#7690 = ( GEOMETRIC_REPRESENTATION_CONTEXT(2) 
PARAMETRIC_REPRESENTATION_CONTEXT() REPRESENTATION_CONTEXT('2D SPACE',''
  ) );
#7691 = ORIENTED_EDGE('',*,*,#3902,.F.);
#7692 = ORIENTED_EDGE('',*,*,#7693,.T.);
#7693 = EDGE_CURVE('',#3875,#3927,#7694,.T.);
#7694 = SURFACE_CURVE('',#7695,(#7699,#7706),.PCURVE_S1.);
#7695 = LINE('',#7696,#7697);
#7696 = CARTESIAN_POINT('',(3.7,-0.5,3.45));
#7697 = VECTOR('',#7698,1.);
#7698 = DIRECTION('',(-0.,1.,-0.));
#7699 = PCURVE('',#3747,#7700);
#7700 = DEFINITIONAL_REPRESENTATION('',(#7701),#7705);
#7701 = LINE('',#7702,#7703);
#7702 = CARTESIAN_POINT('',(0.,0.));
#7703 = VECTOR('',#7704,1.);
#7704 = DIRECTION('',(0.,1.));
#7705 = ( GEOMETRIC_REPRESENTATION_CONTEXT(2) 
PARAMETRIC_REPRESENTATION_CONTEXT() REPRESENTATION_CONTEXT('2D SPACE',''
  ) );
#7706 = PCURVE('',#3890,#7707);
#7707 = DEFINITIONAL_REPRESENTATION('',(#7708),#7712);
#7708 = LINE('',#7709,#7710);
#7709 = CARTESIAN_POINT('',(2.6,0.));
#7710 = VECTOR('',#7711,1.);
#7711 = DIRECTION('',(0.,1.));
#7712 = ( GEOMETRIC_REPRESENTATION_CONTEXT(2) 
PARAMETRIC_REPRESENTATION_CONTEXT() REPRESENTATION_CONTEXT('2D SPACE',''
  ) );
#7713 = ADVANCED_FACE('',(#7714),#3775,.F.);
#7714 = FACE_BOUND('',#7715,.T.);
#7715 = EDGE_LOOP('',(#7716,#7717,#7738,#7739));
#7716 = ORIENTED_EDGE('',*,*,#4002,.T.);
#7717 = ORIENTED_EDGE('',*,*,#7718,.F.);
#7718 = EDGE_CURVE('',#3760,#3980,#7719,.T.);
#7719 = SURFACE_CURVE('',#7720,(#7724,#7731),.PCURVE_S1.);
#7720 = LINE('',#7721,#7722);
#7721 = CARTESIAN_POINT('',(6.3,-0.5,-3.45));
#7722 = VECTOR('',#7723,1.);
#7723 = DIRECTION('',(-0.,1.,-0.));
#7724 = PCURVE('',#3775,#7725);
#7725 = DEFINITIONAL_REPRESENTATION('',(#7726),#7730);
#7726 = LINE('',#7727,#7728);
#7727 = CARTESIAN_POINT('',(0.,0.));
#7728 = VECTOR('',#7729,1.);
#7729 = DIRECTION('',(0.,1.));
#7730 = ( GEOMETRIC_REPRESENTATION_CONTEXT(2) 
PARAMETRIC_REPRESENTATION_CONTEXT() REPRESENTATION_CONTEXT('2D SPACE',''
  ) );
#7731 = PCURVE('',#3801,#7732);
#7732 = DEFINITIONAL_REPRESENTATION('',(#7733),#7737);
#7733 = LINE('',#7734,#7735);
#7734 = CARTESIAN_POINT('',(-6.9,0.));
#7735 = VECTOR('',#7736,1.);
#7736 = DIRECTION('',(0.,1.));
#7737 = ( GEOMETRIC_REPRESENTATION_CONTEXT(2) 
PARAMETRIC_REPRESENTATION_CONTEXT() REPRESENTATION_CONTEXT('2D SPACE',''
  ) );
#7738 = ORIENTED_EDGE('',*,*,#3759,.F.);
#7739 = ORIENTED_EDGE('',*,*,#7598,.T.);
#7740 = ADVANCED_FACE('',(#7741),#3801,.F.);
#7741 = FACE_BOUND('',#7742,.T.);
#7742 = EDGE_LOOP('',(#7743,#7744,#7765,#7766,#7789,#7812,#7833,#7834));
#7743 = ORIENTED_EDGE('',*,*,#3979,.T.);
#7744 = ORIENTED_EDGE('',*,*,#7745,.F.);
#7745 = EDGE_CURVE('',#3852,#3957,#7746,.T.);
#7746 = SURFACE_CURVE('',#7747,(#7751,#7758),.PCURVE_S1.);
#7747 = LINE('',#7748,#7749);
#7748 = CARTESIAN_POINT('',(6.3,-0.5,3.45));
#7749 = VECTOR('',#7750,1.);
#7750 = DIRECTION('',(-0.,1.,-0.));
#7751 = PCURVE('',#3801,#7752);
#7752 = DEFINITIONAL_REPRESENTATION('',(#7753),#7757);
#7753 = LINE('',#7754,#7755);
#7754 = CARTESIAN_POINT('',(0.,0.));
#7755 = VECTOR('',#7756,1.);
#7756 = DIRECTION('',(0.,1.));
#7757 = ( GEOMETRIC_REPRESENTATION_CONTEXT(2) 
PARAMETRIC_REPRESENTATION_CONTEXT() REPRESENTATION_CONTEXT('2D SPACE',''
  ) );
#7758 = PCURVE('',#3890,#7759);
#7759 = DEFINITIONAL_REPRESENTATION('',(#7760),#7764);
#7760 = LINE('',#7761,#7762);
#7761 = CARTESIAN_POINT('',(0.,0.));
#7762 = VECTOR('',#7763,1.);
#7763 = DIRECTION('',(0.,1.));
#7764 = ( GEOMETRIC_REPRESENTATION_CONTEXT(2) 
PARAMETRIC_REPRESENTATION_CONTEXT() REPRESENTATION_CONTEXT('2D SPACE',''
  ) );
#7765 = ORIENTED_EDGE('',*,*,#3851,.F.);
#7766 = ORIENTED_EDGE('',*,*,#7767,.F.);
#7767 = EDGE_CURVE('',#7768,#3817,#7770,.T.);
#7768 = VERTEX_POINT('',#7769);
#7769 = CARTESIAN_POINT('',(6.3,-1.17,2.));
#7770 = SURFACE_CURVE('',#7771,(#7775,#7782),.PCURVE_S1.);
#7771 = LINE('',#7772,#7773);
#7772 = CARTESIAN_POINT('',(6.3,-17.64074417675,2.));
#7773 = VECTOR('',#7774,1.);
#7774 = DIRECTION('',(-0.,1.,-0.));
#7775 = PCURVE('',#3801,#7776);
#7776 = DEFINITIONAL_REPRESENTATION('',(#7777),#7781);
#7777 = LINE('',#7778,#7779);
#7778 = CARTESIAN_POINT('',(-1.45,-17.14074417675));
#7779 = VECTOR('',#7780,1.);
#7780 = DIRECTION('',(0.,1.));
#7781 = ( GEOMETRIC_REPRESENTATION_CONTEXT(2) 
PARAMETRIC_REPRESENTATION_CONTEXT() REPRESENTATION_CONTEXT('2D SPACE',''
  ) );
#7782 = PCURVE('',#3839,#7783);
#7783 = DEFINITIONAL_REPRESENTATION('',(#7784),#7788);
#7784 = LINE('',#7785,#7786);
#7785 = CARTESIAN_POINT('',(-2.6,0.));
#7786 = VECTOR('',#7787,1.);
#7787 = DIRECTION('',(0.,1.));
#7788 = ( GEOMETRIC_REPRESENTATION_CONTEXT(2) 
PARAMETRIC_REPRESENTATION_CONTEXT() REPRESENTATION_CONTEXT('2D SPACE',''
  ) );
#7789 = ORIENTED_EDGE('',*,*,#7790,.T.);
#7790 = EDGE_CURVE('',#7768,#7791,#7793,.T.);
#7791 = VERTEX_POINT('',#7792);
#7792 = CARTESIAN_POINT('',(6.3,-1.17,-2.));
#7793 = SURFACE_CURVE('',#7794,(#7798,#7805),.PCURVE_S1.);
#7794 = LINE('',#7795,#7796);
#7795 = CARTESIAN_POINT('',(6.3,-1.17,2.));
#7796 = VECTOR('',#7797,1.);
#7797 = DIRECTION('',(0.,0.,-1.));
#7798 = PCURVE('',#3801,#7799);
#7799 = DEFINITIONAL_REPRESENTATION('',(#7800),#7804);
#7800 = LINE('',#7801,#7802);
#7801 = CARTESIAN_POINT('',(-1.45,-0.67));
#7802 = VECTOR('',#7803,1.);
#7803 = DIRECTION('',(-1.,0.));
#7804 = ( GEOMETRIC_REPRESENTATION_CONTEXT(2) 
PARAMETRIC_REPRESENTATION_CONTEXT() REPRESENTATION_CONTEXT('2D SPACE',''
  ) );
#7805 = PCURVE('',#7659,#7806);
#7806 = DEFINITIONAL_REPRESENTATION('',(#7807),#7811);
#7807 = LINE('',#7808,#7809);
#7808 = CARTESIAN_POINT('',(2.,6.3));
#7809 = VECTOR('',#7810,1.);
#7810 = DIRECTION('',(-1.,0.));
#7811 = ( GEOMETRIC_REPRESENTATION_CONTEXT(2) 
PARAMETRIC_REPRESENTATION_CONTEXT() REPRESENTATION_CONTEXT('2D SPACE',''
  ) );
#7812 = ORIENTED_EDGE('',*,*,#7813,.T.);
#7813 = EDGE_CURVE('',#7791,#3699,#7814,.T.);
#7814 = SURFACE_CURVE('',#7815,(#7819,#7826),.PCURVE_S1.);
#7815 = LINE('',#7816,#7817);
#7816 = CARTESIAN_POINT('',(6.3,-17.64074417675,-2.));
#7817 = VECTOR('',#7818,1.);
#7818 = DIRECTION('',(-0.,1.,-0.));
#7819 = PCURVE('',#3801,#7820);
#7820 = DEFINITIONAL_REPRESENTATION('',(#7821),#7825);
#7821 = LINE('',#7822,#7823);
#7822 = CARTESIAN_POINT('',(-5.45,-17.14074417675));
#7823 = VECTOR('',#7824,1.);
#7824 = DIRECTION('',(0.,1.));
#7825 = ( GEOMETRIC_REPRESENTATION_CONTEXT(2) 
PARAMETRIC_REPRESENTATION_CONTEXT() REPRESENTATION_CONTEXT('2D SPACE',''
  ) );
#7826 = PCURVE('',#3719,#7827);
#7827 = DEFINITIONAL_REPRESENTATION('',(#7828),#7832);
#7828 = LINE('',#7829,#7830);
#7829 = CARTESIAN_POINT('',(2.6,0.));
#7830 = VECTOR('',#7831,1.);
#7831 = DIRECTION('',(0.,1.));
#7832 = ( GEOMETRIC_REPRESENTATION_CONTEXT(2) 
PARAMETRIC_REPRESENTATION_CONTEXT() REPRESENTATION_CONTEXT('2D SPACE',''
  ) );
#7833 = ORIENTED_EDGE('',*,*,#3787,.F.);
#7834 = ORIENTED_EDGE('',*,*,#7718,.T.);
#7835 = ADVANCED_FACE('',(#7836),#3890,.F.);
#7836 = FACE_BOUND('',#7837,.T.);
#7837 = EDGE_LOOP('',(#7838,#7839,#7840,#7841));
#7838 = ORIENTED_EDGE('',*,*,#3956,.T.);
#7839 = ORIENTED_EDGE('',*,*,#7693,.F.);
#7840 = ORIENTED_EDGE('',*,*,#3874,.F.);
#7841 = ORIENTED_EDGE('',*,*,#7745,.T.);
#7842 = ADVANCED_FACE('',(#7843),#3517,.F.);
#7843 = FACE_BOUND('',#7844,.T.);
#7844 = EDGE_LOOP('',(#7845,#7846,#7867,#7868,#7891,#7919,#7940,#7941));
#7845 = ORIENTED_EDGE('',*,*,#4243,.T.);
#7846 = ORIENTED_EDGE('',*,*,#7847,.F.);
#7847 = EDGE_CURVE('',#3502,#4246,#7848,.T.);
#7848 = SURFACE_CURVE('',#7849,(#7853,#7860),.PCURVE_S1.);
#7849 = LINE('',#7850,#7851);
#7850 = CARTESIAN_POINT('',(-6.3,-0.5,-3.45));
#7851 = VECTOR('',#7852,1.);
#7852 = DIRECTION('',(-0.,1.,-0.));
#7853 = PCURVE('',#3517,#7854);
#7854 = DEFINITIONAL_REPRESENTATION('',(#7855),#7859);
#7855 = LINE('',#7856,#7857);
#7856 = CARTESIAN_POINT('',(6.9,0.));
#7857 = VECTOR('',#7858,1.);
#7858 = DIRECTION('',(0.,1.));
#7859 = ( GEOMETRIC_REPRESENTATION_CONTEXT(2) 
PARAMETRIC_REPRESENTATION_CONTEXT() REPRESENTATION_CONTEXT('2D SPACE',''
  ) );
#7860 = PCURVE('',#3545,#7861);
#7861 = DEFINITIONAL_REPRESENTATION('',(#7862),#7866);
#7862 = LINE('',#7863,#7864);
#7863 = CARTESIAN_POINT('',(-2.6,0.));
#7864 = VECTOR('',#7865,1.);
#7865 = DIRECTION('',(0.,1.));
#7866 = ( GEOMETRIC_REPRESENTATION_CONTEXT(2) 
PARAMETRIC_REPRESENTATION_CONTEXT() REPRESENTATION_CONTEXT('2D SPACE',''
  ) );
#7867 = ORIENTED_EDGE('',*,*,#3501,.F.);
#7868 = ORIENTED_EDGE('',*,*,#7869,.F.);
#7869 = EDGE_CURVE('',#7870,#3467,#7872,.T.);
#7870 = VERTEX_POINT('',#7871);
#7871 = CARTESIAN_POINT('',(-6.3,-1.17,-2.));
#7872 = SURFACE_CURVE('',#7873,(#7877,#7884),.PCURVE_S1.);
#7873 = LINE('',#7874,#7875);
#7874 = CARTESIAN_POINT('',(-6.3,-17.64074417675,-2.));
#7875 = VECTOR('',#7876,1.);
#7876 = DIRECTION('',(-0.,1.,-0.));
#7877 = PCURVE('',#3517,#7878);
#7878 = DEFINITIONAL_REPRESENTATION('',(#7879),#7883);
#7879 = LINE('',#7880,#7881);
#7880 = CARTESIAN_POINT('',(5.45,-17.14074417675));
#7881 = VECTOR('',#7882,1.);
#7882 = DIRECTION('',(0.,1.));
#7883 = ( GEOMETRIC_REPRESENTATION_CONTEXT(2) 
PARAMETRIC_REPRESENTATION_CONTEXT() REPRESENTATION_CONTEXT('2D SPACE',''
  ) );
#7884 = PCURVE('',#3489,#7885);
#7885 = DEFINITIONAL_REPRESENTATION('',(#7886),#7890);
#7886 = LINE('',#7887,#7888);
#7887 = CARTESIAN_POINT('',(0.,0.));
#7888 = VECTOR('',#7889,1.);
#7889 = DIRECTION('',(0.,1.));
#7890 = ( GEOMETRIC_REPRESENTATION_CONTEXT(2) 
PARAMETRIC_REPRESENTATION_CONTEXT() REPRESENTATION_CONTEXT('2D SPACE',''
  ) );
#7891 = ORIENTED_EDGE('',*,*,#7892,.T.);
#7892 = EDGE_CURVE('',#7870,#7893,#7895,.T.);
#7893 = VERTEX_POINT('',#7894);
#7894 = CARTESIAN_POINT('',(-6.3,-1.17,2.));
#7895 = SURFACE_CURVE('',#7896,(#7900,#7907),.PCURVE_S1.);
#7896 = LINE('',#7897,#7898);
#7897 = CARTESIAN_POINT('',(-6.3,-1.17,2.));
#7898 = VECTOR('',#7899,1.);
#7899 = DIRECTION('',(0.,0.,1.));
#7900 = PCURVE('',#3517,#7901);
#7901 = DEFINITIONAL_REPRESENTATION('',(#7902),#7906);
#7902 = LINE('',#7903,#7904);
#7903 = CARTESIAN_POINT('',(1.45,-0.67));
#7904 = VECTOR('',#7905,1.);
#7905 = DIRECTION('',(-1.,0.));
#7906 = ( GEOMETRIC_REPRESENTATION_CONTEXT(2) 
PARAMETRIC_REPRESENTATION_CONTEXT() REPRESENTATION_CONTEXT('2D SPACE',''
  ) );
#7907 = PCURVE('',#7908,#7913);
#7908 = PLANE('',#7909);
#7909 = AXIS2_PLACEMENT_3D('',#7910,#7911,#7912);
#7910 = CARTESIAN_POINT('',(0.,-1.17,0.));
#7911 = DIRECTION('',(0.,1.,0.));
#7912 = DIRECTION('',(0.,-0.,1.));
#7913 = DEFINITIONAL_REPRESENTATION('',(#7914),#7918);
#7914 = LINE('',#7915,#7916);
#7915 = CARTESIAN_POINT('',(2.,-6.3));
#7916 = VECTOR('',#7917,1.);
#7917 = DIRECTION('',(1.,0.));
#7918 = ( GEOMETRIC_REPRESENTATION_CONTEXT(2) 
PARAMETRIC_REPRESENTATION_CONTEXT() REPRESENTATION_CONTEXT('2D SPACE',''
  ) );
#7919 = ORIENTED_EDGE('',*,*,#7920,.T.);
#7920 = EDGE_CURVE('',#7893,#3589,#7921,.T.);
#7921 = SURFACE_CURVE('',#7922,(#7926,#7933),.PCURVE_S1.);
#7922 = LINE('',#7923,#7924);
#7923 = CARTESIAN_POINT('',(-6.3,-17.64074417675,2.));
#7924 = VECTOR('',#7925,1.);
#7925 = DIRECTION('',(-0.,1.,-0.));
#7926 = PCURVE('',#3517,#7927);
#7927 = DEFINITIONAL_REPRESENTATION('',(#7928),#7932);
#7928 = LINE('',#7929,#7930);
#7929 = CARTESIAN_POINT('',(1.45,-17.14074417675));
#7930 = VECTOR('',#7931,1.);
#7931 = DIRECTION('',(0.,1.));
#7932 = ( GEOMETRIC_REPRESENTATION_CONTEXT(2) 
PARAMETRIC_REPRESENTATION_CONTEXT() REPRESENTATION_CONTEXT('2D SPACE',''
  ) );
#7933 = PCURVE('',#3609,#7934);
#7934 = DEFINITIONAL_REPRESENTATION('',(#7935),#7939);
#7935 = LINE('',#7936,#7937);
#7936 = CARTESIAN_POINT('',(0.,0.));
#7937 = VECTOR('',#7938,1.);
#7938 = DIRECTION('',(0.,1.));
#7939 = ( GEOMETRIC_REPRESENTATION_CONTEXT(2) 
PARAMETRIC_REPRESENTATION_CONTEXT() REPRESENTATION_CONTEXT('2D SPACE',''
  ) );
#7940 = ORIENTED_EDGE('',*,*,#3672,.F.);
#7941 = ORIENTED_EDGE('',*,*,#7942,.T.);
#7942 = EDGE_CURVE('',#3645,#4244,#7943,.T.);
#7943 = SURFACE_CURVE('',#7944,(#7948,#7955),.PCURVE_S1.);
#7944 = LINE('',#7945,#7946);
#7945 = CARTESIAN_POINT('',(-6.3,-0.5,3.45));
#7946 = VECTOR('',#7947,1.);
#7947 = DIRECTION('',(-0.,1.,-0.));
#7948 = PCURVE('',#3517,#7949);
#7949 = DEFINITIONAL_REPRESENTATION('',(#7950),#7954);
#7950 = LINE('',#7951,#7952);
#7951 = CARTESIAN_POINT('',(0.,0.));
#7952 = VECTOR('',#7953,1.);
#7953 = DIRECTION('',(0.,1.));
#7954 = ( GEOMETRIC_REPRESENTATION_CONTEXT(2) 
PARAMETRIC_REPRESENTATION_CONTEXT() REPRESENTATION_CONTEXT('2D SPACE',''
  ) );
#7955 = PCURVE('',#3660,#7956);
#7956 = DEFINITIONAL_REPRESENTATION('',(#7957),#7961);
#7957 = LINE('',#7958,#7959);
#7958 = CARTESIAN_POINT('',(2.6,0.));
#7959 = VECTOR('',#7960,1.);
#7960 = DIRECTION('',(0.,1.));
#7961 = ( GEOMETRIC_REPRESENTATION_CONTEXT(2) 
PARAMETRIC_REPRESENTATION_CONTEXT() REPRESENTATION_CONTEXT('2D SPACE',''
  ) );
#7962 = ADVANCED_FACE('',(#7963),#3545,.F.);
#7963 = FACE_BOUND('',#7964,.T.);
#7964 = EDGE_LOOP('',(#7965,#7966,#7987,#7988));
#7965 = ORIENTED_EDGE('',*,*,#4314,.T.);
#7966 = ORIENTED_EDGE('',*,*,#7967,.F.);
#7967 = EDGE_CURVE('',#3530,#4292,#7968,.T.);
#7968 = SURFACE_CURVE('',#7969,(#7973,#7980),.PCURVE_S1.);
#7969 = LINE('',#7970,#7971);
#7970 = CARTESIAN_POINT('',(-3.7,-0.5,-3.45));
#7971 = VECTOR('',#7972,1.);
#7972 = DIRECTION('',(-0.,1.,-0.));
#7973 = PCURVE('',#3545,#7974);
#7974 = DEFINITIONAL_REPRESENTATION('',(#7975),#7979);
#7975 = LINE('',#7976,#7977);
#7976 = CARTESIAN_POINT('',(0.,0.));
#7977 = VECTOR('',#7978,1.);
#7978 = DIRECTION('',(0.,1.));
#7979 = ( GEOMETRIC_REPRESENTATION_CONTEXT(2) 
PARAMETRIC_REPRESENTATION_CONTEXT() REPRESENTATION_CONTEXT('2D SPACE',''
  ) );
#7980 = PCURVE('',#3571,#7981);
#7981 = DEFINITIONAL_REPRESENTATION('',(#7982),#7986);
#7982 = LINE('',#7983,#7984);
#7983 = CARTESIAN_POINT('',(-6.9,0.));
#7984 = VECTOR('',#7985,1.);
#7985 = DIRECTION('',(0.,1.));
#7986 = ( GEOMETRIC_REPRESENTATION_CONTEXT(2) 
PARAMETRIC_REPRESENTATION_CONTEXT() REPRESENTATION_CONTEXT('2D SPACE',''
  ) );
#7987 = ORIENTED_EDGE('',*,*,#3529,.F.);
#7988 = ORIENTED_EDGE('',*,*,#7847,.T.);
#7989 = ADVANCED_FACE('',(#7990),#3571,.F.);
#7990 = FACE_BOUND('',#7991,.T.);
#7991 = EDGE_LOOP('',(#7992,#7993,#8014,#8015,#8038,#8061,#8082,#8083));
#7992 = ORIENTED_EDGE('',*,*,#4291,.T.);
#7993 = ORIENTED_EDGE('',*,*,#7994,.F.);
#7994 = EDGE_CURVE('',#3622,#4269,#7995,.T.);
#7995 = SURFACE_CURVE('',#7996,(#8000,#8007),.PCURVE_S1.);
#7996 = LINE('',#7997,#7998);
#7997 = CARTESIAN_POINT('',(-3.7,-0.5,3.45));
#7998 = VECTOR('',#7999,1.);
#7999 = DIRECTION('',(-0.,1.,-0.));
#8000 = PCURVE('',#3571,#8001);
#8001 = DEFINITIONAL_REPRESENTATION('',(#8002),#8006);
#8002 = LINE('',#8003,#8004);
#8003 = CARTESIAN_POINT('',(0.,0.));
#8004 = VECTOR('',#8005,1.);
#8005 = DIRECTION('',(0.,1.));
#8006 = ( GEOMETRIC_REPRESENTATION_CONTEXT(2) 
PARAMETRIC_REPRESENTATION_CONTEXT() REPRESENTATION_CONTEXT('2D SPACE',''
  ) );
#8007 = PCURVE('',#3660,#8008);
#8008 = DEFINITIONAL_REPRESENTATION('',(#8009),#8013);
#8009 = LINE('',#8010,#8011);
#8010 = CARTESIAN_POINT('',(0.,0.));
#8011 = VECTOR('',#8012,1.);
#8012 = DIRECTION('',(0.,1.));
#8013 = ( GEOMETRIC_REPRESENTATION_CONTEXT(2) 
PARAMETRIC_REPRESENTATION_CONTEXT() REPRESENTATION_CONTEXT('2D SPACE',''
  ) );
#8014 = ORIENTED_EDGE('',*,*,#3621,.F.);
#8015 = ORIENTED_EDGE('',*,*,#8016,.F.);
#8016 = EDGE_CURVE('',#8017,#3587,#8019,.T.);
#8017 = VERTEX_POINT('',#8018);
#8018 = CARTESIAN_POINT('',(-3.7,-1.17,2.));
#8019 = SURFACE_CURVE('',#8020,(#8024,#8031),.PCURVE_S1.);
#8020 = LINE('',#8021,#8022);
#8021 = CARTESIAN_POINT('',(-3.7,-17.64074417675,2.));
#8022 = VECTOR('',#8023,1.);
#8023 = DIRECTION('',(-0.,1.,-0.));
#8024 = PCURVE('',#3571,#8025);
#8025 = DEFINITIONAL_REPRESENTATION('',(#8026),#8030);
#8026 = LINE('',#8027,#8028);
#8027 = CARTESIAN_POINT('',(-1.45,-17.14074417675));
#8028 = VECTOR('',#8029,1.);
#8029 = DIRECTION('',(0.,1.));
#8030 = ( GEOMETRIC_REPRESENTATION_CONTEXT(2) 
PARAMETRIC_REPRESENTATION_CONTEXT() REPRESENTATION_CONTEXT('2D SPACE',''
  ) );
#8031 = PCURVE('',#3609,#8032);
#8032 = DEFINITIONAL_REPRESENTATION('',(#8033),#8037);
#8033 = LINE('',#8034,#8035);
#8034 = CARTESIAN_POINT('',(-2.6,0.));
#8035 = VECTOR('',#8036,1.);
#8036 = DIRECTION('',(0.,1.));
#8037 = ( GEOMETRIC_REPRESENTATION_CONTEXT(2) 
PARAMETRIC_REPRESENTATION_CONTEXT() REPRESENTATION_CONTEXT('2D SPACE',''
  ) );
#8038 = ORIENTED_EDGE('',*,*,#8039,.T.);
#8039 = EDGE_CURVE('',#8017,#8040,#8042,.T.);
#8040 = VERTEX_POINT('',#8041);
#8041 = CARTESIAN_POINT('',(-3.7,-1.17,-2.));
#8042 = SURFACE_CURVE('',#8043,(#8047,#8054),.PCURVE_S1.);
#8043 = LINE('',#8044,#8045);
#8044 = CARTESIAN_POINT('',(-3.7,-1.17,2.));
#8045 = VECTOR('',#8046,1.);
#8046 = DIRECTION('',(0.,0.,-1.));
#8047 = PCURVE('',#3571,#8048);
#8048 = DEFINITIONAL_REPRESENTATION('',(#8049),#8053);
#8049 = LINE('',#8050,#8051);
#8050 = CARTESIAN_POINT('',(-1.45,-0.67));
#8051 = VECTOR('',#8052,1.);
#8052 = DIRECTION('',(-1.,0.));
#8053 = ( GEOMETRIC_REPRESENTATION_CONTEXT(2) 
PARAMETRIC_REPRESENTATION_CONTEXT() REPRESENTATION_CONTEXT('2D SPACE',''
  ) );
#8054 = PCURVE('',#7908,#8055);
#8055 = DEFINITIONAL_REPRESENTATION('',(#8056),#8060);
#8056 = LINE('',#8057,#8058);
#8057 = CARTESIAN_POINT('',(2.,-3.7));
#8058 = VECTOR('',#8059,1.);
#8059 = DIRECTION('',(-1.,0.));
#8060 = ( GEOMETRIC_REPRESENTATION_CONTEXT(2) 
PARAMETRIC_REPRESENTATION_CONTEXT() REPRESENTATION_CONTEXT('2D SPACE',''
  ) );
#8061 = ORIENTED_EDGE('',*,*,#8062,.T.);
#8062 = EDGE_CURVE('',#8040,#3469,#8063,.T.);
#8063 = SURFACE_CURVE('',#8064,(#8068,#8075),.PCURVE_S1.);
#8064 = LINE('',#8065,#8066);
#8065 = CARTESIAN_POINT('',(-3.7,-17.64074417675,-2.));
#8066 = VECTOR('',#8067,1.);
#8067 = DIRECTION('',(-0.,1.,-0.));
#8068 = PCURVE('',#3571,#8069);
#8069 = DEFINITIONAL_REPRESENTATION('',(#8070),#8074);
#8070 = LINE('',#8071,#8072);
#8071 = CARTESIAN_POINT('',(-5.45,-17.14074417675));
#8072 = VECTOR('',#8073,1.);
#8073 = DIRECTION('',(0.,1.));
#8074 = ( GEOMETRIC_REPRESENTATION_CONTEXT(2) 
PARAMETRIC_REPRESENTATION_CONTEXT() REPRESENTATION_CONTEXT('2D SPACE',''
  ) );
#8075 = PCURVE('',#3489,#8076);
#8076 = DEFINITIONAL_REPRESENTATION('',(#8077),#8081);
#8077 = LINE('',#8078,#8079);
#8078 = CARTESIAN_POINT('',(2.6,0.));
#8079 = VECTOR('',#8080,1.);
#8080 = DIRECTION('',(0.,1.));
#8081 = ( GEOMETRIC_REPRESENTATION_CONTEXT(2) 
PARAMETRIC_REPRESENTATION_CONTEXT() REPRESENTATION_CONTEXT('2D SPACE',''
  ) );
#8082 = ORIENTED_EDGE('',*,*,#3557,.F.);
#8083 = ORIENTED_EDGE('',*,*,#7967,.T.);
#8084 = ADVANCED_FACE('',(#8085),#3660,.F.);
#8085 = FACE_BOUND('',#8086,.T.);
#8086 = EDGE_LOOP('',(#8087,#8088,#8089,#8090));
#8087 = ORIENTED_EDGE('',*,*,#4268,.T.);
#8088 = ORIENTED_EDGE('',*,*,#7942,.F.);
#8089 = ORIENTED_EDGE('',*,*,#3644,.F.);
#8090 = ORIENTED_EDGE('',*,*,#7994,.T.);
#8091 = ADVANCED_FACE('',(#8092),#3719,.F.);
#8092 = FACE_BOUND('',#8093,.T.);
#8093 = EDGE_LOOP('',(#8094,#8095,#8096,#8097));
#8094 = ORIENTED_EDGE('',*,*,#7620,.T.);
#8095 = ORIENTED_EDGE('',*,*,#3696,.T.);
#8096 = ORIENTED_EDGE('',*,*,#7813,.F.);
#8097 = ORIENTED_EDGE('',*,*,#8098,.T.);
#8098 = EDGE_CURVE('',#7791,#7621,#8099,.T.);
#8099 = SURFACE_CURVE('',#8100,(#8104,#8111),.PCURVE_S1.);
#8100 = LINE('',#8101,#8102);
#8101 = CARTESIAN_POINT('',(3.7,-1.17,-2.));
#8102 = VECTOR('',#8103,1.);
#8103 = DIRECTION('',(-1.,0.,-0.));
#8104 = PCURVE('',#3719,#8105);
#8105 = DEFINITIONAL_REPRESENTATION('',(#8106),#8110);
#8106 = LINE('',#8107,#8108);
#8107 = CARTESIAN_POINT('',(0.,16.470744176751));
#8108 = VECTOR('',#8109,1.);
#8109 = DIRECTION('',(-1.,0.));
#8110 = ( GEOMETRIC_REPRESENTATION_CONTEXT(2) 
PARAMETRIC_REPRESENTATION_CONTEXT() REPRESENTATION_CONTEXT('2D SPACE',''
  ) );
#8111 = PCURVE('',#7659,#8112);
#8112 = DEFINITIONAL_REPRESENTATION('',(#8113),#8117);
#8113 = LINE('',#8114,#8115);
#8114 = CARTESIAN_POINT('',(-2.,3.7));
#8115 = VECTOR('',#8116,1.);
#8116 = DIRECTION('',(-0.,-1.));
#8117 = ( GEOMETRIC_REPRESENTATION_CONTEXT(2) 
PARAMETRIC_REPRESENTATION_CONTEXT() REPRESENTATION_CONTEXT('2D SPACE',''
  ) );
#8118 = ADVANCED_FACE('',(#8119),#3839,.F.);
#8119 = FACE_BOUND('',#8120,.T.);
#8120 = EDGE_LOOP('',(#8121,#8122,#8123,#8124));
#8121 = ORIENTED_EDGE('',*,*,#7767,.T.);
#8122 = ORIENTED_EDGE('',*,*,#3816,.T.);
#8123 = ORIENTED_EDGE('',*,*,#7671,.F.);
#8124 = ORIENTED_EDGE('',*,*,#8125,.T.);
#8125 = EDGE_CURVE('',#7644,#7768,#8126,.T.);
#8126 = SURFACE_CURVE('',#8127,(#8131,#8138),.PCURVE_S1.);
#8127 = LINE('',#8128,#8129);
#8128 = CARTESIAN_POINT('',(3.7,-1.17,2.));
#8129 = VECTOR('',#8130,1.);
#8130 = DIRECTION('',(1.,0.,-1.668003342285E-16));
#8131 = PCURVE('',#3839,#8132);
#8132 = DEFINITIONAL_REPRESENTATION('',(#8133),#8137);
#8133 = LINE('',#8134,#8135);
#8134 = CARTESIAN_POINT('',(0.,16.470744176751));
#8135 = VECTOR('',#8136,1.);
#8136 = DIRECTION('',(-1.,0.));
#8137 = ( GEOMETRIC_REPRESENTATION_CONTEXT(2) 
PARAMETRIC_REPRESENTATION_CONTEXT() REPRESENTATION_CONTEXT('2D SPACE',''
  ) );
#8138 = PCURVE('',#7659,#8139);
#8139 = DEFINITIONAL_REPRESENTATION('',(#8140),#8144);
#8140 = LINE('',#8141,#8142);
#8141 = CARTESIAN_POINT('',(2.,3.7));
#8142 = VECTOR('',#8143,1.);
#8143 = DIRECTION('',(-1.668003342285E-16,1.));
#8144 = ( GEOMETRIC_REPRESENTATION_CONTEXT(2) 
PARAMETRIC_REPRESENTATION_CONTEXT() REPRESENTATION_CONTEXT('2D SPACE',''
  ) );
#8145 = ADVANCED_FACE('',(#8146),#7659,.F.);
#8146 = FACE_BOUND('',#8147,.T.);
#8147 = EDGE_LOOP('',(#8148,#8149,#8150,#8151));
#8148 = ORIENTED_EDGE('',*,*,#8125,.F.);
#8149 = ORIENTED_EDGE('',*,*,#7643,.F.);
#8150 = ORIENTED_EDGE('',*,*,#8098,.F.);
#8151 = ORIENTED_EDGE('',*,*,#7790,.F.);
#8152 = ADVANCED_FACE('',(#8153),#3489,.F.);
#8153 = FACE_BOUND('',#8154,.T.);
#8154 = EDGE_LOOP('',(#8155,#8156,#8157,#8158));
#8155 = ORIENTED_EDGE('',*,*,#7869,.T.);
#8156 = ORIENTED_EDGE('',*,*,#3466,.T.);
#8157 = ORIENTED_EDGE('',*,*,#8062,.F.);
#8158 = ORIENTED_EDGE('',*,*,#8159,.T.);
#8159 = EDGE_CURVE('',#8040,#7870,#8160,.T.);
#8160 = SURFACE_CURVE('',#8161,(#8165,#8172),.PCURVE_S1.);
#8161 = LINE('',#8162,#8163);
#8162 = CARTESIAN_POINT('',(-6.3,-1.17,-2.));
#8163 = VECTOR('',#8164,1.);
#8164 = DIRECTION('',(-1.,0.,-0.));
#8165 = PCURVE('',#3489,#8166);
#8166 = DEFINITIONAL_REPRESENTATION('',(#8167),#8171);
#8167 = LINE('',#8168,#8169);
#8168 = CARTESIAN_POINT('',(0.,16.470744176751));
#8169 = VECTOR('',#8170,1.);
#8170 = DIRECTION('',(-1.,0.));
#8171 = ( GEOMETRIC_REPRESENTATION_CONTEXT(2) 
PARAMETRIC_REPRESENTATION_CONTEXT() REPRESENTATION_CONTEXT('2D SPACE',''
  ) );
#8172 = PCURVE('',#7908,#8173);
#8173 = DEFINITIONAL_REPRESENTATION('',(#8174),#8178);
#8174 = LINE('',#8175,#8176);
#8175 = CARTESIAN_POINT('',(-2.,-6.3));
#8176 = VECTOR('',#8177,1.);
#8177 = DIRECTION('',(-0.,-1.));
#8178 = ( GEOMETRIC_REPRESENTATION_CONTEXT(2) 
PARAMETRIC_REPRESENTATION_CONTEXT() REPRESENTATION_CONTEXT('2D SPACE',''
  ) );
#8179 = ADVANCED_FACE('',(#8180),#3609,.F.);
#8180 = FACE_BOUND('',#8181,.T.);
#8181 = EDGE_LOOP('',(#8182,#8183,#8184,#8185));
#8182 = ORIENTED_EDGE('',*,*,#8016,.T.);
#8183 = ORIENTED_EDGE('',*,*,#3586,.T.);
#8184 = ORIENTED_EDGE('',*,*,#7920,.F.);
#8185 = ORIENTED_EDGE('',*,*,#8186,.T.);
#8186 = EDGE_CURVE('',#7893,#8017,#8187,.T.);
#8187 = SURFACE_CURVE('',#8188,(#8192,#8199),.PCURVE_S1.);
#8188 = LINE('',#8189,#8190);
#8189 = CARTESIAN_POINT('',(-6.3,-1.17,2.));
#8190 = VECTOR('',#8191,1.);
#8191 = DIRECTION('',(1.,0.,-1.668003342285E-16));
#8192 = PCURVE('',#3609,#8193);
#8193 = DEFINITIONAL_REPRESENTATION('',(#8194),#8198);
#8194 = LINE('',#8195,#8196);
#8195 = CARTESIAN_POINT('',(0.,16.470744176751));
#8196 = VECTOR('',#8197,1.);
#8197 = DIRECTION('',(-1.,0.));
#8198 = ( GEOMETRIC_REPRESENTATION_CONTEXT(2) 
PARAMETRIC_REPRESENTATION_CONTEXT() REPRESENTATION_CONTEXT('2D SPACE',''
  ) );
#8199 = PCURVE('',#7908,#8200);
#8200 = DEFINITIONAL_REPRESENTATION('',(#8201),#8205);
#8201 = LINE('',#8202,#8203);
#8202 = CARTESIAN_POINT('',(2.,-6.3));
#8203 = VECTOR('',#8204,1.);
#8204 = DIRECTION('',(-1.668003342285E-16,1.));
#8205 = ( GEOMETRIC_REPRESENTATION_CONTEXT(2) 
PARAMETRIC_REPRESENTATION_CONTEXT() REPRESENTATION_CONTEXT('2D SPACE',''
  ) );
#8206 = ADVANCED_FACE('',(#8207,#8321),#7908,.F.);
#8207 = FACE_BOUND('',#8208,.T.);
#8208 = EDGE_LOOP('',(#8209,#8239,#8267,#8295));
#8209 = ORIENTED_EDGE('',*,*,#8210,.F.);
#8210 = EDGE_CURVE('',#8211,#8213,#8215,.T.);
#8211 = VERTEX_POINT('',#8212);
#8212 = CARTESIAN_POINT('',(-4.8,-1.17,1.85));
#8213 = VERTEX_POINT('',#8214);
#8214 = CARTESIAN_POINT('',(-5.2,-1.17,1.85));
#8215 = SURFACE_CURVE('',#8216,(#8220,#8227),.PCURVE_S1.);
#8216 = LINE('',#8217,#8218);
#8217 = CARTESIAN_POINT('',(0.,-1.17,1.85));
#8218 = VECTOR('',#8219,1.);
#8219 = DIRECTION('',(-1.,0.,0.));
#8220 = PCURVE('',#7908,#8221);
#8221 = DEFINITIONAL_REPRESENTATION('',(#8222),#8226);
#8222 = LINE('',#8223,#8224);
#8223 = CARTESIAN_POINT('',(1.85,0.));
#8224 = VECTOR('',#8225,1.);
#8225 = DIRECTION('',(0.,-1.));
#8226 = ( GEOMETRIC_REPRESENTATION_CONTEXT(2) 
PARAMETRIC_REPRESENTATION_CONTEXT() REPRESENTATION_CONTEXT('2D SPACE',''
  ) );
#8227 = PCURVE('',#8228,#8233);
#8228 = PLANE('',#8229);
#8229 = AXIS2_PLACEMENT_3D('',#8230,#8231,#8232);
#8230 = CARTESIAN_POINT('',(-4.8,-0.810352608912,1.85));
#8231 = DIRECTION('',(0.,1.149402530828E-16,-1.));
#8232 = DIRECTION('',(0.,1.,1.149402530828E-16));
#8233 = DEFINITIONAL_REPRESENTATION('',(#8234),#8238);
#8234 = LINE('',#8235,#8236);
#8235 = CARTESIAN_POINT('',(-0.359647391088,4.8));
#8236 = VECTOR('',#8237,1.);
#8237 = DIRECTION('',(0.,-1.));
#8238 = ( GEOMETRIC_REPRESENTATION_CONTEXT(2) 
PARAMETRIC_REPRESENTATION_CONTEXT() REPRESENTATION_CONTEXT('2D SPACE',''
  ) );
#8239 = ORIENTED_EDGE('',*,*,#8240,.T.);
#8240 = EDGE_CURVE('',#8211,#8241,#8243,.T.);
#8241 = VERTEX_POINT('',#8242);
#8242 = CARTESIAN_POINT('',(-4.8,-1.17,-1.85));
#8243 = SURFACE_CURVE('',#8244,(#8248,#8255),.PCURVE_S1.);
#8244 = LINE('',#8245,#8246);
#8245 = CARTESIAN_POINT('',(-4.8,-1.17,0.));
#8246 = VECTOR('',#8247,1.);
#8247 = DIRECTION('',(0.,0.,-1.));
#8248 = PCURVE('',#7908,#8249);
#8249 = DEFINITIONAL_REPRESENTATION('',(#8250),#8254);
#8250 = LINE('',#8251,#8252);
#8251 = CARTESIAN_POINT('',(0.,-4.8));
#8252 = VECTOR('',#8253,1.);
#8253 = DIRECTION('',(-1.,0.));
#8254 = ( GEOMETRIC_REPRESENTATION_CONTEXT(2) 
PARAMETRIC_REPRESENTATION_CONTEXT() REPRESENTATION_CONTEXT('2D SPACE',''
  ) );
#8255 = PCURVE('',#8256,#8261);
#8256 = PLANE('',#8257);
#8257 = AXIS2_PLACEMENT_3D('',#8258,#8259,#8260);
#8258 = CARTESIAN_POINT('',(-4.8,0.,0.));
#8259 = DIRECTION('',(1.,0.,0.));
#8260 = DIRECTION('',(0.,0.,-1.));
#8261 = DEFINITIONAL_REPRESENTATION('',(#8262),#8266);
#8262 = LINE('',#8263,#8264);
#8263 = CARTESIAN_POINT('',(0.,-1.17));
#8264 = VECTOR('',#8265,1.);
#8265 = DIRECTION('',(1.,0.));
#8266 = ( GEOMETRIC_REPRESENTATION_CONTEXT(2) 
PARAMETRIC_REPRESENTATION_CONTEXT() REPRESENTATION_CONTEXT('2D SPACE',''
  ) );
#8267 = ORIENTED_EDGE('',*,*,#8268,.F.);
#8268 = EDGE_CURVE('',#8269,#8241,#8271,.T.);
#8269 = VERTEX_POINT('',#8270);
#8270 = CARTESIAN_POINT('',(-5.2,-1.17,-1.85));
#8271 = SURFACE_CURVE('',#8272,(#8276,#8283),.PCURVE_S1.);
#8272 = LINE('',#8273,#8274);
#8273 = CARTESIAN_POINT('',(0.,-1.17,-1.85));
#8274 = VECTOR('',#8275,1.);
#8275 = DIRECTION('',(1.,-0.,0.));
#8276 = PCURVE('',#7908,#8277);
#8277 = DEFINITIONAL_REPRESENTATION('',(#8278),#8282);
#8278 = LINE('',#8279,#8280);
#8279 = CARTESIAN_POINT('',(-1.85,0.));
#8280 = VECTOR('',#8281,1.);
#8281 = DIRECTION('',(0.,1.));
#8282 = ( GEOMETRIC_REPRESENTATION_CONTEXT(2) 
PARAMETRIC_REPRESENTATION_CONTEXT() REPRESENTATION_CONTEXT('2D SPACE',''
  ) );
#8283 = PCURVE('',#8284,#8289);
#8284 = PLANE('',#8285);
#8285 = AXIS2_PLACEMENT_3D('',#8286,#8287,#8288);
#8286 = CARTESIAN_POINT('',(-4.8,-0.810352608912,-1.85));
#8287 = DIRECTION('',(-0.,1.149402530828E-16,1.));
#8288 = DIRECTION('',(0.,-1.,1.149402530828E-16));
#8289 = DEFINITIONAL_REPRESENTATION('',(#8290),#8294);
#8290 = LINE('',#8291,#8292);
#8291 = CARTESIAN_POINT('',(0.359647391088,4.8));
#8292 = VECTOR('',#8293,1.);
#8293 = DIRECTION('',(0.,1.));
#8294 = ( GEOMETRIC_REPRESENTATION_CONTEXT(2) 
PARAMETRIC_REPRESENTATION_CONTEXT() REPRESENTATION_CONTEXT('2D SPACE',''
  ) );
#8295 = ORIENTED_EDGE('',*,*,#8296,.F.);
#8296 = EDGE_CURVE('',#8213,#8269,#8297,.T.);
#8297 = SURFACE_CURVE('',#8298,(#8302,#8309),.PCURVE_S1.);
#8298 = LINE('',#8299,#8300);
#8299 = CARTESIAN_POINT('',(-5.2,-1.17,0.));
#8300 = VECTOR('',#8301,1.);
#8301 = DIRECTION('',(0.,0.,-1.));
#8302 = PCURVE('',#7908,#8303);
#8303 = DEFINITIONAL_REPRESENTATION('',(#8304),#8308);
#8304 = LINE('',#8305,#8306);
#8305 = CARTESIAN_POINT('',(0.,-5.2));
#8306 = VECTOR('',#8307,1.);
#8307 = DIRECTION('',(-1.,0.));
#8308 = ( GEOMETRIC_REPRESENTATION_CONTEXT(2) 
PARAMETRIC_REPRESENTATION_CONTEXT() REPRESENTATION_CONTEXT('2D SPACE',''
  ) );
#8309 = PCURVE('',#8310,#8315);
#8310 = PLANE('',#8311);
#8311 = AXIS2_PLACEMENT_3D('',#8312,#8313,#8314);
#8312 = CARTESIAN_POINT('',(-5.2,0.,0.));
#8313 = DIRECTION('',(1.,0.,0.));
#8314 = DIRECTION('',(0.,0.,-1.));
#8315 = DEFINITIONAL_REPRESENTATION('',(#8316),#8320);
#8316 = LINE('',#8317,#8318);
#8317 = CARTESIAN_POINT('',(0.,-1.17));
#8318 = VECTOR('',#8319,1.);
#8319 = DIRECTION('',(1.,0.));
#8320 = ( GEOMETRIC_REPRESENTATION_CONTEXT(2) 
PARAMETRIC_REPRESENTATION_CONTEXT() REPRESENTATION_CONTEXT('2D SPACE',''
  ) );
#8321 = FACE_BOUND('',#8322,.T.);
#8322 = EDGE_LOOP('',(#8323,#8324,#8325,#8326));
#8323 = ORIENTED_EDGE('',*,*,#8186,.F.);
#8324 = ORIENTED_EDGE('',*,*,#7892,.F.);
#8325 = ORIENTED_EDGE('',*,*,#8159,.F.);
#8326 = ORIENTED_EDGE('',*,*,#8039,.F.);
#8327 = ADVANCED_FACE('',(#8328),#2820,.T.);
#8328 = FACE_BOUND('',#8329,.T.);
#8329 = EDGE_LOOP('',(#8330,#8331,#8332,#8353));
#8330 = ORIENTED_EDGE('',*,*,#5956,.F.);
#8331 = ORIENTED_EDGE('',*,*,#2804,.T.);
#8332 = ORIENTED_EDGE('',*,*,#8333,.T.);
#8333 = EDGE_CURVE('',#2776,#3373,#8334,.T.);
#8334 = SURFACE_CURVE('',#8335,(#8339,#8346),.PCURVE_S1.);
#8335 = LINE('',#8336,#8337);
#8336 = CARTESIAN_POINT('',(7.144540085939,5.390080009486,2.));
#8337 = VECTOR('',#8338,1.);
#8338 = DIRECTION('',(-0.,-0.,-1.));
#8339 = PCURVE('',#2820,#8340);
#8340 = DEFINITIONAL_REPRESENTATION('',(#8341),#8345);
#8341 = LINE('',#8342,#8343);
#8342 = CARTESIAN_POINT('',(-2.620945939223,0.));
#8343 = VECTOR('',#8344,1.);
#8344 = DIRECTION('',(0.,-1.));
#8345 = ( GEOMETRIC_REPRESENTATION_CONTEXT(2) 
PARAMETRIC_REPRESENTATION_CONTEXT() REPRESENTATION_CONTEXT('2D SPACE',''
  ) );
#8346 = PCURVE('',#2792,#8347);
#8347 = DEFINITIONAL_REPRESENTATION('',(#8348),#8352);
#8348 = LINE('',#8349,#8350);
#8349 = CARTESIAN_POINT('',(3.664509147813,0.));
#8350 = VECTOR('',#8351,1.);
#8351 = DIRECTION('',(0.,1.));
#8352 = ( GEOMETRIC_REPRESENTATION_CONTEXT(2) 
PARAMETRIC_REPRESENTATION_CONTEXT() REPRESENTATION_CONTEXT('2D SPACE',''
  ) );
#8353 = ORIENTED_EDGE('',*,*,#3372,.F.);
#8354 = ADVANCED_FACE('',(#8355),#2876,.F.);
#8355 = FACE_BOUND('',#8356,.T.);
#8356 = EDGE_LOOP('',(#8357,#8358,#8359,#8360));
#8357 = ORIENTED_EDGE('',*,*,#2860,.F.);
#8358 = ORIENTED_EDGE('',*,*,#5934,.T.);
#8359 = ORIENTED_EDGE('',*,*,#3326,.T.);
#8360 = ORIENTED_EDGE('',*,*,#8361,.F.);
#8361 = EDGE_CURVE('',#2861,#3303,#8362,.T.);
#8362 = SURFACE_CURVE('',#8363,(#8367,#8374),.PCURVE_S1.);
#8363 = LINE('',#8364,#8365);
#8364 = CARTESIAN_POINT('',(7.231176720227,5.340139108419,2.));
#8365 = VECTOR('',#8366,1.);
#8366 = DIRECTION('',(-0.,-0.,-1.));
#8367 = PCURVE('',#2876,#8368);
#8368 = DEFINITIONAL_REPRESENTATION('',(#8369),#8373);
#8369 = LINE('',#8370,#8371);
#8370 = CARTESIAN_POINT('',(-2.620945939223,0.));
#8371 = VECTOR('',#8372,1.);
#8372 = DIRECTION('',(0.,-1.));
#8373 = ( GEOMETRIC_REPRESENTATION_CONTEXT(2) 
PARAMETRIC_REPRESENTATION_CONTEXT() REPRESENTATION_CONTEXT('2D SPACE',''
  ) );
#8374 = PCURVE('',#2224,#8375);
#8375 = DEFINITIONAL_REPRESENTATION('',(#8376),#8380);
#8376 = LINE('',#8377,#8378);
#8377 = CARTESIAN_POINT('',(3.664509147813,0.));
#8378 = VECTOR('',#8379,1.);
#8379 = DIRECTION('',(0.,1.));
#8380 = ( GEOMETRIC_REPRESENTATION_CONTEXT(2) 
PARAMETRIC_REPRESENTATION_CONTEXT() REPRESENTATION_CONTEXT('2D SPACE',''
  ) );
#8381 = ADVANCED_FACE('',(#8382),#2763,.T.);
#8382 = FACE_BOUND('',#8383,.T.);
#8383 = EDGE_LOOP('',(#8384,#8385,#8386,#8407));
#8384 = ORIENTED_EDGE('',*,*,#6084,.F.);
#8385 = ORIENTED_EDGE('',*,*,#3419,.F.);
#8386 = ORIENTED_EDGE('',*,*,#8387,.F.);
#8387 = EDGE_CURVE('',#2748,#3396,#8388,.T.);
#8388 = SURFACE_CURVE('',#8389,(#8393,#8400),.PCURVE_S1.);
#8389 = LINE('',#8390,#8391);
#8390 = CARTESIAN_POINT('',(7.240601183173,6.046889539067,2.));
#8391 = VECTOR('',#8392,1.);
#8392 = DIRECTION('',(-0.,-0.,-1.));
#8393 = PCURVE('',#2763,#8394);
#8394 = DEFINITIONAL_REPRESENTATION('',(#8395),#8399);
#8395 = LINE('',#8396,#8397);
#8396 = CARTESIAN_POINT('',(0.,0.));
#8397 = VECTOR('',#8398,1.);
#8398 = DIRECTION('',(0.,-1.));
#8399 = ( GEOMETRIC_REPRESENTATION_CONTEXT(2) 
PARAMETRIC_REPRESENTATION_CONTEXT() REPRESENTATION_CONTEXT('2D SPACE',''
  ) );
#8400 = PCURVE('',#2792,#8401);
#8401 = DEFINITIONAL_REPRESENTATION('',(#8402),#8406);
#8402 = LINE('',#8403,#8404);
#8403 = CARTESIAN_POINT('',(2.90912514677,0.));
#8404 = VECTOR('',#8405,1.);
#8405 = DIRECTION('',(0.,1.));
#8406 = ( GEOMETRIC_REPRESENTATION_CONTEXT(2) 
PARAMETRIC_REPRESENTATION_CONTEXT() REPRESENTATION_CONTEXT('2D SPACE',''
  ) );
#8407 = ORIENTED_EDGE('',*,*,#2747,.T.);
#8408 = ADVANCED_FACE('',(#8409),#2792,.F.);
#8409 = FACE_BOUND('',#8410,.F.);
#8410 = EDGE_LOOP('',(#8411,#8412,#8413,#8414));
#8411 = ORIENTED_EDGE('',*,*,#8387,.F.);
#8412 = ORIENTED_EDGE('',*,*,#2775,.F.);
#8413 = ORIENTED_EDGE('',*,*,#8333,.T.);
#8414 = ORIENTED_EDGE('',*,*,#3395,.T.);
#8415 = ADVANCED_FACE('',(#8416),#2224,.T.);
#8416 = FACE_BOUND('',#8417,.T.);
#8417 = EDGE_LOOP('',(#8418,#8419,#8420,#8421));
#8418 = ORIENTED_EDGE('',*,*,#3302,.T.);
#8419 = ORIENTED_EDGE('',*,*,#2208,.F.);
#8420 = ORIENTED_EDGE('',*,*,#2888,.F.);
#8421 = ORIENTED_EDGE('',*,*,#8361,.T.);
#8422 = ADVANCED_FACE('',(#8423),#2664,.T.);
#8423 = FACE_BOUND('',#8424,.T.);
#8424 = EDGE_LOOP('',(#8425,#8446,#8447,#8448));
#8425 = ORIENTED_EDGE('',*,*,#8426,.T.);
#8426 = EDGE_CURVE('',#2912,#3258,#8427,.T.);
#8427 = SURFACE_CURVE('',#8428,(#8432,#8439),.PCURVE_S1.);
#8428 = LINE('',#8429,#8430);
#8429 = CARTESIAN_POINT('',(7.212638122112,6.356559322583,5.25));
#8430 = VECTOR('',#8431,1.);
#8431 = DIRECTION('',(0.,0.,-1.));
#8432 = PCURVE('',#2664,#8433);
#8433 = DEFINITIONAL_REPRESENTATION('',(#8434),#8438);
#8434 = LINE('',#8435,#8436);
#8435 = CARTESIAN_POINT('',(0.,-0.576228026088));
#8436 = VECTOR('',#8437,1.);
#8437 = DIRECTION('',(1.,0.));
#8438 = ( GEOMETRIC_REPRESENTATION_CONTEXT(2) 
PARAMETRIC_REPRESENTATION_CONTEXT() REPRESENTATION_CONTEXT('2D SPACE',''
  ) );
#8439 = PCURVE('',#2168,#8440);
#8440 = DEFINITIONAL_REPRESENTATION('',(#8441),#8445);
#8441 = LINE('',#8442,#8443);
#8442 = CARTESIAN_POINT('',(0.,0.));
#8443 = VECTOR('',#8444,1.);
#8444 = DIRECTION('',(-1.,0.));
#8445 = ( GEOMETRIC_REPRESENTATION_CONTEXT(2) 
PARAMETRIC_REPRESENTATION_CONTEXT() REPRESENTATION_CONTEXT('2D SPACE',''
  ) );
#8446 = ORIENTED_EDGE('',*,*,#3257,.T.);
#8447 = ORIENTED_EDGE('',*,*,#2648,.T.);
#8448 = ORIENTED_EDGE('',*,*,#2934,.F.);
#8449 = ADVANCED_FACE('',(#8450),#2168,.T.);
#8450 = FACE_BOUND('',#8451,.T.);
#8451 = EDGE_LOOP('',(#8452,#8453,#8454,#8455));
#8452 = ORIENTED_EDGE('',*,*,#2145,.T.);
#8453 = ORIENTED_EDGE('',*,*,#3280,.T.);
#8454 = ORIENTED_EDGE('',*,*,#8426,.F.);
#8455 = ORIENTED_EDGE('',*,*,#2911,.F.);
#8456 = ADVANCED_FACE('',(#8457),#2613,.T.);
#8457 = FACE_BOUND('',#8458,.T.);
#8458 = EDGE_LOOP('',(#8459,#8460,#8461,#8482));
#8459 = ORIENTED_EDGE('',*,*,#2590,.T.);
#8460 = ORIENTED_EDGE('',*,*,#3235,.T.);
#8461 = ORIENTED_EDGE('',*,*,#8462,.F.);
#8462 = EDGE_CURVE('',#2957,#3213,#8463,.T.);
#8463 = SURFACE_CURVE('',#8464,(#8468,#8475),.PCURVE_S1.);
#8464 = LINE('',#8465,#8466);
#8465 = CARTESIAN_POINT('',(7.077584678498,6.932787348671,5.25));
#8466 = VECTOR('',#8467,1.);
#8467 = DIRECTION('',(0.,0.,-1.));
#8468 = PCURVE('',#2613,#8469);
#8469 = DEFINITIONAL_REPRESENTATION('',(#8470),#8474);
#8470 = LINE('',#8471,#8472);
#8471 = CARTESIAN_POINT('',(0.,0.));
#8472 = VECTOR('',#8473,1.);
#8473 = DIRECTION('',(-1.,0.));
#8474 = ( GEOMETRIC_REPRESENTATION_CONTEXT(2) 
PARAMETRIC_REPRESENTATION_CONTEXT() REPRESENTATION_CONTEXT('2D SPACE',''
  ) );
#8475 = PCURVE('',#2554,#8476);
#8476 = DEFINITIONAL_REPRESENTATION('',(#8477),#8481);
#8477 = LINE('',#8478,#8479);
#8478 = CARTESIAN_POINT('',(0.,-0.576228026088));
#8479 = VECTOR('',#8480,1.);
#8480 = DIRECTION('',(1.,0.));
#8481 = ( GEOMETRIC_REPRESENTATION_CONTEXT(2) 
PARAMETRIC_REPRESENTATION_CONTEXT() REPRESENTATION_CONTEXT('2D SPACE',''
  ) );
#8482 = ORIENTED_EDGE('',*,*,#2956,.F.);
#8483 = ADVANCED_FACE('',(#8484),#2554,.T.);
#8484 = FACE_BOUND('',#8485,.T.);
#8485 = EDGE_LOOP('',(#8486,#8487,#8488,#8489));
#8486 = ORIENTED_EDGE('',*,*,#8462,.T.);
#8487 = ORIENTED_EDGE('',*,*,#3212,.T.);
#8488 = ORIENTED_EDGE('',*,*,#2538,.T.);
#8489 = ORIENTED_EDGE('',*,*,#2979,.F.);
#8490 = ADVANCED_FACE('',(#8491),#2503,.T.);
#8491 = FACE_BOUND('',#8492,.T.);
#8492 = EDGE_LOOP('',(#8493,#8494,#8495,#8516));
#8493 = ORIENTED_EDGE('',*,*,#2480,.T.);
#8494 = ORIENTED_EDGE('',*,*,#3190,.T.);
#8495 = ORIENTED_EDGE('',*,*,#8496,.F.);
#8496 = EDGE_CURVE('',#3002,#3168,#8497,.T.);
#8497 = SURFACE_CURVE('',#8498,(#8502,#8509),.PCURVE_S1.);
#8498 = LINE('',#8499,#8500);
#8499 = CARTESIAN_POINT('',(6.915520546161,7.509015374759,5.25));
#8500 = VECTOR('',#8501,1.);
#8501 = DIRECTION('',(0.,0.,-1.));
#8502 = PCURVE('',#2503,#8503);
#8503 = DEFINITIONAL_REPRESENTATION('',(#8504),#8508);
#8504 = LINE('',#8505,#8506);
#8505 = CARTESIAN_POINT('',(0.,0.));
#8506 = VECTOR('',#8507,1.);
#8507 = DIRECTION('',(-1.,0.));
#8508 = ( GEOMETRIC_REPRESENTATION_CONTEXT(2) 
PARAMETRIC_REPRESENTATION_CONTEXT() REPRESENTATION_CONTEXT('2D SPACE',''
  ) );
#8509 = PCURVE('',#2339,#8510);
#8510 = DEFINITIONAL_REPRESENTATION('',(#8511),#8515);
#8511 = LINE('',#8512,#8513);
#8512 = CARTESIAN_POINT('',(0.,-0.47268705265));
#8513 = VECTOR('',#8514,1.);
#8514 = DIRECTION('',(1.,0.));
#8515 = ( GEOMETRIC_REPRESENTATION_CONTEXT(2) 
PARAMETRIC_REPRESENTATION_CONTEXT() REPRESENTATION_CONTEXT('2D SPACE',''
  ) );
#8516 = ORIENTED_EDGE('',*,*,#3001,.F.);
#8517 = ADVANCED_FACE('',(#8518),#2339,.T.);
#8518 = FACE_BOUND('',#8519,.T.);
#8519 = EDGE_LOOP('',(#8520,#8521,#8522,#8523));
#8520 = ORIENTED_EDGE('',*,*,#8496,.T.);
#8521 = ORIENTED_EDGE('',*,*,#3167,.T.);
#8522 = ORIENTED_EDGE('',*,*,#2323,.T.);
#8523 = ORIENTED_EDGE('',*,*,#3024,.F.);
#8524 = ADVANCED_FACE('',(#8525),#3083,.T.);
#8525 = FACE_BOUND('',#8526,.T.);
#8526 = EDGE_LOOP('',(#8527,#8548,#8549,#8570));
#8527 = ORIENTED_EDGE('',*,*,#8528,.T.);
#8528 = EDGE_CURVE('',#3047,#3123,#8529,.T.);
#8529 = SURFACE_CURVE('',#8530,(#8534,#8541),.PCURVE_S1.);
#8530 = LINE('',#8531,#8532);
#8531 = CARTESIAN_POINT('',(6.793972446908,7.981702427409,5.25));
#8532 = VECTOR('',#8533,1.);
#8533 = DIRECTION('',(0.,0.,-1.));
#8534 = PCURVE('',#3083,#8535);
#8535 = DEFINITIONAL_REPRESENTATION('',(#8536),#8540);
#8536 = LINE('',#8537,#8538);
#8537 = CARTESIAN_POINT('',(0.,-0.364644297759));
#8538 = VECTOR('',#8539,1.);
#8539 = DIRECTION('',(1.,0.));
#8540 = ( GEOMETRIC_REPRESENTATION_CONTEXT(2) 
PARAMETRIC_REPRESENTATION_CONTEXT() REPRESENTATION_CONTEXT('2D SPACE',''
  ) );
#8541 = PCURVE('',#2288,#8542);
#8542 = DEFINITIONAL_REPRESENTATION('',(#8543),#8547);
#8543 = LINE('',#8544,#8545);
#8544 = CARTESIAN_POINT('',(0.,0.));
#8545 = VECTOR('',#8546,1.);
#8546 = DIRECTION('',(-1.,0.));
#8547 = ( GEOMETRIC_REPRESENTATION_CONTEXT(2) 
PARAMETRIC_REPRESENTATION_CONTEXT() REPRESENTATION_CONTEXT('2D SPACE',''
  ) );
#8548 = ORIENTED_EDGE('',*,*,#3122,.T.);
#8549 = ORIENTED_EDGE('',*,*,#8550,.F.);
#8550 = EDGE_CURVE('',#2701,#3100,#8551,.T.);
#8551 = SURFACE_CURVE('',#8552,(#8556,#8563),.PCURVE_S1.);
#8552 = LINE('',#8553,#8554);
#8553 = CARTESIAN_POINT('',(6.793972446908,8.346346725168,5.25));
#8554 = VECTOR('',#8555,1.);
#8555 = DIRECTION('',(0.,0.,-1.));
#8556 = PCURVE('',#3083,#8557);
#8557 = DEFINITIONAL_REPRESENTATION('',(#8558),#8562);
#8558 = LINE('',#8559,#8560);
#8559 = CARTESIAN_POINT('',(0.,0.));
#8560 = VECTOR('',#8561,1.);
#8561 = DIRECTION('',(1.,0.));
#8562 = ( GEOMETRIC_REPRESENTATION_CONTEXT(2) 
PARAMETRIC_REPRESENTATION_CONTEXT() REPRESENTATION_CONTEXT('2D SPACE',''
  ) );
#8563 = PCURVE('',#2421,#8564);
#8564 = DEFINITIONAL_REPRESENTATION('',(#8565),#8569);
#8565 = LINE('',#8566,#8567);
#8566 = CARTESIAN_POINT('',(0.,0.));
#8567 = VECTOR('',#8568,1.);
#8568 = DIRECTION('',(-1.,0.));
#8569 = ( GEOMETRIC_REPRESENTATION_CONTEXT(2) 
PARAMETRIC_REPRESENTATION_CONTEXT() REPRESENTATION_CONTEXT('2D SPACE',''
  ) );
#8570 = ORIENTED_EDGE('',*,*,#3069,.F.);
#8571 = ADVANCED_FACE('',(#8572),#2421,.F.);
#8572 = FACE_BOUND('',#8573,.T.);
#8573 = EDGE_LOOP('',(#8574,#8575,#8576,#8577));
#8574 = ORIENTED_EDGE('',*,*,#2700,.T.);
#8575 = ORIENTED_EDGE('',*,*,#8550,.T.);
#8576 = ORIENTED_EDGE('',*,*,#3099,.F.);
#8577 = ORIENTED_EDGE('',*,*,#2405,.F.);
#8578 = ADVANCED_FACE('',(#8579),#2288,.T.);
#8579 = FACE_BOUND('',#8580,.T.);
#8580 = EDGE_LOOP('',(#8581,#8582,#8583,#8584));
#8581 = ORIENTED_EDGE('',*,*,#2265,.T.);
#8582 = ORIENTED_EDGE('',*,*,#3145,.T.);
#8583 = ORIENTED_EDGE('',*,*,#8528,.F.);
#8584 = ORIENTED_EDGE('',*,*,#3046,.F.);
#8585 = ADVANCED_FACE('',(#8586),#8600,.T.);
#8586 = FACE_BOUND('',#8587,.T.);
#8587 = EDGE_LOOP('',(#8588,#8623,#8646,#8674));
#8588 = ORIENTED_EDGE('',*,*,#8589,.F.);
#8589 = EDGE_CURVE('',#8590,#8592,#8594,.T.);
#8590 = VERTEX_POINT('',#8591);
#8591 = CARTESIAN_POINT('',(-6.915520546161,7.854066479772,2.));
#8592 = VERTEX_POINT('',#8593);
#8593 = CARTESIAN_POINT('',(-6.915520546161,7.854066479772,-2.));
#8594 = SURFACE_CURVE('',#8595,(#8599,#8611),.PCURVE_S1.);
#8595 = LINE('',#8596,#8597);
#8596 = CARTESIAN_POINT('',(-6.915520546161,7.854066479772,2.));
#8597 = VECTOR('',#8598,1.);
#8598 = DIRECTION('',(0.,0.,-1.));
#8599 = PCURVE('',#8600,#8605);
#8600 = PLANE('',#8601);
#8601 = AXIS2_PLACEMENT_3D('',#8602,#8603,#8604);
#8602 = CARTESIAN_POINT('',(-7.337911272708,6.069927474621,2.));
#8603 = DIRECTION('',(-0.973100895356,0.230379355536,0.));
#8604 = DIRECTION('',(-0.230379355536,-0.973100895356,0.));
#8605 = DEFINITIONAL_REPRESENTATION('',(#8606),#8610);
#8606 = LINE('',#8607,#8608);
#8607 = CARTESIAN_POINT('',(-1.833457366719,0.));
#8608 = VECTOR('',#8609,1.);
#8609 = DIRECTION('',(-0.,-1.));
#8610 = ( GEOMETRIC_REPRESENTATION_CONTEXT(2) 
PARAMETRIC_REPRESENTATION_CONTEXT() REPRESENTATION_CONTEXT('2D SPACE',''
  ) );
#8611 = PCURVE('',#8612,#8617);
#8612 = PLANE('',#8613);
#8613 = AXIS2_PLACEMENT_3D('',#8614,#8615,#8616);
#8614 = CARTESIAN_POINT('',(-6.915520546161,7.981702427409,5.25));
#8615 = DIRECTION('',(1.,0.,0.));
#8616 = DIRECTION('',(0.,0.,-1.));
#8617 = DEFINITIONAL_REPRESENTATION('',(#8618),#8622);
#8618 = LINE('',#8619,#8620);
#8619 = CARTESIAN_POINT('',(3.25,-0.127635947637));
#8620 = VECTOR('',#8621,1.);
#8621 = DIRECTION('',(1.,0.));
#8622 = ( GEOMETRIC_REPRESENTATION_CONTEXT(2) 
PARAMETRIC_REPRESENTATION_CONTEXT() REPRESENTATION_CONTEXT('2D SPACE',''
  ) );
#8623 = ORIENTED_EDGE('',*,*,#8624,.T.);
#8624 = EDGE_CURVE('',#8590,#8625,#8627,.T.);
#8625 = VERTEX_POINT('',#8626);
#8626 = CARTESIAN_POINT('',(-6.885303034801,7.981702427409,2.));
#8627 = SURFACE_CURVE('',#8628,(#8632,#8639),.PCURVE_S1.);
#8628 = LINE('',#8629,#8630);
#8629 = CARTESIAN_POINT('',(-7.337911272708,6.069927474621,2.));
#8630 = VECTOR('',#8631,1.);
#8631 = DIRECTION('',(0.230379355536,0.973100895356,0.));
#8632 = PCURVE('',#8600,#8633);
#8633 = DEFINITIONAL_REPRESENTATION('',(#8634),#8638);
#8634 = LINE('',#8635,#8636);
#8635 = CARTESIAN_POINT('',(0.,0.));
#8636 = VECTOR('',#8637,1.);
#8637 = DIRECTION('',(-1.,0.));
#8638 = ( GEOMETRIC_REPRESENTATION_CONTEXT(2) 
PARAMETRIC_REPRESENTATION_CONTEXT() REPRESENTATION_CONTEXT('2D SPACE',''
  ) );
#8639 = PCURVE('',#1243,#8640);
#8640 = DEFINITIONAL_REPRESENTATION('',(#8641),#8645);
#8641 = LINE('',#8642,#8643);
#8642 = CARTESIAN_POINT('',(0.973100895356,-0.230379355536));
#8643 = VECTOR('',#8644,1.);
#8644 = DIRECTION('',(-0.230379355536,-0.973100895356));
#8645 = ( GEOMETRIC_REPRESENTATION_CONTEXT(2) 
PARAMETRIC_REPRESENTATION_CONTEXT() REPRESENTATION_CONTEXT('2D SPACE',''
  ) );
#8646 = ORIENTED_EDGE('',*,*,#8647,.F.);
#8647 = EDGE_CURVE('',#8648,#8625,#8650,.T.);
#8648 = VERTEX_POINT('',#8649);
#8649 = CARTESIAN_POINT('',(-6.885303034801,7.981702427409,-2.));
#8650 = SURFACE_CURVE('',#8651,(#8655,#8662),.PCURVE_S1.);
#8651 = LINE('',#8652,#8653);
#8652 = CARTESIAN_POINT('',(-6.885303034801,7.981702427409,2.));
#8653 = VECTOR('',#8654,1.);
#8654 = DIRECTION('',(0.,0.,1.));
#8655 = PCURVE('',#8600,#8656);
#8656 = DEFINITIONAL_REPRESENTATION('',(#8657),#8661);
#8657 = LINE('',#8658,#8659);
#8658 = CARTESIAN_POINT('',(-1.964621512437,0.));
#8659 = VECTOR('',#8660,1.);
#8660 = DIRECTION('',(0.,1.));
#8661 = ( GEOMETRIC_REPRESENTATION_CONTEXT(2) 
PARAMETRIC_REPRESENTATION_CONTEXT() REPRESENTATION_CONTEXT('2D SPACE',''
  ) );
#8662 = PCURVE('',#8663,#8668);
#8663 = PLANE('',#8664);
#8664 = AXIS2_PLACEMENT_3D('',#8665,#8666,#8667);
#8665 = CARTESIAN_POINT('',(-6.793972446908,7.981702427409,5.25));
#8666 = DIRECTION('',(0.,-1.,-0.));
#8667 = DIRECTION('',(0.,0.,-1.));
#8668 = DEFINITIONAL_REPRESENTATION('',(#8669),#8673);
#8669 = LINE('',#8670,#8671);
#8670 = CARTESIAN_POINT('',(3.25,-9.13305878929E-02));
#8671 = VECTOR('',#8672,1.);
#8672 = DIRECTION('',(-1.,0.));
#8673 = ( GEOMETRIC_REPRESENTATION_CONTEXT(2) 
PARAMETRIC_REPRESENTATION_CONTEXT() REPRESENTATION_CONTEXT('2D SPACE',''
  ) );
#8674 = ORIENTED_EDGE('',*,*,#8675,.F.);
#8675 = EDGE_CURVE('',#8592,#8648,#8676,.T.);
#8676 = SURFACE_CURVE('',#8677,(#8681,#8688),.PCURVE_S1.);
#8677 = LINE('',#8678,#8679);
#8678 = CARTESIAN_POINT('',(-7.337911272708,6.069927474621,-2.));
#8679 = VECTOR('',#8680,1.);
#8680 = DIRECTION('',(0.230379355536,0.973100895356,0.));
#8681 = PCURVE('',#8600,#8682);
#8682 = DEFINITIONAL_REPRESENTATION('',(#8683),#8687);
#8683 = LINE('',#8684,#8685);
#8684 = CARTESIAN_POINT('',(-0.,-4.));
#8685 = VECTOR('',#8686,1.);
#8686 = DIRECTION('',(-1.,0.));
#8687 = ( GEOMETRIC_REPRESENTATION_CONTEXT(2) 
PARAMETRIC_REPRESENTATION_CONTEXT() REPRESENTATION_CONTEXT('2D SPACE',''
  ) );
#8688 = PCURVE('',#1184,#8689);
#8689 = DEFINITIONAL_REPRESENTATION('',(#8690),#8694);
#8690 = LINE('',#8691,#8692);
#8691 = CARTESIAN_POINT('',(0.973100895356,-0.230379355536));
#8692 = VECTOR('',#8693,1.);
#8693 = DIRECTION('',(-0.230379355536,-0.973100895356));
#8694 = ( GEOMETRIC_REPRESENTATION_CONTEXT(2) 
PARAMETRIC_REPRESENTATION_CONTEXT() REPRESENTATION_CONTEXT('2D SPACE',''
  ) );
#8695 = ADVANCED_FACE('',(#8696),#1155,.F.);
#8696 = FACE_BOUND('',#8697,.T.);
#8697 = EDGE_LOOP('',(#8698,#8719,#8720,#8741));
#8698 = ORIENTED_EDGE('',*,*,#8699,.T.);
#8699 = EDGE_CURVE('',#1135,#6039,#8700,.T.);
#8700 = SURFACE_CURVE('',#8701,(#8705,#8712),.PCURVE_S1.);
#8701 = LINE('',#8702,#8703);
#8702 = CARTESIAN_POINT('',(-7.240601183173,6.046889539067,-2.));
#8703 = VECTOR('',#8704,1.);
#8704 = DIRECTION('',(0.230379355536,0.973100895356,0.));
#8705 = PCURVE('',#1155,#8706);
#8706 = DEFINITIONAL_REPRESENTATION('',(#8707),#8711);
#8707 = LINE('',#8708,#8709);
#8708 = CARTESIAN_POINT('',(-0.,-4.));
#8709 = VECTOR('',#8710,1.);
#8710 = DIRECTION('',(-1.,0.));
#8711 = ( GEOMETRIC_REPRESENTATION_CONTEXT(2) 
PARAMETRIC_REPRESENTATION_CONTEXT() REPRESENTATION_CONTEXT('2D SPACE',''
  ) );
#8712 = PCURVE('',#1184,#8713);
#8713 = DEFINITIONAL_REPRESENTATION('',(#8714),#8718);
#8714 = LINE('',#8715,#8716);
#8715 = CARTESIAN_POINT('',(0.87579080582,-0.207341419983));
#8716 = VECTOR('',#8717,1.);
#8717 = DIRECTION('',(-0.230379355536,-0.973100895356));
#8718 = ( GEOMETRIC_REPRESENTATION_CONTEXT(2) 
PARAMETRIC_REPRESENTATION_CONTEXT() REPRESENTATION_CONTEXT('2D SPACE',''
  ) );
#8719 = ORIENTED_EDGE('',*,*,#6038,.T.);
#8720 = ORIENTED_EDGE('',*,*,#8721,.F.);
#8721 = EDGE_CURVE('',#1133,#6016,#8722,.T.);
#8722 = SURFACE_CURVE('',#8723,(#8727,#8734),.PCURVE_S1.);
#8723 = LINE('',#8724,#8725);
#8724 = CARTESIAN_POINT('',(-7.240601183173,6.046889539067,2.));
#8725 = VECTOR('',#8726,1.);
#8726 = DIRECTION('',(0.230379355536,0.973100895356,0.));
#8727 = PCURVE('',#1155,#8728);
#8728 = DEFINITIONAL_REPRESENTATION('',(#8729),#8733);
#8729 = LINE('',#8730,#8731);
#8730 = CARTESIAN_POINT('',(0.,0.));
#8731 = VECTOR('',#8732,1.);
#8732 = DIRECTION('',(-1.,0.));
#8733 = ( GEOMETRIC_REPRESENTATION_CONTEXT(2) 
PARAMETRIC_REPRESENTATION_CONTEXT() REPRESENTATION_CONTEXT('2D SPACE',''
  ) );
#8734 = PCURVE('',#1243,#8735);
#8735 = DEFINITIONAL_REPRESENTATION('',(#8736),#8740);
#8736 = LINE('',#8737,#8738);
#8737 = CARTESIAN_POINT('',(0.87579080582,-0.207341419983));
#8738 = VECTOR('',#8739,1.);
#8739 = DIRECTION('',(-0.230379355536,-0.973100895356));
#8740 = ( GEOMETRIC_REPRESENTATION_CONTEXT(2) 
PARAMETRIC_REPRESENTATION_CONTEXT() REPRESENTATION_CONTEXT('2D SPACE',''
  ) );
#8741 = ORIENTED_EDGE('',*,*,#1132,.T.);
#8742 = ADVANCED_FACE('',(#8743),#1243,.T.);
#8743 = FACE_BOUND('',#8744,.T.);
#8744 = EDGE_LOOP('',(#8745,#8768,#8769,#8795,#8796,#8817,#8818,#8841,
    #8867,#8868,#8869,#8870,#8871,#8894,#8922,#8943,#8944,#8967,#8988,
    #8989,#9012,#9033,#9034));
#8745 = ORIENTED_EDGE('',*,*,#8746,.F.);
#8746 = EDGE_CURVE('',#1713,#8747,#8749,.T.);
#8747 = VERTEX_POINT('',#8748);
#8748 = CARTESIAN_POINT('',(-7.212638122112,6.356559322583,2.));
#8749 = SURFACE_CURVE('',#8750,(#8754,#8761),.PCURVE_S1.);
#8750 = LINE('',#8751,#8752);
#8751 = CARTESIAN_POINT('',(-6.364810377352,6.356559322583,2.));
#8752 = VECTOR('',#8753,1.);
#8753 = DIRECTION('',(1.,0.,0.));
#8754 = PCURVE('',#1243,#8755);
#8755 = DEFINITIONAL_REPRESENTATION('',(#8756),#8760);
#8756 = LINE('',#8757,#8758);
#8757 = CARTESIAN_POINT('',(0.,-0.517011203498));
#8758 = VECTOR('',#8759,1.);
#8759 = DIRECTION('',(-1.,0.));
#8760 = ( GEOMETRIC_REPRESENTATION_CONTEXT(2) 
PARAMETRIC_REPRESENTATION_CONTEXT() REPRESENTATION_CONTEXT('2D SPACE',''
  ) );
#8761 = PCURVE('',#1733,#8762);
#8762 = DEFINITIONAL_REPRESENTATION('',(#8763),#8767);
#8763 = LINE('',#8764,#8765);
#8764 = CARTESIAN_POINT('',(3.25,0.84782774476));
#8765 = VECTOR('',#8766,1.);
#8766 = DIRECTION('',(0.,1.));
#8767 = ( GEOMETRIC_REPRESENTATION_CONTEXT(2) 
PARAMETRIC_REPRESENTATION_CONTEXT() REPRESENTATION_CONTEXT('2D SPACE',''
  ) );
#8768 = ORIENTED_EDGE('',*,*,#1791,.F.);
#8769 = ORIENTED_EDGE('',*,*,#8770,.F.);
#8770 = EDGE_CURVE('',#1265,#1769,#8771,.T.);
#8771 = SURFACE_CURVE('',#8772,(#8777,#8788),.PCURVE_S1.);
#8772 = CIRCLE('',#8773,1.);
#8773 = AXIS2_PLACEMENT_3D('',#8774,#8775,#8776);
#8774 = CARTESIAN_POINT('',(-6.364810377352,5.839548119085,2.));
#8775 = DIRECTION('',(-0.,0.,-1.));
#8776 = DIRECTION('',(-1.,0.,0.));
#8777 = PCURVE('',#1243,#8778);
#8778 = DEFINITIONAL_REPRESENTATION('',(#8779),#8787);
#8779 = ( BOUNDED_CURVE() B_SPLINE_CURVE(2,(#8780,#8781,#8782,#8783,
#8784,#8785,#8786),.UNSPECIFIED.,.T.,.F.) B_SPLINE_CURVE_WITH_KNOTS((1,2
    ,2,2,2,1),(-2.094395102393,0.,2.094395102393,4.188790204786,
6.28318530718,8.377580409573),.UNSPECIFIED.) CURVE() 
GEOMETRIC_REPRESENTATION_ITEM() RATIONAL_B_SPLINE_CURVE((1.,0.5,1.,0.5,
1.,0.5,1.)) REPRESENTATION_ITEM('') );
#8780 = CARTESIAN_POINT('',(1.,0.));
#8781 = CARTESIAN_POINT('',(1.,-1.732050807569));
#8782 = CARTESIAN_POINT('',(-0.5,-0.866025403784));
#8783 = CARTESIAN_POINT('',(-2.,-2.449293598295E-16));
#8784 = CARTESIAN_POINT('',(-0.5,0.866025403784));
#8785 = CARTESIAN_POINT('',(1.,1.732050807569));
#8786 = CARTESIAN_POINT('',(1.,0.));
#8787 = ( GEOMETRIC_REPRESENTATION_CONTEXT(2) 
PARAMETRIC_REPRESENTATION_CONTEXT() REPRESENTATION_CONTEXT('2D SPACE',''
  ) );
#8788 = PCURVE('',#1313,#8789);
#8789 = DEFINITIONAL_REPRESENTATION('',(#8790),#8794);
#8790 = LINE('',#8791,#8792);
#8791 = CARTESIAN_POINT('',(0.,0.));
#8792 = VECTOR('',#8793,1.);
#8793 = DIRECTION('',(1.,0.));
#8794 = ( GEOMETRIC_REPRESENTATION_CONTEXT(2) 
PARAMETRIC_REPRESENTATION_CONTEXT() REPRESENTATION_CONTEXT('2D SPACE',''
  ) );
#8795 = ORIENTED_EDGE('',*,*,#1262,.F.);
#8796 = ORIENTED_EDGE('',*,*,#8797,.F.);
#8797 = EDGE_CURVE('',#5782,#1263,#8798,.T.);
#8798 = SURFACE_CURVE('',#8799,(#8803,#8810),.PCURVE_S1.);
#8799 = LINE('',#8800,#8801);
#8800 = CARTESIAN_POINT('',(-5.922252701712,3.069439760183,2.));
#8801 = VECTOR('',#8802,1.);
#8802 = DIRECTION('',(-0.499409010665,0.866366342875,0.));
#8803 = PCURVE('',#1243,#8804);
#8804 = DEFINITIONAL_REPRESENTATION('',(#8805),#8809);
#8805 = LINE('',#8806,#8807);
#8806 = CARTESIAN_POINT('',(-0.44255767564,2.770108358902));
#8807 = VECTOR('',#8808,1.);
#8808 = DIRECTION('',(0.499409010665,-0.866366342875));
#8809 = ( GEOMETRIC_REPRESENTATION_CONTEXT(2) 
PARAMETRIC_REPRESENTATION_CONTEXT() REPRESENTATION_CONTEXT('2D SPACE',''
  ) );
#8810 = PCURVE('',#1367,#8811);
#8811 = DEFINITIONAL_REPRESENTATION('',(#8812),#8816);
#8812 = LINE('',#8813,#8814);
#8813 = CARTESIAN_POINT('',(0.,0.));
#8814 = VECTOR('',#8815,1.);
#8815 = DIRECTION('',(-1.,0.));
#8816 = ( GEOMETRIC_REPRESENTATION_CONTEXT(2) 
PARAMETRIC_REPRESENTATION_CONTEXT() REPRESENTATION_CONTEXT('2D SPACE',''
  ) );
#8817 = ORIENTED_EDGE('',*,*,#5781,.T.);
#8818 = ORIENTED_EDGE('',*,*,#8819,.T.);
#8819 = EDGE_CURVE('',#5784,#8820,#8822,.T.);
#8820 = VERTEX_POINT('',#8821);
#8821 = CARTESIAN_POINT('',(-7.144540085939,5.390080009486,2.));
#8822 = SURFACE_CURVE('',#8823,(#8827,#8834),.PCURVE_S1.);
#8823 = LINE('',#8824,#8825);
#8824 = CARTESIAN_POINT('',(-5.835616067425,3.119380661249,2.));
#8825 = VECTOR('',#8826,1.);
#8826 = DIRECTION('',(-0.499409010665,0.866366342875,0.));
#8827 = PCURVE('',#1243,#8828);
#8828 = DEFINITIONAL_REPRESENTATION('',(#8829),#8833);
#8829 = LINE('',#8830,#8831);
#8830 = CARTESIAN_POINT('',(-0.529194309927,2.720167457836));
#8831 = VECTOR('',#8832,1.);
#8832 = DIRECTION('',(0.499409010665,-0.866366342875));
#8833 = ( GEOMETRIC_REPRESENTATION_CONTEXT(2) 
PARAMETRIC_REPRESENTATION_CONTEXT() REPRESENTATION_CONTEXT('2D SPACE',''
  ) );
#8834 = PCURVE('',#5866,#8835);
#8835 = DEFINITIONAL_REPRESENTATION('',(#8836),#8840);
#8836 = LINE('',#8837,#8838);
#8837 = CARTESIAN_POINT('',(0.,0.));
#8838 = VECTOR('',#8839,1.);
#8839 = DIRECTION('',(-1.,0.));
#8840 = ( GEOMETRIC_REPRESENTATION_CONTEXT(2) 
PARAMETRIC_REPRESENTATION_CONTEXT() REPRESENTATION_CONTEXT('2D SPACE',''
  ) );
#8841 = ORIENTED_EDGE('',*,*,#8842,.T.);
#8842 = EDGE_CURVE('',#8820,#1201,#8843,.T.);
#8843 = SURFACE_CURVE('',#8844,(#8849,#8860),.PCURVE_S1.);
#8844 = CIRCLE('',#8845,0.9);
#8845 = AXIS2_PLACEMENT_3D('',#8846,#8847,#8848);
#8846 = CARTESIAN_POINT('',(-6.364810377352,5.839548119085,2.));
#8847 = DIRECTION('',(-0.,0.,-1.));
#8848 = DIRECTION('',(-1.,0.,0.));
#8849 = PCURVE('',#1243,#8850);
#8850 = DEFINITIONAL_REPRESENTATION('',(#8851),#8859);
#8851 = ( BOUNDED_CURVE() B_SPLINE_CURVE(2,(#8852,#8853,#8854,#8855,
#8856,#8857,#8858),.UNSPECIFIED.,.T.,.F.) B_SPLINE_CURVE_WITH_KNOTS((1,2
    ,2,2,2,1),(-2.094395102393,0.,2.094395102393,4.188790204786,
6.28318530718,8.377580409573),.UNSPECIFIED.) CURVE() 
GEOMETRIC_REPRESENTATION_ITEM() RATIONAL_B_SPLINE_CURVE((1.,0.5,1.,0.5,
1.,0.5,1.)) REPRESENTATION_ITEM('') );
#8852 = CARTESIAN_POINT('',(0.9,0.));
#8853 = CARTESIAN_POINT('',(0.9,-1.558845726812));
#8854 = CARTESIAN_POINT('',(-0.45,-0.779422863406));
#8855 = CARTESIAN_POINT('',(-1.8,-2.204364238465E-16));
#8856 = CARTESIAN_POINT('',(-0.45,0.779422863406));
#8857 = CARTESIAN_POINT('',(0.9,1.558845726812));
#8858 = CARTESIAN_POINT('',(0.9,0.));
#8859 = ( GEOMETRIC_REPRESENTATION_CONTEXT(2) 
PARAMETRIC_REPRESENTATION_CONTEXT() REPRESENTATION_CONTEXT('2D SPACE',''
  ) );
#8860 = PCURVE('',#1216,#8861);
#8861 = DEFINITIONAL_REPRESENTATION('',(#8862),#8866);
#8862 = LINE('',#8863,#8864);
#8863 = CARTESIAN_POINT('',(0.,0.));
#8864 = VECTOR('',#8865,1.);
#8865 = DIRECTION('',(1.,0.));
#8866 = ( GEOMETRIC_REPRESENTATION_CONTEXT(2) 
PARAMETRIC_REPRESENTATION_CONTEXT() REPRESENTATION_CONTEXT('2D SPACE',''
  ) );
#8867 = ORIENTED_EDGE('',*,*,#1228,.T.);
#8868 = ORIENTED_EDGE('',*,*,#8721,.T.);
#8869 = ORIENTED_EDGE('',*,*,#6015,.F.);
#8870 = ORIENTED_EDGE('',*,*,#2093,.F.);
#8871 = ORIENTED_EDGE('',*,*,#8872,.T.);
#8872 = EDGE_CURVE('',#2066,#8873,#8875,.T.);
#8873 = VERTEX_POINT('',#8874);
#8874 = CARTESIAN_POINT('',(-6.793972446908,8.346346725168,2.));
#8875 = SURFACE_CURVE('',#8876,(#8880,#8887),.PCURVE_S1.);
#8876 = LINE('',#8877,#8878);
#8877 = CARTESIAN_POINT('',(-6.364810377352,8.346346725168,2.));
#8878 = VECTOR('',#8879,1.);
#8879 = DIRECTION('',(1.,0.,0.));
#8880 = PCURVE('',#1243,#8881);
#8881 = DEFINITIONAL_REPRESENTATION('',(#8882),#8886);
#8882 = LINE('',#8883,#8884);
#8883 = CARTESIAN_POINT('',(0.,-2.506798606083));
#8884 = VECTOR('',#8885,1.);
#8885 = DIRECTION('',(-1.,0.));
#8886 = ( GEOMETRIC_REPRESENTATION_CONTEXT(2) 
PARAMETRIC_REPRESENTATION_CONTEXT() REPRESENTATION_CONTEXT('2D SPACE',''
  ) );
#8887 = PCURVE('',#2081,#8888);
#8888 = DEFINITIONAL_REPRESENTATION('',(#8889),#8893);
#8889 = LINE('',#8890,#8891);
#8890 = CARTESIAN_POINT('',(3.25,0.429162069555));
#8891 = VECTOR('',#8892,1.);
#8892 = DIRECTION('',(0.,1.));
#8893 = ( GEOMETRIC_REPRESENTATION_CONTEXT(2) 
PARAMETRIC_REPRESENTATION_CONTEXT() REPRESENTATION_CONTEXT('2D SPACE',''
  ) );
#8894 = ORIENTED_EDGE('',*,*,#8895,.F.);
#8895 = EDGE_CURVE('',#8896,#8873,#8898,.T.);
#8896 = VERTEX_POINT('',#8897);
#8897 = CARTESIAN_POINT('',(-6.793972446908,7.981702427409,2.));
#8898 = SURFACE_CURVE('',#8899,(#8903,#8910),.PCURVE_S1.);
#8899 = LINE('',#8900,#8901);
#8900 = CARTESIAN_POINT('',(-6.793972446908,5.839548119085,2.));
#8901 = VECTOR('',#8902,1.);
#8902 = DIRECTION('',(0.,1.,0.));
#8903 = PCURVE('',#1243,#8904);
#8904 = DEFINITIONAL_REPRESENTATION('',(#8905),#8909);
#8905 = LINE('',#8906,#8907);
#8906 = CARTESIAN_POINT('',(0.429162069555,0.));
#8907 = VECTOR('',#8908,1.);
#8908 = DIRECTION('',(0.,-1.));
#8909 = ( GEOMETRIC_REPRESENTATION_CONTEXT(2) 
PARAMETRIC_REPRESENTATION_CONTEXT() REPRESENTATION_CONTEXT('2D SPACE',''
  ) );
#8910 = PCURVE('',#8911,#8916);
#8911 = PLANE('',#8912);
#8912 = AXIS2_PLACEMENT_3D('',#8913,#8914,#8915);
#8913 = CARTESIAN_POINT('',(-6.793972446908,8.346346725168,5.25));
#8914 = DIRECTION('',(1.,0.,0.));
#8915 = DIRECTION('',(0.,0.,-1.));
#8916 = DEFINITIONAL_REPRESENTATION('',(#8917),#8921);
#8917 = LINE('',#8918,#8919);
#8918 = CARTESIAN_POINT('',(3.25,-2.506798606083));
#8919 = VECTOR('',#8920,1.);
#8920 = DIRECTION('',(0.,1.));
#8921 = ( GEOMETRIC_REPRESENTATION_CONTEXT(2) 
PARAMETRIC_REPRESENTATION_CONTEXT() REPRESENTATION_CONTEXT('2D SPACE',''
  ) );
#8922 = ORIENTED_EDGE('',*,*,#8923,.F.);
#8923 = EDGE_CURVE('',#8625,#8896,#8924,.T.);
#8924 = SURFACE_CURVE('',#8925,(#8929,#8936),.PCURVE_S1.);
#8925 = LINE('',#8926,#8927);
#8926 = CARTESIAN_POINT('',(-6.364810377352,7.981702427409,2.));
#8927 = VECTOR('',#8928,1.);
#8928 = DIRECTION('',(1.,0.,0.));
#8929 = PCURVE('',#1243,#8930);
#8930 = DEFINITIONAL_REPRESENTATION('',(#8931),#8935);
#8931 = LINE('',#8932,#8933);
#8932 = CARTESIAN_POINT('',(0.,-2.142154308324));
#8933 = VECTOR('',#8934,1.);
#8934 = DIRECTION('',(-1.,0.));
#8935 = ( GEOMETRIC_REPRESENTATION_CONTEXT(2) 
PARAMETRIC_REPRESENTATION_CONTEXT() REPRESENTATION_CONTEXT('2D SPACE',''
  ) );
#8936 = PCURVE('',#8663,#8937);
#8937 = DEFINITIONAL_REPRESENTATION('',(#8938),#8942);
#8938 = LINE('',#8939,#8940);
#8939 = CARTESIAN_POINT('',(3.25,0.429162069555));
#8940 = VECTOR('',#8941,1.);
#8941 = DIRECTION('',(0.,1.));
#8942 = ( GEOMETRIC_REPRESENTATION_CONTEXT(2) 
PARAMETRIC_REPRESENTATION_CONTEXT() REPRESENTATION_CONTEXT('2D SPACE',''
  ) );
#8943 = ORIENTED_EDGE('',*,*,#8624,.F.);
#8944 = ORIENTED_EDGE('',*,*,#8945,.F.);
#8945 = EDGE_CURVE('',#8946,#8590,#8948,.T.);
#8946 = VERTEX_POINT('',#8947);
#8947 = CARTESIAN_POINT('',(-6.915520546161,7.509015374759,2.));
#8948 = SURFACE_CURVE('',#8949,(#8953,#8960),.PCURVE_S1.);
#8949 = LINE('',#8950,#8951);
#8950 = CARTESIAN_POINT('',(-6.915520546161,5.839548119085,2.));
#8951 = VECTOR('',#8952,1.);
#8952 = DIRECTION('',(0.,1.,0.));
#8953 = PCURVE('',#1243,#8954);
#8954 = DEFINITIONAL_REPRESENTATION('',(#8955),#8959);
#8955 = LINE('',#8956,#8957);
#8956 = CARTESIAN_POINT('',(0.550710168808,0.));
#8957 = VECTOR('',#8958,1.);
#8958 = DIRECTION('',(0.,-1.));
#8959 = ( GEOMETRIC_REPRESENTATION_CONTEXT(2) 
PARAMETRIC_REPRESENTATION_CONTEXT() REPRESENTATION_CONTEXT('2D SPACE',''
  ) );
#8960 = PCURVE('',#8612,#8961);
#8961 = DEFINITIONAL_REPRESENTATION('',(#8962),#8966);
#8962 = LINE('',#8963,#8964);
#8963 = CARTESIAN_POINT('',(3.25,-2.142154308324));
#8964 = VECTOR('',#8965,1.);
#8965 = DIRECTION('',(0.,1.));
#8966 = ( GEOMETRIC_REPRESENTATION_CONTEXT(2) 
PARAMETRIC_REPRESENTATION_CONTEXT() REPRESENTATION_CONTEXT('2D SPACE',''
  ) );
#8967 = ORIENTED_EDGE('',*,*,#8968,.F.);
#8968 = EDGE_CURVE('',#1961,#8946,#8969,.T.);
#8969 = SURFACE_CURVE('',#8970,(#8974,#8981),.PCURVE_S1.);
#8970 = LINE('',#8971,#8972);
#8971 = CARTESIAN_POINT('',(-6.364810377352,7.509015374759,2.));
#8972 = VECTOR('',#8973,1.);
#8973 = DIRECTION('',(1.,0.,0.));
#8974 = PCURVE('',#1243,#8975);
#8975 = DEFINITIONAL_REPRESENTATION('',(#8976),#8980);
#8976 = LINE('',#8977,#8978);
#8977 = CARTESIAN_POINT('',(0.,-1.669467255674));
#8978 = VECTOR('',#8979,1.);
#8979 = DIRECTION('',(-1.,0.));
#8980 = ( GEOMETRIC_REPRESENTATION_CONTEXT(2) 
PARAMETRIC_REPRESENTATION_CONTEXT() REPRESENTATION_CONTEXT('2D SPACE',''
  ) );
#8981 = PCURVE('',#1999,#8982);
#8982 = DEFINITIONAL_REPRESENTATION('',(#8983),#8987);
#8983 = LINE('',#8984,#8985);
#8984 = CARTESIAN_POINT('',(3.25,0.550710168808));
#8985 = VECTOR('',#8986,1.);
#8986 = DIRECTION('',(0.,1.));
#8987 = ( GEOMETRIC_REPRESENTATION_CONTEXT(2) 
PARAMETRIC_REPRESENTATION_CONTEXT() REPRESENTATION_CONTEXT('2D SPACE',''
  ) );
#8988 = ORIENTED_EDGE('',*,*,#1960,.F.);
#8989 = ORIENTED_EDGE('',*,*,#8990,.F.);
#8990 = EDGE_CURVE('',#8991,#1926,#8993,.T.);
#8991 = VERTEX_POINT('',#8992);
#8992 = CARTESIAN_POINT('',(-7.077584678498,6.932787348671,2.));
#8993 = SURFACE_CURVE('',#8994,(#8998,#9005),.PCURVE_S1.);
#8994 = LINE('',#8995,#8996);
#8995 = CARTESIAN_POINT('',(-7.077584678498,5.839548119085,2.));
#8996 = VECTOR('',#8997,1.);
#8997 = DIRECTION('',(0.,1.,0.));
#8998 = PCURVE('',#1243,#8999);
#8999 = DEFINITIONAL_REPRESENTATION('',(#9000),#9004);
#9000 = LINE('',#9001,#9002);
#9001 = CARTESIAN_POINT('',(0.712774301146,0.));
#9002 = VECTOR('',#9003,1.);
#9003 = DIRECTION('',(0.,-1.));
#9004 = ( GEOMETRIC_REPRESENTATION_CONTEXT(2) 
PARAMETRIC_REPRESENTATION_CONTEXT() REPRESENTATION_CONTEXT('2D SPACE',''
  ) );
#9005 = PCURVE('',#1948,#9006);
#9006 = DEFINITIONAL_REPRESENTATION('',(#9007),#9011);
#9007 = LINE('',#9008,#9009);
#9008 = CARTESIAN_POINT('',(3.25,-1.669467255674));
#9009 = VECTOR('',#9010,1.);
#9010 = DIRECTION('',(0.,1.));
#9011 = ( GEOMETRIC_REPRESENTATION_CONTEXT(2) 
PARAMETRIC_REPRESENTATION_CONTEXT() REPRESENTATION_CONTEXT('2D SPACE',''
  ) );
#9012 = ORIENTED_EDGE('',*,*,#9013,.F.);
#9013 = EDGE_CURVE('',#1851,#8991,#9014,.T.);
#9014 = SURFACE_CURVE('',#9015,(#9019,#9026),.PCURVE_S1.);
#9015 = LINE('',#9016,#9017);
#9016 = CARTESIAN_POINT('',(-6.364810377352,6.932787348671,2.));
#9017 = VECTOR('',#9018,1.);
#9018 = DIRECTION('',(1.,0.,0.));
#9019 = PCURVE('',#1243,#9020);
#9020 = DEFINITIONAL_REPRESENTATION('',(#9021),#9025);
#9021 = LINE('',#9022,#9023);
#9022 = CARTESIAN_POINT('',(0.,-1.093239229586));
#9023 = VECTOR('',#9024,1.);
#9024 = DIRECTION('',(-1.,0.));
#9025 = ( GEOMETRIC_REPRESENTATION_CONTEXT(2) 
PARAMETRIC_REPRESENTATION_CONTEXT() REPRESENTATION_CONTEXT('2D SPACE',''
  ) );
#9026 = PCURVE('',#1889,#9027);
#9027 = DEFINITIONAL_REPRESENTATION('',(#9028),#9032);
#9028 = LINE('',#9029,#9030);
#9029 = CARTESIAN_POINT('',(3.25,0.712774301146));
#9030 = VECTOR('',#9031,1.);
#9031 = DIRECTION('',(0.,1.));
#9032 = ( GEOMETRIC_REPRESENTATION_CONTEXT(2) 
PARAMETRIC_REPRESENTATION_CONTEXT() REPRESENTATION_CONTEXT('2D SPACE',''
  ) );
#9033 = ORIENTED_EDGE('',*,*,#1850,.F.);
#9034 = ORIENTED_EDGE('',*,*,#9035,.F.);
#9035 = EDGE_CURVE('',#8747,#1816,#9036,.T.);
#9036 = SURFACE_CURVE('',#9037,(#9041,#9048),.PCURVE_S1.);
#9037 = LINE('',#9038,#9039);
#9038 = CARTESIAN_POINT('',(-7.212638122112,5.839548119085,2.));
#9039 = VECTOR('',#9040,1.);
#9040 = DIRECTION('',(0.,1.,0.));
#9041 = PCURVE('',#1243,#9042);
#9042 = DEFINITIONAL_REPRESENTATION('',(#9043),#9047);
#9043 = LINE('',#9044,#9045);
#9044 = CARTESIAN_POINT('',(0.84782774476,0.));
#9045 = VECTOR('',#9046,1.);
#9046 = DIRECTION('',(0.,-1.));
#9047 = ( GEOMETRIC_REPRESENTATION_CONTEXT(2) 
PARAMETRIC_REPRESENTATION_CONTEXT() REPRESENTATION_CONTEXT('2D SPACE',''
  ) );
#9048 = PCURVE('',#1838,#9049);
#9049 = DEFINITIONAL_REPRESENTATION('',(#9050),#9054);
#9050 = LINE('',#9051,#9052);
#9051 = CARTESIAN_POINT('',(3.25,-1.093239229586));
#9052 = VECTOR('',#9053,1.);
#9053 = DIRECTION('',(0.,1.));
#9054 = ( GEOMETRIC_REPRESENTATION_CONTEXT(2) 
PARAMETRIC_REPRESENTATION_CONTEXT() REPRESENTATION_CONTEXT('2D SPACE',''
  ) );
#9055 = ADVANCED_FACE('',(#9056),#1184,.F.);
#9056 = FACE_BOUND('',#9057,.T.);
#9057 = EDGE_LOOP('',(#9058,#9059,#9082,#9103,#9104,#9127,#9148,#9149,
    #9172,#9193,#9194,#9217,#9240,#9261,#9262,#9263,#9264,#9265,#9293,
    #9314,#9315,#9336,#9337));
#9058 = ORIENTED_EDGE('',*,*,#1745,.T.);
#9059 = ORIENTED_EDGE('',*,*,#9060,.T.);
#9060 = EDGE_CURVE('',#1711,#9061,#9063,.T.);
#9061 = VERTEX_POINT('',#9062);
#9062 = CARTESIAN_POINT('',(-7.212638122112,6.356559322583,-2.));
#9063 = SURFACE_CURVE('',#9064,(#9068,#9075),.PCURVE_S1.);
#9064 = LINE('',#9065,#9066);
#9065 = CARTESIAN_POINT('',(-6.364810377352,6.356559322583,-2.));
#9066 = VECTOR('',#9067,1.);
#9067 = DIRECTION('',(1.,0.,0.));
#9068 = PCURVE('',#1184,#9069);
#9069 = DEFINITIONAL_REPRESENTATION('',(#9070),#9074);
#9070 = LINE('',#9071,#9072);
#9071 = CARTESIAN_POINT('',(0.,-0.517011203498));
#9072 = VECTOR('',#9073,1.);
#9073 = DIRECTION('',(-1.,0.));
#9074 = ( GEOMETRIC_REPRESENTATION_CONTEXT(2) 
PARAMETRIC_REPRESENTATION_CONTEXT() REPRESENTATION_CONTEXT('2D SPACE',''
  ) );
#9075 = PCURVE('',#1733,#9076);
#9076 = DEFINITIONAL_REPRESENTATION('',(#9077),#9081);
#9077 = LINE('',#9078,#9079);
#9078 = CARTESIAN_POINT('',(7.25,0.84782774476));
#9079 = VECTOR('',#9080,1.);
#9080 = DIRECTION('',(0.,1.));
#9081 = ( GEOMETRIC_REPRESENTATION_CONTEXT(2) 
PARAMETRIC_REPRESENTATION_CONTEXT() REPRESENTATION_CONTEXT('2D SPACE',''
  ) );
#9082 = ORIENTED_EDGE('',*,*,#9083,.T.);
#9083 = EDGE_CURVE('',#9061,#1818,#9084,.T.);
#9084 = SURFACE_CURVE('',#9085,(#9089,#9096),.PCURVE_S1.);
#9085 = LINE('',#9086,#9087);
#9086 = CARTESIAN_POINT('',(-7.212638122112,5.839548119085,-2.));
#9087 = VECTOR('',#9088,1.);
#9088 = DIRECTION('',(0.,1.,0.));
#9089 = PCURVE('',#1184,#9090);
#9090 = DEFINITIONAL_REPRESENTATION('',(#9091),#9095);
#9091 = LINE('',#9092,#9093);
#9092 = CARTESIAN_POINT('',(0.84782774476,0.));
#9093 = VECTOR('',#9094,1.);
#9094 = DIRECTION('',(0.,-1.));
#9095 = ( GEOMETRIC_REPRESENTATION_CONTEXT(2) 
PARAMETRIC_REPRESENTATION_CONTEXT() REPRESENTATION_CONTEXT('2D SPACE',''
  ) );
#9096 = PCURVE('',#1838,#9097);
#9097 = DEFINITIONAL_REPRESENTATION('',(#9098),#9102);
#9098 = LINE('',#9099,#9100);
#9099 = CARTESIAN_POINT('',(7.25,-1.093239229586));
#9100 = VECTOR('',#9101,1.);
#9101 = DIRECTION('',(0.,1.));
#9102 = ( GEOMETRIC_REPRESENTATION_CONTEXT(2) 
PARAMETRIC_REPRESENTATION_CONTEXT() REPRESENTATION_CONTEXT('2D SPACE',''
  ) );
#9103 = ORIENTED_EDGE('',*,*,#1901,.T.);
#9104 = ORIENTED_EDGE('',*,*,#9105,.T.);
#9105 = EDGE_CURVE('',#1874,#9106,#9108,.T.);
#9106 = VERTEX_POINT('',#9107);
#9107 = CARTESIAN_POINT('',(-7.077584678498,6.932787348671,-2.));
#9108 = SURFACE_CURVE('',#9109,(#9113,#9120),.PCURVE_S1.);
#9109 = LINE('',#9110,#9111);
#9110 = CARTESIAN_POINT('',(-6.364810377352,6.932787348671,-2.));
#9111 = VECTOR('',#9112,1.);
#9112 = DIRECTION('',(1.,0.,0.));
#9113 = PCURVE('',#1184,#9114);
#9114 = DEFINITIONAL_REPRESENTATION('',(#9115),#9119);
#9115 = LINE('',#9116,#9117);
#9116 = CARTESIAN_POINT('',(0.,-1.093239229586));
#9117 = VECTOR('',#9118,1.);
#9118 = DIRECTION('',(-1.,0.));
#9119 = ( GEOMETRIC_REPRESENTATION_CONTEXT(2) 
PARAMETRIC_REPRESENTATION_CONTEXT() REPRESENTATION_CONTEXT('2D SPACE',''
  ) );
#9120 = PCURVE('',#1889,#9121);
#9121 = DEFINITIONAL_REPRESENTATION('',(#9122),#9126);
#9122 = LINE('',#9123,#9124);
#9123 = CARTESIAN_POINT('',(7.25,0.712774301146));
#9124 = VECTOR('',#9125,1.);
#9125 = DIRECTION('',(0.,1.));
#9126 = ( GEOMETRIC_REPRESENTATION_CONTEXT(2) 
PARAMETRIC_REPRESENTATION_CONTEXT() REPRESENTATION_CONTEXT('2D SPACE',''
  ) );
#9127 = ORIENTED_EDGE('',*,*,#9128,.T.);
#9128 = EDGE_CURVE('',#9106,#1928,#9129,.T.);
#9129 = SURFACE_CURVE('',#9130,(#9134,#9141),.PCURVE_S1.);
#9130 = LINE('',#9131,#9132);
#9131 = CARTESIAN_POINT('',(-7.077584678498,5.839548119085,-2.));
#9132 = VECTOR('',#9133,1.);
#9133 = DIRECTION('',(0.,1.,0.));
#9134 = PCURVE('',#1184,#9135);
#9135 = DEFINITIONAL_REPRESENTATION('',(#9136),#9140);
#9136 = LINE('',#9137,#9138);
#9137 = CARTESIAN_POINT('',(0.712774301146,0.));
#9138 = VECTOR('',#9139,1.);
#9139 = DIRECTION('',(0.,-1.));
#9140 = ( GEOMETRIC_REPRESENTATION_CONTEXT(2) 
PARAMETRIC_REPRESENTATION_CONTEXT() REPRESENTATION_CONTEXT('2D SPACE',''
  ) );
#9141 = PCURVE('',#1948,#9142);
#9142 = DEFINITIONAL_REPRESENTATION('',(#9143),#9147);
#9143 = LINE('',#9144,#9145);
#9144 = CARTESIAN_POINT('',(7.25,-1.669467255674));
#9145 = VECTOR('',#9146,1.);
#9146 = DIRECTION('',(0.,1.));
#9147 = ( GEOMETRIC_REPRESENTATION_CONTEXT(2) 
PARAMETRIC_REPRESENTATION_CONTEXT() REPRESENTATION_CONTEXT('2D SPACE',''
  ) );
#9148 = ORIENTED_EDGE('',*,*,#2011,.T.);
#9149 = ORIENTED_EDGE('',*,*,#9150,.T.);
#9150 = EDGE_CURVE('',#1984,#9151,#9153,.T.);
#9151 = VERTEX_POINT('',#9152);
#9152 = CARTESIAN_POINT('',(-6.915520546161,7.509015374759,-2.));
#9153 = SURFACE_CURVE('',#9154,(#9158,#9165),.PCURVE_S1.);
#9154 = LINE('',#9155,#9156);
#9155 = CARTESIAN_POINT('',(-6.364810377352,7.509015374759,-2.));
#9156 = VECTOR('',#9157,1.);
#9157 = DIRECTION('',(1.,0.,0.));
#9158 = PCURVE('',#1184,#9159);
#9159 = DEFINITIONAL_REPRESENTATION('',(#9160),#9164);
#9160 = LINE('',#9161,#9162);
#9161 = CARTESIAN_POINT('',(0.,-1.669467255674));
#9162 = VECTOR('',#9163,1.);
#9163 = DIRECTION('',(-1.,0.));
#9164 = ( GEOMETRIC_REPRESENTATION_CONTEXT(2) 
PARAMETRIC_REPRESENTATION_CONTEXT() REPRESENTATION_CONTEXT('2D SPACE',''
  ) );
#9165 = PCURVE('',#1999,#9166);
#9166 = DEFINITIONAL_REPRESENTATION('',(#9167),#9171);
#9167 = LINE('',#9168,#9169);
#9168 = CARTESIAN_POINT('',(7.25,0.550710168808));
#9169 = VECTOR('',#9170,1.);
#9170 = DIRECTION('',(0.,1.));
#9171 = ( GEOMETRIC_REPRESENTATION_CONTEXT(2) 
PARAMETRIC_REPRESENTATION_CONTEXT() REPRESENTATION_CONTEXT('2D SPACE',''
  ) );
#9172 = ORIENTED_EDGE('',*,*,#9173,.T.);
#9173 = EDGE_CURVE('',#9151,#8592,#9174,.T.);
#9174 = SURFACE_CURVE('',#9175,(#9179,#9186),.PCURVE_S1.);
#9175 = LINE('',#9176,#9177);
#9176 = CARTESIAN_POINT('',(-6.915520546161,5.839548119085,-2.));
#9177 = VECTOR('',#9178,1.);
#9178 = DIRECTION('',(0.,1.,0.));
#9179 = PCURVE('',#1184,#9180);
#9180 = DEFINITIONAL_REPRESENTATION('',(#9181),#9185);
#9181 = LINE('',#9182,#9183);
#9182 = CARTESIAN_POINT('',(0.550710168808,0.));
#9183 = VECTOR('',#9184,1.);
#9184 = DIRECTION('',(0.,-1.));
#9185 = ( GEOMETRIC_REPRESENTATION_CONTEXT(2) 
PARAMETRIC_REPRESENTATION_CONTEXT() REPRESENTATION_CONTEXT('2D SPACE',''
  ) );
#9186 = PCURVE('',#8612,#9187);
#9187 = DEFINITIONAL_REPRESENTATION('',(#9188),#9192);
#9188 = LINE('',#9189,#9190);
#9189 = CARTESIAN_POINT('',(7.25,-2.142154308324));
#9190 = VECTOR('',#9191,1.);
#9191 = DIRECTION('',(0.,1.));
#9192 = ( GEOMETRIC_REPRESENTATION_CONTEXT(2) 
PARAMETRIC_REPRESENTATION_CONTEXT() REPRESENTATION_CONTEXT('2D SPACE',''
  ) );
#9193 = ORIENTED_EDGE('',*,*,#8675,.T.);
#9194 = ORIENTED_EDGE('',*,*,#9195,.T.);
#9195 = EDGE_CURVE('',#8648,#9196,#9198,.T.);
#9196 = VERTEX_POINT('',#9197);
#9197 = CARTESIAN_POINT('',(-6.793972446908,7.981702427409,-2.));
#9198 = SURFACE_CURVE('',#9199,(#9203,#9210),.PCURVE_S1.);
#9199 = LINE('',#9200,#9201);
#9200 = CARTESIAN_POINT('',(-6.364810377352,7.981702427409,-2.));
#9201 = VECTOR('',#9202,1.);
#9202 = DIRECTION('',(1.,0.,0.));
#9203 = PCURVE('',#1184,#9204);
#9204 = DEFINITIONAL_REPRESENTATION('',(#9205),#9209);
#9205 = LINE('',#9206,#9207);
#9206 = CARTESIAN_POINT('',(0.,-2.142154308324));
#9207 = VECTOR('',#9208,1.);
#9208 = DIRECTION('',(-1.,0.));
#9209 = ( GEOMETRIC_REPRESENTATION_CONTEXT(2) 
PARAMETRIC_REPRESENTATION_CONTEXT() REPRESENTATION_CONTEXT('2D SPACE',''
  ) );
#9210 = PCURVE('',#8663,#9211);
#9211 = DEFINITIONAL_REPRESENTATION('',(#9212),#9216);
#9212 = LINE('',#9213,#9214);
#9213 = CARTESIAN_POINT('',(7.25,0.429162069555));
#9214 = VECTOR('',#9215,1.);
#9215 = DIRECTION('',(0.,1.));
#9216 = ( GEOMETRIC_REPRESENTATION_CONTEXT(2) 
PARAMETRIC_REPRESENTATION_CONTEXT() REPRESENTATION_CONTEXT('2D SPACE',''
  ) );
#9217 = ORIENTED_EDGE('',*,*,#9218,.T.);
#9218 = EDGE_CURVE('',#9196,#9219,#9221,.T.);
#9219 = VERTEX_POINT('',#9220);
#9220 = CARTESIAN_POINT('',(-6.793972446908,8.346346725168,-2.));
#9221 = SURFACE_CURVE('',#9222,(#9226,#9233),.PCURVE_S1.);
#9222 = LINE('',#9223,#9224);
#9223 = CARTESIAN_POINT('',(-6.793972446908,5.839548119085,-2.));
#9224 = VECTOR('',#9225,1.);
#9225 = DIRECTION('',(0.,1.,0.));
#9226 = PCURVE('',#1184,#9227);
#9227 = DEFINITIONAL_REPRESENTATION('',(#9228),#9232);
#9228 = LINE('',#9229,#9230);
#9229 = CARTESIAN_POINT('',(0.429162069555,0.));
#9230 = VECTOR('',#9231,1.);
#9231 = DIRECTION('',(0.,-1.));
#9232 = ( GEOMETRIC_REPRESENTATION_CONTEXT(2) 
PARAMETRIC_REPRESENTATION_CONTEXT() REPRESENTATION_CONTEXT('2D SPACE',''
  ) );
#9233 = PCURVE('',#8911,#9234);
#9234 = DEFINITIONAL_REPRESENTATION('',(#9235),#9239);
#9235 = LINE('',#9236,#9237);
#9236 = CARTESIAN_POINT('',(7.25,-2.506798606083));
#9237 = VECTOR('',#9238,1.);
#9238 = DIRECTION('',(0.,1.));
#9239 = ( GEOMETRIC_REPRESENTATION_CONTEXT(2) 
PARAMETRIC_REPRESENTATION_CONTEXT() REPRESENTATION_CONTEXT('2D SPACE',''
  ) );
#9240 = ORIENTED_EDGE('',*,*,#9241,.F.);
#9241 = EDGE_CURVE('',#2036,#9219,#9242,.T.);
#9242 = SURFACE_CURVE('',#9243,(#9247,#9254),.PCURVE_S1.);
#9243 = LINE('',#9244,#9245);
#9244 = CARTESIAN_POINT('',(-6.364810377352,8.346346725168,-2.));
#9245 = VECTOR('',#9246,1.);
#9246 = DIRECTION('',(1.,0.,0.));
#9247 = PCURVE('',#1184,#9248);
#9248 = DEFINITIONAL_REPRESENTATION('',(#9249),#9253);
#9249 = LINE('',#9250,#9251);
#9250 = CARTESIAN_POINT('',(0.,-2.506798606083));
#9251 = VECTOR('',#9252,1.);
#9252 = DIRECTION('',(-1.,0.));
#9253 = ( GEOMETRIC_REPRESENTATION_CONTEXT(2) 
PARAMETRIC_REPRESENTATION_CONTEXT() REPRESENTATION_CONTEXT('2D SPACE',''
  ) );
#9254 = PCURVE('',#2081,#9255);
#9255 = DEFINITIONAL_REPRESENTATION('',(#9256),#9260);
#9256 = LINE('',#9257,#9258);
#9257 = CARTESIAN_POINT('',(7.25,0.429162069555));
#9258 = VECTOR('',#9259,1.);
#9259 = DIRECTION('',(0.,1.));
#9260 = ( GEOMETRIC_REPRESENTATION_CONTEXT(2) 
PARAMETRIC_REPRESENTATION_CONTEXT() REPRESENTATION_CONTEXT('2D SPACE',''
  ) );
#9261 = ORIENTED_EDGE('',*,*,#2035,.T.);
#9262 = ORIENTED_EDGE('',*,*,#6061,.T.);
#9263 = ORIENTED_EDGE('',*,*,#8699,.F.);
#9264 = ORIENTED_EDGE('',*,*,#1167,.F.);
#9265 = ORIENTED_EDGE('',*,*,#9266,.F.);
#9266 = EDGE_CURVE('',#9267,#1168,#9269,.T.);
#9267 = VERTEX_POINT('',#9268);
#9268 = CARTESIAN_POINT('',(-7.144540085939,5.390080009486,-2.));
#9269 = SURFACE_CURVE('',#9270,(#9275,#9286),.PCURVE_S1.);
#9270 = CIRCLE('',#9271,0.9);
#9271 = AXIS2_PLACEMENT_3D('',#9272,#9273,#9274);
#9272 = CARTESIAN_POINT('',(-6.364810377352,5.839548119085,-2.));
#9273 = DIRECTION('',(-0.,0.,-1.));
#9274 = DIRECTION('',(-1.,0.,0.));
#9275 = PCURVE('',#1184,#9276);
#9276 = DEFINITIONAL_REPRESENTATION('',(#9277),#9285);
#9277 = ( BOUNDED_CURVE() B_SPLINE_CURVE(2,(#9278,#9279,#9280,#9281,
#9282,#9283,#9284),.UNSPECIFIED.,.T.,.F.) B_SPLINE_CURVE_WITH_KNOTS((1,2
    ,2,2,2,1),(-2.094395102393,0.,2.094395102393,4.188790204786,
6.28318530718,8.377580409573),.UNSPECIFIED.) CURVE() 
GEOMETRIC_REPRESENTATION_ITEM() RATIONAL_B_SPLINE_CURVE((1.,0.5,1.,0.5,
1.,0.5,1.)) REPRESENTATION_ITEM('') );
#9278 = CARTESIAN_POINT('',(0.9,0.));
#9279 = CARTESIAN_POINT('',(0.9,-1.558845726812));
#9280 = CARTESIAN_POINT('',(-0.45,-0.779422863406));
#9281 = CARTESIAN_POINT('',(-1.8,-2.204364238465E-16));
#9282 = CARTESIAN_POINT('',(-0.45,0.779422863406));
#9283 = CARTESIAN_POINT('',(0.9,1.558845726812));
#9284 = CARTESIAN_POINT('',(0.9,0.));
#9285 = ( GEOMETRIC_REPRESENTATION_CONTEXT(2) 
PARAMETRIC_REPRESENTATION_CONTEXT() REPRESENTATION_CONTEXT('2D SPACE',''
  ) );
#9286 = PCURVE('',#1216,#9287);
#9287 = DEFINITIONAL_REPRESENTATION('',(#9288),#9292);
#9288 = LINE('',#9289,#9290);
#9289 = CARTESIAN_POINT('',(0.,4.));
#9290 = VECTOR('',#9291,1.);
#9291 = DIRECTION('',(1.,0.));
#9292 = ( GEOMETRIC_REPRESENTATION_CONTEXT(2) 
PARAMETRIC_REPRESENTATION_CONTEXT() REPRESENTATION_CONTEXT('2D SPACE',''
  ) );
#9293 = ORIENTED_EDGE('',*,*,#9294,.F.);
#9294 = EDGE_CURVE('',#5830,#9267,#9295,.T.);
#9295 = SURFACE_CURVE('',#9296,(#9300,#9307),.PCURVE_S1.);
#9296 = LINE('',#9297,#9298);
#9297 = CARTESIAN_POINT('',(-5.835616067425,3.119380661249,-2.));
#9298 = VECTOR('',#9299,1.);
#9299 = DIRECTION('',(-0.499409010665,0.866366342875,0.));
#9300 = PCURVE('',#1184,#9301);
#9301 = DEFINITIONAL_REPRESENTATION('',(#9302),#9306);
#9302 = LINE('',#9303,#9304);
#9303 = CARTESIAN_POINT('',(-0.529194309927,2.720167457836));
#9304 = VECTOR('',#9305,1.);
#9305 = DIRECTION('',(0.499409010665,-0.866366342875));
#9306 = ( GEOMETRIC_REPRESENTATION_CONTEXT(2) 
PARAMETRIC_REPRESENTATION_CONTEXT() REPRESENTATION_CONTEXT('2D SPACE',''
  ) );
#9307 = PCURVE('',#5866,#9308);
#9308 = DEFINITIONAL_REPRESENTATION('',(#9309),#9313);
#9309 = LINE('',#9310,#9311);
#9310 = CARTESIAN_POINT('',(0.,-4.));
#9311 = VECTOR('',#9312,1.);
#9312 = DIRECTION('',(-1.,0.));
#9313 = ( GEOMETRIC_REPRESENTATION_CONTEXT(2) 
PARAMETRIC_REPRESENTATION_CONTEXT() REPRESENTATION_CONTEXT('2D SPACE',''
  ) );
#9314 = ORIENTED_EDGE('',*,*,#5829,.F.);
#9315 = ORIENTED_EDGE('',*,*,#9316,.T.);
#9316 = EDGE_CURVE('',#5807,#1326,#9317,.T.);
#9317 = SURFACE_CURVE('',#9318,(#9322,#9329),.PCURVE_S1.);
#9318 = LINE('',#9319,#9320);
#9319 = CARTESIAN_POINT('',(-5.922252701712,3.069439760183,-2.));
#9320 = VECTOR('',#9321,1.);
#9321 = DIRECTION('',(-0.499409010665,0.866366342875,0.));
#9322 = PCURVE('',#1184,#9323);
#9323 = DEFINITIONAL_REPRESENTATION('',(#9324),#9328);
#9324 = LINE('',#9325,#9326);
#9325 = CARTESIAN_POINT('',(-0.44255767564,2.770108358902));
#9326 = VECTOR('',#9327,1.);
#9327 = DIRECTION('',(0.499409010665,-0.866366342875));
#9328 = ( GEOMETRIC_REPRESENTATION_CONTEXT(2) 
PARAMETRIC_REPRESENTATION_CONTEXT() REPRESENTATION_CONTEXT('2D SPACE',''
  ) );
#9329 = PCURVE('',#1367,#9330);
#9330 = DEFINITIONAL_REPRESENTATION('',(#9331),#9335);
#9331 = LINE('',#9332,#9333);
#9332 = CARTESIAN_POINT('',(0.,-4.));
#9333 = VECTOR('',#9334,1.);
#9334 = DIRECTION('',(-1.,0.));
#9335 = ( GEOMETRIC_REPRESENTATION_CONTEXT(2) 
PARAMETRIC_REPRESENTATION_CONTEXT() REPRESENTATION_CONTEXT('2D SPACE',''
  ) );
#9336 = ORIENTED_EDGE('',*,*,#1325,.T.);
#9337 = ORIENTED_EDGE('',*,*,#9338,.T.);
#9338 = EDGE_CURVE('',#1298,#1746,#9339,.T.);
#9339 = SURFACE_CURVE('',#9340,(#9345,#9356),.PCURVE_S1.);
#9340 = CIRCLE('',#9341,1.);
#9341 = AXIS2_PLACEMENT_3D('',#9342,#9343,#9344);
#9342 = CARTESIAN_POINT('',(-6.364810377352,5.839548119085,-2.));
#9343 = DIRECTION('',(-0.,0.,-1.));
#9344 = DIRECTION('',(-1.,0.,0.));
#9345 = PCURVE('',#1184,#9346);
#9346 = DEFINITIONAL_REPRESENTATION('',(#9347),#9355);
#9347 = ( BOUNDED_CURVE() B_SPLINE_CURVE(2,(#9348,#9349,#9350,#9351,
#9352,#9353,#9354),.UNSPECIFIED.,.T.,.F.) B_SPLINE_CURVE_WITH_KNOTS((1,2
    ,2,2,2,1),(-2.094395102393,0.,2.094395102393,4.188790204786,
6.28318530718,8.377580409573),.UNSPECIFIED.) CURVE() 
GEOMETRIC_REPRESENTATION_ITEM() RATIONAL_B_SPLINE_CURVE((1.,0.5,1.,0.5,
1.,0.5,1.)) REPRESENTATION_ITEM('') );
#9348 = CARTESIAN_POINT('',(1.,0.));
#9349 = CARTESIAN_POINT('',(1.,-1.732050807569));
#9350 = CARTESIAN_POINT('',(-0.5,-0.866025403784));
#9351 = CARTESIAN_POINT('',(-2.,-2.449293598295E-16));
#9352 = CARTESIAN_POINT('',(-0.5,0.866025403784));
#9353 = CARTESIAN_POINT('',(1.,1.732050807569));
#9354 = CARTESIAN_POINT('',(1.,0.));
#9355 = ( GEOMETRIC_REPRESENTATION_CONTEXT(2) 
PARAMETRIC_REPRESENTATION_CONTEXT() REPRESENTATION_CONTEXT('2D SPACE',''
  ) );
#9356 = PCURVE('',#1313,#9357);
#9357 = DEFINITIONAL_REPRESENTATION('',(#9358),#9362);
#9358 = LINE('',#9359,#9360);
#9359 = CARTESIAN_POINT('',(0.,4.));
#9360 = VECTOR('',#9361,1.);
#9361 = DIRECTION('',(1.,0.));
#9362 = ( GEOMETRIC_REPRESENTATION_CONTEXT(2) 
PARAMETRIC_REPRESENTATION_CONTEXT() REPRESENTATION_CONTEXT('2D SPACE',''
  ) );
#9363 = ADVANCED_FACE('',(#9364),#1313,.T.);
#9364 = FACE_BOUND('',#9365,.T.);
#9365 = EDGE_LOOP('',(#9366,#9367,#9368,#9369));
#9366 = ORIENTED_EDGE('',*,*,#1297,.F.);
#9367 = ORIENTED_EDGE('',*,*,#8770,.T.);
#9368 = ORIENTED_EDGE('',*,*,#1768,.T.);
#9369 = ORIENTED_EDGE('',*,*,#9338,.F.);
#9370 = ADVANCED_FACE('',(#9371),#1367,.T.);
#9371 = FACE_BOUND('',#9372,.T.);
#9372 = EDGE_LOOP('',(#9373,#9374,#9375,#9376));
#9373 = ORIENTED_EDGE('',*,*,#9316,.F.);
#9374 = ORIENTED_EDGE('',*,*,#5806,.T.);
#9375 = ORIENTED_EDGE('',*,*,#8797,.T.);
#9376 = ORIENTED_EDGE('',*,*,#1353,.T.);
#9377 = ADVANCED_FACE('',(#9378),#5866,.F.);
#9378 = FACE_BOUND('',#9379,.T.);
#9379 = EDGE_LOOP('',(#9380,#9381,#9382,#9403));
#9380 = ORIENTED_EDGE('',*,*,#5852,.F.);
#9381 = ORIENTED_EDGE('',*,*,#9294,.T.);
#9382 = ORIENTED_EDGE('',*,*,#9383,.F.);
#9383 = EDGE_CURVE('',#8820,#9267,#9384,.T.);
#9384 = SURFACE_CURVE('',#9385,(#9389,#9396),.PCURVE_S1.);
#9385 = LINE('',#9386,#9387);
#9386 = CARTESIAN_POINT('',(-7.144540085939,5.390080009486,2.));
#9387 = VECTOR('',#9388,1.);
#9388 = DIRECTION('',(-0.,-0.,-1.));
#9389 = PCURVE('',#5866,#9390);
#9390 = DEFINITIONAL_REPRESENTATION('',(#9391),#9395);
#9391 = LINE('',#9392,#9393);
#9392 = CARTESIAN_POINT('',(-2.620945939223,0.));
#9393 = VECTOR('',#9394,1.);
#9394 = DIRECTION('',(0.,-1.));
#9395 = ( GEOMETRIC_REPRESENTATION_CONTEXT(2) 
PARAMETRIC_REPRESENTATION_CONTEXT() REPRESENTATION_CONTEXT('2D SPACE',''
  ) );
#9396 = PCURVE('',#1216,#9397);
#9397 = DEFINITIONAL_REPRESENTATION('',(#9398),#9402);
#9398 = LINE('',#9399,#9400);
#9399 = CARTESIAN_POINT('',(5.760268812957,0.));
#9400 = VECTOR('',#9401,1.);
#9401 = DIRECTION('',(0.,1.));
#9402 = ( GEOMETRIC_REPRESENTATION_CONTEXT(2) 
PARAMETRIC_REPRESENTATION_CONTEXT() REPRESENTATION_CONTEXT('2D SPACE',''
  ) );
#9403 = ORIENTED_EDGE('',*,*,#8819,.F.);
#9404 = ADVANCED_FACE('',(#9405),#1216,.F.);
#9405 = FACE_BOUND('',#9406,.F.);
#9406 = EDGE_LOOP('',(#9407,#9408,#9409,#9410));
#9407 = ORIENTED_EDGE('',*,*,#9266,.F.);
#9408 = ORIENTED_EDGE('',*,*,#9383,.F.);
#9409 = ORIENTED_EDGE('',*,*,#8842,.T.);
#9410 = ORIENTED_EDGE('',*,*,#1200,.T.);
#9411 = ADVANCED_FACE('',(#9412),#2081,.T.);
#9412 = FACE_BOUND('',#9413,.T.);
#9413 = EDGE_LOOP('',(#9414,#9415,#9416,#9437));
#9414 = ORIENTED_EDGE('',*,*,#2065,.F.);
#9415 = ORIENTED_EDGE('',*,*,#9241,.T.);
#9416 = ORIENTED_EDGE('',*,*,#9417,.F.);
#9417 = EDGE_CURVE('',#8873,#9219,#9418,.T.);
#9418 = SURFACE_CURVE('',#9419,(#9423,#9430),.PCURVE_S1.);
#9419 = LINE('',#9420,#9421);
#9420 = CARTESIAN_POINT('',(-6.793972446908,8.346346725168,5.25));
#9421 = VECTOR('',#9422,1.);
#9422 = DIRECTION('',(0.,0.,-1.));
#9423 = PCURVE('',#2081,#9424);
#9424 = DEFINITIONAL_REPRESENTATION('',(#9425),#9429);
#9425 = LINE('',#9426,#9427);
#9426 = CARTESIAN_POINT('',(0.,0.));
#9427 = VECTOR('',#9428,1.);
#9428 = DIRECTION('',(1.,0.));
#9429 = ( GEOMETRIC_REPRESENTATION_CONTEXT(2) 
PARAMETRIC_REPRESENTATION_CONTEXT() REPRESENTATION_CONTEXT('2D SPACE',''
  ) );
#9430 = PCURVE('',#8911,#9431);
#9431 = DEFINITIONAL_REPRESENTATION('',(#9432),#9436);
#9432 = LINE('',#9433,#9434);
#9433 = CARTESIAN_POINT('',(0.,0.));
#9434 = VECTOR('',#9435,1.);
#9435 = DIRECTION('',(1.,0.));
#9436 = ( GEOMETRIC_REPRESENTATION_CONTEXT(2) 
PARAMETRIC_REPRESENTATION_CONTEXT() REPRESENTATION_CONTEXT('2D SPACE',''
  ) );
#9437 = ORIENTED_EDGE('',*,*,#8872,.F.);
#9438 = ADVANCED_FACE('',(#9439),#8911,.F.);
#9439 = FACE_BOUND('',#9440,.T.);
#9440 = EDGE_LOOP('',(#9441,#9442,#9443,#9444));
#9441 = ORIENTED_EDGE('',*,*,#8895,.T.);
#9442 = ORIENTED_EDGE('',*,*,#9417,.T.);
#9443 = ORIENTED_EDGE('',*,*,#9218,.F.);
#9444 = ORIENTED_EDGE('',*,*,#9445,.F.);
#9445 = EDGE_CURVE('',#8896,#9196,#9446,.T.);
#9446 = SURFACE_CURVE('',#9447,(#9451,#9458),.PCURVE_S1.);
#9447 = LINE('',#9448,#9449);
#9448 = CARTESIAN_POINT('',(-6.793972446908,7.981702427409,5.25));
#9449 = VECTOR('',#9450,1.);
#9450 = DIRECTION('',(0.,0.,-1.));
#9451 = PCURVE('',#8911,#9452);
#9452 = DEFINITIONAL_REPRESENTATION('',(#9453),#9457);
#9453 = LINE('',#9454,#9455);
#9454 = CARTESIAN_POINT('',(0.,-0.364644297759));
#9455 = VECTOR('',#9456,1.);
#9456 = DIRECTION('',(1.,0.));
#9457 = ( GEOMETRIC_REPRESENTATION_CONTEXT(2) 
PARAMETRIC_REPRESENTATION_CONTEXT() REPRESENTATION_CONTEXT('2D SPACE',''
  ) );
#9458 = PCURVE('',#8663,#9459);
#9459 = DEFINITIONAL_REPRESENTATION('',(#9460),#9464);
#9460 = LINE('',#9461,#9462);
#9461 = CARTESIAN_POINT('',(0.,0.));
#9462 = VECTOR('',#9463,1.);
#9463 = DIRECTION('',(1.,0.));
#9464 = ( GEOMETRIC_REPRESENTATION_CONTEXT(2) 
PARAMETRIC_REPRESENTATION_CONTEXT() REPRESENTATION_CONTEXT('2D SPACE',''
  ) );
#9465 = ADVANCED_FACE('',(#9466),#8663,.F.);
#9466 = FACE_BOUND('',#9467,.T.);
#9467 = EDGE_LOOP('',(#9468,#9469,#9470,#9471));
#9468 = ORIENTED_EDGE('',*,*,#8923,.T.);
#9469 = ORIENTED_EDGE('',*,*,#9445,.T.);
#9470 = ORIENTED_EDGE('',*,*,#9195,.F.);
#9471 = ORIENTED_EDGE('',*,*,#8647,.T.);
#9472 = ADVANCED_FACE('',(#9473),#8612,.F.);
#9473 = FACE_BOUND('',#9474,.T.);
#9474 = EDGE_LOOP('',(#9475,#9476,#9477,#9478));
#9475 = ORIENTED_EDGE('',*,*,#8945,.T.);
#9476 = ORIENTED_EDGE('',*,*,#8589,.T.);
#9477 = ORIENTED_EDGE('',*,*,#9173,.F.);
#9478 = ORIENTED_EDGE('',*,*,#9479,.F.);
#9479 = EDGE_CURVE('',#8946,#9151,#9480,.T.);
#9480 = SURFACE_CURVE('',#9481,(#9485,#9492),.PCURVE_S1.);
#9481 = LINE('',#9482,#9483);
#9482 = CARTESIAN_POINT('',(-6.915520546161,7.509015374759,5.25));
#9483 = VECTOR('',#9484,1.);
#9484 = DIRECTION('',(0.,0.,-1.));
#9485 = PCURVE('',#8612,#9486);
#9486 = DEFINITIONAL_REPRESENTATION('',(#9487),#9491);
#9487 = LINE('',#9488,#9489);
#9488 = CARTESIAN_POINT('',(0.,-0.47268705265));
#9489 = VECTOR('',#9490,1.);
#9490 = DIRECTION('',(1.,0.));
#9491 = ( GEOMETRIC_REPRESENTATION_CONTEXT(2) 
PARAMETRIC_REPRESENTATION_CONTEXT() REPRESENTATION_CONTEXT('2D SPACE',''
  ) );
#9492 = PCURVE('',#1999,#9493);
#9493 = DEFINITIONAL_REPRESENTATION('',(#9494),#9498);
#9494 = LINE('',#9495,#9496);
#9495 = CARTESIAN_POINT('',(0.,0.));
#9496 = VECTOR('',#9497,1.);
#9497 = DIRECTION('',(1.,0.));
#9498 = ( GEOMETRIC_REPRESENTATION_CONTEXT(2) 
PARAMETRIC_REPRESENTATION_CONTEXT() REPRESENTATION_CONTEXT('2D SPACE',''
  ) );
#9499 = ADVANCED_FACE('',(#9500),#1999,.F.);
#9500 = FACE_BOUND('',#9501,.T.);
#9501 = EDGE_LOOP('',(#9502,#9503,#9504,#9505));
#9502 = ORIENTED_EDGE('',*,*,#8968,.T.);
#9503 = ORIENTED_EDGE('',*,*,#9479,.T.);
#9504 = ORIENTED_EDGE('',*,*,#9150,.F.);
#9505 = ORIENTED_EDGE('',*,*,#1983,.T.);
#9506 = ADVANCED_FACE('',(#9507),#1948,.F.);
#9507 = FACE_BOUND('',#9508,.T.);
#9508 = EDGE_LOOP('',(#9509,#9510,#9511,#9512));
#9509 = ORIENTED_EDGE('',*,*,#8990,.T.);
#9510 = ORIENTED_EDGE('',*,*,#1925,.T.);
#9511 = ORIENTED_EDGE('',*,*,#9128,.F.);
#9512 = ORIENTED_EDGE('',*,*,#9513,.F.);
#9513 = EDGE_CURVE('',#8991,#9106,#9514,.T.);
#9514 = SURFACE_CURVE('',#9515,(#9519,#9526),.PCURVE_S1.);
#9515 = LINE('',#9516,#9517);
#9516 = CARTESIAN_POINT('',(-7.077584678498,6.932787348671,5.25));
#9517 = VECTOR('',#9518,1.);
#9518 = DIRECTION('',(0.,0.,-1.));
#9519 = PCURVE('',#1948,#9520);
#9520 = DEFINITIONAL_REPRESENTATION('',(#9521),#9525);
#9521 = LINE('',#9522,#9523);
#9522 = CARTESIAN_POINT('',(0.,-0.576228026088));
#9523 = VECTOR('',#9524,1.);
#9524 = DIRECTION('',(1.,0.));
#9525 = ( GEOMETRIC_REPRESENTATION_CONTEXT(2) 
PARAMETRIC_REPRESENTATION_CONTEXT() REPRESENTATION_CONTEXT('2D SPACE',''
  ) );
#9526 = PCURVE('',#1889,#9527);
#9527 = DEFINITIONAL_REPRESENTATION('',(#9528),#9532);
#9528 = LINE('',#9529,#9530);
#9529 = CARTESIAN_POINT('',(0.,0.));
#9530 = VECTOR('',#9531,1.);
#9531 = DIRECTION('',(1.,0.));
#9532 = ( GEOMETRIC_REPRESENTATION_CONTEXT(2) 
PARAMETRIC_REPRESENTATION_CONTEXT() REPRESENTATION_CONTEXT('2D SPACE',''
  ) );
#9533 = ADVANCED_FACE('',(#9534),#1889,.F.);
#9534 = FACE_BOUND('',#9535,.T.);
#9535 = EDGE_LOOP('',(#9536,#9537,#9538,#9539));
#9536 = ORIENTED_EDGE('',*,*,#9013,.T.);
#9537 = ORIENTED_EDGE('',*,*,#9513,.T.);
#9538 = ORIENTED_EDGE('',*,*,#9105,.F.);
#9539 = ORIENTED_EDGE('',*,*,#1873,.T.);
#9540 = ADVANCED_FACE('',(#9541),#1733,.F.);
#9541 = FACE_BOUND('',#9542,.T.);
#9542 = EDGE_LOOP('',(#9543,#9544,#9565,#9566));
#9543 = ORIENTED_EDGE('',*,*,#8746,.T.);
#9544 = ORIENTED_EDGE('',*,*,#9545,.T.);
#9545 = EDGE_CURVE('',#8747,#9061,#9546,.T.);
#9546 = SURFACE_CURVE('',#9547,(#9551,#9558),.PCURVE_S1.);
#9547 = LINE('',#9548,#9549);
#9548 = CARTESIAN_POINT('',(-7.212638122112,6.356559322583,5.25));
#9549 = VECTOR('',#9550,1.);
#9550 = DIRECTION('',(0.,0.,-1.));
#9551 = PCURVE('',#1733,#9552);
#9552 = DEFINITIONAL_REPRESENTATION('',(#9553),#9557);
#9553 = LINE('',#9554,#9555);
#9554 = CARTESIAN_POINT('',(0.,0.));
#9555 = VECTOR('',#9556,1.);
#9556 = DIRECTION('',(1.,0.));
#9557 = ( GEOMETRIC_REPRESENTATION_CONTEXT(2) 
PARAMETRIC_REPRESENTATION_CONTEXT() REPRESENTATION_CONTEXT('2D SPACE',''
  ) );
#9558 = PCURVE('',#1838,#9559);
#9559 = DEFINITIONAL_REPRESENTATION('',(#9560),#9564);
#9560 = LINE('',#9561,#9562);
#9561 = CARTESIAN_POINT('',(0.,-0.576228026088));
#9562 = VECTOR('',#9563,1.);
#9563 = DIRECTION('',(1.,0.));
#9564 = ( GEOMETRIC_REPRESENTATION_CONTEXT(2) 
PARAMETRIC_REPRESENTATION_CONTEXT() REPRESENTATION_CONTEXT('2D SPACE',''
  ) );
#9565 = ORIENTED_EDGE('',*,*,#9060,.F.);
#9566 = ORIENTED_EDGE('',*,*,#1710,.T.);
#9567 = ADVANCED_FACE('',(#9568),#1838,.F.);
#9568 = FACE_BOUND('',#9569,.T.);
#9569 = EDGE_LOOP('',(#9570,#9571,#9572,#9573));
#9570 = ORIENTED_EDGE('',*,*,#9035,.T.);
#9571 = ORIENTED_EDGE('',*,*,#1815,.T.);
#9572 = ORIENTED_EDGE('',*,*,#9083,.F.);
#9573 = ORIENTED_EDGE('',*,*,#9545,.F.);
#9574 = ADVANCED_FACE('',(#9575),#9589,.T.);
#9575 = FACE_BOUND('',#9576,.T.);
#9576 = EDGE_LOOP('',(#9577,#9607,#9636,#9659));
#9577 = ORIENTED_EDGE('',*,*,#9578,.F.);
#9578 = EDGE_CURVE('',#9579,#9581,#9583,.T.);
#9579 = VERTEX_POINT('',#9580);
#9580 = CARTESIAN_POINT('',(-5.35,10.200458177411,3.));
#9581 = VERTEX_POINT('',#9582);
#9582 = CARTESIAN_POINT('',(-5.35,10.200458177411,-3.));
#9583 = SURFACE_CURVE('',#9584,(#9588,#9600),.PCURVE_S1.);
#9584 = LINE('',#9585,#9586);
#9585 = CARTESIAN_POINT('',(-5.35,10.200458177411,3.1));
#9586 = VECTOR('',#9587,1.);
#9587 = DIRECTION('',(-0.,-0.,-1.));
#9588 = PCURVE('',#9589,#9594);
#9589 = CYLINDRICAL_SURFACE('',#9590,6.661333479465);
#9590 = AXIS2_PLACEMENT_3D('',#9591,#9592,#9593);
#9591 = CARTESIAN_POINT('',(0.371376994961,6.788829679731,3.1));
#9592 = DIRECTION('',(-0.,-0.,-1.));
#9593 = DIRECTION('',(-1.,0.,0.));
#9594 = DEFINITIONAL_REPRESENTATION('',(#9595),#9599);
#9595 = LINE('',#9596,#9597);
#9596 = CARTESIAN_POINT('',(0.537690782394,0.));
#9597 = VECTOR('',#9598,1.);
#9598 = DIRECTION('',(0.,1.));
#9599 = ( GEOMETRIC_REPRESENTATION_CONTEXT(2) 
PARAMETRIC_REPRESENTATION_CONTEXT() REPRESENTATION_CONTEXT('2D SPACE',''
  ) );
#9600 = PCURVE('',#6594,#9601);
#9601 = DEFINITIONAL_REPRESENTATION('',(#9602),#9606);
#9602 = LINE('',#9603,#9604);
#9603 = CARTESIAN_POINT('',(0.,0.));
#9604 = VECTOR('',#9605,1.);
#9605 = DIRECTION('',(1.,-0.));
#9606 = ( GEOMETRIC_REPRESENTATION_CONTEXT(2) 
PARAMETRIC_REPRESENTATION_CONTEXT() REPRESENTATION_CONTEXT('2D SPACE',''
  ) );
#9607 = ORIENTED_EDGE('',*,*,#9608,.T.);
#9608 = EDGE_CURVE('',#9579,#9609,#9611,.T.);
#9609 = VERTEX_POINT('',#9610);
#9610 = CARTESIAN_POINT('',(-2.696514810892,12.701646571216,3.));
#9611 = SURFACE_CURVE('',#9612,(#9617,#9624),.PCURVE_S1.);
#9612 = CIRCLE('',#9613,6.661333479465);
#9613 = AXIS2_PLACEMENT_3D('',#9614,#9615,#9616);
#9614 = CARTESIAN_POINT('',(0.371376994961,6.788829679731,3.));
#9615 = DIRECTION('',(0.,0.,-1.));
#9616 = DIRECTION('',(1.,0.,0.));
#9617 = PCURVE('',#9589,#9618);
#9618 = DEFINITIONAL_REPRESENTATION('',(#9619),#9623);
#9619 = LINE('',#9620,#9621);
#9620 = CARTESIAN_POINT('',(-3.14159265359,0.1));
#9621 = VECTOR('',#9622,1.);
#9622 = DIRECTION('',(1.,0.));
#9623 = ( GEOMETRIC_REPRESENTATION_CONTEXT(2) 
PARAMETRIC_REPRESENTATION_CONTEXT() REPRESENTATION_CONTEXT('2D SPACE',''
  ) );
#9624 = PCURVE('',#9625,#9630);
#9625 = TOROIDAL_SURFACE('',#9626,6.561333479465,0.1);
#9626 = AXIS2_PLACEMENT_3D('',#9627,#9628,#9629);
#9627 = CARTESIAN_POINT('',(0.371376994961,6.788829679731,3.));
#9628 = DIRECTION('',(0.,0.,1.));
#9629 = DIRECTION('',(1.,0.,-0.));
#9630 = DEFINITIONAL_REPRESENTATION('',(#9631),#9635);
#9631 = LINE('',#9632,#9633);
#9632 = CARTESIAN_POINT('',(6.28318530718,0.));
#9633 = VECTOR('',#9634,1.);
#9634 = DIRECTION('',(-1.,0.));
#9635 = ( GEOMETRIC_REPRESENTATION_CONTEXT(2) 
PARAMETRIC_REPRESENTATION_CONTEXT() REPRESENTATION_CONTEXT('2D SPACE',''
  ) );
#9636 = ORIENTED_EDGE('',*,*,#9637,.T.);
#9637 = EDGE_CURVE('',#9609,#9638,#9640,.T.);
#9638 = VERTEX_POINT('',#9639);
#9639 = CARTESIAN_POINT('',(-2.696514810892,12.701646571216,-3.));
#9640 = SURFACE_CURVE('',#9641,(#9645,#9652),.PCURVE_S1.);
#9641 = LINE('',#9642,#9643);
#9642 = CARTESIAN_POINT('',(-2.696514810892,12.701646571216,3.1));
#9643 = VECTOR('',#9644,1.);
#9644 = DIRECTION('',(-0.,-0.,-1.));
#9645 = PCURVE('',#9589,#9646);
#9646 = DEFINITIONAL_REPRESENTATION('',(#9647),#9651);
#9647 = LINE('',#9648,#9649);
#9648 = CARTESIAN_POINT('',(1.092179121518,0.));
#9649 = VECTOR('',#9650,1.);
#9650 = DIRECTION('',(0.,1.));
#9651 = ( GEOMETRIC_REPRESENTATION_CONTEXT(2) 
PARAMETRIC_REPRESENTATION_CONTEXT() REPRESENTATION_CONTEXT('2D SPACE',''
  ) );
#9652 = PCURVE('',#1484,#9653);
#9653 = DEFINITIONAL_REPRESENTATION('',(#9654),#9658);
#9654 = LINE('',#9655,#9656);
#9655 = CARTESIAN_POINT('',(2.049413532072,0.));
#9656 = VECTOR('',#9657,1.);
#9657 = DIRECTION('',(0.,-1.));
#9658 = ( GEOMETRIC_REPRESENTATION_CONTEXT(2) 
PARAMETRIC_REPRESENTATION_CONTEXT() REPRESENTATION_CONTEXT('2D SPACE',''
  ) );
#9659 = ORIENTED_EDGE('',*,*,#9660,.T.);
#9660 = EDGE_CURVE('',#9638,#9581,#9661,.T.);
#9661 = SURFACE_CURVE('',#9662,(#9667,#9674),.PCURVE_S1.);
#9662 = CIRCLE('',#9663,6.661333479465);
#9663 = AXIS2_PLACEMENT_3D('',#9664,#9665,#9666);
#9664 = CARTESIAN_POINT('',(0.371376994961,6.788829679731,-3.));
#9665 = DIRECTION('',(0.,0.,1.));
#9666 = DIRECTION('',(1.,0.,-0.));
#9667 = PCURVE('',#9589,#9668);
#9668 = DEFINITIONAL_REPRESENTATION('',(#9669),#9673);
#9669 = LINE('',#9670,#9671);
#9670 = CARTESIAN_POINT('',(3.14159265359,6.1));
#9671 = VECTOR('',#9672,1.);
#9672 = DIRECTION('',(-1.,0.));
#9673 = ( GEOMETRIC_REPRESENTATION_CONTEXT(2) 
PARAMETRIC_REPRESENTATION_CONTEXT() REPRESENTATION_CONTEXT('2D SPACE',''
  ) );
#9674 = PCURVE('',#9675,#9680);
#9675 = TOROIDAL_SURFACE('',#9676,6.561333479465,0.1);
#9676 = AXIS2_PLACEMENT_3D('',#9677,#9678,#9679);
#9677 = CARTESIAN_POINT('',(0.371376994961,6.788829679731,-3.));
#9678 = DIRECTION('',(0.,0.,1.));
#9679 = DIRECTION('',(1.,0.,-0.));
#9680 = DEFINITIONAL_REPRESENTATION('',(#9681),#9685);
#9681 = LINE('',#9682,#9683);
#9682 = CARTESIAN_POINT('',(0.,6.28318530718));
#9683 = VECTOR('',#9684,1.);
#9684 = DIRECTION('',(1.,0.));
#9685 = ( GEOMETRIC_REPRESENTATION_CONTEXT(2) 
PARAMETRIC_REPRESENTATION_CONTEXT() REPRESENTATION_CONTEXT('2D SPACE',''
  ) );
#9686 = ADVANCED_FACE('',(#9687),#6594,.F.);
#9687 = FACE_BOUND('',#9688,.T.);
#9688 = EDGE_LOOP('',(#9689,#9712,#9765,#9766,#9821,#9842));
#9689 = ORIENTED_EDGE('',*,*,#9690,.F.);
#9690 = EDGE_CURVE('',#9691,#6549,#9693,.T.);
#9691 = VERTEX_POINT('',#9692);
#9692 = CARTESIAN_POINT('',(-5.35,10.0008294167,3.1));
#9693 = SURFACE_CURVE('',#9694,(#9698,#9705),.PCURVE_S1.);
#9694 = LINE('',#9695,#9696);
#9695 = CARTESIAN_POINT('',(-5.35,10.200458177411,3.1));
#9696 = VECTOR('',#9697,1.);
#9697 = DIRECTION('',(0.,-1.,0.));
#9698 = PCURVE('',#6594,#9699);
#9699 = DEFINITIONAL_REPRESENTATION('',(#9700),#9704);
#9700 = LINE('',#9701,#9702);
#9701 = CARTESIAN_POINT('',(0.,0.));
#9702 = VECTOR('',#9703,1.);
#9703 = DIRECTION('',(-0.,-1.));
#9704 = ( GEOMETRIC_REPRESENTATION_CONTEXT(2) 
PARAMETRIC_REPRESENTATION_CONTEXT() REPRESENTATION_CONTEXT('2D SPACE',''
  ) );
#9705 = PCURVE('',#6566,#9706);
#9706 = DEFINITIONAL_REPRESENTATION('',(#9707),#9711);
#9707 = LINE('',#9708,#9709);
#9708 = CARTESIAN_POINT('',(-5.721376994961,3.411628497679));
#9709 = VECTOR('',#9710,1.);
#9710 = DIRECTION('',(0.,-1.));
#9711 = ( GEOMETRIC_REPRESENTATION_CONTEXT(2) 
PARAMETRIC_REPRESENTATION_CONTEXT() REPRESENTATION_CONTEXT('2D SPACE',''
  ) );
#9712 = ORIENTED_EDGE('',*,*,#9713,.T.);
#9713 = EDGE_CURVE('',#9691,#9579,#9714,.T.);
#9714 = SURFACE_CURVE('',#9715,(#9724,#9736),.PCURVE_S1.);
#9715 = B_SPLINE_CURVE_WITH_KNOTS('',3,(#9716,#9717,#9718,#9719,#9720,
    #9721,#9722,#9723),.UNSPECIFIED.,.F.,.F.,(4,2,2,4),(0.,
    1.202953094762E-04,1.804429642143E-04,2.405906189524E-04),
  .UNSPECIFIED.);
#9716 = CARTESIAN_POINT('',(-5.35,10.0008294167,3.1));
#9717 = CARTESIAN_POINT('',(-5.35,10.041271861,3.1));
#9718 = CARTESIAN_POINT('',(-5.35,10.081537739635,3.094728788176));
#9719 = CARTESIAN_POINT('',(-5.35,10.138449972144,3.073864658402));
#9720 = CARTESIAN_POINT('',(-5.35,10.156760208378,3.0647269618));
#9721 = CARTESIAN_POINT('',(-5.35,10.187541968558,3.038843918933));
#9722 = CARTESIAN_POINT('',(-5.35,10.200458177411,3.020571534355));
#9723 = CARTESIAN_POINT('',(-5.35,10.200458177411,3.));
#9724 = PCURVE('',#6594,#9725);
#9725 = DEFINITIONAL_REPRESENTATION('',(#9726),#9735);
#9726 = B_SPLINE_CURVE_WITH_KNOTS('',3,(#9727,#9728,#9729,#9730,#9731,
    #9732,#9733,#9734),.UNSPECIFIED.,.F.,.F.,(4,2,2,4),(0.,
    1.202953094762E-04,1.804429642143E-04,2.405906189524E-04),
  .UNSPECIFIED.);
#9727 = CARTESIAN_POINT('',(0.,-0.199628760711));
#9728 = CARTESIAN_POINT('',(-4.440892098501E-16,-0.15918631641));
#9729 = CARTESIAN_POINT('',(5.271211824475E-03,-0.118920437776));
#9730 = CARTESIAN_POINT('',(2.613534159763E-02,-6.200820526635E-02));
#9731 = CARTESIAN_POINT('',(3.52730381996E-02,-4.369796903292E-02));
#9732 = CARTESIAN_POINT('',(6.115608106651E-02,-1.291620885204E-02));
#9733 = CARTESIAN_POINT('',(7.942846564526E-02,5.329070518201E-15));
#9734 = CARTESIAN_POINT('',(0.1,0.));
#9735 = ( GEOMETRIC_REPRESENTATION_CONTEXT(2) 
PARAMETRIC_REPRESENTATION_CONTEXT() REPRESENTATION_CONTEXT('2D SPACE',''
  ) );
#9736 = PCURVE('',#9625,#9737);
#9737 = DEFINITIONAL_REPRESENTATION('',(#9738),#9764);
#9738 = B_SPLINE_CURVE_WITH_KNOTS('',3,(#9739,#9740,#9741,#9742,#9743,
    #9744,#9745,#9746,#9747,#9748,#9749,#9750,#9751,#9752,#9753,#9754,
    #9755,#9756,#9757,#9758,#9759,#9760,#9761,#9762,#9763),
  .UNSPECIFIED.,.F.,.F.,(4,1,1,1,1,1,1,1,1,1,1,1,1,1,1,1,1,1,1,1,1,1,4),
  (0.,1.093593722511E-05,2.187187445022E-05,3.280781167533E-05,
    4.374374890044E-05,5.467968612556E-05,6.561562335067E-05,
    7.655156057578E-05,8.748749780089E-05,9.8423435026E-05,
    1.093593722511E-04,1.202953094762E-04,1.312312467013E-04,
    1.421671839264E-04,1.531031211516E-04,1.640390583767E-04,
    1.749749956018E-04,1.859109328269E-04,1.96846870052E-04,
    2.077828072771E-04,2.187187445022E-04,2.296546817273E-04,
    2.405906189524E-04),.QUASI_UNIFORM_KNOTS.);
#9739 = CARTESIAN_POINT('',(2.630036710218,1.570796326795));
#9740 = CARTESIAN_POINT('',(2.629548100971,1.552795752555));
#9741 = CARTESIAN_POINT('',(2.628572077185,1.516771100553));
#9742 = CARTESIAN_POINT('',(2.627112893398,1.462556214899));
#9743 = CARTESIAN_POINT('',(2.625659832578,1.40806706063));
#9744 = CARTESIAN_POINT('',(2.624214154239,1.35316865039));
#9745 = CARTESIAN_POINT('',(2.622777110196,1.297702796684));
#9746 = CARTESIAN_POINT('',(2.621349944355,1.241486501693));
#9747 = CARTESIAN_POINT('',(2.619933890189,1.184315323319));
#9748 = CARTESIAN_POINT('',(2.618530181645,1.125966425901));
#9749 = CARTESIAN_POINT('',(2.617140012776,1.066201660687));
#9750 = CARTESIAN_POINT('',(2.615764689127,1.004776384012));
#9751 = CARTESIAN_POINT('',(2.614405063534,0.94143324855));
#9752 = CARTESIAN_POINT('',(2.613063642592,0.875961278016));
#9753 = CARTESIAN_POINT('',(2.611752240675,0.808117414701));
#9754 = CARTESIAN_POINT('',(2.610481013615,0.737493229426));
#9755 = CARTESIAN_POINT('',(2.609260273103,0.66358634568));
#9756 = CARTESIAN_POINT('',(2.60810101322,0.585742680826));
#9757 = CARTESIAN_POINT('',(2.607011022448,0.503401809139));
#9758 = CARTESIAN_POINT('',(2.606006162195,0.413450418169));
#9759 = CARTESIAN_POINT('',(2.605139905614,0.317512832792));
#9760 = CARTESIAN_POINT('',(2.604459022563,0.21636457808));
#9761 = CARTESIAN_POINT('',(2.604011965982,0.110721253723));
#9762 = CARTESIAN_POINT('',(2.603901886556,3.736422784299E-02));
#9763 = CARTESIAN_POINT('',(2.603901871196,0.));
#9764 = ( GEOMETRIC_REPRESENTATION_CONTEXT(2) 
PARAMETRIC_REPRESENTATION_CONTEXT() REPRESENTATION_CONTEXT('2D SPACE',''
  ) );
#9765 = ORIENTED_EDGE('',*,*,#9578,.T.);
#9766 = ORIENTED_EDGE('',*,*,#9767,.T.);
#9767 = EDGE_CURVE('',#9581,#9768,#9770,.T.);
#9768 = VERTEX_POINT('',#9769);
#9769 = CARTESIAN_POINT('',(-5.35,10.0008294167,-3.1));
#9770 = SURFACE_CURVE('',#9771,(#9780,#9792),.PCURVE_S1.);
#9771 = B_SPLINE_CURVE_WITH_KNOTS('',3,(#9772,#9773,#9774,#9775,#9776,
    #9777,#9778,#9779),.UNSPECIFIED.,.F.,.F.,(4,2,2,4),(
    1.734723475977E-18,6.0744630704E-05,1.21489261408E-04,
    2.42978522816E-04),.UNSPECIFIED.);
#9772 = CARTESIAN_POINT('',(-5.35,10.200458177411,-3.));
#9773 = CARTESIAN_POINT('',(-5.35,10.200458177411,-3.020565924298));
#9774 = CARTESIAN_POINT('',(-5.35,10.187628028811,-3.038763114199));
#9775 = CARTESIAN_POINT('',(-5.35,10.156732052984,-3.064759061078));
#9776 = CARTESIAN_POINT('',(-5.35,10.138332118154,-3.07391449677));
#9777 = CARTESIAN_POINT('',(-5.35,10.081557331702,-3.094708301982));
#9778 = CARTESIAN_POINT('',(-5.35,10.041273924706,-3.1));
#9779 = CARTESIAN_POINT('',(-5.35,10.0008294167,-3.1));
#9780 = PCURVE('',#6594,#9781);
#9781 = DEFINITIONAL_REPRESENTATION('',(#9782),#9791);
#9782 = B_SPLINE_CURVE_WITH_KNOTS('',3,(#9783,#9784,#9785,#9786,#9787,
    #9788,#9789,#9790),.UNSPECIFIED.,.F.,.F.,(4,2,2,4),(
    1.734723475977E-18,6.0744630704E-05,1.21489261408E-04,
    2.42978522816E-04),.UNSPECIFIED.);
#9783 = CARTESIAN_POINT('',(6.1,0.));
#9784 = CARTESIAN_POINT('',(6.120565924298,1.7763568394E-15));
#9785 = CARTESIAN_POINT('',(6.138763114199,-1.283014859953E-02));
#9786 = CARTESIAN_POINT('',(6.164759061078,-4.372612442662E-02));
#9787 = CARTESIAN_POINT('',(6.17391449677,-6.212605925613E-02));
#9788 = CARTESIAN_POINT('',(6.194708301982,-0.118900845708));
#9789 = CARTESIAN_POINT('',(6.2,-0.159184252705));
#9790 = CARTESIAN_POINT('',(6.2,-0.199628760711));
#9791 = ( GEOMETRIC_REPRESENTATION_CONTEXT(2) 
PARAMETRIC_REPRESENTATION_CONTEXT() REPRESENTATION_CONTEXT('2D SPACE',''
  ) );
#9792 = PCURVE('',#9675,#9793);
#9793 = DEFINITIONAL_REPRESENTATION('',(#9794),#9820);
#9794 = B_SPLINE_CURVE_WITH_KNOTS('',3,(#9795,#9796,#9797,#9798,#9799,
    #9800,#9801,#9802,#9803,#9804,#9805,#9806,#9807,#9808,#9809,#9810,
    #9811,#9812,#9813,#9814,#9815,#9816,#9817,#9818,#9819),
  .UNSPECIFIED.,.F.,.F.,(4,1,1,1,1,1,1,1,1,1,1,1,1,1,1,1,1,1,1,1,1,1,4),
  (1.734723475977E-18,1.104447830982E-05,2.208895661964E-05,
    3.313343492945E-05,4.417791323927E-05,5.522239154909E-05,
    6.626686985891E-05,7.731134816872E-05,8.835582647854E-05,
    9.940030478836E-05,1.104447830982E-04,1.21489261408E-04,
    1.325337397178E-04,1.435782180276E-04,1.546226963374E-04,
    1.656671746473E-04,1.767116529571E-04,1.877561312669E-04,
    1.988006095767E-04,2.098450878865E-04,2.208895661964E-04,
    2.319340445062E-04,2.42978522816E-04),.QUASI_UNIFORM_KNOTS.);
#9795 = CARTESIAN_POINT('',(2.603901871196,6.28318530718));
#9796 = CARTESIAN_POINT('',(2.603901886584,6.245829758354));
#9797 = CARTESIAN_POINT('',(2.604011232057,6.172542196474));
#9798 = CARTESIAN_POINT('',(2.604456053312,6.067080353789));
#9799 = CARTESIAN_POINT('',(2.605134619742,5.966117831114));
#9800 = CARTESIAN_POINT('',(2.605999582358,5.870276203654));
#9801 = CARTESIAN_POINT('',(2.607005104738,5.780255031155));
#9802 = CARTESIAN_POINT('',(2.608099311107,5.697547576554));
#9803 = CARTESIAN_POINT('',(2.609263128273,5.619417650446));
#9804 = CARTESIAN_POINT('',(2.610488138786,5.545285434547));
#9805 = CARTESIAN_POINT('',(2.611762469431,5.474525534291));
#9806 = CARTESIAN_POINT('',(2.613075215744,5.406645350848));
#9807 = CARTESIAN_POINT('',(2.614414702894,5.341294423102));
#9808 = CARTESIAN_POINT('',(2.615770983875,5.278127953109));
#9809 = CARTESIAN_POINT('',(2.617144153769,5.216813569171));
#9810 = CARTESIAN_POINT('',(2.61853257299,5.157133187929));
#9811 = CARTESIAN_POINT('',(2.619935056662,5.098838802504));
#9812 = CARTESIAN_POINT('',(2.621350287719,5.041700354258));
#9813 = CARTESIAN_POINT('',(2.622776973944,4.985499780008));
#9814 = CARTESIAN_POINT('',(2.624213805666,4.930037843798));
#9815 = CARTESIAN_POINT('',(2.625659466998,4.875136032933));
#9816 = CARTESIAN_POINT('',(2.627112632399,4.820640076523));
#9817 = CARTESIAN_POINT('',(2.628571968531,4.766418276862));
#9818 = CARTESIAN_POINT('',(2.629548075997,4.730390401939));
#9819 = CARTESIAN_POINT('',(2.630036710218,4.712388980385));
#9820 = ( GEOMETRIC_REPRESENTATION_CONTEXT(2) 
PARAMETRIC_REPRESENTATION_CONTEXT() REPRESENTATION_CONTEXT('2D SPACE',''
  ) );
#9821 = ORIENTED_EDGE('',*,*,#9822,.T.);
#9822 = EDGE_CURVE('',#9768,#6579,#9823,.T.);
#9823 = SURFACE_CURVE('',#9824,(#9828,#9835),.PCURVE_S1.);
#9824 = LINE('',#9825,#9826);
#9825 = CARTESIAN_POINT('',(-5.35,10.200458177411,-3.1));
#9826 = VECTOR('',#9827,1.);
#9827 = DIRECTION('',(0.,-1.,0.));
#9828 = PCURVE('',#6594,#9829);
#9829 = DEFINITIONAL_REPRESENTATION('',(#9830),#9834);
#9830 = LINE('',#9831,#9832);
#9831 = CARTESIAN_POINT('',(6.2,0.));
#9832 = VECTOR('',#9833,1.);
#9833 = DIRECTION('',(-0.,-1.));
#9834 = ( GEOMETRIC_REPRESENTATION_CONTEXT(2) 
PARAMETRIC_REPRESENTATION_CONTEXT() REPRESENTATION_CONTEXT('2D SPACE',''
  ) );
#9835 = PCURVE('',#6622,#9836);
#9836 = DEFINITIONAL_REPRESENTATION('',(#9837),#9841);
#9837 = LINE('',#9838,#9839);
#9838 = CARTESIAN_POINT('',(-5.721376994961,3.411628497679));
#9839 = VECTOR('',#9840,1.);
#9840 = DIRECTION('',(0.,-1.));
#9841 = ( GEOMETRIC_REPRESENTATION_CONTEXT(2) 
PARAMETRIC_REPRESENTATION_CONTEXT() REPRESENTATION_CONTEXT('2D SPACE',''
  ) );
#9842 = ORIENTED_EDGE('',*,*,#6578,.F.);
#9843 = ADVANCED_FACE('',(#9844),#6683,.T.);
#9844 = FACE_BOUND('',#9845,.T.);
#9845 = EDGE_LOOP('',(#9846,#9871,#9892,#9893));
#9846 = ORIENTED_EDGE('',*,*,#9847,.T.);
#9847 = EDGE_CURVE('',#9848,#9850,#9852,.T.);
#9848 = VERTEX_POINT('',#9849);
#9849 = CARTESIAN_POINT('',(5.35,10.420381496762,-3.));
#9850 = VERTEX_POINT('',#9851);
#9851 = CARTESIAN_POINT('',(5.35,10.420381496762,3.));
#9852 = SURFACE_CURVE('',#9853,(#9857,#9864),.PCURVE_S1.);
#9853 = LINE('',#9854,#9855);
#9854 = CARTESIAN_POINT('',(5.35,10.420381496762,3.1));
#9855 = VECTOR('',#9856,1.);
#9856 = DIRECTION('',(-0.,-0.,1.));
#9857 = PCURVE('',#6683,#9858);
#9858 = DEFINITIONAL_REPRESENTATION('',(#9859),#9863);
#9859 = LINE('',#9860,#9861);
#9860 = CARTESIAN_POINT('',(-0.,-0.109618503238));
#9861 = VECTOR('',#9862,1.);
#9862 = DIRECTION('',(-1.,0.));
#9863 = ( GEOMETRIC_REPRESENTATION_CONTEXT(2) 
PARAMETRIC_REPRESENTATION_CONTEXT() REPRESENTATION_CONTEXT('2D SPACE',''
  ) );
#9864 = PCURVE('',#1429,#9865);
#9865 = DEFINITIONAL_REPRESENTATION('',(#9866),#9870);
#9866 = LINE('',#9867,#9868);
#9867 = CARTESIAN_POINT('',(3.14159265359,0.));
#9868 = VECTOR('',#9869,1.);
#9869 = DIRECTION('',(0.,-1.));
#9870 = ( GEOMETRIC_REPRESENTATION_CONTEXT(2) 
PARAMETRIC_REPRESENTATION_CONTEXT() REPRESENTATION_CONTEXT('2D SPACE',''
  ) );
#9871 = ORIENTED_EDGE('',*,*,#9872,.T.);
#9872 = EDGE_CURVE('',#9850,#6668,#9873,.T.);
#9873 = SURFACE_CURVE('',#9874,(#9878,#9885),.PCURVE_S1.);
#9874 = LINE('',#9875,#9876);
#9875 = CARTESIAN_POINT('',(5.35,10.53,3.));
#9876 = VECTOR('',#9877,1.);
#9877 = DIRECTION('',(0.,-1.,0.));
#9878 = PCURVE('',#6683,#9879);
#9879 = DEFINITIONAL_REPRESENTATION('',(#9880),#9884);
#9880 = LINE('',#9881,#9882);
#9881 = CARTESIAN_POINT('',(0.1,0.));
#9882 = VECTOR('',#9883,1.);
#9883 = DIRECTION('',(-0.,-1.));
#9884 = ( GEOMETRIC_REPRESENTATION_CONTEXT(2) 
PARAMETRIC_REPRESENTATION_CONTEXT() REPRESENTATION_CONTEXT('2D SPACE',''
  ) );
#9885 = PCURVE('',#6714,#9886);
#9886 = DEFINITIONAL_REPRESENTATION('',(#9887),#9891);
#9887 = LINE('',#9888,#9889);
#9888 = CARTESIAN_POINT('',(1.570796326795,0.));
#9889 = VECTOR('',#9890,1.);
#9890 = DIRECTION('',(0.,1.));
#9891 = ( GEOMETRIC_REPRESENTATION_CONTEXT(2) 
PARAMETRIC_REPRESENTATION_CONTEXT() REPRESENTATION_CONTEXT('2D SPACE',''
  ) );
#9892 = ORIENTED_EDGE('',*,*,#6667,.T.);
#9893 = ORIENTED_EDGE('',*,*,#9894,.T.);
#9894 = EDGE_CURVE('',#6635,#9848,#9895,.T.);
#9895 = SURFACE_CURVE('',#9896,(#9900,#9907),.PCURVE_S1.);
#9896 = LINE('',#9897,#9898);
#9897 = CARTESIAN_POINT('',(5.35,10.420381496762,-3.));
#9898 = VECTOR('',#9899,1.);
#9899 = DIRECTION('',(-0.,1.,-0.));
#9900 = PCURVE('',#6683,#9901);
#9901 = DEFINITIONAL_REPRESENTATION('',(#9902),#9906);
#9902 = LINE('',#9903,#9904);
#9903 = CARTESIAN_POINT('',(6.1,-0.109618503238));
#9904 = VECTOR('',#9905,1.);
#9905 = DIRECTION('',(0.,1.));
#9906 = ( GEOMETRIC_REPRESENTATION_CONTEXT(2) 
PARAMETRIC_REPRESENTATION_CONTEXT() REPRESENTATION_CONTEXT('2D SPACE',''
  ) );
#9907 = PCURVE('',#6655,#9908);
#9908 = DEFINITIONAL_REPRESENTATION('',(#9909),#9913);
#9909 = LINE('',#9910,#9911);
#9910 = CARTESIAN_POINT('',(1.570796326795,3.631551817031));
#9911 = VECTOR('',#9912,1.);
#9912 = DIRECTION('',(0.,1.));
#9913 = ( GEOMETRIC_REPRESENTATION_CONTEXT(2) 
PARAMETRIC_REPRESENTATION_CONTEXT() REPRESENTATION_CONTEXT('2D SPACE',''
  ) );
#9914 = ADVANCED_FACE('',(#9915),#6566,.T.);
#9915 = FACE_BOUND('',#9916,.T.);
#9916 = EDGE_LOOP('',(#9917,#9947,#9969,#9970,#9971));
#9917 = ORIENTED_EDGE('',*,*,#9918,.T.);
#9918 = EDGE_CURVE('',#9919,#9921,#9923,.T.);
#9919 = VERTEX_POINT('',#9920);
#9920 = CARTESIAN_POINT('',(5.25,10.420381496762,3.1));
#9921 = VERTEX_POINT('',#9922);
#9922 = CARTESIAN_POINT('',(-2.650459590638,12.612883309179,3.1));
#9923 = SURFACE_CURVE('',#9924,(#9929,#9940),.PCURVE_S1.);
#9924 = CIRCLE('',#9925,11.70827202689);
#9925 = AXIS2_PLACEMENT_3D('',#9926,#9927,#9928);
#9926 = CARTESIAN_POINT('',(4.232479554555,22.084355347846,3.1));
#9927 = DIRECTION('',(0.,0.,-1.));
#9928 = DIRECTION('',(1.,0.,0.));
#9929 = PCURVE('',#6566,#9930);
#9930 = DEFINITIONAL_REPRESENTATION('',(#9931),#9939);
#9931 = ( BOUNDED_CURVE() B_SPLINE_CURVE(2,(#9932,#9933,#9934,#9935,
#9936,#9937,#9938),.UNSPECIFIED.,.T.,.F.) B_SPLINE_CURVE_WITH_KNOTS((1,2
    ,2,2,2,1),(-2.094395102393,0.,2.094395102393,4.188790204786,
6.28318530718,8.377580409573),.UNSPECIFIED.) CURVE() 
GEOMETRIC_REPRESENTATION_ITEM() RATIONAL_B_SPLINE_CURVE((1.,0.5,1.,0.5,
1.,0.5,1.)) REPRESENTATION_ITEM('') );
#9932 = CARTESIAN_POINT('',(15.569374586484,15.295525668115));
#9933 = CARTESIAN_POINT('',(15.569374586484,-4.983796351296));
#9934 = CARTESIAN_POINT('',(-1.993033453851,5.155864658409));
#9935 = CARTESIAN_POINT('',(-19.55544149418,15.295525668115));
#9936 = CARTESIAN_POINT('',(-1.993033453851,25.43518667782));
#9937 = CARTESIAN_POINT('',(15.569374586484,35.574847687526));
#9938 = CARTESIAN_POINT('',(15.569374586484,15.295525668115));
#9939 = ( GEOMETRIC_REPRESENTATION_CONTEXT(2) 
PARAMETRIC_REPRESENTATION_CONTEXT() REPRESENTATION_CONTEXT('2D SPACE',''
  ) );
#9940 = PCURVE('',#1458,#9941);
#9941 = DEFINITIONAL_REPRESENTATION('',(#9942),#9946);
#9942 = LINE('',#9943,#9944);
#9943 = CARTESIAN_POINT('',(6.28318530718,1.570796326795));
#9944 = VECTOR('',#9945,1.);
#9945 = DIRECTION('',(-1.,-9.00048023112E-15));
#9946 = ( GEOMETRIC_REPRESENTATION_CONTEXT(2) 
PARAMETRIC_REPRESENTATION_CONTEXT() REPRESENTATION_CONTEXT('2D SPACE',''
  ) );
#9947 = ORIENTED_EDGE('',*,*,#9948,.T.);
#9948 = EDGE_CURVE('',#9921,#9691,#9949,.T.);
#9949 = SURFACE_CURVE('',#9950,(#9955,#9962),.PCURVE_S1.);
#9950 = CIRCLE('',#9951,6.561333479465);
#9951 = AXIS2_PLACEMENT_3D('',#9952,#9953,#9954);
#9952 = CARTESIAN_POINT('',(0.371376994961,6.788829679731,3.1));
#9953 = DIRECTION('',(0.,0.,1.));
#9954 = DIRECTION('',(1.,0.,-0.));
#9955 = PCURVE('',#6566,#9956);
#9956 = DEFINITIONAL_REPRESENTATION('',(#9957),#9961);
#9957 = CIRCLE('',#9958,6.561333479465);
#9958 = AXIS2_PLACEMENT_2D('',#9959,#9960);
#9959 = CARTESIAN_POINT('',(0.,0.));
#9960 = DIRECTION('',(1.,0.));
#9961 = ( GEOMETRIC_REPRESENTATION_CONTEXT(2) 
PARAMETRIC_REPRESENTATION_CONTEXT() REPRESENTATION_CONTEXT('2D SPACE',''
  ) );
#9962 = PCURVE('',#9625,#9963);
#9963 = DEFINITIONAL_REPRESENTATION('',(#9964),#9968);
#9964 = LINE('',#9965,#9966);
#9965 = CARTESIAN_POINT('',(0.,1.570796326795));
#9966 = VECTOR('',#9967,1.);
#9967 = DIRECTION('',(1.,-9.9430404182E-15));
#9968 = ( GEOMETRIC_REPRESENTATION_CONTEXT(2) 
PARAMETRIC_REPRESENTATION_CONTEXT() REPRESENTATION_CONTEXT('2D SPACE',''
  ) );
#9969 = ORIENTED_EDGE('',*,*,#9690,.T.);
#9970 = ORIENTED_EDGE('',*,*,#6548,.T.);
#9971 = ORIENTED_EDGE('',*,*,#9972,.T.);
#9972 = EDGE_CURVE('',#6551,#9919,#9973,.T.);
#9973 = SURFACE_CURVE('',#9974,(#9978,#9985),.PCURVE_S1.);
#9974 = LINE('',#9975,#9976);
#9975 = CARTESIAN_POINT('',(5.25,6.788829679731,3.1));
#9976 = VECTOR('',#9977,1.);
#9977 = DIRECTION('',(-0.,1.,-0.));
#9978 = PCURVE('',#6566,#9979);
#9979 = DEFINITIONAL_REPRESENTATION('',(#9980),#9984);
#9980 = LINE('',#9981,#9982);
#9981 = CARTESIAN_POINT('',(4.878623005039,0.));
#9982 = VECTOR('',#9983,1.);
#9983 = DIRECTION('',(0.,1.));
#9984 = ( GEOMETRIC_REPRESENTATION_CONTEXT(2) 
PARAMETRIC_REPRESENTATION_CONTEXT() REPRESENTATION_CONTEXT('2D SPACE',''
  ) );
#9985 = PCURVE('',#6714,#9986);
#9986 = DEFINITIONAL_REPRESENTATION('',(#9987),#9991);
#9987 = LINE('',#9988,#9989);
#9988 = CARTESIAN_POINT('',(3.14159265359,3.741170320269));
#9989 = VECTOR('',#9990,1.);
#9990 = DIRECTION('',(0.,-1.));
#9991 = ( GEOMETRIC_REPRESENTATION_CONTEXT(2) 
PARAMETRIC_REPRESENTATION_CONTEXT() REPRESENTATION_CONTEXT('2D SPACE',''
  ) );
#9992 = ADVANCED_FACE('',(#9993),#6622,.F.);
#9993 = FACE_BOUND('',#9994,.T.);
#9994 = EDGE_LOOP('',(#9995,#9996,#10024,#10048,#10069));
#9995 = ORIENTED_EDGE('',*,*,#9822,.F.);
#9996 = ORIENTED_EDGE('',*,*,#9997,.T.);
#9997 = EDGE_CURVE('',#9768,#9998,#10000,.T.);
#9998 = VERTEX_POINT('',#9999);
#9999 = CARTESIAN_POINT('',(-2.650459590638,12.612883309179,-3.1));
#10000 = SURFACE_CURVE('',#10001,(#10006,#10017),.PCURVE_S1.);
#10001 = CIRCLE('',#10002,6.561333479465);
#10002 = AXIS2_PLACEMENT_3D('',#10003,#10004,#10005);
#10003 = CARTESIAN_POINT('',(0.371376994961,6.788829679731,-3.1));
#10004 = DIRECTION('',(0.,0.,-1.));
#10005 = DIRECTION('',(1.,0.,0.));
#10006 = PCURVE('',#6622,#10007);
#10007 = DEFINITIONAL_REPRESENTATION('',(#10008),#10016);
#10008 = ( BOUNDED_CURVE() B_SPLINE_CURVE(2,(#10009,#10010,#10011,#10012
    ,#10013,#10014,#10015),.UNSPECIFIED.,.T.,.F.) 
B_SPLINE_CURVE_WITH_KNOTS((1,2,2,2,2,1),(-2.094395102393,0.,
    2.094395102393,4.188790204786,6.28318530718,8.377580409573),
.UNSPECIFIED.) CURVE() GEOMETRIC_REPRESENTATION_ITEM() 
RATIONAL_B_SPLINE_CURVE((1.,0.5,1.,0.5,1.,0.5,1.)) REPRESENTATION_ITEM(
  '') );
#10009 = CARTESIAN_POINT('',(6.561333479465,0.));
#10010 = CARTESIAN_POINT('',(6.561333479465,-11.36456295183));
#10011 = CARTESIAN_POINT('',(-3.280666739733,-5.682281475918));
#10012 = CARTESIAN_POINT('',(-13.12266695893,-1.607063208753E-15));
#10013 = CARTESIAN_POINT('',(-3.280666739733,5.682281475918));
#10014 = CARTESIAN_POINT('',(6.561333479465,11.364562951836));
#10015 = CARTESIAN_POINT('',(6.561333479465,0.));
#10016 = ( GEOMETRIC_REPRESENTATION_CONTEXT(2) 
PARAMETRIC_REPRESENTATION_CONTEXT() REPRESENTATION_CONTEXT('2D SPACE',''
  ) );
#10017 = PCURVE('',#9675,#10018);
#10018 = DEFINITIONAL_REPRESENTATION('',(#10019),#10023);
#10019 = LINE('',#10020,#10021);
#10020 = CARTESIAN_POINT('',(6.28318530718,4.712388980385));
#10021 = VECTOR('',#10022,1.);
#10022 = DIRECTION('',(-1.,1.529698525877E-14));
#10023 = ( GEOMETRIC_REPRESENTATION_CONTEXT(2) 
PARAMETRIC_REPRESENTATION_CONTEXT() REPRESENTATION_CONTEXT('2D SPACE',''
  ) );
#10024 = ORIENTED_EDGE('',*,*,#10025,.T.);
#10025 = EDGE_CURVE('',#9998,#10026,#10028,.T.);
#10026 = VERTEX_POINT('',#10027);
#10027 = CARTESIAN_POINT('',(5.25,10.420381496762,-3.1));
#10028 = SURFACE_CURVE('',#10029,(#10034,#10041),.PCURVE_S1.);
#10029 = CIRCLE('',#10030,11.70827202689);
#10030 = AXIS2_PLACEMENT_3D('',#10031,#10032,#10033);
#10031 = CARTESIAN_POINT('',(4.232479554555,22.084355347846,-3.1));
#10032 = DIRECTION('',(0.,0.,1.));
#10033 = DIRECTION('',(1.,0.,-0.));
#10034 = PCURVE('',#6622,#10035);
#10035 = DEFINITIONAL_REPRESENTATION('',(#10036),#10040);
#10036 = CIRCLE('',#10037,11.70827202689);
#10037 = AXIS2_PLACEMENT_2D('',#10038,#10039);
#10038 = CARTESIAN_POINT('',(3.861102559594,15.295525668115));
#10039 = DIRECTION('',(1.,0.));
#10040 = ( GEOMETRIC_REPRESENTATION_CONTEXT(2) 
PARAMETRIC_REPRESENTATION_CONTEXT() REPRESENTATION_CONTEXT('2D SPACE',''
  ) );
#10041 = PCURVE('',#1401,#10042);
#10042 = DEFINITIONAL_REPRESENTATION('',(#10043),#10047);
#10043 = LINE('',#10044,#10045);
#10044 = CARTESIAN_POINT('',(0.,4.712388980385));
#10045 = VECTOR('',#10046,1.);
#10046 = DIRECTION('',(1.,0.));
#10047 = ( GEOMETRIC_REPRESENTATION_CONTEXT(2) 
PARAMETRIC_REPRESENTATION_CONTEXT() REPRESENTATION_CONTEXT('2D SPACE',''
  ) );
#10048 = ORIENTED_EDGE('',*,*,#10049,.T.);
#10049 = EDGE_CURVE('',#10026,#6607,#10050,.T.);
#10050 = SURFACE_CURVE('',#10051,(#10055,#10062),.PCURVE_S1.);
#10051 = LINE('',#10052,#10053);
#10052 = CARTESIAN_POINT('',(5.25,9.28,-3.1));
#10053 = VECTOR('',#10054,1.);
#10054 = DIRECTION('',(0.,-1.,0.));
#10055 = PCURVE('',#6622,#10056);
#10056 = DEFINITIONAL_REPRESENTATION('',(#10057),#10061);
#10057 = LINE('',#10058,#10059);
#10058 = CARTESIAN_POINT('',(4.878623005039,2.491170320269));
#10059 = VECTOR('',#10060,1.);
#10060 = DIRECTION('',(0.,-1.));
#10061 = ( GEOMETRIC_REPRESENTATION_CONTEXT(2) 
PARAMETRIC_REPRESENTATION_CONTEXT() REPRESENTATION_CONTEXT('2D SPACE',''
  ) );
#10062 = PCURVE('',#6655,#10063);
#10063 = DEFINITIONAL_REPRESENTATION('',(#10064),#10068);
#10064 = LINE('',#10065,#10066);
#10065 = CARTESIAN_POINT('',(3.14159265359,2.491170320269));
#10066 = VECTOR('',#10067,1.);
#10067 = DIRECTION('',(0.,-1.));
#10068 = ( GEOMETRIC_REPRESENTATION_CONTEXT(2) 
PARAMETRIC_REPRESENTATION_CONTEXT() REPRESENTATION_CONTEXT('2D SPACE',''
  ) );
#10069 = ORIENTED_EDGE('',*,*,#6606,.F.);
#10070 = ADVANCED_FACE('',(#10071),#1429,.T.);
#10071 = FACE_BOUND('',#10072,.T.);
#10072 = EDGE_LOOP('',(#10073,#10074,#10125,#10147,#10148,#10177));
#10073 = ORIENTED_EDGE('',*,*,#1413,.F.);
#10074 = ORIENTED_EDGE('',*,*,#10075,.T.);
#10075 = EDGE_CURVE('',#1414,#10076,#10078,.T.);
#10076 = VERTEX_POINT('',#10077);
#10077 = CARTESIAN_POINT('',(5.25,10.520381496762,3.));
#10078 = SURFACE_CURVE('',#10079,(#10084,#10091),.PCURVE_S1.);
#10079 = CIRCLE('',#10080,0.1);
#10080 = AXIS2_PLACEMENT_3D('',#10081,#10082,#10083);
#10081 = CARTESIAN_POINT('',(5.25,10.420381496762,3.));
#10082 = DIRECTION('',(-0.,0.,-1.));
#10083 = DIRECTION('',(-1.,0.,0.));
#10084 = PCURVE('',#1429,#10085);
#10085 = DEFINITIONAL_REPRESENTATION('',(#10086),#10090);
#10086 = LINE('',#10087,#10088);
#10087 = CARTESIAN_POINT('',(3.10862446895E-15,0.1));
#10088 = VECTOR('',#10089,1.);
#10089 = DIRECTION('',(1.,0.));
#10090 = ( GEOMETRIC_REPRESENTATION_CONTEXT(2) 
PARAMETRIC_REPRESENTATION_CONTEXT() REPRESENTATION_CONTEXT('2D SPACE',''
  ) );
#10091 = PCURVE('',#10092,#10097);
#10092 = SPHERICAL_SURFACE('',#10093,0.1);
#10093 = AXIS2_PLACEMENT_3D('',#10094,#10095,#10096);
#10094 = CARTESIAN_POINT('',(5.25,10.420381496762,3.));
#10095 = DIRECTION('',(0.,1.,0.));
#10096 = DIRECTION('',(1.,0.,0.));
#10097 = DEFINITIONAL_REPRESENTATION('',(#10098),#10124);
#10098 = B_SPLINE_CURVE_WITH_KNOTS('',3,(#10099,#10100,#10101,#10102,
    #10103,#10104,#10105,#10106,#10107,#10108,#10109,#10110,#10111,
    #10112,#10113,#10114,#10115,#10116,#10117,#10118,#10119,#10120,
    #10121,#10122,#10123),.UNSPECIFIED.,.F.,.F.,(4,1,1,1,1,1,1,1,1,1,1,1
    ,1,1,1,1,1,1,1,1,1,1,4),(1.48378044186,1.487735709357,1.491690976854
    ,1.495646244351,1.499601511848,1.503556779345,1.507512046842,
    1.511467314339,1.515422581836,1.519377849333,1.52333311683,
    1.527288384327,1.531243651824,1.535198919321,1.539154186818,
    1.543109454315,1.547064721813,1.55101998931,1.554975256807,
    1.558930524304,1.562885791801,1.566841059298,1.570796326795),
  .QUASI_UNIFORM_KNOTS.);
#10099 = CARTESIAN_POINT('',(3.14159265359,1.48378044186));
#10100 = CARTESIAN_POINT('',(3.14159265359,1.485098864359));
#10101 = CARTESIAN_POINT('',(3.14159265359,1.487735709357));
#10102 = CARTESIAN_POINT('',(3.14159265359,1.491690976854));
#10103 = CARTESIAN_POINT('',(3.14159265359,1.495646244351));
#10104 = CARTESIAN_POINT('',(3.14159265359,1.499601511848));
#10105 = CARTESIAN_POINT('',(3.14159265359,1.503556779345));
#10106 = CARTESIAN_POINT('',(3.14159265359,1.507512046842));
#10107 = CARTESIAN_POINT('',(3.14159265359,1.511467314339));
#10108 = CARTESIAN_POINT('',(3.14159265359,1.515422581836));
#10109 = CARTESIAN_POINT('',(3.14159265359,1.519377849333));
#10110 = CARTESIAN_POINT('',(3.14159265359,1.52333311683));
#10111 = CARTESIAN_POINT('',(3.14159265359,1.527288384327));
#10112 = CARTESIAN_POINT('',(3.14159265359,1.531243651824));
#10113 = CARTESIAN_POINT('',(3.14159265359,1.535198919321));
#10114 = CARTESIAN_POINT('',(3.14159265359,1.539154186818));
#10115 = CARTESIAN_POINT('',(3.14159265359,1.543109454315));
#10116 = CARTESIAN_POINT('',(3.14159265359,1.547064721813));
#10117 = CARTESIAN_POINT('',(3.14159265359,1.55101998931));
#10118 = CARTESIAN_POINT('',(3.14159265359,1.554975256807));
#10119 = CARTESIAN_POINT('',(3.14159265359,1.558930524304));
#10120 = CARTESIAN_POINT('',(3.14159265359,1.562885791801));
#10121 = CARTESIAN_POINT('',(3.14159265359,1.566841059298));
#10122 = CARTESIAN_POINT('',(3.14159265359,1.569477904296));
#10123 = CARTESIAN_POINT('',(3.14159265359,1.570796326795));
#10124 = ( GEOMETRIC_REPRESENTATION_CONTEXT(2) 
PARAMETRIC_REPRESENTATION_CONTEXT() REPRESENTATION_CONTEXT('2D SPACE',''
  ) );
#10125 = ORIENTED_EDGE('',*,*,#10126,.T.);
#10126 = EDGE_CURVE('',#10076,#9850,#10127,.T.);
#10127 = SURFACE_CURVE('',#10128,(#10133,#10140),.PCURVE_S1.);
#10128 = CIRCLE('',#10129,0.1);
#10129 = AXIS2_PLACEMENT_3D('',#10130,#10131,#10132);
#10130 = CARTESIAN_POINT('',(5.25,10.420381496762,3.));
#10131 = DIRECTION('',(-0.,0.,-1.));
#10132 = DIRECTION('',(-1.,0.,0.));
#10133 = PCURVE('',#1429,#10134);
#10134 = DEFINITIONAL_REPRESENTATION('',(#10135),#10139);
#10135 = LINE('',#10136,#10137);
#10136 = CARTESIAN_POINT('',(3.10862446895E-15,0.1));
#10137 = VECTOR('',#10138,1.);
#10138 = DIRECTION('',(1.,0.));
#10139 = ( GEOMETRIC_REPRESENTATION_CONTEXT(2) 
PARAMETRIC_REPRESENTATION_CONTEXT() REPRESENTATION_CONTEXT('2D SPACE',''
  ) );
#10140 = PCURVE('',#10092,#10141);
#10141 = DEFINITIONAL_REPRESENTATION('',(#10142),#10146);
#10142 = LINE('',#10143,#10144);
#10143 = CARTESIAN_POINT('',(6.28318530718,3.14159265359));
#10144 = VECTOR('',#10145,1.);
#10145 = DIRECTION('',(0.,-1.));
#10146 = ( GEOMETRIC_REPRESENTATION_CONTEXT(2) 
PARAMETRIC_REPRESENTATION_CONTEXT() REPRESENTATION_CONTEXT('2D SPACE',''
  ) );
#10147 = ORIENTED_EDGE('',*,*,#9847,.F.);
#10148 = ORIENTED_EDGE('',*,*,#10149,.T.);
#10149 = EDGE_CURVE('',#9848,#10150,#10152,.T.);
#10150 = VERTEX_POINT('',#10151);
#10151 = CARTESIAN_POINT('',(5.25,10.520381496762,-3.));
#10152 = SURFACE_CURVE('',#10153,(#10158,#10165),.PCURVE_S1.);
#10153 = CIRCLE('',#10154,0.1);
#10154 = AXIS2_PLACEMENT_3D('',#10155,#10156,#10157);
#10155 = CARTESIAN_POINT('',(5.25,10.420381496762,-3.));
#10156 = DIRECTION('',(0.,0.,1.));
#10157 = DIRECTION('',(-1.,0.,0.));
#10158 = PCURVE('',#1429,#10159);
#10159 = DEFINITIONAL_REPRESENTATION('',(#10160),#10164);
#10160 = LINE('',#10161,#10162);
#10161 = CARTESIAN_POINT('',(6.28318530718,6.1));
#10162 = VECTOR('',#10163,1.);
#10163 = DIRECTION('',(-1.,0.));
#10164 = ( GEOMETRIC_REPRESENTATION_CONTEXT(2) 
PARAMETRIC_REPRESENTATION_CONTEXT() REPRESENTATION_CONTEXT('2D SPACE',''
  ) );
#10165 = PCURVE('',#10166,#10171);
#10166 = SPHERICAL_SURFACE('',#10167,0.1);
#10167 = AXIS2_PLACEMENT_3D('',#10168,#10169,#10170);
#10168 = CARTESIAN_POINT('',(5.25,10.420381496762,-3.));
#10169 = DIRECTION('',(0.,1.,0.));
#10170 = DIRECTION('',(1.,0.,0.));
#10171 = DEFINITIONAL_REPRESENTATION('',(#10172),#10176);
#10172 = LINE('',#10173,#10174);
#10173 = CARTESIAN_POINT('',(0.,-3.14159265359));
#10174 = VECTOR('',#10175,1.);
#10175 = DIRECTION('',(0.,1.));
#10176 = ( GEOMETRIC_REPRESENTATION_CONTEXT(2) 
PARAMETRIC_REPRESENTATION_CONTEXT() REPRESENTATION_CONTEXT('2D SPACE',''
  ) );
#10177 = ORIENTED_EDGE('',*,*,#10178,.T.);
#10178 = EDGE_CURVE('',#10150,#1383,#10179,.T.);
#10179 = SURFACE_CURVE('',#10180,(#10185,#10192),.PCURVE_S1.);
#10180 = CIRCLE('',#10181,0.1);
#10181 = AXIS2_PLACEMENT_3D('',#10182,#10183,#10184);
#10182 = CARTESIAN_POINT('',(5.25,10.420381496762,-3.));
#10183 = DIRECTION('',(0.,0.,1.));
#10184 = DIRECTION('',(-1.,0.,0.));
#10185 = PCURVE('',#1429,#10186);
#10186 = DEFINITIONAL_REPRESENTATION('',(#10187),#10191);
#10187 = LINE('',#10188,#10189);
#10188 = CARTESIAN_POINT('',(6.28318530718,6.1));
#10189 = VECTOR('',#10190,1.);
#10190 = DIRECTION('',(-1.,0.));
#10191 = ( GEOMETRIC_REPRESENTATION_CONTEXT(2) 
PARAMETRIC_REPRESENTATION_CONTEXT() REPRESENTATION_CONTEXT('2D SPACE',''
  ) );
#10192 = PCURVE('',#10166,#10193);
#10193 = DEFINITIONAL_REPRESENTATION('',(#10194),#10220);
#10194 = B_SPLINE_CURVE_WITH_KNOTS('',3,(#10195,#10196,#10197,#10198,
    #10199,#10200,#10201,#10202,#10203,#10204,#10205,#10206,#10207,
    #10208,#10209,#10210,#10211,#10212,#10213,#10214,#10215,#10216,
    #10217,#10218,#10219),.UNSPECIFIED.,.F.,.F.,(4,1,1,1,1,1,1,1,1,1,1,1
    ,1,1,1,1,1,1,1,1,1,1,4),(4.712388980385,4.716344247882,
    4.720299515379,4.724254782876,4.728210050373,4.73216531787,
    4.736120585367,4.740075852864,4.744031120361,4.747986387858,
    4.751941655355,4.755896922852,4.759852190349,4.763807457846,
    4.767762725344,4.771717992841,4.775673260338,4.779628527835,
    4.783583795332,4.787539062829,4.791494330326,4.795449597823,
    4.79940486532),.QUASI_UNIFORM_KNOTS.);
#10195 = CARTESIAN_POINT('',(3.14159265359,1.570796326795));
#10196 = CARTESIAN_POINT('',(3.14159265359,1.569477904296));
#10197 = CARTESIAN_POINT('',(3.14159265359,1.566841059298));
#10198 = CARTESIAN_POINT('',(3.14159265359,1.562885791801));
#10199 = CARTESIAN_POINT('',(3.14159265359,1.558930524304));
#10200 = CARTESIAN_POINT('',(3.14159265359,1.554975256807));
#10201 = CARTESIAN_POINT('',(3.14159265359,1.55101998931));
#10202 = CARTESIAN_POINT('',(3.14159265359,1.547064721813));
#10203 = CARTESIAN_POINT('',(3.14159265359,1.543109454315));
#10204 = CARTESIAN_POINT('',(3.14159265359,1.539154186818));
#10205 = CARTESIAN_POINT('',(3.14159265359,1.535198919321));
#10206 = CARTESIAN_POINT('',(3.14159265359,1.531243651824));
#10207 = CARTESIAN_POINT('',(3.14159265359,1.527288384327));
#10208 = CARTESIAN_POINT('',(3.14159265359,1.52333311683));
#10209 = CARTESIAN_POINT('',(3.14159265359,1.519377849333));
#10210 = CARTESIAN_POINT('',(3.14159265359,1.515422581836));
#10211 = CARTESIAN_POINT('',(3.14159265359,1.511467314339));
#10212 = CARTESIAN_POINT('',(3.14159265359,1.507512046842));
#10213 = CARTESIAN_POINT('',(3.14159265359,1.503556779345));
#10214 = CARTESIAN_POINT('',(3.14159265359,1.499601511848));
#10215 = CARTESIAN_POINT('',(3.14159265359,1.495646244351));
#10216 = CARTESIAN_POINT('',(3.14159265359,1.491690976854));
#10217 = CARTESIAN_POINT('',(3.14159265359,1.487735709357));
#10218 = CARTESIAN_POINT('',(3.14159265359,1.485098864359));
#10219 = CARTESIAN_POINT('',(3.14159265359,1.48378044186));
#10220 = ( GEOMETRIC_REPRESENTATION_CONTEXT(2) 
PARAMETRIC_REPRESENTATION_CONTEXT() REPRESENTATION_CONTEXT('2D SPACE',''
  ) );
#10221 = ADVANCED_FACE('',(#10222),#1484,.T.);
#10222 = FACE_BOUND('',#10223,.T.);
#10223 = EDGE_LOOP('',(#10224,#10225,#10276,#10298,#10299,#10328));
#10224 = ORIENTED_EDGE('',*,*,#9637,.F.);
#10225 = ORIENTED_EDGE('',*,*,#10226,.T.);
#10226 = EDGE_CURVE('',#9609,#10227,#10229,.T.);
#10227 = VERTEX_POINT('',#10228);
#10228 = CARTESIAN_POINT('',(-2.650459590638,12.712883309179,3.));
#10229 = SURFACE_CURVE('',#10230,(#10235,#10242),.PCURVE_S1.);
#10230 = CIRCLE('',#10231,1.E-01);
#10231 = AXIS2_PLACEMENT_3D('',#10232,#10233,#10234);
#10232 = CARTESIAN_POINT('',(-2.650459590638,12.612883309179,3.));
#10233 = DIRECTION('',(0.,-0.,-1.));
#10234 = DIRECTION('',(1.,-5.20417042793E-14,0.));
#10235 = PCURVE('',#1484,#10236);
#10236 = DEFINITIONAL_REPRESENTATION('',(#10237),#10241);
#10237 = LINE('',#10238,#10239);
#10238 = CARTESIAN_POINT('',(6.28318530718,-0.1));
#10239 = VECTOR('',#10240,1.);
#10240 = DIRECTION('',(-1.,0.));
#10241 = ( GEOMETRIC_REPRESENTATION_CONTEXT(2) 
PARAMETRIC_REPRESENTATION_CONTEXT() REPRESENTATION_CONTEXT('2D SPACE',''
  ) );
#10242 = PCURVE('',#10243,#10248);
#10243 = SPHERICAL_SURFACE('',#10244,0.1);
#10244 = AXIS2_PLACEMENT_3D('',#10245,#10246,#10247);
#10245 = CARTESIAN_POINT('',(-2.650459590638,12.612883309179,3.));
#10246 = DIRECTION('',(0.,1.,0.));
#10247 = DIRECTION('',(1.,0.,0.));
#10248 = DEFINITIONAL_REPRESENTATION('',(#10249),#10275);
#10249 = B_SPLINE_CURVE_WITH_KNOTS('',3,(#10250,#10251,#10252,#10253,
    #10254,#10255,#10256,#10257,#10258,#10259,#10260,#10261,#10262,
    #10263,#10264,#10265,#10266,#10267,#10268,#10269,#10270,#10271,
    #10272,#10273,#10274),.UNSPECIFIED.,.F.,.F.,(4,1,1,1,1,1,1,1,1,1,1,1
    ,1,1,1,1,1,1,1,1,1,1,4),(4.233771775108,4.255527102621,
    4.277282430133,4.299037757646,4.320793085158,4.342548412671,
    4.364303740183,4.386059067696,4.407814395209,4.429569722721,
    4.451325050234,4.473080377746,4.494835705259,4.516591032771,
    4.538346360284,4.560101687797,4.581857015309,4.603612342822,
    4.625367670334,4.647122997847,4.668878325359,4.690633652872,
    4.712388980385),.QUASI_UNIFORM_KNOTS.);
#10250 = CARTESIAN_POINT('',(3.14159265359,1.092179121518));
#10251 = CARTESIAN_POINT('',(3.14159265359,1.099430897356));
#10252 = CARTESIAN_POINT('',(3.14159265359,1.113934449031));
#10253 = CARTESIAN_POINT('',(3.14159265359,1.135689776543));
#10254 = CARTESIAN_POINT('',(3.14159265359,1.157445104056));
#10255 = CARTESIAN_POINT('',(3.14159265359,1.179200431568));
#10256 = CARTESIAN_POINT('',(3.14159265359,1.200955759081));
#10257 = CARTESIAN_POINT('',(3.14159265359,1.222711086594));
#10258 = CARTESIAN_POINT('',(3.14159265359,1.244466414106));
#10259 = CARTESIAN_POINT('',(3.14159265359,1.266221741619));
#10260 = CARTESIAN_POINT('',(3.14159265359,1.287977069131));
#10261 = CARTESIAN_POINT('',(3.14159265359,1.309732396644));
#10262 = CARTESIAN_POINT('',(3.14159265359,1.331487724157));
#10263 = CARTESIAN_POINT('',(3.14159265359,1.353243051669));
#10264 = CARTESIAN_POINT('',(3.14159265359,1.374998379182));
#10265 = CARTESIAN_POINT('',(3.14159265359,1.396753706694));
#10266 = CARTESIAN_POINT('',(3.14159265359,1.418509034207));
#10267 = CARTESIAN_POINT('',(3.14159265359,1.440264361719));
#10268 = CARTESIAN_POINT('',(3.14159265359,1.462019689232));
#10269 = CARTESIAN_POINT('',(3.14159265359,1.483775016745));
#10270 = CARTESIAN_POINT('',(3.14159265359,1.505530344257));
#10271 = CARTESIAN_POINT('',(3.14159265359,1.52728567177));
#10272 = CARTESIAN_POINT('',(3.14159265359,1.549040999282));
#10273 = CARTESIAN_POINT('',(3.14159265359,1.563544550957));
#10274 = CARTESIAN_POINT('',(3.14159265359,1.570796326795));
#10275 = ( GEOMETRIC_REPRESENTATION_CONTEXT(2) 
PARAMETRIC_REPRESENTATION_CONTEXT() REPRESENTATION_CONTEXT('2D SPACE',''
  ) );
#10276 = ORIENTED_EDGE('',*,*,#10277,.T.);
#10277 = EDGE_CURVE('',#10227,#1442,#10278,.T.);
#10278 = SURFACE_CURVE('',#10279,(#10284,#10291),.PCURVE_S1.);
#10279 = CIRCLE('',#10280,1.E-01);
#10280 = AXIS2_PLACEMENT_3D('',#10281,#10282,#10283);
#10281 = CARTESIAN_POINT('',(-2.650459590638,12.612883309179,3.));
#10282 = DIRECTION('',(0.,-0.,-1.));
#10283 = DIRECTION('',(1.,-5.20417042793E-14,0.));
#10284 = PCURVE('',#1484,#10285);
#10285 = DEFINITIONAL_REPRESENTATION('',(#10286),#10290);
#10286 = LINE('',#10287,#10288);
#10287 = CARTESIAN_POINT('',(6.28318530718,-0.1));
#10288 = VECTOR('',#10289,1.);
#10289 = DIRECTION('',(-1.,0.));
#10290 = ( GEOMETRIC_REPRESENTATION_CONTEXT(2) 
PARAMETRIC_REPRESENTATION_CONTEXT() REPRESENTATION_CONTEXT('2D SPACE',''
  ) );
#10291 = PCURVE('',#10243,#10292);
#10292 = DEFINITIONAL_REPRESENTATION('',(#10293),#10297);
#10293 = LINE('',#10294,#10295);
#10294 = CARTESIAN_POINT('',(6.28318530718,6.28318530718));
#10295 = VECTOR('',#10296,1.);
#10296 = DIRECTION('',(0.,-1.));
#10297 = ( GEOMETRIC_REPRESENTATION_CONTEXT(2) 
PARAMETRIC_REPRESENTATION_CONTEXT() REPRESENTATION_CONTEXT('2D SPACE',''
  ) );
#10298 = ORIENTED_EDGE('',*,*,#1470,.F.);
#10299 = ORIENTED_EDGE('',*,*,#10300,.T.);
#10300 = EDGE_CURVE('',#1385,#10301,#10303,.T.);
#10301 = VERTEX_POINT('',#10302);
#10302 = CARTESIAN_POINT('',(-2.650459590638,12.712883309179,-3.));
#10303 = SURFACE_CURVE('',#10304,(#10309,#10316),.PCURVE_S1.);
#10304 = CIRCLE('',#10305,1.E-01);
#10305 = AXIS2_PLACEMENT_3D('',#10306,#10307,#10308);
#10306 = CARTESIAN_POINT('',(-2.650459590638,12.612883309179,-3.));
#10307 = DIRECTION('',(0.,0.,1.));
#10308 = DIRECTION('',(1.,0.,-0.));
#10309 = PCURVE('',#1484,#10310);
#10310 = DEFINITIONAL_REPRESENTATION('',(#10311),#10315);
#10311 = LINE('',#10312,#10313);
#10312 = CARTESIAN_POINT('',(-3.663735981263E-15,-6.1));
#10313 = VECTOR('',#10314,1.);
#10314 = DIRECTION('',(1.,0.));
#10315 = ( GEOMETRIC_REPRESENTATION_CONTEXT(2) 
PARAMETRIC_REPRESENTATION_CONTEXT() REPRESENTATION_CONTEXT('2D SPACE',''
  ) );
#10316 = PCURVE('',#10317,#10322);
#10317 = SPHERICAL_SURFACE('',#10318,0.1);
#10318 = AXIS2_PLACEMENT_3D('',#10319,#10320,#10321);
#10319 = CARTESIAN_POINT('',(-2.650459590638,12.612883309179,-3.));
#10320 = DIRECTION('',(0.,1.,0.));
#10321 = DIRECTION('',(1.,0.,0.));
#10322 = DEFINITIONAL_REPRESENTATION('',(#10323),#10327);
#10323 = LINE('',#10324,#10325);
#10324 = CARTESIAN_POINT('',(0.,-3.663735981263E-15));
#10325 = VECTOR('',#10326,1.);
#10326 = DIRECTION('',(0.,1.));
#10327 = ( GEOMETRIC_REPRESENTATION_CONTEXT(2) 
PARAMETRIC_REPRESENTATION_CONTEXT() REPRESENTATION_CONTEXT('2D SPACE',''
  ) );
#10328 = ORIENTED_EDGE('',*,*,#10329,.T.);
#10329 = EDGE_CURVE('',#10301,#9638,#10330,.T.);
#10330 = SURFACE_CURVE('',#10331,(#10336,#10343),.PCURVE_S1.);
#10331 = CIRCLE('',#10332,1.E-01);
#10332 = AXIS2_PLACEMENT_3D('',#10333,#10334,#10335);
#10333 = CARTESIAN_POINT('',(-2.650459590638,12.612883309179,-3.));
#10334 = DIRECTION('',(0.,0.,1.));
#10335 = DIRECTION('',(1.,0.,-0.));
#10336 = PCURVE('',#1484,#10337);
#10337 = DEFINITIONAL_REPRESENTATION('',(#10338),#10342);
#10338 = LINE('',#10339,#10340);
#10339 = CARTESIAN_POINT('',(-3.663735981263E-15,-6.1));
#10340 = VECTOR('',#10341,1.);
#10341 = DIRECTION('',(1.,0.));
#10342 = ( GEOMETRIC_REPRESENTATION_CONTEXT(2) 
PARAMETRIC_REPRESENTATION_CONTEXT() REPRESENTATION_CONTEXT('2D SPACE',''
  ) );
#10343 = PCURVE('',#10317,#10344);
#10344 = DEFINITIONAL_REPRESENTATION('',(#10345),#10371);
#10345 = B_SPLINE_CURVE_WITH_KNOTS('',3,(#10346,#10347,#10348,#10349,
    #10350,#10351,#10352,#10353,#10354,#10355,#10356,#10357,#10358,
    #10359,#10360,#10361,#10362,#10363,#10364,#10365,#10366,#10367,
    #10368,#10369,#10370),.UNSPECIFIED.,.F.,.F.,(4,1,1,1,1,1,1,1,1,1,1,1
    ,1,1,1,1,1,1,1,1,1,1,4),(1.570796326795,1.592551654307,1.61430698182
    ,1.636062309333,1.657817636845,1.679572964358,1.70132829187,
    1.723083619383,1.744838946896,1.766594274408,1.788349601921,
    1.810104929433,1.831860256946,1.853615584458,1.875370911971,
    1.897126239484,1.918881566996,1.940636894509,1.962392222021,
    1.984147549534,2.005902877046,2.027658204559,2.049413532072),
  .QUASI_UNIFORM_KNOTS.);
#10346 = CARTESIAN_POINT('',(3.14159265359,1.570796326795));
#10347 = CARTESIAN_POINT('',(3.14159265359,1.563544550957));
#10348 = CARTESIAN_POINT('',(3.14159265359,1.549040999282));
#10349 = CARTESIAN_POINT('',(3.14159265359,1.52728567177));
#10350 = CARTESIAN_POINT('',(3.14159265359,1.505530344257));
#10351 = CARTESIAN_POINT('',(3.14159265359,1.483775016745));
#10352 = CARTESIAN_POINT('',(3.14159265359,1.462019689232));
#10353 = CARTESIAN_POINT('',(3.14159265359,1.440264361719));
#10354 = CARTESIAN_POINT('',(3.14159265359,1.418509034207));
#10355 = CARTESIAN_POINT('',(3.14159265359,1.396753706694));
#10356 = CARTESIAN_POINT('',(3.14159265359,1.374998379182));
#10357 = CARTESIAN_POINT('',(3.14159265359,1.353243051669));
#10358 = CARTESIAN_POINT('',(3.14159265359,1.331487724157));
#10359 = CARTESIAN_POINT('',(3.14159265359,1.309732396644));
#10360 = CARTESIAN_POINT('',(3.14159265359,1.287977069131));
#10361 = CARTESIAN_POINT('',(3.14159265359,1.266221741619));
#10362 = CARTESIAN_POINT('',(3.14159265359,1.244466414106));
#10363 = CARTESIAN_POINT('',(3.14159265359,1.222711086594));
#10364 = CARTESIAN_POINT('',(3.14159265359,1.200955759081));
#10365 = CARTESIAN_POINT('',(3.14159265359,1.179200431568));
#10366 = CARTESIAN_POINT('',(3.14159265359,1.157445104056));
#10367 = CARTESIAN_POINT('',(3.14159265359,1.135689776543));
#10368 = CARTESIAN_POINT('',(3.14159265359,1.113934449031));
#10369 = CARTESIAN_POINT('',(3.14159265359,1.099430897356));
#10370 = CARTESIAN_POINT('',(3.14159265359,1.092179121518));
#10371 = ( GEOMETRIC_REPRESENTATION_CONTEXT(2) 
PARAMETRIC_REPRESENTATION_CONTEXT() REPRESENTATION_CONTEXT('2D SPACE',''
  ) );
#10372 = ADVANCED_FACE('',(#10373),#6714,.T.);
#10373 = FACE_BOUND('',#10374,.T.);
#10374 = EDGE_LOOP('',(#10375,#10376,#10377,#10421));
#10375 = ORIENTED_EDGE('',*,*,#6695,.F.);
#10376 = ORIENTED_EDGE('',*,*,#9872,.F.);
#10377 = ORIENTED_EDGE('',*,*,#10378,.F.);
#10378 = EDGE_CURVE('',#9919,#9850,#10379,.T.);
#10379 = SURFACE_CURVE('',#10380,(#10385,#10392),.PCURVE_S1.);
#10380 = CIRCLE('',#10381,1.E-01);
#10381 = AXIS2_PLACEMENT_3D('',#10382,#10383,#10384);
#10382 = CARTESIAN_POINT('',(5.25,10.420381496762,3.));
#10383 = DIRECTION('',(0.,1.,0.));
#10384 = DIRECTION('',(0.,-0.,1.));
#10385 = PCURVE('',#6714,#10386);
#10386 = DEFINITIONAL_REPRESENTATION('',(#10387),#10391);
#10387 = LINE('',#10388,#10389);
#10388 = CARTESIAN_POINT('',(3.14159265359,0.109618503238));
#10389 = VECTOR('',#10390,1.);
#10390 = DIRECTION('',(-1.,0.));
#10391 = ( GEOMETRIC_REPRESENTATION_CONTEXT(2) 
PARAMETRIC_REPRESENTATION_CONTEXT() REPRESENTATION_CONTEXT('2D SPACE',''
  ) );
#10392 = PCURVE('',#10092,#10393);
#10393 = DEFINITIONAL_REPRESENTATION('',(#10394),#10420);
#10394 = B_SPLINE_CURVE_WITH_KNOTS('',3,(#10395,#10396,#10397,#10398,
    #10399,#10400,#10401,#10402,#10403,#10404,#10405,#10406,#10407,
    #10408,#10409,#10410,#10411,#10412,#10413,#10414,#10415,#10416,
    #10417,#10418,#10419),.UNSPECIFIED.,.F.,.F.,(4,1,1,1,1,1,1,1,1,1,1,1
    ,1,1,1,1,1,1,1,1,1,1,4),(0.,7.139983303613E-02,0.142799666072,
    0.214199499108,0.285599332145,0.356999165181,0.428398998217,
    0.499798831253,0.571198664289,0.642598497325,0.713998330361,
    0.785398163397,0.856797996434,0.92819782947,0.999597662506,
    1.070997495542,1.142397328578,1.213797161614,1.28519699465,
    1.356596827687,1.427996660723,1.499396493759,1.570796326795),
  .QUASI_UNIFORM_KNOTS.);
#10395 = CARTESIAN_POINT('',(4.712388980385,0.));
#10396 = CARTESIAN_POINT('',(4.73618892473,0.));
#10397 = CARTESIAN_POINT('',(4.783788813421,-6.253171281508E-28));
#10398 = CARTESIAN_POINT('',(4.855188646457,2.188609948528E-27));
#10399 = CARTESIAN_POINT('',(4.926588479493,-8.12912266596E-27));
#10400 = CARTESIAN_POINT('',(4.997988312529,3.032788071531E-26));
#10401 = CARTESIAN_POINT('',(5.069388145565,-1.131824001953E-25));
#10402 = CARTESIAN_POINT('',(5.140787978601,4.224017200658E-25));
#10403 = CARTESIAN_POINT('',(5.212187811638,-1.576424480068E-24));
#10404 = CARTESIAN_POINT('',(5.283587644674,5.883296200207E-24));
#10405 = CARTESIAN_POINT('',(5.35498747771,-2.195676032076E-23));
#10406 = CARTESIAN_POINT('',(5.426387310746,8.194374508283E-23));
#10407 = CARTESIAN_POINT('',(5.497787143782,-3.058182200105E-22));
#10408 = CARTESIAN_POINT('',(5.569186976818,1.141329134959E-21));
#10409 = CARTESIAN_POINT('',(5.640586809854,-4.259498319827E-21));
#10410 = CARTESIAN_POINT('',(5.711986642891,1.589666414435E-20));
#10411 = CARTESIAN_POINT('',(5.783386475927,-5.932715825757E-20));
#10412 = CARTESIAN_POINT('',(5.854786308963,2.214119688859E-19));
#10413 = CARTESIAN_POINT('',(5.926186141999,-8.263207172861E-19));
#10414 = CARTESIAN_POINT('',(5.997585975035,3.083870900258E-18));
#10415 = CARTESIAN_POINT('',(6.068985808071,-1.150916288375E-17));
#10416 = CARTESIAN_POINT('',(6.140385641107,4.295278063473E-17));
#10417 = CARTESIAN_POINT('',(6.211785474143,-1.603019596552E-16));
#10418 = CARTESIAN_POINT('',(6.259385362834,3.454027187723E-16));
#10419 = CARTESIAN_POINT('',(6.28318530718,8.881784197001E-16));
#10420 = ( GEOMETRIC_REPRESENTATION_CONTEXT(2) 
PARAMETRIC_REPRESENTATION_CONTEXT() REPRESENTATION_CONTEXT('2D SPACE',''
  ) );
#10421 = ORIENTED_EDGE('',*,*,#9972,.F.);
#10422 = ADVANCED_FACE('',(#10423),#10092,.T.);
#10423 = FACE_BOUND('',#10424,.T.);
#10424 = EDGE_LOOP('',(#10425,#10426,#10427,#10428));
#10425 = ORIENTED_EDGE('',*,*,#10378,.T.);
#10426 = ORIENTED_EDGE('',*,*,#10126,.F.);
#10427 = ORIENTED_EDGE('',*,*,#10075,.F.);
#10428 = ORIENTED_EDGE('',*,*,#10429,.F.);
#10429 = EDGE_CURVE('',#9919,#1414,#10430,.T.);
#10430 = SURFACE_CURVE('',#10431,(#10436,#10465),.PCURVE_S1.);
#10431 = CIRCLE('',#10432,0.1);
#10432 = AXIS2_PLACEMENT_3D('',#10433,#10434,#10435);
#10433 = CARTESIAN_POINT('',(5.25,10.420381496762,3.));
#10434 = DIRECTION('',(-0.996216506099,-8.690611587331E-02,0.));
#10435 = DIRECTION('',(8.690611587331E-02,-0.996216506099,0.));
#10436 = PCURVE('',#10092,#10437);
#10437 = DEFINITIONAL_REPRESENTATION('',(#10438),#10464);
#10438 = B_SPLINE_CURVE_WITH_KNOTS('',3,(#10439,#10440,#10441,#10442,
    #10443,#10444,#10445,#10446,#10447,#10448,#10449,#10450,#10451,
    #10452,#10453,#10454,#10455,#10456,#10457,#10458,#10459,#10460,
    #10461,#10462,#10463),.UNSPECIFIED.,.F.,.F.,(4,1,1,1,1,1,1,1,1,1,1,1
    ,1,1,1,1,1,1,1,1,1,1,4),(1.570796326795,1.642196159831,
    1.713595992867,1.784995825903,1.856395658939,1.927795491976,
    1.999195325012,2.070595158048,2.141994991084,2.21339482412,
    2.284794657156,2.356194490192,2.427594323228,2.498994156265,
    2.570393989301,2.641793822337,2.713193655373,2.784593488409,
    2.855993321445,2.927393154481,2.998792987518,3.070192820554,
    3.14159265359),.QUASI_UNIFORM_KNOTS.);
#10439 = CARTESIAN_POINT('',(4.712388980385,-3.5527136788E-14));
#10440 = CARTESIAN_POINT('',(4.710320358605,2.370988598016E-02));
#10441 = CARTESIAN_POINT('',(4.706184035457,7.112969820696E-02));
#10442 = CARTESIAN_POINT('',(4.699915812083,0.142256636267));
#10443 = CARTESIAN_POINT('',(4.693519221448,0.213377974838));
#10444 = CARTESIAN_POINT('',(4.686923085475,0.284490608162));
#10445 = CARTESIAN_POINT('',(4.680047910654,0.355591066545));
#10446 = CARTESIAN_POINT('',(4.672801393788,0.426675319435));
#10447 = CARTESIAN_POINT('',(4.665073153474,0.497738544342));
#10448 = CARTESIAN_POINT('',(4.65672733535,0.568774801923));
#10449 = CARTESIAN_POINT('',(4.647592159684,0.639776576915));
#10450 = CARTESIAN_POINT('',(4.63744459211,0.710734100572));
#10451 = CARTESIAN_POINT('',(4.62598706283,0.781634331714));
#10452 = CARTESIAN_POINT('',(4.612811173641,0.85245931861));
#10453 = CARTESIAN_POINT('',(4.597337760838,0.923183658893));
#10454 = CARTESIAN_POINT('',(4.578718029018,0.993769643544));
#10455 = CARTESIAN_POINT('',(4.55564488839,1.064160481774));
#10456 = CARTESIAN_POINT('',(4.526039063034,1.13425984705));
#10457 = CARTESIAN_POINT('',(4.486236326809,1.203918257518));
#10458 = CARTESIAN_POINT('',(4.429830235601,1.27279135142));
#10459 = CARTESIAN_POINT('',(4.342216005252,1.34040975703));
#10460 = CARTESIAN_POINT('',(4.195183011505,1.404659631993));
#10461 = CARTESIAN_POINT('',(3.889295611661,1.463317562304));
#10462 = CARTESIAN_POINT('',(3.448930503239,1.482327725388));
#10463 = CARTESIAN_POINT('',(3.14159265359,1.48378044186));
#10464 = ( GEOMETRIC_REPRESENTATION_CONTEXT(2) 
PARAMETRIC_REPRESENTATION_CONTEXT() REPRESENTATION_CONTEXT('2D SPACE',''
  ) );
#10465 = PCURVE('',#1458,#10466);
#10466 = DEFINITIONAL_REPRESENTATION('',(#10467),#10471);
#10467 = LINE('',#10468,#10469);
#10468 = CARTESIAN_POINT('',(4.79940486532,1.68753899743E-14));
#10469 = VECTOR('',#10470,1.);
#10470 = DIRECTION('',(0.,1.));
#10471 = ( GEOMETRIC_REPRESENTATION_CONTEXT(2) 
PARAMETRIC_REPRESENTATION_CONTEXT() REPRESENTATION_CONTEXT('2D SPACE',''
  ) );
#10472 = ADVANCED_FACE('',(#10473),#1458,.T.);
#10473 = FACE_BOUND('',#10474,.T.);
#10474 = EDGE_LOOP('',(#10475,#10476,#10477,#10521));
#10475 = ORIENTED_EDGE('',*,*,#10429,.T.);
#10476 = ORIENTED_EDGE('',*,*,#1441,.F.);
#10477 = ORIENTED_EDGE('',*,*,#10478,.F.);
#10478 = EDGE_CURVE('',#9921,#1442,#10479,.T.);
#10479 = SURFACE_CURVE('',#10480,(#10485,#10492),.PCURVE_S1.);
#10480 = CIRCLE('',#10481,1.E-01);
#10481 = AXIS2_PLACEMENT_3D('',#10482,#10483,#10484);
#10482 = CARTESIAN_POINT('',(-2.650459590638,12.612883309179,3.));
#10483 = DIRECTION('',(-0.808955584301,0.587869766724,0.));
#10484 = DIRECTION('',(-0.587869766724,-0.808955584301,0.));
#10485 = PCURVE('',#1458,#10486);
#10486 = DEFINITIONAL_REPRESENTATION('',(#10487),#10491);
#10487 = LINE('',#10488,#10489);
#10488 = CARTESIAN_POINT('',(4.083965980119,-1.176836406103E-14));
#10489 = VECTOR('',#10490,1.);
#10490 = DIRECTION('',(0.,1.));
#10491 = ( GEOMETRIC_REPRESENTATION_CONTEXT(2) 
PARAMETRIC_REPRESENTATION_CONTEXT() REPRESENTATION_CONTEXT('2D SPACE',''
  ) );
#10492 = PCURVE('',#10243,#10493);
#10493 = DEFINITIONAL_REPRESENTATION('',(#10494),#10520);
#10494 = B_SPLINE_CURVE_WITH_KNOTS('',3,(#10495,#10496,#10497,#10498,
    #10499,#10500,#10501,#10502,#10503,#10504,#10505,#10506,#10507,
    #10508,#10509,#10510,#10511,#10512,#10513,#10514,#10515,#10516,
    #10517,#10518,#10519),.UNSPECIFIED.,.F.,.F.,(4,1,1,1,1,1,1,1,1,1,1,1
    ,1,1,1,1,1,1,1,1,1,1,4),(1.570796326795,1.642196159831,
    1.713595992867,1.784995825903,1.856395658939,1.927795491976,
    1.999195325012,2.070595158048,2.141994991084,2.21339482412,
    2.284794657156,2.356194490192,2.427594323228,2.498994156265,
    2.570393989301,2.641793822337,2.713193655373,2.784593488409,
    2.855993321445,2.927393154481,2.998792987518,3.070192820554,
    3.14159265359),.QUASI_UNIFORM_KNOTS.);
#10495 = CARTESIAN_POINT('',(4.712388980385,0.));
#10496 = CARTESIAN_POINT('',(4.726380801532,1.92528405729E-02));
#10497 = CARTESIAN_POINT('',(4.754362491519,5.775942926618E-02));
#10498 = CARTESIAN_POINT('',(4.796617114631,0.115416611341));
#10499 = CARTESIAN_POINT('',(4.839437871499,0.172867492439));
#10500 = CARTESIAN_POINT('',(4.883122455766,0.230002089966));
#10501 = CARTESIAN_POINT('',(4.927984784492,0.286702661425));
#10502 = CARTESIAN_POINT('',(4.974361832065,0.342840121599));
#10503 = CARTESIAN_POINT('',(5.022619543423,0.398270526652));
#10504 = CARTESIAN_POINT('',(5.07315904408,0.452830861294));
#10505 = CARTESIAN_POINT('',(5.126422409626,0.506334180464));
#10506 = CARTESIAN_POINT('',(5.182897390985,0.558563960806));
#10507 = CARTESIAN_POINT('',(5.24311984563,0.609267633051));
#10508 = CARTESIAN_POINT('',(5.307671883181,0.658149374297));
#10509 = CARTESIAN_POINT('',(5.37717264761,0.704862474717));
#10510 = CARTESIAN_POINT('',(5.452257300759,0.749001999902));
#10511 = CARTESIAN_POINT('',(5.533538440997,0.790099087328));
#10512 = CARTESIAN_POINT('',(5.621543418028,0.827619192868));
#10513 = CARTESIAN_POINT('',(5.716623025164,0.860967404189));
#10514 = CARTESIAN_POINT('',(5.818831388677,0.889505858266));
#10515 = CARTESIAN_POINT('',(5.927796168091,0.912584322075));
#10516 = CARTESIAN_POINT('',(6.042592995987,0.929597099621));
#10517 = CARTESIAN_POINT('',(6.161745453137,0.940020212547));
#10518 = CARTESIAN_POINT('',(6.242671803018,0.942390678917));
#10519 = CARTESIAN_POINT('',(6.28318530718,0.942373326529));
#10520 = ( GEOMETRIC_REPRESENTATION_CONTEXT(2) 
PARAMETRIC_REPRESENTATION_CONTEXT() REPRESENTATION_CONTEXT('2D SPACE',''
  ) );
#10521 = ORIENTED_EDGE('',*,*,#9918,.F.);
#10522 = ADVANCED_FACE('',(#10523),#10243,.T.);
#10523 = FACE_BOUND('',#10524,.T.);
#10524 = EDGE_LOOP('',(#10525,#10526,#10527,#10528));
#10525 = ORIENTED_EDGE('',*,*,#10478,.T.);
#10526 = ORIENTED_EDGE('',*,*,#10277,.F.);
#10527 = ORIENTED_EDGE('',*,*,#10226,.F.);
#10528 = ORIENTED_EDGE('',*,*,#10529,.F.);
#10529 = EDGE_CURVE('',#9921,#9609,#10530,.T.);
#10530 = SURFACE_CURVE('',#10531,(#10536,#10565),.PCURVE_S1.);
#10531 = CIRCLE('',#10532,1.E-01);
#10532 = AXIS2_PLACEMENT_3D('',#10533,#10534,#10535);
#10533 = CARTESIAN_POINT('',(-2.650459590638,12.612883309179,3.));
#10534 = DIRECTION('',(-0.887632620362,-0.460552202545,0.));
#10535 = DIRECTION('',(0.460552202545,-0.887632620362,0.));
#10536 = PCURVE('',#10243,#10537);
#10537 = DEFINITIONAL_REPRESENTATION('',(#10538),#10564);
#10538 = B_SPLINE_CURVE_WITH_KNOTS('',3,(#10539,#10540,#10541,#10542,
    #10543,#10544,#10545,#10546,#10547,#10548,#10549,#10550,#10551,
    #10552,#10553,#10554,#10555,#10556,#10557,#10558,#10559,#10560,
    #10561,#10562,#10563),.UNSPECIFIED.,.F.,.F.,(4,1,1,1,1,1,1,1,1,1,1,1
    ,1,1,1,1,1,1,1,1,1,1,4),(1.570796326795,1.642196159831,
    1.713595992867,1.784995825903,1.856395658939,1.927795491976,
    1.999195325012,2.070595158048,2.141994991084,2.21339482412,
    2.284794657156,2.356194490192,2.427594323228,2.498994156265,
    2.570393989301,2.641793822337,2.713193655373,2.784593488409,
    2.855993321445,2.927393154481,2.998792987518,3.070192820554,
    3.14159265359),.QUASI_UNIFORM_KNOTS.);
#10539 = CARTESIAN_POINT('',(4.712388980385,0.));
#10540 = CARTESIAN_POINT('',(4.701427116589,2.112538967237E-02));
#10541 = CARTESIAN_POINT('',(4.679506023565,6.337693529313E-02));
#10542 = CARTESIAN_POINT('',(4.646357495115,0.126684930476));
#10543 = CARTESIAN_POINT('',(4.612672588436,0.189853527389));
#10544 = CARTESIAN_POINT('',(4.578163252691,0.25280723632));
#10545 = CARTESIAN_POINT('',(4.542518724139,0.315463868368));
#10546 = CARTESIAN_POINT('',(4.505394792045,0.377731234348));
#10547 = CARTESIAN_POINT('',(4.466402993504,0.439503649844));
#10548 = CARTESIAN_POINT('',(4.425097421235,0.500657457678));
#10549 = CARTESIAN_POINT('',(4.380959198238,0.561045394219));
#10550 = CARTESIAN_POINT('',(4.333378156705,0.620489351763));
#10551 = CARTESIAN_POINT('',(4.281631772793,0.678771031911));
#10552 = CARTESIAN_POINT('',(4.224862185029,0.735619868696));
#10553 = CARTESIAN_POINT('',(4.162053861485,0.790697550042));
#10554 = CARTESIAN_POINT('',(4.092017922437,0.843578600997));
#10555 = CARTESIAN_POINT('',(4.01339520762,0.893727002578));
#10556 = CARTESIAN_POINT('',(3.924701010376,0.940470468728));
#10557 = CARTESIAN_POINT('',(3.824446964619,0.982976583496));
#10558 = CARTESIAN_POINT('',(3.711396328967,1.020243228571));
#10559 = CARTESIAN_POINT('',(3.584975997815,1.051115469175));
#10560 = CARTESIAN_POINT('',(3.445904493073,1.074381066485));
#10561 = CARTESIAN_POINT('',(3.296558708611,1.088868640771));
#10562 = CARTESIAN_POINT('',(3.193387734404,1.092218563329));
#10563 = CARTESIAN_POINT('',(3.14159265359,1.092179121518));
#10564 = ( GEOMETRIC_REPRESENTATION_CONTEXT(2) 
PARAMETRIC_REPRESENTATION_CONTEXT() REPRESENTATION_CONTEXT('2D SPACE',''
  ) );
#10565 = PCURVE('',#9625,#10566);
#10566 = DEFINITIONAL_REPRESENTATION('',(#10567),#10571);
#10567 = LINE('',#10568,#10569);
#10568 = CARTESIAN_POINT('',(2.049413532072,3.14159265359));
#10569 = VECTOR('',#10570,1.);
#10570 = DIRECTION('',(0.,-1.));
#10571 = ( GEOMETRIC_REPRESENTATION_CONTEXT(2) 
PARAMETRIC_REPRESENTATION_CONTEXT() REPRESENTATION_CONTEXT('2D SPACE',''
  ) );
#10572 = ADVANCED_FACE('',(#10573),#9625,.T.);
#10573 = FACE_BOUND('',#10574,.T.);
#10574 = EDGE_LOOP('',(#10575,#10576,#10577,#10578));
#10575 = ORIENTED_EDGE('',*,*,#10529,.T.);
#10576 = ORIENTED_EDGE('',*,*,#9608,.F.);
#10577 = ORIENTED_EDGE('',*,*,#9713,.F.);
#10578 = ORIENTED_EDGE('',*,*,#9948,.F.);
#10579 = ADVANCED_FACE('',(#10580),#6655,.T.);
#10580 = FACE_BOUND('',#10581,.T.);
#10581 = EDGE_LOOP('',(#10582,#10604,#10605,#10606));
#10582 = ORIENTED_EDGE('',*,*,#10583,.F.);
#10583 = EDGE_CURVE('',#9848,#10026,#10584,.T.);
#10584 = SURFACE_CURVE('',#10585,(#10590,#10597),.PCURVE_S1.);
#10585 = CIRCLE('',#10586,1.E-01);
#10586 = AXIS2_PLACEMENT_3D('',#10587,#10588,#10589);
#10587 = CARTESIAN_POINT('',(5.25,10.420381496762,-3.));
#10588 = DIRECTION('',(-0.,1.,0.));
#10589 = DIRECTION('',(0.,0.,1.));
#10590 = PCURVE('',#6655,#10591);
#10591 = DEFINITIONAL_REPRESENTATION('',(#10592),#10596);
#10592 = LINE('',#10593,#10594);
#10593 = CARTESIAN_POINT('',(0.,3.631551817031));
#10594 = VECTOR('',#10595,1.);
#10595 = DIRECTION('',(1.,0.));
#10596 = ( GEOMETRIC_REPRESENTATION_CONTEXT(2) 
PARAMETRIC_REPRESENTATION_CONTEXT() REPRESENTATION_CONTEXT('2D SPACE',''
  ) );
#10597 = PCURVE('',#10166,#10598);
#10598 = DEFINITIONAL_REPRESENTATION('',(#10599),#10603);
#10599 = LINE('',#10600,#10601);
#10600 = CARTESIAN_POINT('',(-1.570796326795,0.));
#10601 = VECTOR('',#10602,1.);
#10602 = DIRECTION('',(1.,0.));
#10603 = ( GEOMETRIC_REPRESENTATION_CONTEXT(2) 
PARAMETRIC_REPRESENTATION_CONTEXT() REPRESENTATION_CONTEXT('2D SPACE',''
  ) );
#10604 = ORIENTED_EDGE('',*,*,#9894,.F.);
#10605 = ORIENTED_EDGE('',*,*,#6634,.F.);
#10606 = ORIENTED_EDGE('',*,*,#10049,.F.);
#10607 = ADVANCED_FACE('',(#10608),#10166,.T.);
#10608 = FACE_BOUND('',#10609,.T.);
#10609 = EDGE_LOOP('',(#10610,#10611,#10612,#10613));
#10610 = ORIENTED_EDGE('',*,*,#10178,.F.);
#10611 = ORIENTED_EDGE('',*,*,#10149,.F.);
#10612 = ORIENTED_EDGE('',*,*,#10583,.T.);
#10613 = ORIENTED_EDGE('',*,*,#10614,.F.);
#10614 = EDGE_CURVE('',#1383,#10026,#10615,.T.);
#10615 = SURFACE_CURVE('',#10616,(#10621,#10650),.PCURVE_S1.);
#10616 = CIRCLE('',#10617,0.1);
#10617 = AXIS2_PLACEMENT_3D('',#10618,#10619,#10620);
#10618 = CARTESIAN_POINT('',(5.25,10.420381496762,-3.));
#10619 = DIRECTION('',(-0.996216506099,-8.690611587331E-02,0.));
#10620 = DIRECTION('',(8.690611587331E-02,-0.996216506099,0.));
#10621 = PCURVE('',#10166,#10622);
#10622 = DEFINITIONAL_REPRESENTATION('',(#10623),#10649);
#10623 = B_SPLINE_CURVE_WITH_KNOTS('',3,(#10624,#10625,#10626,#10627,
    #10628,#10629,#10630,#10631,#10632,#10633,#10634,#10635,#10636,
    #10637,#10638,#10639,#10640,#10641,#10642,#10643,#10644,#10645,
    #10646,#10647,#10648),.UNSPECIFIED.,.F.,.F.,(4,1,1,1,1,1,1,1,1,1,1,1
    ,1,1,1,1,1,1,1,1,1,1,4),(3.14159265359,3.212992486626,3.284392319662
    ,3.355792152698,3.427191985734,3.49859181877,3.569991651807,
    3.641391484843,3.712791317879,3.784191150915,3.855590983951,
    3.926990816987,3.998390650023,4.06979048306,4.141190316096,
    4.212590149132,4.283989982168,4.355389815204,4.42678964824,
    4.498189481276,4.569589314312,4.640989147349,4.712388980385),
  .QUASI_UNIFORM_KNOTS.);
#10624 = CARTESIAN_POINT('',(3.14159265359,1.48378044186));
#10625 = CARTESIAN_POINT('',(2.834254803941,1.482327725388));
#10626 = CARTESIAN_POINT('',(2.393889695519,1.463317562304));
#10627 = CARTESIAN_POINT('',(2.088002295675,1.404659631993));
#10628 = CARTESIAN_POINT('',(1.940969301928,1.34040975703));
#10629 = CARTESIAN_POINT('',(1.853355071578,1.27279135142));
#10630 = CARTESIAN_POINT('',(1.796948980371,1.203918257519));
#10631 = CARTESIAN_POINT('',(1.757146244145,1.13425984705));
#10632 = CARTESIAN_POINT('',(1.727540418789,1.064160481774));
#10633 = CARTESIAN_POINT('',(1.704467278162,0.993769643544));
#10634 = CARTESIAN_POINT('',(1.685847546342,0.923183658893));
#10635 = CARTESIAN_POINT('',(1.670374133539,0.85245931861));
#10636 = CARTESIAN_POINT('',(1.65719824435,0.781634331714));
#10637 = CARTESIAN_POINT('',(1.645740715069,0.710734100572));
#10638 = CARTESIAN_POINT('',(1.635593147496,0.639776576915));
#10639 = CARTESIAN_POINT('',(1.626457971829,0.568774801923));
#10640 = CARTESIAN_POINT('',(1.618112153705,0.497738544342));
#10641 = CARTESIAN_POINT('',(1.610383913391,0.426675319435));
#10642 = CARTESIAN_POINT('',(1.603137396526,0.355591066545));
#10643 = CARTESIAN_POINT('',(1.596262221705,0.284490608162));
#10644 = CARTESIAN_POINT('',(1.589666085731,0.213377974838));
#10645 = CARTESIAN_POINT('',(1.583269495096,0.142256636267));
#10646 = CARTESIAN_POINT('',(1.577001271723,7.112969820696E-02));
#10647 = CARTESIAN_POINT('',(1.572864948575,2.370988598016E-02));
#10648 = CARTESIAN_POINT('',(1.570796326795,-3.552713678801E-14));
#10649 = ( GEOMETRIC_REPRESENTATION_CONTEXT(2) 
PARAMETRIC_REPRESENTATION_CONTEXT() REPRESENTATION_CONTEXT('2D SPACE',''
  ) );
#10650 = PCURVE('',#1401,#10651);
#10651 = DEFINITIONAL_REPRESENTATION('',(#10652),#10656);
#10652 = LINE('',#10653,#10654);
#10653 = CARTESIAN_POINT('',(4.79940486532,-2.48689957516E-14));
#10654 = VECTOR('',#10655,1.);
#10655 = DIRECTION('',(0.,1.));
#10656 = ( GEOMETRIC_REPRESENTATION_CONTEXT(2) 
PARAMETRIC_REPRESENTATION_CONTEXT() REPRESENTATION_CONTEXT('2D SPACE',''
  ) );
#10657 = ADVANCED_FACE('',(#10658),#1401,.T.);
#10658 = FACE_BOUND('',#10659,.T.);
#10659 = EDGE_LOOP('',(#10660,#10704,#10705,#10706));
#10660 = ORIENTED_EDGE('',*,*,#10661,.F.);
#10661 = EDGE_CURVE('',#1385,#9998,#10662,.T.);
#10662 = SURFACE_CURVE('',#10663,(#10668,#10675),.PCURVE_S1.);
#10663 = CIRCLE('',#10664,0.1);
#10664 = AXIS2_PLACEMENT_3D('',#10665,#10666,#10667);
#10665 = CARTESIAN_POINT('',(-2.650459590638,12.612883309179,-3.));
#10666 = DIRECTION('',(-0.808955584301,0.587869766724,1.370620045931E-14
    ));
#10667 = DIRECTION('',(-0.587869766724,-0.808955584301,
    4.733165431326E-29));
#10668 = PCURVE('',#1401,#10669);
#10669 = DEFINITIONAL_REPRESENTATION('',(#10670),#10674);
#10670 = LINE('',#10671,#10672);
#10671 = CARTESIAN_POINT('',(4.083965980119,-8.792966355031E-14));
#10672 = VECTOR('',#10673,1.);
#10673 = DIRECTION('',(0.,1.));
#10674 = ( GEOMETRIC_REPRESENTATION_CONTEXT(2) 
PARAMETRIC_REPRESENTATION_CONTEXT() REPRESENTATION_CONTEXT('2D SPACE',''
  ) );
#10675 = PCURVE('',#10317,#10676);
#10676 = DEFINITIONAL_REPRESENTATION('',(#10677),#10703);
#10677 = B_SPLINE_CURVE_WITH_KNOTS('',3,(#10678,#10679,#10680,#10681,
    #10682,#10683,#10684,#10685,#10686,#10687,#10688,#10689,#10690,
    #10691,#10692,#10693,#10694,#10695,#10696,#10697,#10698,#10699,
    #10700,#10701,#10702),.UNSPECIFIED.,.F.,.F.,(4,1,1,1,1,1,1,1,1,1,1,1
    ,1,1,1,1,1,1,1,1,1,1,4),(3.14159265359,3.212992486626,3.284392319662
    ,3.355792152698,3.427191985734,3.49859181877,3.569991651807,
    3.641391484843,3.712791317879,3.784191150915,3.855590983951,
    3.926990816987,3.998390650023,4.069790483059,4.141190316096,
    4.212590149132,4.283989982168,4.355389815204,4.42678964824,
    4.498189481276,4.569589314312,4.640989147349,4.712388980385),
  .QUASI_UNIFORM_KNOTS.);
#10678 = CARTESIAN_POINT('',(0.,0.942373326529));
#10679 = CARTESIAN_POINT('',(4.051350416188E-02,0.942390678917));
#10680 = CARTESIAN_POINT('',(0.121439854042,0.940020212547));
#10681 = CARTESIAN_POINT('',(0.240592311193,0.929597099621));
#10682 = CARTESIAN_POINT('',(0.355389139088,0.912584322075));
#10683 = CARTESIAN_POINT('',(0.464353918503,0.889505858266));
#10684 = CARTESIAN_POINT('',(0.566562282016,0.860967404189));
#10685 = CARTESIAN_POINT('',(0.661641889151,0.827619192868));
#10686 = CARTESIAN_POINT('',(0.749646866183,0.790099087328));
#10687 = CARTESIAN_POINT('',(0.83092800642,0.749001999902));
#10688 = CARTESIAN_POINT('',(0.906012659569,0.704862474717));
#10689 = CARTESIAN_POINT('',(0.975513423999,0.658149374297));
#10690 = CARTESIAN_POINT('',(1.040065461549,0.609267633051));
#10691 = CARTESIAN_POINT('',(1.100287916195,0.558563960806));
#10692 = CARTESIAN_POINT('',(1.156762897554,0.506334180464));
#10693 = CARTESIAN_POINT('',(1.2100262631,0.452830861294));
#10694 = CARTESIAN_POINT('',(1.260565763757,0.398270526652));
#10695 = CARTESIAN_POINT('',(1.308823475115,0.342840121599));
#10696 = CARTESIAN_POINT('',(1.355200522688,0.286702661425));
#10697 = CARTESIAN_POINT('',(1.400062851413,0.230002089966));
#10698 = CARTESIAN_POINT('',(1.44374743568,0.172867492439));
#10699 = CARTESIAN_POINT('',(1.486568192549,0.115416611341));
#10700 = CARTESIAN_POINT('',(1.528822815661,5.775942926618E-02));
#10701 = CARTESIAN_POINT('',(1.556804505647,1.92528405729E-02));
#10702 = CARTESIAN_POINT('',(1.570796326795,0.));
#10703 = ( GEOMETRIC_REPRESENTATION_CONTEXT(2) 
PARAMETRIC_REPRESENTATION_CONTEXT() REPRESENTATION_CONTEXT('2D SPACE',''
  ) );
#10704 = ORIENTED_EDGE('',*,*,#1382,.F.);
#10705 = ORIENTED_EDGE('',*,*,#10614,.T.);
#10706 = ORIENTED_EDGE('',*,*,#10025,.F.);
#10707 = ADVANCED_FACE('',(#10708),#10317,.T.);
#10708 = FACE_BOUND('',#10709,.T.);
#10709 = EDGE_LOOP('',(#10710,#10711,#10712,#10713));
#10710 = ORIENTED_EDGE('',*,*,#10329,.F.);
#10711 = ORIENTED_EDGE('',*,*,#10300,.F.);
#10712 = ORIENTED_EDGE('',*,*,#10661,.T.);
#10713 = ORIENTED_EDGE('',*,*,#10714,.F.);
#10714 = EDGE_CURVE('',#9638,#9998,#10715,.T.);
#10715 = SURFACE_CURVE('',#10716,(#10721,#10750),.PCURVE_S1.);
#10716 = CIRCLE('',#10717,1.E-01);
#10717 = AXIS2_PLACEMENT_3D('',#10718,#10719,#10720);
#10718 = CARTESIAN_POINT('',(-2.650459590638,12.612883309179,-3.));
#10719 = DIRECTION('',(-0.887632620362,-0.460552202545,0.));
#10720 = DIRECTION('',(0.460552202545,-0.887632620362,0.));
#10721 = PCURVE('',#10317,#10722);
#10722 = DEFINITIONAL_REPRESENTATION('',(#10723),#10749);
#10723 = B_SPLINE_CURVE_WITH_KNOTS('',3,(#10724,#10725,#10726,#10727,
    #10728,#10729,#10730,#10731,#10732,#10733,#10734,#10735,#10736,
    #10737,#10738,#10739,#10740,#10741,#10742,#10743,#10744,#10745,
    #10746,#10747,#10748),.UNSPECIFIED.,.F.,.F.,(4,1,1,1,1,1,1,1,1,1,1,1
    ,1,1,1,1,1,1,1,1,1,1,4),(3.14159265359,3.212992486626,3.284392319662
    ,3.355792152698,3.427191985734,3.49859181877,3.569991651807,
    3.641391484843,3.712791317879,3.784191150915,3.855590983951,
    3.926990816987,3.998390650023,4.06979048306,4.141190316096,
    4.212590149132,4.283989982168,4.355389815204,4.42678964824,
    4.498189481276,4.569589314312,4.640989147349,4.712388980385),
  .QUASI_UNIFORM_KNOTS.);
#10724 = CARTESIAN_POINT('',(3.14159265359,1.092179121518));
#10725 = CARTESIAN_POINT('',(3.089797572776,1.092218563329));
#10726 = CARTESIAN_POINT('',(2.986626598568,1.088868640771));
#10727 = CARTESIAN_POINT('',(2.837280814107,1.074381066485));
#10728 = CARTESIAN_POINT('',(2.698209309365,1.051115469175));
#10729 = CARTESIAN_POINT('',(2.571788978212,1.020243228571));
#10730 = CARTESIAN_POINT('',(2.45873834256,0.982976583496));
#10731 = CARTESIAN_POINT('',(2.358484296803,0.940470468728));
#10732 = CARTESIAN_POINT('',(2.269790099559,0.893727002578));
#10733 = CARTESIAN_POINT('',(2.191167384742,0.843578600997));
#10734 = CARTESIAN_POINT('',(2.121131445694,0.790697550042));
#10735 = CARTESIAN_POINT('',(2.05832312215,0.735619868696));
#10736 = CARTESIAN_POINT('',(2.001553534386,0.678771031911));
#10737 = CARTESIAN_POINT('',(1.949807150475,0.620489351763));
#10738 = CARTESIAN_POINT('',(1.902226108942,0.561045394219));
#10739 = CARTESIAN_POINT('',(1.858087885944,0.500657457678));
#10740 = CARTESIAN_POINT('',(1.816782313675,0.439503649844));
#10741 = CARTESIAN_POINT('',(1.777790515134,0.377731234348));
#10742 = CARTESIAN_POINT('',(1.740666583041,0.315463868368));
#10743 = CARTESIAN_POINT('',(1.705022054488,0.25280723632));
#10744 = CARTESIAN_POINT('',(1.670512718744,0.189853527389));
#10745 = CARTESIAN_POINT('',(1.636827812064,0.126684930476));
#10746 = CARTESIAN_POINT('',(1.603679283615,6.337693529313E-02));
#10747 = CARTESIAN_POINT('',(1.58175819059,2.112538967237E-02));
#10748 = CARTESIAN_POINT('',(1.570796326795,0.));
#10749 = ( GEOMETRIC_REPRESENTATION_CONTEXT(2) 
PARAMETRIC_REPRESENTATION_CONTEXT() REPRESENTATION_CONTEXT('2D SPACE',''
  ) );
#10750 = PCURVE('',#9675,#10751);
#10751 = DEFINITIONAL_REPRESENTATION('',(#10752),#10756);
#10752 = LINE('',#10753,#10754);
#10753 = CARTESIAN_POINT('',(2.049413532072,9.424777960769));
#10754 = VECTOR('',#10755,1.);
#10755 = DIRECTION('',(0.,-1.));
#10756 = ( GEOMETRIC_REPRESENTATION_CONTEXT(2) 
PARAMETRIC_REPRESENTATION_CONTEXT() REPRESENTATION_CONTEXT('2D SPACE',''
  ) );
#10757 = ADVANCED_FACE('',(#10758),#9675,.T.);
#10758 = FACE_BOUND('',#10759,.T.);
#10759 = EDGE_LOOP('',(#10760,#10761,#10762,#10763));
#10760 = ORIENTED_EDGE('',*,*,#10714,.T.);
#10761 = ORIENTED_EDGE('',*,*,#9997,.F.);
#10762 = ORIENTED_EDGE('',*,*,#9767,.F.);
#10763 = ORIENTED_EDGE('',*,*,#9660,.F.);
#10764 = ADVANCED_FACE('',(#10765),#1608,.T.);
#10765 = FACE_BOUND('',#10766,.T.);
#10766 = EDGE_LOOP('',(#10767,#10790,#10791,#10814));
#10767 = ORIENTED_EDGE('',*,*,#10768,.T.);
#10768 = EDGE_CURVE('',#10769,#1562,#10771,.T.);
#10769 = VERTEX_POINT('',#10770);
#10770 = CARTESIAN_POINT('',(4.145026204194,10.426411336808,
    0.13622840874));
#10771 = SURFACE_CURVE('',#10772,(#10776,#10783),.PCURVE_S1.);
#10772 = LINE('',#10773,#10774);
#10773 = CARTESIAN_POINT('',(4.145401274145,10.476409930014,
    0.13622840874));
#10774 = VECTOR('',#10775,1.);
#10775 = DIRECTION('',(7.501399020318E-03,0.999971864111,
    7.471928086964E-17));
#10776 = PCURVE('',#1608,#10777);
#10777 = DEFINITIONAL_REPRESENTATION('',(#10778),#10782);
#10778 = LINE('',#10779,#10780);
#10779 = CARTESIAN_POINT('',(-0.13622840874,-0.));
#10780 = VECTOR('',#10781,1.);
#10781 = DIRECTION('',(-7.471928086964E-17,-1.));
#10782 = ( GEOMETRIC_REPRESENTATION_CONTEXT(2) 
PARAMETRIC_REPRESENTATION_CONTEXT() REPRESENTATION_CONTEXT('2D SPACE',''
  ) );
#10783 = PCURVE('',#1578,#10784);
#10784 = DEFINITIONAL_REPRESENTATION('',(#10785),#10789);
#10785 = LINE('',#10786,#10787);
#10786 = CARTESIAN_POINT('',(-8.70782804101E-02,-11.60794541783));
#10787 = VECTOR('',#10788,1.);
#10788 = DIRECTION('',(7.501399020318E-03,0.999971864111));
#10789 = ( GEOMETRIC_REPRESENTATION_CONTEXT(2) 
PARAMETRIC_REPRESENTATION_CONTEXT() REPRESENTATION_CONTEXT('2D SPACE',''
  ) );
#10790 = ORIENTED_EDGE('',*,*,#1594,.T.);
#10791 = ORIENTED_EDGE('',*,*,#10792,.F.);
#10792 = EDGE_CURVE('',#10793,#1499,#10795,.T.);
#10793 = VERTEX_POINT('',#10794);
#10794 = CARTESIAN_POINT('',(4.145026204194,10.426411336808,
    -0.13622840874));
#10795 = SURFACE_CURVE('',#10796,(#10800,#10807),.PCURVE_S1.);
#10796 = LINE('',#10797,#10798);
#10797 = CARTESIAN_POINT('',(4.145401274145,10.476409930014,
    -0.13622840874));
#10798 = VECTOR('',#10799,1.);
#10799 = DIRECTION('',(7.501399020318E-03,0.999971864111,
    7.471928086964E-17));
#10800 = PCURVE('',#1608,#10801);
#10801 = DEFINITIONAL_REPRESENTATION('',(#10802),#10806);
#10802 = LINE('',#10803,#10804);
#10803 = CARTESIAN_POINT('',(0.13622840874,1.776306860021E-15));
#10804 = VECTOR('',#10805,1.);
#10805 = DIRECTION('',(-7.471928086964E-17,-1.));
#10806 = ( GEOMETRIC_REPRESENTATION_CONTEXT(2) 
PARAMETRIC_REPRESENTATION_CONTEXT() REPRESENTATION_CONTEXT('2D SPACE',''
  ) );
#10807 = PCURVE('',#1517,#10808);
#10808 = DEFINITIONAL_REPRESENTATION('',(#10809),#10813);
#10809 = LINE('',#10810,#10811);
#10810 = CARTESIAN_POINT('',(-8.707828041009E-02,-11.60794541783));
#10811 = VECTOR('',#10812,1.);
#10812 = DIRECTION('',(7.501399020318E-03,0.999971864111));
#10813 = ( GEOMETRIC_REPRESENTATION_CONTEXT(2) 
PARAMETRIC_REPRESENTATION_CONTEXT() REPRESENTATION_CONTEXT('2D SPACE',''
  ) );
#10814 = ORIENTED_EDGE('',*,*,#10815,.F.);
#10815 = EDGE_CURVE('',#10769,#10793,#10816,.T.);
#10816 = SURFACE_CURVE('',#10817,(#10821,#10828),.PCURVE_S1.);
#10817 = LINE('',#10818,#10819);
#10818 = CARTESIAN_POINT('',(4.145026204194,10.426411336808,3.1));
#10819 = VECTOR('',#10820,1.);
#10820 = DIRECTION('',(-0.,-0.,-1.));
#10821 = PCURVE('',#1608,#10822);
#10822 = DEFINITIONAL_REPRESENTATION('',(#10823),#10827);
#10823 = LINE('',#10824,#10825);
#10824 = CARTESIAN_POINT('',(-3.1,5.E-02));
#10825 = VECTOR('',#10826,1.);
#10826 = DIRECTION('',(1.,0.));
#10827 = ( GEOMETRIC_REPRESENTATION_CONTEXT(2) 
PARAMETRIC_REPRESENTATION_CONTEXT() REPRESENTATION_CONTEXT('2D SPACE',''
  ) );
#10828 = PCURVE('',#10829,#10834);
#10829 = CYLINDRICAL_SURFACE('',#10830,11.65827202689);
#10830 = AXIS2_PLACEMENT_3D('',#10831,#10832,#10833);
#10831 = CARTESIAN_POINT('',(4.232479554555,22.084355347846,3.1));
#10832 = DIRECTION('',(-0.,-0.,-1.));
#10833 = DIRECTION('',(-1.,0.,0.));
#10834 = DEFINITIONAL_REPRESENTATION('',(#10835),#10839);
#10835 = LINE('',#10836,#10837);
#10836 = CARTESIAN_POINT('',(4.719890449759,0.));
#10837 = VECTOR('',#10838,1.);
#10838 = DIRECTION('',(0.,1.));
#10839 = ( GEOMETRIC_REPRESENTATION_CONTEXT(2) 
PARAMETRIC_REPRESENTATION_CONTEXT() REPRESENTATION_CONTEXT('2D SPACE',''
  ) );
#10840 = ADVANCED_FACE('',(#10841),#1517,.T.);
#10841 = FACE_BOUND('',#10842,.T.);
#10842 = EDGE_LOOP('',(#10843,#10844,#10845,#10868));
#10843 = ORIENTED_EDGE('',*,*,#10792,.T.);
#10844 = ORIENTED_EDGE('',*,*,#1498,.T.);
#10845 = ORIENTED_EDGE('',*,*,#10846,.F.);
#10846 = EDGE_CURVE('',#10847,#1501,#10849,.T.);
#10847 = VERTEX_POINT('',#10848);
#10848 = CARTESIAN_POINT('',(2.136835992559,10.615982110371,
    -0.13622840874));
#10849 = SURFACE_CURVE('',#10850,(#10854,#10861),.PCURVE_S1.);
#10850 = LINE('',#10851,#10852);
#10851 = CARTESIAN_POINT('',(2.145823789194,10.665167672395,
    -0.13622840874));
#10852 = VECTOR('',#10853,1.);
#10853 = DIRECTION('',(0.179755932711,0.983711240484,7.471928086964E-17)
  );
#10854 = PCURVE('',#1517,#10855);
#10855 = DEFINITIONAL_REPRESENTATION('',(#10856),#10860);
#10856 = LINE('',#10857,#10858);
#10857 = CARTESIAN_POINT('',(-2.08665576536,-11.41918767545));
#10858 = VECTOR('',#10859,1.);
#10859 = DIRECTION('',(0.179755932711,0.983711240484));
#10860 = ( GEOMETRIC_REPRESENTATION_CONTEXT(2) 
PARAMETRIC_REPRESENTATION_CONTEXT() REPRESENTATION_CONTEXT('2D SPACE',''
  ) );
#10861 = PCURVE('',#1549,#10862);
#10862 = DEFINITIONAL_REPRESENTATION('',(#10863),#10867);
#10863 = LINE('',#10864,#10865);
#10864 = CARTESIAN_POINT('',(-0.13622840874,-0.));
#10865 = VECTOR('',#10866,1.);
#10866 = DIRECTION('',(7.471928086964E-17,-1.));
#10867 = ( GEOMETRIC_REPRESENTATION_CONTEXT(2) 
PARAMETRIC_REPRESENTATION_CONTEXT() REPRESENTATION_CONTEXT('2D SPACE',''
  ) );
#10868 = ORIENTED_EDGE('',*,*,#10869,.F.);
#10869 = EDGE_CURVE('',#10793,#10847,#10870,.T.);
#10870 = SURFACE_CURVE('',#10871,(#10876,#10887),.PCURVE_S1.);
#10871 = CIRCLE('',#10872,11.65827202689);
#10872 = AXIS2_PLACEMENT_3D('',#10873,#10874,#10875);
#10873 = CARTESIAN_POINT('',(4.232479554555,22.084355347846,
    -0.13622840874));
#10874 = DIRECTION('',(-0.,0.,-1.));
#10875 = DIRECTION('',(-1.,0.,0.));
#10876 = PCURVE('',#1517,#10877);
#10877 = DEFINITIONAL_REPRESENTATION('',(#10878),#10886);
#10878 = ( BOUNDED_CURVE() B_SPLINE_CURVE(2,(#10879,#10880,#10881,#10882
    ,#10883,#10884,#10885),.UNSPECIFIED.,.T.,.F.) 
B_SPLINE_CURVE_WITH_KNOTS((1,2,2,2,2,1),(-2.094395102393,0.,
    2.094395102393,4.188790204786,6.28318530718,8.377580409573),
.UNSPECIFIED.) CURVE() GEOMETRIC_REPRESENTATION_ITEM() 
RATIONAL_B_SPLINE_CURVE((1.,0.5,1.,0.5,1.,0.5,1.)) REPRESENTATION_ITEM(
  '') );
#10879 = CARTESIAN_POINT('',(-11.65827202689,0.));
#10880 = CARTESIAN_POINT('',(-11.65827202689,20.192719479033));
#10881 = CARTESIAN_POINT('',(5.829136013445,10.096359739516));
#10882 = CARTESIAN_POINT('',(23.31654405378,2.855453104264E-15));
#10883 = CARTESIAN_POINT('',(5.829136013445,-10.09635973951));
#10884 = CARTESIAN_POINT('',(-11.65827202689,-20.19271947903));
#10885 = CARTESIAN_POINT('',(-11.65827202689,0.));
#10886 = ( GEOMETRIC_REPRESENTATION_CONTEXT(2) 
PARAMETRIC_REPRESENTATION_CONTEXT() REPRESENTATION_CONTEXT('2D SPACE',''
  ) );
#10887 = PCURVE('',#10829,#10888);
#10888 = DEFINITIONAL_REPRESENTATION('',(#10889),#10893);
#10889 = LINE('',#10890,#10891);
#10890 = CARTESIAN_POINT('',(0.,3.23622840874));
#10891 = VECTOR('',#10892,1.);
#10892 = DIRECTION('',(1.,0.));
#10893 = ( GEOMETRIC_REPRESENTATION_CONTEXT(2) 
PARAMETRIC_REPRESENTATION_CONTEXT() REPRESENTATION_CONTEXT('2D SPACE',''
  ) );
#10894 = ADVANCED_FACE('',(#10895),#1549,.T.);
#10895 = FACE_BOUND('',#10896,.T.);
#10896 = EDGE_LOOP('',(#10897,#10898,#10899,#10922));
#10897 = ORIENTED_EDGE('',*,*,#10846,.T.);
#10898 = ORIENTED_EDGE('',*,*,#1533,.T.);
#10899 = ORIENTED_EDGE('',*,*,#10900,.F.);
#10900 = EDGE_CURVE('',#10901,#1534,#10903,.T.);
#10901 = VERTEX_POINT('',#10902);
#10902 = CARTESIAN_POINT('',(2.136835992559,10.615982110371,
    0.13622840874));
#10903 = SURFACE_CURVE('',#10904,(#10908,#10915),.PCURVE_S1.);
#10904 = LINE('',#10905,#10906);
#10905 = CARTESIAN_POINT('',(2.145823789194,10.665167672395,
    0.13622840874));
#10906 = VECTOR('',#10907,1.);
#10907 = DIRECTION('',(0.179755932711,0.983711240484,7.471928086964E-17)
  );
#10908 = PCURVE('',#1549,#10909);
#10909 = DEFINITIONAL_REPRESENTATION('',(#10910),#10914);
#10910 = LINE('',#10911,#10912);
#10911 = CARTESIAN_POINT('',(0.13622840874,0.));
#10912 = VECTOR('',#10913,1.);
#10913 = DIRECTION('',(7.471928086964E-17,-1.));
#10914 = ( GEOMETRIC_REPRESENTATION_CONTEXT(2) 
PARAMETRIC_REPRESENTATION_CONTEXT() REPRESENTATION_CONTEXT('2D SPACE',''
  ) );
#10915 = PCURVE('',#1578,#10916);
#10916 = DEFINITIONAL_REPRESENTATION('',(#10917),#10921);
#10917 = LINE('',#10918,#10919);
#10918 = CARTESIAN_POINT('',(-2.08665576536,-11.41918767545));
#10919 = VECTOR('',#10920,1.);
#10920 = DIRECTION('',(0.179755932711,0.983711240484));
#10921 = ( GEOMETRIC_REPRESENTATION_CONTEXT(2) 
PARAMETRIC_REPRESENTATION_CONTEXT() REPRESENTATION_CONTEXT('2D SPACE',''
  ) );
#10922 = ORIENTED_EDGE('',*,*,#10923,.F.);
#10923 = EDGE_CURVE('',#10847,#10901,#10924,.T.);
#10924 = SURFACE_CURVE('',#10925,(#10929,#10936),.PCURVE_S1.);
#10925 = LINE('',#10926,#10927);
#10926 = CARTESIAN_POINT('',(2.136835992559,10.615982110371,3.1));
#10927 = VECTOR('',#10928,1.);
#10928 = DIRECTION('',(0.,0.,1.));
#10929 = PCURVE('',#1549,#10930);
#10930 = DEFINITIONAL_REPRESENTATION('',(#10931),#10935);
#10931 = LINE('',#10932,#10933);
#10932 = CARTESIAN_POINT('',(3.1,5.E-02));
#10933 = VECTOR('',#10934,1.);
#10934 = DIRECTION('',(1.,0.));
#10935 = ( GEOMETRIC_REPRESENTATION_CONTEXT(2) 
PARAMETRIC_REPRESENTATION_CONTEXT() REPRESENTATION_CONTEXT('2D SPACE',''
  ) );
#10936 = PCURVE('',#10829,#10937);
#10937 = DEFINITIONAL_REPRESENTATION('',(#10938),#10942);
#10938 = LINE('',#10939,#10940);
#10939 = CARTESIAN_POINT('',(4.893127317333,0.));
#10940 = VECTOR('',#10941,1.);
#10941 = DIRECTION('',(0.,-1.));
#10942 = ( GEOMETRIC_REPRESENTATION_CONTEXT(2) 
PARAMETRIC_REPRESENTATION_CONTEXT() REPRESENTATION_CONTEXT('2D SPACE',''
  ) );
#10943 = ADVANCED_FACE('',(#10944),#1578,.F.);
#10944 = FACE_BOUND('',#10945,.T.);
#10945 = EDGE_LOOP('',(#10946,#10972,#10973,#10974));
#10946 = ORIENTED_EDGE('',*,*,#10947,.T.);
#10947 = EDGE_CURVE('',#10769,#10901,#10948,.T.);
#10948 = SURFACE_CURVE('',#10949,(#10954,#10965),.PCURVE_S1.);
#10949 = CIRCLE('',#10950,11.65827202689);
#10950 = AXIS2_PLACEMENT_3D('',#10951,#10952,#10953);
#10951 = CARTESIAN_POINT('',(4.232479554555,22.084355347846,
    0.13622840874));
#10952 = DIRECTION('',(-0.,0.,-1.));
#10953 = DIRECTION('',(-1.,0.,0.));
#10954 = PCURVE('',#1578,#10955);
#10955 = DEFINITIONAL_REPRESENTATION('',(#10956),#10964);
#10956 = ( BOUNDED_CURVE() B_SPLINE_CURVE(2,(#10957,#10958,#10959,#10960
    ,#10961,#10962,#10963),.UNSPECIFIED.,.T.,.F.) 
B_SPLINE_CURVE_WITH_KNOTS((1,2,2,2,2,1),(-2.094395102393,0.,
    2.094395102393,4.188790204786,6.28318530718,8.377580409573),
.UNSPECIFIED.) CURVE() GEOMETRIC_REPRESENTATION_ITEM() 
RATIONAL_B_SPLINE_CURVE((1.,0.5,1.,0.5,1.,0.5,1.)) REPRESENTATION_ITEM(
  '') );
#10957 = CARTESIAN_POINT('',(-11.65827202689,0.));
#10958 = CARTESIAN_POINT('',(-11.65827202689,20.192719479033));
#10959 = CARTESIAN_POINT('',(5.829136013445,10.096359739516));
#10960 = CARTESIAN_POINT('',(23.31654405378,2.855453104264E-15));
#10961 = CARTESIAN_POINT('',(5.829136013445,-10.09635973951));
#10962 = CARTESIAN_POINT('',(-11.65827202689,-20.19271947903));
#10963 = CARTESIAN_POINT('',(-11.65827202689,0.));
#10964 = ( GEOMETRIC_REPRESENTATION_CONTEXT(2) 
PARAMETRIC_REPRESENTATION_CONTEXT() REPRESENTATION_CONTEXT('2D SPACE',''
  ) );
#10965 = PCURVE('',#10829,#10966);
#10966 = DEFINITIONAL_REPRESENTATION('',(#10967),#10971);
#10967 = LINE('',#10968,#10969);
#10968 = CARTESIAN_POINT('',(0.,2.96377159126));
#10969 = VECTOR('',#10970,1.);
#10970 = DIRECTION('',(1.,0.));
#10971 = ( GEOMETRIC_REPRESENTATION_CONTEXT(2) 
PARAMETRIC_REPRESENTATION_CONTEXT() REPRESENTATION_CONTEXT('2D SPACE',''
  ) );
#10972 = ORIENTED_EDGE('',*,*,#10900,.T.);
#10973 = ORIENTED_EDGE('',*,*,#1561,.F.);
#10974 = ORIENTED_EDGE('',*,*,#10768,.F.);
#10975 = ADVANCED_FACE('',(#10976),#10829,.F.);
#10976 = FACE_BOUND('',#10977,.F.);
#10977 = EDGE_LOOP('',(#10978,#10979,#10980,#10981));
#10978 = ORIENTED_EDGE('',*,*,#10869,.F.);
#10979 = ORIENTED_EDGE('',*,*,#10815,.F.);
#10980 = ORIENTED_EDGE('',*,*,#10947,.T.);
#10981 = ORIENTED_EDGE('',*,*,#10923,.F.);
#10982 = ADVANCED_FACE('',(#10983),#684,.T.);
#10983 = FACE_BOUND('',#10984,.T.);
#10984 = EDGE_LOOP('',(#10985,#10986,#11110,#11111));
#10985 = ORIENTED_EDGE('',*,*,#669,.F.);
#10986 = ORIENTED_EDGE('',*,*,#10987,.F.);
#10987 = EDGE_CURVE('',#461,#459,#10988,.T.);
#10988 = SURFACE_CURVE('',#10989,(#11008,#11059),.PCURVE_S1.);
#10989 = B_SPLINE_CURVE_WITH_KNOTS('',3,(#10990,#10991,#10992,#10993,
    #10994,#10995,#10996,#10997,#10998,#10999,#11000,#11001,#11002,
    #11003,#11004,#11005,#11006,#11007),.UNSPECIFIED.,.F.,.F.,(4,2,2,2,2
    ,2,2,2,4),(0.,6.25E-02,0.125,0.1875,0.25,0.3125,0.375,0.4375,0.5),
  .UNSPECIFIED.);
#10990 = CARTESIAN_POINT('',(-0.155982083109,11.28358171316,
    1.070750049386));
#10991 = CARTESIAN_POINT('',(-2.848171702861E-02,11.231777047656,
    1.069519733826));
#10992 = CARTESIAN_POINT('',(9.744416831963E-02,11.183209812195,
    1.041633723891));
#10993 = CARTESIAN_POINT('',(0.350704770132,11.0904790452,0.930420710666
    ));
#10994 = CARTESIAN_POINT('',(0.461940010793,11.052200742977,
    0.853748943791));
#10995 = CARTESIAN_POINT('',(0.652660806472,10.988847184284,
    0.658098582908));
#10996 = CARTESIAN_POINT('',(0.72744414863,10.965319561095,
    0.540561207484));
#10997 = CARTESIAN_POINT('',(0.83072742555,10.933287574909,
    0.276942260501));
#10998 = CARTESIAN_POINT('',(0.8568138069,10.925493956391,0.139243180261
    ));
#10999 = CARTESIAN_POINT('',(0.857531671759,10.925276820387,
    -0.142962067227));
#11000 = CARTESIAN_POINT('',(0.830623405241,10.933311750923,
    -0.279982206719));
#11001 = CARTESIAN_POINT('',(0.724409261489,10.966269119542,
    -0.541470614583));
#11002 = CARTESIAN_POINT('',(0.650542662866,10.989523750163,
    -0.656620296329));
#11003 = CARTESIAN_POINT('',(0.458366863752,11.053415520519,
    -0.859729279294));
#11004 = CARTESIAN_POINT('',(0.34900609724,11.091123658362,
    -0.936712505121));
#11005 = CARTESIAN_POINT('',(0.102668013713,11.181274787313,
    -1.042411961188));
#11006 = CARTESIAN_POINT('',(-2.46767981473E-02,11.230185173328,
    -1.068871185923));
#11007 = CARTESIAN_POINT('',(-0.159182948266,11.284882809139,
    -1.068941642167));
#11008 = PCURVE('',#684,#11009);
#11009 = DEFINITIONAL_REPRESENTATION('',(#11010),#11058);
#11010 = B_SPLINE_CURVE_WITH_KNOTS('',3,(#11011,#11012,#11013,#11014,
    #11015,#11016,#11017,#11018,#11019,#11020,#11021,#11022,#11023,
    #11024,#11025,#11026,#11027,#11028,#11029,#11030,#11031,#11032,
    #11033,#11034,#11035,#11036,#11037,#11038,#11039,#11040,#11041,
    #11042,#11043,#11044,#11045,#11046,#11047,#11048,#11049,#11050,
    #11051,#11052,#11053,#11054,#11055,#11056,#11057),.UNSPECIFIED.,.F.,
  .F.,(4,1,1,1,1,1,1,1,1,1,1,1,1,1,1,1,1,1,1,1,1,1,1,1,1,1,1,1,1,1,1,1,1
    ,1,1,1,1,1,1,1,1,1,1,1,4),(0.,1.136363636364E-02,2.272727272727E-02,
    3.409090909091E-02,4.545454545455E-02,5.681818181818E-02,
    6.818181818182E-02,7.954545454545E-02,9.090909090909E-02,
    0.102272727273,0.113636363636,0.125,0.136363636364,0.147727272727,
    0.159090909091,0.170454545455,0.181818181818,0.193181818182,
    0.204545454545,0.215909090909,0.227272727273,0.238636363636,0.25,
    0.261363636364,0.272727272727,0.284090909091,0.295454545455,
    0.306818181818,0.318181818182,0.329545454545,0.340909090909,
    0.352272727273,0.363636363636,0.375,0.386363636364,0.397727272727,
    0.409090909091,0.420454545455,0.431818181818,0.443181818182,
    0.454545454545,0.465909090909,0.477272727273,0.488636363636,0.5),
  .QUASI_UNIFORM_KNOTS.);
#11011 = CARTESIAN_POINT('',(0.,0.));
#11012 = CARTESIAN_POINT('',(3.524029689531E-14,3.787878787879E-03));
#11013 = CARTESIAN_POINT('',(2.228633903283E-11,1.136363635415E-02));
#11014 = CARTESIAN_POINT('',(-7.796324625828E-11,2.272727276047E-02));
#11015 = CARTESIAN_POINT('',(2.893365667793E-10,3.40909089676E-02));
#11016 = CARTESIAN_POINT('',(-1.079341608539E-09,4.545454591458E-02));
#11017 = CARTESIAN_POINT('',(4.02755136349E-09,5.681818010136E-02));
#11018 = CARTESIAN_POINT('',(-1.503106136235E-08,6.818182458907E-02));
#11019 = CARTESIAN_POINT('',(5.609677982715E-08,7.954543063328E-02));
#11020 = CARTESIAN_POINT('',(-2.093556911783E-07,9.090918015055E-02));
#11021 = CARTESIAN_POINT('',(7.813262038489E-07,0.102272394219));
#11022 = CARTESIAN_POINT('',(-2.915949057386E-06,0.113637606609));
#11023 = CARTESIAN_POINT('',(1.088247015089E-05,0.124995361161));
#11024 = CARTESIAN_POINT('',(-4.061393137101E-05,0.136380948746));
#11025 = CARTESIAN_POINT('',(-1.898861767185E-04,0.147797404235));
#11026 = CARTESIAN_POINT('',(-1.531878187452E-04,0.159222900765));
#11027 = CARTESIAN_POINT('',(-1.525460210593E-04,0.170535463749));
#11028 = CARTESIAN_POINT('',(6.992222057576E-06,0.181816228475));
#11029 = CARTESIAN_POINT('',(-1.873560246347E-06,0.193182341579));
#11030 = CARTESIAN_POINT('',(5.020188358328E-07,0.204545314302));
#11031 = CARTESIAN_POINT('',(-1.345155978277E-07,0.215909128487));
#11032 = CARTESIAN_POINT('',(3.604332739002E-08,0.227272717204));
#11033 = CARTESIAN_POINT('',(-9.65787491206E-09,0.238636366334));
#11034 = CARTESIAN_POINT('',(2.587866110611E-09,0.249999999277));
#11035 = CARTESIAN_POINT('',(-6.933995452891E-10,0.261363636557));
#11036 = CARTESIAN_POINT('',(1.857366495125E-10,0.272727272675));
#11037 = CARTESIAN_POINT('',(-4.972014218974E-11,0.284090909105));
#11038 = CARTESIAN_POINT('',(1.322038462815E-11,0.295454545451));
#11039 = CARTESIAN_POINT('',(-3.066508057443E-12,0.306818181819));
#11040 = CARTESIAN_POINT('',(-8.528409083533E-13,0.318181818181));
#11041 = CARTESIAN_POINT('',(6.785540814983E-12,0.329545454547));
#11042 = CARTESIAN_POINT('',(-2.602684388148E-11,0.340909090902));
#11043 = CARTESIAN_POINT('',(9.73157973185E-11,0.352272727298));
#11044 = CARTESIAN_POINT('',(-3.630806362974E-10,0.363636363543));
#11045 = CARTESIAN_POINT('',(1.355320064476E-09,0.37500000035));
#11046 = CARTESIAN_POINT('',(-5.058175281957E-09,0.386363635059));
#11047 = CARTESIAN_POINT('',(1.887794554665E-08,0.397727277596));
#11048 = CARTESIAN_POINT('',(-7.045316551077E-08,0.40909089092));
#11049 = CARTESIAN_POINT('',(2.629348291836E-07,0.42045461327));
#11050 = CARTESIAN_POINT('',(-9.812863605425E-07,0.431817928728));
#11051 = CARTESIAN_POINT('',(3.662210696477E-06,0.443182762728));
#11052 = CARTESIAN_POINT('',(-1.276618303209E-04,0.454519574918));
#11053 = CARTESIAN_POINT('',(-1.626195197248E-04,0.46584608927));
#11054 = CARTESIAN_POINT('',(-1.507076056643E-04,0.477199307387));
#11055 = CARTESIAN_POINT('',(-1.439394816325E-05,0.488614275302));
#11056 = CARTESIAN_POINT('',(1.902894257897E-05,0.496212037144));
#11057 = CARTESIAN_POINT('',(0.,0.5));
#11058 = ( GEOMETRIC_REPRESENTATION_CONTEXT(2) 
PARAMETRIC_REPRESENTATION_CONTEXT() REPRESENTATION_CONTEXT('2D SPACE',''
  ) );
#11059 = PCURVE('',#399,#11060);
#11060 = DEFINITIONAL_REPRESENTATION('',(#11061),#11109);
#11061 = B_SPLINE_CURVE_WITH_KNOTS('',3,(#11062,#11063,#11064,#11065,
    #11066,#11067,#11068,#11069,#11070,#11071,#11072,#11073,#11074,
    #11075,#11076,#11077,#11078,#11079,#11080,#11081,#11082,#11083,
    #11084,#11085,#11086,#11087,#11088,#11089,#11090,#11091,#11092,
    #11093,#11094,#11095,#11096,#11097,#11098,#11099,#11100,#11101,
    #11102,#11103,#11104,#11105,#11106,#11107,#11108),.UNSPECIFIED.,.F.,
  .F.,(4,1,1,1,1,1,1,1,1,1,1,1,1,1,1,1,1,1,1,1,1,1,1,1,1,1,1,1,1,1,1,1,1
    ,1,1,1,1,1,1,1,1,1,1,1,4),(0.,1.136363636364E-02,2.272727272727E-02,
    3.409090909091E-02,4.545454545455E-02,5.681818181818E-02,
    6.818181818182E-02,7.954545454545E-02,9.090909090909E-02,
    0.102272727273,0.113636363636,0.125,0.136363636364,0.147727272727,
    0.159090909091,0.170454545455,0.181818181818,0.193181818182,
    0.204545454545,0.215909090909,0.227272727273,0.238636363636,0.25,
    0.261363636364,0.272727272727,0.284090909091,0.295454545455,
    0.306818181818,0.318181818182,0.329545454545,0.340909090909,
    0.352272727273,0.363636363636,0.375,0.386363636364,0.397727272727,
    0.409090909091,0.420454545455,0.431818181818,0.443181818182,
    0.454545454545,0.465909090909,0.477272727273,0.488636363636,0.5),
  .QUASI_UNIFORM_KNOTS.);
#11062 = CARTESIAN_POINT('',(5.098323093669,2.029249950614));
#11063 = CARTESIAN_POINT('',(5.096176776668,2.029473644352));
#11064 = CARTESIAN_POINT('',(5.091899351102,2.031683278039));
#11065 = CARTESIAN_POINT('',(5.085520617816,2.04032389102));
#11066 = CARTESIAN_POINT('',(5.079171972223,2.05432599532));
#11067 = CARTESIAN_POINT('',(5.07284293688,2.073739252144));
#11068 = CARTESIAN_POINT('',(5.066534791904,2.098560088303));
#11069 = CARTESIAN_POINT('',(5.060204986488,2.128983535845));
#11070 = CARTESIAN_POINT('',(5.054194262652,2.163469002476));
#11071 = CARTESIAN_POINT('',(5.048469442128,2.202168351803));
#11072 = CARTESIAN_POINT('',(5.043038040955,2.245048163641));
#11073 = CARTESIAN_POINT('',(5.037901251446,2.292109329618));
#11074 = CARTESIAN_POINT('',(5.033045187937,2.343400777899));
#11075 = CARTESIAN_POINT('',(5.028522921009,2.398744978689));
#11076 = CARTESIAN_POINT('',(5.024394701327,2.457765246989));
#11077 = CARTESIAN_POINT('',(5.020653154219,2.520310512984));
#11078 = CARTESIAN_POINT('',(5.017308706338,2.586184620035));
#11079 = CARTESIAN_POINT('',(5.014368398156,2.655146143616));
#11080 = CARTESIAN_POINT('',(5.011835204067,2.727179817576));
#11081 = CARTESIAN_POINT('',(5.009763157887,2.800177344427));
#11082 = CARTESIAN_POINT('',(5.00814671347,2.874247761222));
#11083 = CARTESIAN_POINT('',(5.006987066334,2.949264987566));
#11084 = CARTESIAN_POINT('',(5.006285076259,3.025086376944));
#11085 = CARTESIAN_POINT('',(5.00603624056,3.101870664773));
#11086 = CARTESIAN_POINT('',(5.006257874113,3.178587624861));
#11087 = CARTESIAN_POINT('',(5.006964470092,3.254217552154));
#11088 = CARTESIAN_POINT('',(5.008148291424,3.328929828655));
#11089 = CARTESIAN_POINT('',(5.009808434248,3.402592015342));
#11090 = CARTESIAN_POINT('',(5.011938926791,3.475089870239));
#11091 = CARTESIAN_POINT('',(5.014547275152,3.546538184213));
#11092 = CARTESIAN_POINT('',(5.017520693185,3.614750084284));
#11093 = CARTESIAN_POINT('',(5.020876904265,3.680019853699));
#11094 = CARTESIAN_POINT('',(5.024620753212,3.742384708586));
#11095 = CARTESIAN_POINT('',(5.028751993402,3.801834113953));
#11096 = CARTESIAN_POINT('',(5.033303817982,3.85880560641));
#11097 = CARTESIAN_POINT('',(5.038180939945,3.911992187278));
#11098 = CARTESIAN_POINT('',(5.04328514349,3.960029394156));
#11099 = CARTESIAN_POINT('',(5.048646574145,4.003301895391));
#11100 = CARTESIAN_POINT('',(5.054262689301,4.041730203627));
#11101 = CARTESIAN_POINT('',(5.060133613116,4.075342323564));
#11102 = CARTESIAN_POINT('',(5.066281761809,4.104200447382));
#11103 = CARTESIAN_POINT('',(5.072507997537,4.127784806808));
#11104 = CARTESIAN_POINT('',(5.078844291535,4.146145314949));
#11105 = CARTESIAN_POINT('',(5.085296064804,4.159268675725));
#11106 = CARTESIAN_POINT('',(5.091875893508,4.167158535724));
#11107 = CARTESIAN_POINT('',(5.096354944657,4.168928831941));
#11108 = CARTESIAN_POINT('',(5.098619466692,4.168941642167));
#11109 = ( GEOMETRIC_REPRESENTATION_CONTEXT(2) 
PARAMETRIC_REPRESENTATION_CONTEXT() REPRESENTATION_CONTEXT('2D SPACE',''
  ) );
#11110 = ORIENTED_EDGE('',*,*,#867,.T.);
#11111 = ORIENTED_EDGE('',*,*,#1623,.T.);
#11112 = ADVANCED_FACE('',(#11113,#11200),#399,.F.);
#11113 = FACE_BOUND('',#11114,.F.);
#11114 = EDGE_LOOP('',(#11115,#11199));
#11115 = ORIENTED_EDGE('',*,*,#11116,.T.);
#11116 = EDGE_CURVE('',#345,#22,#11117,.T.);
#11117 = SURFACE_CURVE('',#11118,(#11141,#11192),.PCURVE_S1.);
#11118 = B_SPLINE_CURVE_WITH_KNOTS('',3,(#11119,#11120,#11121,#11122,
    #11123,#11124,#11125,#11126,#11127,#11128,#11129,#11130,#11131,
    #11132,#11133,#11134,#11135,#11136,#11137,#11138,#11139,#11140),
  .UNSPECIFIED.,.F.,.F.,(4,2,2,2,2,2,2,2,2,2,4),(0.5,0.53125,0.5625,
    0.625,0.6875,0.75,0.78125,0.8125,0.875,0.9375,1.),.UNSPECIFIED.);
#11119 = CARTESIAN_POINT('',(-0.160596284411,11.285457657523,
    -0.849386540063));
#11120 = CARTESIAN_POINT('',(-0.212726595814,11.306664674949,
    -0.848515484473));
#11121 = CARTESIAN_POINT('',(-0.263897537511,11.327921263604,
    -0.84237929051));
#11122 = CARTESIAN_POINT('',(-0.364338810645,11.370460534098,
    -0.819576625842));
#11123 = CARTESIAN_POINT('',(-0.41296619072,11.391460374329,
    -0.80320192403));
#11124 = CARTESIAN_POINT('',(-0.559883929617,11.456090737643,
    -0.73653179011));
#11125 = CARTESIAN_POINT('',(-0.64361601887,11.494498536856,
    -0.675170204779));
#11126 = CARTESIAN_POINT('',(-0.784699063805,11.560606299626,
    -0.517242768968));
#11127 = CARTESIAN_POINT('',(-0.839497851368,11.587109239953,
    -0.423281767903));
#11128 = CARTESIAN_POINT('',(-0.916270889678,11.624551357384,
    -0.210971205114));
#11129 = CARTESIAN_POINT('',(-0.935162880543,11.633959251868,
    -0.101837426222));
#11130 = CARTESIAN_POINT('',(-0.934494779201,11.633628916205,
    6.547845396768E-02));
#11131 = CARTESIAN_POINT('',(-0.929082925007,11.630948277505,
    0.120281067864));
#11132 = CARTESIAN_POINT('',(-0.907857026769,11.62049437594,
    0.227947603324));
#11133 = CARTESIAN_POINT('',(-0.891634322291,11.612522142309,
    0.281818892893));
#11134 = CARTESIAN_POINT('',(-0.829711015082,11.582372606113,
    0.434480515066));
#11135 = CARTESIAN_POINT('',(-0.772174923085,11.554612761412,
    0.525593792046));
#11136 = CARTESIAN_POINT('',(-0.623399264994,11.485181499523,
    0.686980151119));
#11137 = CARTESIAN_POINT('',(-0.541243829698,11.447759712854,
    0.747821155022));
#11138 = CARTESIAN_POINT('',(-0.355389891064,11.366283898109,
    0.83230821085));
#11139 = CARTESIAN_POINT('',(-0.257173152685,11.324696650101,
    0.852455995939));
#11140 = CARTESIAN_POINT('',(-0.155982083109,11.28358171316,
    0.850553469761));
#11141 = PCURVE('',#399,#11142);
#11142 = DEFINITIONAL_REPRESENTATION('',(#11143),#11191);
#11143 = B_SPLINE_CURVE_WITH_KNOTS('',3,(#11144,#11145,#11146,#11147,
    #11148,#11149,#11150,#11151,#11152,#11153,#11154,#11155,#11156,
    #11157,#11158,#11159,#11160,#11161,#11162,#11163,#11164,#11165,
    #11166,#11167,#11168,#11169,#11170,#11171,#11172,#11173,#11174,
    #11175,#11176,#11177,#11178,#11179,#11180,#11181,#11182,#11183,
    #11184,#11185,#11186,#11187,#11188,#11189,#11190),.UNSPECIFIED.,.F.,
  .F.,(4,1,1,1,1,1,1,1,1,1,1,1,1,1,1,1,1,1,1,1,1,1,1,1,1,1,1,1,1,1,1,1,1
    ,1,1,1,1,1,1,1,1,1,1,1,4),(0.5,0.511363636364,0.522727272727,
    0.534090909091,0.545454545455,0.556818181818,0.568181818182,
    0.579545454545,0.590909090909,0.602272727273,0.613636363636,0.625,
    0.636363636364,0.647727272727,0.659090909091,0.670454545455,
    0.681818181818,0.693181818182,0.704545454545,0.715909090909,
    0.727272727273,0.738636363636,0.75,0.761363636364,0.772727272727,
    0.784090909091,0.795454545455,0.806818181818,0.818181818182,
    0.829545454545,0.840909090909,0.852272727273,0.863636363636,0.875,
    0.886363636364,0.897727272727,0.909090909091,0.920454545455,
    0.931818181818,0.943181818182,0.954545454545,0.965909090909,
    0.977272727273,0.988636363636,1.),.QUASI_UNIFORM_KNOTS.);
#11144 = CARTESIAN_POINT('',(5.098750341025,3.949386540063));
#11145 = CARTESIAN_POINT('',(5.100505597866,3.949070523277));
#11146 = CARTESIAN_POINT('',(5.103997183613,3.947042151464));
#11147 = CARTESIAN_POINT('',(5.109173256256,3.93983257097));
#11148 = CARTESIAN_POINT('',(5.11429615334,3.928416297105));
#11149 = CARTESIAN_POINT('',(5.119329721192,3.912969478157));
#11150 = CARTESIAN_POINT('',(5.124312654221,3.893300685794));
#11151 = CARTESIAN_POINT('',(5.129336565279,3.868981472475));
#11152 = CARTESIAN_POINT('',(5.134085589963,3.841394291562));
#11153 = CARTESIAN_POINT('',(5.138590381223,3.810389517829));
#11154 = CARTESIAN_POINT('',(5.142845962529,3.775969961465));
#11155 = CARTESIAN_POINT('',(5.146854298869,3.738125289196));
#11156 = CARTESIAN_POINT('',(5.150625050891,3.696745306182));
#11157 = CARTESIAN_POINT('',(5.154129985955,3.652132407316));
#11158 = CARTESIAN_POINT('',(5.157335235969,3.604714354448));
#11159 = CARTESIAN_POINT('',(5.160245365101,3.554508337038));
#11160 = CARTESIAN_POINT('',(5.16285516438,3.501624345401));
#11161 = CARTESIAN_POINT('',(5.165159996458,3.446211738823));
#11162 = CARTESIAN_POINT('',(5.167162622575,3.388169599843));
#11163 = CARTESIAN_POINT('',(5.168792082017,3.32971961839));
#11164 = CARTESIAN_POINT('',(5.170055439984,3.270666354698));
#11165 = CARTESIAN_POINT('',(5.170951110967,3.211073874506));
#11166 = CARTESIAN_POINT('',(5.171478432071,3.151004334793));
#11167 = CARTESIAN_POINT('',(5.171641682765,3.090268022076));
#11168 = CARTESIAN_POINT('',(5.171424434785,3.029684613475));
#11169 = CARTESIAN_POINT('',(5.170808411416,2.970008935191));
#11170 = CARTESIAN_POINT('',(5.169803425782,2.911163839721));
#11171 = CARTESIAN_POINT('',(5.168383229064,2.852566857789));
#11172 = CARTESIAN_POINT('',(5.166579736107,2.794990216933));
#11173 = CARTESIAN_POINT('',(5.164427564501,2.73944228997));
#11174 = CARTESIAN_POINT('',(5.161974370418,2.686048937821));
#11175 = CARTESIAN_POINT('',(5.159213472893,2.634749754364));
#11176 = CARTESIAN_POINT('',(5.156143789089,2.585528722413));
#11177 = CARTESIAN_POINT('',(5.152771856641,2.538458160839));
#11178 = CARTESIAN_POINT('',(5.149068030807,2.493212655354));
#11179 = CARTESIAN_POINT('',(5.145139675255,2.450969388248));
#11180 = CARTESIAN_POINT('',(5.14108562382,2.412868809233));
#11181 = CARTESIAN_POINT('',(5.136867851586,2.378549478923));
#11182 = CARTESIAN_POINT('',(5.132483828957,2.348045214921));
#11183 = CARTESIAN_POINT('',(5.127925787126,2.321310695967));
#11184 = CARTESIAN_POINT('',(5.12317131133,2.298221899268));
#11185 = CARTESIAN_POINT('',(5.118340596787,2.279574601602));
#11186 = CARTESIAN_POINT('',(5.113431655508,2.265291478309));
#11187 = CARTESIAN_POINT('',(5.108455262622,2.255391172921));
#11188 = CARTESIAN_POINT('',(5.10341876238,2.249866605542));
#11189 = CARTESIAN_POINT('',(5.100026523935,2.249100616389));
#11190 = CARTESIAN_POINT('',(5.098323093669,2.249446530239));
#11191 = ( GEOMETRIC_REPRESENTATION_CONTEXT(2) 
PARAMETRIC_REPRESENTATION_CONTEXT() REPRESENTATION_CONTEXT('2D SPACE',''
  ) );
#11192 = PCURVE('',#123,#11193);
#11193 = DEFINITIONAL_REPRESENTATION('',(#11194),#11198);
#11194 = LINE('',#11195,#11196);
#11195 = CARTESIAN_POINT('',(-6.75949705989E-14,-2.22044604925E-16));
#11196 = VECTOR('',#11197,1.);
#11197 = DIRECTION('',(4.911128180646E-14,1.));
#11198 = ( GEOMETRIC_REPRESENTATION_CONTEXT(2) 
PARAMETRIC_REPRESENTATION_CONTEXT() REPRESENTATION_CONTEXT('2D SPACE',''
  ) );
#11199 = ORIENTED_EDGE('',*,*,#366,.T.);
#11200 = FACE_BOUND('',#11201,.F.);
#11201 = EDGE_LOOP('',(#11202,#11203));
#11202 = ORIENTED_EDGE('',*,*,#458,.F.);
#11203 = ORIENTED_EDGE('',*,*,#10987,.F.);
#11204 = ADVANCED_FACE('',(#11205),#123,.F.);
#11205 = FACE_BOUND('',#11206,.F.);
#11206 = EDGE_LOOP('',(#11207,#11331,#11332,#11333));
#11207 = ORIENTED_EDGE('',*,*,#11208,.T.);
#11208 = EDGE_CURVE('',#216,#24,#11209,.T.);
#11209 = SURFACE_CURVE('',#11210,(#11229,#11280),.PCURVE_S1.);
#11210 = B_SPLINE_CURVE_WITH_KNOTS('',3,(#11211,#11212,#11213,#11214,
    #11215,#11216,#11217,#11218,#11219,#11220,#11221,#11222,#11223,
    #11224,#11225,#11226,#11227,#11228),.UNSPECIFIED.,.F.,.F.,(4,2,2,2,2
    ,2,2,2,4),(0.5,0.5625,0.625,0.6875,0.75,0.78125,0.8125,0.875,1.),
  .UNSPECIFIED.);
#11211 = CARTESIAN_POINT('',(-0.141755259649,11.331771972652,
    -0.849386540063));
#11212 = CARTESIAN_POINT('',(-0.245539013843,11.373992013633,
    -0.847651396647));
#11213 = CARTESIAN_POINT('',(-0.344304198259,11.415879538597,
    -0.825407893462));
#11214 = CARTESIAN_POINT('',(-0.539306497461,11.501662709092,
    -0.736549198651));
#11215 = CARTESIAN_POINT('',(-0.622719312786,11.539923764839,
    -0.675143096099));
#11216 = CARTESIAN_POINT('',(-0.763165493047,11.60573310976,
    -0.517269877647));
#11217 = CARTESIAN_POINT('',(-0.817800451496,11.632156800517,
    -0.423111655963));
#11218 = CARTESIAN_POINT('',(-0.894133629376,11.669384398551,
    -0.211141317054));
#11219 = CARTESIAN_POINT('',(-0.912943704773,11.678751130919,
    -0.101681602883));
#11220 = CARTESIAN_POINT('',(-0.912362753177,11.678463885529,
    6.540054229804E-02));
#11221 = CARTESIAN_POINT('',(-0.906988167955,11.675801666505,
    0.12016420036));
#11222 = CARTESIAN_POINT('',(-0.885853345511,11.665392514042,
    0.22783073582));
#11223 = CARTESIAN_POINT('',(-0.86964927201,11.657429483242,
    0.281832585992));
#11224 = CARTESIAN_POINT('',(-0.808017789689,11.627422032239,
    0.434453128868));
#11225 = CARTESIAN_POINT('',(-0.750687350099,11.599761705833,
    0.525611337394));
#11226 = CARTESIAN_POINT('',(-0.528551795395,11.496094532913,
    0.76763823996));
#11227 = CARTESIAN_POINT('',(-0.340307597758,11.412444616717,
    0.854389349134));
#11228 = CARTESIAN_POINT('',(-0.137160847734,11.32990407384,
    0.850553469761));
#11229 = PCURVE('',#123,#11230);
#11230 = DEFINITIONAL_REPRESENTATION('',(#11231),#11279);
#11231 = B_SPLINE_CURVE_WITH_KNOTS('',3,(#11232,#11233,#11234,#11235,
    #11236,#11237,#11238,#11239,#11240,#11241,#11242,#11243,#11244,
    #11245,#11246,#11247,#11248,#11249,#11250,#11251,#11252,#11253,
    #11254,#11255,#11256,#11257,#11258,#11259,#11260,#11261,#11262,
    #11263,#11264,#11265,#11266,#11267,#11268,#11269,#11270,#11271,
    #11272,#11273,#11274,#11275,#11276,#11277,#11278),.UNSPECIFIED.,.F.,
  .F.,(4,1,1,1,1,1,1,1,1,1,1,1,1,1,1,1,1,1,1,1,1,1,1,1,1,1,1,1,1,1,1,1,1
    ,1,1,1,1,1,1,1,1,1,1,1,4),(0.5,0.511363636364,0.522727272727,
    0.534090909091,0.545454545455,0.556818181818,0.568181818182,
    0.579545454545,0.590909090909,0.602272727273,0.613636363636,0.625,
    0.636363636364,0.647727272727,0.659090909091,0.670454545455,
    0.681818181818,0.693181818182,0.704545454545,0.715909090909,
    0.727272727273,0.738636363636,0.75,0.761363636364,0.772727272727,
    0.784090909091,0.795454545455,0.806818181818,0.818181818182,
    0.829545454545,0.840909090909,0.852272727273,0.863636363636,0.875,
    0.886363636364,0.897727272727,0.909090909091,0.920454545455,
    0.931818181818,0.943181818182,0.954545454545,0.965909090909,
    0.977272727273,0.988636363636,1.),.QUASI_UNIFORM_KNOTS.);
#11232 = CARTESIAN_POINT('',(1.,0.5));
#11233 = CARTESIAN_POINT('',(0.999995339981,0.50378744302));
#11234 = CARTESIAN_POINT('',(0.999952122353,0.511342930357));
#11235 = CARTESIAN_POINT('',(0.999866820258,0.52265788683));
#11236 = CARTESIAN_POINT('',(0.999836808366,0.533961913264));
#11237 = CARTESIAN_POINT('',(0.99995693195,0.545376373934));
#11238 = CARTESIAN_POINT('',(1.000007098771,0.556822154684));
#11239 = CARTESIAN_POINT('',(0.999998083906,0.56817951842));
#11240 = CARTESIAN_POINT('',(1.000003294957,0.579543698416));
#11241 = CARTESIAN_POINT('',(1.000004146765,0.590908458204));
#11242 = CARTESIAN_POINT('',(1.000003618152,0.602273860536));
#11243 = CARTESIAN_POINT('',(1.000001257291,0.613638685921));
#11244 = CARTESIAN_POINT('',(0.999999282602,0.624999593322));
#11245 = CARTESIAN_POINT('',(1.0000016123,0.63636294079));
#11246 = CARTESIAN_POINT('',(1.000004202508,0.647732798576));
#11247 = CARTESIAN_POINT('',(1.000004470901,0.659102958215));
#11248 = CARTESIAN_POINT('',(1.000002493457,0.670469220246));
#11249 = CARTESIAN_POINT('',(0.999999939537,0.681827985771));
#11250 = CARTESIAN_POINT('',(0.999999967373,0.693171911926));
#11251 = CARTESIAN_POINT('',(1.000000692303,0.704533466272));
#11252 = CARTESIAN_POINT('',(1.000001384973,0.715903829739));
#11253 = CARTESIAN_POINT('',(1.00000118512,0.727277058443));
#11254 = CARTESIAN_POINT('',(1.000000264976,0.738646580172));
#11255 = CARTESIAN_POINT('',(0.999999968108,0.750001198615));
#11256 = CARTESIAN_POINT('',(0.999999862593,0.761348625366));
#11257 = CARTESIAN_POINT('',(1.000000048892,0.772705159031));
#11258 = CARTESIAN_POINT('',(0.999999805883,0.784065320167));
#11259 = CARTESIAN_POINT('',(1.000001072241,0.795441960771));
#11260 = CARTESIAN_POINT('',(1.000000159444,0.806820417656));
#11261 = CARTESIAN_POINT('',(0.999999992175,0.818179866543));
#11262 = CARTESIAN_POINT('',(1.000001495634,0.829543313941));
#11263 = CARTESIAN_POINT('',(1.000004087758,0.840908448731));
#11264 = CARTESIAN_POINT('',(0.999998850173,0.852273175067));
#11265 = CARTESIAN_POINT('',(1.000015778782,0.863640478094));
#11266 = CARTESIAN_POINT('',(0.999944589727,0.874992379673));
#11267 = CARTESIAN_POINT('',(1.00020586231,0.886390003213));
#11268 = CARTESIAN_POINT('',(1.000136141507,0.897857038751));
#11269 = CARTESIAN_POINT('',(1.000155124226,0.909328401401));
#11270 = CARTESIAN_POINT('',(1.000150361606,0.920751048845));
#11271 = CARTESIAN_POINT('',(1.000151950792,0.932076090045));
#11272 = CARTESIAN_POINT('',(1.000151949129,0.943226484824));
#11273 = CARTESIAN_POINT('',(1.000152026808,0.954475160689));
#11274 = CARTESIAN_POINT('',(1.000153445174,0.965782978809));
#11275 = CARTESIAN_POINT('',(1.00014948697,0.977146690103));
#11276 = CARTESIAN_POINT('',(1.000165757525,0.988553525111));
#11277 = CARTESIAN_POINT('',(1.00008283609,0.996181613048));
#11278 = CARTESIAN_POINT('',(1.,1.));
#11279 = ( GEOMETRIC_REPRESENTATION_CONTEXT(2) 
PARAMETRIC_REPRESENTATION_CONTEXT() REPRESENTATION_CONTEXT('2D SPACE',''
  ) );
#11280 = PCURVE('',#288,#11281);
#11281 = DEFINITIONAL_REPRESENTATION('',(#11282),#11330);
#11282 = B_SPLINE_CURVE_WITH_KNOTS('',3,(#11283,#11284,#11285,#11286,
    #11287,#11288,#11289,#11290,#11291,#11292,#11293,#11294,#11295,
    #11296,#11297,#11298,#11299,#11300,#11301,#11302,#11303,#11304,
    #11305,#11306,#11307,#11308,#11309,#11310,#11311,#11312,#11313,
    #11314,#11315,#11316,#11317,#11318,#11319,#11320,#11321,#11322,
    #11323,#11324,#11325,#11326,#11327,#11328,#11329),.UNSPECIFIED.,.F.,
  .F.,(4,1,1,1,1,1,1,1,1,1,1,1,1,1,1,1,1,1,1,1,1,1,1,1,1,1,1,1,1,1,1,1,1
    ,1,1,1,1,1,1,1,1,1,1,1,4),(0.5,0.511363636364,0.522727272727,
    0.534090909091,0.545454545455,0.556818181818,0.568181818182,
    0.579545454545,0.590909090909,0.602272727273,0.613636363636,0.625,
    0.636363636364,0.647727272727,0.659090909091,0.670454545455,
    0.681818181818,0.693181818182,0.704545454545,0.715909090909,
    0.727272727273,0.738636363636,0.75,0.761363636364,0.772727272727,
    0.784090909091,0.795454545455,0.806818181818,0.818181818182,
    0.829545454545,0.840909090909,0.852272727273,0.863636363636,0.875,
    0.886363636364,0.897727272727,0.909090909091,0.920454545455,
    0.931818181818,0.943181818182,0.954545454545,0.965909090909,
    0.977272727273,0.988636363636,1.),.QUASI_UNIFORM_KNOTS.);
#11283 = CARTESIAN_POINT('',(5.098750341025,3.949386540063));
#11284 = CARTESIAN_POINT('',(5.100505246875,3.949071059442));
#11285 = CARTESIAN_POINT('',(5.103987847998,3.947084263524));
#11286 = CARTESIAN_POINT('',(5.109142809022,3.939975260878));
#11287 = CARTESIAN_POINT('',(5.114240768309,3.928679382464));
#11288 = CARTESIAN_POINT('',(5.119296297298,3.913127229178));
#11289 = CARTESIAN_POINT('',(5.124314159349,3.893291492588));
#11290 = CARTESIAN_POINT('',(5.129335667967,3.868987833685));
#11291 = CARTESIAN_POINT('',(5.134084831269,3.841397916572));
#11292 = CARTESIAN_POINT('',(5.138589934798,3.810387462795));
#11293 = CARTESIAN_POINT('',(5.142846089249,3.775961942197));
#11294 = CARTESIAN_POINT('',(5.146854833663,3.738113933849));
#11295 = CARTESIAN_POINT('',(5.150625000802,3.696747831606));
#11296 = CARTESIAN_POINT('',(5.154129651515,3.652133660965));
#11297 = CARTESIAN_POINT('',(5.157335891344,3.604683385704));
#11298 = CARTESIAN_POINT('',(5.160247097607,3.554445153518));
#11299 = CARTESIAN_POINT('',(5.162857413244,3.501548942851));
#11300 = CARTESIAN_POINT('',(5.165161557955,3.446161225241));
#11301 = CARTESIAN_POINT('',(5.167161090812,3.388220669095));
#11302 = CARTESIAN_POINT('',(5.168788749768,3.32977483565));
#11303 = CARTESIAN_POINT('',(5.170051281268,3.27068439373));
#11304 = CARTESIAN_POINT('',(5.170947222771,3.211044502374));
#11305 = CARTESIAN_POINT('',(5.171475803007,3.15094841309));
#11306 = CARTESIAN_POINT('',(5.171641676794,3.090262517294));
#11307 = CARTESIAN_POINT('',(5.171427087732,3.029762554305));
#11308 = CARTESIAN_POINT('',(5.170812264664,2.970119922618));
#11309 = CARTESIAN_POINT('',(5.169807851723,2.911290998463));
#11310 = CARTESIAN_POINT('',(5.168385291996,2.852630257014));
#11311 = CARTESIAN_POINT('',(5.166579159718,2.794979964396));
#11312 = CARTESIAN_POINT('',(5.16442808826,2.739451013372));
#11313 = CARTESIAN_POINT('',(5.161974815684,2.686058960158));
#11314 = CARTESIAN_POINT('',(5.159213336231,2.634754967109));
#11315 = CARTESIAN_POINT('',(5.156143419001,2.585528922606));
#11316 = CARTESIAN_POINT('',(5.152770063991,2.538447121465));
#11317 = CARTESIAN_POINT('',(5.149071470536,2.493231506737));
#11318 = CARTESIAN_POINT('',(5.145127708991,2.450905022089));
#11319 = CARTESIAN_POINT('',(5.141030639335,2.412566838349));
#11320 = CARTESIAN_POINT('',(5.136770068058,2.378013810682));
#11321 = CARTESIAN_POINT('',(5.132363137209,2.347391748687));
#11322 = CARTESIAN_POINT('',(5.127819653139,2.320752959903));
#11323 = CARTESIAN_POINT('',(5.123151374529,2.29817480567));
#11324 = CARTESIAN_POINT('',(5.11836952098,2.279727934182));
#11325 = CARTESIAN_POINT('',(5.113485437713,2.265484792417));
#11326 = CARTESIAN_POINT('',(5.108510413098,2.255517345361));
#11327 = CARTESIAN_POINT('',(5.10345572693,2.249897687191));
#11328 = CARTESIAN_POINT('',(5.100040323247,2.249097813932));
#11329 = CARTESIAN_POINT('',(5.098323093669,2.249446530239));
#11330 = ( GEOMETRIC_REPRESENTATION_CONTEXT(2) 
PARAMETRIC_REPRESENTATION_CONTEXT() REPRESENTATION_CONTEXT('2D SPACE',''
  ) );
#11331 = ORIENTED_EDGE('',*,*,#21,.F.);
#11332 = ORIENTED_EDGE('',*,*,#11116,.F.);
#11333 = ORIENTED_EDGE('',*,*,#344,.T.);
#11334 = ADVANCED_FACE('',(#11335),#288,.F.);
#11335 = FACE_BOUND('',#11336,.F.);
#11336 = EDGE_LOOP('',(#11337,#11338));
#11337 = ORIENTED_EDGE('',*,*,#11208,.F.);
#11338 = ORIENTED_EDGE('',*,*,#215,.F.);
#11339 = ADVANCED_FACE('',(#11340),#7494,.F.);
#11340 = FACE_BOUND('',#11341,.T.);
#11341 = EDGE_LOOP('',(#11342,#11365,#11393,#11414));
#11342 = ORIENTED_EDGE('',*,*,#11343,.T.);
#11343 = EDGE_CURVE('',#7479,#11344,#11346,.T.);
#11344 = VERTEX_POINT('',#11345);
#11345 = CARTESIAN_POINT('',(-0.2,-5.72,1.85));
#11346 = SURFACE_CURVE('',#11347,(#11351,#11358),.PCURVE_S1.);
#11347 = LINE('',#11348,#11349);
#11348 = CARTESIAN_POINT('',(-0.2,-0.810352608912,1.85));
#11349 = VECTOR('',#11350,1.);
#11350 = DIRECTION('',(0.,-1.,-1.149402530828E-16));
#11351 = PCURVE('',#7494,#11352);
#11352 = DEFINITIONAL_REPRESENTATION('',(#11353),#11357);
#11353 = LINE('',#11354,#11355);
#11354 = CARTESIAN_POINT('',(0.,-0.4));
#11355 = VECTOR('',#11356,1.);
#11356 = DIRECTION('',(-1.,0.));
#11357 = ( GEOMETRIC_REPRESENTATION_CONTEXT(2) 
PARAMETRIC_REPRESENTATION_CONTEXT() REPRESENTATION_CONTEXT('2D SPACE',''
  ) );
#11358 = PCURVE('',#7576,#11359);
#11359 = DEFINITIONAL_REPRESENTATION('',(#11360),#11364);
#11360 = LINE('',#11361,#11362);
#11361 = CARTESIAN_POINT('',(-1.85,-0.810352608912));
#11362 = VECTOR('',#11363,1.);
#11363 = DIRECTION('',(1.149402530828E-16,-1.));
#11364 = ( GEOMETRIC_REPRESENTATION_CONTEXT(2) 
PARAMETRIC_REPRESENTATION_CONTEXT() REPRESENTATION_CONTEXT('2D SPACE',''
  ) );
#11365 = ORIENTED_EDGE('',*,*,#11366,.T.);
#11366 = EDGE_CURVE('',#11344,#11367,#11369,.T.);
#11367 = VERTEX_POINT('',#11368);
#11368 = CARTESIAN_POINT('',(0.2,-5.72,1.85));
#11369 = SURFACE_CURVE('',#11370,(#11374,#11381),.PCURVE_S1.);
#11370 = LINE('',#11371,#11372);
#11371 = CARTESIAN_POINT('',(0.2,-5.72,1.85));
#11372 = VECTOR('',#11373,1.);
#11373 = DIRECTION('',(1.,0.,0.));
#11374 = PCURVE('',#7494,#11375);
#11375 = DEFINITIONAL_REPRESENTATION('',(#11376),#11380);
#11376 = LINE('',#11377,#11378);
#11377 = CARTESIAN_POINT('',(-4.909647391088,0.));
#11378 = VECTOR('',#11379,1.);
#11379 = DIRECTION('',(0.,1.));
#11380 = ( GEOMETRIC_REPRESENTATION_CONTEXT(2) 
PARAMETRIC_REPRESENTATION_CONTEXT() REPRESENTATION_CONTEXT('2D SPACE',''
  ) );
#11381 = PCURVE('',#11382,#11387);
#11382 = PLANE('',#11383);
#11383 = AXIS2_PLACEMENT_3D('',#11384,#11385,#11386);
#11384 = CARTESIAN_POINT('',(0.2,-6.47,1.1));
#11385 = DIRECTION('',(0.,0.707106781187,-0.707106781187));
#11386 = DIRECTION('',(-1.,0.,0.));
#11387 = DEFINITIONAL_REPRESENTATION('',(#11388),#11392);
#11388 = LINE('',#11389,#11390);
#11389 = CARTESIAN_POINT('',(0.,1.06066017178));
#11390 = VECTOR('',#11391,1.);
#11391 = DIRECTION('',(-1.,0.));
#11392 = ( GEOMETRIC_REPRESENTATION_CONTEXT(2) 
PARAMETRIC_REPRESENTATION_CONTEXT() REPRESENTATION_CONTEXT('2D SPACE',''
  ) );
#11393 = ORIENTED_EDGE('',*,*,#11394,.F.);
#11394 = EDGE_CURVE('',#7477,#11367,#11395,.T.);
#11395 = SURFACE_CURVE('',#11396,(#11400,#11407),.PCURVE_S1.);
#11396 = LINE('',#11397,#11398);
#11397 = CARTESIAN_POINT('',(0.2,-0.810352608912,1.85));
#11398 = VECTOR('',#11399,1.);
#11399 = DIRECTION('',(0.,-1.,-1.149402530828E-16));
#11400 = PCURVE('',#7494,#11401);
#11401 = DEFINITIONAL_REPRESENTATION('',(#11402),#11406);
#11402 = LINE('',#11403,#11404);
#11403 = CARTESIAN_POINT('',(0.,0.));
#11404 = VECTOR('',#11405,1.);
#11405 = DIRECTION('',(-1.,0.));
#11406 = ( GEOMETRIC_REPRESENTATION_CONTEXT(2) 
PARAMETRIC_REPRESENTATION_CONTEXT() REPRESENTATION_CONTEXT('2D SPACE',''
  ) );
#11407 = PCURVE('',#7522,#11408);
#11408 = DEFINITIONAL_REPRESENTATION('',(#11409),#11413);
#11409 = LINE('',#11410,#11411);
#11410 = CARTESIAN_POINT('',(-1.85,-0.810352608912));
#11411 = VECTOR('',#11412,1.);
#11412 = DIRECTION('',(1.149402530828E-16,-1.));
#11413 = ( GEOMETRIC_REPRESENTATION_CONTEXT(2) 
PARAMETRIC_REPRESENTATION_CONTEXT() REPRESENTATION_CONTEXT('2D SPACE',''
  ) );
#11414 = ORIENTED_EDGE('',*,*,#7476,.T.);
#11415 = ADVANCED_FACE('',(#11416),#7550,.F.);
#11416 = FACE_BOUND('',#11417,.T.);
#11417 = EDGE_LOOP('',(#11418,#11441,#11469,#11490));
#11418 = ORIENTED_EDGE('',*,*,#11419,.F.);
#11419 = EDGE_CURVE('',#11420,#7507,#11422,.T.);
#11420 = VERTEX_POINT('',#11421);
#11421 = CARTESIAN_POINT('',(0.2,-5.72,-1.85));
#11422 = SURFACE_CURVE('',#11423,(#11427,#11434),.PCURVE_S1.);
#11423 = LINE('',#11424,#11425);
#11424 = CARTESIAN_POINT('',(0.2,-0.810352608912,-1.85));
#11425 = VECTOR('',#11426,1.);
#11426 = DIRECTION('',(-0.,1.,-1.149402530828E-16));
#11427 = PCURVE('',#7550,#11428);
#11428 = DEFINITIONAL_REPRESENTATION('',(#11429),#11433);
#11429 = LINE('',#11430,#11431);
#11430 = CARTESIAN_POINT('',(0.,0.));
#11431 = VECTOR('',#11432,1.);
#11432 = DIRECTION('',(-1.,0.));
#11433 = ( GEOMETRIC_REPRESENTATION_CONTEXT(2) 
PARAMETRIC_REPRESENTATION_CONTEXT() REPRESENTATION_CONTEXT('2D SPACE',''
  ) );
#11434 = PCURVE('',#7522,#11435);
#11435 = DEFINITIONAL_REPRESENTATION('',(#11436),#11440);
#11436 = LINE('',#11437,#11438);
#11437 = CARTESIAN_POINT('',(1.85,-0.810352608912));
#11438 = VECTOR('',#11439,1.);
#11439 = DIRECTION('',(1.149402530828E-16,1.));
#11440 = ( GEOMETRIC_REPRESENTATION_CONTEXT(2) 
PARAMETRIC_REPRESENTATION_CONTEXT() REPRESENTATION_CONTEXT('2D SPACE',''
  ) );
#11441 = ORIENTED_EDGE('',*,*,#11442,.T.);
#11442 = EDGE_CURVE('',#11420,#11443,#11445,.T.);
#11443 = VERTEX_POINT('',#11444);
#11444 = CARTESIAN_POINT('',(-0.2,-5.72,-1.85));
#11445 = SURFACE_CURVE('',#11446,(#11450,#11457),.PCURVE_S1.);
#11446 = LINE('',#11447,#11448);
#11447 = CARTESIAN_POINT('',(0.2,-5.72,-1.85));
#11448 = VECTOR('',#11449,1.);
#11449 = DIRECTION('',(-1.,-0.,0.));
#11450 = PCURVE('',#7550,#11451);
#11451 = DEFINITIONAL_REPRESENTATION('',(#11452),#11456);
#11452 = LINE('',#11453,#11454);
#11453 = CARTESIAN_POINT('',(4.909647391088,0.));
#11454 = VECTOR('',#11455,1.);
#11455 = DIRECTION('',(0.,-1.));
#11456 = ( GEOMETRIC_REPRESENTATION_CONTEXT(2) 
PARAMETRIC_REPRESENTATION_CONTEXT() REPRESENTATION_CONTEXT('2D SPACE',''
  ) );
#11457 = PCURVE('',#11458,#11463);
#11458 = PLANE('',#11459);
#11459 = AXIS2_PLACEMENT_3D('',#11460,#11461,#11462);
#11460 = CARTESIAN_POINT('',(0.2,-5.72,-1.85));
#11461 = DIRECTION('',(0.,0.707106781187,0.707106781187));
#11462 = DIRECTION('',(-1.,0.,0.));
#11463 = DEFINITIONAL_REPRESENTATION('',(#11464),#11468);
#11464 = LINE('',#11465,#11466);
#11465 = CARTESIAN_POINT('',(0.,0.));
#11466 = VECTOR('',#11467,1.);
#11467 = DIRECTION('',(1.,0.));
#11468 = ( GEOMETRIC_REPRESENTATION_CONTEXT(2) 
PARAMETRIC_REPRESENTATION_CONTEXT() REPRESENTATION_CONTEXT('2D SPACE',''
  ) );
#11469 = ORIENTED_EDGE('',*,*,#11470,.T.);
#11470 = EDGE_CURVE('',#11443,#7535,#11471,.T.);
#11471 = SURFACE_CURVE('',#11472,(#11476,#11483),.PCURVE_S1.);
#11472 = LINE('',#11473,#11474);
#11473 = CARTESIAN_POINT('',(-0.2,-0.810352608912,-1.85));
#11474 = VECTOR('',#11475,1.);
#11475 = DIRECTION('',(-0.,1.,-1.149402530828E-16));
#11476 = PCURVE('',#7550,#11477);
#11477 = DEFINITIONAL_REPRESENTATION('',(#11478),#11482);
#11478 = LINE('',#11479,#11480);
#11479 = CARTESIAN_POINT('',(0.,-0.4));
#11480 = VECTOR('',#11481,1.);
#11481 = DIRECTION('',(-1.,0.));
#11482 = ( GEOMETRIC_REPRESENTATION_CONTEXT(2) 
PARAMETRIC_REPRESENTATION_CONTEXT() REPRESENTATION_CONTEXT('2D SPACE',''
  ) );
#11483 = PCURVE('',#7576,#11484);
#11484 = DEFINITIONAL_REPRESENTATION('',(#11485),#11489);
#11485 = LINE('',#11486,#11487);
#11486 = CARTESIAN_POINT('',(1.85,-0.810352608912));
#11487 = VECTOR('',#11488,1.);
#11488 = DIRECTION('',(1.149402530828E-16,1.));
#11489 = ( GEOMETRIC_REPRESENTATION_CONTEXT(2) 
PARAMETRIC_REPRESENTATION_CONTEXT() REPRESENTATION_CONTEXT('2D SPACE',''
  ) );
#11490 = ORIENTED_EDGE('',*,*,#7534,.T.);
#11491 = ADVANCED_FACE('',(#11492,#11606),#7522,.T.);
#11492 = FACE_BOUND('',#11493,.T.);
#11493 = EDGE_LOOP('',(#11494,#11524,#11552,#11580));
#11494 = ORIENTED_EDGE('',*,*,#11495,.F.);
#11495 = EDGE_CURVE('',#11496,#11498,#11500,.T.);
#11496 = VERTEX_POINT('',#11497);
#11497 = CARTESIAN_POINT('',(0.2,-5.395,-0.5));
#11498 = VERTEX_POINT('',#11499);
#11499 = CARTESIAN_POINT('',(0.2,-2.645,-0.5));
#11500 = SURFACE_CURVE('',#11501,(#11505,#11512),.PCURVE_S1.);
#11501 = LINE('',#11502,#11503);
#11502 = CARTESIAN_POINT('',(0.2,-2.645,-0.5));
#11503 = VECTOR('',#11504,1.);
#11504 = DIRECTION('',(-0.,1.,1.577021341797E-16));
#11505 = PCURVE('',#7522,#11506);
#11506 = DEFINITIONAL_REPRESENTATION('',(#11507),#11511);
#11507 = LINE('',#11508,#11509);
#11508 = CARTESIAN_POINT('',(0.5,-2.645));
#11509 = VECTOR('',#11510,1.);
#11510 = DIRECTION('',(-1.577021341797E-16,1.));
#11511 = ( GEOMETRIC_REPRESENTATION_CONTEXT(2) 
PARAMETRIC_REPRESENTATION_CONTEXT() REPRESENTATION_CONTEXT('2D SPACE',''
  ) );
#11512 = PCURVE('',#11513,#11518);
#11513 = PLANE('',#11514);
#11514 = AXIS2_PLACEMENT_3D('',#11515,#11516,#11517);
#11515 = CARTESIAN_POINT('',(-0.2,-2.645,-0.5));
#11516 = DIRECTION('',(0.,1.577021341797E-16,-1.));
#11517 = DIRECTION('',(0.,1.,1.577021341797E-16));
#11518 = DEFINITIONAL_REPRESENTATION('',(#11519),#11523);
#11519 = LINE('',#11520,#11521);
#11520 = CARTESIAN_POINT('',(0.,0.4));
#11521 = VECTOR('',#11522,1.);
#11522 = DIRECTION('',(1.,0.));
#11523 = ( GEOMETRIC_REPRESENTATION_CONTEXT(2) 
PARAMETRIC_REPRESENTATION_CONTEXT() REPRESENTATION_CONTEXT('2D SPACE',''
  ) );
#11524 = ORIENTED_EDGE('',*,*,#11525,.F.);
#11525 = EDGE_CURVE('',#11526,#11496,#11528,.T.);
#11526 = VERTEX_POINT('',#11527);
#11527 = CARTESIAN_POINT('',(0.2,-5.395,0.5));
#11528 = SURFACE_CURVE('',#11529,(#11533,#11540),.PCURVE_S1.);
#11529 = LINE('',#11530,#11531);
#11530 = CARTESIAN_POINT('',(0.2,-5.395,0.5));
#11531 = VECTOR('',#11532,1.);
#11532 = DIRECTION('',(0.,0.,-1.));
#11533 = PCURVE('',#7522,#11534);
#11534 = DEFINITIONAL_REPRESENTATION('',(#11535),#11539);
#11535 = LINE('',#11536,#11537);
#11536 = CARTESIAN_POINT('',(-0.5,-5.395));
#11537 = VECTOR('',#11538,1.);
#11538 = DIRECTION('',(1.,0.));
#11539 = ( GEOMETRIC_REPRESENTATION_CONTEXT(2) 
PARAMETRIC_REPRESENTATION_CONTEXT() REPRESENTATION_CONTEXT('2D SPACE',''
  ) );
#11540 = PCURVE('',#11541,#11546);
#11541 = PLANE('',#11542);
#11542 = AXIS2_PLACEMENT_3D('',#11543,#11544,#11545);
#11543 = CARTESIAN_POINT('',(-0.2,-5.395,0.5));
#11544 = DIRECTION('',(0.,-1.,-0.));
#11545 = DIRECTION('',(0.,0.,-1.));
#11546 = DEFINITIONAL_REPRESENTATION('',(#11547),#11551);
#11547 = LINE('',#11548,#11549);
#11548 = CARTESIAN_POINT('',(0.,0.4));
#11549 = VECTOR('',#11550,1.);
#11550 = DIRECTION('',(1.,0.));
#11551 = ( GEOMETRIC_REPRESENTATION_CONTEXT(2) 
PARAMETRIC_REPRESENTATION_CONTEXT() REPRESENTATION_CONTEXT('2D SPACE',''
  ) );
#11552 = ORIENTED_EDGE('',*,*,#11553,.F.);
#11553 = EDGE_CURVE('',#11554,#11526,#11556,.T.);
#11554 = VERTEX_POINT('',#11555);
#11555 = CARTESIAN_POINT('',(0.2,-2.645,0.5));
#11556 = SURFACE_CURVE('',#11557,(#11561,#11568),.PCURVE_S1.);
#11557 = LINE('',#11558,#11559);
#11558 = CARTESIAN_POINT('',(0.2,-2.645,0.5));
#11559 = VECTOR('',#11560,1.);
#11560 = DIRECTION('',(0.,-1.,-1.182766006348E-16));
#11561 = PCURVE('',#7522,#11562);
#11562 = DEFINITIONAL_REPRESENTATION('',(#11563),#11567);
#11563 = LINE('',#11564,#11565);
#11564 = CARTESIAN_POINT('',(-0.5,-2.645));
#11565 = VECTOR('',#11566,1.);
#11566 = DIRECTION('',(1.182766006348E-16,-1.));
#11567 = ( GEOMETRIC_REPRESENTATION_CONTEXT(2) 
PARAMETRIC_REPRESENTATION_CONTEXT() REPRESENTATION_CONTEXT('2D SPACE',''
  ) );
#11568 = PCURVE('',#11569,#11574);
#11569 = PLANE('',#11570);
#11570 = AXIS2_PLACEMENT_3D('',#11571,#11572,#11573);
#11571 = CARTESIAN_POINT('',(-0.2,-2.645,0.5));
#11572 = DIRECTION('',(0.,-1.182766006348E-16,1.));
#11573 = DIRECTION('',(0.,-1.,-1.182766006348E-16));
#11574 = DEFINITIONAL_REPRESENTATION('',(#11575),#11579);
#11575 = LINE('',#11576,#11577);
#11576 = CARTESIAN_POINT('',(0.,0.4));
#11577 = VECTOR('',#11578,1.);
#11578 = DIRECTION('',(1.,0.));
#11579 = ( GEOMETRIC_REPRESENTATION_CONTEXT(2) 
PARAMETRIC_REPRESENTATION_CONTEXT() REPRESENTATION_CONTEXT('2D SPACE',''
  ) );
#11580 = ORIENTED_EDGE('',*,*,#11581,.F.);
#11581 = EDGE_CURVE('',#11498,#11554,#11582,.T.);
#11582 = SURFACE_CURVE('',#11583,(#11587,#11594),.PCURVE_S1.);
#11583 = LINE('',#11584,#11585);
#11584 = CARTESIAN_POINT('',(0.2,-2.645,0.5));
#11585 = VECTOR('',#11586,1.);
#11586 = DIRECTION('',(-0.,-0.,1.));
#11587 = PCURVE('',#7522,#11588);
#11588 = DEFINITIONAL_REPRESENTATION('',(#11589),#11593);
#11589 = LINE('',#11590,#11591);
#11590 = CARTESIAN_POINT('',(-0.5,-2.645));
#11591 = VECTOR('',#11592,1.);
#11592 = DIRECTION('',(-1.,0.));
#11593 = ( GEOMETRIC_REPRESENTATION_CONTEXT(2) 
PARAMETRIC_REPRESENTATION_CONTEXT() REPRESENTATION_CONTEXT('2D SPACE',''
  ) );
#11594 = PCURVE('',#11595,#11600);
#11595 = PLANE('',#11596);
#11596 = AXIS2_PLACEMENT_3D('',#11597,#11598,#11599);
#11597 = CARTESIAN_POINT('',(-0.2,-2.645,0.5));
#11598 = DIRECTION('',(0.,1.,0.));
#11599 = DIRECTION('',(0.,-0.,1.));
#11600 = DEFINITIONAL_REPRESENTATION('',(#11601),#11605);
#11601 = LINE('',#11602,#11603);
#11602 = CARTESIAN_POINT('',(0.,0.4));
#11603 = VECTOR('',#11604,1.);
#11604 = DIRECTION('',(1.,-0.));
#11605 = ( GEOMETRIC_REPRESENTATION_CONTEXT(2) 
PARAMETRIC_REPRESENTATION_CONTEXT() REPRESENTATION_CONTEXT('2D SPACE',''
  ) );
#11606 = FACE_BOUND('',#11607,.T.);
#11607 = EDGE_LOOP('',(#11608,#11609,#11632,#11660,#11681,#11682));
#11608 = ORIENTED_EDGE('',*,*,#11394,.T.);
#11609 = ORIENTED_EDGE('',*,*,#11610,.T.);
#11610 = EDGE_CURVE('',#11367,#11611,#11613,.T.);
#11611 = VERTEX_POINT('',#11612);
#11612 = CARTESIAN_POINT('',(0.2,-6.47,1.1));
#11613 = SURFACE_CURVE('',#11614,(#11618,#11625),.PCURVE_S1.);
#11614 = LINE('',#11615,#11616);
#11615 = CARTESIAN_POINT('',(0.2,-3.785,3.785));
#11616 = VECTOR('',#11617,1.);
#11617 = DIRECTION('',(0.,-0.707106781187,-0.707106781187));
#11618 = PCURVE('',#7522,#11619);
#11619 = DEFINITIONAL_REPRESENTATION('',(#11620),#11624);
#11620 = LINE('',#11621,#11622);
#11621 = CARTESIAN_POINT('',(-3.785,-3.785));
#11622 = VECTOR('',#11623,1.);
#11623 = DIRECTION('',(0.707106781187,-0.707106781187));
#11624 = ( GEOMETRIC_REPRESENTATION_CONTEXT(2) 
PARAMETRIC_REPRESENTATION_CONTEXT() REPRESENTATION_CONTEXT('2D SPACE',''
  ) );
#11625 = PCURVE('',#11382,#11626);
#11626 = DEFINITIONAL_REPRESENTATION('',(#11627),#11631);
#11627 = LINE('',#11628,#11629);
#11628 = CARTESIAN_POINT('',(0.,3.797163414972));
#11629 = VECTOR('',#11630,1.);
#11630 = DIRECTION('',(-0.,-1.));
#11631 = ( GEOMETRIC_REPRESENTATION_CONTEXT(2) 
PARAMETRIC_REPRESENTATION_CONTEXT() REPRESENTATION_CONTEXT('2D SPACE',''
  ) );
#11632 = ORIENTED_EDGE('',*,*,#11633,.T.);
#11633 = EDGE_CURVE('',#11611,#11634,#11636,.T.);
#11634 = VERTEX_POINT('',#11635);
#11635 = CARTESIAN_POINT('',(0.2,-6.47,-1.1));
#11636 = SURFACE_CURVE('',#11637,(#11641,#11648),.PCURVE_S1.);
#11637 = LINE('',#11638,#11639);
#11638 = CARTESIAN_POINT('',(0.2,-6.47,1.85));
#11639 = VECTOR('',#11640,1.);
#11640 = DIRECTION('',(0.,0.,-1.));
#11641 = PCURVE('',#7522,#11642);
#11642 = DEFINITIONAL_REPRESENTATION('',(#11643),#11647);
#11643 = LINE('',#11644,#11645);
#11644 = CARTESIAN_POINT('',(-1.85,-6.47));
#11645 = VECTOR('',#11646,1.);
#11646 = DIRECTION('',(1.,0.));
#11647 = ( GEOMETRIC_REPRESENTATION_CONTEXT(2) 
PARAMETRIC_REPRESENTATION_CONTEXT() REPRESENTATION_CONTEXT('2D SPACE',''
  ) );
#11648 = PCURVE('',#11649,#11654);
#11649 = PLANE('',#11650);
#11650 = AXIS2_PLACEMENT_3D('',#11651,#11652,#11653);
#11651 = CARTESIAN_POINT('',(0.2,-6.47,1.85));
#11652 = DIRECTION('',(-0.,1.,0.));
#11653 = DIRECTION('',(0.,0.,1.));
#11654 = DEFINITIONAL_REPRESENTATION('',(#11655),#11659);
#11655 = LINE('',#11656,#11657);
#11656 = CARTESIAN_POINT('',(0.,0.));
#11657 = VECTOR('',#11658,1.);
#11658 = DIRECTION('',(-1.,0.));
#11659 = ( GEOMETRIC_REPRESENTATION_CONTEXT(2) 
PARAMETRIC_REPRESENTATION_CONTEXT() REPRESENTATION_CONTEXT('2D SPACE',''
  ) );
#11660 = ORIENTED_EDGE('',*,*,#11661,.T.);
#11661 = EDGE_CURVE('',#11634,#11420,#11662,.T.);
#11662 = SURFACE_CURVE('',#11663,(#11667,#11674),.PCURVE_S1.);
#11663 = LINE('',#11664,#11665);
#11664 = CARTESIAN_POINT('',(0.2,-3.785,-3.785));
#11665 = VECTOR('',#11666,1.);
#11666 = DIRECTION('',(-0.,0.707106781187,-0.707106781187));
#11667 = PCURVE('',#7522,#11668);
#11668 = DEFINITIONAL_REPRESENTATION('',(#11669),#11673);
#11669 = LINE('',#11670,#11671);
#11670 = CARTESIAN_POINT('',(3.785,-3.785));
#11671 = VECTOR('',#11672,1.);
#11672 = DIRECTION('',(0.707106781187,0.707106781187));
#11673 = ( GEOMETRIC_REPRESENTATION_CONTEXT(2) 
PARAMETRIC_REPRESENTATION_CONTEXT() REPRESENTATION_CONTEXT('2D SPACE',''
  ) );
#11674 = PCURVE('',#11458,#11675);
#11675 = DEFINITIONAL_REPRESENTATION('',(#11676),#11680);
#11676 = LINE('',#11677,#11678);
#11677 = CARTESIAN_POINT('',(0.,-2.736503243192));
#11678 = VECTOR('',#11679,1.);
#11679 = DIRECTION('',(0.,-1.));
#11680 = ( GEOMETRIC_REPRESENTATION_CONTEXT(2) 
PARAMETRIC_REPRESENTATION_CONTEXT() REPRESENTATION_CONTEXT('2D SPACE',''
  ) );
#11681 = ORIENTED_EDGE('',*,*,#11419,.T.);
#11682 = ORIENTED_EDGE('',*,*,#7506,.F.);
#11683 = ADVANCED_FACE('',(#11684,#11778),#7576,.F.);
#11684 = FACE_BOUND('',#11685,.T.);
#11685 = EDGE_LOOP('',(#11686,#11711,#11734,#11757));
#11686 = ORIENTED_EDGE('',*,*,#11687,.T.);
#11687 = EDGE_CURVE('',#11688,#11690,#11692,.T.);
#11688 = VERTEX_POINT('',#11689);
#11689 = CARTESIAN_POINT('',(-0.2,-5.395,0.5));
#11690 = VERTEX_POINT('',#11691);
#11691 = CARTESIAN_POINT('',(-0.2,-5.395,-0.5));
#11692 = SURFACE_CURVE('',#11693,(#11697,#11704),.PCURVE_S1.);
#11693 = LINE('',#11694,#11695);
#11694 = CARTESIAN_POINT('',(-0.2,-5.395,0.5));
#11695 = VECTOR('',#11696,1.);
#11696 = DIRECTION('',(0.,0.,-1.));
#11697 = PCURVE('',#7576,#11698);
#11698 = DEFINITIONAL_REPRESENTATION('',(#11699),#11703);
#11699 = LINE('',#11700,#11701);
#11700 = CARTESIAN_POINT('',(-0.5,-5.395));
#11701 = VECTOR('',#11702,1.);
#11702 = DIRECTION('',(1.,0.));
#11703 = ( GEOMETRIC_REPRESENTATION_CONTEXT(2) 
PARAMETRIC_REPRESENTATION_CONTEXT() REPRESENTATION_CONTEXT('2D SPACE',''
  ) );
#11704 = PCURVE('',#11541,#11705);
#11705 = DEFINITIONAL_REPRESENTATION('',(#11706),#11710);
#11706 = LINE('',#11707,#11708);
#11707 = CARTESIAN_POINT('',(0.,0.));
#11708 = VECTOR('',#11709,1.);
#11709 = DIRECTION('',(1.,0.));
#11710 = ( GEOMETRIC_REPRESENTATION_CONTEXT(2) 
PARAMETRIC_REPRESENTATION_CONTEXT() REPRESENTATION_CONTEXT('2D SPACE',''
  ) );
#11711 = ORIENTED_EDGE('',*,*,#11712,.T.);
#11712 = EDGE_CURVE('',#11690,#11713,#11715,.T.);
#11713 = VERTEX_POINT('',#11714);
#11714 = CARTESIAN_POINT('',(-0.2,-2.645,-0.5));
#11715 = SURFACE_CURVE('',#11716,(#11720,#11727),.PCURVE_S1.);
#11716 = LINE('',#11717,#11718);
#11717 = CARTESIAN_POINT('',(-0.2,-2.645,-0.5));
#11718 = VECTOR('',#11719,1.);
#11719 = DIRECTION('',(-0.,1.,1.577021341797E-16));
#11720 = PCURVE('',#7576,#11721);
#11721 = DEFINITIONAL_REPRESENTATION('',(#11722),#11726);
#11722 = LINE('',#11723,#11724);
#11723 = CARTESIAN_POINT('',(0.5,-2.645));
#11724 = VECTOR('',#11725,1.);
#11725 = DIRECTION('',(-1.577021341797E-16,1.));
#11726 = ( GEOMETRIC_REPRESENTATION_CONTEXT(2) 
PARAMETRIC_REPRESENTATION_CONTEXT() REPRESENTATION_CONTEXT('2D SPACE',''
  ) );
#11727 = PCURVE('',#11513,#11728);
#11728 = DEFINITIONAL_REPRESENTATION('',(#11729),#11733);
#11729 = LINE('',#11730,#11731);
#11730 = CARTESIAN_POINT('',(0.,0.));
#11731 = VECTOR('',#11732,1.);
#11732 = DIRECTION('',(1.,0.));
#11733 = ( GEOMETRIC_REPRESENTATION_CONTEXT(2) 
PARAMETRIC_REPRESENTATION_CONTEXT() REPRESENTATION_CONTEXT('2D SPACE',''
  ) );
#11734 = ORIENTED_EDGE('',*,*,#11735,.T.);
#11735 = EDGE_CURVE('',#11713,#11736,#11738,.T.);
#11736 = VERTEX_POINT('',#11737);
#11737 = CARTESIAN_POINT('',(-0.2,-2.645,0.5));
#11738 = SURFACE_CURVE('',#11739,(#11743,#11750),.PCURVE_S1.);
#11739 = LINE('',#11740,#11741);
#11740 = CARTESIAN_POINT('',(-0.2,-2.645,0.5));
#11741 = VECTOR('',#11742,1.);
#11742 = DIRECTION('',(-0.,-0.,1.));
#11743 = PCURVE('',#7576,#11744);
#11744 = DEFINITIONAL_REPRESENTATION('',(#11745),#11749);
#11745 = LINE('',#11746,#11747);
#11746 = CARTESIAN_POINT('',(-0.5,-2.645));
#11747 = VECTOR('',#11748,1.);
#11748 = DIRECTION('',(-1.,0.));
#11749 = ( GEOMETRIC_REPRESENTATION_CONTEXT(2) 
PARAMETRIC_REPRESENTATION_CONTEXT() REPRESENTATION_CONTEXT('2D SPACE',''
  ) );
#11750 = PCURVE('',#11595,#11751);
#11751 = DEFINITIONAL_REPRESENTATION('',(#11752),#11756);
#11752 = LINE('',#11753,#11754);
#11753 = CARTESIAN_POINT('',(0.,0.));
#11754 = VECTOR('',#11755,1.);
#11755 = DIRECTION('',(1.,-0.));
#11756 = ( GEOMETRIC_REPRESENTATION_CONTEXT(2) 
PARAMETRIC_REPRESENTATION_CONTEXT() REPRESENTATION_CONTEXT('2D SPACE',''
  ) );
#11757 = ORIENTED_EDGE('',*,*,#11758,.T.);
#11758 = EDGE_CURVE('',#11736,#11688,#11759,.T.);
#11759 = SURFACE_CURVE('',#11760,(#11764,#11771),.PCURVE_S1.);
#11760 = LINE('',#11761,#11762);
#11761 = CARTESIAN_POINT('',(-0.2,-2.645,0.5));
#11762 = VECTOR('',#11763,1.);
#11763 = DIRECTION('',(0.,-1.,-1.182766006348E-16));
#11764 = PCURVE('',#7576,#11765);
#11765 = DEFINITIONAL_REPRESENTATION('',(#11766),#11770);
#11766 = LINE('',#11767,#11768);
#11767 = CARTESIAN_POINT('',(-0.5,-2.645));
#11768 = VECTOR('',#11769,1.);
#11769 = DIRECTION('',(1.182766006348E-16,-1.));
#11770 = ( GEOMETRIC_REPRESENTATION_CONTEXT(2) 
PARAMETRIC_REPRESENTATION_CONTEXT() REPRESENTATION_CONTEXT('2D SPACE',''
  ) );
#11771 = PCURVE('',#11569,#11772);
#11772 = DEFINITIONAL_REPRESENTATION('',(#11773),#11777);
#11773 = LINE('',#11774,#11775);
#11774 = CARTESIAN_POINT('',(0.,0.));
#11775 = VECTOR('',#11776,1.);
#11776 = DIRECTION('',(1.,0.));
#11777 = ( GEOMETRIC_REPRESENTATION_CONTEXT(2) 
PARAMETRIC_REPRESENTATION_CONTEXT() REPRESENTATION_CONTEXT('2D SPACE',''
  ) );
#11778 = FACE_BOUND('',#11779,.T.);
#11779 = EDGE_LOOP('',(#11780,#11805,#11826,#11827,#11828,#11829));
#11780 = ORIENTED_EDGE('',*,*,#11781,.F.);
#11781 = EDGE_CURVE('',#11782,#11784,#11786,.T.);
#11782 = VERTEX_POINT('',#11783);
#11783 = CARTESIAN_POINT('',(-0.2,-6.47,1.1));
#11784 = VERTEX_POINT('',#11785);
#11785 = CARTESIAN_POINT('',(-0.2,-6.47,-1.1));
#11786 = SURFACE_CURVE('',#11787,(#11791,#11798),.PCURVE_S1.);
#11787 = LINE('',#11788,#11789);
#11788 = CARTESIAN_POINT('',(-0.2,-6.47,1.85));
#11789 = VECTOR('',#11790,1.);
#11790 = DIRECTION('',(0.,0.,-1.));
#11791 = PCURVE('',#7576,#11792);
#11792 = DEFINITIONAL_REPRESENTATION('',(#11793),#11797);
#11793 = LINE('',#11794,#11795);
#11794 = CARTESIAN_POINT('',(-1.85,-6.47));
#11795 = VECTOR('',#11796,1.);
#11796 = DIRECTION('',(1.,0.));
#11797 = ( GEOMETRIC_REPRESENTATION_CONTEXT(2) 
PARAMETRIC_REPRESENTATION_CONTEXT() REPRESENTATION_CONTEXT('2D SPACE',''
  ) );
#11798 = PCURVE('',#11649,#11799);
#11799 = DEFINITIONAL_REPRESENTATION('',(#11800),#11804);
#11800 = LINE('',#11801,#11802);
#11801 = CARTESIAN_POINT('',(0.,-0.4));
#11802 = VECTOR('',#11803,1.);
#11803 = DIRECTION('',(-1.,0.));
#11804 = ( GEOMETRIC_REPRESENTATION_CONTEXT(2) 
PARAMETRIC_REPRESENTATION_CONTEXT() REPRESENTATION_CONTEXT('2D SPACE',''
  ) );
#11805 = ORIENTED_EDGE('',*,*,#11806,.T.);
#11806 = EDGE_CURVE('',#11782,#11344,#11807,.T.);
#11807 = SURFACE_CURVE('',#11808,(#11812,#11819),.PCURVE_S1.);
#11808 = LINE('',#11809,#11810);
#11809 = CARTESIAN_POINT('',(-0.2,-6.47,1.1));
#11810 = VECTOR('',#11811,1.);
#11811 = DIRECTION('',(-0.,0.707106781187,0.707106781187));
#11812 = PCURVE('',#7576,#11813);
#11813 = DEFINITIONAL_REPRESENTATION('',(#11814),#11818);
#11814 = LINE('',#11815,#11816);
#11815 = CARTESIAN_POINT('',(-1.1,-6.47));
#11816 = VECTOR('',#11817,1.);
#11817 = DIRECTION('',(-0.707106781187,0.707106781187));
#11818 = ( GEOMETRIC_REPRESENTATION_CONTEXT(2) 
PARAMETRIC_REPRESENTATION_CONTEXT() REPRESENTATION_CONTEXT('2D SPACE',''
  ) );
#11819 = PCURVE('',#11382,#11820);
#11820 = DEFINITIONAL_REPRESENTATION('',(#11821),#11825);
#11821 = LINE('',#11822,#11823);
#11822 = CARTESIAN_POINT('',(0.4,0.));
#11823 = VECTOR('',#11824,1.);
#11824 = DIRECTION('',(0.,1.));
#11825 = ( GEOMETRIC_REPRESENTATION_CONTEXT(2) 
PARAMETRIC_REPRESENTATION_CONTEXT() REPRESENTATION_CONTEXT('2D SPACE',''
  ) );
#11826 = ORIENTED_EDGE('',*,*,#11343,.F.);
#11827 = ORIENTED_EDGE('',*,*,#7562,.T.);
#11828 = ORIENTED_EDGE('',*,*,#11470,.F.);
#11829 = ORIENTED_EDGE('',*,*,#11830,.T.);
#11830 = EDGE_CURVE('',#11443,#11784,#11831,.T.);
#11831 = SURFACE_CURVE('',#11832,(#11836,#11843),.PCURVE_S1.);
#11832 = LINE('',#11833,#11834);
#11833 = CARTESIAN_POINT('',(-0.2,-5.72,-1.85));
#11834 = VECTOR('',#11835,1.);
#11835 = DIRECTION('',(-0.,-0.707106781187,0.707106781187));
#11836 = PCURVE('',#7576,#11837);
#11837 = DEFINITIONAL_REPRESENTATION('',(#11838),#11842);
#11838 = LINE('',#11839,#11840);
#11839 = CARTESIAN_POINT('',(1.85,-5.72));
#11840 = VECTOR('',#11841,1.);
#11841 = DIRECTION('',(-0.707106781187,-0.707106781187));
#11842 = ( GEOMETRIC_REPRESENTATION_CONTEXT(2) 
PARAMETRIC_REPRESENTATION_CONTEXT() REPRESENTATION_CONTEXT('2D SPACE',''
  ) );
#11843 = PCURVE('',#11458,#11844);
#11844 = DEFINITIONAL_REPRESENTATION('',(#11845),#11849);
#11845 = LINE('',#11846,#11847);
#11846 = CARTESIAN_POINT('',(0.4,0.));
#11847 = VECTOR('',#11848,1.);
#11848 = DIRECTION('',(0.,1.));
#11849 = ( GEOMETRIC_REPRESENTATION_CONTEXT(2) 
PARAMETRIC_REPRESENTATION_CONTEXT() REPRESENTATION_CONTEXT('2D SPACE',''
  ) );
#11850 = ADVANCED_FACE('',(#11851),#11649,.F.);
#11851 = FACE_BOUND('',#11852,.T.);
#11852 = EDGE_LOOP('',(#11853,#11854,#11875,#11876));
#11853 = ORIENTED_EDGE('',*,*,#11633,.F.);
#11854 = ORIENTED_EDGE('',*,*,#11855,.T.);
#11855 = EDGE_CURVE('',#11611,#11782,#11856,.T.);
#11856 = SURFACE_CURVE('',#11857,(#11861,#11868),.PCURVE_S1.);
#11857 = LINE('',#11858,#11859);
#11858 = CARTESIAN_POINT('',(0.2,-6.47,1.1));
#11859 = VECTOR('',#11860,1.);
#11860 = DIRECTION('',(-1.,0.,0.));
#11861 = PCURVE('',#11649,#11862);
#11862 = DEFINITIONAL_REPRESENTATION('',(#11863),#11867);
#11863 = LINE('',#11864,#11865);
#11864 = CARTESIAN_POINT('',(-0.75,0.));
#11865 = VECTOR('',#11866,1.);
#11866 = DIRECTION('',(0.,-1.));
#11867 = ( GEOMETRIC_REPRESENTATION_CONTEXT(2) 
PARAMETRIC_REPRESENTATION_CONTEXT() REPRESENTATION_CONTEXT('2D SPACE',''
  ) );
#11868 = PCURVE('',#11382,#11869);
#11869 = DEFINITIONAL_REPRESENTATION('',(#11870),#11874);
#11870 = LINE('',#11871,#11872);
#11871 = CARTESIAN_POINT('',(0.,0.));
#11872 = VECTOR('',#11873,1.);
#11873 = DIRECTION('',(1.,0.));
#11874 = ( GEOMETRIC_REPRESENTATION_CONTEXT(2) 
PARAMETRIC_REPRESENTATION_CONTEXT() REPRESENTATION_CONTEXT('2D SPACE',''
  ) );
#11875 = ORIENTED_EDGE('',*,*,#11781,.T.);
#11876 = ORIENTED_EDGE('',*,*,#11877,.T.);
#11877 = EDGE_CURVE('',#11784,#11634,#11878,.T.);
#11878 = SURFACE_CURVE('',#11879,(#11883,#11890),.PCURVE_S1.);
#11879 = LINE('',#11880,#11881);
#11880 = CARTESIAN_POINT('',(0.2,-6.47,-1.1));
#11881 = VECTOR('',#11882,1.);
#11882 = DIRECTION('',(1.,0.,0.));
#11883 = PCURVE('',#11649,#11884);
#11884 = DEFINITIONAL_REPRESENTATION('',(#11885),#11889);
#11885 = LINE('',#11886,#11887);
#11886 = CARTESIAN_POINT('',(-2.95,0.));
#11887 = VECTOR('',#11888,1.);
#11888 = DIRECTION('',(0.,1.));
#11889 = ( GEOMETRIC_REPRESENTATION_CONTEXT(2) 
PARAMETRIC_REPRESENTATION_CONTEXT() REPRESENTATION_CONTEXT('2D SPACE',''
  ) );
#11890 = PCURVE('',#11458,#11891);
#11891 = DEFINITIONAL_REPRESENTATION('',(#11892),#11896);
#11892 = LINE('',#11893,#11894);
#11893 = CARTESIAN_POINT('',(0.,1.06066017178));
#11894 = VECTOR('',#11895,1.);
#11895 = DIRECTION('',(-1.,0.));
#11896 = ( GEOMETRIC_REPRESENTATION_CONTEXT(2) 
PARAMETRIC_REPRESENTATION_CONTEXT() REPRESENTATION_CONTEXT('2D SPACE',''
  ) );
#11897 = ADVANCED_FACE('',(#11898),#11382,.F.);
#11898 = FACE_BOUND('',#11899,.T.);
#11899 = EDGE_LOOP('',(#11900,#11901,#11902,#11903));
#11900 = ORIENTED_EDGE('',*,*,#11610,.F.);
#11901 = ORIENTED_EDGE('',*,*,#11366,.F.);
#11902 = ORIENTED_EDGE('',*,*,#11806,.F.);
#11903 = ORIENTED_EDGE('',*,*,#11855,.F.);
#11904 = ADVANCED_FACE('',(#11905),#11458,.F.);
#11905 = FACE_BOUND('',#11906,.T.);
#11906 = EDGE_LOOP('',(#11907,#11908,#11909,#11910));
#11907 = ORIENTED_EDGE('',*,*,#11661,.F.);
#11908 = ORIENTED_EDGE('',*,*,#11877,.F.);
#11909 = ORIENTED_EDGE('',*,*,#11830,.F.);
#11910 = ORIENTED_EDGE('',*,*,#11442,.F.);
#11911 = ADVANCED_FACE('',(#11912),#11513,.F.);
#11912 = FACE_BOUND('',#11913,.T.);
#11913 = EDGE_LOOP('',(#11914,#11915,#11936,#11937));
#11914 = ORIENTED_EDGE('',*,*,#11495,.T.);
#11915 = ORIENTED_EDGE('',*,*,#11916,.F.);
#11916 = EDGE_CURVE('',#11713,#11498,#11917,.T.);
#11917 = SURFACE_CURVE('',#11918,(#11922,#11929),.PCURVE_S1.);
#11918 = LINE('',#11919,#11920);
#11919 = CARTESIAN_POINT('',(-0.2,-2.645,-0.5));
#11920 = VECTOR('',#11921,1.);
#11921 = DIRECTION('',(1.,-0.,-0.));
#11922 = PCURVE('',#11513,#11923);
#11923 = DEFINITIONAL_REPRESENTATION('',(#11924),#11928);
#11924 = LINE('',#11925,#11926);
#11925 = CARTESIAN_POINT('',(0.,0.));
#11926 = VECTOR('',#11927,1.);
#11927 = DIRECTION('',(0.,1.));
#11928 = ( GEOMETRIC_REPRESENTATION_CONTEXT(2) 
PARAMETRIC_REPRESENTATION_CONTEXT() REPRESENTATION_CONTEXT('2D SPACE',''
  ) );
#11929 = PCURVE('',#11595,#11930);
#11930 = DEFINITIONAL_REPRESENTATION('',(#11931),#11935);
#11931 = LINE('',#11932,#11933);
#11932 = CARTESIAN_POINT('',(-1.,0.));
#11933 = VECTOR('',#11934,1.);
#11934 = DIRECTION('',(0.,1.));
#11935 = ( GEOMETRIC_REPRESENTATION_CONTEXT(2) 
PARAMETRIC_REPRESENTATION_CONTEXT() REPRESENTATION_CONTEXT('2D SPACE',''
  ) );
#11936 = ORIENTED_EDGE('',*,*,#11712,.F.);
#11937 = ORIENTED_EDGE('',*,*,#11938,.T.);
#11938 = EDGE_CURVE('',#11690,#11496,#11939,.T.);
#11939 = SURFACE_CURVE('',#11940,(#11944,#11951),.PCURVE_S1.);
#11940 = LINE('',#11941,#11942);
#11941 = CARTESIAN_POINT('',(-0.2,-5.395,-0.5));
#11942 = VECTOR('',#11943,1.);
#11943 = DIRECTION('',(1.,-0.,-0.));
#11944 = PCURVE('',#11513,#11945);
#11945 = DEFINITIONAL_REPRESENTATION('',(#11946),#11950);
#11946 = LINE('',#11947,#11948);
#11947 = CARTESIAN_POINT('',(-2.75,0.));
#11948 = VECTOR('',#11949,1.);
#11949 = DIRECTION('',(0.,1.));
#11950 = ( GEOMETRIC_REPRESENTATION_CONTEXT(2) 
PARAMETRIC_REPRESENTATION_CONTEXT() REPRESENTATION_CONTEXT('2D SPACE',''
  ) );
#11951 = PCURVE('',#11541,#11952);
#11952 = DEFINITIONAL_REPRESENTATION('',(#11953),#11957);
#11953 = LINE('',#11954,#11955);
#11954 = CARTESIAN_POINT('',(1.,0.));
#11955 = VECTOR('',#11956,1.);
#11956 = DIRECTION('',(0.,1.));
#11957 = ( GEOMETRIC_REPRESENTATION_CONTEXT(2) 
PARAMETRIC_REPRESENTATION_CONTEXT() REPRESENTATION_CONTEXT('2D SPACE',''
  ) );
#11958 = ADVANCED_FACE('',(#11959),#11541,.F.);
#11959 = FACE_BOUND('',#11960,.T.);
#11960 = EDGE_LOOP('',(#11961,#11962,#11963,#11964));
#11961 = ORIENTED_EDGE('',*,*,#11525,.T.);
#11962 = ORIENTED_EDGE('',*,*,#11938,.F.);
#11963 = ORIENTED_EDGE('',*,*,#11687,.F.);
#11964 = ORIENTED_EDGE('',*,*,#11965,.T.);
#11965 = EDGE_CURVE('',#11688,#11526,#11966,.T.);
#11966 = SURFACE_CURVE('',#11967,(#11971,#11978),.PCURVE_S1.);
#11967 = LINE('',#11968,#11969);
#11968 = CARTESIAN_POINT('',(-0.2,-5.395,0.5));
#11969 = VECTOR('',#11970,1.);
#11970 = DIRECTION('',(1.,-0.,-0.));
#11971 = PCURVE('',#11541,#11972);
#11972 = DEFINITIONAL_REPRESENTATION('',(#11973),#11977);
#11973 = LINE('',#11974,#11975);
#11974 = CARTESIAN_POINT('',(0.,0.));
#11975 = VECTOR('',#11976,1.);
#11976 = DIRECTION('',(0.,1.));
#11977 = ( GEOMETRIC_REPRESENTATION_CONTEXT(2) 
PARAMETRIC_REPRESENTATION_CONTEXT() REPRESENTATION_CONTEXT('2D SPACE',''
  ) );
#11978 = PCURVE('',#11569,#11979);
#11979 = DEFINITIONAL_REPRESENTATION('',(#11980),#11984);
#11980 = LINE('',#11981,#11982);
#11981 = CARTESIAN_POINT('',(2.75,0.));
#11982 = VECTOR('',#11983,1.);
#11983 = DIRECTION('',(0.,1.));
#11984 = ( GEOMETRIC_REPRESENTATION_CONTEXT(2) 
PARAMETRIC_REPRESENTATION_CONTEXT() REPRESENTATION_CONTEXT('2D SPACE',''
  ) );
#11985 = ADVANCED_FACE('',(#11986),#11569,.F.);
#11986 = FACE_BOUND('',#11987,.T.);
#11987 = EDGE_LOOP('',(#11988,#11989,#11990,#11991));
#11988 = ORIENTED_EDGE('',*,*,#11553,.T.);
#11989 = ORIENTED_EDGE('',*,*,#11965,.F.);
#11990 = ORIENTED_EDGE('',*,*,#11758,.F.);
#11991 = ORIENTED_EDGE('',*,*,#11992,.T.);
#11992 = EDGE_CURVE('',#11736,#11554,#11993,.T.);
#11993 = SURFACE_CURVE('',#11994,(#11998,#12005),.PCURVE_S1.);
#11994 = LINE('',#11995,#11996);
#11995 = CARTESIAN_POINT('',(-0.2,-2.645,0.5));
#11996 = VECTOR('',#11997,1.);
#11997 = DIRECTION('',(1.,-0.,-0.));
#11998 = PCURVE('',#11569,#11999);
#11999 = DEFINITIONAL_REPRESENTATION('',(#12000),#12004);
#12000 = LINE('',#12001,#12002);
#12001 = CARTESIAN_POINT('',(0.,0.));
#12002 = VECTOR('',#12003,1.);
#12003 = DIRECTION('',(0.,1.));
#12004 = ( GEOMETRIC_REPRESENTATION_CONTEXT(2) 
PARAMETRIC_REPRESENTATION_CONTEXT() REPRESENTATION_CONTEXT('2D SPACE',''
  ) );
#12005 = PCURVE('',#11595,#12006);
#12006 = DEFINITIONAL_REPRESENTATION('',(#12007),#12011);
#12007 = LINE('',#12008,#12009);
#12008 = CARTESIAN_POINT('',(0.,0.));
#12009 = VECTOR('',#12010,1.);
#12010 = DIRECTION('',(0.,1.));
#12011 = ( GEOMETRIC_REPRESENTATION_CONTEXT(2) 
PARAMETRIC_REPRESENTATION_CONTEXT() REPRESENTATION_CONTEXT('2D SPACE',''
  ) );
#12012 = ADVANCED_FACE('',(#12013),#11595,.F.);
#12013 = FACE_BOUND('',#12014,.T.);
#12014 = EDGE_LOOP('',(#12015,#12016,#12017,#12018));
#12015 = ORIENTED_EDGE('',*,*,#11581,.T.);
#12016 = ORIENTED_EDGE('',*,*,#11992,.F.);
#12017 = ORIENTED_EDGE('',*,*,#11735,.F.);
#12018 = ORIENTED_EDGE('',*,*,#11916,.T.);
#12019 = ADVANCED_FACE('',(#12020),#8228,.F.);
#12020 = FACE_BOUND('',#12021,.T.);
#12021 = EDGE_LOOP('',(#12022,#12045,#12073,#12094));
#12022 = ORIENTED_EDGE('',*,*,#12023,.T.);
#12023 = EDGE_CURVE('',#8213,#12024,#12026,.T.);
#12024 = VERTEX_POINT('',#12025);
#12025 = CARTESIAN_POINT('',(-5.2,-5.72,1.85));
#12026 = SURFACE_CURVE('',#12027,(#12031,#12038),.PCURVE_S1.);
#12027 = LINE('',#12028,#12029);
#12028 = CARTESIAN_POINT('',(-5.2,-0.810352608912,1.85));
#12029 = VECTOR('',#12030,1.);
#12030 = DIRECTION('',(0.,-1.,-1.149402530828E-16));
#12031 = PCURVE('',#8228,#12032);
#12032 = DEFINITIONAL_REPRESENTATION('',(#12033),#12037);
#12033 = LINE('',#12034,#12035);
#12034 = CARTESIAN_POINT('',(0.,-0.4));
#12035 = VECTOR('',#12036,1.);
#12036 = DIRECTION('',(-1.,0.));
#12037 = ( GEOMETRIC_REPRESENTATION_CONTEXT(2) 
PARAMETRIC_REPRESENTATION_CONTEXT() REPRESENTATION_CONTEXT('2D SPACE',''
  ) );
#12038 = PCURVE('',#8310,#12039);
#12039 = DEFINITIONAL_REPRESENTATION('',(#12040),#12044);
#12040 = LINE('',#12041,#12042);
#12041 = CARTESIAN_POINT('',(-1.85,-0.810352608912));
#12042 = VECTOR('',#12043,1.);
#12043 = DIRECTION('',(1.149402530828E-16,-1.));
#12044 = ( GEOMETRIC_REPRESENTATION_CONTEXT(2) 
PARAMETRIC_REPRESENTATION_CONTEXT() REPRESENTATION_CONTEXT('2D SPACE',''
  ) );
#12045 = ORIENTED_EDGE('',*,*,#12046,.T.);
#12046 = EDGE_CURVE('',#12024,#12047,#12049,.T.);
#12047 = VERTEX_POINT('',#12048);
#12048 = CARTESIAN_POINT('',(-4.8,-5.72,1.85));
#12049 = SURFACE_CURVE('',#12050,(#12054,#12061),.PCURVE_S1.);
#12050 = LINE('',#12051,#12052);
#12051 = CARTESIAN_POINT('',(-4.8,-5.72,1.85));
#12052 = VECTOR('',#12053,1.);
#12053 = DIRECTION('',(1.,0.,0.));
#12054 = PCURVE('',#8228,#12055);
#12055 = DEFINITIONAL_REPRESENTATION('',(#12056),#12060);
#12056 = LINE('',#12057,#12058);
#12057 = CARTESIAN_POINT('',(-4.909647391088,0.));
#12058 = VECTOR('',#12059,1.);
#12059 = DIRECTION('',(0.,1.));
#12060 = ( GEOMETRIC_REPRESENTATION_CONTEXT(2) 
PARAMETRIC_REPRESENTATION_CONTEXT() REPRESENTATION_CONTEXT('2D SPACE',''
  ) );
#12061 = PCURVE('',#12062,#12067);
#12062 = PLANE('',#12063);
#12063 = AXIS2_PLACEMENT_3D('',#12064,#12065,#12066);
#12064 = CARTESIAN_POINT('',(-4.8,-6.47,1.1));
#12065 = DIRECTION('',(0.,0.707106781187,-0.707106781187));
#12066 = DIRECTION('',(-1.,0.,0.));
#12067 = DEFINITIONAL_REPRESENTATION('',(#12068),#12072);
#12068 = LINE('',#12069,#12070);
#12069 = CARTESIAN_POINT('',(0.,1.06066017178));
#12070 = VECTOR('',#12071,1.);
#12071 = DIRECTION('',(-1.,0.));
#12072 = ( GEOMETRIC_REPRESENTATION_CONTEXT(2) 
PARAMETRIC_REPRESENTATION_CONTEXT() REPRESENTATION_CONTEXT('2D SPACE',''
  ) );
#12073 = ORIENTED_EDGE('',*,*,#12074,.F.);
#12074 = EDGE_CURVE('',#8211,#12047,#12075,.T.);
#12075 = SURFACE_CURVE('',#12076,(#12080,#12087),.PCURVE_S1.);
#12076 = LINE('',#12077,#12078);
#12077 = CARTESIAN_POINT('',(-4.8,-0.810352608912,1.85));
#12078 = VECTOR('',#12079,1.);
#12079 = DIRECTION('',(0.,-1.,-1.149402530828E-16));
#12080 = PCURVE('',#8228,#12081);
#12081 = DEFINITIONAL_REPRESENTATION('',(#12082),#12086);
#12082 = LINE('',#12083,#12084);
#12083 = CARTESIAN_POINT('',(0.,0.));
#12084 = VECTOR('',#12085,1.);
#12085 = DIRECTION('',(-1.,0.));
#12086 = ( GEOMETRIC_REPRESENTATION_CONTEXT(2) 
PARAMETRIC_REPRESENTATION_CONTEXT() REPRESENTATION_CONTEXT('2D SPACE',''
  ) );
#12087 = PCURVE('',#8256,#12088);
#12088 = DEFINITIONAL_REPRESENTATION('',(#12089),#12093);
#12089 = LINE('',#12090,#12091);
#12090 = CARTESIAN_POINT('',(-1.85,-0.810352608912));
#12091 = VECTOR('',#12092,1.);
#12092 = DIRECTION('',(1.149402530828E-16,-1.));
#12093 = ( GEOMETRIC_REPRESENTATION_CONTEXT(2) 
PARAMETRIC_REPRESENTATION_CONTEXT() REPRESENTATION_CONTEXT('2D SPACE',''
  ) );
#12094 = ORIENTED_EDGE('',*,*,#8210,.T.);
#12095 = ADVANCED_FACE('',(#12096),#8284,.F.);
#12096 = FACE_BOUND('',#12097,.T.);
#12097 = EDGE_LOOP('',(#12098,#12121,#12149,#12170));
#12098 = ORIENTED_EDGE('',*,*,#12099,.F.);
#12099 = EDGE_CURVE('',#12100,#8241,#12102,.T.);
#12100 = VERTEX_POINT('',#12101);
#12101 = CARTESIAN_POINT('',(-4.8,-5.72,-1.85));
#12102 = SURFACE_CURVE('',#12103,(#12107,#12114),.PCURVE_S1.);
#12103 = LINE('',#12104,#12105);
#12104 = CARTESIAN_POINT('',(-4.8,-0.810352608912,-1.85));
#12105 = VECTOR('',#12106,1.);
#12106 = DIRECTION('',(-0.,1.,-1.149402530828E-16));
#12107 = PCURVE('',#8284,#12108);
#12108 = DEFINITIONAL_REPRESENTATION('',(#12109),#12113);
#12109 = LINE('',#12110,#12111);
#12110 = CARTESIAN_POINT('',(0.,0.));
#12111 = VECTOR('',#12112,1.);
#12112 = DIRECTION('',(-1.,0.));
#12113 = ( GEOMETRIC_REPRESENTATION_CONTEXT(2) 
PARAMETRIC_REPRESENTATION_CONTEXT() REPRESENTATION_CONTEXT('2D SPACE',''
  ) );
#12114 = PCURVE('',#8256,#12115);
#12115 = DEFINITIONAL_REPRESENTATION('',(#12116),#12120);
#12116 = LINE('',#12117,#12118);
#12117 = CARTESIAN_POINT('',(1.85,-0.810352608912));
#12118 = VECTOR('',#12119,1.);
#12119 = DIRECTION('',(1.149402530828E-16,1.));
#12120 = ( GEOMETRIC_REPRESENTATION_CONTEXT(2) 
PARAMETRIC_REPRESENTATION_CONTEXT() REPRESENTATION_CONTEXT('2D SPACE',''
  ) );
#12121 = ORIENTED_EDGE('',*,*,#12122,.T.);
#12122 = EDGE_CURVE('',#12100,#12123,#12125,.T.);
#12123 = VERTEX_POINT('',#12124);
#12124 = CARTESIAN_POINT('',(-5.2,-5.72,-1.85));
#12125 = SURFACE_CURVE('',#12126,(#12130,#12137),.PCURVE_S1.);
#12126 = LINE('',#12127,#12128);
#12127 = CARTESIAN_POINT('',(-4.8,-5.72,-1.85));
#12128 = VECTOR('',#12129,1.);
#12129 = DIRECTION('',(-1.,-0.,0.));
#12130 = PCURVE('',#8284,#12131);
#12131 = DEFINITIONAL_REPRESENTATION('',(#12132),#12136);
#12132 = LINE('',#12133,#12134);
#12133 = CARTESIAN_POINT('',(4.909647391088,0.));
#12134 = VECTOR('',#12135,1.);
#12135 = DIRECTION('',(0.,-1.));
#12136 = ( GEOMETRIC_REPRESENTATION_CONTEXT(2) 
PARAMETRIC_REPRESENTATION_CONTEXT() REPRESENTATION_CONTEXT('2D SPACE',''
  ) );
#12137 = PCURVE('',#12138,#12143);
#12138 = PLANE('',#12139);
#12139 = AXIS2_PLACEMENT_3D('',#12140,#12141,#12142);
#12140 = CARTESIAN_POINT('',(-4.8,-5.72,-1.85));
#12141 = DIRECTION('',(0.,0.707106781187,0.707106781187));
#12142 = DIRECTION('',(-1.,0.,0.));
#12143 = DEFINITIONAL_REPRESENTATION('',(#12144),#12148);
#12144 = LINE('',#12145,#12146);
#12145 = CARTESIAN_POINT('',(0.,0.));
#12146 = VECTOR('',#12147,1.);
#12147 = DIRECTION('',(1.,0.));
#12148 = ( GEOMETRIC_REPRESENTATION_CONTEXT(2) 
PARAMETRIC_REPRESENTATION_CONTEXT() REPRESENTATION_CONTEXT('2D SPACE',''
  ) );
#12149 = ORIENTED_EDGE('',*,*,#12150,.T.);
#12150 = EDGE_CURVE('',#12123,#8269,#12151,.T.);
#12151 = SURFACE_CURVE('',#12152,(#12156,#12163),.PCURVE_S1.);
#12152 = LINE('',#12153,#12154);
#12153 = CARTESIAN_POINT('',(-5.2,-0.810352608912,-1.85));
#12154 = VECTOR('',#12155,1.);
#12155 = DIRECTION('',(-0.,1.,-1.149402530828E-16));
#12156 = PCURVE('',#8284,#12157);
#12157 = DEFINITIONAL_REPRESENTATION('',(#12158),#12162);
#12158 = LINE('',#12159,#12160);
#12159 = CARTESIAN_POINT('',(0.,-0.4));
#12160 = VECTOR('',#12161,1.);
#12161 = DIRECTION('',(-1.,0.));
#12162 = ( GEOMETRIC_REPRESENTATION_CONTEXT(2) 
PARAMETRIC_REPRESENTATION_CONTEXT() REPRESENTATION_CONTEXT('2D SPACE',''
  ) );
#12163 = PCURVE('',#8310,#12164);
#12164 = DEFINITIONAL_REPRESENTATION('',(#12165),#12169);
#12165 = LINE('',#12166,#12167);
#12166 = CARTESIAN_POINT('',(1.85,-0.810352608912));
#12167 = VECTOR('',#12168,1.);
#12168 = DIRECTION('',(1.149402530828E-16,1.));
#12169 = ( GEOMETRIC_REPRESENTATION_CONTEXT(2) 
PARAMETRIC_REPRESENTATION_CONTEXT() REPRESENTATION_CONTEXT('2D SPACE',''
  ) );
#12170 = ORIENTED_EDGE('',*,*,#8268,.T.);
#12171 = ADVANCED_FACE('',(#12172,#12286),#8256,.T.);
#12172 = FACE_BOUND('',#12173,.T.);
#12173 = EDGE_LOOP('',(#12174,#12204,#12232,#12260));
#12174 = ORIENTED_EDGE('',*,*,#12175,.F.);
#12175 = EDGE_CURVE('',#12176,#12178,#12180,.T.);
#12176 = VERTEX_POINT('',#12177);
#12177 = CARTESIAN_POINT('',(-4.8,-5.395,-0.5));
#12178 = VERTEX_POINT('',#12179);
#12179 = CARTESIAN_POINT('',(-4.8,-2.645,-0.5));
#12180 = SURFACE_CURVE('',#12181,(#12185,#12192),.PCURVE_S1.);
#12181 = LINE('',#12182,#12183);
#12182 = CARTESIAN_POINT('',(-4.8,-2.645,-0.5));
#12183 = VECTOR('',#12184,1.);
#12184 = DIRECTION('',(-0.,1.,1.577021341797E-16));
#12185 = PCURVE('',#8256,#12186);
#12186 = DEFINITIONAL_REPRESENTATION('',(#12187),#12191);
#12187 = LINE('',#12188,#12189);
#12188 = CARTESIAN_POINT('',(0.5,-2.645));
#12189 = VECTOR('',#12190,1.);
#12190 = DIRECTION('',(-1.577021341797E-16,1.));
#12191 = ( GEOMETRIC_REPRESENTATION_CONTEXT(2) 
PARAMETRIC_REPRESENTATION_CONTEXT() REPRESENTATION_CONTEXT('2D SPACE',''
  ) );
#12192 = PCURVE('',#12193,#12198);
#12193 = PLANE('',#12194);
#12194 = AXIS2_PLACEMENT_3D('',#12195,#12196,#12197);
#12195 = CARTESIAN_POINT('',(-5.2,-2.645,-0.5));
#12196 = DIRECTION('',(0.,1.577021341797E-16,-1.));
#12197 = DIRECTION('',(0.,1.,1.577021341797E-16));
#12198 = DEFINITIONAL_REPRESENTATION('',(#12199),#12203);
#12199 = LINE('',#12200,#12201);
#12200 = CARTESIAN_POINT('',(0.,0.4));
#12201 = VECTOR('',#12202,1.);
#12202 = DIRECTION('',(1.,0.));
#12203 = ( GEOMETRIC_REPRESENTATION_CONTEXT(2) 
PARAMETRIC_REPRESENTATION_CONTEXT() REPRESENTATION_CONTEXT('2D SPACE',''
  ) );
#12204 = ORIENTED_EDGE('',*,*,#12205,.F.);
#12205 = EDGE_CURVE('',#12206,#12176,#12208,.T.);
#12206 = VERTEX_POINT('',#12207);
#12207 = CARTESIAN_POINT('',(-4.8,-5.395,0.5));
#12208 = SURFACE_CURVE('',#12209,(#12213,#12220),.PCURVE_S1.);
#12209 = LINE('',#12210,#12211);
#12210 = CARTESIAN_POINT('',(-4.8,-5.395,0.5));
#12211 = VECTOR('',#12212,1.);
#12212 = DIRECTION('',(0.,0.,-1.));
#12213 = PCURVE('',#8256,#12214);
#12214 = DEFINITIONAL_REPRESENTATION('',(#12215),#12219);
#12215 = LINE('',#12216,#12217);
#12216 = CARTESIAN_POINT('',(-0.5,-5.395));
#12217 = VECTOR('',#12218,1.);
#12218 = DIRECTION('',(1.,0.));
#12219 = ( GEOMETRIC_REPRESENTATION_CONTEXT(2) 
PARAMETRIC_REPRESENTATION_CONTEXT() REPRESENTATION_CONTEXT('2D SPACE',''
  ) );
#12220 = PCURVE('',#12221,#12226);
#12221 = PLANE('',#12222);
#12222 = AXIS2_PLACEMENT_3D('',#12223,#12224,#12225);
#12223 = CARTESIAN_POINT('',(-5.2,-5.395,0.5));
#12224 = DIRECTION('',(0.,-1.,-0.));
#12225 = DIRECTION('',(0.,0.,-1.));
#12226 = DEFINITIONAL_REPRESENTATION('',(#12227),#12231);
#12227 = LINE('',#12228,#12229);
#12228 = CARTESIAN_POINT('',(0.,0.4));
#12229 = VECTOR('',#12230,1.);
#12230 = DIRECTION('',(1.,0.));
#12231 = ( GEOMETRIC_REPRESENTATION_CONTEXT(2) 
PARAMETRIC_REPRESENTATION_CONTEXT() REPRESENTATION_CONTEXT('2D SPACE',''
  ) );
#12232 = ORIENTED_EDGE('',*,*,#12233,.F.);
#12233 = EDGE_CURVE('',#12234,#12206,#12236,.T.);
#12234 = VERTEX_POINT('',#12235);
#12235 = CARTESIAN_POINT('',(-4.8,-2.645,0.5));
#12236 = SURFACE_CURVE('',#12237,(#12241,#12248),.PCURVE_S1.);
#12237 = LINE('',#12238,#12239);
#12238 = CARTESIAN_POINT('',(-4.8,-2.645,0.5));
#12239 = VECTOR('',#12240,1.);
#12240 = DIRECTION('',(0.,-1.,-1.182766006348E-16));
#12241 = PCURVE('',#8256,#12242);
#12242 = DEFINITIONAL_REPRESENTATION('',(#12243),#12247);
#12243 = LINE('',#12244,#12245);
#12244 = CARTESIAN_POINT('',(-0.5,-2.645));
#12245 = VECTOR('',#12246,1.);
#12246 = DIRECTION('',(1.182766006348E-16,-1.));
#12247 = ( GEOMETRIC_REPRESENTATION_CONTEXT(2) 
PARAMETRIC_REPRESENTATION_CONTEXT() REPRESENTATION_CONTEXT('2D SPACE',''
  ) );
#12248 = PCURVE('',#12249,#12254);
#12249 = PLANE('',#12250);
#12250 = AXIS2_PLACEMENT_3D('',#12251,#12252,#12253);
#12251 = CARTESIAN_POINT('',(-5.2,-2.645,0.5));
#12252 = DIRECTION('',(0.,-1.182766006348E-16,1.));
#12253 = DIRECTION('',(0.,-1.,-1.182766006348E-16));
#12254 = DEFINITIONAL_REPRESENTATION('',(#12255),#12259);
#12255 = LINE('',#12256,#12257);
#12256 = CARTESIAN_POINT('',(0.,0.4));
#12257 = VECTOR('',#12258,1.);
#12258 = DIRECTION('',(1.,0.));
#12259 = ( GEOMETRIC_REPRESENTATION_CONTEXT(2) 
PARAMETRIC_REPRESENTATION_CONTEXT() REPRESENTATION_CONTEXT('2D SPACE',''
  ) );
#12260 = ORIENTED_EDGE('',*,*,#12261,.F.);
#12261 = EDGE_CURVE('',#12178,#12234,#12262,.T.);
#12262 = SURFACE_CURVE('',#12263,(#12267,#12274),.PCURVE_S1.);
#12263 = LINE('',#12264,#12265);
#12264 = CARTESIAN_POINT('',(-4.8,-2.645,0.5));
#12265 = VECTOR('',#12266,1.);
#12266 = DIRECTION('',(-0.,-0.,1.));
#12267 = PCURVE('',#8256,#12268);
#12268 = DEFINITIONAL_REPRESENTATION('',(#12269),#12273);
#12269 = LINE('',#12270,#12271);
#12270 = CARTESIAN_POINT('',(-0.5,-2.645));
#12271 = VECTOR('',#12272,1.);
#12272 = DIRECTION('',(-1.,0.));
#12273 = ( GEOMETRIC_REPRESENTATION_CONTEXT(2) 
PARAMETRIC_REPRESENTATION_CONTEXT() REPRESENTATION_CONTEXT('2D SPACE',''
  ) );
#12274 = PCURVE('',#12275,#12280);
#12275 = PLANE('',#12276);
#12276 = AXIS2_PLACEMENT_3D('',#12277,#12278,#12279);
#12277 = CARTESIAN_POINT('',(-5.2,-2.645,0.5));
#12278 = DIRECTION('',(0.,1.,0.));
#12279 = DIRECTION('',(0.,-0.,1.));
#12280 = DEFINITIONAL_REPRESENTATION('',(#12281),#12285);
#12281 = LINE('',#12282,#12283);
#12282 = CARTESIAN_POINT('',(0.,0.4));
#12283 = VECTOR('',#12284,1.);
#12284 = DIRECTION('',(1.,-0.));
#12285 = ( GEOMETRIC_REPRESENTATION_CONTEXT(2) 
PARAMETRIC_REPRESENTATION_CONTEXT() REPRESENTATION_CONTEXT('2D SPACE',''
  ) );
#12286 = FACE_BOUND('',#12287,.T.);
#12287 = EDGE_LOOP('',(#12288,#12289,#12312,#12340,#12361,#12362));
#12288 = ORIENTED_EDGE('',*,*,#12074,.T.);
#12289 = ORIENTED_EDGE('',*,*,#12290,.T.);
#12290 = EDGE_CURVE('',#12047,#12291,#12293,.T.);
#12291 = VERTEX_POINT('',#12292);
#12292 = CARTESIAN_POINT('',(-4.8,-6.47,1.1));
#12293 = SURFACE_CURVE('',#12294,(#12298,#12305),.PCURVE_S1.);
#12294 = LINE('',#12295,#12296);
#12295 = CARTESIAN_POINT('',(-4.8,-3.785,3.785));
#12296 = VECTOR('',#12297,1.);
#12297 = DIRECTION('',(0.,-0.707106781187,-0.707106781187));
#12298 = PCURVE('',#8256,#12299);
#12299 = DEFINITIONAL_REPRESENTATION('',(#12300),#12304);
#12300 = LINE('',#12301,#12302);
#12301 = CARTESIAN_POINT('',(-3.785,-3.785));
#12302 = VECTOR('',#12303,1.);
#12303 = DIRECTION('',(0.707106781187,-0.707106781187));
#12304 = ( GEOMETRIC_REPRESENTATION_CONTEXT(2) 
PARAMETRIC_REPRESENTATION_CONTEXT() REPRESENTATION_CONTEXT('2D SPACE',''
  ) );
#12305 = PCURVE('',#12062,#12306);
#12306 = DEFINITIONAL_REPRESENTATION('',(#12307),#12311);
#12307 = LINE('',#12308,#12309);
#12308 = CARTESIAN_POINT('',(0.,3.797163414972));
#12309 = VECTOR('',#12310,1.);
#12310 = DIRECTION('',(-0.,-1.));
#12311 = ( GEOMETRIC_REPRESENTATION_CONTEXT(2) 
PARAMETRIC_REPRESENTATION_CONTEXT() REPRESENTATION_CONTEXT('2D SPACE',''
  ) );
#12312 = ORIENTED_EDGE('',*,*,#12313,.T.);
#12313 = EDGE_CURVE('',#12291,#12314,#12316,.T.);
#12314 = VERTEX_POINT('',#12315);
#12315 = CARTESIAN_POINT('',(-4.8,-6.47,-1.1));
#12316 = SURFACE_CURVE('',#12317,(#12321,#12328),.PCURVE_S1.);
#12317 = LINE('',#12318,#12319);
#12318 = CARTESIAN_POINT('',(-4.8,-6.47,1.85));
#12319 = VECTOR('',#12320,1.);
#12320 = DIRECTION('',(0.,0.,-1.));
#12321 = PCURVE('',#8256,#12322);
#12322 = DEFINITIONAL_REPRESENTATION('',(#12323),#12327);
#12323 = LINE('',#12324,#12325);
#12324 = CARTESIAN_POINT('',(-1.85,-6.47));
#12325 = VECTOR('',#12326,1.);
#12326 = DIRECTION('',(1.,0.));
#12327 = ( GEOMETRIC_REPRESENTATION_CONTEXT(2) 
PARAMETRIC_REPRESENTATION_CONTEXT() REPRESENTATION_CONTEXT('2D SPACE',''
  ) );
#12328 = PCURVE('',#12329,#12334);
#12329 = PLANE('',#12330);
#12330 = AXIS2_PLACEMENT_3D('',#12331,#12332,#12333);
#12331 = CARTESIAN_POINT('',(-4.8,-6.47,1.85));
#12332 = DIRECTION('',(-0.,1.,0.));
#12333 = DIRECTION('',(0.,0.,1.));
#12334 = DEFINITIONAL_REPRESENTATION('',(#12335),#12339);
#12335 = LINE('',#12336,#12337);
#12336 = CARTESIAN_POINT('',(0.,0.));
#12337 = VECTOR('',#12338,1.);
#12338 = DIRECTION('',(-1.,0.));
#12339 = ( GEOMETRIC_REPRESENTATION_CONTEXT(2) 
PARAMETRIC_REPRESENTATION_CONTEXT() REPRESENTATION_CONTEXT('2D SPACE',''
  ) );
#12340 = ORIENTED_EDGE('',*,*,#12341,.T.);
#12341 = EDGE_CURVE('',#12314,#12100,#12342,.T.);
#12342 = SURFACE_CURVE('',#12343,(#12347,#12354),.PCURVE_S1.);
#12343 = LINE('',#12344,#12345);
#12344 = CARTESIAN_POINT('',(-4.8,-3.785,-3.785));
#12345 = VECTOR('',#12346,1.);
#12346 = DIRECTION('',(-0.,0.707106781187,-0.707106781187));
#12347 = PCURVE('',#8256,#12348);
#12348 = DEFINITIONAL_REPRESENTATION('',(#12349),#12353);
#12349 = LINE('',#12350,#12351);
#12350 = CARTESIAN_POINT('',(3.785,-3.785));
#12351 = VECTOR('',#12352,1.);
#12352 = DIRECTION('',(0.707106781187,0.707106781187));
#12353 = ( GEOMETRIC_REPRESENTATION_CONTEXT(2) 
PARAMETRIC_REPRESENTATION_CONTEXT() REPRESENTATION_CONTEXT('2D SPACE',''
  ) );
#12354 = PCURVE('',#12138,#12355);
#12355 = DEFINITIONAL_REPRESENTATION('',(#12356),#12360);
#12356 = LINE('',#12357,#12358);
#12357 = CARTESIAN_POINT('',(0.,-2.736503243192));
#12358 = VECTOR('',#12359,1.);
#12359 = DIRECTION('',(0.,-1.));
#12360 = ( GEOMETRIC_REPRESENTATION_CONTEXT(2) 
PARAMETRIC_REPRESENTATION_CONTEXT() REPRESENTATION_CONTEXT('2D SPACE',''
  ) );
#12361 = ORIENTED_EDGE('',*,*,#12099,.T.);
#12362 = ORIENTED_EDGE('',*,*,#8240,.F.);
#12363 = ADVANCED_FACE('',(#12364,#12458),#8310,.F.);
#12364 = FACE_BOUND('',#12365,.T.);
#12365 = EDGE_LOOP('',(#12366,#12391,#12414,#12437));
#12366 = ORIENTED_EDGE('',*,*,#12367,.T.);
#12367 = EDGE_CURVE('',#12368,#12370,#12372,.T.);
#12368 = VERTEX_POINT('',#12369);
#12369 = CARTESIAN_POINT('',(-5.2,-5.395,0.5));
#12370 = VERTEX_POINT('',#12371);
#12371 = CARTESIAN_POINT('',(-5.2,-5.395,-0.5));
#12372 = SURFACE_CURVE('',#12373,(#12377,#12384),.PCURVE_S1.);
#12373 = LINE('',#12374,#12375);
#12374 = CARTESIAN_POINT('',(-5.2,-5.395,0.5));
#12375 = VECTOR('',#12376,1.);
#12376 = DIRECTION('',(0.,0.,-1.));
#12377 = PCURVE('',#8310,#12378);
#12378 = DEFINITIONAL_REPRESENTATION('',(#12379),#12383);
#12379 = LINE('',#12380,#12381);
#12380 = CARTESIAN_POINT('',(-0.5,-5.395));
#12381 = VECTOR('',#12382,1.);
#12382 = DIRECTION('',(1.,0.));
#12383 = ( GEOMETRIC_REPRESENTATION_CONTEXT(2) 
PARAMETRIC_REPRESENTATION_CONTEXT() REPRESENTATION_CONTEXT('2D SPACE',''
  ) );
#12384 = PCURVE('',#12221,#12385);
#12385 = DEFINITIONAL_REPRESENTATION('',(#12386),#12390);
#12386 = LINE('',#12387,#12388);
#12387 = CARTESIAN_POINT('',(0.,0.));
#12388 = VECTOR('',#12389,1.);
#12389 = DIRECTION('',(1.,0.));
#12390 = ( GEOMETRIC_REPRESENTATION_CONTEXT(2) 
PARAMETRIC_REPRESENTATION_CONTEXT() REPRESENTATION_CONTEXT('2D SPACE',''
  ) );
#12391 = ORIENTED_EDGE('',*,*,#12392,.T.);
#12392 = EDGE_CURVE('',#12370,#12393,#12395,.T.);
#12393 = VERTEX_POINT('',#12394);
#12394 = CARTESIAN_POINT('',(-5.2,-2.645,-0.5));
#12395 = SURFACE_CURVE('',#12396,(#12400,#12407),.PCURVE_S1.);
#12396 = LINE('',#12397,#12398);
#12397 = CARTESIAN_POINT('',(-5.2,-2.645,-0.5));
#12398 = VECTOR('',#12399,1.);
#12399 = DIRECTION('',(-0.,1.,1.577021341797E-16));
#12400 = PCURVE('',#8310,#12401);
#12401 = DEFINITIONAL_REPRESENTATION('',(#12402),#12406);
#12402 = LINE('',#12403,#12404);
#12403 = CARTESIAN_POINT('',(0.5,-2.645));
#12404 = VECTOR('',#12405,1.);
#12405 = DIRECTION('',(-1.577021341797E-16,1.));
#12406 = ( GEOMETRIC_REPRESENTATION_CONTEXT(2) 
PARAMETRIC_REPRESENTATION_CONTEXT() REPRESENTATION_CONTEXT('2D SPACE',''
  ) );
#12407 = PCURVE('',#12193,#12408);
#12408 = DEFINITIONAL_REPRESENTATION('',(#12409),#12413);
#12409 = LINE('',#12410,#12411);
#12410 = CARTESIAN_POINT('',(0.,0.));
#12411 = VECTOR('',#12412,1.);
#12412 = DIRECTION('',(1.,0.));
#12413 = ( GEOMETRIC_REPRESENTATION_CONTEXT(2) 
PARAMETRIC_REPRESENTATION_CONTEXT() REPRESENTATION_CONTEXT('2D SPACE',''
  ) );
#12414 = ORIENTED_EDGE('',*,*,#12415,.T.);
#12415 = EDGE_CURVE('',#12393,#12416,#12418,.T.);
#12416 = VERTEX_POINT('',#12417);
#12417 = CARTESIAN_POINT('',(-5.2,-2.645,0.5));
#12418 = SURFACE_CURVE('',#12419,(#12423,#12430),.PCURVE_S1.);
#12419 = LINE('',#12420,#12421);
#12420 = CARTESIAN_POINT('',(-5.2,-2.645,0.5));
#12421 = VECTOR('',#12422,1.);
#12422 = DIRECTION('',(-0.,-0.,1.));
#12423 = PCURVE('',#8310,#12424);
#12424 = DEFINITIONAL_REPRESENTATION('',(#12425),#12429);
#12425 = LINE('',#12426,#12427);
#12426 = CARTESIAN_POINT('',(-0.5,-2.645));
#12427 = VECTOR('',#12428,1.);
#12428 = DIRECTION('',(-1.,0.));
#12429 = ( GEOMETRIC_REPRESENTATION_CONTEXT(2) 
PARAMETRIC_REPRESENTATION_CONTEXT() REPRESENTATION_CONTEXT('2D SPACE',''
  ) );
#12430 = PCURVE('',#12275,#12431);
#12431 = DEFINITIONAL_REPRESENTATION('',(#12432),#12436);
#12432 = LINE('',#12433,#12434);
#12433 = CARTESIAN_POINT('',(0.,0.));
#12434 = VECTOR('',#12435,1.);
#12435 = DIRECTION('',(1.,-0.));
#12436 = ( GEOMETRIC_REPRESENTATION_CONTEXT(2) 
PARAMETRIC_REPRESENTATION_CONTEXT() REPRESENTATION_CONTEXT('2D SPACE',''
  ) );
#12437 = ORIENTED_EDGE('',*,*,#12438,.T.);
#12438 = EDGE_CURVE('',#12416,#12368,#12439,.T.);
#12439 = SURFACE_CURVE('',#12440,(#12444,#12451),.PCURVE_S1.);
#12440 = LINE('',#12441,#12442);
#12441 = CARTESIAN_POINT('',(-5.2,-2.645,0.5));
#12442 = VECTOR('',#12443,1.);
#12443 = DIRECTION('',(0.,-1.,-1.182766006348E-16));
#12444 = PCURVE('',#8310,#12445);
#12445 = DEFINITIONAL_REPRESENTATION('',(#12446),#12450);
#12446 = LINE('',#12447,#12448);
#12447 = CARTESIAN_POINT('',(-0.5,-2.645));
#12448 = VECTOR('',#12449,1.);
#12449 = DIRECTION('',(1.182766006348E-16,-1.));
#12450 = ( GEOMETRIC_REPRESENTATION_CONTEXT(2) 
PARAMETRIC_REPRESENTATION_CONTEXT() REPRESENTATION_CONTEXT('2D SPACE',''
  ) );
#12451 = PCURVE('',#12249,#12452);
#12452 = DEFINITIONAL_REPRESENTATION('',(#12453),#12457);
#12453 = LINE('',#12454,#12455);
#12454 = CARTESIAN_POINT('',(0.,0.));
#12455 = VECTOR('',#12456,1.);
#12456 = DIRECTION('',(1.,0.));
#12457 = ( GEOMETRIC_REPRESENTATION_CONTEXT(2) 
PARAMETRIC_REPRESENTATION_CONTEXT() REPRESENTATION_CONTEXT('2D SPACE',''
  ) );
#12458 = FACE_BOUND('',#12459,.T.);
#12459 = EDGE_LOOP('',(#12460,#12485,#12506,#12507,#12508,#12509));
#12460 = ORIENTED_EDGE('',*,*,#12461,.F.);
#12461 = EDGE_CURVE('',#12462,#12464,#12466,.T.);
#12462 = VERTEX_POINT('',#12463);
#12463 = CARTESIAN_POINT('',(-5.2,-6.47,1.1));
#12464 = VERTEX_POINT('',#12465);
#12465 = CARTESIAN_POINT('',(-5.2,-6.47,-1.1));
#12466 = SURFACE_CURVE('',#12467,(#12471,#12478),.PCURVE_S1.);
#12467 = LINE('',#12468,#12469);
#12468 = CARTESIAN_POINT('',(-5.2,-6.47,1.85));
#12469 = VECTOR('',#12470,1.);
#12470 = DIRECTION('',(0.,0.,-1.));
#12471 = PCURVE('',#8310,#12472);
#12472 = DEFINITIONAL_REPRESENTATION('',(#12473),#12477);
#12473 = LINE('',#12474,#12475);
#12474 = CARTESIAN_POINT('',(-1.85,-6.47));
#12475 = VECTOR('',#12476,1.);
#12476 = DIRECTION('',(1.,0.));
#12477 = ( GEOMETRIC_REPRESENTATION_CONTEXT(2) 
PARAMETRIC_REPRESENTATION_CONTEXT() REPRESENTATION_CONTEXT('2D SPACE',''
  ) );
#12478 = PCURVE('',#12329,#12479);
#12479 = DEFINITIONAL_REPRESENTATION('',(#12480),#12484);
#12480 = LINE('',#12481,#12482);
#12481 = CARTESIAN_POINT('',(0.,-0.4));
#12482 = VECTOR('',#12483,1.);
#12483 = DIRECTION('',(-1.,0.));
#12484 = ( GEOMETRIC_REPRESENTATION_CONTEXT(2) 
PARAMETRIC_REPRESENTATION_CONTEXT() REPRESENTATION_CONTEXT('2D SPACE',''
  ) );
#12485 = ORIENTED_EDGE('',*,*,#12486,.T.);
#12486 = EDGE_CURVE('',#12462,#12024,#12487,.T.);
#12487 = SURFACE_CURVE('',#12488,(#12492,#12499),.PCURVE_S1.);
#12488 = LINE('',#12489,#12490);
#12489 = CARTESIAN_POINT('',(-5.2,-6.47,1.1));
#12490 = VECTOR('',#12491,1.);
#12491 = DIRECTION('',(-0.,0.707106781187,0.707106781187));
#12492 = PCURVE('',#8310,#12493);
#12493 = DEFINITIONAL_REPRESENTATION('',(#12494),#12498);
#12494 = LINE('',#12495,#12496);
#12495 = CARTESIAN_POINT('',(-1.1,-6.47));
#12496 = VECTOR('',#12497,1.);
#12497 = DIRECTION('',(-0.707106781187,0.707106781187));
#12498 = ( GEOMETRIC_REPRESENTATION_CONTEXT(2) 
PARAMETRIC_REPRESENTATION_CONTEXT() REPRESENTATION_CONTEXT('2D SPACE',''
  ) );
#12499 = PCURVE('',#12062,#12500);
#12500 = DEFINITIONAL_REPRESENTATION('',(#12501),#12505);
#12501 = LINE('',#12502,#12503);
#12502 = CARTESIAN_POINT('',(0.4,0.));
#12503 = VECTOR('',#12504,1.);
#12504 = DIRECTION('',(0.,1.));
#12505 = ( GEOMETRIC_REPRESENTATION_CONTEXT(2) 
PARAMETRIC_REPRESENTATION_CONTEXT() REPRESENTATION_CONTEXT('2D SPACE',''
  ) );
#12506 = ORIENTED_EDGE('',*,*,#12023,.F.);
#12507 = ORIENTED_EDGE('',*,*,#8296,.T.);
#12508 = ORIENTED_EDGE('',*,*,#12150,.F.);
#12509 = ORIENTED_EDGE('',*,*,#12510,.T.);
#12510 = EDGE_CURVE('',#12123,#12464,#12511,.T.);
#12511 = SURFACE_CURVE('',#12512,(#12516,#12523),.PCURVE_S1.);
#12512 = LINE('',#12513,#12514);
#12513 = CARTESIAN_POINT('',(-5.2,-5.72,-1.85));
#12514 = VECTOR('',#12515,1.);
#12515 = DIRECTION('',(-0.,-0.707106781187,0.707106781187));
#12516 = PCURVE('',#8310,#12517);
#12517 = DEFINITIONAL_REPRESENTATION('',(#12518),#12522);
#12518 = LINE('',#12519,#12520);
#12519 = CARTESIAN_POINT('',(1.85,-5.72));
#12520 = VECTOR('',#12521,1.);
#12521 = DIRECTION('',(-0.707106781187,-0.707106781187));
#12522 = ( GEOMETRIC_REPRESENTATION_CONTEXT(2) 
PARAMETRIC_REPRESENTATION_CONTEXT() REPRESENTATION_CONTEXT('2D SPACE',''
  ) );
#12523 = PCURVE('',#12138,#12524);
#12524 = DEFINITIONAL_REPRESENTATION('',(#12525),#12529);
#12525 = LINE('',#12526,#12527);
#12526 = CARTESIAN_POINT('',(0.4,0.));
#12527 = VECTOR('',#12528,1.);
#12528 = DIRECTION('',(0.,1.));
#12529 = ( GEOMETRIC_REPRESENTATION_CONTEXT(2) 
PARAMETRIC_REPRESENTATION_CONTEXT() REPRESENTATION_CONTEXT('2D SPACE',''
  ) );
#12530 = ADVANCED_FACE('',(#12531),#12329,.F.);
#12531 = FACE_BOUND('',#12532,.T.);
#12532 = EDGE_LOOP('',(#12533,#12534,#12555,#12556));
#12533 = ORIENTED_EDGE('',*,*,#12313,.F.);
#12534 = ORIENTED_EDGE('',*,*,#12535,.T.);
#12535 = EDGE_CURVE('',#12291,#12462,#12536,.T.);
#12536 = SURFACE_CURVE('',#12537,(#12541,#12548),.PCURVE_S1.);
#12537 = LINE('',#12538,#12539);
#12538 = CARTESIAN_POINT('',(-4.8,-6.47,1.1));
#12539 = VECTOR('',#12540,1.);
#12540 = DIRECTION('',(-1.,0.,0.));
#12541 = PCURVE('',#12329,#12542);
#12542 = DEFINITIONAL_REPRESENTATION('',(#12543),#12547);
#12543 = LINE('',#12544,#12545);
#12544 = CARTESIAN_POINT('',(-0.75,0.));
#12545 = VECTOR('',#12546,1.);
#12546 = DIRECTION('',(0.,-1.));
#12547 = ( GEOMETRIC_REPRESENTATION_CONTEXT(2) 
PARAMETRIC_REPRESENTATION_CONTEXT() REPRESENTATION_CONTEXT('2D SPACE',''
  ) );
#12548 = PCURVE('',#12062,#12549);
#12549 = DEFINITIONAL_REPRESENTATION('',(#12550),#12554);
#12550 = LINE('',#12551,#12552);
#12551 = CARTESIAN_POINT('',(0.,0.));
#12552 = VECTOR('',#12553,1.);
#12553 = DIRECTION('',(1.,0.));
#12554 = ( GEOMETRIC_REPRESENTATION_CONTEXT(2) 
PARAMETRIC_REPRESENTATION_CONTEXT() REPRESENTATION_CONTEXT('2D SPACE',''
  ) );
#12555 = ORIENTED_EDGE('',*,*,#12461,.T.);
#12556 = ORIENTED_EDGE('',*,*,#12557,.T.);
#12557 = EDGE_CURVE('',#12464,#12314,#12558,.T.);
#12558 = SURFACE_CURVE('',#12559,(#12563,#12570),.PCURVE_S1.);
#12559 = LINE('',#12560,#12561);
#12560 = CARTESIAN_POINT('',(-4.8,-6.47,-1.1));
#12561 = VECTOR('',#12562,1.);
#12562 = DIRECTION('',(1.,0.,0.));
#12563 = PCURVE('',#12329,#12564);
#12564 = DEFINITIONAL_REPRESENTATION('',(#12565),#12569);
#12565 = LINE('',#12566,#12567);
#12566 = CARTESIAN_POINT('',(-2.95,0.));
#12567 = VECTOR('',#12568,1.);
#12568 = DIRECTION('',(0.,1.));
#12569 = ( GEOMETRIC_REPRESENTATION_CONTEXT(2) 
PARAMETRIC_REPRESENTATION_CONTEXT() REPRESENTATION_CONTEXT('2D SPACE',''
  ) );
#12570 = PCURVE('',#12138,#12571);
#12571 = DEFINITIONAL_REPRESENTATION('',(#12572),#12576);
#12572 = LINE('',#12573,#12574);
#12573 = CARTESIAN_POINT('',(0.,1.06066017178));
#12574 = VECTOR('',#12575,1.);
#12575 = DIRECTION('',(-1.,0.));
#12576 = ( GEOMETRIC_REPRESENTATION_CONTEXT(2) 
PARAMETRIC_REPRESENTATION_CONTEXT() REPRESENTATION_CONTEXT('2D SPACE',''
  ) );
#12577 = ADVANCED_FACE('',(#12578),#12062,.F.);
#12578 = FACE_BOUND('',#12579,.T.);
#12579 = EDGE_LOOP('',(#12580,#12581,#12582,#12583));
#12580 = ORIENTED_EDGE('',*,*,#12290,.F.);
#12581 = ORIENTED_EDGE('',*,*,#12046,.F.);
#12582 = ORIENTED_EDGE('',*,*,#12486,.F.);
#12583 = ORIENTED_EDGE('',*,*,#12535,.F.);
#12584 = ADVANCED_FACE('',(#12585),#12138,.F.);
#12585 = FACE_BOUND('',#12586,.T.);
#12586 = EDGE_LOOP('',(#12587,#12588,#12589,#12590));
#12587 = ORIENTED_EDGE('',*,*,#12341,.F.);
#12588 = ORIENTED_EDGE('',*,*,#12557,.F.);
#12589 = ORIENTED_EDGE('',*,*,#12510,.F.);
#12590 = ORIENTED_EDGE('',*,*,#12122,.F.);
#12591 = ADVANCED_FACE('',(#12592),#12193,.F.);
#12592 = FACE_BOUND('',#12593,.T.);
#12593 = EDGE_LOOP('',(#12594,#12595,#12616,#12617));
#12594 = ORIENTED_EDGE('',*,*,#12175,.T.);
#12595 = ORIENTED_EDGE('',*,*,#12596,.F.);
#12596 = EDGE_CURVE('',#12393,#12178,#12597,.T.);
#12597 = SURFACE_CURVE('',#12598,(#12602,#12609),.PCURVE_S1.);
#12598 = LINE('',#12599,#12600);
#12599 = CARTESIAN_POINT('',(-5.2,-2.645,-0.5));
#12600 = VECTOR('',#12601,1.);
#12601 = DIRECTION('',(1.,-0.,-0.));
#12602 = PCURVE('',#12193,#12603);
#12603 = DEFINITIONAL_REPRESENTATION('',(#12604),#12608);
#12604 = LINE('',#12605,#12606);
#12605 = CARTESIAN_POINT('',(0.,0.));
#12606 = VECTOR('',#12607,1.);
#12607 = DIRECTION('',(0.,1.));
#12608 = ( GEOMETRIC_REPRESENTATION_CONTEXT(2) 
PARAMETRIC_REPRESENTATION_CONTEXT() REPRESENTATION_CONTEXT('2D SPACE',''
  ) );
#12609 = PCURVE('',#12275,#12610);
#12610 = DEFINITIONAL_REPRESENTATION('',(#12611),#12615);
#12611 = LINE('',#12612,#12613);
#12612 = CARTESIAN_POINT('',(-1.,0.));
#12613 = VECTOR('',#12614,1.);
#12614 = DIRECTION('',(0.,1.));
#12615 = ( GEOMETRIC_REPRESENTATION_CONTEXT(2) 
PARAMETRIC_REPRESENTATION_CONTEXT() REPRESENTATION_CONTEXT('2D SPACE',''
  ) );
#12616 = ORIENTED_EDGE('',*,*,#12392,.F.);
#12617 = ORIENTED_EDGE('',*,*,#12618,.T.);
#12618 = EDGE_CURVE('',#12370,#12176,#12619,.T.);
#12619 = SURFACE_CURVE('',#12620,(#12624,#12631),.PCURVE_S1.);
#12620 = LINE('',#12621,#12622);
#12621 = CARTESIAN_POINT('',(-5.2,-5.395,-0.5));
#12622 = VECTOR('',#12623,1.);
#12623 = DIRECTION('',(1.,-0.,-0.));
#12624 = PCURVE('',#12193,#12625);
#12625 = DEFINITIONAL_REPRESENTATION('',(#12626),#12630);
#12626 = LINE('',#12627,#12628);
#12627 = CARTESIAN_POINT('',(-2.75,0.));
#12628 = VECTOR('',#12629,1.);
#12629 = DIRECTION('',(0.,1.));
#12630 = ( GEOMETRIC_REPRESENTATION_CONTEXT(2) 
PARAMETRIC_REPRESENTATION_CONTEXT() REPRESENTATION_CONTEXT('2D SPACE',''
  ) );
#12631 = PCURVE('',#12221,#12632);
#12632 = DEFINITIONAL_REPRESENTATION('',(#12633),#12637);
#12633 = LINE('',#12634,#12635);
#12634 = CARTESIAN_POINT('',(1.,0.));
#12635 = VECTOR('',#12636,1.);
#12636 = DIRECTION('',(0.,1.));
#12637 = ( GEOMETRIC_REPRESENTATION_CONTEXT(2) 
PARAMETRIC_REPRESENTATION_CONTEXT() REPRESENTATION_CONTEXT('2D SPACE',''
  ) );
#12638 = ADVANCED_FACE('',(#12639),#12221,.F.);
#12639 = FACE_BOUND('',#12640,.T.);
#12640 = EDGE_LOOP('',(#12641,#12642,#12643,#12644));
#12641 = ORIENTED_EDGE('',*,*,#12205,.T.);
#12642 = ORIENTED_EDGE('',*,*,#12618,.F.);
#12643 = ORIENTED_EDGE('',*,*,#12367,.F.);
#12644 = ORIENTED_EDGE('',*,*,#12645,.T.);
#12645 = EDGE_CURVE('',#12368,#12206,#12646,.T.);
#12646 = SURFACE_CURVE('',#12647,(#12651,#12658),.PCURVE_S1.);
#12647 = LINE('',#12648,#12649);
#12648 = CARTESIAN_POINT('',(-5.2,-5.395,0.5));
#12649 = VECTOR('',#12650,1.);
#12650 = DIRECTION('',(1.,-0.,-0.));
#12651 = PCURVE('',#12221,#12652);
#12652 = DEFINITIONAL_REPRESENTATION('',(#12653),#12657);
#12653 = LINE('',#12654,#12655);
#12654 = CARTESIAN_POINT('',(0.,0.));
#12655 = VECTOR('',#12656,1.);
#12656 = DIRECTION('',(0.,1.));
#12657 = ( GEOMETRIC_REPRESENTATION_CONTEXT(2) 
PARAMETRIC_REPRESENTATION_CONTEXT() REPRESENTATION_CONTEXT('2D SPACE',''
  ) );
#12658 = PCURVE('',#12249,#12659);
#12659 = DEFINITIONAL_REPRESENTATION('',(#12660),#12664);
#12660 = LINE('',#12661,#12662);
#12661 = CARTESIAN_POINT('',(2.75,0.));
#12662 = VECTOR('',#12663,1.);
#12663 = DIRECTION('',(0.,1.));
#12664 = ( GEOMETRIC_REPRESENTATION_CONTEXT(2) 
PARAMETRIC_REPRESENTATION_CONTEXT() REPRESENTATION_CONTEXT('2D SPACE',''
  ) );
#12665 = ADVANCED_FACE('',(#12666),#12249,.F.);
#12666 = FACE_BOUND('',#12667,.T.);
#12667 = EDGE_LOOP('',(#12668,#12669,#12670,#12671));
#12668 = ORIENTED_EDGE('',*,*,#12233,.T.);
#12669 = ORIENTED_EDGE('',*,*,#12645,.F.);
#12670 = ORIENTED_EDGE('',*,*,#12438,.F.);
#12671 = ORIENTED_EDGE('',*,*,#12672,.T.);
#12672 = EDGE_CURVE('',#12416,#12234,#12673,.T.);
#12673 = SURFACE_CURVE('',#12674,(#12678,#12685),.PCURVE_S1.);
#12674 = LINE('',#12675,#12676);
#12675 = CARTESIAN_POINT('',(-5.2,-2.645,0.5));
#12676 = VECTOR('',#12677,1.);
#12677 = DIRECTION('',(1.,-0.,-0.));
#12678 = PCURVE('',#12249,#12679);
#12679 = DEFINITIONAL_REPRESENTATION('',(#12680),#12684);
#12680 = LINE('',#12681,#12682);
#12681 = CARTESIAN_POINT('',(0.,0.));
#12682 = VECTOR('',#12683,1.);
#12683 = DIRECTION('',(0.,1.));
#12684 = ( GEOMETRIC_REPRESENTATION_CONTEXT(2) 
PARAMETRIC_REPRESENTATION_CONTEXT() REPRESENTATION_CONTEXT('2D SPACE',''
  ) );
#12685 = PCURVE('',#12275,#12686);
#12686 = DEFINITIONAL_REPRESENTATION('',(#12687),#12691);
#12687 = LINE('',#12688,#12689);
#12688 = CARTESIAN_POINT('',(0.,0.));
#12689 = VECTOR('',#12690,1.);
#12690 = DIRECTION('',(0.,1.));
#12691 = ( GEOMETRIC_REPRESENTATION_CONTEXT(2) 
PARAMETRIC_REPRESENTATION_CONTEXT() REPRESENTATION_CONTEXT('2D SPACE',''
  ) );
#12692 = ADVANCED_FACE('',(#12693),#12275,.F.);
#12693 = FACE_BOUND('',#12694,.T.);
#12694 = EDGE_LOOP('',(#12695,#12696,#12697,#12698));
#12695 = ORIENTED_EDGE('',*,*,#12261,.T.);
#12696 = ORIENTED_EDGE('',*,*,#12672,.F.);
#12697 = ORIENTED_EDGE('',*,*,#12415,.F.);
#12698 = ORIENTED_EDGE('',*,*,#12596,.T.);
#12699 = ADVANCED_FACE('',(#12700),#1034,.F.);
#12700 = FACE_BOUND('',#12701,.F.);
#12701 = EDGE_LOOP('',(#12702,#12703,#12704,#12726));
#12702 = ORIENTED_EDGE('',*,*,#5537,.F.);
#12703 = ORIENTED_EDGE('',*,*,#1011,.F.);
#12704 = ORIENTED_EDGE('',*,*,#12705,.T.);
#12705 = EDGE_CURVE('',#1012,#1080,#12706,.T.);
#12706 = SURFACE_CURVE('',#12707,(#12712,#12719),.PCURVE_S1.);
#12707 = CIRCLE('',#12708,0.73);
#12708 = AXIS2_PLACEMENT_3D('',#12709,#12710,#12711);
#12709 = CARTESIAN_POINT('',(0.,7.722782957021,3.8));
#12710 = DIRECTION('',(0.,0.,1.));
#12711 = DIRECTION('',(1.,0.,-0.));
#12712 = PCURVE('',#1034,#12713);
#12713 = DEFINITIONAL_REPRESENTATION('',(#12714),#12718);
#12714 = LINE('',#12715,#12716);
#12715 = CARTESIAN_POINT('',(0.,0.));
#12716 = VECTOR('',#12717,1.);
#12717 = DIRECTION('',(1.,0.));
#12718 = ( GEOMETRIC_REPRESENTATION_CONTEXT(2) 
PARAMETRIC_REPRESENTATION_CONTEXT() REPRESENTATION_CONTEXT('2D SPACE',''
  ) );
#12719 = PCURVE('',#1117,#12720);
#12720 = DEFINITIONAL_REPRESENTATION('',(#12721),#12725);
#12721 = CIRCLE('',#12722,0.73);
#12722 = AXIS2_PLACEMENT_2D('',#12723,#12724);
#12723 = CARTESIAN_POINT('',(0.,0.));
#12724 = DIRECTION('',(1.,0.));
#12725 = ( GEOMETRIC_REPRESENTATION_CONTEXT(2) 
PARAMETRIC_REPRESENTATION_CONTEXT() REPRESENTATION_CONTEXT('2D SPACE',''
  ) );
#12726 = ORIENTED_EDGE('',*,*,#1079,.T.);
#12727 = ADVANCED_FACE('',(#12728),#1117,.T.);
#12728 = FACE_BOUND('',#12729,.T.);
#12729 = EDGE_LOOP('',(#12730,#12731));
#12730 = ORIENTED_EDGE('',*,*,#12705,.T.);
#12731 = ORIENTED_EDGE('',*,*,#1102,.T.);
#12732 = ADVANCED_FACE('',(#12733),#913,.F.);
#12733 = FACE_BOUND('',#12734,.F.);
#12734 = EDGE_LOOP('',(#12735,#12736,#12737,#12763));
#12735 = ORIENTED_EDGE('',*,*,#5362,.T.);
#12736 = ORIENTED_EDGE('',*,*,#890,.F.);
#12737 = ORIENTED_EDGE('',*,*,#12738,.F.);
#12738 = EDGE_CURVE('',#955,#891,#12739,.T.);
#12739 = SURFACE_CURVE('',#12740,(#12745,#12752),.PCURVE_S1.);
#12740 = CIRCLE('',#12741,0.73);
#12741 = AXIS2_PLACEMENT_3D('',#12742,#12743,#12744);
#12742 = CARTESIAN_POINT('',(0.,7.722782957021,-3.8));
#12743 = DIRECTION('',(0.,-0.,1.));
#12744 = DIRECTION('',(1.,0.,0.));
#12745 = PCURVE('',#913,#12746);
#12746 = DEFINITIONAL_REPRESENTATION('',(#12747),#12751);
#12747 = LINE('',#12748,#12749);
#12748 = CARTESIAN_POINT('',(3.14159265359,0.));
#12749 = VECTOR('',#12750,1.);
#12750 = DIRECTION('',(-1.,0.));
#12751 = ( GEOMETRIC_REPRESENTATION_CONTEXT(2) 
PARAMETRIC_REPRESENTATION_CONTEXT() REPRESENTATION_CONTEXT('2D SPACE',''
  ) );
#12752 = PCURVE('',#992,#12753);
#12753 = DEFINITIONAL_REPRESENTATION('',(#12754),#12762);
#12754 = ( BOUNDED_CURVE() B_SPLINE_CURVE(2,(#12755,#12756,#12757,#12758
    ,#12759,#12760,#12761),.UNSPECIFIED.,.T.,.F.) 
B_SPLINE_CURVE_WITH_KNOTS((1,2,2,2,2,1),(-2.094395102393,0.,
    2.094395102393,4.188790204786,6.28318530718,8.377580409573),
.UNSPECIFIED.) CURVE() GEOMETRIC_REPRESENTATION_ITEM() 
RATIONAL_B_SPLINE_CURVE((1.,0.5,1.,0.5,1.,0.5,1.)) REPRESENTATION_ITEM(
  '') );
#12755 = CARTESIAN_POINT('',(0.73,0.));
#12756 = CARTESIAN_POINT('',(0.73,-1.264397089525));
#12757 = CARTESIAN_POINT('',(-0.365,-0.632198544763));
#12758 = CARTESIAN_POINT('',(-1.46,-1.787984326755E-16));
#12759 = CARTESIAN_POINT('',(-0.365,0.632198544763));
#12760 = CARTESIAN_POINT('',(0.73,1.264397089525));
#12761 = CARTESIAN_POINT('',(0.73,0.));
#12762 = ( GEOMETRIC_REPRESENTATION_CONTEXT(2) 
PARAMETRIC_REPRESENTATION_CONTEXT() REPRESENTATION_CONTEXT('2D SPACE',''
  ) );
#12763 = ORIENTED_EDGE('',*,*,#954,.T.);
#12764 = ADVANCED_FACE('',(#12765),#992,.T.);
#12765 = FACE_BOUND('',#12766,.T.);
#12766 = EDGE_LOOP('',(#12767,#12768));
#12767 = ORIENTED_EDGE('',*,*,#977,.F.);
#12768 = ORIENTED_EDGE('',*,*,#12738,.F.);
#12769 = ( GEOMETRIC_REPRESENTATION_CONTEXT(3) 
GLOBAL_UNCERTAINTY_ASSIGNED_CONTEXT((#12773)) 
GLOBAL_UNIT_ASSIGNED_CONTEXT((#12770,#12771,#12772)) 
REPRESENTATION_CONTEXT('Context #1',
  '3D Context with UNIT and UNCERTAINTY') );
#12770 = ( LENGTH_UNIT() NAMED_UNIT(*) SI_UNIT(.MILLI.,.METRE.) );
#12771 = ( NAMED_UNIT(*) PLANE_ANGLE_UNIT() SI_UNIT($,.RADIAN.) );
#12772 = ( NAMED_UNIT(*) SI_UNIT($,.STERADIAN.) SOLID_ANGLE_UNIT() );
#12773 = UNCERTAINTY_MEASURE_WITH_UNIT(LENGTH_MEASURE(5.E-06),#12770,
  'distance_accuracy_value','confusion accuracy');
#12774 = PRODUCT_RELATED_PRODUCT_CATEGORY('part',$,(#7));
#12775 = MECHANICAL_DESIGN_GEOMETRIC_PRESENTATION_REPRESENTATION('',(
    #12776,#12786,#12794,#12801,#12808,#12815,#12822,#12829,#12836,
    #12843,#12850),#12769);
#12776 = STYLED_ITEM('color',(#12777),#15);
#12777 = PRESENTATION_STYLE_ASSIGNMENT((#12778,#12784));
#12778 = SURFACE_STYLE_USAGE(.BOTH.,#12779);
#12779 = SURFACE_SIDE_STYLE('',(#12780));
#12780 = SURFACE_STYLE_FILL_AREA(#12781);
#12781 = FILL_AREA_STYLE('',(#12782));
#12782 = FILL_AREA_STYLE_COLOUR('',#12783);
#12783 = COLOUR_RGB('',0.271699755848,0.271699755848,0.271699755848);
#12784 = CURVE_STYLE('',#12785,POSITIVE_LENGTH_MEASURE(0.1),#12783);
#12785 = DRAUGHTING_PRE_DEFINED_CURVE_FONT('continuous');
#12786 = OVER_RIDING_STYLED_ITEM('overriding color',(#12787),#17,#12776
  );
#12787 = PRESENTATION_STYLE_ASSIGNMENT((#12788));
#12788 = SURFACE_STYLE_USAGE(.BOTH.,#12789);
#12789 = SURFACE_SIDE_STYLE('',(#12790));
#12790 = SURFACE_STYLE_FILL_AREA(#12791);
#12791 = FILL_AREA_STYLE('',(#12792));
#12792 = FILL_AREA_STYLE_COLOUR('',#12793);
#12793 = COLOUR_RGB('',0.906331759313,0.906331759313,0.906331759313);
#12794 = OVER_RIDING_STYLED_ITEM('overriding color',(#12795),#454,#12776
  );
#12795 = PRESENTATION_STYLE_ASSIGNMENT((#12796));
#12796 = SURFACE_STYLE_USAGE(.BOTH.,#12797);
#12797 = SURFACE_SIDE_STYLE('',(#12798));
#12798 = SURFACE_STYLE_FILL_AREA(#12799);
#12799 = FILL_AREA_STYLE('',(#12800));
#12800 = FILL_AREA_STYLE_COLOUR('',#12793);
#12801 = OVER_RIDING_STYLED_ITEM('overriding color',(#12802),#10764,
  #12776);
#12802 = PRESENTATION_STYLE_ASSIGNMENT((#12803));
#12803 = SURFACE_STYLE_USAGE(.BOTH.,#12804);
#12804 = SURFACE_SIDE_STYLE('',(#12805));
#12805 = SURFACE_STYLE_FILL_AREA(#12806);
#12806 = FILL_AREA_STYLE('',(#12807));
#12807 = FILL_AREA_STYLE_COLOUR('',#12793);
#12808 = OVER_RIDING_STYLED_ITEM('overriding color',(#12809),#10840,
  #12776);
#12809 = PRESENTATION_STYLE_ASSIGNMENT((#12810));
#12810 = SURFACE_STYLE_USAGE(.BOTH.,#12811);
#12811 = SURFACE_SIDE_STYLE('',(#12812));
#12812 = SURFACE_STYLE_FILL_AREA(#12813);
#12813 = FILL_AREA_STYLE('',(#12814));
#12814 = FILL_AREA_STYLE_COLOUR('',#12793);
#12815 = OVER_RIDING_STYLED_ITEM('overriding color',(#12816),#10894,
  #12776);
#12816 = PRESENTATION_STYLE_ASSIGNMENT((#12817));
#12817 = SURFACE_STYLE_USAGE(.BOTH.,#12818);
#12818 = SURFACE_SIDE_STYLE('',(#12819));
#12819 = SURFACE_STYLE_FILL_AREA(#12820);
#12820 = FILL_AREA_STYLE('',(#12821));
#12821 = FILL_AREA_STYLE_COLOUR('',#12793);
#12822 = OVER_RIDING_STYLED_ITEM('overriding color',(#12823),#10943,
  #12776);
#12823 = PRESENTATION_STYLE_ASSIGNMENT((#12824));
#12824 = SURFACE_STYLE_USAGE(.BOTH.,#12825);
#12825 = SURFACE_SIDE_STYLE('',(#12826));
#12826 = SURFACE_STYLE_FILL_AREA(#12827);
#12827 = FILL_AREA_STYLE('',(#12828));
#12828 = FILL_AREA_STYLE_COLOUR('',#12793);
#12829 = OVER_RIDING_STYLED_ITEM('overriding color',(#12830),#10975,
  #12776);
#12830 = PRESENTATION_STYLE_ASSIGNMENT((#12831));
#12831 = SURFACE_STYLE_USAGE(.BOTH.,#12832);
#12832 = SURFACE_SIDE_STYLE('',(#12833));
#12833 = SURFACE_STYLE_FILL_AREA(#12834);
#12834 = FILL_AREA_STYLE('',(#12835));
#12835 = FILL_AREA_STYLE_COLOUR('',#12793);
#12836 = OVER_RIDING_STYLED_ITEM('overriding color',(#12837),#10982,
  #12776);
#12837 = PRESENTATION_STYLE_ASSIGNMENT((#12838));
#12838 = SURFACE_STYLE_USAGE(.BOTH.,#12839);
#12839 = SURFACE_SIDE_STYLE('',(#12840));
#12840 = SURFACE_STYLE_FILL_AREA(#12841);
#12841 = FILL_AREA_STYLE('',(#12842));
#12842 = FILL_AREA_STYLE_COLOUR('',#12793);
#12843 = OVER_RIDING_STYLED_ITEM('overriding color',(#12844),#11112,
  #12776);
#12844 = PRESENTATION_STYLE_ASSIGNMENT((#12845));
#12845 = SURFACE_STYLE_USAGE(.BOTH.,#12846);
#12846 = SURFACE_SIDE_STYLE('',(#12847));
#12847 = SURFACE_STYLE_FILL_AREA(#12848);
#12848 = FILL_AREA_STYLE('',(#12849));
#12849 = FILL_AREA_STYLE_COLOUR('',#12793);
#12850 = OVER_RIDING_STYLED_ITEM('overriding color',(#12851),#11204,
  #12776);
#12851 = PRESENTATION_STYLE_ASSIGNMENT((#12852));
#12852 = SURFACE_STYLE_USAGE(.BOTH.,#12853);
#12853 = SURFACE_SIDE_STYLE('',(#12854));
#12854 = SURFACE_STYLE_FILL_AREA(#12855);
#12855 = FILL_AREA_STYLE('',(#12856));
#12856 = FILL_AREA_STYLE_COLOUR('',#12793);
ENDSEC;
END-ISO-10303-21;
