ISO-10303-21;
HEADER;
FILE_DESCRIPTION(('Open CASCADE Model'),'2;1');
FILE_NAME('Open CASCADE Shape Model','2026-09-30T23:23:46',('Author'),(
    'Open CASCADE'),'Open CASCADE STEP processor 7.9','Open CASCADE 7.9'
  ,'Unknown');
FILE_SCHEMA(('AUTOMOTIVE_DESIGN { 1 0 10303 214 1 1 1 1 }'));
ENDSEC;
DATA;
#1 = APPLICATION_PROTOCOL_DEFINITION('international standard',
  'automotive_design',2000,#2);
#2 = APPLICATION_CONTEXT(
  'core data for automotive mechanical design processes');
#3 = SHAPE_DEFINITION_REPRESENTATION(#4,#10);
#4 = PRODUCT_DEFINITION_SHAPE('','',#5);
#5 = PRODUCT_DEFINITION('design','',#6,#9);
#6 = PRODUCT_DEFINITION_FORMATION('','',#7);
#7 = PRODUCT('USB-B1HSxx','USB-B1HSxx','',(#8));
#8 = PRODUCT_CONTEXT('',#2,'mechanical');
#9 = PRODUCT_DEFINITION_CONTEXT('part definition',#2,'design');
#10 = SHAPE_REPRESENTATION('',(#11,#15,#19,#23,#27,#31,#35,#39,#43,#47,
    #51),#55);
#11 = AXIS2_PLACEMENT_3D('',#12,#13,#14);
#12 = CARTESIAN_POINT('',(0.,0.,0.));
#13 = DIRECTION('',(0.,0.,1.));
#14 = DIRECTION('',(1.,0.,-0.));
#15 = AXIS2_PLACEMENT_3D('',#16,#17,#18);
#16 = CARTESIAN_POINT('',(0.,0.,0.));
#17 = DIRECTION('',(0.,0.,1.));
#18 = DIRECTION('',(1.,0.,-0.));
#19 = AXIS2_PLACEMENT_3D('',#20,#21,#22);
#20 = CARTESIAN_POINT('',(0.,0.,0.));
#21 = DIRECTION('',(0.,0.,1.));
#22 = DIRECTION('',(1.,0.,-0.));
#23 = AXIS2_PLACEMENT_3D('',#24,#25,#26);
#24 = CARTESIAN_POINT('',(0.,0.,0.));
#25 = DIRECTION('',(0.,0.,1.));
#26 = DIRECTION('',(1.,0.,-0.));
#27 = AXIS2_PLACEMENT_3D('',#28,#29,#30);
#28 = CARTESIAN_POINT('',(0.,0.,0.));
#29 = DIRECTION('',(0.,0.,1.));
#30 = DIRECTION('',(1.,0.,-0.));
#31 = AXIS2_PLACEMENT_3D('',#32,#33,#34);
#32 = CARTESIAN_POINT('',(0.,0.,0.));
#33 = DIRECTION('',(0.,0.,1.));
#34 = DIRECTION('',(1.,0.,-0.));
#35 = AXIS2_PLACEMENT_3D('',#36,#37,#38);
#36 = CARTESIAN_POINT('',(0.,0.,0.));
#37 = DIRECTION('',(0.,0.,1.));
#38 = DIRECTION('',(1.,0.,-0.));
#39 = AXIS2_PLACEMENT_3D('',#40,#41,#42);
#40 = CARTESIAN_POINT('',(0.,0.,0.));
#41 = DIRECTION('',(0.,0.,1.));
#42 = DIRECTION('',(1.,0.,-0.));
#43 = AXIS2_PLACEMENT_3D('',#44,#45,#46);
#44 = CARTESIAN_POINT('',(0.,0.,0.));
#45 = DIRECTION('',(0.,0.,1.));
#46 = DIRECTION('',(1.,0.,-0.));
#47 = AXIS2_PLACEMENT_3D('',#48,#49,#50);
#48 = CARTESIAN_POINT('',(0.,0.,0.));
#49 = DIRECTION('',(0.,0.,1.));
#50 = DIRECTION('',(1.,0.,-0.));
#51 = AXIS2_PLACEMENT_3D('',#52,#53,#54);
#52 = CARTESIAN_POINT('',(0.,0.,0.));
#53 = DIRECTION('',(0.,0.,1.));
#54 = DIRECTION('',(1.,0.,-0.));
#55 = ( GEOMETRIC_REPRESENTATION_CONTEXT(3) 
GLOBAL_UNCERTAINTY_ASSIGNED_CONTEXT((#59)) GLOBAL_UNIT_ASSIGNED_CONTEXT(
(#56,#57,#58)) REPRESENTATION_CONTEXT('Context #1',
  '3D Context with UNIT and UNCERTAINTY') );
#56 = ( LENGTH_UNIT() NAMED_UNIT(*) SI_UNIT(.MILLI.,.METRE.) );
#57 = ( NAMED_UNIT(*) PLANE_ANGLE_UNIT() SI_UNIT($,.RADIAN.) );
#58 = ( NAMED_UNIT(*) SI_UNIT($,.STERADIAN.) SOLID_ANGLE_UNIT() );
#59 = UNCERTAINTY_MEASURE_WITH_UNIT(LENGTH_MEASURE(1.E-05),#56,
  'distance_accuracy_value','confusion accuracy');
#60 = PRODUCT_RELATED_PRODUCT_CATEGORY('part',$,(#7));
#61 = SHAPE_DEFINITION_REPRESENTATION(#62,#68);
#62 = PRODUCT_DEFINITION_SHAPE('','',#63);
#63 = PRODUCT_DEFINITION('design','',#64,#67);
#64 = PRODUCT_DEFINITION_FORMATION('','',#65);
#65 = PRODUCT('shell','shell','',(#66));
#66 = PRODUCT_CONTEXT('',#2,'mechanical');
#67 = PRODUCT_DEFINITION_CONTEXT('part definition',#2,'design');
#68 = ADVANCED_BREP_SHAPE_REPRESENTATION('',(#11,#69),#2385);
#69 = MANIFOLD_SOLID_BREP('',#70);
#70 = CLOSED_SHELL('',(#71,#399,#475,#524,#854,#903,#1019,#1124,#1173,
    #1246,#1273,#1398,#1579,#1628,#1677,#1704,#1711,#1804,#1851,#1899,
    #1948,#1975,#2002,#2009,#2016,#2023,#2097,#2202,#2251,#2324,#2351,
    #2378));
#71 = ADVANCED_FACE('',(#72),#86,.T.);
#72 = FACE_BOUND('',#73,.T.);
#73 = EDGE_LOOP('',(#74,#109,#137,#165,#193,#221,#247,#273,#299,#322,
    #350,#373));
#74 = ORIENTED_EDGE('',*,*,#75,.T.);
#75 = EDGE_CURVE('',#76,#78,#80,.T.);
#76 = VERTEX_POINT('',#77);
#77 = CARTESIAN_POINT('',(-1.39,4.75,10.7));
#78 = VERTEX_POINT('',#79);
#79 = CARTESIAN_POINT('',(15.11,4.75,10.7));
#80 = SURFACE_CURVE('',#81,(#85,#97),.PCURVE_S1.);
#81 = LINE('',#82,#83);
#82 = CARTESIAN_POINT('',(-1.39,4.75,10.7));
#83 = VECTOR('',#84,1.);
#84 = DIRECTION('',(1.,0.,0.));
#85 = PCURVE('',#86,#91);
#86 = PLANE('',#87);
#87 = AXIS2_PLACEMENT_3D('',#88,#89,#90);
#88 = CARTESIAN_POINT('',(-1.09,4.75,0.));
#89 = DIRECTION('',(0.,1.,0.));
#90 = DIRECTION('',(0.,0.,1.));
#91 = DEFINITIONAL_REPRESENTATION('',(#92),#96);
#92 = LINE('',#93,#94);
#93 = CARTESIAN_POINT('',(10.7,-0.3));
#94 = VECTOR('',#95,1.);
#95 = DIRECTION('',(0.,1.));
#96 = ( GEOMETRIC_REPRESENTATION_CONTEXT(2) 
PARAMETRIC_REPRESENTATION_CONTEXT() REPRESENTATION_CONTEXT('2D SPACE',''
  ) );
#97 = PCURVE('',#98,#103);
#98 = PLANE('',#99);
#99 = AXIS2_PLACEMENT_3D('',#100,#101,#102);
#100 = CARTESIAN_POINT('',(-1.09,-7.25,10.7));
#101 = DIRECTION('',(0.,0.,1.));
#102 = DIRECTION('',(1.,0.,0.));
#103 = DEFINITIONAL_REPRESENTATION('',(#104),#108);
#104 = LINE('',#105,#106);
#105 = CARTESIAN_POINT('',(-0.3,12.));
#106 = VECTOR('',#107,1.);
#107 = DIRECTION('',(1.,0.));
#108 = ( GEOMETRIC_REPRESENTATION_CONTEXT(2) 
PARAMETRIC_REPRESENTATION_CONTEXT() REPRESENTATION_CONTEXT('2D SPACE',''
  ) );
#109 = ORIENTED_EDGE('',*,*,#110,.F.);
#110 = EDGE_CURVE('',#111,#78,#113,.T.);
#111 = VERTEX_POINT('',#112);
#112 = CARTESIAN_POINT('',(15.11,4.75,0.));
#113 = SURFACE_CURVE('',#114,(#118,#125),.PCURVE_S1.);
#114 = LINE('',#115,#116);
#115 = CARTESIAN_POINT('',(15.11,4.75,0.));
#116 = VECTOR('',#117,1.);
#117 = DIRECTION('',(0.,0.,1.));
#118 = PCURVE('',#86,#119);
#119 = DEFINITIONAL_REPRESENTATION('',(#120),#124);
#120 = LINE('',#121,#122);
#121 = CARTESIAN_POINT('',(0.,16.2));
#122 = VECTOR('',#123,1.);
#123 = DIRECTION('',(1.,0.));
#124 = ( GEOMETRIC_REPRESENTATION_CONTEXT(2) 
PARAMETRIC_REPRESENTATION_CONTEXT() REPRESENTATION_CONTEXT('2D SPACE',''
  ) );
#125 = PCURVE('',#126,#131);
#126 = PLANE('',#127);
#127 = AXIS2_PLACEMENT_3D('',#128,#129,#130);
#128 = CARTESIAN_POINT('',(15.11,-7.25,0.));
#129 = DIRECTION('',(1.,0.,0.));
#130 = DIRECTION('',(0.,0.,1.));
#131 = DEFINITIONAL_REPRESENTATION('',(#132),#136);
#132 = LINE('',#133,#134);
#133 = CARTESIAN_POINT('',(0.,-12.));
#134 = VECTOR('',#135,1.);
#135 = DIRECTION('',(1.,0.));
#136 = ( GEOMETRIC_REPRESENTATION_CONTEXT(2) 
PARAMETRIC_REPRESENTATION_CONTEXT() REPRESENTATION_CONTEXT('2D SPACE',''
  ) );
#137 = ORIENTED_EDGE('',*,*,#138,.T.);
#138 = EDGE_CURVE('',#111,#139,#141,.T.);
#139 = VERTEX_POINT('',#140);
#140 = CARTESIAN_POINT('',(5.51,4.75,0.));
#141 = SURFACE_CURVE('',#142,(#146,#153),.PCURVE_S1.);
#142 = LINE('',#143,#144);
#143 = CARTESIAN_POINT('',(15.11,4.75,0.));
#144 = VECTOR('',#145,1.);
#145 = DIRECTION('',(-1.,0.,0.));
#146 = PCURVE('',#86,#147);
#147 = DEFINITIONAL_REPRESENTATION('',(#148),#152);
#148 = LINE('',#149,#150);
#149 = CARTESIAN_POINT('',(0.,16.2));
#150 = VECTOR('',#151,1.);
#151 = DIRECTION('',(0.,-1.));
#152 = ( GEOMETRIC_REPRESENTATION_CONTEXT(2) 
PARAMETRIC_REPRESENTATION_CONTEXT() REPRESENTATION_CONTEXT('2D SPACE',''
  ) );
#153 = PCURVE('',#154,#159);
#154 = PLANE('',#155);
#155 = AXIS2_PLACEMENT_3D('',#156,#157,#158);
#156 = CARTESIAN_POINT('',(-1.09,-7.25,0.));
#157 = DIRECTION('',(0.,0.,1.));
#158 = DIRECTION('',(1.,0.,0.));
#159 = DEFINITIONAL_REPRESENTATION('',(#160),#164);
#160 = LINE('',#161,#162);
#161 = CARTESIAN_POINT('',(16.2,12.));
#162 = VECTOR('',#163,1.);
#163 = DIRECTION('',(-1.,0.));
#164 = ( GEOMETRIC_REPRESENTATION_CONTEXT(2) 
PARAMETRIC_REPRESENTATION_CONTEXT() REPRESENTATION_CONTEXT('2D SPACE',''
  ) );
#165 = ORIENTED_EDGE('',*,*,#166,.F.);
#166 = EDGE_CURVE('',#167,#139,#169,.T.);
#167 = VERTEX_POINT('',#168);
#168 = CARTESIAN_POINT('',(5.51,4.75,-1.8));
#169 = SURFACE_CURVE('',#170,(#174,#181),.PCURVE_S1.);
#170 = LINE('',#171,#172);
#171 = CARTESIAN_POINT('',(5.51,4.75,-1.8));
#172 = VECTOR('',#173,1.);
#173 = DIRECTION('',(0.,0.,1.));
#174 = PCURVE('',#86,#175);
#175 = DEFINITIONAL_REPRESENTATION('',(#176),#180);
#176 = LINE('',#177,#178);
#177 = CARTESIAN_POINT('',(-1.8,6.6));
#178 = VECTOR('',#179,1.);
#179 = DIRECTION('',(1.,0.));
#180 = ( GEOMETRIC_REPRESENTATION_CONTEXT(2) 
PARAMETRIC_REPRESENTATION_CONTEXT() REPRESENTATION_CONTEXT('2D SPACE',''
  ) );
#181 = PCURVE('',#182,#187);
#182 = PLANE('',#183);
#183 = AXIS2_PLACEMENT_3D('',#184,#185,#186);
#184 = CARTESIAN_POINT('',(5.51,4.45,-1.8));
#185 = DIRECTION('',(1.,0.,0.));
#186 = DIRECTION('',(0.,0.,1.));
#187 = DEFINITIONAL_REPRESENTATION('',(#188),#192);
#188 = LINE('',#189,#190);
#189 = CARTESIAN_POINT('',(0.,-0.3));
#190 = VECTOR('',#191,1.);
#191 = DIRECTION('',(1.,0.));
#192 = ( GEOMETRIC_REPRESENTATION_CONTEXT(2) 
PARAMETRIC_REPRESENTATION_CONTEXT() REPRESENTATION_CONTEXT('2D SPACE',''
  ) );
#193 = ORIENTED_EDGE('',*,*,#194,.F.);
#194 = EDGE_CURVE('',#195,#167,#197,.T.);
#195 = VERTEX_POINT('',#196);
#196 = CARTESIAN_POINT('',(5.31,4.75,-1.8));
#197 = SURFACE_CURVE('',#198,(#202,#209),.PCURVE_S1.);
#198 = LINE('',#199,#200);
#199 = CARTESIAN_POINT('',(3.91,4.75,-1.8));
#200 = VECTOR('',#201,1.);
#201 = DIRECTION('',(1.,0.,0.));
#202 = PCURVE('',#86,#203);
#203 = DEFINITIONAL_REPRESENTATION('',(#204),#208);
#204 = LINE('',#205,#206);
#205 = CARTESIAN_POINT('',(-1.8,5.));
#206 = VECTOR('',#207,1.);
#207 = DIRECTION('',(0.,1.));
#208 = ( GEOMETRIC_REPRESENTATION_CONTEXT(2) 
PARAMETRIC_REPRESENTATION_CONTEXT() REPRESENTATION_CONTEXT('2D SPACE',''
  ) );
#209 = PCURVE('',#210,#215);
#210 = PLANE('',#211);
#211 = AXIS2_PLACEMENT_3D('',#212,#213,#214);
#212 = CARTESIAN_POINT('',(3.91,4.45,-1.8));
#213 = DIRECTION('',(0.,0.,1.));
#214 = DIRECTION('',(1.,0.,0.));
#215 = DEFINITIONAL_REPRESENTATION('',(#216),#220);
#216 = LINE('',#217,#218);
#217 = CARTESIAN_POINT('',(0.,0.3));
#218 = VECTOR('',#219,1.);
#219 = DIRECTION('',(1.,0.));
#220 = ( GEOMETRIC_REPRESENTATION_CONTEXT(2) 
PARAMETRIC_REPRESENTATION_CONTEXT() REPRESENTATION_CONTEXT('2D SPACE',''
  ) );
#221 = ORIENTED_EDGE('',*,*,#222,.F.);
#222 = EDGE_CURVE('',#223,#195,#225,.T.);
#223 = VERTEX_POINT('',#224);
#224 = CARTESIAN_POINT('',(5.31,4.75,-1.745173095384));
#225 = SURFACE_CURVE('',#226,(#230,#236),.PCURVE_S1.);
#226 = LINE('',#227,#228);
#227 = CARTESIAN_POINT('',(5.31,4.75,-0.925436575935));
#228 = VECTOR('',#229,1.);
#229 = DIRECTION('',(0.,0.,-1.));
#230 = PCURVE('',#86,#231);
#231 = DEFINITIONAL_REPRESENTATION('',(#232),#235);
#232 = B_SPLINE_CURVE_WITH_KNOTS('',1,(#233,#234),.UNSPECIFIED.,.F.,.F.,
  (2,2),(0.819736519448,0.874563424065),.PIECEWISE_BEZIER_KNOTS.);
#233 = CARTESIAN_POINT('',(-1.745173095384,6.4));
#234 = CARTESIAN_POINT('',(-1.8,6.4));
#235 = ( GEOMETRIC_REPRESENTATION_CONTEXT(2) 
PARAMETRIC_REPRESENTATION_CONTEXT() REPRESENTATION_CONTEXT('2D SPACE',''
  ) );
#236 = PCURVE('',#237,#242);
#237 = PLANE('',#238);
#238 = AXIS2_PLACEMENT_3D('',#239,#240,#241);
#239 = CARTESIAN_POINT('',(5.31,4.446664021121,-1.850873151871));
#240 = DIRECTION('',(1.,0.,0.));
#241 = DIRECTION('',(0.,0.764291483508,0.64487093921));
#242 = DEFINITIONAL_REPRESENTATION('',(#243),#246);
#243 = B_SPLINE_CURVE_WITH_KNOTS('',1,(#244,#245),.UNSPECIFIED.,.F.,.F.,
  (2,2),(0.819736519448,0.874563424065),.PIECEWISE_BEZIER_KNOTS.);
#244 = CARTESIAN_POINT('',(0.3,-0.114826904616));
#245 = CARTESIAN_POINT('',(0.264643722526,-0.156730640881));
#246 = ( GEOMETRIC_REPRESENTATION_CONTEXT(2) 
PARAMETRIC_REPRESENTATION_CONTEXT() REPRESENTATION_CONTEXT('2D SPACE',''
  ) );
#247 = ORIENTED_EDGE('',*,*,#248,.F.);
#248 = EDGE_CURVE('',#249,#223,#251,.T.);
#249 = VERTEX_POINT('',#250);
#250 = CARTESIAN_POINT('',(4.11,4.75,-1.745173095384));
#251 = SURFACE_CURVE('',#252,(#256,#262),.PCURVE_S1.);
#252 = LINE('',#253,#254);
#253 = CARTESIAN_POINT('',(1.51,4.75,-1.745173095384));
#254 = VECTOR('',#255,1.);
#255 = DIRECTION('',(1.,0.,0.));
#256 = PCURVE('',#86,#257);
#257 = DEFINITIONAL_REPRESENTATION('',(#258),#261);
#258 = B_SPLINE_CURVE_WITH_KNOTS('',1,(#259,#260),.UNSPECIFIED.,.F.,.F.,
  (2,2),(2.6,3.8),.PIECEWISE_BEZIER_KNOTS.);
#259 = CARTESIAN_POINT('',(-1.745173095384,5.2));
#260 = CARTESIAN_POINT('',(-1.745173095384,6.4));
#261 = ( GEOMETRIC_REPRESENTATION_CONTEXT(2) 
PARAMETRIC_REPRESENTATION_CONTEXT() REPRESENTATION_CONTEXT('2D SPACE',''
  ) );
#262 = PCURVE('',#263,#268);
#263 = PLANE('',#264);
#264 = AXIS2_PLACEMENT_3D('',#265,#266,#267);
#265 = CARTESIAN_POINT('',(4.11,4.675951466174,-1.657411870108));
#266 = DIRECTION('',(0.,0.764291483508,0.64487093921));
#267 = DIRECTION('',(1.,0.,0.));
#268 = DEFINITIONAL_REPRESENTATION('',(#269),#272);
#269 = B_SPLINE_CURVE_WITH_KNOTS('',1,(#270,#271),.UNSPECIFIED.,.F.,.F.,
  (2,2),(2.6,3.8),.PIECEWISE_BEZIER_KNOTS.);
#270 = CARTESIAN_POINT('',(0.,0.114826904616));
#271 = CARTESIAN_POINT('',(1.2,0.114826904616));
#272 = ( GEOMETRIC_REPRESENTATION_CONTEXT(2) 
PARAMETRIC_REPRESENTATION_CONTEXT() REPRESENTATION_CONTEXT('2D SPACE',''
  ) );
#273 = ORIENTED_EDGE('',*,*,#274,.T.);
#274 = EDGE_CURVE('',#249,#275,#277,.T.);
#275 = VERTEX_POINT('',#276);
#276 = CARTESIAN_POINT('',(4.11,4.75,-1.8));
#277 = SURFACE_CURVE('',#278,(#282,#288),.PCURVE_S1.);
#278 = LINE('',#279,#280);
#279 = CARTESIAN_POINT('',(4.11,4.75,-0.925436575935));
#280 = VECTOR('',#281,1.);
#281 = DIRECTION('',(0.,0.,-1.));
#282 = PCURVE('',#86,#283);
#283 = DEFINITIONAL_REPRESENTATION('',(#284),#287);
#284 = B_SPLINE_CURVE_WITH_KNOTS('',1,(#285,#286),.UNSPECIFIED.,.F.,.F.,
  (2,2),(0.819736519448,0.874563424065),.PIECEWISE_BEZIER_KNOTS.);
#285 = CARTESIAN_POINT('',(-1.745173095384,5.2));
#286 = CARTESIAN_POINT('',(-1.8,5.2));
#287 = ( GEOMETRIC_REPRESENTATION_CONTEXT(2) 
PARAMETRIC_REPRESENTATION_CONTEXT() REPRESENTATION_CONTEXT('2D SPACE',''
  ) );
#288 = PCURVE('',#289,#294);
#289 = PLANE('',#290);
#290 = AXIS2_PLACEMENT_3D('',#291,#292,#293);
#291 = CARTESIAN_POINT('',(4.11,4.446664021121,-1.850873151871));
#292 = DIRECTION('',(1.,0.,0.));
#293 = DIRECTION('',(0.,0.764291483508,0.64487093921));
#294 = DEFINITIONAL_REPRESENTATION('',(#295),#298);
#295 = B_SPLINE_CURVE_WITH_KNOTS('',1,(#296,#297),.UNSPECIFIED.,.F.,.F.,
  (2,2),(0.819736519448,0.874563424065),.PIECEWISE_BEZIER_KNOTS.);
#296 = CARTESIAN_POINT('',(0.3,-0.114826904616));
#297 = CARTESIAN_POINT('',(0.264643722526,-0.156730640881));
#298 = ( GEOMETRIC_REPRESENTATION_CONTEXT(2) 
PARAMETRIC_REPRESENTATION_CONTEXT() REPRESENTATION_CONTEXT('2D SPACE',''
  ) );
#299 = ORIENTED_EDGE('',*,*,#300,.F.);
#300 = EDGE_CURVE('',#301,#275,#303,.T.);
#301 = VERTEX_POINT('',#302);
#302 = CARTESIAN_POINT('',(3.91,4.75,-1.8));
#303 = SURFACE_CURVE('',#304,(#308,#315),.PCURVE_S1.);
#304 = LINE('',#305,#306);
#305 = CARTESIAN_POINT('',(3.91,4.75,-1.8));
#306 = VECTOR('',#307,1.);
#307 = DIRECTION('',(1.,0.,0.));
#308 = PCURVE('',#86,#309);
#309 = DEFINITIONAL_REPRESENTATION('',(#310),#314);
#310 = LINE('',#311,#312);
#311 = CARTESIAN_POINT('',(-1.8,5.));
#312 = VECTOR('',#313,1.);
#313 = DIRECTION('',(0.,1.));
#314 = ( GEOMETRIC_REPRESENTATION_CONTEXT(2) 
PARAMETRIC_REPRESENTATION_CONTEXT() REPRESENTATION_CONTEXT('2D SPACE',''
  ) );
#315 = PCURVE('',#210,#316);
#316 = DEFINITIONAL_REPRESENTATION('',(#317),#321);
#317 = LINE('',#318,#319);
#318 = CARTESIAN_POINT('',(0.,0.3));
#319 = VECTOR('',#320,1.);
#320 = DIRECTION('',(1.,0.));
#321 = ( GEOMETRIC_REPRESENTATION_CONTEXT(2) 
PARAMETRIC_REPRESENTATION_CONTEXT() REPRESENTATION_CONTEXT('2D SPACE',''
  ) );
#322 = ORIENTED_EDGE('',*,*,#323,.T.);
#323 = EDGE_CURVE('',#301,#324,#326,.T.);
#324 = VERTEX_POINT('',#325);
#325 = CARTESIAN_POINT('',(3.91,4.75,0.));
#326 = SURFACE_CURVE('',#327,(#331,#338),.PCURVE_S1.);
#327 = LINE('',#328,#329);
#328 = CARTESIAN_POINT('',(3.91,4.75,-1.8));
#329 = VECTOR('',#330,1.);
#330 = DIRECTION('',(0.,0.,1.));
#331 = PCURVE('',#86,#332);
#332 = DEFINITIONAL_REPRESENTATION('',(#333),#337);
#333 = LINE('',#334,#335);
#334 = CARTESIAN_POINT('',(-1.8,5.));
#335 = VECTOR('',#336,1.);
#336 = DIRECTION('',(1.,0.));
#337 = ( GEOMETRIC_REPRESENTATION_CONTEXT(2) 
PARAMETRIC_REPRESENTATION_CONTEXT() REPRESENTATION_CONTEXT('2D SPACE',''
  ) );
#338 = PCURVE('',#339,#344);
#339 = PLANE('',#340);
#340 = AXIS2_PLACEMENT_3D('',#341,#342,#343);
#341 = CARTESIAN_POINT('',(3.91,4.45,-1.8));
#342 = DIRECTION('',(1.,0.,0.));
#343 = DIRECTION('',(0.,0.,1.));
#344 = DEFINITIONAL_REPRESENTATION('',(#345),#349);
#345 = LINE('',#346,#347);
#346 = CARTESIAN_POINT('',(0.,-0.3));
#347 = VECTOR('',#348,1.);
#348 = DIRECTION('',(1.,0.));
#349 = ( GEOMETRIC_REPRESENTATION_CONTEXT(2) 
PARAMETRIC_REPRESENTATION_CONTEXT() REPRESENTATION_CONTEXT('2D SPACE',''
  ) );
#350 = ORIENTED_EDGE('',*,*,#351,.T.);
#351 = EDGE_CURVE('',#324,#352,#354,.T.);
#352 = VERTEX_POINT('',#353);
#353 = CARTESIAN_POINT('',(-1.39,4.75,0.));
#354 = SURFACE_CURVE('',#355,(#359,#366),.PCURVE_S1.);
#355 = LINE('',#356,#357);
#356 = CARTESIAN_POINT('',(15.11,4.75,0.));
#357 = VECTOR('',#358,1.);
#358 = DIRECTION('',(-1.,0.,0.));
#359 = PCURVE('',#86,#360);
#360 = DEFINITIONAL_REPRESENTATION('',(#361),#365);
#361 = LINE('',#362,#363);
#362 = CARTESIAN_POINT('',(0.,16.2));
#363 = VECTOR('',#364,1.);
#364 = DIRECTION('',(0.,-1.));
#365 = ( GEOMETRIC_REPRESENTATION_CONTEXT(2) 
PARAMETRIC_REPRESENTATION_CONTEXT() REPRESENTATION_CONTEXT('2D SPACE',''
  ) );
#366 = PCURVE('',#154,#367);
#367 = DEFINITIONAL_REPRESENTATION('',(#368),#372);
#368 = LINE('',#369,#370);
#369 = CARTESIAN_POINT('',(16.2,12.));
#370 = VECTOR('',#371,1.);
#371 = DIRECTION('',(-1.,0.));
#372 = ( GEOMETRIC_REPRESENTATION_CONTEXT(2) 
PARAMETRIC_REPRESENTATION_CONTEXT() REPRESENTATION_CONTEXT('2D SPACE',''
  ) );
#373 = ORIENTED_EDGE('',*,*,#374,.T.);
#374 = EDGE_CURVE('',#352,#76,#375,.T.);
#375 = SURFACE_CURVE('',#376,(#380,#387),.PCURVE_S1.);
#376 = LINE('',#377,#378);
#377 = CARTESIAN_POINT('',(-1.39,4.75,0.));
#378 = VECTOR('',#379,1.);
#379 = DIRECTION('',(0.,0.,1.));
#380 = PCURVE('',#86,#381);
#381 = DEFINITIONAL_REPRESENTATION('',(#382),#386);
#382 = LINE('',#383,#384);
#383 = CARTESIAN_POINT('',(0.,-0.3));
#384 = VECTOR('',#385,1.);
#385 = DIRECTION('',(1.,0.));
#386 = ( GEOMETRIC_REPRESENTATION_CONTEXT(2) 
PARAMETRIC_REPRESENTATION_CONTEXT() REPRESENTATION_CONTEXT('2D SPACE',''
  ) );
#387 = PCURVE('',#388,#393);
#388 = PLANE('',#389);
#389 = AXIS2_PLACEMENT_3D('',#390,#391,#392);
#390 = CARTESIAN_POINT('',(-1.39,-7.25,0.));
#391 = DIRECTION('',(1.,0.,0.));
#392 = DIRECTION('',(0.,0.,1.));
#393 = DEFINITIONAL_REPRESENTATION('',(#394),#398);
#394 = LINE('',#395,#396);
#395 = CARTESIAN_POINT('',(0.,-12.));
#396 = VECTOR('',#397,1.);
#397 = DIRECTION('',(1.,0.));
#398 = ( GEOMETRIC_REPRESENTATION_CONTEXT(2) 
PARAMETRIC_REPRESENTATION_CONTEXT() REPRESENTATION_CONTEXT('2D SPACE',''
  ) );
#399 = ADVANCED_FACE('',(#400),#98,.T.);
#400 = FACE_BOUND('',#401,.T.);
#401 = EDGE_LOOP('',(#402,#403,#426,#454));
#402 = ORIENTED_EDGE('',*,*,#75,.F.);
#403 = ORIENTED_EDGE('',*,*,#404,.F.);
#404 = EDGE_CURVE('',#405,#76,#407,.T.);
#405 = VERTEX_POINT('',#406);
#406 = CARTESIAN_POINT('',(-1.39,-7.25,10.7));
#407 = SURFACE_CURVE('',#408,(#412,#419),.PCURVE_S1.);
#408 = LINE('',#409,#410);
#409 = CARTESIAN_POINT('',(-1.39,-7.25,10.7));
#410 = VECTOR('',#411,1.);
#411 = DIRECTION('',(0.,1.,0.));
#412 = PCURVE('',#98,#413);
#413 = DEFINITIONAL_REPRESENTATION('',(#414),#418);
#414 = LINE('',#415,#416);
#415 = CARTESIAN_POINT('',(-0.3,0.));
#416 = VECTOR('',#417,1.);
#417 = DIRECTION('',(0.,1.));
#418 = ( GEOMETRIC_REPRESENTATION_CONTEXT(2) 
PARAMETRIC_REPRESENTATION_CONTEXT() REPRESENTATION_CONTEXT('2D SPACE',''
  ) );
#419 = PCURVE('',#388,#420);
#420 = DEFINITIONAL_REPRESENTATION('',(#421),#425);
#421 = LINE('',#422,#423);
#422 = CARTESIAN_POINT('',(10.7,0.));
#423 = VECTOR('',#424,1.);
#424 = DIRECTION('',(0.,-1.));
#425 = ( GEOMETRIC_REPRESENTATION_CONTEXT(2) 
PARAMETRIC_REPRESENTATION_CONTEXT() REPRESENTATION_CONTEXT('2D SPACE',''
  ) );
#426 = ORIENTED_EDGE('',*,*,#427,.T.);
#427 = EDGE_CURVE('',#405,#428,#430,.T.);
#428 = VERTEX_POINT('',#429);
#429 = CARTESIAN_POINT('',(15.11,-7.25,10.7));
#430 = SURFACE_CURVE('',#431,(#435,#442),.PCURVE_S1.);
#431 = LINE('',#432,#433);
#432 = CARTESIAN_POINT('',(-1.39,-7.25,10.7));
#433 = VECTOR('',#434,1.);
#434 = DIRECTION('',(1.,0.,0.));
#435 = PCURVE('',#98,#436);
#436 = DEFINITIONAL_REPRESENTATION('',(#437),#441);
#437 = LINE('',#438,#439);
#438 = CARTESIAN_POINT('',(-0.3,0.));
#439 = VECTOR('',#440,1.);
#440 = DIRECTION('',(1.,0.));
#441 = ( GEOMETRIC_REPRESENTATION_CONTEXT(2) 
PARAMETRIC_REPRESENTATION_CONTEXT() REPRESENTATION_CONTEXT('2D SPACE',''
  ) );
#442 = PCURVE('',#443,#448);
#443 = PLANE('',#444);
#444 = AXIS2_PLACEMENT_3D('',#445,#446,#447);
#445 = CARTESIAN_POINT('',(-1.09,-7.25,0.));
#446 = DIRECTION('',(0.,1.,0.));
#447 = DIRECTION('',(0.,0.,1.));
#448 = DEFINITIONAL_REPRESENTATION('',(#449),#453);
#449 = LINE('',#450,#451);
#450 = CARTESIAN_POINT('',(10.7,-0.3));
#451 = VECTOR('',#452,1.);
#452 = DIRECTION('',(0.,1.));
#453 = ( GEOMETRIC_REPRESENTATION_CONTEXT(2) 
PARAMETRIC_REPRESENTATION_CONTEXT() REPRESENTATION_CONTEXT('2D SPACE',''
  ) );
#454 = ORIENTED_EDGE('',*,*,#455,.T.);
#455 = EDGE_CURVE('',#428,#78,#456,.T.);
#456 = SURFACE_CURVE('',#457,(#461,#468),.PCURVE_S1.);
#457 = LINE('',#458,#459);
#458 = CARTESIAN_POINT('',(15.11,-7.25,10.7));
#459 = VECTOR('',#460,1.);
#460 = DIRECTION('',(0.,1.,0.));
#461 = PCURVE('',#98,#462);
#462 = DEFINITIONAL_REPRESENTATION('',(#463),#467);
#463 = LINE('',#464,#465);
#464 = CARTESIAN_POINT('',(16.2,0.));
#465 = VECTOR('',#466,1.);
#466 = DIRECTION('',(0.,1.));
#467 = ( GEOMETRIC_REPRESENTATION_CONTEXT(2) 
PARAMETRIC_REPRESENTATION_CONTEXT() REPRESENTATION_CONTEXT('2D SPACE',''
  ) );
#468 = PCURVE('',#126,#469);
#469 = DEFINITIONAL_REPRESENTATION('',(#470),#474);
#470 = LINE('',#471,#472);
#471 = CARTESIAN_POINT('',(10.7,0.));
#472 = VECTOR('',#473,1.);
#473 = DIRECTION('',(0.,-1.));
#474 = ( GEOMETRIC_REPRESENTATION_CONTEXT(2) 
PARAMETRIC_REPRESENTATION_CONTEXT() REPRESENTATION_CONTEXT('2D SPACE',''
  ) );
#475 = ADVANCED_FACE('',(#476),#388,.F.);
#476 = FACE_BOUND('',#477,.F.);
#477 = EDGE_LOOP('',(#478,#501,#522,#523));
#478 = ORIENTED_EDGE('',*,*,#479,.F.);
#479 = EDGE_CURVE('',#480,#405,#482,.T.);
#480 = VERTEX_POINT('',#481);
#481 = CARTESIAN_POINT('',(-1.39,-7.25,0.));
#482 = SURFACE_CURVE('',#483,(#487,#494),.PCURVE_S1.);
#483 = LINE('',#484,#485);
#484 = CARTESIAN_POINT('',(-1.39,-7.25,0.));
#485 = VECTOR('',#486,1.);
#486 = DIRECTION('',(0.,0.,1.));
#487 = PCURVE('',#388,#488);
#488 = DEFINITIONAL_REPRESENTATION('',(#489),#493);
#489 = LINE('',#490,#491);
#490 = CARTESIAN_POINT('',(0.,0.));
#491 = VECTOR('',#492,1.);
#492 = DIRECTION('',(1.,0.));
#493 = ( GEOMETRIC_REPRESENTATION_CONTEXT(2) 
PARAMETRIC_REPRESENTATION_CONTEXT() REPRESENTATION_CONTEXT('2D SPACE',''
  ) );
#494 = PCURVE('',#443,#495);
#495 = DEFINITIONAL_REPRESENTATION('',(#496),#500);
#496 = LINE('',#497,#498);
#497 = CARTESIAN_POINT('',(0.,-0.3));
#498 = VECTOR('',#499,1.);
#499 = DIRECTION('',(1.,0.));
#500 = ( GEOMETRIC_REPRESENTATION_CONTEXT(2) 
PARAMETRIC_REPRESENTATION_CONTEXT() REPRESENTATION_CONTEXT('2D SPACE',''
  ) );
#501 = ORIENTED_EDGE('',*,*,#502,.T.);
#502 = EDGE_CURVE('',#480,#352,#503,.T.);
#503 = SURFACE_CURVE('',#504,(#508,#515),.PCURVE_S1.);
#504 = LINE('',#505,#506);
#505 = CARTESIAN_POINT('',(-1.39,-7.25,0.));
#506 = VECTOR('',#507,1.);
#507 = DIRECTION('',(0.,1.,0.));
#508 = PCURVE('',#388,#509);
#509 = DEFINITIONAL_REPRESENTATION('',(#510),#514);
#510 = LINE('',#511,#512);
#511 = CARTESIAN_POINT('',(0.,0.));
#512 = VECTOR('',#513,1.);
#513 = DIRECTION('',(0.,-1.));
#514 = ( GEOMETRIC_REPRESENTATION_CONTEXT(2) 
PARAMETRIC_REPRESENTATION_CONTEXT() REPRESENTATION_CONTEXT('2D SPACE',''
  ) );
#515 = PCURVE('',#154,#516);
#516 = DEFINITIONAL_REPRESENTATION('',(#517),#521);
#517 = LINE('',#518,#519);
#518 = CARTESIAN_POINT('',(-0.3,0.));
#519 = VECTOR('',#520,1.);
#520 = DIRECTION('',(0.,1.));
#521 = ( GEOMETRIC_REPRESENTATION_CONTEXT(2) 
PARAMETRIC_REPRESENTATION_CONTEXT() REPRESENTATION_CONTEXT('2D SPACE',''
  ) );
#522 = ORIENTED_EDGE('',*,*,#374,.T.);
#523 = ORIENTED_EDGE('',*,*,#404,.F.);
#524 = ADVANCED_FACE('',(#525,#741),#154,.F.);
#525 = FACE_BOUND('',#526,.F.);
#526 = EDGE_LOOP('',(#527,#550,#551,#572,#598,#617,#618,#619,#642,#668,
    #694,#720));
#527 = ORIENTED_EDGE('',*,*,#528,.T.);
#528 = EDGE_CURVE('',#529,#111,#531,.T.);
#529 = VERTEX_POINT('',#530);
#530 = CARTESIAN_POINT('',(15.11,-7.25,0.));
#531 = SURFACE_CURVE('',#532,(#536,#543),.PCURVE_S1.);
#532 = LINE('',#533,#534);
#533 = CARTESIAN_POINT('',(15.11,-7.25,0.));
#534 = VECTOR('',#535,1.);
#535 = DIRECTION('',(0.,1.,0.));
#536 = PCURVE('',#154,#537);
#537 = DEFINITIONAL_REPRESENTATION('',(#538),#542);
#538 = LINE('',#539,#540);
#539 = CARTESIAN_POINT('',(16.2,0.));
#540 = VECTOR('',#541,1.);
#541 = DIRECTION('',(0.,1.));
#542 = ( GEOMETRIC_REPRESENTATION_CONTEXT(2) 
PARAMETRIC_REPRESENTATION_CONTEXT() REPRESENTATION_CONTEXT('2D SPACE',''
  ) );
#543 = PCURVE('',#126,#544);
#544 = DEFINITIONAL_REPRESENTATION('',(#545),#549);
#545 = LINE('',#546,#547);
#546 = CARTESIAN_POINT('',(0.,0.));
#547 = VECTOR('',#548,1.);
#548 = DIRECTION('',(0.,-1.));
#549 = ( GEOMETRIC_REPRESENTATION_CONTEXT(2) 
PARAMETRIC_REPRESENTATION_CONTEXT() REPRESENTATION_CONTEXT('2D SPACE',''
  ) );
#550 = ORIENTED_EDGE('',*,*,#138,.T.);
#551 = ORIENTED_EDGE('',*,*,#552,.F.);
#552 = EDGE_CURVE('',#553,#139,#555,.T.);
#553 = VERTEX_POINT('',#554);
#554 = CARTESIAN_POINT('',(5.51,4.45,0.));
#555 = SURFACE_CURVE('',#556,(#560,#566),.PCURVE_S1.);
#556 = LINE('',#557,#558);
#557 = CARTESIAN_POINT('',(5.51,-1.4,0.));
#558 = VECTOR('',#559,1.);
#559 = DIRECTION('',(0.,1.,0.));
#560 = PCURVE('',#154,#561);
#561 = DEFINITIONAL_REPRESENTATION('',(#562),#565);
#562 = B_SPLINE_CURVE_WITH_KNOTS('',1,(#563,#564),.UNSPECIFIED.,.F.,.F.,
  (2,2),(5.85,6.15),.PIECEWISE_BEZIER_KNOTS.);
#563 = CARTESIAN_POINT('',(6.6,11.7));
#564 = CARTESIAN_POINT('',(6.6,12.));
#565 = ( GEOMETRIC_REPRESENTATION_CONTEXT(2) 
PARAMETRIC_REPRESENTATION_CONTEXT() REPRESENTATION_CONTEXT('2D SPACE',''
  ) );
#566 = PCURVE('',#182,#567);
#567 = DEFINITIONAL_REPRESENTATION('',(#568),#571);
#568 = B_SPLINE_CURVE_WITH_KNOTS('',1,(#569,#570),.UNSPECIFIED.,.F.,.F.,
  (2,2),(5.85,6.15),.PIECEWISE_BEZIER_KNOTS.);
#569 = CARTESIAN_POINT('',(1.8,0.));
#570 = CARTESIAN_POINT('',(1.8,-0.3));
#571 = ( GEOMETRIC_REPRESENTATION_CONTEXT(2) 
PARAMETRIC_REPRESENTATION_CONTEXT() REPRESENTATION_CONTEXT('2D SPACE',''
  ) );
#572 = ORIENTED_EDGE('',*,*,#573,.T.);
#573 = EDGE_CURVE('',#553,#574,#576,.T.);
#574 = VERTEX_POINT('',#575);
#575 = CARTESIAN_POINT('',(3.91,4.45,0.));
#576 = SURFACE_CURVE('',#577,(#581,#587),.PCURVE_S1.);
#577 = LINE('',#578,#579);
#578 = CARTESIAN_POINT('',(1.41,4.45,0.));
#579 = VECTOR('',#580,1.);
#580 = DIRECTION('',(-1.,0.,0.));
#581 = PCURVE('',#154,#582);
#582 = DEFINITIONAL_REPRESENTATION('',(#583),#586);
#583 = B_SPLINE_CURVE_WITH_KNOTS('',1,(#584,#585),.UNSPECIFIED.,.F.,.F.,
  (2,2),(-4.1,-2.5),.PIECEWISE_BEZIER_KNOTS.);
#584 = CARTESIAN_POINT('',(6.6,11.7));
#585 = CARTESIAN_POINT('',(5.,11.7));
#586 = ( GEOMETRIC_REPRESENTATION_CONTEXT(2) 
PARAMETRIC_REPRESENTATION_CONTEXT() REPRESENTATION_CONTEXT('2D SPACE',''
  ) );
#587 = PCURVE('',#588,#593);
#588 = PLANE('',#589);
#589 = AXIS2_PLACEMENT_3D('',#590,#591,#592);
#590 = CARTESIAN_POINT('',(3.91,4.45,-1.8));
#591 = DIRECTION('',(0.,1.,0.));
#592 = DIRECTION('',(0.,0.,1.));
#593 = DEFINITIONAL_REPRESENTATION('',(#594),#597);
#594 = B_SPLINE_CURVE_WITH_KNOTS('',1,(#595,#596),.UNSPECIFIED.,.F.,.F.,
  (2,2),(-4.1,-2.5),.PIECEWISE_BEZIER_KNOTS.);
#595 = CARTESIAN_POINT('',(1.8,1.6));
#596 = CARTESIAN_POINT('',(1.8,0.));
#597 = ( GEOMETRIC_REPRESENTATION_CONTEXT(2) 
PARAMETRIC_REPRESENTATION_CONTEXT() REPRESENTATION_CONTEXT('2D SPACE',''
  ) );
#598 = ORIENTED_EDGE('',*,*,#599,.T.);
#599 = EDGE_CURVE('',#574,#324,#600,.T.);
#600 = SURFACE_CURVE('',#601,(#605,#611),.PCURVE_S1.);
#601 = LINE('',#602,#603);
#602 = CARTESIAN_POINT('',(3.91,-1.4,0.));
#603 = VECTOR('',#604,1.);
#604 = DIRECTION('',(0.,1.,0.));
#605 = PCURVE('',#154,#606);
#606 = DEFINITIONAL_REPRESENTATION('',(#607),#610);
#607 = B_SPLINE_CURVE_WITH_KNOTS('',1,(#608,#609),.UNSPECIFIED.,.F.,.F.,
  (2,2),(5.85,6.15),.PIECEWISE_BEZIER_KNOTS.);
#608 = CARTESIAN_POINT('',(5.,11.7));
#609 = CARTESIAN_POINT('',(5.,12.));
#610 = ( GEOMETRIC_REPRESENTATION_CONTEXT(2) 
PARAMETRIC_REPRESENTATION_CONTEXT() REPRESENTATION_CONTEXT('2D SPACE',''
  ) );
#611 = PCURVE('',#339,#612);
#612 = DEFINITIONAL_REPRESENTATION('',(#613),#616);
#613 = B_SPLINE_CURVE_WITH_KNOTS('',1,(#614,#615),.UNSPECIFIED.,.F.,.F.,
  (2,2),(5.85,6.15),.PIECEWISE_BEZIER_KNOTS.);
#614 = CARTESIAN_POINT('',(1.8,0.));
#615 = CARTESIAN_POINT('',(1.8,-0.3));
#616 = ( GEOMETRIC_REPRESENTATION_CONTEXT(2) 
PARAMETRIC_REPRESENTATION_CONTEXT() REPRESENTATION_CONTEXT('2D SPACE',''
  ) );
#617 = ORIENTED_EDGE('',*,*,#351,.T.);
#618 = ORIENTED_EDGE('',*,*,#502,.F.);
#619 = ORIENTED_EDGE('',*,*,#620,.F.);
#620 = EDGE_CURVE('',#621,#480,#623,.T.);
#621 = VERTEX_POINT('',#622);
#622 = CARTESIAN_POINT('',(3.91,-7.25,0.));
#623 = SURFACE_CURVE('',#624,(#628,#635),.PCURVE_S1.);
#624 = LINE('',#625,#626);
#625 = CARTESIAN_POINT('',(15.11,-7.25,0.));
#626 = VECTOR('',#627,1.);
#627 = DIRECTION('',(-1.,0.,0.));
#628 = PCURVE('',#154,#629);
#629 = DEFINITIONAL_REPRESENTATION('',(#630),#634);
#630 = LINE('',#631,#632);
#631 = CARTESIAN_POINT('',(16.2,0.));
#632 = VECTOR('',#633,1.);
#633 = DIRECTION('',(-1.,0.));
#634 = ( GEOMETRIC_REPRESENTATION_CONTEXT(2) 
PARAMETRIC_REPRESENTATION_CONTEXT() REPRESENTATION_CONTEXT('2D SPACE',''
  ) );
#635 = PCURVE('',#443,#636);
#636 = DEFINITIONAL_REPRESENTATION('',(#637),#641);
#637 = LINE('',#638,#639);
#638 = CARTESIAN_POINT('',(0.,16.2));
#639 = VECTOR('',#640,1.);
#640 = DIRECTION('',(0.,-1.));
#641 = ( GEOMETRIC_REPRESENTATION_CONTEXT(2) 
PARAMETRIC_REPRESENTATION_CONTEXT() REPRESENTATION_CONTEXT('2D SPACE',''
  ) );
#642 = ORIENTED_EDGE('',*,*,#643,.T.);
#643 = EDGE_CURVE('',#621,#644,#646,.T.);
#644 = VERTEX_POINT('',#645);
#645 = CARTESIAN_POINT('',(3.91,-6.95,0.));
#646 = SURFACE_CURVE('',#647,(#651,#657),.PCURVE_S1.);
#647 = LINE('',#648,#649);
#648 = CARTESIAN_POINT('',(3.91,-7.25,0.));
#649 = VECTOR('',#650,1.);
#650 = DIRECTION('',(0.,1.,0.));
#651 = PCURVE('',#154,#652);
#652 = DEFINITIONAL_REPRESENTATION('',(#653),#656);
#653 = B_SPLINE_CURVE_WITH_KNOTS('',1,(#654,#655),.UNSPECIFIED.,.F.,.F.,
  (2,2),(0.,0.3),.PIECEWISE_BEZIER_KNOTS.);
#654 = CARTESIAN_POINT('',(5.,0.));
#655 = CARTESIAN_POINT('',(5.,0.3));
#656 = ( GEOMETRIC_REPRESENTATION_CONTEXT(2) 
PARAMETRIC_REPRESENTATION_CONTEXT() REPRESENTATION_CONTEXT('2D SPACE',''
  ) );
#657 = PCURVE('',#658,#663);
#658 = PLANE('',#659);
#659 = AXIS2_PLACEMENT_3D('',#660,#661,#662);
#660 = CARTESIAN_POINT('',(3.91,-7.25,-1.8));
#661 = DIRECTION('',(1.,0.,0.));
#662 = DIRECTION('',(0.,0.,1.));
#663 = DEFINITIONAL_REPRESENTATION('',(#664),#667);
#664 = B_SPLINE_CURVE_WITH_KNOTS('',1,(#665,#666),.UNSPECIFIED.,.F.,.F.,
  (2,2),(0.,0.3),.PIECEWISE_BEZIER_KNOTS.);
#665 = CARTESIAN_POINT('',(1.8,0.));
#666 = CARTESIAN_POINT('',(1.8,-0.3));
#667 = ( GEOMETRIC_REPRESENTATION_CONTEXT(2) 
PARAMETRIC_REPRESENTATION_CONTEXT() REPRESENTATION_CONTEXT('2D SPACE',''
  ) );
#668 = ORIENTED_EDGE('',*,*,#669,.F.);
#669 = EDGE_CURVE('',#670,#644,#672,.T.);
#670 = VERTEX_POINT('',#671);
#671 = CARTESIAN_POINT('',(5.51,-6.95,0.));
#672 = SURFACE_CURVE('',#673,(#677,#683),.PCURVE_S1.);
#673 = LINE('',#674,#675);
#674 = CARTESIAN_POINT('',(1.41,-6.95,0.));
#675 = VECTOR('',#676,1.);
#676 = DIRECTION('',(-1.,0.,0.));
#677 = PCURVE('',#154,#678);
#678 = DEFINITIONAL_REPRESENTATION('',(#679),#682);
#679 = B_SPLINE_CURVE_WITH_KNOTS('',1,(#680,#681),.UNSPECIFIED.,.F.,.F.,
  (2,2),(-4.1,-2.5),.PIECEWISE_BEZIER_KNOTS.);
#680 = CARTESIAN_POINT('',(6.6,0.3));
#681 = CARTESIAN_POINT('',(5.,0.3));
#682 = ( GEOMETRIC_REPRESENTATION_CONTEXT(2) 
PARAMETRIC_REPRESENTATION_CONTEXT() REPRESENTATION_CONTEXT('2D SPACE',''
  ) );
#683 = PCURVE('',#684,#689);
#684 = PLANE('',#685);
#685 = AXIS2_PLACEMENT_3D('',#686,#687,#688);
#686 = CARTESIAN_POINT('',(3.91,-6.95,-1.8));
#687 = DIRECTION('',(0.,1.,0.));
#688 = DIRECTION('',(0.,0.,1.));
#689 = DEFINITIONAL_REPRESENTATION('',(#690),#693);
#690 = B_SPLINE_CURVE_WITH_KNOTS('',1,(#691,#692),.UNSPECIFIED.,.F.,.F.,
  (2,2),(-4.1,-2.5),.PIECEWISE_BEZIER_KNOTS.);
#691 = CARTESIAN_POINT('',(1.8,1.6));
#692 = CARTESIAN_POINT('',(1.8,0.));
#693 = ( GEOMETRIC_REPRESENTATION_CONTEXT(2) 
PARAMETRIC_REPRESENTATION_CONTEXT() REPRESENTATION_CONTEXT('2D SPACE',''
  ) );
#694 = ORIENTED_EDGE('',*,*,#695,.F.);
#695 = EDGE_CURVE('',#696,#670,#698,.T.);
#696 = VERTEX_POINT('',#697);
#697 = CARTESIAN_POINT('',(5.51,-7.25,0.));
#698 = SURFACE_CURVE('',#699,(#703,#709),.PCURVE_S1.);
#699 = LINE('',#700,#701);
#700 = CARTESIAN_POINT('',(5.51,-7.25,0.));
#701 = VECTOR('',#702,1.);
#702 = DIRECTION('',(0.,1.,0.));
#703 = PCURVE('',#154,#704);
#704 = DEFINITIONAL_REPRESENTATION('',(#705),#708);
#705 = B_SPLINE_CURVE_WITH_KNOTS('',1,(#706,#707),.UNSPECIFIED.,.F.,.F.,
  (2,2),(0.,0.3),.PIECEWISE_BEZIER_KNOTS.);
#706 = CARTESIAN_POINT('',(6.6,0.));
#707 = CARTESIAN_POINT('',(6.6,0.3));
#708 = ( GEOMETRIC_REPRESENTATION_CONTEXT(2) 
PARAMETRIC_REPRESENTATION_CONTEXT() REPRESENTATION_CONTEXT('2D SPACE',''
  ) );
#709 = PCURVE('',#710,#715);
#710 = PLANE('',#711);
#711 = AXIS2_PLACEMENT_3D('',#712,#713,#714);
#712 = CARTESIAN_POINT('',(5.51,-7.25,-1.8));
#713 = DIRECTION('',(1.,0.,0.));
#714 = DIRECTION('',(0.,0.,1.));
#715 = DEFINITIONAL_REPRESENTATION('',(#716),#719);
#716 = B_SPLINE_CURVE_WITH_KNOTS('',1,(#717,#718),.UNSPECIFIED.,.F.,.F.,
  (2,2),(0.,0.3),.PIECEWISE_BEZIER_KNOTS.);
#717 = CARTESIAN_POINT('',(1.8,0.));
#718 = CARTESIAN_POINT('',(1.8,-0.3));
#719 = ( GEOMETRIC_REPRESENTATION_CONTEXT(2) 
PARAMETRIC_REPRESENTATION_CONTEXT() REPRESENTATION_CONTEXT('2D SPACE',''
  ) );
#720 = ORIENTED_EDGE('',*,*,#721,.F.);
#721 = EDGE_CURVE('',#529,#696,#722,.T.);
#722 = SURFACE_CURVE('',#723,(#727,#734),.PCURVE_S1.);
#723 = LINE('',#724,#725);
#724 = CARTESIAN_POINT('',(15.11,-7.25,0.));
#725 = VECTOR('',#726,1.);
#726 = DIRECTION('',(-1.,0.,0.));
#727 = PCURVE('',#154,#728);
#728 = DEFINITIONAL_REPRESENTATION('',(#729),#733);
#729 = LINE('',#730,#731);
#730 = CARTESIAN_POINT('',(16.2,0.));
#731 = VECTOR('',#732,1.);
#732 = DIRECTION('',(-1.,0.));
#733 = ( GEOMETRIC_REPRESENTATION_CONTEXT(2) 
PARAMETRIC_REPRESENTATION_CONTEXT() REPRESENTATION_CONTEXT('2D SPACE',''
  ) );
#734 = PCURVE('',#443,#735);
#735 = DEFINITIONAL_REPRESENTATION('',(#736),#740);
#736 = LINE('',#737,#738);
#737 = CARTESIAN_POINT('',(0.,16.2));
#738 = VECTOR('',#739,1.);
#739 = DIRECTION('',(0.,-1.));
#740 = ( GEOMETRIC_REPRESENTATION_CONTEXT(2) 
PARAMETRIC_REPRESENTATION_CONTEXT() REPRESENTATION_CONTEXT('2D SPACE',''
  ) );
#741 = FACE_BOUND('',#742,.F.);
#742 = EDGE_LOOP('',(#743,#773,#801,#829));
#743 = ORIENTED_EDGE('',*,*,#744,.T.);
#744 = EDGE_CURVE('',#745,#747,#749,.T.);
#745 = VERTEX_POINT('',#746);
#746 = CARTESIAN_POINT('',(3.2,-6.95,0.));
#747 = VERTEX_POINT('',#748);
#748 = CARTESIAN_POINT('',(-1.09,-6.95,0.));
#749 = SURFACE_CURVE('',#750,(#754,#761),.PCURVE_S1.);
#750 = LINE('',#751,#752);
#751 = CARTESIAN_POINT('',(-1.59,-6.95,0.));
#752 = VECTOR('',#753,1.);
#753 = DIRECTION('',(-1.,0.,0.));
#754 = PCURVE('',#154,#755);
#755 = DEFINITIONAL_REPRESENTATION('',(#756),#760);
#756 = LINE('',#757,#758);
#757 = CARTESIAN_POINT('',(-0.5,0.3));
#758 = VECTOR('',#759,1.);
#759 = DIRECTION('',(-1.,0.));
#760 = ( GEOMETRIC_REPRESENTATION_CONTEXT(2) 
PARAMETRIC_REPRESENTATION_CONTEXT() REPRESENTATION_CONTEXT('2D SPACE',''
  ) );
#761 = PCURVE('',#762,#767);
#762 = PLANE('',#763);
#763 = AXIS2_PLACEMENT_3D('',#764,#765,#766);
#764 = CARTESIAN_POINT('',(-2.09,-6.95,0.3));
#765 = DIRECTION('',(0.,1.,0.));
#766 = DIRECTION('',(0.,0.,1.));
#767 = DEFINITIONAL_REPRESENTATION('',(#768),#772);
#768 = LINE('',#769,#770);
#769 = CARTESIAN_POINT('',(-0.3,0.5));
#770 = VECTOR('',#771,1.);
#771 = DIRECTION('',(0.,-1.));
#772 = ( GEOMETRIC_REPRESENTATION_CONTEXT(2) 
PARAMETRIC_REPRESENTATION_CONTEXT() REPRESENTATION_CONTEXT('2D SPACE',''
  ) );
#773 = ORIENTED_EDGE('',*,*,#774,.T.);
#774 = EDGE_CURVE('',#747,#775,#777,.T.);
#775 = VERTEX_POINT('',#776);
#776 = CARTESIAN_POINT('',(-1.09,4.45,0.));
#777 = SURFACE_CURVE('',#778,(#782,#789),.PCURVE_S1.);
#778 = LINE('',#779,#780);
#779 = CARTESIAN_POINT('',(-1.09,-7.25,0.));
#780 = VECTOR('',#781,1.);
#781 = DIRECTION('',(0.,1.,0.));
#782 = PCURVE('',#154,#783);
#783 = DEFINITIONAL_REPRESENTATION('',(#784),#788);
#784 = LINE('',#785,#786);
#785 = CARTESIAN_POINT('',(0.,0.));
#786 = VECTOR('',#787,1.);
#787 = DIRECTION('',(0.,1.));
#788 = ( GEOMETRIC_REPRESENTATION_CONTEXT(2) 
PARAMETRIC_REPRESENTATION_CONTEXT() REPRESENTATION_CONTEXT('2D SPACE',''
  ) );
#789 = PCURVE('',#790,#795);
#790 = PLANE('',#791);
#791 = AXIS2_PLACEMENT_3D('',#792,#793,#794);
#792 = CARTESIAN_POINT('',(-1.09,-7.25,0.));
#793 = DIRECTION('',(1.,0.,0.));
#794 = DIRECTION('',(0.,0.,1.));
#795 = DEFINITIONAL_REPRESENTATION('',(#796),#800);
#796 = LINE('',#797,#798);
#797 = CARTESIAN_POINT('',(0.,0.));
#798 = VECTOR('',#799,1.);
#799 = DIRECTION('',(0.,-1.));
#800 = ( GEOMETRIC_REPRESENTATION_CONTEXT(2) 
PARAMETRIC_REPRESENTATION_CONTEXT() REPRESENTATION_CONTEXT('2D SPACE',''
  ) );
#801 = ORIENTED_EDGE('',*,*,#802,.F.);
#802 = EDGE_CURVE('',#803,#775,#805,.T.);
#803 = VERTEX_POINT('',#804);
#804 = CARTESIAN_POINT('',(3.2,4.45,0.));
#805 = SURFACE_CURVE('',#806,(#810,#817),.PCURVE_S1.);
#806 = LINE('',#807,#808);
#807 = CARTESIAN_POINT('',(-1.59,4.45,0.));
#808 = VECTOR('',#809,1.);
#809 = DIRECTION('',(-1.,0.,0.));
#810 = PCURVE('',#154,#811);
#811 = DEFINITIONAL_REPRESENTATION('',(#812),#816);
#812 = LINE('',#813,#814);
#813 = CARTESIAN_POINT('',(-0.5,11.7));
#814 = VECTOR('',#815,1.);
#815 = DIRECTION('',(-1.,0.));
#816 = ( GEOMETRIC_REPRESENTATION_CONTEXT(2) 
PARAMETRIC_REPRESENTATION_CONTEXT() REPRESENTATION_CONTEXT('2D SPACE',''
  ) );
#817 = PCURVE('',#818,#823);
#818 = PLANE('',#819);
#819 = AXIS2_PLACEMENT_3D('',#820,#821,#822);
#820 = CARTESIAN_POINT('',(-2.09,4.45,-0.1));
#821 = DIRECTION('',(0.,1.,0.));
#822 = DIRECTION('',(0.,0.,1.));
#823 = DEFINITIONAL_REPRESENTATION('',(#824),#828);
#824 = LINE('',#825,#826);
#825 = CARTESIAN_POINT('',(0.1,0.5));
#826 = VECTOR('',#827,1.);
#827 = DIRECTION('',(0.,-1.));
#828 = ( GEOMETRIC_REPRESENTATION_CONTEXT(2) 
PARAMETRIC_REPRESENTATION_CONTEXT() REPRESENTATION_CONTEXT('2D SPACE',''
  ) );
#829 = ORIENTED_EDGE('',*,*,#830,.F.);
#830 = EDGE_CURVE('',#745,#803,#831,.T.);
#831 = SURFACE_CURVE('',#832,(#836,#843),.PCURVE_S1.);
#832 = LINE('',#833,#834);
#833 = CARTESIAN_POINT('',(3.2,-7.1,0.));
#834 = VECTOR('',#835,1.);
#835 = DIRECTION('',(0.,1.,0.));
#836 = PCURVE('',#154,#837);
#837 = DEFINITIONAL_REPRESENTATION('',(#838),#842);
#838 = LINE('',#839,#840);
#839 = CARTESIAN_POINT('',(4.29,0.15));
#840 = VECTOR('',#841,1.);
#841 = DIRECTION('',(0.,1.));
#842 = ( GEOMETRIC_REPRESENTATION_CONTEXT(2) 
PARAMETRIC_REPRESENTATION_CONTEXT() REPRESENTATION_CONTEXT('2D SPACE',''
  ) );
#843 = PCURVE('',#844,#849);
#844 = PLANE('',#845);
#845 = AXIS2_PLACEMENT_3D('',#846,#847,#848);
#846 = CARTESIAN_POINT('',(3.2,-6.95,-0.1));
#847 = DIRECTION('',(1.,0.,0.));
#848 = DIRECTION('',(0.,0.,1.));
#849 = DEFINITIONAL_REPRESENTATION('',(#850),#853);
#850 = B_SPLINE_CURVE_WITH_KNOTS('',1,(#851,#852),.UNSPECIFIED.,.F.,.F.,
  (2,2),(0.15,11.55),.PIECEWISE_BEZIER_KNOTS.);
#851 = CARTESIAN_POINT('',(0.1,0.));
#852 = CARTESIAN_POINT('',(0.1,-11.4));
#853 = ( GEOMETRIC_REPRESENTATION_CONTEXT(2) 
PARAMETRIC_REPRESENTATION_CONTEXT() REPRESENTATION_CONTEXT('2D SPACE',''
  ) );
#854 = ADVANCED_FACE('',(#855),#339,.F.);
#855 = FACE_BOUND('',#856,.F.);
#856 = EDGE_LOOP('',(#857,#858,#881,#902));
#857 = ORIENTED_EDGE('',*,*,#599,.F.);
#858 = ORIENTED_EDGE('',*,*,#859,.F.);
#859 = EDGE_CURVE('',#860,#574,#862,.T.);
#860 = VERTEX_POINT('',#861);
#861 = CARTESIAN_POINT('',(3.91,4.45,-1.8));
#862 = SURFACE_CURVE('',#863,(#867,#874),.PCURVE_S1.);
#863 = LINE('',#864,#865);
#864 = CARTESIAN_POINT('',(3.91,4.45,-1.8));
#865 = VECTOR('',#866,1.);
#866 = DIRECTION('',(0.,0.,1.));
#867 = PCURVE('',#339,#868);
#868 = DEFINITIONAL_REPRESENTATION('',(#869),#873);
#869 = LINE('',#870,#871);
#870 = CARTESIAN_POINT('',(0.,0.));
#871 = VECTOR('',#872,1.);
#872 = DIRECTION('',(1.,0.));
#873 = ( GEOMETRIC_REPRESENTATION_CONTEXT(2) 
PARAMETRIC_REPRESENTATION_CONTEXT() REPRESENTATION_CONTEXT('2D SPACE',''
  ) );
#874 = PCURVE('',#588,#875);
#875 = DEFINITIONAL_REPRESENTATION('',(#876),#880);
#876 = LINE('',#877,#878);
#877 = CARTESIAN_POINT('',(0.,0.));
#878 = VECTOR('',#879,1.);
#879 = DIRECTION('',(1.,0.));
#880 = ( GEOMETRIC_REPRESENTATION_CONTEXT(2) 
PARAMETRIC_REPRESENTATION_CONTEXT() REPRESENTATION_CONTEXT('2D SPACE',''
  ) );
#881 = ORIENTED_EDGE('',*,*,#882,.T.);
#882 = EDGE_CURVE('',#860,#301,#883,.T.);
#883 = SURFACE_CURVE('',#884,(#888,#895),.PCURVE_S1.);
#884 = LINE('',#885,#886);
#885 = CARTESIAN_POINT('',(3.91,4.45,-1.8));
#886 = VECTOR('',#887,1.);
#887 = DIRECTION('',(0.,1.,0.));
#888 = PCURVE('',#339,#889);
#889 = DEFINITIONAL_REPRESENTATION('',(#890),#894);
#890 = LINE('',#891,#892);
#891 = CARTESIAN_POINT('',(0.,0.));
#892 = VECTOR('',#893,1.);
#893 = DIRECTION('',(0.,-1.));
#894 = ( GEOMETRIC_REPRESENTATION_CONTEXT(2) 
PARAMETRIC_REPRESENTATION_CONTEXT() REPRESENTATION_CONTEXT('2D SPACE',''
  ) );
#895 = PCURVE('',#210,#896);
#896 = DEFINITIONAL_REPRESENTATION('',(#897),#901);
#897 = LINE('',#898,#899);
#898 = CARTESIAN_POINT('',(0.,0.));
#899 = VECTOR('',#900,1.);
#900 = DIRECTION('',(0.,1.));
#901 = ( GEOMETRIC_REPRESENTATION_CONTEXT(2) 
PARAMETRIC_REPRESENTATION_CONTEXT() REPRESENTATION_CONTEXT('2D SPACE',''
  ) );
#902 = ORIENTED_EDGE('',*,*,#323,.T.);
#903 = ADVANCED_FACE('',(#904),#210,.F.);
#904 = FACE_BOUND('',#905,.F.);
#905 = EDGE_LOOP('',(#906,#907,#908,#931,#952,#953,#974,#1000));
#906 = ORIENTED_EDGE('',*,*,#300,.F.);
#907 = ORIENTED_EDGE('',*,*,#882,.F.);
#908 = ORIENTED_EDGE('',*,*,#909,.T.);
#909 = EDGE_CURVE('',#860,#910,#912,.T.);
#910 = VERTEX_POINT('',#911);
#911 = CARTESIAN_POINT('',(5.51,4.45,-1.8));
#912 = SURFACE_CURVE('',#913,(#917,#924),.PCURVE_S1.);
#913 = LINE('',#914,#915);
#914 = CARTESIAN_POINT('',(3.91,4.45,-1.8));
#915 = VECTOR('',#916,1.);
#916 = DIRECTION('',(1.,0.,0.));
#917 = PCURVE('',#210,#918);
#918 = DEFINITIONAL_REPRESENTATION('',(#919),#923);
#919 = LINE('',#920,#921);
#920 = CARTESIAN_POINT('',(0.,0.));
#921 = VECTOR('',#922,1.);
#922 = DIRECTION('',(1.,0.));
#923 = ( GEOMETRIC_REPRESENTATION_CONTEXT(2) 
PARAMETRIC_REPRESENTATION_CONTEXT() REPRESENTATION_CONTEXT('2D SPACE',''
  ) );
#924 = PCURVE('',#588,#925);
#925 = DEFINITIONAL_REPRESENTATION('',(#926),#930);
#926 = LINE('',#927,#928);
#927 = CARTESIAN_POINT('',(0.,0.));
#928 = VECTOR('',#929,1.);
#929 = DIRECTION('',(0.,1.));
#930 = ( GEOMETRIC_REPRESENTATION_CONTEXT(2) 
PARAMETRIC_REPRESENTATION_CONTEXT() REPRESENTATION_CONTEXT('2D SPACE',''
  ) );
#931 = ORIENTED_EDGE('',*,*,#932,.T.);
#932 = EDGE_CURVE('',#910,#167,#933,.T.);
#933 = SURFACE_CURVE('',#934,(#938,#945),.PCURVE_S1.);
#934 = LINE('',#935,#936);
#935 = CARTESIAN_POINT('',(5.51,4.45,-1.8));
#936 = VECTOR('',#937,1.);
#937 = DIRECTION('',(0.,1.,0.));
#938 = PCURVE('',#210,#939);
#939 = DEFINITIONAL_REPRESENTATION('',(#940),#944);
#940 = LINE('',#941,#942);
#941 = CARTESIAN_POINT('',(1.6,0.));
#942 = VECTOR('',#943,1.);
#943 = DIRECTION('',(0.,1.));
#944 = ( GEOMETRIC_REPRESENTATION_CONTEXT(2) 
PARAMETRIC_REPRESENTATION_CONTEXT() REPRESENTATION_CONTEXT('2D SPACE',''
  ) );
#945 = PCURVE('',#182,#946);
#946 = DEFINITIONAL_REPRESENTATION('',(#947),#951);
#947 = LINE('',#948,#949);
#948 = CARTESIAN_POINT('',(0.,0.));
#949 = VECTOR('',#950,1.);
#950 = DIRECTION('',(0.,-1.));
#951 = ( GEOMETRIC_REPRESENTATION_CONTEXT(2) 
PARAMETRIC_REPRESENTATION_CONTEXT() REPRESENTATION_CONTEXT('2D SPACE',''
  ) );
#952 = ORIENTED_EDGE('',*,*,#194,.F.);
#953 = ORIENTED_EDGE('',*,*,#954,.F.);
#954 = EDGE_CURVE('',#955,#195,#957,.T.);
#955 = VERTEX_POINT('',#956);
#956 = CARTESIAN_POINT('',(5.31,4.506958127042,-1.8));
#957 = SURFACE_CURVE('',#958,(#962,#968),.PCURVE_S1.);
#958 = LINE('',#959,#960);
#959 = CARTESIAN_POINT('',(5.31,4.448332010561,-1.8));
#960 = VECTOR('',#961,1.);
#961 = DIRECTION('',(0.,1.,0.));
#962 = PCURVE('',#210,#963);
#963 = DEFINITIONAL_REPRESENTATION('',(#964),#967);
#964 = B_SPLINE_CURVE_WITH_KNOTS('',1,(#965,#966),.UNSPECIFIED.,.F.,.F.,
  (2,2),(5.862611648179E-02,0.301667989439),.PIECEWISE_BEZIER_KNOTS.);
#965 = CARTESIAN_POINT('',(1.4,5.695812704241E-02));
#966 = CARTESIAN_POINT('',(1.4,0.3));
#967 = ( GEOMETRIC_REPRESENTATION_CONTEXT(2) 
PARAMETRIC_REPRESENTATION_CONTEXT() REPRESENTATION_CONTEXT('2D SPACE',''
  ) );
#968 = PCURVE('',#237,#969);
#969 = DEFINITIONAL_REPRESENTATION('',(#970),#973);
#970 = B_SPLINE_CURVE_WITH_KNOTS('',1,(#971,#972),.UNSPECIFIED.,.F.,.F.,
  (2,2),(5.862611648179E-02,0.301667989439),.PIECEWISE_BEZIER_KNOTS.);
#971 = CARTESIAN_POINT('',(7.888888888889E-02,3.538835890993E-16));
#972 = CARTESIAN_POINT('',(0.264643722526,-0.156730640881));
#973 = ( GEOMETRIC_REPRESENTATION_CONTEXT(2) 
PARAMETRIC_REPRESENTATION_CONTEXT() REPRESENTATION_CONTEXT('2D SPACE',''
  ) );
#974 = ORIENTED_EDGE('',*,*,#975,.T.);
#975 = EDGE_CURVE('',#955,#976,#978,.T.);
#976 = VERTEX_POINT('',#977);
#977 = CARTESIAN_POINT('',(4.11,4.506958127042,-1.8));
#978 = SURFACE_CURVE('',#979,(#983,#989),.PCURVE_S1.);
#979 = LINE('',#980,#981);
#980 = CARTESIAN_POINT('',(4.01,4.506958127042,-1.8));
#981 = VECTOR('',#982,1.);
#982 = DIRECTION('',(-1.,0.,0.));
#983 = PCURVE('',#210,#984);
#984 = DEFINITIONAL_REPRESENTATION('',(#985),#988);
#985 = B_SPLINE_CURVE_WITH_KNOTS('',1,(#986,#987),.UNSPECIFIED.,.F.,.F.,
  (2,2),(-1.3,-1.E-01),.PIECEWISE_BEZIER_KNOTS.);
#986 = CARTESIAN_POINT('',(1.4,5.695812704241E-02));
#987 = CARTESIAN_POINT('',(0.2,5.695812704241E-02));
#988 = ( GEOMETRIC_REPRESENTATION_CONTEXT(2) 
PARAMETRIC_REPRESENTATION_CONTEXT() REPRESENTATION_CONTEXT('2D SPACE',''
  ) );
#989 = PCURVE('',#990,#995);
#990 = PLANE('',#991);
#991 = AXIS2_PLACEMENT_3D('',#992,#993,#994);
#992 = CARTESIAN_POINT('',(4.11,4.446664021121,-1.850873151871));
#993 = DIRECTION('',(0.,0.64487093921,-0.764291483508));
#994 = DIRECTION('',(0.,0.764291483508,0.64487093921));
#995 = DEFINITIONAL_REPRESENTATION('',(#996),#999);
#996 = B_SPLINE_CURVE_WITH_KNOTS('',1,(#997,#998),.UNSPECIFIED.,.F.,.F.,
  (2,2),(-1.3,-1.E-01),.PIECEWISE_BEZIER_KNOTS.);
#997 = CARTESIAN_POINT('',(7.888888888889E-02,1.2));
#998 = CARTESIAN_POINT('',(7.888888888889E-02,0.));
#999 = ( GEOMETRIC_REPRESENTATION_CONTEXT(2) 
PARAMETRIC_REPRESENTATION_CONTEXT() REPRESENTATION_CONTEXT('2D SPACE',''
  ) );
#1000 = ORIENTED_EDGE('',*,*,#1001,.T.);
#1001 = EDGE_CURVE('',#976,#275,#1002,.T.);
#1002 = SURFACE_CURVE('',#1003,(#1007,#1013),.PCURVE_S1.);
#1003 = LINE('',#1004,#1005);
#1004 = CARTESIAN_POINT('',(4.11,4.448332010561,-1.8));
#1005 = VECTOR('',#1006,1.);
#1006 = DIRECTION('',(0.,1.,0.));
#1007 = PCURVE('',#210,#1008);
#1008 = DEFINITIONAL_REPRESENTATION('',(#1009),#1012);
#1009 = B_SPLINE_CURVE_WITH_KNOTS('',1,(#1010,#1011),.UNSPECIFIED.,.F.,
  .F.,(2,2),(5.862611648179E-02,0.301667989439),
  .PIECEWISE_BEZIER_KNOTS.);
#1010 = CARTESIAN_POINT('',(0.2,5.695812704241E-02));
#1011 = CARTESIAN_POINT('',(0.2,0.3));
#1012 = ( GEOMETRIC_REPRESENTATION_CONTEXT(2) 
PARAMETRIC_REPRESENTATION_CONTEXT() REPRESENTATION_CONTEXT('2D SPACE',''
  ) );
#1013 = PCURVE('',#289,#1014);
#1014 = DEFINITIONAL_REPRESENTATION('',(#1015),#1018);
#1015 = B_SPLINE_CURVE_WITH_KNOTS('',1,(#1016,#1017),.UNSPECIFIED.,.F.,
  .F.,(2,2),(5.862611648179E-02,0.301667989439),
  .PIECEWISE_BEZIER_KNOTS.);
#1016 = CARTESIAN_POINT('',(7.888888888889E-02,3.538835890993E-16));
#1017 = CARTESIAN_POINT('',(0.264643722526,-0.156730640881));
#1018 = ( GEOMETRIC_REPRESENTATION_CONTEXT(2) 
PARAMETRIC_REPRESENTATION_CONTEXT() REPRESENTATION_CONTEXT('2D SPACE',''
  ) );
#1019 = ADVANCED_FACE('',(#1020),#289,.F.);
#1020 = FACE_BOUND('',#1021,.F.);
#1021 = EDGE_LOOP('',(#1022,#1045,#1073,#1101,#1122,#1123));
#1022 = ORIENTED_EDGE('',*,*,#1023,.F.);
#1023 = EDGE_CURVE('',#1024,#976,#1026,.T.);
#1024 = VERTEX_POINT('',#1025);
#1025 = CARTESIAN_POINT('',(4.11,4.446664021121,-1.850873151871));
#1026 = SURFACE_CURVE('',#1027,(#1031,#1038),.PCURVE_S1.);
#1027 = LINE('',#1028,#1029);
#1028 = CARTESIAN_POINT('',(4.11,4.446664021121,-1.850873151871));
#1029 = VECTOR('',#1030,1.);
#1030 = DIRECTION('',(0.,0.764291483508,0.64487093921));
#1031 = PCURVE('',#289,#1032);
#1032 = DEFINITIONAL_REPRESENTATION('',(#1033),#1037);
#1033 = LINE('',#1034,#1035);
#1034 = CARTESIAN_POINT('',(0.,0.));
#1035 = VECTOR('',#1036,1.);
#1036 = DIRECTION('',(1.,0.));
#1037 = ( GEOMETRIC_REPRESENTATION_CONTEXT(2) 
PARAMETRIC_REPRESENTATION_CONTEXT() REPRESENTATION_CONTEXT('2D SPACE',''
  ) );
#1038 = PCURVE('',#990,#1039);
#1039 = DEFINITIONAL_REPRESENTATION('',(#1040),#1044);
#1040 = LINE('',#1041,#1042);
#1041 = CARTESIAN_POINT('',(0.,0.));
#1042 = VECTOR('',#1043,1.);
#1043 = DIRECTION('',(1.,0.));
#1044 = ( GEOMETRIC_REPRESENTATION_CONTEXT(2) 
PARAMETRIC_REPRESENTATION_CONTEXT() REPRESENTATION_CONTEXT('2D SPACE',''
  ) );
#1045 = ORIENTED_EDGE('',*,*,#1046,.T.);
#1046 = EDGE_CURVE('',#1024,#1047,#1049,.T.);
#1047 = VERTEX_POINT('',#1048);
#1048 = CARTESIAN_POINT('',(4.11,5.874048533826,-3.542588129892));
#1049 = SURFACE_CURVE('',#1050,(#1054,#1061),.PCURVE_S1.);
#1050 = LINE('',#1051,#1052);
#1051 = CARTESIAN_POINT('',(4.11,4.446664021121,-1.850873151871));
#1052 = VECTOR('',#1053,1.);
#1053 = DIRECTION('',(0.,0.64487093921,-0.764291483508));
#1054 = PCURVE('',#289,#1055);
#1055 = DEFINITIONAL_REPRESENTATION('',(#1056),#1060);
#1056 = LINE('',#1057,#1058);
#1057 = CARTESIAN_POINT('',(0.,0.));
#1058 = VECTOR('',#1059,1.);
#1059 = DIRECTION('',(0.,-1.));
#1060 = ( GEOMETRIC_REPRESENTATION_CONTEXT(2) 
PARAMETRIC_REPRESENTATION_CONTEXT() REPRESENTATION_CONTEXT('2D SPACE',''
  ) );
#1061 = PCURVE('',#1062,#1067);
#1062 = PLANE('',#1063);
#1063 = AXIS2_PLACEMENT_3D('',#1064,#1065,#1066);
#1064 = CARTESIAN_POINT('',(4.11,4.446664021121,-1.850873151871));
#1065 = DIRECTION('',(0.,0.764291483508,0.64487093921));
#1066 = DIRECTION('',(1.,0.,0.));
#1067 = DEFINITIONAL_REPRESENTATION('',(#1068),#1072);
#1068 = LINE('',#1069,#1070);
#1069 = CARTESIAN_POINT('',(0.,0.));
#1070 = VECTOR('',#1071,1.);
#1071 = DIRECTION('',(0.,1.));
#1072 = ( GEOMETRIC_REPRESENTATION_CONTEXT(2) 
PARAMETRIC_REPRESENTATION_CONTEXT() REPRESENTATION_CONTEXT('2D SPACE',''
  ) );
#1073 = ORIENTED_EDGE('',*,*,#1074,.T.);
#1074 = EDGE_CURVE('',#1047,#1075,#1077,.T.);
#1075 = VERTEX_POINT('',#1076);
#1076 = CARTESIAN_POINT('',(4.11,6.103335978879,-3.349126848129));
#1077 = SURFACE_CURVE('',#1078,(#1082,#1089),.PCURVE_S1.);
#1078 = LINE('',#1079,#1080);
#1079 = CARTESIAN_POINT('',(4.11,5.874048533826,-3.542588129892));
#1080 = VECTOR('',#1081,1.);
#1081 = DIRECTION('',(0.,0.764291483508,0.64487093921));
#1082 = PCURVE('',#289,#1083);
#1083 = DEFINITIONAL_REPRESENTATION('',(#1084),#1088);
#1084 = LINE('',#1085,#1086);
#1085 = CARTESIAN_POINT('',(-2.22044604925E-16,-2.213442141546));
#1086 = VECTOR('',#1087,1.);
#1087 = DIRECTION('',(1.,0.));
#1088 = ( GEOMETRIC_REPRESENTATION_CONTEXT(2) 
PARAMETRIC_REPRESENTATION_CONTEXT() REPRESENTATION_CONTEXT('2D SPACE',''
  ) );
#1089 = PCURVE('',#1090,#1095);
#1090 = PLANE('',#1091);
#1091 = AXIS2_PLACEMENT_3D('',#1092,#1093,#1094);
#1092 = CARTESIAN_POINT('',(4.11,5.874048533826,-3.542588129892));
#1093 = DIRECTION('',(0.,0.64487093921,-0.764291483508));
#1094 = DIRECTION('',(0.,0.764291483508,0.64487093921));
#1095 = DEFINITIONAL_REPRESENTATION('',(#1096),#1100);
#1096 = LINE('',#1097,#1098);
#1097 = CARTESIAN_POINT('',(0.,0.));
#1098 = VECTOR('',#1099,1.);
#1099 = DIRECTION('',(1.,0.));
#1100 = ( GEOMETRIC_REPRESENTATION_CONTEXT(2) 
PARAMETRIC_REPRESENTATION_CONTEXT() REPRESENTATION_CONTEXT('2D SPACE',''
  ) );
#1101 = ORIENTED_EDGE('',*,*,#1102,.F.);
#1102 = EDGE_CURVE('',#249,#1075,#1103,.T.);
#1103 = SURFACE_CURVE('',#1104,(#1108,#1115),.PCURVE_S1.);
#1104 = LINE('',#1105,#1106);
#1105 = CARTESIAN_POINT('',(4.11,4.675951466174,-1.657411870108));
#1106 = VECTOR('',#1107,1.);
#1107 = DIRECTION('',(0.,0.64487093921,-0.764291483508));
#1108 = PCURVE('',#289,#1109);
#1109 = DEFINITIONAL_REPRESENTATION('',(#1110),#1114);
#1110 = LINE('',#1111,#1112);
#1111 = CARTESIAN_POINT('',(0.3,3.608224830032E-16));
#1112 = VECTOR('',#1113,1.);
#1113 = DIRECTION('',(0.,-1.));
#1114 = ( GEOMETRIC_REPRESENTATION_CONTEXT(2) 
PARAMETRIC_REPRESENTATION_CONTEXT() REPRESENTATION_CONTEXT('2D SPACE',''
  ) );
#1115 = PCURVE('',#263,#1116);
#1116 = DEFINITIONAL_REPRESENTATION('',(#1117),#1121);
#1117 = LINE('',#1118,#1119);
#1118 = CARTESIAN_POINT('',(0.,0.));
#1119 = VECTOR('',#1120,1.);
#1120 = DIRECTION('',(0.,1.));
#1121 = ( GEOMETRIC_REPRESENTATION_CONTEXT(2) 
PARAMETRIC_REPRESENTATION_CONTEXT() REPRESENTATION_CONTEXT('2D SPACE',''
  ) );
#1122 = ORIENTED_EDGE('',*,*,#274,.T.);
#1123 = ORIENTED_EDGE('',*,*,#1001,.F.);
#1124 = ADVANCED_FACE('',(#1125),#263,.T.);
#1125 = FACE_BOUND('',#1126,.T.);
#1126 = EDGE_LOOP('',(#1127,#1128,#1129,#1152));
#1127 = ORIENTED_EDGE('',*,*,#1102,.F.);
#1128 = ORIENTED_EDGE('',*,*,#248,.T.);
#1129 = ORIENTED_EDGE('',*,*,#1130,.T.);
#1130 = EDGE_CURVE('',#223,#1131,#1133,.T.);
#1131 = VERTEX_POINT('',#1132);
#1132 = CARTESIAN_POINT('',(5.31,6.103335978879,-3.349126848129));
#1133 = SURFACE_CURVE('',#1134,(#1138,#1145),.PCURVE_S1.);
#1134 = LINE('',#1135,#1136);
#1135 = CARTESIAN_POINT('',(5.31,4.675951466174,-1.657411870108));
#1136 = VECTOR('',#1137,1.);
#1137 = DIRECTION('',(0.,0.64487093921,-0.764291483508));
#1138 = PCURVE('',#263,#1139);
#1139 = DEFINITIONAL_REPRESENTATION('',(#1140),#1144);
#1140 = LINE('',#1141,#1142);
#1141 = CARTESIAN_POINT('',(1.2,0.));
#1142 = VECTOR('',#1143,1.);
#1143 = DIRECTION('',(0.,1.));
#1144 = ( GEOMETRIC_REPRESENTATION_CONTEXT(2) 
PARAMETRIC_REPRESENTATION_CONTEXT() REPRESENTATION_CONTEXT('2D SPACE',''
  ) );
#1145 = PCURVE('',#237,#1146);
#1146 = DEFINITIONAL_REPRESENTATION('',(#1147),#1151);
#1147 = LINE('',#1148,#1149);
#1148 = CARTESIAN_POINT('',(0.3,3.608224830032E-16));
#1149 = VECTOR('',#1150,1.);
#1150 = DIRECTION('',(0.,-1.));
#1151 = ( GEOMETRIC_REPRESENTATION_CONTEXT(2) 
PARAMETRIC_REPRESENTATION_CONTEXT() REPRESENTATION_CONTEXT('2D SPACE',''
  ) );
#1152 = ORIENTED_EDGE('',*,*,#1153,.F.);
#1153 = EDGE_CURVE('',#1075,#1131,#1154,.T.);
#1154 = SURFACE_CURVE('',#1155,(#1159,#1166),.PCURVE_S1.);
#1155 = LINE('',#1156,#1157);
#1156 = CARTESIAN_POINT('',(4.11,6.103335978879,-3.349126848129));
#1157 = VECTOR('',#1158,1.);
#1158 = DIRECTION('',(1.,0.,0.));
#1159 = PCURVE('',#263,#1160);
#1160 = DEFINITIONAL_REPRESENTATION('',(#1161),#1165);
#1161 = LINE('',#1162,#1163);
#1162 = CARTESIAN_POINT('',(0.,2.213442141546));
#1163 = VECTOR('',#1164,1.);
#1164 = DIRECTION('',(1.,0.));
#1165 = ( GEOMETRIC_REPRESENTATION_CONTEXT(2) 
PARAMETRIC_REPRESENTATION_CONTEXT() REPRESENTATION_CONTEXT('2D SPACE',''
  ) );
#1166 = PCURVE('',#1090,#1167);
#1167 = DEFINITIONAL_REPRESENTATION('',(#1168),#1172);
#1168 = LINE('',#1169,#1170);
#1169 = CARTESIAN_POINT('',(0.3,0.));
#1170 = VECTOR('',#1171,1.);
#1171 = DIRECTION('',(0.,1.));
#1172 = ( GEOMETRIC_REPRESENTATION_CONTEXT(2) 
PARAMETRIC_REPRESENTATION_CONTEXT() REPRESENTATION_CONTEXT('2D SPACE',''
  ) );
#1173 = ADVANCED_FACE('',(#1174),#237,.T.);
#1174 = FACE_BOUND('',#1175,.T.);
#1175 = EDGE_LOOP('',(#1176,#1199,#1222,#1243,#1244,#1245));
#1176 = ORIENTED_EDGE('',*,*,#1177,.F.);
#1177 = EDGE_CURVE('',#1178,#955,#1180,.T.);
#1178 = VERTEX_POINT('',#1179);
#1179 = CARTESIAN_POINT('',(5.31,4.446664021121,-1.850873151871));
#1180 = SURFACE_CURVE('',#1181,(#1185,#1192),.PCURVE_S1.);
#1181 = LINE('',#1182,#1183);
#1182 = CARTESIAN_POINT('',(5.31,4.446664021121,-1.850873151871));
#1183 = VECTOR('',#1184,1.);
#1184 = DIRECTION('',(0.,0.764291483508,0.64487093921));
#1185 = PCURVE('',#237,#1186);
#1186 = DEFINITIONAL_REPRESENTATION('',(#1187),#1191);
#1187 = LINE('',#1188,#1189);
#1188 = CARTESIAN_POINT('',(0.,0.));
#1189 = VECTOR('',#1190,1.);
#1190 = DIRECTION('',(1.,0.));
#1191 = ( GEOMETRIC_REPRESENTATION_CONTEXT(2) 
PARAMETRIC_REPRESENTATION_CONTEXT() REPRESENTATION_CONTEXT('2D SPACE',''
  ) );
#1192 = PCURVE('',#990,#1193);
#1193 = DEFINITIONAL_REPRESENTATION('',(#1194),#1198);
#1194 = LINE('',#1195,#1196);
#1195 = CARTESIAN_POINT('',(0.,1.2));
#1196 = VECTOR('',#1197,1.);
#1197 = DIRECTION('',(1.,0.));
#1198 = ( GEOMETRIC_REPRESENTATION_CONTEXT(2) 
PARAMETRIC_REPRESENTATION_CONTEXT() REPRESENTATION_CONTEXT('2D SPACE',''
  ) );
#1199 = ORIENTED_EDGE('',*,*,#1200,.T.);
#1200 = EDGE_CURVE('',#1178,#1201,#1203,.T.);
#1201 = VERTEX_POINT('',#1202);
#1202 = CARTESIAN_POINT('',(5.31,5.874048533826,-3.542588129892));
#1203 = SURFACE_CURVE('',#1204,(#1208,#1215),.PCURVE_S1.);
#1204 = LINE('',#1205,#1206);
#1205 = CARTESIAN_POINT('',(5.31,4.446664021121,-1.850873151871));
#1206 = VECTOR('',#1207,1.);
#1207 = DIRECTION('',(0.,0.64487093921,-0.764291483508));
#1208 = PCURVE('',#237,#1209);
#1209 = DEFINITIONAL_REPRESENTATION('',(#1210),#1214);
#1210 = LINE('',#1211,#1212);
#1211 = CARTESIAN_POINT('',(0.,0.));
#1212 = VECTOR('',#1213,1.);
#1213 = DIRECTION('',(0.,-1.));
#1214 = ( GEOMETRIC_REPRESENTATION_CONTEXT(2) 
PARAMETRIC_REPRESENTATION_CONTEXT() REPRESENTATION_CONTEXT('2D SPACE',''
  ) );
#1215 = PCURVE('',#1062,#1216);
#1216 = DEFINITIONAL_REPRESENTATION('',(#1217),#1221);
#1217 = LINE('',#1218,#1219);
#1218 = CARTESIAN_POINT('',(1.2,0.));
#1219 = VECTOR('',#1220,1.);
#1220 = DIRECTION('',(0.,1.));
#1221 = ( GEOMETRIC_REPRESENTATION_CONTEXT(2) 
PARAMETRIC_REPRESENTATION_CONTEXT() REPRESENTATION_CONTEXT('2D SPACE',''
  ) );
#1222 = ORIENTED_EDGE('',*,*,#1223,.T.);
#1223 = EDGE_CURVE('',#1201,#1131,#1224,.T.);
#1224 = SURFACE_CURVE('',#1225,(#1229,#1236),.PCURVE_S1.);
#1225 = LINE('',#1226,#1227);
#1226 = CARTESIAN_POINT('',(5.31,5.874048533826,-3.542588129892));
#1227 = VECTOR('',#1228,1.);
#1228 = DIRECTION('',(0.,0.764291483508,0.64487093921));
#1229 = PCURVE('',#237,#1230);
#1230 = DEFINITIONAL_REPRESENTATION('',(#1231),#1235);
#1231 = LINE('',#1232,#1233);
#1232 = CARTESIAN_POINT('',(-2.22044604925E-16,-2.213442141546));
#1233 = VECTOR('',#1234,1.);
#1234 = DIRECTION('',(1.,0.));
#1235 = ( GEOMETRIC_REPRESENTATION_CONTEXT(2) 
PARAMETRIC_REPRESENTATION_CONTEXT() REPRESENTATION_CONTEXT('2D SPACE',''
  ) );
#1236 = PCURVE('',#1090,#1237);
#1237 = DEFINITIONAL_REPRESENTATION('',(#1238),#1242);
#1238 = LINE('',#1239,#1240);
#1239 = CARTESIAN_POINT('',(0.,1.2));
#1240 = VECTOR('',#1241,1.);
#1241 = DIRECTION('',(1.,0.));
#1242 = ( GEOMETRIC_REPRESENTATION_CONTEXT(2) 
PARAMETRIC_REPRESENTATION_CONTEXT() REPRESENTATION_CONTEXT('2D SPACE',''
  ) );
#1243 = ORIENTED_EDGE('',*,*,#1130,.F.);
#1244 = ORIENTED_EDGE('',*,*,#222,.T.);
#1245 = ORIENTED_EDGE('',*,*,#954,.F.);
#1246 = ADVANCED_FACE('',(#1247),#182,.T.);
#1247 = FACE_BOUND('',#1248,.T.);
#1248 = EDGE_LOOP('',(#1249,#1250,#1271,#1272));
#1249 = ORIENTED_EDGE('',*,*,#552,.F.);
#1250 = ORIENTED_EDGE('',*,*,#1251,.F.);
#1251 = EDGE_CURVE('',#910,#553,#1252,.T.);
#1252 = SURFACE_CURVE('',#1253,(#1257,#1264),.PCURVE_S1.);
#1253 = LINE('',#1254,#1255);
#1254 = CARTESIAN_POINT('',(5.51,4.45,-1.8));
#1255 = VECTOR('',#1256,1.);
#1256 = DIRECTION('',(0.,0.,1.));
#1257 = PCURVE('',#182,#1258);
#1258 = DEFINITIONAL_REPRESENTATION('',(#1259),#1263);
#1259 = LINE('',#1260,#1261);
#1260 = CARTESIAN_POINT('',(0.,0.));
#1261 = VECTOR('',#1262,1.);
#1262 = DIRECTION('',(1.,0.));
#1263 = ( GEOMETRIC_REPRESENTATION_CONTEXT(2) 
PARAMETRIC_REPRESENTATION_CONTEXT() REPRESENTATION_CONTEXT('2D SPACE',''
  ) );
#1264 = PCURVE('',#588,#1265);
#1265 = DEFINITIONAL_REPRESENTATION('',(#1266),#1270);
#1266 = LINE('',#1267,#1268);
#1267 = CARTESIAN_POINT('',(0.,1.6));
#1268 = VECTOR('',#1269,1.);
#1269 = DIRECTION('',(1.,0.));
#1270 = ( GEOMETRIC_REPRESENTATION_CONTEXT(2) 
PARAMETRIC_REPRESENTATION_CONTEXT() REPRESENTATION_CONTEXT('2D SPACE',''
  ) );
#1271 = ORIENTED_EDGE('',*,*,#932,.T.);
#1272 = ORIENTED_EDGE('',*,*,#166,.T.);
#1273 = ADVANCED_FACE('',(#1274,#1300),#126,.T.);
#1274 = FACE_BOUND('',#1275,.T.);
#1275 = EDGE_LOOP('',(#1276,#1297,#1298,#1299));
#1276 = ORIENTED_EDGE('',*,*,#1277,.F.);
#1277 = EDGE_CURVE('',#529,#428,#1278,.T.);
#1278 = SURFACE_CURVE('',#1279,(#1283,#1290),.PCURVE_S1.);
#1279 = LINE('',#1280,#1281);
#1280 = CARTESIAN_POINT('',(15.11,-7.25,0.));
#1281 = VECTOR('',#1282,1.);
#1282 = DIRECTION('',(0.,0.,1.));
#1283 = PCURVE('',#126,#1284);
#1284 = DEFINITIONAL_REPRESENTATION('',(#1285),#1289);
#1285 = LINE('',#1286,#1287);
#1286 = CARTESIAN_POINT('',(0.,0.));
#1287 = VECTOR('',#1288,1.);
#1288 = DIRECTION('',(1.,0.));
#1289 = ( GEOMETRIC_REPRESENTATION_CONTEXT(2) 
PARAMETRIC_REPRESENTATION_CONTEXT() REPRESENTATION_CONTEXT('2D SPACE',''
  ) );
#1290 = PCURVE('',#443,#1291);
#1291 = DEFINITIONAL_REPRESENTATION('',(#1292),#1296);
#1292 = LINE('',#1293,#1294);
#1293 = CARTESIAN_POINT('',(0.,16.2));
#1294 = VECTOR('',#1295,1.);
#1295 = DIRECTION('',(1.,0.));
#1296 = ( GEOMETRIC_REPRESENTATION_CONTEXT(2) 
PARAMETRIC_REPRESENTATION_CONTEXT() REPRESENTATION_CONTEXT('2D SPACE',''
  ) );
#1297 = ORIENTED_EDGE('',*,*,#528,.T.);
#1298 = ORIENTED_EDGE('',*,*,#110,.T.);
#1299 = ORIENTED_EDGE('',*,*,#455,.F.);
#1300 = FACE_BOUND('',#1301,.T.);
#1301 = EDGE_LOOP('',(#1302,#1330,#1352,#1378));
#1302 = ORIENTED_EDGE('',*,*,#1303,.T.);
#1303 = EDGE_CURVE('',#1304,#1306,#1308,.T.);
#1304 = VERTEX_POINT('',#1305);
#1305 = CARTESIAN_POINT('',(15.11,4.45,0.3));
#1306 = VERTEX_POINT('',#1307);
#1307 = CARTESIAN_POINT('',(15.11,-6.95,0.3));
#1308 = SURFACE_CURVE('',#1309,(#1313,#1319),.PCURVE_S1.);
#1309 = LINE('',#1310,#1311);
#1310 = CARTESIAN_POINT('',(15.11,-7.1,0.3));
#1311 = VECTOR('',#1312,1.);
#1312 = DIRECTION('',(0.,-1.,0.));
#1313 = PCURVE('',#126,#1314);
#1314 = DEFINITIONAL_REPRESENTATION('',(#1315),#1318);
#1315 = B_SPLINE_CURVE_WITH_KNOTS('',1,(#1316,#1317),.UNSPECIFIED.,.F.,
  .F.,(2,2),(-11.55,-0.15),.PIECEWISE_BEZIER_KNOTS.);
#1316 = CARTESIAN_POINT('',(0.3,-11.7));
#1317 = CARTESIAN_POINT('',(0.3,-0.3));
#1318 = ( GEOMETRIC_REPRESENTATION_CONTEXT(2) 
PARAMETRIC_REPRESENTATION_CONTEXT() REPRESENTATION_CONTEXT('2D SPACE',''
  ) );
#1319 = PCURVE('',#1320,#1325);
#1320 = PLANE('',#1321);
#1321 = AXIS2_PLACEMENT_3D('',#1322,#1323,#1324);
#1322 = CARTESIAN_POINT('',(-2.09,-6.95,0.3));
#1323 = DIRECTION('',(0.,0.,1.));
#1324 = DIRECTION('',(1.,0.,0.));
#1325 = DEFINITIONAL_REPRESENTATION('',(#1326),#1329);
#1326 = B_SPLINE_CURVE_WITH_KNOTS('',1,(#1327,#1328),.UNSPECIFIED.,.F.,
  .F.,(2,2),(-11.55,-0.15),.PIECEWISE_BEZIER_KNOTS.);
#1327 = CARTESIAN_POINT('',(17.2,11.4));
#1328 = CARTESIAN_POINT('',(17.2,0.));
#1329 = ( GEOMETRIC_REPRESENTATION_CONTEXT(2) 
PARAMETRIC_REPRESENTATION_CONTEXT() REPRESENTATION_CONTEXT('2D SPACE',''
  ) );
#1330 = ORIENTED_EDGE('',*,*,#1331,.T.);
#1331 = EDGE_CURVE('',#1306,#1332,#1334,.T.);
#1332 = VERTEX_POINT('',#1333);
#1333 = CARTESIAN_POINT('',(15.11,-6.95,10.4));
#1334 = SURFACE_CURVE('',#1335,(#1339,#1345),.PCURVE_S1.);
#1335 = LINE('',#1336,#1337);
#1336 = CARTESIAN_POINT('',(15.11,-6.95,0.15));
#1337 = VECTOR('',#1338,1.);
#1338 = DIRECTION('',(0.,0.,1.));
#1339 = PCURVE('',#126,#1340);
#1340 = DEFINITIONAL_REPRESENTATION('',(#1341),#1344);
#1341 = B_SPLINE_CURVE_WITH_KNOTS('',1,(#1342,#1343),.UNSPECIFIED.,.F.,
  .F.,(2,2),(0.15,10.25),.PIECEWISE_BEZIER_KNOTS.);
#1342 = CARTESIAN_POINT('',(0.3,-0.3));
#1343 = CARTESIAN_POINT('',(10.4,-0.3));
#1344 = ( GEOMETRIC_REPRESENTATION_CONTEXT(2) 
PARAMETRIC_REPRESENTATION_CONTEXT() REPRESENTATION_CONTEXT('2D SPACE',''
  ) );
#1345 = PCURVE('',#762,#1346);
#1346 = DEFINITIONAL_REPRESENTATION('',(#1347),#1351);
#1347 = LINE('',#1348,#1349);
#1348 = CARTESIAN_POINT('',(-0.15,17.2));
#1349 = VECTOR('',#1350,1.);
#1350 = DIRECTION('',(1.,0.));
#1351 = ( GEOMETRIC_REPRESENTATION_CONTEXT(2) 
PARAMETRIC_REPRESENTATION_CONTEXT() REPRESENTATION_CONTEXT('2D SPACE',''
  ) );
#1352 = ORIENTED_EDGE('',*,*,#1353,.F.);
#1353 = EDGE_CURVE('',#1354,#1332,#1356,.T.);
#1354 = VERTEX_POINT('',#1355);
#1355 = CARTESIAN_POINT('',(15.11,4.45,10.4));
#1356 = SURFACE_CURVE('',#1357,(#1361,#1367),.PCURVE_S1.);
#1357 = LINE('',#1358,#1359);
#1358 = CARTESIAN_POINT('',(15.11,-7.1,10.4));
#1359 = VECTOR('',#1360,1.);
#1360 = DIRECTION('',(0.,-1.,0.));
#1361 = PCURVE('',#126,#1362);
#1362 = DEFINITIONAL_REPRESENTATION('',(#1363),#1366);
#1363 = B_SPLINE_CURVE_WITH_KNOTS('',1,(#1364,#1365),.UNSPECIFIED.,.F.,
  .F.,(2,2),(-11.55,-0.15),.PIECEWISE_BEZIER_KNOTS.);
#1364 = CARTESIAN_POINT('',(10.4,-11.7));
#1365 = CARTESIAN_POINT('',(10.4,-0.3));
#1366 = ( GEOMETRIC_REPRESENTATION_CONTEXT(2) 
PARAMETRIC_REPRESENTATION_CONTEXT() REPRESENTATION_CONTEXT('2D SPACE',''
  ) );
#1367 = PCURVE('',#1368,#1373);
#1368 = PLANE('',#1369);
#1369 = AXIS2_PLACEMENT_3D('',#1370,#1371,#1372);
#1370 = CARTESIAN_POINT('',(-2.09,-6.95,10.4));
#1371 = DIRECTION('',(0.,0.,1.));
#1372 = DIRECTION('',(1.,0.,0.));
#1373 = DEFINITIONAL_REPRESENTATION('',(#1374),#1377);
#1374 = B_SPLINE_CURVE_WITH_KNOTS('',1,(#1375,#1376),.UNSPECIFIED.,.F.,
  .F.,(2,2),(-11.55,-0.15),.PIECEWISE_BEZIER_KNOTS.);
#1375 = CARTESIAN_POINT('',(17.2,11.4));
#1376 = CARTESIAN_POINT('',(17.2,0.));
#1377 = ( GEOMETRIC_REPRESENTATION_CONTEXT(2) 
PARAMETRIC_REPRESENTATION_CONTEXT() REPRESENTATION_CONTEXT('2D SPACE',''
  ) );
#1378 = ORIENTED_EDGE('',*,*,#1379,.F.);
#1379 = EDGE_CURVE('',#1304,#1354,#1380,.T.);
#1380 = SURFACE_CURVE('',#1381,(#1385,#1391),.PCURVE_S1.);
#1381 = LINE('',#1382,#1383);
#1382 = CARTESIAN_POINT('',(15.11,4.45,0.15));
#1383 = VECTOR('',#1384,1.);
#1384 = DIRECTION('',(0.,0.,1.));
#1385 = PCURVE('',#126,#1386);
#1386 = DEFINITIONAL_REPRESENTATION('',(#1387),#1390);
#1387 = B_SPLINE_CURVE_WITH_KNOTS('',1,(#1388,#1389),.UNSPECIFIED.,.F.,
  .F.,(2,2),(0.15,10.25),.PIECEWISE_BEZIER_KNOTS.);
#1388 = CARTESIAN_POINT('',(0.3,-11.7));
#1389 = CARTESIAN_POINT('',(10.4,-11.7));
#1390 = ( GEOMETRIC_REPRESENTATION_CONTEXT(2) 
PARAMETRIC_REPRESENTATION_CONTEXT() REPRESENTATION_CONTEXT('2D SPACE',''
  ) );
#1391 = PCURVE('',#818,#1392);
#1392 = DEFINITIONAL_REPRESENTATION('',(#1393),#1397);
#1393 = LINE('',#1394,#1395);
#1394 = CARTESIAN_POINT('',(0.25,17.2));
#1395 = VECTOR('',#1396,1.);
#1396 = DIRECTION('',(1.,0.));
#1397 = ( GEOMETRIC_REPRESENTATION_CONTEXT(2) 
PARAMETRIC_REPRESENTATION_CONTEXT() REPRESENTATION_CONTEXT('2D SPACE',''
  ) );
#1398 = ADVANCED_FACE('',(#1399),#443,.F.);
#1399 = FACE_BOUND('',#1400,.F.);
#1400 = EDGE_LOOP('',(#1401,#1402,#1403,#1404,#1427,#1455,#1481,#1507,
    #1533,#1556,#1577,#1578));
#1401 = ORIENTED_EDGE('',*,*,#427,.T.);
#1402 = ORIENTED_EDGE('',*,*,#1277,.F.);
#1403 = ORIENTED_EDGE('',*,*,#721,.T.);
#1404 = ORIENTED_EDGE('',*,*,#1405,.F.);
#1405 = EDGE_CURVE('',#1406,#696,#1408,.T.);
#1406 = VERTEX_POINT('',#1407);
#1407 = CARTESIAN_POINT('',(5.51,-7.25,-1.8));
#1408 = SURFACE_CURVE('',#1409,(#1413,#1420),.PCURVE_S1.);
#1409 = LINE('',#1410,#1411);
#1410 = CARTESIAN_POINT('',(5.51,-7.25,-1.8));
#1411 = VECTOR('',#1412,1.);
#1412 = DIRECTION('',(0.,0.,1.));
#1413 = PCURVE('',#443,#1414);
#1414 = DEFINITIONAL_REPRESENTATION('',(#1415),#1419);
#1415 = LINE('',#1416,#1417);
#1416 = CARTESIAN_POINT('',(-1.8,6.6));
#1417 = VECTOR('',#1418,1.);
#1418 = DIRECTION('',(1.,0.));
#1419 = ( GEOMETRIC_REPRESENTATION_CONTEXT(2) 
PARAMETRIC_REPRESENTATION_CONTEXT() REPRESENTATION_CONTEXT('2D SPACE',''
  ) );
#1420 = PCURVE('',#710,#1421);
#1421 = DEFINITIONAL_REPRESENTATION('',(#1422),#1426);
#1422 = LINE('',#1423,#1424);
#1423 = CARTESIAN_POINT('',(0.,0.));
#1424 = VECTOR('',#1425,1.);
#1425 = DIRECTION('',(1.,0.));
#1426 = ( GEOMETRIC_REPRESENTATION_CONTEXT(2) 
PARAMETRIC_REPRESENTATION_CONTEXT() REPRESENTATION_CONTEXT('2D SPACE',''
  ) );
#1427 = ORIENTED_EDGE('',*,*,#1428,.F.);
#1428 = EDGE_CURVE('',#1429,#1406,#1431,.T.);
#1429 = VERTEX_POINT('',#1430);
#1430 = CARTESIAN_POINT('',(5.31,-7.25,-1.8));
#1431 = SURFACE_CURVE('',#1432,(#1436,#1443),.PCURVE_S1.);
#1432 = LINE('',#1433,#1434);
#1433 = CARTESIAN_POINT('',(3.91,-7.25,-1.8));
#1434 = VECTOR('',#1435,1.);
#1435 = DIRECTION('',(1.,0.,0.));
#1436 = PCURVE('',#443,#1437);
#1437 = DEFINITIONAL_REPRESENTATION('',(#1438),#1442);
#1438 = LINE('',#1439,#1440);
#1439 = CARTESIAN_POINT('',(-1.8,5.));
#1440 = VECTOR('',#1441,1.);
#1441 = DIRECTION('',(0.,1.));
#1442 = ( GEOMETRIC_REPRESENTATION_CONTEXT(2) 
PARAMETRIC_REPRESENTATION_CONTEXT() REPRESENTATION_CONTEXT('2D SPACE',''
  ) );
#1443 = PCURVE('',#1444,#1449);
#1444 = PLANE('',#1445);
#1445 = AXIS2_PLACEMENT_3D('',#1446,#1447,#1448);
#1446 = CARTESIAN_POINT('',(3.91,-7.25,-1.8));
#1447 = DIRECTION('',(0.,0.,1.));
#1448 = DIRECTION('',(1.,0.,0.));
#1449 = DEFINITIONAL_REPRESENTATION('',(#1450),#1454);
#1450 = LINE('',#1451,#1452);
#1451 = CARTESIAN_POINT('',(0.,0.));
#1452 = VECTOR('',#1453,1.);
#1453 = DIRECTION('',(1.,0.));
#1454 = ( GEOMETRIC_REPRESENTATION_CONTEXT(2) 
PARAMETRIC_REPRESENTATION_CONTEXT() REPRESENTATION_CONTEXT('2D SPACE',''
  ) );
#1455 = ORIENTED_EDGE('',*,*,#1456,.F.);
#1456 = EDGE_CURVE('',#1457,#1429,#1459,.T.);
#1457 = VERTEX_POINT('',#1458);
#1458 = CARTESIAN_POINT('',(5.31,-7.25,-1.745173095384));
#1459 = SURFACE_CURVE('',#1460,(#1464,#1470),.PCURVE_S1.);
#1460 = LINE('',#1461,#1462);
#1461 = CARTESIAN_POINT('',(5.31,-7.25,-0.828705935054));
#1462 = VECTOR('',#1463,1.);
#1463 = DIRECTION('',(0.,0.,-1.));
#1464 = PCURVE('',#443,#1465);
#1465 = DEFINITIONAL_REPRESENTATION('',(#1466),#1469);
#1466 = B_SPLINE_CURVE_WITH_KNOTS('',1,(#1467,#1468),.UNSPECIFIED.,.F.,
  .F.,(2,2),(0.91646716033,0.971294064946),.PIECEWISE_BEZIER_KNOTS.);
#1467 = CARTESIAN_POINT('',(-1.745173095384,6.4));
#1468 = CARTESIAN_POINT('',(-1.8,6.4));
#1469 = ( GEOMETRIC_REPRESENTATION_CONTEXT(2) 
PARAMETRIC_REPRESENTATION_CONTEXT() REPRESENTATION_CONTEXT('2D SPACE',''
  ) );
#1470 = PCURVE('',#1471,#1476);
#1471 = PLANE('',#1472);
#1472 = AXIS2_PLACEMENT_3D('',#1473,#1474,#1475);
#1473 = CARTESIAN_POINT('',(5.31,-7.175951466174,-1.657411870108));
#1474 = DIRECTION('',(1.,0.,0.));
#1475 = DIRECTION('',(0.,0.764291483508,-0.64487093921));
#1476 = DEFINITIONAL_REPRESENTATION('',(#1477),#1480);
#1477 = B_SPLINE_CURVE_WITH_KNOTS('',1,(#1478,#1479),.UNSPECIFIED.,.F.,
  .F.,(2,2),(0.91646716033,0.971294064946),.PIECEWISE_BEZIER_KNOTS.);
#1478 = CARTESIAN_POINT('',(0.,-0.114826904616));
#1479 = CARTESIAN_POINT('',(3.535627747382E-02,-0.156730640881));
#1480 = ( GEOMETRIC_REPRESENTATION_CONTEXT(2) 
PARAMETRIC_REPRESENTATION_CONTEXT() REPRESENTATION_CONTEXT('2D SPACE',''
  ) );
#1481 = ORIENTED_EDGE('',*,*,#1482,.T.);
#1482 = EDGE_CURVE('',#1457,#1483,#1485,.T.);
#1483 = VERTEX_POINT('',#1484);
#1484 = CARTESIAN_POINT('',(4.11,-7.25,-1.745173095384));
#1485 = SURFACE_CURVE('',#1486,(#1490,#1496),.PCURVE_S1.);
#1486 = LINE('',#1487,#1488);
#1487 = CARTESIAN_POINT('',(1.51,-7.25,-1.745173095384));
#1488 = VECTOR('',#1489,1.);
#1489 = DIRECTION('',(-1.,0.,0.));
#1490 = PCURVE('',#443,#1491);
#1491 = DEFINITIONAL_REPRESENTATION('',(#1492),#1495);
#1492 = B_SPLINE_CURVE_WITH_KNOTS('',1,(#1493,#1494),.UNSPECIFIED.,.F.,
  .F.,(2,2),(-3.8,-2.6),.PIECEWISE_BEZIER_KNOTS.);
#1493 = CARTESIAN_POINT('',(-1.745173095384,6.4));
#1494 = CARTESIAN_POINT('',(-1.745173095384,5.2));
#1495 = ( GEOMETRIC_REPRESENTATION_CONTEXT(2) 
PARAMETRIC_REPRESENTATION_CONTEXT() REPRESENTATION_CONTEXT('2D SPACE',''
  ) );
#1496 = PCURVE('',#1497,#1502);
#1497 = PLANE('',#1498);
#1498 = AXIS2_PLACEMENT_3D('',#1499,#1500,#1501);
#1499 = CARTESIAN_POINT('',(4.11,-7.175951466174,-1.657411870108));
#1500 = DIRECTION('',(0.,0.764291483508,-0.64487093921));
#1501 = DIRECTION('',(1.,0.,0.));
#1502 = DEFINITIONAL_REPRESENTATION('',(#1503),#1506);
#1503 = B_SPLINE_CURVE_WITH_KNOTS('',1,(#1504,#1505),.UNSPECIFIED.,.F.,
  .F.,(2,2),(-3.8,-2.6),.PIECEWISE_BEZIER_KNOTS.);
#1504 = CARTESIAN_POINT('',(1.2,0.114826904616));
#1505 = CARTESIAN_POINT('',(0.,0.114826904616));
#1506 = ( GEOMETRIC_REPRESENTATION_CONTEXT(2) 
PARAMETRIC_REPRESENTATION_CONTEXT() REPRESENTATION_CONTEXT('2D SPACE',''
  ) );
#1507 = ORIENTED_EDGE('',*,*,#1508,.T.);
#1508 = EDGE_CURVE('',#1483,#1509,#1511,.T.);
#1509 = VERTEX_POINT('',#1510);
#1510 = CARTESIAN_POINT('',(4.11,-7.25,-1.8));
#1511 = SURFACE_CURVE('',#1512,(#1516,#1522),.PCURVE_S1.);
#1512 = LINE('',#1513,#1514);
#1513 = CARTESIAN_POINT('',(4.11,-7.25,-0.828705935054));
#1514 = VECTOR('',#1515,1.);
#1515 = DIRECTION('',(0.,0.,-1.));
#1516 = PCURVE('',#443,#1517);
#1517 = DEFINITIONAL_REPRESENTATION('',(#1518),#1521);
#1518 = B_SPLINE_CURVE_WITH_KNOTS('',1,(#1519,#1520),.UNSPECIFIED.,.F.,
  .F.,(2,2),(0.91646716033,0.971294064946),.PIECEWISE_BEZIER_KNOTS.);
#1519 = CARTESIAN_POINT('',(-1.745173095384,5.2));
#1520 = CARTESIAN_POINT('',(-1.8,5.2));
#1521 = ( GEOMETRIC_REPRESENTATION_CONTEXT(2) 
PARAMETRIC_REPRESENTATION_CONTEXT() REPRESENTATION_CONTEXT('2D SPACE',''
  ) );
#1522 = PCURVE('',#1523,#1528);
#1523 = PLANE('',#1524);
#1524 = AXIS2_PLACEMENT_3D('',#1525,#1526,#1527);
#1525 = CARTESIAN_POINT('',(4.11,-7.175951466174,-1.657411870108));
#1526 = DIRECTION('',(1.,0.,0.));
#1527 = DIRECTION('',(0.,0.764291483508,-0.64487093921));
#1528 = DEFINITIONAL_REPRESENTATION('',(#1529),#1532);
#1529 = B_SPLINE_CURVE_WITH_KNOTS('',1,(#1530,#1531),.UNSPECIFIED.,.F.,
  .F.,(2,2),(0.91646716033,0.971294064946),.PIECEWISE_BEZIER_KNOTS.);
#1530 = CARTESIAN_POINT('',(0.,-0.114826904616));
#1531 = CARTESIAN_POINT('',(3.535627747382E-02,-0.156730640881));
#1532 = ( GEOMETRIC_REPRESENTATION_CONTEXT(2) 
PARAMETRIC_REPRESENTATION_CONTEXT() REPRESENTATION_CONTEXT('2D SPACE',''
  ) );
#1533 = ORIENTED_EDGE('',*,*,#1534,.F.);
#1534 = EDGE_CURVE('',#1535,#1509,#1537,.T.);
#1535 = VERTEX_POINT('',#1536);
#1536 = CARTESIAN_POINT('',(3.91,-7.25,-1.8));
#1537 = SURFACE_CURVE('',#1538,(#1542,#1549),.PCURVE_S1.);
#1538 = LINE('',#1539,#1540);
#1539 = CARTESIAN_POINT('',(3.91,-7.25,-1.8));
#1540 = VECTOR('',#1541,1.);
#1541 = DIRECTION('',(1.,0.,0.));
#1542 = PCURVE('',#443,#1543);
#1543 = DEFINITIONAL_REPRESENTATION('',(#1544),#1548);
#1544 = LINE('',#1545,#1546);
#1545 = CARTESIAN_POINT('',(-1.8,5.));
#1546 = VECTOR('',#1547,1.);
#1547 = DIRECTION('',(0.,1.));
#1548 = ( GEOMETRIC_REPRESENTATION_CONTEXT(2) 
PARAMETRIC_REPRESENTATION_CONTEXT() REPRESENTATION_CONTEXT('2D SPACE',''
  ) );
#1549 = PCURVE('',#1444,#1550);
#1550 = DEFINITIONAL_REPRESENTATION('',(#1551),#1555);
#1551 = LINE('',#1552,#1553);
#1552 = CARTESIAN_POINT('',(0.,0.));
#1553 = VECTOR('',#1554,1.);
#1554 = DIRECTION('',(1.,0.));
#1555 = ( GEOMETRIC_REPRESENTATION_CONTEXT(2) 
PARAMETRIC_REPRESENTATION_CONTEXT() REPRESENTATION_CONTEXT('2D SPACE',''
  ) );
#1556 = ORIENTED_EDGE('',*,*,#1557,.T.);
#1557 = EDGE_CURVE('',#1535,#621,#1558,.T.);
#1558 = SURFACE_CURVE('',#1559,(#1563,#1570),.PCURVE_S1.);
#1559 = LINE('',#1560,#1561);
#1560 = CARTESIAN_POINT('',(3.91,-7.25,-1.8));
#1561 = VECTOR('',#1562,1.);
#1562 = DIRECTION('',(0.,0.,1.));
#1563 = PCURVE('',#443,#1564);
#1564 = DEFINITIONAL_REPRESENTATION('',(#1565),#1569);
#1565 = LINE('',#1566,#1567);
#1566 = CARTESIAN_POINT('',(-1.8,5.));
#1567 = VECTOR('',#1568,1.);
#1568 = DIRECTION('',(1.,0.));
#1569 = ( GEOMETRIC_REPRESENTATION_CONTEXT(2) 
PARAMETRIC_REPRESENTATION_CONTEXT() REPRESENTATION_CONTEXT('2D SPACE',''
  ) );
#1570 = PCURVE('',#658,#1571);
#1571 = DEFINITIONAL_REPRESENTATION('',(#1572),#1576);
#1572 = LINE('',#1573,#1574);
#1573 = CARTESIAN_POINT('',(0.,0.));
#1574 = VECTOR('',#1575,1.);
#1575 = DIRECTION('',(1.,0.));
#1576 = ( GEOMETRIC_REPRESENTATION_CONTEXT(2) 
PARAMETRIC_REPRESENTATION_CONTEXT() REPRESENTATION_CONTEXT('2D SPACE',''
  ) );
#1577 = ORIENTED_EDGE('',*,*,#620,.T.);
#1578 = ORIENTED_EDGE('',*,*,#479,.T.);
#1579 = ADVANCED_FACE('',(#1580),#710,.T.);
#1580 = FACE_BOUND('',#1581,.T.);
#1581 = EDGE_LOOP('',(#1582,#1583,#1606,#1627));
#1582 = ORIENTED_EDGE('',*,*,#1405,.F.);
#1583 = ORIENTED_EDGE('',*,*,#1584,.T.);
#1584 = EDGE_CURVE('',#1406,#1585,#1587,.T.);
#1585 = VERTEX_POINT('',#1586);
#1586 = CARTESIAN_POINT('',(5.51,-6.95,-1.8));
#1587 = SURFACE_CURVE('',#1588,(#1592,#1599),.PCURVE_S1.);
#1588 = LINE('',#1589,#1590);
#1589 = CARTESIAN_POINT('',(5.51,-7.25,-1.8));
#1590 = VECTOR('',#1591,1.);
#1591 = DIRECTION('',(0.,1.,0.));
#1592 = PCURVE('',#710,#1593);
#1593 = DEFINITIONAL_REPRESENTATION('',(#1594),#1598);
#1594 = LINE('',#1595,#1596);
#1595 = CARTESIAN_POINT('',(0.,0.));
#1596 = VECTOR('',#1597,1.);
#1597 = DIRECTION('',(0.,-1.));
#1598 = ( GEOMETRIC_REPRESENTATION_CONTEXT(2) 
PARAMETRIC_REPRESENTATION_CONTEXT() REPRESENTATION_CONTEXT('2D SPACE',''
  ) );
#1599 = PCURVE('',#1444,#1600);
#1600 = DEFINITIONAL_REPRESENTATION('',(#1601),#1605);
#1601 = LINE('',#1602,#1603);
#1602 = CARTESIAN_POINT('',(1.6,0.));
#1603 = VECTOR('',#1604,1.);
#1604 = DIRECTION('',(0.,1.));
#1605 = ( GEOMETRIC_REPRESENTATION_CONTEXT(2) 
PARAMETRIC_REPRESENTATION_CONTEXT() REPRESENTATION_CONTEXT('2D SPACE',''
  ) );
#1606 = ORIENTED_EDGE('',*,*,#1607,.T.);
#1607 = EDGE_CURVE('',#1585,#670,#1608,.T.);
#1608 = SURFACE_CURVE('',#1609,(#1613,#1620),.PCURVE_S1.);
#1609 = LINE('',#1610,#1611);
#1610 = CARTESIAN_POINT('',(5.51,-6.95,-1.8));
#1611 = VECTOR('',#1612,1.);
#1612 = DIRECTION('',(0.,0.,1.));
#1613 = PCURVE('',#710,#1614);
#1614 = DEFINITIONAL_REPRESENTATION('',(#1615),#1619);
#1615 = LINE('',#1616,#1617);
#1616 = CARTESIAN_POINT('',(0.,-0.3));
#1617 = VECTOR('',#1618,1.);
#1618 = DIRECTION('',(1.,0.));
#1619 = ( GEOMETRIC_REPRESENTATION_CONTEXT(2) 
PARAMETRIC_REPRESENTATION_CONTEXT() REPRESENTATION_CONTEXT('2D SPACE',''
  ) );
#1620 = PCURVE('',#684,#1621);
#1621 = DEFINITIONAL_REPRESENTATION('',(#1622),#1626);
#1622 = LINE('',#1623,#1624);
#1623 = CARTESIAN_POINT('',(0.,1.6));
#1624 = VECTOR('',#1625,1.);
#1625 = DIRECTION('',(1.,0.));
#1626 = ( GEOMETRIC_REPRESENTATION_CONTEXT(2) 
PARAMETRIC_REPRESENTATION_CONTEXT() REPRESENTATION_CONTEXT('2D SPACE',''
  ) );
#1627 = ORIENTED_EDGE('',*,*,#695,.F.);
#1628 = ADVANCED_FACE('',(#1629),#684,.T.);
#1629 = FACE_BOUND('',#1630,.T.);
#1630 = EDGE_LOOP('',(#1631,#1632,#1655,#1676));
#1631 = ORIENTED_EDGE('',*,*,#1607,.F.);
#1632 = ORIENTED_EDGE('',*,*,#1633,.F.);
#1633 = EDGE_CURVE('',#1634,#1585,#1636,.T.);
#1634 = VERTEX_POINT('',#1635);
#1635 = CARTESIAN_POINT('',(3.91,-6.95,-1.8));
#1636 = SURFACE_CURVE('',#1637,(#1641,#1648),.PCURVE_S1.);
#1637 = LINE('',#1638,#1639);
#1638 = CARTESIAN_POINT('',(3.91,-6.95,-1.8));
#1639 = VECTOR('',#1640,1.);
#1640 = DIRECTION('',(1.,0.,0.));
#1641 = PCURVE('',#684,#1642);
#1642 = DEFINITIONAL_REPRESENTATION('',(#1643),#1647);
#1643 = LINE('',#1644,#1645);
#1644 = CARTESIAN_POINT('',(0.,0.));
#1645 = VECTOR('',#1646,1.);
#1646 = DIRECTION('',(0.,1.));
#1647 = ( GEOMETRIC_REPRESENTATION_CONTEXT(2) 
PARAMETRIC_REPRESENTATION_CONTEXT() REPRESENTATION_CONTEXT('2D SPACE',''
  ) );
#1648 = PCURVE('',#1444,#1649);
#1649 = DEFINITIONAL_REPRESENTATION('',(#1650),#1654);
#1650 = LINE('',#1651,#1652);
#1651 = CARTESIAN_POINT('',(0.,0.3));
#1652 = VECTOR('',#1653,1.);
#1653 = DIRECTION('',(1.,0.));
#1654 = ( GEOMETRIC_REPRESENTATION_CONTEXT(2) 
PARAMETRIC_REPRESENTATION_CONTEXT() REPRESENTATION_CONTEXT('2D SPACE',''
  ) );
#1655 = ORIENTED_EDGE('',*,*,#1656,.T.);
#1656 = EDGE_CURVE('',#1634,#644,#1657,.T.);
#1657 = SURFACE_CURVE('',#1658,(#1662,#1669),.PCURVE_S1.);
#1658 = LINE('',#1659,#1660);
#1659 = CARTESIAN_POINT('',(3.91,-6.95,-1.8));
#1660 = VECTOR('',#1661,1.);
#1661 = DIRECTION('',(0.,0.,1.));
#1662 = PCURVE('',#684,#1663);
#1663 = DEFINITIONAL_REPRESENTATION('',(#1664),#1668);
#1664 = LINE('',#1665,#1666);
#1665 = CARTESIAN_POINT('',(0.,0.));
#1666 = VECTOR('',#1667,1.);
#1667 = DIRECTION('',(1.,0.));
#1668 = ( GEOMETRIC_REPRESENTATION_CONTEXT(2) 
PARAMETRIC_REPRESENTATION_CONTEXT() REPRESENTATION_CONTEXT('2D SPACE',''
  ) );
#1669 = PCURVE('',#658,#1670);
#1670 = DEFINITIONAL_REPRESENTATION('',(#1671),#1675);
#1671 = LINE('',#1672,#1673);
#1672 = CARTESIAN_POINT('',(0.,-0.3));
#1673 = VECTOR('',#1674,1.);
#1674 = DIRECTION('',(1.,0.));
#1675 = ( GEOMETRIC_REPRESENTATION_CONTEXT(2) 
PARAMETRIC_REPRESENTATION_CONTEXT() REPRESENTATION_CONTEXT('2D SPACE',''
  ) );
#1676 = ORIENTED_EDGE('',*,*,#669,.F.);
#1677 = ADVANCED_FACE('',(#1678),#658,.F.);
#1678 = FACE_BOUND('',#1679,.F.);
#1679 = EDGE_LOOP('',(#1680,#1681,#1702,#1703));
#1680 = ORIENTED_EDGE('',*,*,#1557,.F.);
#1681 = ORIENTED_EDGE('',*,*,#1682,.T.);
#1682 = EDGE_CURVE('',#1535,#1634,#1683,.T.);
#1683 = SURFACE_CURVE('',#1684,(#1688,#1695),.PCURVE_S1.);
#1684 = LINE('',#1685,#1686);
#1685 = CARTESIAN_POINT('',(3.91,-7.25,-1.8));
#1686 = VECTOR('',#1687,1.);
#1687 = DIRECTION('',(0.,1.,0.));
#1688 = PCURVE('',#658,#1689);
#1689 = DEFINITIONAL_REPRESENTATION('',(#1690),#1694);
#1690 = LINE('',#1691,#1692);
#1691 = CARTESIAN_POINT('',(0.,0.));
#1692 = VECTOR('',#1693,1.);
#1693 = DIRECTION('',(0.,-1.));
#1694 = ( GEOMETRIC_REPRESENTATION_CONTEXT(2) 
PARAMETRIC_REPRESENTATION_CONTEXT() REPRESENTATION_CONTEXT('2D SPACE',''
  ) );
#1695 = PCURVE('',#1444,#1696);
#1696 = DEFINITIONAL_REPRESENTATION('',(#1697),#1701);
#1697 = LINE('',#1698,#1699);
#1698 = CARTESIAN_POINT('',(0.,0.));
#1699 = VECTOR('',#1700,1.);
#1700 = DIRECTION('',(0.,1.));
#1701 = ( GEOMETRIC_REPRESENTATION_CONTEXT(2) 
PARAMETRIC_REPRESENTATION_CONTEXT() REPRESENTATION_CONTEXT('2D SPACE',''
  ) );
#1702 = ORIENTED_EDGE('',*,*,#1656,.T.);
#1703 = ORIENTED_EDGE('',*,*,#643,.F.);
#1704 = ADVANCED_FACE('',(#1705),#588,.F.);
#1705 = FACE_BOUND('',#1706,.F.);
#1706 = EDGE_LOOP('',(#1707,#1708,#1709,#1710));
#1707 = ORIENTED_EDGE('',*,*,#1251,.F.);
#1708 = ORIENTED_EDGE('',*,*,#909,.F.);
#1709 = ORIENTED_EDGE('',*,*,#859,.T.);
#1710 = ORIENTED_EDGE('',*,*,#573,.F.);
#1711 = ADVANCED_FACE('',(#1712),#762,.T.);
#1712 = FACE_BOUND('',#1713,.T.);
#1713 = EDGE_LOOP('',(#1714,#1737,#1738,#1761,#1782,#1783));
#1714 = ORIENTED_EDGE('',*,*,#1715,.F.);
#1715 = EDGE_CURVE('',#745,#1716,#1718,.T.);
#1716 = VERTEX_POINT('',#1717);
#1717 = CARTESIAN_POINT('',(3.2,-6.95,0.3));
#1718 = SURFACE_CURVE('',#1719,(#1723,#1730),.PCURVE_S1.);
#1719 = LINE('',#1720,#1721);
#1720 = CARTESIAN_POINT('',(3.2,-6.95,-0.1));
#1721 = VECTOR('',#1722,1.);
#1722 = DIRECTION('',(0.,0.,1.));
#1723 = PCURVE('',#762,#1724);
#1724 = DEFINITIONAL_REPRESENTATION('',(#1725),#1729);
#1725 = LINE('',#1726,#1727);
#1726 = CARTESIAN_POINT('',(-0.4,5.29));
#1727 = VECTOR('',#1728,1.);
#1728 = DIRECTION('',(1.,0.));
#1729 = ( GEOMETRIC_REPRESENTATION_CONTEXT(2) 
PARAMETRIC_REPRESENTATION_CONTEXT() REPRESENTATION_CONTEXT('2D SPACE',''
  ) );
#1730 = PCURVE('',#844,#1731);
#1731 = DEFINITIONAL_REPRESENTATION('',(#1732),#1736);
#1732 = LINE('',#1733,#1734);
#1733 = CARTESIAN_POINT('',(0.,0.));
#1734 = VECTOR('',#1735,1.);
#1735 = DIRECTION('',(1.,0.));
#1736 = ( GEOMETRIC_REPRESENTATION_CONTEXT(2) 
PARAMETRIC_REPRESENTATION_CONTEXT() REPRESENTATION_CONTEXT('2D SPACE',''
  ) );
#1737 = ORIENTED_EDGE('',*,*,#744,.T.);
#1738 = ORIENTED_EDGE('',*,*,#1739,.F.);
#1739 = EDGE_CURVE('',#1740,#747,#1742,.T.);
#1740 = VERTEX_POINT('',#1741);
#1741 = CARTESIAN_POINT('',(-1.09,-6.95,10.4));
#1742 = SURFACE_CURVE('',#1743,(#1747,#1754),.PCURVE_S1.);
#1743 = LINE('',#1744,#1745);
#1744 = CARTESIAN_POINT('',(-1.09,-6.95,10.4));
#1745 = VECTOR('',#1746,1.);
#1746 = DIRECTION('',(0.,0.,-1.));
#1747 = PCURVE('',#762,#1748);
#1748 = DEFINITIONAL_REPRESENTATION('',(#1749),#1753);
#1749 = LINE('',#1750,#1751);
#1750 = CARTESIAN_POINT('',(10.1,1.));
#1751 = VECTOR('',#1752,1.);
#1752 = DIRECTION('',(-1.,0.));
#1753 = ( GEOMETRIC_REPRESENTATION_CONTEXT(2) 
PARAMETRIC_REPRESENTATION_CONTEXT() REPRESENTATION_CONTEXT('2D SPACE',''
  ) );
#1754 = PCURVE('',#790,#1755);
#1755 = DEFINITIONAL_REPRESENTATION('',(#1756),#1760);
#1756 = LINE('',#1757,#1758);
#1757 = CARTESIAN_POINT('',(10.4,-0.3));
#1758 = VECTOR('',#1759,1.);
#1759 = DIRECTION('',(-1.,0.));
#1760 = ( GEOMETRIC_REPRESENTATION_CONTEXT(2) 
PARAMETRIC_REPRESENTATION_CONTEXT() REPRESENTATION_CONTEXT('2D SPACE',''
  ) );
#1761 = ORIENTED_EDGE('',*,*,#1762,.T.);
#1762 = EDGE_CURVE('',#1740,#1332,#1763,.T.);
#1763 = SURFACE_CURVE('',#1764,(#1768,#1775),.PCURVE_S1.);
#1764 = LINE('',#1765,#1766);
#1765 = CARTESIAN_POINT('',(-2.09,-6.95,10.4));
#1766 = VECTOR('',#1767,1.);
#1767 = DIRECTION('',(1.,0.,0.));
#1768 = PCURVE('',#762,#1769);
#1769 = DEFINITIONAL_REPRESENTATION('',(#1770),#1774);
#1770 = LINE('',#1771,#1772);
#1771 = CARTESIAN_POINT('',(10.1,0.));
#1772 = VECTOR('',#1773,1.);
#1773 = DIRECTION('',(0.,1.));
#1774 = ( GEOMETRIC_REPRESENTATION_CONTEXT(2) 
PARAMETRIC_REPRESENTATION_CONTEXT() REPRESENTATION_CONTEXT('2D SPACE',''
  ) );
#1775 = PCURVE('',#1368,#1776);
#1776 = DEFINITIONAL_REPRESENTATION('',(#1777),#1781);
#1777 = LINE('',#1778,#1779);
#1778 = CARTESIAN_POINT('',(0.,0.));
#1779 = VECTOR('',#1780,1.);
#1780 = DIRECTION('',(1.,0.));
#1781 = ( GEOMETRIC_REPRESENTATION_CONTEXT(2) 
PARAMETRIC_REPRESENTATION_CONTEXT() REPRESENTATION_CONTEXT('2D SPACE',''
  ) );
#1782 = ORIENTED_EDGE('',*,*,#1331,.F.);
#1783 = ORIENTED_EDGE('',*,*,#1784,.T.);
#1784 = EDGE_CURVE('',#1306,#1716,#1785,.T.);
#1785 = SURFACE_CURVE('',#1786,(#1790,#1797),.PCURVE_S1.);
#1786 = LINE('',#1787,#1788);
#1787 = CARTESIAN_POINT('',(15.11,-6.95,0.3));
#1788 = VECTOR('',#1789,1.);
#1789 = DIRECTION('',(-1.,0.,0.));
#1790 = PCURVE('',#762,#1791);
#1791 = DEFINITIONAL_REPRESENTATION('',(#1792),#1796);
#1792 = LINE('',#1793,#1794);
#1793 = CARTESIAN_POINT('',(0.,17.2));
#1794 = VECTOR('',#1795,1.);
#1795 = DIRECTION('',(0.,-1.));
#1796 = ( GEOMETRIC_REPRESENTATION_CONTEXT(2) 
PARAMETRIC_REPRESENTATION_CONTEXT() REPRESENTATION_CONTEXT('2D SPACE',''
  ) );
#1797 = PCURVE('',#1320,#1798);
#1798 = DEFINITIONAL_REPRESENTATION('',(#1799),#1803);
#1799 = LINE('',#1800,#1801);
#1800 = CARTESIAN_POINT('',(17.2,0.));
#1801 = VECTOR('',#1802,1.);
#1802 = DIRECTION('',(-1.,0.));
#1803 = ( GEOMETRIC_REPRESENTATION_CONTEXT(2) 
PARAMETRIC_REPRESENTATION_CONTEXT() REPRESENTATION_CONTEXT('2D SPACE',''
  ) );
#1804 = ADVANCED_FACE('',(#1805),#844,.F.);
#1805 = FACE_BOUND('',#1806,.F.);
#1806 = EDGE_LOOP('',(#1807,#1828,#1829,#1830));
#1807 = ORIENTED_EDGE('',*,*,#1808,.F.);
#1808 = EDGE_CURVE('',#1716,#1809,#1811,.T.);
#1809 = VERTEX_POINT('',#1810);
#1810 = CARTESIAN_POINT('',(3.2,4.45,0.3));
#1811 = SURFACE_CURVE('',#1812,(#1816,#1822),.PCURVE_S1.);
#1812 = LINE('',#1813,#1814);
#1813 = CARTESIAN_POINT('',(3.2,-6.95,0.3));
#1814 = VECTOR('',#1815,1.);
#1815 = DIRECTION('',(0.,1.,0.));
#1816 = PCURVE('',#844,#1817);
#1817 = DEFINITIONAL_REPRESENTATION('',(#1818),#1821);
#1818 = B_SPLINE_CURVE_WITH_KNOTS('',1,(#1819,#1820),.UNSPECIFIED.,.F.,
  .F.,(2,2),(0.,11.4),.PIECEWISE_BEZIER_KNOTS.);
#1819 = CARTESIAN_POINT('',(0.4,0.));
#1820 = CARTESIAN_POINT('',(0.4,-11.4));
#1821 = ( GEOMETRIC_REPRESENTATION_CONTEXT(2) 
PARAMETRIC_REPRESENTATION_CONTEXT() REPRESENTATION_CONTEXT('2D SPACE',''
  ) );
#1822 = PCURVE('',#1320,#1823);
#1823 = DEFINITIONAL_REPRESENTATION('',(#1824),#1827);
#1824 = B_SPLINE_CURVE_WITH_KNOTS('',1,(#1825,#1826),.UNSPECIFIED.,.F.,
  .F.,(2,2),(0.,11.4),.PIECEWISE_BEZIER_KNOTS.);
#1825 = CARTESIAN_POINT('',(5.29,0.));
#1826 = CARTESIAN_POINT('',(5.29,11.4));
#1827 = ( GEOMETRIC_REPRESENTATION_CONTEXT(2) 
PARAMETRIC_REPRESENTATION_CONTEXT() REPRESENTATION_CONTEXT('2D SPACE',''
  ) );
#1828 = ORIENTED_EDGE('',*,*,#1715,.F.);
#1829 = ORIENTED_EDGE('',*,*,#830,.T.);
#1830 = ORIENTED_EDGE('',*,*,#1831,.T.);
#1831 = EDGE_CURVE('',#803,#1809,#1832,.T.);
#1832 = SURFACE_CURVE('',#1833,(#1837,#1844),.PCURVE_S1.);
#1833 = LINE('',#1834,#1835);
#1834 = CARTESIAN_POINT('',(3.2,4.45,-0.1));
#1835 = VECTOR('',#1836,1.);
#1836 = DIRECTION('',(0.,0.,1.));
#1837 = PCURVE('',#844,#1838);
#1838 = DEFINITIONAL_REPRESENTATION('',(#1839),#1843);
#1839 = LINE('',#1840,#1841);
#1840 = CARTESIAN_POINT('',(0.,-11.4));
#1841 = VECTOR('',#1842,1.);
#1842 = DIRECTION('',(1.,0.));
#1843 = ( GEOMETRIC_REPRESENTATION_CONTEXT(2) 
PARAMETRIC_REPRESENTATION_CONTEXT() REPRESENTATION_CONTEXT('2D SPACE',''
  ) );
#1844 = PCURVE('',#818,#1845);
#1845 = DEFINITIONAL_REPRESENTATION('',(#1846),#1850);
#1846 = LINE('',#1847,#1848);
#1847 = CARTESIAN_POINT('',(0.,5.29));
#1848 = VECTOR('',#1849,1.);
#1849 = DIRECTION('',(1.,0.));
#1850 = ( GEOMETRIC_REPRESENTATION_CONTEXT(2) 
PARAMETRIC_REPRESENTATION_CONTEXT() REPRESENTATION_CONTEXT('2D SPACE',''
  ) );
#1851 = ADVANCED_FACE('',(#1852),#790,.T.);
#1852 = FACE_BOUND('',#1853,.T.);
#1853 = EDGE_LOOP('',(#1854,#1855,#1856,#1879));
#1854 = ORIENTED_EDGE('',*,*,#1739,.T.);
#1855 = ORIENTED_EDGE('',*,*,#774,.T.);
#1856 = ORIENTED_EDGE('',*,*,#1857,.T.);
#1857 = EDGE_CURVE('',#775,#1858,#1860,.T.);
#1858 = VERTEX_POINT('',#1859);
#1859 = CARTESIAN_POINT('',(-1.09,4.45,10.4));
#1860 = SURFACE_CURVE('',#1861,(#1865,#1872),.PCURVE_S1.);
#1861 = LINE('',#1862,#1863);
#1862 = CARTESIAN_POINT('',(-1.09,4.45,0.));
#1863 = VECTOR('',#1864,1.);
#1864 = DIRECTION('',(0.,8.540177112501E-17,1.));
#1865 = PCURVE('',#790,#1866);
#1866 = DEFINITIONAL_REPRESENTATION('',(#1867),#1871);
#1867 = LINE('',#1868,#1869);
#1868 = CARTESIAN_POINT('',(0.,-11.7));
#1869 = VECTOR('',#1870,1.);
#1870 = DIRECTION('',(1.,-8.540177112501E-17));
#1871 = ( GEOMETRIC_REPRESENTATION_CONTEXT(2) 
PARAMETRIC_REPRESENTATION_CONTEXT() REPRESENTATION_CONTEXT('2D SPACE',''
  ) );
#1872 = PCURVE('',#818,#1873);
#1873 = DEFINITIONAL_REPRESENTATION('',(#1874),#1878);
#1874 = LINE('',#1875,#1876);
#1875 = CARTESIAN_POINT('',(0.1,1.));
#1876 = VECTOR('',#1877,1.);
#1877 = DIRECTION('',(1.,0.));
#1878 = ( GEOMETRIC_REPRESENTATION_CONTEXT(2) 
PARAMETRIC_REPRESENTATION_CONTEXT() REPRESENTATION_CONTEXT('2D SPACE',''
  ) );
#1879 = ORIENTED_EDGE('',*,*,#1880,.T.);
#1880 = EDGE_CURVE('',#1858,#1740,#1881,.T.);
#1881 = SURFACE_CURVE('',#1882,(#1886,#1893),.PCURVE_S1.);
#1882 = LINE('',#1883,#1884);
#1883 = CARTESIAN_POINT('',(-1.09,-7.1,10.4));
#1884 = VECTOR('',#1885,1.);
#1885 = DIRECTION('',(0.,-1.,0.));
#1886 = PCURVE('',#790,#1887);
#1887 = DEFINITIONAL_REPRESENTATION('',(#1888),#1892);
#1888 = LINE('',#1889,#1890);
#1889 = CARTESIAN_POINT('',(10.4,-0.15));
#1890 = VECTOR('',#1891,1.);
#1891 = DIRECTION('',(0.,1.));
#1892 = ( GEOMETRIC_REPRESENTATION_CONTEXT(2) 
PARAMETRIC_REPRESENTATION_CONTEXT() REPRESENTATION_CONTEXT('2D SPACE',''
  ) );
#1893 = PCURVE('',#1368,#1894);
#1894 = DEFINITIONAL_REPRESENTATION('',(#1895),#1898);
#1895 = B_SPLINE_CURVE_WITH_KNOTS('',1,(#1896,#1897),.UNSPECIFIED.,.F.,
  .F.,(2,2),(-11.55,-0.15),.PIECEWISE_BEZIER_KNOTS.);
#1896 = CARTESIAN_POINT('',(1.,11.4));
#1897 = CARTESIAN_POINT('',(1.,0.));
#1898 = ( GEOMETRIC_REPRESENTATION_CONTEXT(2) 
PARAMETRIC_REPRESENTATION_CONTEXT() REPRESENTATION_CONTEXT('2D SPACE',''
  ) );
#1899 = ADVANCED_FACE('',(#1900),#818,.F.);
#1900 = FACE_BOUND('',#1901,.F.);
#1901 = EDGE_LOOP('',(#1902,#1903,#1904,#1905,#1926,#1927));
#1902 = ORIENTED_EDGE('',*,*,#1831,.F.);
#1903 = ORIENTED_EDGE('',*,*,#802,.T.);
#1904 = ORIENTED_EDGE('',*,*,#1857,.T.);
#1905 = ORIENTED_EDGE('',*,*,#1906,.T.);
#1906 = EDGE_CURVE('',#1858,#1354,#1907,.T.);
#1907 = SURFACE_CURVE('',#1908,(#1912,#1919),.PCURVE_S1.);
#1908 = LINE('',#1909,#1910);
#1909 = CARTESIAN_POINT('',(-2.09,4.45,10.4));
#1910 = VECTOR('',#1911,1.);
#1911 = DIRECTION('',(1.,0.,0.));
#1912 = PCURVE('',#818,#1913);
#1913 = DEFINITIONAL_REPRESENTATION('',(#1914),#1918);
#1914 = LINE('',#1915,#1916);
#1915 = CARTESIAN_POINT('',(10.5,0.));
#1916 = VECTOR('',#1917,1.);
#1917 = DIRECTION('',(0.,1.));
#1918 = ( GEOMETRIC_REPRESENTATION_CONTEXT(2) 
PARAMETRIC_REPRESENTATION_CONTEXT() REPRESENTATION_CONTEXT('2D SPACE',''
  ) );
#1919 = PCURVE('',#1368,#1920);
#1920 = DEFINITIONAL_REPRESENTATION('',(#1921),#1925);
#1921 = LINE('',#1922,#1923);
#1922 = CARTESIAN_POINT('',(0.,11.4));
#1923 = VECTOR('',#1924,1.);
#1924 = DIRECTION('',(1.,0.));
#1925 = ( GEOMETRIC_REPRESENTATION_CONTEXT(2) 
PARAMETRIC_REPRESENTATION_CONTEXT() REPRESENTATION_CONTEXT('2D SPACE',''
  ) );
#1926 = ORIENTED_EDGE('',*,*,#1379,.F.);
#1927 = ORIENTED_EDGE('',*,*,#1928,.T.);
#1928 = EDGE_CURVE('',#1304,#1809,#1929,.T.);
#1929 = SURFACE_CURVE('',#1930,(#1934,#1941),.PCURVE_S1.);
#1930 = LINE('',#1931,#1932);
#1931 = CARTESIAN_POINT('',(15.11,4.45,0.3));
#1932 = VECTOR('',#1933,1.);
#1933 = DIRECTION('',(-1.,0.,0.));
#1934 = PCURVE('',#818,#1935);
#1935 = DEFINITIONAL_REPRESENTATION('',(#1936),#1940);
#1936 = LINE('',#1937,#1938);
#1937 = CARTESIAN_POINT('',(0.4,17.2));
#1938 = VECTOR('',#1939,1.);
#1939 = DIRECTION('',(0.,-1.));
#1940 = ( GEOMETRIC_REPRESENTATION_CONTEXT(2) 
PARAMETRIC_REPRESENTATION_CONTEXT() REPRESENTATION_CONTEXT('2D SPACE',''
  ) );
#1941 = PCURVE('',#1320,#1942);
#1942 = DEFINITIONAL_REPRESENTATION('',(#1943),#1947);
#1943 = LINE('',#1944,#1945);
#1944 = CARTESIAN_POINT('',(17.2,11.4));
#1945 = VECTOR('',#1946,1.);
#1946 = DIRECTION('',(-1.,0.));
#1947 = ( GEOMETRIC_REPRESENTATION_CONTEXT(2) 
PARAMETRIC_REPRESENTATION_CONTEXT() REPRESENTATION_CONTEXT('2D SPACE',''
  ) );
#1948 = ADVANCED_FACE('',(#1949),#990,.F.);
#1949 = FACE_BOUND('',#1950,.F.);
#1950 = EDGE_LOOP('',(#1951,#1952,#1973,#1974));
#1951 = ORIENTED_EDGE('',*,*,#1177,.F.);
#1952 = ORIENTED_EDGE('',*,*,#1953,.F.);
#1953 = EDGE_CURVE('',#1024,#1178,#1954,.T.);
#1954 = SURFACE_CURVE('',#1955,(#1959,#1966),.PCURVE_S1.);
#1955 = LINE('',#1956,#1957);
#1956 = CARTESIAN_POINT('',(4.11,4.446664021121,-1.850873151871));
#1957 = VECTOR('',#1958,1.);
#1958 = DIRECTION('',(1.,0.,0.));
#1959 = PCURVE('',#990,#1960);
#1960 = DEFINITIONAL_REPRESENTATION('',(#1961),#1965);
#1961 = LINE('',#1962,#1963);
#1962 = CARTESIAN_POINT('',(0.,0.));
#1963 = VECTOR('',#1964,1.);
#1964 = DIRECTION('',(0.,1.));
#1965 = ( GEOMETRIC_REPRESENTATION_CONTEXT(2) 
PARAMETRIC_REPRESENTATION_CONTEXT() REPRESENTATION_CONTEXT('2D SPACE',''
  ) );
#1966 = PCURVE('',#1062,#1967);
#1967 = DEFINITIONAL_REPRESENTATION('',(#1968),#1972);
#1968 = LINE('',#1969,#1970);
#1969 = CARTESIAN_POINT('',(0.,0.));
#1970 = VECTOR('',#1971,1.);
#1971 = DIRECTION('',(1.,0.));
#1972 = ( GEOMETRIC_REPRESENTATION_CONTEXT(2) 
PARAMETRIC_REPRESENTATION_CONTEXT() REPRESENTATION_CONTEXT('2D SPACE',''
  ) );
#1973 = ORIENTED_EDGE('',*,*,#1023,.T.);
#1974 = ORIENTED_EDGE('',*,*,#975,.F.);
#1975 = ADVANCED_FACE('',(#1976),#1090,.T.);
#1976 = FACE_BOUND('',#1977,.T.);
#1977 = EDGE_LOOP('',(#1978,#1999,#2000,#2001));
#1978 = ORIENTED_EDGE('',*,*,#1979,.F.);
#1979 = EDGE_CURVE('',#1047,#1201,#1980,.T.);
#1980 = SURFACE_CURVE('',#1981,(#1985,#1992),.PCURVE_S1.);
#1981 = LINE('',#1982,#1983);
#1982 = CARTESIAN_POINT('',(4.11,5.874048533826,-3.542588129892));
#1983 = VECTOR('',#1984,1.);
#1984 = DIRECTION('',(1.,0.,0.));
#1985 = PCURVE('',#1090,#1986);
#1986 = DEFINITIONAL_REPRESENTATION('',(#1987),#1991);
#1987 = LINE('',#1988,#1989);
#1988 = CARTESIAN_POINT('',(0.,0.));
#1989 = VECTOR('',#1990,1.);
#1990 = DIRECTION('',(0.,1.));
#1991 = ( GEOMETRIC_REPRESENTATION_CONTEXT(2) 
PARAMETRIC_REPRESENTATION_CONTEXT() REPRESENTATION_CONTEXT('2D SPACE',''
  ) );
#1992 = PCURVE('',#1062,#1993);
#1993 = DEFINITIONAL_REPRESENTATION('',(#1994),#1998);
#1994 = LINE('',#1995,#1996);
#1995 = CARTESIAN_POINT('',(0.,2.213442141546));
#1996 = VECTOR('',#1997,1.);
#1997 = DIRECTION('',(1.,0.));
#1998 = ( GEOMETRIC_REPRESENTATION_CONTEXT(2) 
PARAMETRIC_REPRESENTATION_CONTEXT() REPRESENTATION_CONTEXT('2D SPACE',''
  ) );
#1999 = ORIENTED_EDGE('',*,*,#1074,.T.);
#2000 = ORIENTED_EDGE('',*,*,#1153,.T.);
#2001 = ORIENTED_EDGE('',*,*,#1223,.F.);
#2002 = ADVANCED_FACE('',(#2003),#1062,.F.);
#2003 = FACE_BOUND('',#2004,.F.);
#2004 = EDGE_LOOP('',(#2005,#2006,#2007,#2008));
#2005 = ORIENTED_EDGE('',*,*,#1046,.F.);
#2006 = ORIENTED_EDGE('',*,*,#1953,.T.);
#2007 = ORIENTED_EDGE('',*,*,#1200,.T.);
#2008 = ORIENTED_EDGE('',*,*,#1979,.F.);
#2009 = ADVANCED_FACE('',(#2010),#1320,.T.);
#2010 = FACE_BOUND('',#2011,.T.);
#2011 = EDGE_LOOP('',(#2012,#2013,#2014,#2015));
#2012 = ORIENTED_EDGE('',*,*,#1928,.T.);
#2013 = ORIENTED_EDGE('',*,*,#1808,.F.);
#2014 = ORIENTED_EDGE('',*,*,#1784,.F.);
#2015 = ORIENTED_EDGE('',*,*,#1303,.F.);
#2016 = ADVANCED_FACE('',(#2017),#1368,.F.);
#2017 = FACE_BOUND('',#2018,.F.);
#2018 = EDGE_LOOP('',(#2019,#2020,#2021,#2022));
#2019 = ORIENTED_EDGE('',*,*,#1906,.F.);
#2020 = ORIENTED_EDGE('',*,*,#1880,.T.);
#2021 = ORIENTED_EDGE('',*,*,#1762,.T.);
#2022 = ORIENTED_EDGE('',*,*,#1353,.F.);
#2023 = ADVANCED_FACE('',(#2024),#1444,.F.);
#2024 = FACE_BOUND('',#2025,.F.);
#2025 = EDGE_LOOP('',(#2026,#2027,#2028,#2029,#2050,#2076,#2095,#2096));
#2026 = ORIENTED_EDGE('',*,*,#1633,.F.);
#2027 = ORIENTED_EDGE('',*,*,#1682,.F.);
#2028 = ORIENTED_EDGE('',*,*,#1534,.T.);
#2029 = ORIENTED_EDGE('',*,*,#2030,.T.);
#2030 = EDGE_CURVE('',#1509,#2031,#2033,.T.);
#2031 = VERTEX_POINT('',#2032);
#2032 = CARTESIAN_POINT('',(4.11,-7.006958127042,-1.8));
#2033 = SURFACE_CURVE('',#2034,(#2038,#2044),.PCURVE_S1.);
#2034 = LINE('',#2035,#2036);
#2035 = CARTESIAN_POINT('',(4.11,-7.212975733087,-1.8));
#2036 = VECTOR('',#2037,1.);
#2037 = DIRECTION('',(0.,1.,0.));
#2038 = PCURVE('',#1444,#2039);
#2039 = DEFINITIONAL_REPRESENTATION('',(#2040),#2043);
#2040 = B_SPLINE_CURVE_WITH_KNOTS('',1,(#2041,#2042),.UNSPECIFIED.,.F.,
  .F.,(2,2),(-3.70242669132E-02,0.206017606044),
  .PIECEWISE_BEZIER_KNOTS.);
#2041 = CARTESIAN_POINT('',(0.2,0.));
#2042 = CARTESIAN_POINT('',(0.2,0.243041872958));
#2043 = ( GEOMETRIC_REPRESENTATION_CONTEXT(2) 
PARAMETRIC_REPRESENTATION_CONTEXT() REPRESENTATION_CONTEXT('2D SPACE',''
  ) );
#2044 = PCURVE('',#1523,#2045);
#2045 = DEFINITIONAL_REPRESENTATION('',(#2046),#2049);
#2046 = B_SPLINE_CURVE_WITH_KNOTS('',1,(#2047,#2048),.UNSPECIFIED.,.F.,
  .F.,(2,2),(-3.70242669132E-02,0.206017606044),
  .PIECEWISE_BEZIER_KNOTS.);
#2047 = CARTESIAN_POINT('',(3.535627747382E-02,-0.156730640881));
#2048 = CARTESIAN_POINT('',(0.221111111111,0.));
#2049 = ( GEOMETRIC_REPRESENTATION_CONTEXT(2) 
PARAMETRIC_REPRESENTATION_CONTEXT() REPRESENTATION_CONTEXT('2D SPACE',''
  ) );
#2050 = ORIENTED_EDGE('',*,*,#2051,.T.);
#2051 = EDGE_CURVE('',#2031,#2052,#2054,.T.);
#2052 = VERTEX_POINT('',#2053);
#2053 = CARTESIAN_POINT('',(5.31,-7.006958127042,-1.8));
#2054 = SURFACE_CURVE('',#2055,(#2059,#2065),.PCURVE_S1.);
#2055 = LINE('',#2056,#2057);
#2056 = CARTESIAN_POINT('',(4.01,-7.006958127042,-1.8));
#2057 = VECTOR('',#2058,1.);
#2058 = DIRECTION('',(1.,0.,-0.));
#2059 = PCURVE('',#1444,#2060);
#2060 = DEFINITIONAL_REPRESENTATION('',(#2061),#2064);
#2061 = B_SPLINE_CURVE_WITH_KNOTS('',1,(#2062,#2063),.UNSPECIFIED.,.F.,
  .F.,(2,2),(1.E-01,1.3),.PIECEWISE_BEZIER_KNOTS.);
#2062 = CARTESIAN_POINT('',(0.2,0.243041872958));
#2063 = CARTESIAN_POINT('',(1.4,0.243041872958));
#2064 = ( GEOMETRIC_REPRESENTATION_CONTEXT(2) 
PARAMETRIC_REPRESENTATION_CONTEXT() REPRESENTATION_CONTEXT('2D SPACE',''
  ) );
#2065 = PCURVE('',#2066,#2071);
#2066 = PLANE('',#2067);
#2067 = AXIS2_PLACEMENT_3D('',#2068,#2069,#2070);
#2068 = CARTESIAN_POINT('',(4.11,-7.175951466174,-1.657411870108));
#2069 = DIRECTION('',(0.,-0.64487093921,-0.764291483508));
#2070 = DIRECTION('',(0.,0.764291483508,-0.64487093921));
#2071 = DEFINITIONAL_REPRESENTATION('',(#2072),#2075);
#2072 = B_SPLINE_CURVE_WITH_KNOTS('',1,(#2073,#2074),.UNSPECIFIED.,.F.,
  .F.,(2,2),(1.E-01,1.3),.PIECEWISE_BEZIER_KNOTS.);
#2073 = CARTESIAN_POINT('',(0.221111111111,0.));
#2074 = CARTESIAN_POINT('',(0.221111111111,1.2));
#2075 = ( GEOMETRIC_REPRESENTATION_CONTEXT(2) 
PARAMETRIC_REPRESENTATION_CONTEXT() REPRESENTATION_CONTEXT('2D SPACE',''
  ) );
#2076 = ORIENTED_EDGE('',*,*,#2077,.F.);
#2077 = EDGE_CURVE('',#1429,#2052,#2078,.T.);
#2078 = SURFACE_CURVE('',#2079,(#2083,#2089),.PCURVE_S1.);
#2079 = LINE('',#2080,#2081);
#2080 = CARTESIAN_POINT('',(5.31,-7.212975733087,-1.8));
#2081 = VECTOR('',#2082,1.);
#2082 = DIRECTION('',(0.,1.,0.));
#2083 = PCURVE('',#1444,#2084);
#2084 = DEFINITIONAL_REPRESENTATION('',(#2085),#2088);
#2085 = B_SPLINE_CURVE_WITH_KNOTS('',1,(#2086,#2087),.UNSPECIFIED.,.F.,
  .F.,(2,2),(-3.70242669132E-02,0.206017606044),
  .PIECEWISE_BEZIER_KNOTS.);
#2086 = CARTESIAN_POINT('',(1.4,0.));
#2087 = CARTESIAN_POINT('',(1.4,0.243041872958));
#2088 = ( GEOMETRIC_REPRESENTATION_CONTEXT(2) 
PARAMETRIC_REPRESENTATION_CONTEXT() REPRESENTATION_CONTEXT('2D SPACE',''
  ) );
#2089 = PCURVE('',#1471,#2090);
#2090 = DEFINITIONAL_REPRESENTATION('',(#2091),#2094);
#2091 = B_SPLINE_CURVE_WITH_KNOTS('',1,(#2092,#2093),.UNSPECIFIED.,.F.,
  .F.,(2,2),(-3.70242669132E-02,0.206017606044),
  .PIECEWISE_BEZIER_KNOTS.);
#2092 = CARTESIAN_POINT('',(3.535627747382E-02,-0.156730640881));
#2093 = CARTESIAN_POINT('',(0.221111111111,0.));
#2094 = ( GEOMETRIC_REPRESENTATION_CONTEXT(2) 
PARAMETRIC_REPRESENTATION_CONTEXT() REPRESENTATION_CONTEXT('2D SPACE',''
  ) );
#2095 = ORIENTED_EDGE('',*,*,#1428,.T.);
#2096 = ORIENTED_EDGE('',*,*,#1584,.T.);
#2097 = ADVANCED_FACE('',(#2098),#1523,.F.);
#2098 = FACE_BOUND('',#2099,.F.);
#2099 = EDGE_LOOP('',(#2100,#2123,#2124,#2125,#2148,#2176));
#2100 = ORIENTED_EDGE('',*,*,#2101,.F.);
#2101 = EDGE_CURVE('',#2031,#2102,#2104,.T.);
#2102 = VERTEX_POINT('',#2103);
#2103 = CARTESIAN_POINT('',(4.11,-6.946664021121,-1.850873151871));
#2104 = SURFACE_CURVE('',#2105,(#2109,#2116),.PCURVE_S1.);
#2105 = LINE('',#2106,#2107);
#2106 = CARTESIAN_POINT('',(4.11,-7.175951466174,-1.657411870108));
#2107 = VECTOR('',#2108,1.);
#2108 = DIRECTION('',(0.,0.764291483508,-0.64487093921));
#2109 = PCURVE('',#1523,#2110);
#2110 = DEFINITIONAL_REPRESENTATION('',(#2111),#2115);
#2111 = LINE('',#2112,#2113);
#2112 = CARTESIAN_POINT('',(0.,0.));
#2113 = VECTOR('',#2114,1.);
#2114 = DIRECTION('',(1.,0.));
#2115 = ( GEOMETRIC_REPRESENTATION_CONTEXT(2) 
PARAMETRIC_REPRESENTATION_CONTEXT() REPRESENTATION_CONTEXT('2D SPACE',''
  ) );
#2116 = PCURVE('',#2066,#2117);
#2117 = DEFINITIONAL_REPRESENTATION('',(#2118),#2122);
#2118 = LINE('',#2119,#2120);
#2119 = CARTESIAN_POINT('',(0.,0.));
#2120 = VECTOR('',#2121,1.);
#2121 = DIRECTION('',(1.,0.));
#2122 = ( GEOMETRIC_REPRESENTATION_CONTEXT(2) 
PARAMETRIC_REPRESENTATION_CONTEXT() REPRESENTATION_CONTEXT('2D SPACE',''
  ) );
#2123 = ORIENTED_EDGE('',*,*,#2030,.F.);
#2124 = ORIENTED_EDGE('',*,*,#1508,.F.);
#2125 = ORIENTED_EDGE('',*,*,#2126,.T.);
#2126 = EDGE_CURVE('',#1483,#2127,#2129,.T.);
#2127 = VERTEX_POINT('',#2128);
#2128 = CARTESIAN_POINT('',(4.11,-8.603335978879,-3.349126848129));
#2129 = SURFACE_CURVE('',#2130,(#2134,#2141),.PCURVE_S1.);
#2130 = LINE('',#2131,#2132);
#2131 = CARTESIAN_POINT('',(4.11,-7.175951466174,-1.657411870108));
#2132 = VECTOR('',#2133,1.);
#2133 = DIRECTION('',(0.,-0.64487093921,-0.764291483508));
#2134 = PCURVE('',#1523,#2135);
#2135 = DEFINITIONAL_REPRESENTATION('',(#2136),#2140);
#2136 = LINE('',#2137,#2138);
#2137 = CARTESIAN_POINT('',(0.,0.));
#2138 = VECTOR('',#2139,1.);
#2139 = DIRECTION('',(0.,-1.));
#2140 = ( GEOMETRIC_REPRESENTATION_CONTEXT(2) 
PARAMETRIC_REPRESENTATION_CONTEXT() REPRESENTATION_CONTEXT('2D SPACE',''
  ) );
#2141 = PCURVE('',#1497,#2142);
#2142 = DEFINITIONAL_REPRESENTATION('',(#2143),#2147);
#2143 = LINE('',#2144,#2145);
#2144 = CARTESIAN_POINT('',(0.,0.));
#2145 = VECTOR('',#2146,1.);
#2146 = DIRECTION('',(0.,1.));
#2147 = ( GEOMETRIC_REPRESENTATION_CONTEXT(2) 
PARAMETRIC_REPRESENTATION_CONTEXT() REPRESENTATION_CONTEXT('2D SPACE',''
  ) );
#2148 = ORIENTED_EDGE('',*,*,#2149,.T.);
#2149 = EDGE_CURVE('',#2127,#2150,#2152,.T.);
#2150 = VERTEX_POINT('',#2151);
#2151 = CARTESIAN_POINT('',(4.11,-8.374048533826,-3.542588129892));
#2152 = SURFACE_CURVE('',#2153,(#2157,#2164),.PCURVE_S1.);
#2153 = LINE('',#2154,#2155);
#2154 = CARTESIAN_POINT('',(4.11,-8.603335978879,-3.349126848129));
#2155 = VECTOR('',#2156,1.);
#2156 = DIRECTION('',(0.,0.764291483508,-0.64487093921));
#2157 = PCURVE('',#1523,#2158);
#2158 = DEFINITIONAL_REPRESENTATION('',(#2159),#2163);
#2159 = LINE('',#2160,#2161);
#2160 = CARTESIAN_POINT('',(6.661338147751E-16,-2.213442141546));
#2161 = VECTOR('',#2162,1.);
#2162 = DIRECTION('',(1.,0.));
#2163 = ( GEOMETRIC_REPRESENTATION_CONTEXT(2) 
PARAMETRIC_REPRESENTATION_CONTEXT() REPRESENTATION_CONTEXT('2D SPACE',''
  ) );
#2164 = PCURVE('',#2165,#2170);
#2165 = PLANE('',#2166);
#2166 = AXIS2_PLACEMENT_3D('',#2167,#2168,#2169);
#2167 = CARTESIAN_POINT('',(4.11,-8.603335978879,-3.349126848129));
#2168 = DIRECTION('',(0.,-0.64487093921,-0.764291483508));
#2169 = DIRECTION('',(0.,0.764291483508,-0.64487093921));
#2170 = DEFINITIONAL_REPRESENTATION('',(#2171),#2175);
#2171 = LINE('',#2172,#2173);
#2172 = CARTESIAN_POINT('',(0.,0.));
#2173 = VECTOR('',#2174,1.);
#2174 = DIRECTION('',(1.,0.));
#2175 = ( GEOMETRIC_REPRESENTATION_CONTEXT(2) 
PARAMETRIC_REPRESENTATION_CONTEXT() REPRESENTATION_CONTEXT('2D SPACE',''
  ) );
#2176 = ORIENTED_EDGE('',*,*,#2177,.F.);
#2177 = EDGE_CURVE('',#2102,#2150,#2178,.T.);
#2178 = SURFACE_CURVE('',#2179,(#2183,#2190),.PCURVE_S1.);
#2179 = LINE('',#2180,#2181);
#2180 = CARTESIAN_POINT('',(4.11,-6.946664021121,-1.850873151871));
#2181 = VECTOR('',#2182,1.);
#2182 = DIRECTION('',(0.,-0.64487093921,-0.764291483508));
#2183 = PCURVE('',#1523,#2184);
#2184 = DEFINITIONAL_REPRESENTATION('',(#2185),#2189);
#2185 = LINE('',#2186,#2187);
#2186 = CARTESIAN_POINT('',(0.3,-3.053113317719E-16));
#2187 = VECTOR('',#2188,1.);
#2188 = DIRECTION('',(0.,-1.));
#2189 = ( GEOMETRIC_REPRESENTATION_CONTEXT(2) 
PARAMETRIC_REPRESENTATION_CONTEXT() REPRESENTATION_CONTEXT('2D SPACE',''
  ) );
#2190 = PCURVE('',#2191,#2196);
#2191 = PLANE('',#2192);
#2192 = AXIS2_PLACEMENT_3D('',#2193,#2194,#2195);
#2193 = CARTESIAN_POINT('',(4.11,-6.946664021121,-1.850873151871));
#2194 = DIRECTION('',(0.,0.764291483508,-0.64487093921));
#2195 = DIRECTION('',(1.,0.,0.));
#2196 = DEFINITIONAL_REPRESENTATION('',(#2197),#2201);
#2197 = LINE('',#2198,#2199);
#2198 = CARTESIAN_POINT('',(0.,0.));
#2199 = VECTOR('',#2200,1.);
#2200 = DIRECTION('',(0.,1.));
#2201 = ( GEOMETRIC_REPRESENTATION_CONTEXT(2) 
PARAMETRIC_REPRESENTATION_CONTEXT() REPRESENTATION_CONTEXT('2D SPACE',''
  ) );
#2202 = ADVANCED_FACE('',(#2203),#1497,.F.);
#2203 = FACE_BOUND('',#2204,.F.);
#2204 = EDGE_LOOP('',(#2205,#2206,#2207,#2230));
#2205 = ORIENTED_EDGE('',*,*,#2126,.F.);
#2206 = ORIENTED_EDGE('',*,*,#1482,.F.);
#2207 = ORIENTED_EDGE('',*,*,#2208,.T.);
#2208 = EDGE_CURVE('',#1457,#2209,#2211,.T.);
#2209 = VERTEX_POINT('',#2210);
#2210 = CARTESIAN_POINT('',(5.31,-8.603335978879,-3.349126848129));
#2211 = SURFACE_CURVE('',#2212,(#2216,#2223),.PCURVE_S1.);
#2212 = LINE('',#2213,#2214);
#2213 = CARTESIAN_POINT('',(5.31,-7.175951466174,-1.657411870108));
#2214 = VECTOR('',#2215,1.);
#2215 = DIRECTION('',(0.,-0.64487093921,-0.764291483508));
#2216 = PCURVE('',#1497,#2217);
#2217 = DEFINITIONAL_REPRESENTATION('',(#2218),#2222);
#2218 = LINE('',#2219,#2220);
#2219 = CARTESIAN_POINT('',(1.2,0.));
#2220 = VECTOR('',#2221,1.);
#2221 = DIRECTION('',(0.,1.));
#2222 = ( GEOMETRIC_REPRESENTATION_CONTEXT(2) 
PARAMETRIC_REPRESENTATION_CONTEXT() REPRESENTATION_CONTEXT('2D SPACE',''
  ) );
#2223 = PCURVE('',#1471,#2224);
#2224 = DEFINITIONAL_REPRESENTATION('',(#2225),#2229);
#2225 = LINE('',#2226,#2227);
#2226 = CARTESIAN_POINT('',(0.,0.));
#2227 = VECTOR('',#2228,1.);
#2228 = DIRECTION('',(0.,-1.));
#2229 = ( GEOMETRIC_REPRESENTATION_CONTEXT(2) 
PARAMETRIC_REPRESENTATION_CONTEXT() REPRESENTATION_CONTEXT('2D SPACE',''
  ) );
#2230 = ORIENTED_EDGE('',*,*,#2231,.F.);
#2231 = EDGE_CURVE('',#2127,#2209,#2232,.T.);
#2232 = SURFACE_CURVE('',#2233,(#2237,#2244),.PCURVE_S1.);
#2233 = LINE('',#2234,#2235);
#2234 = CARTESIAN_POINT('',(4.11,-8.603335978879,-3.349126848129));
#2235 = VECTOR('',#2236,1.);
#2236 = DIRECTION('',(1.,0.,0.));
#2237 = PCURVE('',#1497,#2238);
#2238 = DEFINITIONAL_REPRESENTATION('',(#2239),#2243);
#2239 = LINE('',#2240,#2241);
#2240 = CARTESIAN_POINT('',(0.,2.213442141546));
#2241 = VECTOR('',#2242,1.);
#2242 = DIRECTION('',(1.,0.));
#2243 = ( GEOMETRIC_REPRESENTATION_CONTEXT(2) 
PARAMETRIC_REPRESENTATION_CONTEXT() REPRESENTATION_CONTEXT('2D SPACE',''
  ) );
#2244 = PCURVE('',#2165,#2245);
#2245 = DEFINITIONAL_REPRESENTATION('',(#2246),#2250);
#2246 = LINE('',#2247,#2248);
#2247 = CARTESIAN_POINT('',(0.,0.));
#2248 = VECTOR('',#2249,1.);
#2249 = DIRECTION('',(0.,1.));
#2250 = ( GEOMETRIC_REPRESENTATION_CONTEXT(2) 
PARAMETRIC_REPRESENTATION_CONTEXT() REPRESENTATION_CONTEXT('2D SPACE',''
  ) );
#2251 = ADVANCED_FACE('',(#2252),#1471,.T.);
#2252 = FACE_BOUND('',#2253,.T.);
#2253 = EDGE_LOOP('',(#2254,#2277,#2278,#2279,#2280,#2303));
#2254 = ORIENTED_EDGE('',*,*,#2255,.F.);
#2255 = EDGE_CURVE('',#2052,#2256,#2258,.T.);
#2256 = VERTEX_POINT('',#2257);
#2257 = CARTESIAN_POINT('',(5.31,-6.946664021121,-1.850873151871));
#2258 = SURFACE_CURVE('',#2259,(#2263,#2270),.PCURVE_S1.);
#2259 = LINE('',#2260,#2261);
#2260 = CARTESIAN_POINT('',(5.31,-7.175951466174,-1.657411870108));
#2261 = VECTOR('',#2262,1.);
#2262 = DIRECTION('',(0.,0.764291483508,-0.64487093921));
#2263 = PCURVE('',#1471,#2264);
#2264 = DEFINITIONAL_REPRESENTATION('',(#2265),#2269);
#2265 = LINE('',#2266,#2267);
#2266 = CARTESIAN_POINT('',(0.,0.));
#2267 = VECTOR('',#2268,1.);
#2268 = DIRECTION('',(1.,0.));
#2269 = ( GEOMETRIC_REPRESENTATION_CONTEXT(2) 
PARAMETRIC_REPRESENTATION_CONTEXT() REPRESENTATION_CONTEXT('2D SPACE',''
  ) );
#2270 = PCURVE('',#2066,#2271);
#2271 = DEFINITIONAL_REPRESENTATION('',(#2272),#2276);
#2272 = LINE('',#2273,#2274);
#2273 = CARTESIAN_POINT('',(0.,1.2));
#2274 = VECTOR('',#2275,1.);
#2275 = DIRECTION('',(1.,0.));
#2276 = ( GEOMETRIC_REPRESENTATION_CONTEXT(2) 
PARAMETRIC_REPRESENTATION_CONTEXT() REPRESENTATION_CONTEXT('2D SPACE',''
  ) );
#2277 = ORIENTED_EDGE('',*,*,#2077,.F.);
#2278 = ORIENTED_EDGE('',*,*,#1456,.F.);
#2279 = ORIENTED_EDGE('',*,*,#2208,.T.);
#2280 = ORIENTED_EDGE('',*,*,#2281,.T.);
#2281 = EDGE_CURVE('',#2209,#2282,#2284,.T.);
#2282 = VERTEX_POINT('',#2283);
#2283 = CARTESIAN_POINT('',(5.31,-8.374048533826,-3.542588129892));
#2284 = SURFACE_CURVE('',#2285,(#2289,#2296),.PCURVE_S1.);
#2285 = LINE('',#2286,#2287);
#2286 = CARTESIAN_POINT('',(5.31,-8.603335978879,-3.349126848129));
#2287 = VECTOR('',#2288,1.);
#2288 = DIRECTION('',(0.,0.764291483508,-0.64487093921));
#2289 = PCURVE('',#1471,#2290);
#2290 = DEFINITIONAL_REPRESENTATION('',(#2291),#2295);
#2291 = LINE('',#2292,#2293);
#2292 = CARTESIAN_POINT('',(6.661338147751E-16,-2.213442141546));
#2293 = VECTOR('',#2294,1.);
#2294 = DIRECTION('',(1.,0.));
#2295 = ( GEOMETRIC_REPRESENTATION_CONTEXT(2) 
PARAMETRIC_REPRESENTATION_CONTEXT() REPRESENTATION_CONTEXT('2D SPACE',''
  ) );
#2296 = PCURVE('',#2165,#2297);
#2297 = DEFINITIONAL_REPRESENTATION('',(#2298),#2302);
#2298 = LINE('',#2299,#2300);
#2299 = CARTESIAN_POINT('',(0.,1.2));
#2300 = VECTOR('',#2301,1.);
#2301 = DIRECTION('',(1.,0.));
#2302 = ( GEOMETRIC_REPRESENTATION_CONTEXT(2) 
PARAMETRIC_REPRESENTATION_CONTEXT() REPRESENTATION_CONTEXT('2D SPACE',''
  ) );
#2303 = ORIENTED_EDGE('',*,*,#2304,.F.);
#2304 = EDGE_CURVE('',#2256,#2282,#2305,.T.);
#2305 = SURFACE_CURVE('',#2306,(#2310,#2317),.PCURVE_S1.);
#2306 = LINE('',#2307,#2308);
#2307 = CARTESIAN_POINT('',(5.31,-6.946664021121,-1.850873151871));
#2308 = VECTOR('',#2309,1.);
#2309 = DIRECTION('',(0.,-0.64487093921,-0.764291483508));
#2310 = PCURVE('',#1471,#2311);
#2311 = DEFINITIONAL_REPRESENTATION('',(#2312),#2316);
#2312 = LINE('',#2313,#2314);
#2313 = CARTESIAN_POINT('',(0.3,-3.053113317719E-16));
#2314 = VECTOR('',#2315,1.);
#2315 = DIRECTION('',(0.,-1.));
#2316 = ( GEOMETRIC_REPRESENTATION_CONTEXT(2) 
PARAMETRIC_REPRESENTATION_CONTEXT() REPRESENTATION_CONTEXT('2D SPACE',''
  ) );
#2317 = PCURVE('',#2191,#2318);
#2318 = DEFINITIONAL_REPRESENTATION('',(#2319),#2323);
#2319 = LINE('',#2320,#2321);
#2320 = CARTESIAN_POINT('',(1.2,0.));
#2321 = VECTOR('',#2322,1.);
#2322 = DIRECTION('',(0.,1.));
#2323 = ( GEOMETRIC_REPRESENTATION_CONTEXT(2) 
PARAMETRIC_REPRESENTATION_CONTEXT() REPRESENTATION_CONTEXT('2D SPACE',''
  ) );
#2324 = ADVANCED_FACE('',(#2325),#2066,.F.);
#2325 = FACE_BOUND('',#2326,.F.);
#2326 = EDGE_LOOP('',(#2327,#2328,#2329,#2330));
#2327 = ORIENTED_EDGE('',*,*,#2255,.F.);
#2328 = ORIENTED_EDGE('',*,*,#2051,.F.);
#2329 = ORIENTED_EDGE('',*,*,#2101,.T.);
#2330 = ORIENTED_EDGE('',*,*,#2331,.T.);
#2331 = EDGE_CURVE('',#2102,#2256,#2332,.T.);
#2332 = SURFACE_CURVE('',#2333,(#2337,#2344),.PCURVE_S1.);
#2333 = LINE('',#2334,#2335);
#2334 = CARTESIAN_POINT('',(4.11,-6.946664021121,-1.850873151871));
#2335 = VECTOR('',#2336,1.);
#2336 = DIRECTION('',(1.,0.,0.));
#2337 = PCURVE('',#2066,#2338);
#2338 = DEFINITIONAL_REPRESENTATION('',(#2339),#2343);
#2339 = LINE('',#2340,#2341);
#2340 = CARTESIAN_POINT('',(0.3,0.));
#2341 = VECTOR('',#2342,1.);
#2342 = DIRECTION('',(0.,1.));
#2343 = ( GEOMETRIC_REPRESENTATION_CONTEXT(2) 
PARAMETRIC_REPRESENTATION_CONTEXT() REPRESENTATION_CONTEXT('2D SPACE',''
  ) );
#2344 = PCURVE('',#2191,#2345);
#2345 = DEFINITIONAL_REPRESENTATION('',(#2346),#2350);
#2346 = LINE('',#2347,#2348);
#2347 = CARTESIAN_POINT('',(0.,0.));
#2348 = VECTOR('',#2349,1.);
#2349 = DIRECTION('',(1.,0.));
#2350 = ( GEOMETRIC_REPRESENTATION_CONTEXT(2) 
PARAMETRIC_REPRESENTATION_CONTEXT() REPRESENTATION_CONTEXT('2D SPACE',''
  ) );
#2351 = ADVANCED_FACE('',(#2352),#2191,.T.);
#2352 = FACE_BOUND('',#2353,.T.);
#2353 = EDGE_LOOP('',(#2354,#2355,#2356,#2357));
#2354 = ORIENTED_EDGE('',*,*,#2177,.F.);
#2355 = ORIENTED_EDGE('',*,*,#2331,.T.);
#2356 = ORIENTED_EDGE('',*,*,#2304,.T.);
#2357 = ORIENTED_EDGE('',*,*,#2358,.F.);
#2358 = EDGE_CURVE('',#2150,#2282,#2359,.T.);
#2359 = SURFACE_CURVE('',#2360,(#2364,#2371),.PCURVE_S1.);
#2360 = LINE('',#2361,#2362);
#2361 = CARTESIAN_POINT('',(4.11,-8.374048533826,-3.542588129892));
#2362 = VECTOR('',#2363,1.);
#2363 = DIRECTION('',(1.,0.,0.));
#2364 = PCURVE('',#2191,#2365);
#2365 = DEFINITIONAL_REPRESENTATION('',(#2366),#2370);
#2366 = LINE('',#2367,#2368);
#2367 = CARTESIAN_POINT('',(0.,2.213442141546));
#2368 = VECTOR('',#2369,1.);
#2369 = DIRECTION('',(1.,0.));
#2370 = ( GEOMETRIC_REPRESENTATION_CONTEXT(2) 
PARAMETRIC_REPRESENTATION_CONTEXT() REPRESENTATION_CONTEXT('2D SPACE',''
  ) );
#2371 = PCURVE('',#2165,#2372);
#2372 = DEFINITIONAL_REPRESENTATION('',(#2373),#2377);
#2373 = LINE('',#2374,#2375);
#2374 = CARTESIAN_POINT('',(0.3,0.));
#2375 = VECTOR('',#2376,1.);
#2376 = DIRECTION('',(0.,1.));
#2377 = ( GEOMETRIC_REPRESENTATION_CONTEXT(2) 
PARAMETRIC_REPRESENTATION_CONTEXT() REPRESENTATION_CONTEXT('2D SPACE',''
  ) );
#2378 = ADVANCED_FACE('',(#2379),#2165,.T.);
#2379 = FACE_BOUND('',#2380,.T.);
#2380 = EDGE_LOOP('',(#2381,#2382,#2383,#2384));
#2381 = ORIENTED_EDGE('',*,*,#2231,.F.);
#2382 = ORIENTED_EDGE('',*,*,#2149,.T.);
#2383 = ORIENTED_EDGE('',*,*,#2358,.T.);
#2384 = ORIENTED_EDGE('',*,*,#2281,.F.);
#2385 = ( GEOMETRIC_REPRESENTATION_CONTEXT(3) 
GLOBAL_UNCERTAINTY_ASSIGNED_CONTEXT((#2389)) 
GLOBAL_UNIT_ASSIGNED_CONTEXT((#2386,#2387,#2388)) REPRESENTATION_CONTEXT
('Context #1','3D Context with UNIT and UNCERTAINTY') );
#2386 = ( LENGTH_UNIT() NAMED_UNIT(*) SI_UNIT(.MILLI.,.METRE.) );
#2387 = ( NAMED_UNIT(*) PLANE_ANGLE_UNIT() SI_UNIT($,.RADIAN.) );
#2388 = ( NAMED_UNIT(*) SI_UNIT($,.STERADIAN.) SOLID_ANGLE_UNIT() );
#2389 = UNCERTAINTY_MEASURE_WITH_UNIT(LENGTH_MEASURE(1.E-07),#2386,
  'distance_accuracy_value','confusion accuracy');
#2390 = CONTEXT_DEPENDENT_SHAPE_REPRESENTATION(#2391,#2393);
#2391 = ( REPRESENTATION_RELATIONSHIP('','',#68,#10) 
REPRESENTATION_RELATIONSHIP_WITH_TRANSFORMATION(#2392) 
SHAPE_REPRESENTATION_RELATIONSHIP() );
#2392 = ITEM_DEFINED_TRANSFORMATION('','',#11,#15);
#2393 = PRODUCT_DEFINITION_SHAPE('Placement','Placement of an item',
  #2394);
#2394 = NEXT_ASSEMBLY_USAGE_OCCURRENCE('1','shell','',#5,#63,$);
#2395 = PRODUCT_RELATED_PRODUCT_CATEGORY('part',$,(#65));
#2396 = SHAPE_DEFINITION_REPRESENTATION(#2397,#2403);
#2397 = PRODUCT_DEFINITION_SHAPE('','',#2398);
#2398 = PRODUCT_DEFINITION('design','',#2399,#2402);
#2399 = PRODUCT_DEFINITION_FORMATION('','',#2400);
#2400 = PRODUCT('insulator','insulator','',(#2401));
#2401 = PRODUCT_CONTEXT('',#2,'mechanical');
#2402 = PRODUCT_DEFINITION_CONTEXT('part definition',#2,'design');
#2403 = ADVANCED_BREP_SHAPE_REPRESENTATION('',(#11,#2404),#6174);
#2404 = MANIFOLD_SOLID_BREP('',#2405);
#2405 = CLOSED_SHELL('',(#2406,#2526,#2602,#2651,#2700,#3151,#3316,#3392
    ,#3441,#3490,#3517,#3593,#3642,#3691,#3718,#3794,#3843,#3892,#3919,
    #3995,#4044,#4093,#4120,#4196,#4245,#4294,#4343,#4392,#4419,#4426,
    #4433,#4440,#4447,#4990,#5212,#5261,#5310,#5337,#5386,#5435,#5462,
    #5567,#5762,#5811,#5860,#5887,#5936,#5985,#6012,#6085,#6112,#6119,
    #6126,#6153,#6160,#6167));
#2406 = ADVANCED_FACE('',(#2407),#2421,.F.);
#2407 = FACE_BOUND('',#2408,.F.);
#2408 = EDGE_LOOP('',(#2409,#2444,#2472,#2500));
#2409 = ORIENTED_EDGE('',*,*,#2410,.F.);
#2410 = EDGE_CURVE('',#2411,#2413,#2415,.T.);
#2411 = VERTEX_POINT('',#2412);
#2412 = CARTESIAN_POINT('',(-1.09,-6.95,0.3));
#2413 = VERTEX_POINT('',#2414);
#2414 = CARTESIAN_POINT('',(-1.09,-6.95,10.4));
#2415 = SURFACE_CURVE('',#2416,(#2420,#2432),.PCURVE_S1.);
#2416 = LINE('',#2417,#2418);
#2417 = CARTESIAN_POINT('',(-1.09,-6.95,0.3));
#2418 = VECTOR('',#2419,1.);
#2419 = DIRECTION('',(0.,0.,1.));
#2420 = PCURVE('',#2421,#2426);
#2421 = PLANE('',#2422);
#2422 = AXIS2_PLACEMENT_3D('',#2423,#2424,#2425);
#2423 = CARTESIAN_POINT('',(-1.09,-6.95,0.3));
#2424 = DIRECTION('',(1.,0.,0.));
#2425 = DIRECTION('',(0.,0.,1.));
#2426 = DEFINITIONAL_REPRESENTATION('',(#2427),#2431);
#2427 = LINE('',#2428,#2429);
#2428 = CARTESIAN_POINT('',(0.,0.));
#2429 = VECTOR('',#2430,1.);
#2430 = DIRECTION('',(1.,0.));
#2431 = ( GEOMETRIC_REPRESENTATION_CONTEXT(2) 
PARAMETRIC_REPRESENTATION_CONTEXT() REPRESENTATION_CONTEXT('2D SPACE',''
  ) );
#2432 = PCURVE('',#2433,#2438);
#2433 = PLANE('',#2434);
#2434 = AXIS2_PLACEMENT_3D('',#2435,#2436,#2437);
#2435 = CARTESIAN_POINT('',(-1.09,-6.95,0.3));
#2436 = DIRECTION('',(0.,1.,0.));
#2437 = DIRECTION('',(0.,0.,1.));
#2438 = DEFINITIONAL_REPRESENTATION('',(#2439),#2443);
#2439 = LINE('',#2440,#2441);
#2440 = CARTESIAN_POINT('',(0.,0.));
#2441 = VECTOR('',#2442,1.);
#2442 = DIRECTION('',(1.,0.));
#2443 = ( GEOMETRIC_REPRESENTATION_CONTEXT(2) 
PARAMETRIC_REPRESENTATION_CONTEXT() REPRESENTATION_CONTEXT('2D SPACE',''
  ) );
#2444 = ORIENTED_EDGE('',*,*,#2445,.T.);
#2445 = EDGE_CURVE('',#2411,#2446,#2448,.T.);
#2446 = VERTEX_POINT('',#2447);
#2447 = CARTESIAN_POINT('',(-1.09,4.45,0.3));
#2448 = SURFACE_CURVE('',#2449,(#2453,#2460),.PCURVE_S1.);
#2449 = LINE('',#2450,#2451);
#2450 = CARTESIAN_POINT('',(-1.09,-6.95,0.3));
#2451 = VECTOR('',#2452,1.);
#2452 = DIRECTION('',(0.,1.,0.));
#2453 = PCURVE('',#2421,#2454);
#2454 = DEFINITIONAL_REPRESENTATION('',(#2455),#2459);
#2455 = LINE('',#2456,#2457);
#2456 = CARTESIAN_POINT('',(0.,0.));
#2457 = VECTOR('',#2458,1.);
#2458 = DIRECTION('',(0.,-1.));
#2459 = ( GEOMETRIC_REPRESENTATION_CONTEXT(2) 
PARAMETRIC_REPRESENTATION_CONTEXT() REPRESENTATION_CONTEXT('2D SPACE',''
  ) );
#2460 = PCURVE('',#2461,#2466);
#2461 = PLANE('',#2462);
#2462 = AXIS2_PLACEMENT_3D('',#2463,#2464,#2465);
#2463 = CARTESIAN_POINT('',(-1.09,-6.95,0.3));
#2464 = DIRECTION('',(0.,0.,1.));
#2465 = DIRECTION('',(1.,0.,0.));
#2466 = DEFINITIONAL_REPRESENTATION('',(#2467),#2471);
#2467 = LINE('',#2468,#2469);
#2468 = CARTESIAN_POINT('',(0.,0.));
#2469 = VECTOR('',#2470,1.);
#2470 = DIRECTION('',(0.,1.));
#2471 = ( GEOMETRIC_REPRESENTATION_CONTEXT(2) 
PARAMETRIC_REPRESENTATION_CONTEXT() REPRESENTATION_CONTEXT('2D SPACE',''
  ) );
#2472 = ORIENTED_EDGE('',*,*,#2473,.T.);
#2473 = EDGE_CURVE('',#2446,#2474,#2476,.T.);
#2474 = VERTEX_POINT('',#2475);
#2475 = CARTESIAN_POINT('',(-1.09,4.45,10.4));
#2476 = SURFACE_CURVE('',#2477,(#2481,#2488),.PCURVE_S1.);
#2477 = LINE('',#2478,#2479);
#2478 = CARTESIAN_POINT('',(-1.09,4.45,0.3));
#2479 = VECTOR('',#2480,1.);
#2480 = DIRECTION('',(0.,0.,1.));
#2481 = PCURVE('',#2421,#2482);
#2482 = DEFINITIONAL_REPRESENTATION('',(#2483),#2487);
#2483 = LINE('',#2484,#2485);
#2484 = CARTESIAN_POINT('',(0.,-11.4));
#2485 = VECTOR('',#2486,1.);
#2486 = DIRECTION('',(1.,0.));
#2487 = ( GEOMETRIC_REPRESENTATION_CONTEXT(2) 
PARAMETRIC_REPRESENTATION_CONTEXT() REPRESENTATION_CONTEXT('2D SPACE',''
  ) );
#2488 = PCURVE('',#2489,#2494);
#2489 = PLANE('',#2490);
#2490 = AXIS2_PLACEMENT_3D('',#2491,#2492,#2493);
#2491 = CARTESIAN_POINT('',(-1.09,4.45,0.3));
#2492 = DIRECTION('',(0.,1.,0.));
#2493 = DIRECTION('',(0.,0.,1.));
#2494 = DEFINITIONAL_REPRESENTATION('',(#2495),#2499);
#2495 = LINE('',#2496,#2497);
#2496 = CARTESIAN_POINT('',(0.,0.));
#2497 = VECTOR('',#2498,1.);
#2498 = DIRECTION('',(1.,0.));
#2499 = ( GEOMETRIC_REPRESENTATION_CONTEXT(2) 
PARAMETRIC_REPRESENTATION_CONTEXT() REPRESENTATION_CONTEXT('2D SPACE',''
  ) );
#2500 = ORIENTED_EDGE('',*,*,#2501,.F.);
#2501 = EDGE_CURVE('',#2413,#2474,#2502,.T.);
#2502 = SURFACE_CURVE('',#2503,(#2507,#2514),.PCURVE_S1.);
#2503 = LINE('',#2504,#2505);
#2504 = CARTESIAN_POINT('',(-1.09,-6.95,10.4));
#2505 = VECTOR('',#2506,1.);
#2506 = DIRECTION('',(0.,1.,0.));
#2507 = PCURVE('',#2421,#2508);
#2508 = DEFINITIONAL_REPRESENTATION('',(#2509),#2513);
#2509 = LINE('',#2510,#2511);
#2510 = CARTESIAN_POINT('',(10.1,0.));
#2511 = VECTOR('',#2512,1.);
#2512 = DIRECTION('',(0.,-1.));
#2513 = ( GEOMETRIC_REPRESENTATION_CONTEXT(2) 
PARAMETRIC_REPRESENTATION_CONTEXT() REPRESENTATION_CONTEXT('2D SPACE',''
  ) );
#2514 = PCURVE('',#2515,#2520);
#2515 = PLANE('',#2516);
#2516 = AXIS2_PLACEMENT_3D('',#2517,#2518,#2519);
#2517 = CARTESIAN_POINT('',(-1.09,-6.95,10.4));
#2518 = DIRECTION('',(0.,0.,1.));
#2519 = DIRECTION('',(1.,0.,0.));
#2520 = DEFINITIONAL_REPRESENTATION('',(#2521),#2525);
#2521 = LINE('',#2522,#2523);
#2522 = CARTESIAN_POINT('',(0.,0.));
#2523 = VECTOR('',#2524,1.);
#2524 = DIRECTION('',(0.,1.));
#2525 = ( GEOMETRIC_REPRESENTATION_CONTEXT(2) 
PARAMETRIC_REPRESENTATION_CONTEXT() REPRESENTATION_CONTEXT('2D SPACE',''
  ) );
#2526 = ADVANCED_FACE('',(#2527),#2433,.F.);
#2527 = FACE_BOUND('',#2528,.F.);
#2528 = EDGE_LOOP('',(#2529,#2552,#2553,#2576));
#2529 = ORIENTED_EDGE('',*,*,#2530,.F.);
#2530 = EDGE_CURVE('',#2411,#2531,#2533,.T.);
#2531 = VERTEX_POINT('',#2532);
#2532 = CARTESIAN_POINT('',(15.11,-6.95,0.3));
#2533 = SURFACE_CURVE('',#2534,(#2538,#2545),.PCURVE_S1.);
#2534 = LINE('',#2535,#2536);
#2535 = CARTESIAN_POINT('',(-1.09,-6.95,0.3));
#2536 = VECTOR('',#2537,1.);
#2537 = DIRECTION('',(1.,0.,0.));
#2538 = PCURVE('',#2433,#2539);
#2539 = DEFINITIONAL_REPRESENTATION('',(#2540),#2544);
#2540 = LINE('',#2541,#2542);
#2541 = CARTESIAN_POINT('',(0.,0.));
#2542 = VECTOR('',#2543,1.);
#2543 = DIRECTION('',(0.,1.));
#2544 = ( GEOMETRIC_REPRESENTATION_CONTEXT(2) 
PARAMETRIC_REPRESENTATION_CONTEXT() REPRESENTATION_CONTEXT('2D SPACE',''
  ) );
#2545 = PCURVE('',#2461,#2546);
#2546 = DEFINITIONAL_REPRESENTATION('',(#2547),#2551);
#2547 = LINE('',#2548,#2549);
#2548 = CARTESIAN_POINT('',(0.,0.));
#2549 = VECTOR('',#2550,1.);
#2550 = DIRECTION('',(1.,0.));
#2551 = ( GEOMETRIC_REPRESENTATION_CONTEXT(2) 
PARAMETRIC_REPRESENTATION_CONTEXT() REPRESENTATION_CONTEXT('2D SPACE',''
  ) );
#2552 = ORIENTED_EDGE('',*,*,#2410,.T.);
#2553 = ORIENTED_EDGE('',*,*,#2554,.T.);
#2554 = EDGE_CURVE('',#2413,#2555,#2557,.T.);
#2555 = VERTEX_POINT('',#2556);
#2556 = CARTESIAN_POINT('',(15.11,-6.95,10.4));
#2557 = SURFACE_CURVE('',#2558,(#2562,#2569),.PCURVE_S1.);
#2558 = LINE('',#2559,#2560);
#2559 = CARTESIAN_POINT('',(-1.09,-6.95,10.4));
#2560 = VECTOR('',#2561,1.);
#2561 = DIRECTION('',(1.,0.,0.));
#2562 = PCURVE('',#2433,#2563);
#2563 = DEFINITIONAL_REPRESENTATION('',(#2564),#2568);
#2564 = LINE('',#2565,#2566);
#2565 = CARTESIAN_POINT('',(10.1,0.));
#2566 = VECTOR('',#2567,1.);
#2567 = DIRECTION('',(0.,1.));
#2568 = ( GEOMETRIC_REPRESENTATION_CONTEXT(2) 
PARAMETRIC_REPRESENTATION_CONTEXT() REPRESENTATION_CONTEXT('2D SPACE',''
  ) );
#2569 = PCURVE('',#2515,#2570);
#2570 = DEFINITIONAL_REPRESENTATION('',(#2571),#2575);
#2571 = LINE('',#2572,#2573);
#2572 = CARTESIAN_POINT('',(0.,0.));
#2573 = VECTOR('',#2574,1.);
#2574 = DIRECTION('',(1.,0.));
#2575 = ( GEOMETRIC_REPRESENTATION_CONTEXT(2) 
PARAMETRIC_REPRESENTATION_CONTEXT() REPRESENTATION_CONTEXT('2D SPACE',''
  ) );
#2576 = ORIENTED_EDGE('',*,*,#2577,.F.);
#2577 = EDGE_CURVE('',#2531,#2555,#2578,.T.);
#2578 = SURFACE_CURVE('',#2579,(#2583,#2590),.PCURVE_S1.);
#2579 = LINE('',#2580,#2581);
#2580 = CARTESIAN_POINT('',(15.11,-6.95,0.3));
#2581 = VECTOR('',#2582,1.);
#2582 = DIRECTION('',(0.,0.,1.));
#2583 = PCURVE('',#2433,#2584);
#2584 = DEFINITIONAL_REPRESENTATION('',(#2585),#2589);
#2585 = LINE('',#2586,#2587);
#2586 = CARTESIAN_POINT('',(0.,16.2));
#2587 = VECTOR('',#2588,1.);
#2588 = DIRECTION('',(1.,0.));
#2589 = ( GEOMETRIC_REPRESENTATION_CONTEXT(2) 
PARAMETRIC_REPRESENTATION_CONTEXT() REPRESENTATION_CONTEXT('2D SPACE',''
  ) );
#2590 = PCURVE('',#2591,#2596);
#2591 = PLANE('',#2592);
#2592 = AXIS2_PLACEMENT_3D('',#2593,#2594,#2595);
#2593 = CARTESIAN_POINT('',(15.11,-6.95,0.3));
#2594 = DIRECTION('',(1.,0.,0.));
#2595 = DIRECTION('',(0.,0.,1.));
#2596 = DEFINITIONAL_REPRESENTATION('',(#2597),#2601);
#2597 = LINE('',#2598,#2599);
#2598 = CARTESIAN_POINT('',(0.,0.));
#2599 = VECTOR('',#2600,1.);
#2600 = DIRECTION('',(1.,0.));
#2601 = ( GEOMETRIC_REPRESENTATION_CONTEXT(2) 
PARAMETRIC_REPRESENTATION_CONTEXT() REPRESENTATION_CONTEXT('2D SPACE',''
  ) );
#2602 = ADVANCED_FACE('',(#2603),#2515,.T.);
#2603 = FACE_BOUND('',#2604,.T.);
#2604 = EDGE_LOOP('',(#2605,#2606,#2607,#2630));
#2605 = ORIENTED_EDGE('',*,*,#2501,.F.);
#2606 = ORIENTED_EDGE('',*,*,#2554,.T.);
#2607 = ORIENTED_EDGE('',*,*,#2608,.T.);
#2608 = EDGE_CURVE('',#2555,#2609,#2611,.T.);
#2609 = VERTEX_POINT('',#2610);
#2610 = CARTESIAN_POINT('',(15.11,4.45,10.4));
#2611 = SURFACE_CURVE('',#2612,(#2616,#2623),.PCURVE_S1.);
#2612 = LINE('',#2613,#2614);
#2613 = CARTESIAN_POINT('',(15.11,-6.95,10.4));
#2614 = VECTOR('',#2615,1.);
#2615 = DIRECTION('',(0.,1.,0.));
#2616 = PCURVE('',#2515,#2617);
#2617 = DEFINITIONAL_REPRESENTATION('',(#2618),#2622);
#2618 = LINE('',#2619,#2620);
#2619 = CARTESIAN_POINT('',(16.2,0.));
#2620 = VECTOR('',#2621,1.);
#2621 = DIRECTION('',(0.,1.));
#2622 = ( GEOMETRIC_REPRESENTATION_CONTEXT(2) 
PARAMETRIC_REPRESENTATION_CONTEXT() REPRESENTATION_CONTEXT('2D SPACE',''
  ) );
#2623 = PCURVE('',#2591,#2624);
#2624 = DEFINITIONAL_REPRESENTATION('',(#2625),#2629);
#2625 = LINE('',#2626,#2627);
#2626 = CARTESIAN_POINT('',(10.1,0.));
#2627 = VECTOR('',#2628,1.);
#2628 = DIRECTION('',(0.,-1.));
#2629 = ( GEOMETRIC_REPRESENTATION_CONTEXT(2) 
PARAMETRIC_REPRESENTATION_CONTEXT() REPRESENTATION_CONTEXT('2D SPACE',''
  ) );
#2630 = ORIENTED_EDGE('',*,*,#2631,.F.);
#2631 = EDGE_CURVE('',#2474,#2609,#2632,.T.);
#2632 = SURFACE_CURVE('',#2633,(#2637,#2644),.PCURVE_S1.);
#2633 = LINE('',#2634,#2635);
#2634 = CARTESIAN_POINT('',(-1.09,4.45,10.4));
#2635 = VECTOR('',#2636,1.);
#2636 = DIRECTION('',(1.,0.,0.));
#2637 = PCURVE('',#2515,#2638);
#2638 = DEFINITIONAL_REPRESENTATION('',(#2639),#2643);
#2639 = LINE('',#2640,#2641);
#2640 = CARTESIAN_POINT('',(0.,11.4));
#2641 = VECTOR('',#2642,1.);
#2642 = DIRECTION('',(1.,0.));
#2643 = ( GEOMETRIC_REPRESENTATION_CONTEXT(2) 
PARAMETRIC_REPRESENTATION_CONTEXT() REPRESENTATION_CONTEXT('2D SPACE',''
  ) );
#2644 = PCURVE('',#2489,#2645);
#2645 = DEFINITIONAL_REPRESENTATION('',(#2646),#2650);
#2646 = LINE('',#2647,#2648);
#2647 = CARTESIAN_POINT('',(10.1,0.));
#2648 = VECTOR('',#2649,1.);
#2649 = DIRECTION('',(0.,1.));
#2650 = ( GEOMETRIC_REPRESENTATION_CONTEXT(2) 
PARAMETRIC_REPRESENTATION_CONTEXT() REPRESENTATION_CONTEXT('2D SPACE',''
  ) );
#2651 = ADVANCED_FACE('',(#2652),#2489,.T.);
#2652 = FACE_BOUND('',#2653,.T.);
#2653 = EDGE_LOOP('',(#2654,#2677,#2678,#2679));
#2654 = ORIENTED_EDGE('',*,*,#2655,.F.);
#2655 = EDGE_CURVE('',#2446,#2656,#2658,.T.);
#2656 = VERTEX_POINT('',#2657);
#2657 = CARTESIAN_POINT('',(15.11,4.45,0.3));
#2658 = SURFACE_CURVE('',#2659,(#2663,#2670),.PCURVE_S1.);
#2659 = LINE('',#2660,#2661);
#2660 = CARTESIAN_POINT('',(-1.09,4.45,0.3));
#2661 = VECTOR('',#2662,1.);
#2662 = DIRECTION('',(1.,0.,0.));
#2663 = PCURVE('',#2489,#2664);
#2664 = DEFINITIONAL_REPRESENTATION('',(#2665),#2669);
#2665 = LINE('',#2666,#2667);
#2666 = CARTESIAN_POINT('',(0.,0.));
#2667 = VECTOR('',#2668,1.);
#2668 = DIRECTION('',(0.,1.));
#2669 = ( GEOMETRIC_REPRESENTATION_CONTEXT(2) 
PARAMETRIC_REPRESENTATION_CONTEXT() REPRESENTATION_CONTEXT('2D SPACE',''
  ) );
#2670 = PCURVE('',#2461,#2671);
#2671 = DEFINITIONAL_REPRESENTATION('',(#2672),#2676);
#2672 = LINE('',#2673,#2674);
#2673 = CARTESIAN_POINT('',(0.,11.4));
#2674 = VECTOR('',#2675,1.);
#2675 = DIRECTION('',(1.,0.));
#2676 = ( GEOMETRIC_REPRESENTATION_CONTEXT(2) 
PARAMETRIC_REPRESENTATION_CONTEXT() REPRESENTATION_CONTEXT('2D SPACE',''
  ) );
#2677 = ORIENTED_EDGE('',*,*,#2473,.T.);
#2678 = ORIENTED_EDGE('',*,*,#2631,.T.);
#2679 = ORIENTED_EDGE('',*,*,#2680,.F.);
#2680 = EDGE_CURVE('',#2656,#2609,#2681,.T.);
#2681 = SURFACE_CURVE('',#2682,(#2686,#2693),.PCURVE_S1.);
#2682 = LINE('',#2683,#2684);
#2683 = CARTESIAN_POINT('',(15.11,4.45,0.3));
#2684 = VECTOR('',#2685,1.);
#2685 = DIRECTION('',(0.,0.,1.));
#2686 = PCURVE('',#2489,#2687);
#2687 = DEFINITIONAL_REPRESENTATION('',(#2688),#2692);
#2688 = LINE('',#2689,#2690);
#2689 = CARTESIAN_POINT('',(0.,16.2));
#2690 = VECTOR('',#2691,1.);
#2691 = DIRECTION('',(1.,0.));
#2692 = ( GEOMETRIC_REPRESENTATION_CONTEXT(2) 
PARAMETRIC_REPRESENTATION_CONTEXT() REPRESENTATION_CONTEXT('2D SPACE',''
  ) );
#2693 = PCURVE('',#2591,#2694);
#2694 = DEFINITIONAL_REPRESENTATION('',(#2695),#2699);
#2695 = LINE('',#2696,#2697);
#2696 = CARTESIAN_POINT('',(0.,-11.4));
#2697 = VECTOR('',#2698,1.);
#2698 = DIRECTION('',(1.,0.));
#2699 = ( GEOMETRIC_REPRESENTATION_CONTEXT(2) 
PARAMETRIC_REPRESENTATION_CONTEXT() REPRESENTATION_CONTEXT('2D SPACE',''
  ) );
#2700 = ADVANCED_FACE('',(#2701,#2727,#2833,#2939,#3045),#2461,.F.);
#2701 = FACE_BOUND('',#2702,.F.);
#2702 = EDGE_LOOP('',(#2703,#2704,#2705,#2726));
#2703 = ORIENTED_EDGE('',*,*,#2445,.F.);
#2704 = ORIENTED_EDGE('',*,*,#2530,.T.);
#2705 = ORIENTED_EDGE('',*,*,#2706,.T.);
#2706 = EDGE_CURVE('',#2531,#2656,#2707,.T.);
#2707 = SURFACE_CURVE('',#2708,(#2712,#2719),.PCURVE_S1.);
#2708 = LINE('',#2709,#2710);
#2709 = CARTESIAN_POINT('',(15.11,-6.95,0.3));
#2710 = VECTOR('',#2711,1.);
#2711 = DIRECTION('',(0.,1.,0.));
#2712 = PCURVE('',#2461,#2713);
#2713 = DEFINITIONAL_REPRESENTATION('',(#2714),#2718);
#2714 = LINE('',#2715,#2716);
#2715 = CARTESIAN_POINT('',(16.2,0.));
#2716 = VECTOR('',#2717,1.);
#2717 = DIRECTION('',(0.,1.));
#2718 = ( GEOMETRIC_REPRESENTATION_CONTEXT(2) 
PARAMETRIC_REPRESENTATION_CONTEXT() REPRESENTATION_CONTEXT('2D SPACE',''
  ) );
#2719 = PCURVE('',#2591,#2720);
#2720 = DEFINITIONAL_REPRESENTATION('',(#2721),#2725);
#2721 = LINE('',#2722,#2723);
#2722 = CARTESIAN_POINT('',(0.,0.));
#2723 = VECTOR('',#2724,1.);
#2724 = DIRECTION('',(0.,-1.));
#2725 = ( GEOMETRIC_REPRESENTATION_CONTEXT(2) 
PARAMETRIC_REPRESENTATION_CONTEXT() REPRESENTATION_CONTEXT('2D SPACE',''
  ) );
#2726 = ORIENTED_EDGE('',*,*,#2655,.F.);
#2727 = FACE_BOUND('',#2728,.F.);
#2728 = EDGE_LOOP('',(#2729,#2757,#2783,#2809));
#2729 = ORIENTED_EDGE('',*,*,#2730,.T.);
#2730 = EDGE_CURVE('',#2731,#2733,#2735,.T.);
#2731 = VERTEX_POINT('',#2732);
#2732 = CARTESIAN_POINT('',(0.125,-2.8,0.3));
#2733 = VERTEX_POINT('',#2734);
#2734 = CARTESIAN_POINT('',(-0.125,-2.8,0.3));
#2735 = SURFACE_CURVE('',#2736,(#2740,#2746),.PCURVE_S1.);
#2736 = LINE('',#2737,#2738);
#2737 = CARTESIAN_POINT('',(-0.6075,-2.8,0.3));
#2738 = VECTOR('',#2739,1.);
#2739 = DIRECTION('',(-1.,0.,0.));
#2740 = PCURVE('',#2461,#2741);
#2741 = DEFINITIONAL_REPRESENTATION('',(#2742),#2745);
#2742 = B_SPLINE_CURVE_WITH_KNOTS('',1,(#2743,#2744),.UNSPECIFIED.,.F.,
  .F.,(2,2),(-0.7325,-0.4825),.PIECEWISE_BEZIER_KNOTS.);
#2743 = CARTESIAN_POINT('',(1.215,4.15));
#2744 = CARTESIAN_POINT('',(0.965,4.15));
#2745 = ( GEOMETRIC_REPRESENTATION_CONTEXT(2) 
PARAMETRIC_REPRESENTATION_CONTEXT() REPRESENTATION_CONTEXT('2D SPACE',''
  ) );
#2746 = PCURVE('',#2747,#2752);
#2747 = PLANE('',#2748);
#2748 = AXIS2_PLACEMENT_3D('',#2749,#2750,#2751);
#2749 = CARTESIAN_POINT('',(-0.125,-2.8,-3.));
#2750 = DIRECTION('',(0.,1.,0.));
#2751 = DIRECTION('',(0.,0.,1.));
#2752 = DEFINITIONAL_REPRESENTATION('',(#2753),#2756);
#2753 = B_SPLINE_CURVE_WITH_KNOTS('',1,(#2754,#2755),.UNSPECIFIED.,.F.,
  .F.,(2,2),(-0.7325,-0.4825),.PIECEWISE_BEZIER_KNOTS.);
#2754 = CARTESIAN_POINT('',(3.3,0.25));
#2755 = CARTESIAN_POINT('',(3.3,0.));
#2756 = ( GEOMETRIC_REPRESENTATION_CONTEXT(2) 
PARAMETRIC_REPRESENTATION_CONTEXT() REPRESENTATION_CONTEXT('2D SPACE',''
  ) );
#2757 = ORIENTED_EDGE('',*,*,#2758,.T.);
#2758 = EDGE_CURVE('',#2733,#2759,#2761,.T.);
#2759 = VERTEX_POINT('',#2760);
#2760 = CARTESIAN_POINT('',(-0.125,-2.2,0.3));
#2761 = SURFACE_CURVE('',#2762,(#2766,#2772),.PCURVE_S1.);
#2762 = LINE('',#2763,#2764);
#2763 = CARTESIAN_POINT('',(-0.125,-4.875,0.3));
#2764 = VECTOR('',#2765,1.);
#2765 = DIRECTION('',(0.,1.,0.));
#2766 = PCURVE('',#2461,#2767);
#2767 = DEFINITIONAL_REPRESENTATION('',(#2768),#2771);
#2768 = B_SPLINE_CURVE_WITH_KNOTS('',1,(#2769,#2770),.UNSPECIFIED.,.F.,
  .F.,(2,2),(2.075,2.675),.PIECEWISE_BEZIER_KNOTS.);
#2769 = CARTESIAN_POINT('',(0.965,4.15));
#2770 = CARTESIAN_POINT('',(0.965,4.75));
#2771 = ( GEOMETRIC_REPRESENTATION_CONTEXT(2) 
PARAMETRIC_REPRESENTATION_CONTEXT() REPRESENTATION_CONTEXT('2D SPACE',''
  ) );
#2772 = PCURVE('',#2773,#2778);
#2773 = PLANE('',#2774);
#2774 = AXIS2_PLACEMENT_3D('',#2775,#2776,#2777);
#2775 = CARTESIAN_POINT('',(-0.125,-2.8,-3.));
#2776 = DIRECTION('',(1.,0.,0.));
#2777 = DIRECTION('',(0.,0.,1.));
#2778 = DEFINITIONAL_REPRESENTATION('',(#2779),#2782);
#2779 = B_SPLINE_CURVE_WITH_KNOTS('',1,(#2780,#2781),.UNSPECIFIED.,.F.,
  .F.,(2,2),(2.075,2.675),.PIECEWISE_BEZIER_KNOTS.);
#2780 = CARTESIAN_POINT('',(3.3,0.));
#2781 = CARTESIAN_POINT('',(3.3,-0.6));
#2782 = ( GEOMETRIC_REPRESENTATION_CONTEXT(2) 
PARAMETRIC_REPRESENTATION_CONTEXT() REPRESENTATION_CONTEXT('2D SPACE',''
  ) );
#2783 = ORIENTED_EDGE('',*,*,#2784,.F.);
#2784 = EDGE_CURVE('',#2785,#2759,#2787,.T.);
#2785 = VERTEX_POINT('',#2786);
#2786 = CARTESIAN_POINT('',(0.125,-2.2,0.3));
#2787 = SURFACE_CURVE('',#2788,(#2792,#2798),.PCURVE_S1.);
#2788 = LINE('',#2789,#2790);
#2789 = CARTESIAN_POINT('',(-0.6075,-2.2,0.3));
#2790 = VECTOR('',#2791,1.);
#2791 = DIRECTION('',(-1.,0.,0.));
#2792 = PCURVE('',#2461,#2793);
#2793 = DEFINITIONAL_REPRESENTATION('',(#2794),#2797);
#2794 = B_SPLINE_CURVE_WITH_KNOTS('',1,(#2795,#2796),.UNSPECIFIED.,.F.,
  .F.,(2,2),(-0.7325,-0.4825),.PIECEWISE_BEZIER_KNOTS.);
#2795 = CARTESIAN_POINT('',(1.215,4.75));
#2796 = CARTESIAN_POINT('',(0.965,4.75));
#2797 = ( GEOMETRIC_REPRESENTATION_CONTEXT(2) 
PARAMETRIC_REPRESENTATION_CONTEXT() REPRESENTATION_CONTEXT('2D SPACE',''
  ) );
#2798 = PCURVE('',#2799,#2804);
#2799 = PLANE('',#2800);
#2800 = AXIS2_PLACEMENT_3D('',#2801,#2802,#2803);
#2801 = CARTESIAN_POINT('',(-0.125,-2.2,-3.));
#2802 = DIRECTION('',(0.,1.,0.));
#2803 = DIRECTION('',(0.,0.,1.));
#2804 = DEFINITIONAL_REPRESENTATION('',(#2805),#2808);
#2805 = B_SPLINE_CURVE_WITH_KNOTS('',1,(#2806,#2807),.UNSPECIFIED.,.F.,
  .F.,(2,2),(-0.7325,-0.4825),.PIECEWISE_BEZIER_KNOTS.);
#2806 = CARTESIAN_POINT('',(3.3,0.25));
#2807 = CARTESIAN_POINT('',(3.3,0.));
#2808 = ( GEOMETRIC_REPRESENTATION_CONTEXT(2) 
PARAMETRIC_REPRESENTATION_CONTEXT() REPRESENTATION_CONTEXT('2D SPACE',''
  ) );
#2809 = ORIENTED_EDGE('',*,*,#2810,.F.);
#2810 = EDGE_CURVE('',#2731,#2785,#2811,.T.);
#2811 = SURFACE_CURVE('',#2812,(#2816,#2822),.PCURVE_S1.);
#2812 = LINE('',#2813,#2814);
#2813 = CARTESIAN_POINT('',(0.125,-4.875,0.3));
#2814 = VECTOR('',#2815,1.);
#2815 = DIRECTION('',(0.,1.,0.));
#2816 = PCURVE('',#2461,#2817);
#2817 = DEFINITIONAL_REPRESENTATION('',(#2818),#2821);
#2818 = B_SPLINE_CURVE_WITH_KNOTS('',1,(#2819,#2820),.UNSPECIFIED.,.F.,
  .F.,(2,2),(2.075,2.675),.PIECEWISE_BEZIER_KNOTS.);
#2819 = CARTESIAN_POINT('',(1.215,4.15));
#2820 = CARTESIAN_POINT('',(1.215,4.75));
#2821 = ( GEOMETRIC_REPRESENTATION_CONTEXT(2) 
PARAMETRIC_REPRESENTATION_CONTEXT() REPRESENTATION_CONTEXT('2D SPACE',''
  ) );
#2822 = PCURVE('',#2823,#2828);
#2823 = PLANE('',#2824);
#2824 = AXIS2_PLACEMENT_3D('',#2825,#2826,#2827);
#2825 = CARTESIAN_POINT('',(0.125,-2.8,-3.));
#2826 = DIRECTION('',(1.,0.,0.));
#2827 = DIRECTION('',(0.,0.,1.));
#2828 = DEFINITIONAL_REPRESENTATION('',(#2829),#2832);
#2829 = B_SPLINE_CURVE_WITH_KNOTS('',1,(#2830,#2831),.UNSPECIFIED.,.F.,
  .F.,(2,2),(2.075,2.675),.PIECEWISE_BEZIER_KNOTS.);
#2830 = CARTESIAN_POINT('',(3.3,0.));
#2831 = CARTESIAN_POINT('',(3.3,-0.6));
#2832 = ( GEOMETRIC_REPRESENTATION_CONTEXT(2) 
PARAMETRIC_REPRESENTATION_CONTEXT() REPRESENTATION_CONTEXT('2D SPACE',''
  ) );
#2833 = FACE_BOUND('',#2834,.F.);
#2834 = EDGE_LOOP('',(#2835,#2863,#2889,#2915));
#2835 = ORIENTED_EDGE('',*,*,#2836,.T.);
#2836 = EDGE_CURVE('',#2837,#2839,#2841,.T.);
#2837 = VERTEX_POINT('',#2838);
#2838 = CARTESIAN_POINT('',(2.125,-2.8,0.3));
#2839 = VERTEX_POINT('',#2840);
#2840 = CARTESIAN_POINT('',(1.875,-2.8,0.3));
#2841 = SURFACE_CURVE('',#2842,(#2846,#2852),.PCURVE_S1.);
#2842 = LINE('',#2843,#2844);
#2843 = CARTESIAN_POINT('',(0.3925,-2.8,0.3));
#2844 = VECTOR('',#2845,1.);
#2845 = DIRECTION('',(-1.,0.,0.));
#2846 = PCURVE('',#2461,#2847);
#2847 = DEFINITIONAL_REPRESENTATION('',(#2848),#2851);
#2848 = B_SPLINE_CURVE_WITH_KNOTS('',1,(#2849,#2850),.UNSPECIFIED.,.F.,
  .F.,(2,2),(-1.7325,-1.4825),.PIECEWISE_BEZIER_KNOTS.);
#2849 = CARTESIAN_POINT('',(3.215,4.15));
#2850 = CARTESIAN_POINT('',(2.965,4.15));
#2851 = ( GEOMETRIC_REPRESENTATION_CONTEXT(2) 
PARAMETRIC_REPRESENTATION_CONTEXT() REPRESENTATION_CONTEXT('2D SPACE',''
  ) );
#2852 = PCURVE('',#2853,#2858);
#2853 = PLANE('',#2854);
#2854 = AXIS2_PLACEMENT_3D('',#2855,#2856,#2857);
#2855 = CARTESIAN_POINT('',(1.875,-2.8,-3.));
#2856 = DIRECTION('',(0.,1.,0.));
#2857 = DIRECTION('',(0.,0.,1.));
#2858 = DEFINITIONAL_REPRESENTATION('',(#2859),#2862);
#2859 = B_SPLINE_CURVE_WITH_KNOTS('',1,(#2860,#2861),.UNSPECIFIED.,.F.,
  .F.,(2,2),(-1.7325,-1.4825),.PIECEWISE_BEZIER_KNOTS.);
#2860 = CARTESIAN_POINT('',(3.3,0.25));
#2861 = CARTESIAN_POINT('',(3.3,0.));
#2862 = ( GEOMETRIC_REPRESENTATION_CONTEXT(2) 
PARAMETRIC_REPRESENTATION_CONTEXT() REPRESENTATION_CONTEXT('2D SPACE',''
  ) );
#2863 = ORIENTED_EDGE('',*,*,#2864,.T.);
#2864 = EDGE_CURVE('',#2839,#2865,#2867,.T.);
#2865 = VERTEX_POINT('',#2866);
#2866 = CARTESIAN_POINT('',(1.875,-2.2,0.3));
#2867 = SURFACE_CURVE('',#2868,(#2872,#2878),.PCURVE_S1.);
#2868 = LINE('',#2869,#2870);
#2869 = CARTESIAN_POINT('',(1.875,-4.875,0.3));
#2870 = VECTOR('',#2871,1.);
#2871 = DIRECTION('',(0.,1.,0.));
#2872 = PCURVE('',#2461,#2873);
#2873 = DEFINITIONAL_REPRESENTATION('',(#2874),#2877);
#2874 = B_SPLINE_CURVE_WITH_KNOTS('',1,(#2875,#2876),.UNSPECIFIED.,.F.,
  .F.,(2,2),(2.075,2.675),.PIECEWISE_BEZIER_KNOTS.);
#2875 = CARTESIAN_POINT('',(2.965,4.15));
#2876 = CARTESIAN_POINT('',(2.965,4.75));
#2877 = ( GEOMETRIC_REPRESENTATION_CONTEXT(2) 
PARAMETRIC_REPRESENTATION_CONTEXT() REPRESENTATION_CONTEXT('2D SPACE',''
  ) );
#2878 = PCURVE('',#2879,#2884);
#2879 = PLANE('',#2880);
#2880 = AXIS2_PLACEMENT_3D('',#2881,#2882,#2883);
#2881 = CARTESIAN_POINT('',(1.875,-2.8,-3.));
#2882 = DIRECTION('',(1.,0.,0.));
#2883 = DIRECTION('',(0.,0.,1.));
#2884 = DEFINITIONAL_REPRESENTATION('',(#2885),#2888);
#2885 = B_SPLINE_CURVE_WITH_KNOTS('',1,(#2886,#2887),.UNSPECIFIED.,.F.,
  .F.,(2,2),(2.075,2.675),.PIECEWISE_BEZIER_KNOTS.);
#2886 = CARTESIAN_POINT('',(3.3,0.));
#2887 = CARTESIAN_POINT('',(3.3,-0.6));
#2888 = ( GEOMETRIC_REPRESENTATION_CONTEXT(2) 
PARAMETRIC_REPRESENTATION_CONTEXT() REPRESENTATION_CONTEXT('2D SPACE',''
  ) );
#2889 = ORIENTED_EDGE('',*,*,#2890,.F.);
#2890 = EDGE_CURVE('',#2891,#2865,#2893,.T.);
#2891 = VERTEX_POINT('',#2892);
#2892 = CARTESIAN_POINT('',(2.125,-2.2,0.3));
#2893 = SURFACE_CURVE('',#2894,(#2898,#2904),.PCURVE_S1.);
#2894 = LINE('',#2895,#2896);
#2895 = CARTESIAN_POINT('',(0.3925,-2.2,0.3));
#2896 = VECTOR('',#2897,1.);
#2897 = DIRECTION('',(-1.,0.,0.));
#2898 = PCURVE('',#2461,#2899);
#2899 = DEFINITIONAL_REPRESENTATION('',(#2900),#2903);
#2900 = B_SPLINE_CURVE_WITH_KNOTS('',1,(#2901,#2902),.UNSPECIFIED.,.F.,
  .F.,(2,2),(-1.7325,-1.4825),.PIECEWISE_BEZIER_KNOTS.);
#2901 = CARTESIAN_POINT('',(3.215,4.75));
#2902 = CARTESIAN_POINT('',(2.965,4.75));
#2903 = ( GEOMETRIC_REPRESENTATION_CONTEXT(2) 
PARAMETRIC_REPRESENTATION_CONTEXT() REPRESENTATION_CONTEXT('2D SPACE',''
  ) );
#2904 = PCURVE('',#2905,#2910);
#2905 = PLANE('',#2906);
#2906 = AXIS2_PLACEMENT_3D('',#2907,#2908,#2909);
#2907 = CARTESIAN_POINT('',(1.875,-2.2,-3.));
#2908 = DIRECTION('',(0.,1.,0.));
#2909 = DIRECTION('',(0.,0.,1.));
#2910 = DEFINITIONAL_REPRESENTATION('',(#2911),#2914);
#2911 = B_SPLINE_CURVE_WITH_KNOTS('',1,(#2912,#2913),.UNSPECIFIED.,.F.,
  .F.,(2,2),(-1.7325,-1.4825),.PIECEWISE_BEZIER_KNOTS.);
#2912 = CARTESIAN_POINT('',(3.3,0.25));
#2913 = CARTESIAN_POINT('',(3.3,0.));
#2914 = ( GEOMETRIC_REPRESENTATION_CONTEXT(2) 
PARAMETRIC_REPRESENTATION_CONTEXT() REPRESENTATION_CONTEXT('2D SPACE',''
  ) );
#2915 = ORIENTED_EDGE('',*,*,#2916,.F.);
#2916 = EDGE_CURVE('',#2837,#2891,#2917,.T.);
#2917 = SURFACE_CURVE('',#2918,(#2922,#2928),.PCURVE_S1.);
#2918 = LINE('',#2919,#2920);
#2919 = CARTESIAN_POINT('',(2.125,-4.875,0.3));
#2920 = VECTOR('',#2921,1.);
#2921 = DIRECTION('',(0.,1.,0.));
#2922 = PCURVE('',#2461,#2923);
#2923 = DEFINITIONAL_REPRESENTATION('',(#2924),#2927);
#2924 = B_SPLINE_CURVE_WITH_KNOTS('',1,(#2925,#2926),.UNSPECIFIED.,.F.,
  .F.,(2,2),(2.075,2.675),.PIECEWISE_BEZIER_KNOTS.);
#2925 = CARTESIAN_POINT('',(3.215,4.15));
#2926 = CARTESIAN_POINT('',(3.215,4.75));
#2927 = ( GEOMETRIC_REPRESENTATION_CONTEXT(2) 
PARAMETRIC_REPRESENTATION_CONTEXT() REPRESENTATION_CONTEXT('2D SPACE',''
  ) );
#2928 = PCURVE('',#2929,#2934);
#2929 = PLANE('',#2930);
#2930 = AXIS2_PLACEMENT_3D('',#2931,#2932,#2933);
#2931 = CARTESIAN_POINT('',(2.125,-2.8,-3.));
#2932 = DIRECTION('',(1.,0.,0.));
#2933 = DIRECTION('',(0.,0.,1.));
#2934 = DEFINITIONAL_REPRESENTATION('',(#2935),#2938);
#2935 = B_SPLINE_CURVE_WITH_KNOTS('',1,(#2936,#2937),.UNSPECIFIED.,.F.,
  .F.,(2,2),(2.075,2.675),.PIECEWISE_BEZIER_KNOTS.);
#2936 = CARTESIAN_POINT('',(3.3,0.));
#2937 = CARTESIAN_POINT('',(3.3,-0.6));
#2938 = ( GEOMETRIC_REPRESENTATION_CONTEXT(2) 
PARAMETRIC_REPRESENTATION_CONTEXT() REPRESENTATION_CONTEXT('2D SPACE',''
  ) );
#2939 = FACE_BOUND('',#2940,.F.);
#2940 = EDGE_LOOP('',(#2941,#2969,#2995,#3021));
#2941 = ORIENTED_EDGE('',*,*,#2942,.T.);
#2942 = EDGE_CURVE('',#2943,#2945,#2947,.T.);
#2943 = VERTEX_POINT('',#2944);
#2944 = CARTESIAN_POINT('',(0.125,-0.3,0.3));
#2945 = VERTEX_POINT('',#2946);
#2946 = CARTESIAN_POINT('',(-0.125,-0.3,0.3));
#2947 = SURFACE_CURVE('',#2948,(#2952,#2958),.PCURVE_S1.);
#2948 = LINE('',#2949,#2950);
#2949 = CARTESIAN_POINT('',(-0.6075,-0.3,0.3));
#2950 = VECTOR('',#2951,1.);
#2951 = DIRECTION('',(-1.,0.,0.));
#2952 = PCURVE('',#2461,#2953);
#2953 = DEFINITIONAL_REPRESENTATION('',(#2954),#2957);
#2954 = B_SPLINE_CURVE_WITH_KNOTS('',1,(#2955,#2956),.UNSPECIFIED.,.F.,
  .F.,(2,2),(-0.7325,-0.4825),.PIECEWISE_BEZIER_KNOTS.);
#2955 = CARTESIAN_POINT('',(1.215,6.65));
#2956 = CARTESIAN_POINT('',(0.965,6.65));
#2957 = ( GEOMETRIC_REPRESENTATION_CONTEXT(2) 
PARAMETRIC_REPRESENTATION_CONTEXT() REPRESENTATION_CONTEXT('2D SPACE',''
  ) );
#2958 = PCURVE('',#2959,#2964);
#2959 = PLANE('',#2960);
#2960 = AXIS2_PLACEMENT_3D('',#2961,#2962,#2963);
#2961 = CARTESIAN_POINT('',(-0.125,-0.3,-3.));
#2962 = DIRECTION('',(0.,1.,0.));
#2963 = DIRECTION('',(0.,0.,1.));
#2964 = DEFINITIONAL_REPRESENTATION('',(#2965),#2968);
#2965 = B_SPLINE_CURVE_WITH_KNOTS('',1,(#2966,#2967),.UNSPECIFIED.,.F.,
  .F.,(2,2),(-0.7325,-0.4825),.PIECEWISE_BEZIER_KNOTS.);
#2966 = CARTESIAN_POINT('',(3.3,0.25));
#2967 = CARTESIAN_POINT('',(3.3,0.));
#2968 = ( GEOMETRIC_REPRESENTATION_CONTEXT(2) 
PARAMETRIC_REPRESENTATION_CONTEXT() REPRESENTATION_CONTEXT('2D SPACE',''
  ) );
#2969 = ORIENTED_EDGE('',*,*,#2970,.T.);
#2970 = EDGE_CURVE('',#2945,#2971,#2973,.T.);
#2971 = VERTEX_POINT('',#2972);
#2972 = CARTESIAN_POINT('',(-0.125,0.3,0.3));
#2973 = SURFACE_CURVE('',#2974,(#2978,#2984),.PCURVE_S1.);
#2974 = LINE('',#2975,#2976);
#2975 = CARTESIAN_POINT('',(-0.125,-3.625,0.3));
#2976 = VECTOR('',#2977,1.);
#2977 = DIRECTION('',(0.,1.,0.));
#2978 = PCURVE('',#2461,#2979);
#2979 = DEFINITIONAL_REPRESENTATION('',(#2980),#2983);
#2980 = B_SPLINE_CURVE_WITH_KNOTS('',1,(#2981,#2982),.UNSPECIFIED.,.F.,
  .F.,(2,2),(3.325,3.925),.PIECEWISE_BEZIER_KNOTS.);
#2981 = CARTESIAN_POINT('',(0.965,6.65));
#2982 = CARTESIAN_POINT('',(0.965,7.25));
#2983 = ( GEOMETRIC_REPRESENTATION_CONTEXT(2) 
PARAMETRIC_REPRESENTATION_CONTEXT() REPRESENTATION_CONTEXT('2D SPACE',''
  ) );
#2984 = PCURVE('',#2985,#2990);
#2985 = PLANE('',#2986);
#2986 = AXIS2_PLACEMENT_3D('',#2987,#2988,#2989);
#2987 = CARTESIAN_POINT('',(-0.125,-0.3,-3.));
#2988 = DIRECTION('',(1.,0.,0.));
#2989 = DIRECTION('',(0.,0.,1.));
#2990 = DEFINITIONAL_REPRESENTATION('',(#2991),#2994);
#2991 = B_SPLINE_CURVE_WITH_KNOTS('',1,(#2992,#2993),.UNSPECIFIED.,.F.,
  .F.,(2,2),(3.325,3.925),.PIECEWISE_BEZIER_KNOTS.);
#2992 = CARTESIAN_POINT('',(3.3,0.));
#2993 = CARTESIAN_POINT('',(3.3,-0.6));
#2994 = ( GEOMETRIC_REPRESENTATION_CONTEXT(2) 
PARAMETRIC_REPRESENTATION_CONTEXT() REPRESENTATION_CONTEXT('2D SPACE',''
  ) );
#2995 = ORIENTED_EDGE('',*,*,#2996,.F.);
#2996 = EDGE_CURVE('',#2997,#2971,#2999,.T.);
#2997 = VERTEX_POINT('',#2998);
#2998 = CARTESIAN_POINT('',(0.125,0.3,0.3));
#2999 = SURFACE_CURVE('',#3000,(#3004,#3010),.PCURVE_S1.);
#3000 = LINE('',#3001,#3002);
#3001 = CARTESIAN_POINT('',(-0.6075,0.3,0.3));
#3002 = VECTOR('',#3003,1.);
#3003 = DIRECTION('',(-1.,0.,0.));
#3004 = PCURVE('',#2461,#3005);
#3005 = DEFINITIONAL_REPRESENTATION('',(#3006),#3009);
#3006 = B_SPLINE_CURVE_WITH_KNOTS('',1,(#3007,#3008),.UNSPECIFIED.,.F.,
  .F.,(2,2),(-0.7325,-0.4825),.PIECEWISE_BEZIER_KNOTS.);
#3007 = CARTESIAN_POINT('',(1.215,7.25));
#3008 = CARTESIAN_POINT('',(0.965,7.25));
#3009 = ( GEOMETRIC_REPRESENTATION_CONTEXT(2) 
PARAMETRIC_REPRESENTATION_CONTEXT() REPRESENTATION_CONTEXT('2D SPACE',''
  ) );
#3010 = PCURVE('',#3011,#3016);
#3011 = PLANE('',#3012);
#3012 = AXIS2_PLACEMENT_3D('',#3013,#3014,#3015);
#3013 = CARTESIAN_POINT('',(-0.125,0.3,-3.));
#3014 = DIRECTION('',(0.,1.,0.));
#3015 = DIRECTION('',(0.,0.,1.));
#3016 = DEFINITIONAL_REPRESENTATION('',(#3017),#3020);
#3017 = B_SPLINE_CURVE_WITH_KNOTS('',1,(#3018,#3019),.UNSPECIFIED.,.F.,
  .F.,(2,2),(-0.7325,-0.4825),.PIECEWISE_BEZIER_KNOTS.);
#3018 = CARTESIAN_POINT('',(3.3,0.25));
#3019 = CARTESIAN_POINT('',(3.3,0.));
#3020 = ( GEOMETRIC_REPRESENTATION_CONTEXT(2) 
PARAMETRIC_REPRESENTATION_CONTEXT() REPRESENTATION_CONTEXT('2D SPACE',''
  ) );
#3021 = ORIENTED_EDGE('',*,*,#3022,.F.);
#3022 = EDGE_CURVE('',#2943,#2997,#3023,.T.);
#3023 = SURFACE_CURVE('',#3024,(#3028,#3034),.PCURVE_S1.);
#3024 = LINE('',#3025,#3026);
#3025 = CARTESIAN_POINT('',(0.125,-3.625,0.3));
#3026 = VECTOR('',#3027,1.);
#3027 = DIRECTION('',(0.,1.,0.));
#3028 = PCURVE('',#2461,#3029);
#3029 = DEFINITIONAL_REPRESENTATION('',(#3030),#3033);
#3030 = B_SPLINE_CURVE_WITH_KNOTS('',1,(#3031,#3032),.UNSPECIFIED.,.F.,
  .F.,(2,2),(3.325,3.925),.PIECEWISE_BEZIER_KNOTS.);
#3031 = CARTESIAN_POINT('',(1.215,6.65));
#3032 = CARTESIAN_POINT('',(1.215,7.25));
#3033 = ( GEOMETRIC_REPRESENTATION_CONTEXT(2) 
PARAMETRIC_REPRESENTATION_CONTEXT() REPRESENTATION_CONTEXT('2D SPACE',''
  ) );
#3034 = PCURVE('',#3035,#3040);
#3035 = PLANE('',#3036);
#3036 = AXIS2_PLACEMENT_3D('',#3037,#3038,#3039);
#3037 = CARTESIAN_POINT('',(0.125,-0.3,-3.));
#3038 = DIRECTION('',(1.,0.,0.));
#3039 = DIRECTION('',(0.,0.,1.));
#3040 = DEFINITIONAL_REPRESENTATION('',(#3041),#3044);
#3041 = B_SPLINE_CURVE_WITH_KNOTS('',1,(#3042,#3043),.UNSPECIFIED.,.F.,
  .F.,(2,2),(3.325,3.925),.PIECEWISE_BEZIER_KNOTS.);
#3042 = CARTESIAN_POINT('',(3.3,0.));
#3043 = CARTESIAN_POINT('',(3.3,-0.6));
#3044 = ( GEOMETRIC_REPRESENTATION_CONTEXT(2) 
PARAMETRIC_REPRESENTATION_CONTEXT() REPRESENTATION_CONTEXT('2D SPACE',''
  ) );
#3045 = FACE_BOUND('',#3046,.F.);
#3046 = EDGE_LOOP('',(#3047,#3075,#3101,#3127));
#3047 = ORIENTED_EDGE('',*,*,#3048,.T.);
#3048 = EDGE_CURVE('',#3049,#3051,#3053,.T.);
#3049 = VERTEX_POINT('',#3050);
#3050 = CARTESIAN_POINT('',(2.125,-0.3,0.3));
#3051 = VERTEX_POINT('',#3052);
#3052 = CARTESIAN_POINT('',(1.875,-0.3,0.3));
#3053 = SURFACE_CURVE('',#3054,(#3058,#3064),.PCURVE_S1.);
#3054 = LINE('',#3055,#3056);
#3055 = CARTESIAN_POINT('',(0.3925,-0.3,0.3));
#3056 = VECTOR('',#3057,1.);
#3057 = DIRECTION('',(-1.,0.,0.));
#3058 = PCURVE('',#2461,#3059);
#3059 = DEFINITIONAL_REPRESENTATION('',(#3060),#3063);
#3060 = B_SPLINE_CURVE_WITH_KNOTS('',1,(#3061,#3062),.UNSPECIFIED.,.F.,
  .F.,(2,2),(-1.7325,-1.4825),.PIECEWISE_BEZIER_KNOTS.);
#3061 = CARTESIAN_POINT('',(3.215,6.65));
#3062 = CARTESIAN_POINT('',(2.965,6.65));
#3063 = ( GEOMETRIC_REPRESENTATION_CONTEXT(2) 
PARAMETRIC_REPRESENTATION_CONTEXT() REPRESENTATION_CONTEXT('2D SPACE',''
  ) );
#3064 = PCURVE('',#3065,#3070);
#3065 = PLANE('',#3066);
#3066 = AXIS2_PLACEMENT_3D('',#3067,#3068,#3069);
#3067 = CARTESIAN_POINT('',(1.875,-0.3,-3.));
#3068 = DIRECTION('',(0.,1.,0.));
#3069 = DIRECTION('',(0.,0.,1.));
#3070 = DEFINITIONAL_REPRESENTATION('',(#3071),#3074);
#3071 = B_SPLINE_CURVE_WITH_KNOTS('',1,(#3072,#3073),.UNSPECIFIED.,.F.,
  .F.,(2,2),(-1.7325,-1.4825),.PIECEWISE_BEZIER_KNOTS.);
#3072 = CARTESIAN_POINT('',(3.3,0.25));
#3073 = CARTESIAN_POINT('',(3.3,0.));
#3074 = ( GEOMETRIC_REPRESENTATION_CONTEXT(2) 
PARAMETRIC_REPRESENTATION_CONTEXT() REPRESENTATION_CONTEXT('2D SPACE',''
  ) );
#3075 = ORIENTED_EDGE('',*,*,#3076,.T.);
#3076 = EDGE_CURVE('',#3051,#3077,#3079,.T.);
#3077 = VERTEX_POINT('',#3078);
#3078 = CARTESIAN_POINT('',(1.875,0.3,0.3));
#3079 = SURFACE_CURVE('',#3080,(#3084,#3090),.PCURVE_S1.);
#3080 = LINE('',#3081,#3082);
#3081 = CARTESIAN_POINT('',(1.875,-3.625,0.3));
#3082 = VECTOR('',#3083,1.);
#3083 = DIRECTION('',(0.,1.,0.));
#3084 = PCURVE('',#2461,#3085);
#3085 = DEFINITIONAL_REPRESENTATION('',(#3086),#3089);
#3086 = B_SPLINE_CURVE_WITH_KNOTS('',1,(#3087,#3088),.UNSPECIFIED.,.F.,
  .F.,(2,2),(3.325,3.925),.PIECEWISE_BEZIER_KNOTS.);
#3087 = CARTESIAN_POINT('',(2.965,6.65));
#3088 = CARTESIAN_POINT('',(2.965,7.25));
#3089 = ( GEOMETRIC_REPRESENTATION_CONTEXT(2) 
PARAMETRIC_REPRESENTATION_CONTEXT() REPRESENTATION_CONTEXT('2D SPACE',''
  ) );
#3090 = PCURVE('',#3091,#3096);
#3091 = PLANE('',#3092);
#3092 = AXIS2_PLACEMENT_3D('',#3093,#3094,#3095);
#3093 = CARTESIAN_POINT('',(1.875,-0.3,-3.));
#3094 = DIRECTION('',(1.,0.,0.));
#3095 = DIRECTION('',(0.,0.,1.));
#3096 = DEFINITIONAL_REPRESENTATION('',(#3097),#3100);
#3097 = B_SPLINE_CURVE_WITH_KNOTS('',1,(#3098,#3099),.UNSPECIFIED.,.F.,
  .F.,(2,2),(3.325,3.925),.PIECEWISE_BEZIER_KNOTS.);
#3098 = CARTESIAN_POINT('',(3.3,0.));
#3099 = CARTESIAN_POINT('',(3.3,-0.6));
#3100 = ( GEOMETRIC_REPRESENTATION_CONTEXT(2) 
PARAMETRIC_REPRESENTATION_CONTEXT() REPRESENTATION_CONTEXT('2D SPACE',''
  ) );
#3101 = ORIENTED_EDGE('',*,*,#3102,.F.);
#3102 = EDGE_CURVE('',#3103,#3077,#3105,.T.);
#3103 = VERTEX_POINT('',#3104);
#3104 = CARTESIAN_POINT('',(2.125,0.3,0.3));
#3105 = SURFACE_CURVE('',#3106,(#3110,#3116),.PCURVE_S1.);
#3106 = LINE('',#3107,#3108);
#3107 = CARTESIAN_POINT('',(0.3925,0.3,0.3));
#3108 = VECTOR('',#3109,1.);
#3109 = DIRECTION('',(-1.,0.,0.));
#3110 = PCURVE('',#2461,#3111);
#3111 = DEFINITIONAL_REPRESENTATION('',(#3112),#3115);
#3112 = B_SPLINE_CURVE_WITH_KNOTS('',1,(#3113,#3114),.UNSPECIFIED.,.F.,
  .F.,(2,2),(-1.7325,-1.4825),.PIECEWISE_BEZIER_KNOTS.);
#3113 = CARTESIAN_POINT('',(3.215,7.25));
#3114 = CARTESIAN_POINT('',(2.965,7.25));
#3115 = ( GEOMETRIC_REPRESENTATION_CONTEXT(2) 
PARAMETRIC_REPRESENTATION_CONTEXT() REPRESENTATION_CONTEXT('2D SPACE',''
  ) );
#3116 = PCURVE('',#3117,#3122);
#3117 = PLANE('',#3118);
#3118 = AXIS2_PLACEMENT_3D('',#3119,#3120,#3121);
#3119 = CARTESIAN_POINT('',(1.875,0.3,-3.));
#3120 = DIRECTION('',(0.,1.,0.));
#3121 = DIRECTION('',(0.,0.,1.));
#3122 = DEFINITIONAL_REPRESENTATION('',(#3123),#3126);
#3123 = B_SPLINE_CURVE_WITH_KNOTS('',1,(#3124,#3125),.UNSPECIFIED.,.F.,
  .F.,(2,2),(-1.7325,-1.4825),.PIECEWISE_BEZIER_KNOTS.);
#3124 = CARTESIAN_POINT('',(3.3,0.25));
#3125 = CARTESIAN_POINT('',(3.3,0.));
#3126 = ( GEOMETRIC_REPRESENTATION_CONTEXT(2) 
PARAMETRIC_REPRESENTATION_CONTEXT() REPRESENTATION_CONTEXT('2D SPACE',''
  ) );
#3127 = ORIENTED_EDGE('',*,*,#3128,.F.);
#3128 = EDGE_CURVE('',#3049,#3103,#3129,.T.);
#3129 = SURFACE_CURVE('',#3130,(#3134,#3140),.PCURVE_S1.);
#3130 = LINE('',#3131,#3132);
#3131 = CARTESIAN_POINT('',(2.125,-3.625,0.3));
#3132 = VECTOR('',#3133,1.);
#3133 = DIRECTION('',(0.,1.,0.));
#3134 = PCURVE('',#2461,#3135);
#3135 = DEFINITIONAL_REPRESENTATION('',(#3136),#3139);
#3136 = B_SPLINE_CURVE_WITH_KNOTS('',1,(#3137,#3138),.UNSPECIFIED.,.F.,
  .F.,(2,2),(3.325,3.925),.PIECEWISE_BEZIER_KNOTS.);
#3137 = CARTESIAN_POINT('',(3.215,6.65));
#3138 = CARTESIAN_POINT('',(3.215,7.25));
#3139 = ( GEOMETRIC_REPRESENTATION_CONTEXT(2) 
PARAMETRIC_REPRESENTATION_CONTEXT() REPRESENTATION_CONTEXT('2D SPACE',''
  ) );
#3140 = PCURVE('',#3141,#3146);
#3141 = PLANE('',#3142);
#3142 = AXIS2_PLACEMENT_3D('',#3143,#3144,#3145);
#3143 = CARTESIAN_POINT('',(2.125,-0.3,-3.));
#3144 = DIRECTION('',(1.,0.,0.));
#3145 = DIRECTION('',(0.,0.,1.));
#3146 = DEFINITIONAL_REPRESENTATION('',(#3147),#3150);
#3147 = B_SPLINE_CURVE_WITH_KNOTS('',1,(#3148,#3149),.UNSPECIFIED.,.F.,
  .F.,(2,2),(3.325,3.925),.PIECEWISE_BEZIER_KNOTS.);
#3148 = CARTESIAN_POINT('',(3.3,0.));
#3149 = CARTESIAN_POINT('',(3.3,-0.6));
#3150 = ( GEOMETRIC_REPRESENTATION_CONTEXT(2) 
PARAMETRIC_REPRESENTATION_CONTEXT() REPRESENTATION_CONTEXT('2D SPACE',''
  ) );
#3151 = ADVANCED_FACE('',(#3152,#3158),#2591,.T.);
#3152 = FACE_BOUND('',#3153,.T.);
#3153 = EDGE_LOOP('',(#3154,#3155,#3156,#3157));
#3154 = ORIENTED_EDGE('',*,*,#2577,.F.);
#3155 = ORIENTED_EDGE('',*,*,#2706,.T.);
#3156 = ORIENTED_EDGE('',*,*,#2680,.T.);
#3157 = ORIENTED_EDGE('',*,*,#2608,.F.);
#3158 = FACE_BOUND('',#3159,.T.);
#3159 = EDGE_LOOP('',(#3160,#3188,#3214,#3240,#3266,#3292));
#3160 = ORIENTED_EDGE('',*,*,#3161,.T.);
#3161 = EDGE_CURVE('',#3162,#3164,#3166,.T.);
#3162 = VERTEX_POINT('',#3163);
#3163 = CARTESIAN_POINT('',(15.11,2.975,7.94));
#3164 = VERTEX_POINT('',#3165);
#3165 = CARTESIAN_POINT('',(15.11,2.975,1.46));
#3166 = SURFACE_CURVE('',#3167,(#3171,#3177),.PCURVE_S1.);
#3167 = LINE('',#3168,#3169);
#3168 = CARTESIAN_POINT('',(15.11,2.975,0.88));
#3169 = VECTOR('',#3170,1.);
#3170 = DIRECTION('',(0.,0.,-1.));
#3171 = PCURVE('',#2591,#3172);
#3172 = DEFINITIONAL_REPRESENTATION('',(#3173),#3176);
#3173 = B_SPLINE_CURVE_WITH_KNOTS('',1,(#3174,#3175),.UNSPECIFIED.,.F.,
  .F.,(2,2),(-7.06,-0.58),.PIECEWISE_BEZIER_KNOTS.);
#3174 = CARTESIAN_POINT('',(7.64,-9.925));
#3175 = CARTESIAN_POINT('',(1.16,-9.925));
#3176 = ( GEOMETRIC_REPRESENTATION_CONTEXT(2) 
PARAMETRIC_REPRESENTATION_CONTEXT() REPRESENTATION_CONTEXT('2D SPACE',''
  ) );
#3177 = PCURVE('',#3178,#3183);
#3178 = PLANE('',#3179);
#3179 = AXIS2_PLACEMENT_3D('',#3180,#3181,#3182);
#3180 = CARTESIAN_POINT('',(5.11,2.975,1.46));
#3181 = DIRECTION('',(0.,-1.,0.));
#3182 = DIRECTION('',(0.,0.,1.));
#3183 = DEFINITIONAL_REPRESENTATION('',(#3184),#3187);
#3184 = B_SPLINE_CURVE_WITH_KNOTS('',1,(#3185,#3186),.UNSPECIFIED.,.F.,
  .F.,(2,2),(-7.06,-0.58),.PIECEWISE_BEZIER_KNOTS.);
#3185 = CARTESIAN_POINT('',(6.48,-10.));
#3186 = CARTESIAN_POINT('',(0.,-10.));
#3187 = ( GEOMETRIC_REPRESENTATION_CONTEXT(2) 
PARAMETRIC_REPRESENTATION_CONTEXT() REPRESENTATION_CONTEXT('2D SPACE',''
  ) );
#3188 = ORIENTED_EDGE('',*,*,#3189,.T.);
#3189 = EDGE_CURVE('',#3164,#3190,#3192,.T.);
#3190 = VERTEX_POINT('',#3191);
#3191 = CARTESIAN_POINT('',(15.11,-5.475,1.46));
#3192 = SURFACE_CURVE('',#3193,(#3197,#3203),.PCURVE_S1.);
#3193 = LINE('',#3194,#3195);
#3194 = CARTESIAN_POINT('',(15.11,-6.2125,1.46));
#3195 = VECTOR('',#3196,1.);
#3196 = DIRECTION('',(0.,-1.,0.));
#3197 = PCURVE('',#2591,#3198);
#3198 = DEFINITIONAL_REPRESENTATION('',(#3199),#3202);
#3199 = B_SPLINE_CURVE_WITH_KNOTS('',1,(#3200,#3201),.UNSPECIFIED.,.F.,
  .F.,(2,2),(-9.1875,-0.7375),.PIECEWISE_BEZIER_KNOTS.);
#3200 = CARTESIAN_POINT('',(1.16,-9.925));
#3201 = CARTESIAN_POINT('',(1.16,-1.475));
#3202 = ( GEOMETRIC_REPRESENTATION_CONTEXT(2) 
PARAMETRIC_REPRESENTATION_CONTEXT() REPRESENTATION_CONTEXT('2D SPACE',''
  ) );
#3203 = PCURVE('',#3204,#3209);
#3204 = PLANE('',#3205);
#3205 = AXIS2_PLACEMENT_3D('',#3206,#3207,#3208);
#3206 = CARTESIAN_POINT('',(5.11,-5.475,1.46));
#3207 = DIRECTION('',(0.,0.,1.));
#3208 = DIRECTION('',(0.,1.,0.));
#3209 = DEFINITIONAL_REPRESENTATION('',(#3210),#3213);
#3210 = B_SPLINE_CURVE_WITH_KNOTS('',1,(#3211,#3212),.UNSPECIFIED.,.F.,
  .F.,(2,2),(-9.1875,-0.7375),.PIECEWISE_BEZIER_KNOTS.);
#3211 = CARTESIAN_POINT('',(8.45,-10.));
#3212 = CARTESIAN_POINT('',(0.,-10.));
#3213 = ( GEOMETRIC_REPRESENTATION_CONTEXT(2) 
PARAMETRIC_REPRESENTATION_CONTEXT() REPRESENTATION_CONTEXT('2D SPACE',''
  ) );
#3214 = ORIENTED_EDGE('',*,*,#3215,.T.);
#3215 = EDGE_CURVE('',#3190,#3216,#3218,.T.);
#3216 = VERTEX_POINT('',#3217);
#3217 = CARTESIAN_POINT('',(15.11,-5.475,7.94));
#3218 = SURFACE_CURVE('',#3219,(#3223,#3229),.PCURVE_S1.);
#3219 = LINE('',#3220,#3221);
#3220 = CARTESIAN_POINT('',(15.11,-5.475,4.12));
#3221 = VECTOR('',#3222,1.);
#3222 = DIRECTION('',(0.,-0.,1.));
#3223 = PCURVE('',#2591,#3224);
#3224 = DEFINITIONAL_REPRESENTATION('',(#3225),#3228);
#3225 = B_SPLINE_CURVE_WITH_KNOTS('',1,(#3226,#3227),.UNSPECIFIED.,.F.,
  .F.,(2,2),(-2.66,3.82),.PIECEWISE_BEZIER_KNOTS.);
#3226 = CARTESIAN_POINT('',(1.16,-1.475));
#3227 = CARTESIAN_POINT('',(7.64,-1.475));
#3228 = ( GEOMETRIC_REPRESENTATION_CONTEXT(2) 
PARAMETRIC_REPRESENTATION_CONTEXT() REPRESENTATION_CONTEXT('2D SPACE',''
  ) );
#3229 = PCURVE('',#3230,#3235);
#3230 = PLANE('',#3231);
#3231 = AXIS2_PLACEMENT_3D('',#3232,#3233,#3234);
#3232 = CARTESIAN_POINT('',(5.11,-5.475,7.94));
#3233 = DIRECTION('',(-0.,1.,0.));
#3234 = DIRECTION('',(0.,0.,-1.));
#3235 = DEFINITIONAL_REPRESENTATION('',(#3236),#3239);
#3236 = B_SPLINE_CURVE_WITH_KNOTS('',1,(#3237,#3238),.UNSPECIFIED.,.F.,
  .F.,(2,2),(-2.66,3.82),.PIECEWISE_BEZIER_KNOTS.);
#3237 = CARTESIAN_POINT('',(6.48,-10.));
#3238 = CARTESIAN_POINT('',(0.,-10.));
#3239 = ( GEOMETRIC_REPRESENTATION_CONTEXT(2) 
PARAMETRIC_REPRESENTATION_CONTEXT() REPRESENTATION_CONTEXT('2D SPACE',''
  ) );
#3240 = ORIENTED_EDGE('',*,*,#3241,.T.);
#3241 = EDGE_CURVE('',#3216,#3242,#3244,.T.);
#3242 = VERTEX_POINT('',#3243);
#3243 = CARTESIAN_POINT('',(15.11,-4.175,9.24));
#3244 = SURFACE_CURVE('',#3245,(#3249,#3255),.PCURVE_S1.);
#3245 = LINE('',#3246,#3247);
#3246 = CARTESIAN_POINT('',(15.11,-7.10375,6.31125));
#3247 = VECTOR('',#3248,1.);
#3248 = DIRECTION('',(-0.,0.707106781187,0.707106781187));
#3249 = PCURVE('',#2591,#3250);
#3250 = DEFINITIONAL_REPRESENTATION('',(#3251),#3254);
#3251 = B_SPLINE_CURVE_WITH_KNOTS('',1,(#3252,#3253),.UNSPECIFIED.,.F.,
  .F.,(2,2),(2.303400339715,4.1418779708),.PIECEWISE_BEZIER_KNOTS.);
#3252 = CARTESIAN_POINT('',(7.64,-1.475));
#3253 = CARTESIAN_POINT('',(8.94,-2.775));
#3254 = ( GEOMETRIC_REPRESENTATION_CONTEXT(2) 
PARAMETRIC_REPRESENTATION_CONTEXT() REPRESENTATION_CONTEXT('2D SPACE',''
  ) );
#3255 = PCURVE('',#3256,#3261);
#3256 = PLANE('',#3257);
#3257 = AXIS2_PLACEMENT_3D('',#3258,#3259,#3260);
#3258 = CARTESIAN_POINT('',(5.11,-4.175,9.24));
#3259 = DIRECTION('',(0.,0.707106781187,-0.707106781187));
#3260 = DIRECTION('',(0.,-0.707106781187,-0.707106781187));
#3261 = DEFINITIONAL_REPRESENTATION('',(#3262),#3265);
#3262 = B_SPLINE_CURVE_WITH_KNOTS('',1,(#3263,#3264),.UNSPECIFIED.,.F.,
  .F.,(2,2),(2.303400339715,4.1418779708),.PIECEWISE_BEZIER_KNOTS.);
#3263 = CARTESIAN_POINT('',(1.838477631085,-10.));
#3264 = CARTESIAN_POINT('',(0.,-10.));
#3265 = ( GEOMETRIC_REPRESENTATION_CONTEXT(2) 
PARAMETRIC_REPRESENTATION_CONTEXT() REPRESENTATION_CONTEXT('2D SPACE',''
  ) );
#3266 = ORIENTED_EDGE('',*,*,#3267,.T.);
#3267 = EDGE_CURVE('',#3242,#3268,#3270,.T.);
#3268 = VERTEX_POINT('',#3269);
#3269 = CARTESIAN_POINT('',(15.11,1.675,9.24));
#3270 = SURFACE_CURVE('',#3271,(#3275,#3281),.PCURVE_S1.);
#3271 = LINE('',#3272,#3273);
#3272 = CARTESIAN_POINT('',(15.11,-2.6375,9.24));
#3273 = VECTOR('',#3274,1.);
#3274 = DIRECTION('',(-0.,1.,0.));
#3275 = PCURVE('',#2591,#3276);
#3276 = DEFINITIONAL_REPRESENTATION('',(#3277),#3280);
#3277 = B_SPLINE_CURVE_WITH_KNOTS('',1,(#3278,#3279),.UNSPECIFIED.,.F.,
  .F.,(2,2),(-1.5375,4.3125),.PIECEWISE_BEZIER_KNOTS.);
#3278 = CARTESIAN_POINT('',(8.94,-2.775));
#3279 = CARTESIAN_POINT('',(8.94,-8.625));
#3280 = ( GEOMETRIC_REPRESENTATION_CONTEXT(2) 
PARAMETRIC_REPRESENTATION_CONTEXT() REPRESENTATION_CONTEXT('2D SPACE',''
  ) );
#3281 = PCURVE('',#3282,#3287);
#3282 = PLANE('',#3283);
#3283 = AXIS2_PLACEMENT_3D('',#3284,#3285,#3286);
#3284 = CARTESIAN_POINT('',(5.11,1.675,9.24));
#3285 = DIRECTION('',(0.,0.,-1.));
#3286 = DIRECTION('',(0.,-1.,0.));
#3287 = DEFINITIONAL_REPRESENTATION('',(#3288),#3291);
#3288 = B_SPLINE_CURVE_WITH_KNOTS('',1,(#3289,#3290),.UNSPECIFIED.,.F.,
  .F.,(2,2),(-1.5375,4.3125),.PIECEWISE_BEZIER_KNOTS.);
#3289 = CARTESIAN_POINT('',(5.85,-10.));
#3290 = CARTESIAN_POINT('',(0.,-10.));
#3291 = ( GEOMETRIC_REPRESENTATION_CONTEXT(2) 
PARAMETRIC_REPRESENTATION_CONTEXT() REPRESENTATION_CONTEXT('2D SPACE',''
  ) );
#3292 = ORIENTED_EDGE('',*,*,#3293,.T.);
#3293 = EDGE_CURVE('',#3268,#3162,#3294,.T.);
#3294 = SURFACE_CURVE('',#3295,(#3299,#3305),.PCURVE_S1.);
#3295 = LINE('',#3296,#3297);
#3296 = CARTESIAN_POINT('',(15.11,2.40375,8.51125));
#3297 = VECTOR('',#3298,1.);
#3298 = DIRECTION('',(0.,0.707106781187,-0.707106781187));
#3299 = PCURVE('',#2591,#3300);
#3300 = DEFINITIONAL_REPRESENTATION('',(#3301),#3304);
#3301 = B_SPLINE_CURVE_WITH_KNOTS('',1,(#3302,#3303),.UNSPECIFIED.,.F.,
  .F.,(2,2),(-1.030608133579,0.807869497506),.PIECEWISE_BEZIER_KNOTS.);
#3302 = CARTESIAN_POINT('',(8.94,-8.625));
#3303 = CARTESIAN_POINT('',(7.64,-9.925));
#3304 = ( GEOMETRIC_REPRESENTATION_CONTEXT(2) 
PARAMETRIC_REPRESENTATION_CONTEXT() REPRESENTATION_CONTEXT('2D SPACE',''
  ) );
#3305 = PCURVE('',#3306,#3311);
#3306 = PLANE('',#3307);
#3307 = AXIS2_PLACEMENT_3D('',#3308,#3309,#3310);
#3308 = CARTESIAN_POINT('',(5.11,2.975,7.94));
#3309 = DIRECTION('',(0.,-0.707106781187,-0.707106781187));
#3310 = DIRECTION('',(0.,-0.707106781187,0.707106781187));
#3311 = DEFINITIONAL_REPRESENTATION('',(#3312),#3315);
#3312 = B_SPLINE_CURVE_WITH_KNOTS('',1,(#3313,#3314),.UNSPECIFIED.,.F.,
  .F.,(2,2),(-1.030608133579,0.807869497506),.PIECEWISE_BEZIER_KNOTS.);
#3313 = CARTESIAN_POINT('',(1.838477631085,-10.));
#3314 = CARTESIAN_POINT('',(0.,-10.));
#3315 = ( GEOMETRIC_REPRESENTATION_CONTEXT(2) 
PARAMETRIC_REPRESENTATION_CONTEXT() REPRESENTATION_CONTEXT('2D SPACE',''
  ) );
#3316 = ADVANCED_FACE('',(#3317),#2747,.T.);
#3317 = FACE_BOUND('',#3318,.T.);
#3318 = EDGE_LOOP('',(#3319,#3342,#3343,#3366));
#3319 = ORIENTED_EDGE('',*,*,#3320,.F.);
#3320 = EDGE_CURVE('',#2731,#3321,#3323,.T.);
#3321 = VERTEX_POINT('',#3322);
#3322 = CARTESIAN_POINT('',(0.125,-2.8,1.5));
#3323 = SURFACE_CURVE('',#3324,(#3328,#3335),.PCURVE_S1.);
#3324 = LINE('',#3325,#3326);
#3325 = CARTESIAN_POINT('',(0.125,-2.8,-3.));
#3326 = VECTOR('',#3327,1.);
#3327 = DIRECTION('',(0.,0.,1.));
#3328 = PCURVE('',#2747,#3329);
#3329 = DEFINITIONAL_REPRESENTATION('',(#3330),#3334);
#3330 = LINE('',#3331,#3332);
#3331 = CARTESIAN_POINT('',(0.,0.25));
#3332 = VECTOR('',#3333,1.);
#3333 = DIRECTION('',(1.,0.));
#3334 = ( GEOMETRIC_REPRESENTATION_CONTEXT(2) 
PARAMETRIC_REPRESENTATION_CONTEXT() REPRESENTATION_CONTEXT('2D SPACE',''
  ) );
#3335 = PCURVE('',#2823,#3336);
#3336 = DEFINITIONAL_REPRESENTATION('',(#3337),#3341);
#3337 = LINE('',#3338,#3339);
#3338 = CARTESIAN_POINT('',(0.,0.));
#3339 = VECTOR('',#3340,1.);
#3340 = DIRECTION('',(1.,0.));
#3341 = ( GEOMETRIC_REPRESENTATION_CONTEXT(2) 
PARAMETRIC_REPRESENTATION_CONTEXT() REPRESENTATION_CONTEXT('2D SPACE',''
  ) );
#3342 = ORIENTED_EDGE('',*,*,#2730,.T.);
#3343 = ORIENTED_EDGE('',*,*,#3344,.T.);
#3344 = EDGE_CURVE('',#2733,#3345,#3347,.T.);
#3345 = VERTEX_POINT('',#3346);
#3346 = CARTESIAN_POINT('',(-0.125,-2.8,1.5));
#3347 = SURFACE_CURVE('',#3348,(#3352,#3359),.PCURVE_S1.);
#3348 = LINE('',#3349,#3350);
#3349 = CARTESIAN_POINT('',(-0.125,-2.8,-3.));
#3350 = VECTOR('',#3351,1.);
#3351 = DIRECTION('',(0.,0.,1.));
#3352 = PCURVE('',#2747,#3353);
#3353 = DEFINITIONAL_REPRESENTATION('',(#3354),#3358);
#3354 = LINE('',#3355,#3356);
#3355 = CARTESIAN_POINT('',(0.,0.));
#3356 = VECTOR('',#3357,1.);
#3357 = DIRECTION('',(1.,0.));
#3358 = ( GEOMETRIC_REPRESENTATION_CONTEXT(2) 
PARAMETRIC_REPRESENTATION_CONTEXT() REPRESENTATION_CONTEXT('2D SPACE',''
  ) );
#3359 = PCURVE('',#2773,#3360);
#3360 = DEFINITIONAL_REPRESENTATION('',(#3361),#3365);
#3361 = LINE('',#3362,#3363);
#3362 = CARTESIAN_POINT('',(0.,0.));
#3363 = VECTOR('',#3364,1.);
#3364 = DIRECTION('',(1.,0.));
#3365 = ( GEOMETRIC_REPRESENTATION_CONTEXT(2) 
PARAMETRIC_REPRESENTATION_CONTEXT() REPRESENTATION_CONTEXT('2D SPACE',''
  ) );
#3366 = ORIENTED_EDGE('',*,*,#3367,.T.);
#3367 = EDGE_CURVE('',#3345,#3321,#3368,.T.);
#3368 = SURFACE_CURVE('',#3369,(#3373,#3380),.PCURVE_S1.);
#3369 = LINE('',#3370,#3371);
#3370 = CARTESIAN_POINT('',(-0.125,-2.8,1.5));
#3371 = VECTOR('',#3372,1.);
#3372 = DIRECTION('',(1.,0.,0.));
#3373 = PCURVE('',#2747,#3374);
#3374 = DEFINITIONAL_REPRESENTATION('',(#3375),#3379);
#3375 = LINE('',#3376,#3377);
#3376 = CARTESIAN_POINT('',(4.5,0.));
#3377 = VECTOR('',#3378,1.);
#3378 = DIRECTION('',(0.,1.));
#3379 = ( GEOMETRIC_REPRESENTATION_CONTEXT(2) 
PARAMETRIC_REPRESENTATION_CONTEXT() REPRESENTATION_CONTEXT('2D SPACE',''
  ) );
#3380 = PCURVE('',#3381,#3386);
#3381 = PLANE('',#3382);
#3382 = AXIS2_PLACEMENT_3D('',#3383,#3384,#3385);
#3383 = CARTESIAN_POINT('',(-0.125,-2.8,1.5));
#3384 = DIRECTION('',(0.,0.,1.));
#3385 = DIRECTION('',(1.,0.,0.));
#3386 = DEFINITIONAL_REPRESENTATION('',(#3387),#3391);
#3387 = LINE('',#3388,#3389);
#3388 = CARTESIAN_POINT('',(0.,0.));
#3389 = VECTOR('',#3390,1.);
#3390 = DIRECTION('',(1.,0.));
#3391 = ( GEOMETRIC_REPRESENTATION_CONTEXT(2) 
PARAMETRIC_REPRESENTATION_CONTEXT() REPRESENTATION_CONTEXT('2D SPACE',''
  ) );
#3392 = ADVANCED_FACE('',(#3393),#2823,.F.);
#3393 = FACE_BOUND('',#3394,.F.);
#3394 = EDGE_LOOP('',(#3395,#3396,#3397,#3420));
#3395 = ORIENTED_EDGE('',*,*,#3320,.F.);
#3396 = ORIENTED_EDGE('',*,*,#2810,.T.);
#3397 = ORIENTED_EDGE('',*,*,#3398,.T.);
#3398 = EDGE_CURVE('',#2785,#3399,#3401,.T.);
#3399 = VERTEX_POINT('',#3400);
#3400 = CARTESIAN_POINT('',(0.125,-2.2,1.5));
#3401 = SURFACE_CURVE('',#3402,(#3406,#3413),.PCURVE_S1.);
#3402 = LINE('',#3403,#3404);
#3403 = CARTESIAN_POINT('',(0.125,-2.2,-3.));
#3404 = VECTOR('',#3405,1.);
#3405 = DIRECTION('',(0.,0.,1.));
#3406 = PCURVE('',#2823,#3407);
#3407 = DEFINITIONAL_REPRESENTATION('',(#3408),#3412);
#3408 = LINE('',#3409,#3410);
#3409 = CARTESIAN_POINT('',(0.,-0.6));
#3410 = VECTOR('',#3411,1.);
#3411 = DIRECTION('',(1.,0.));
#3412 = ( GEOMETRIC_REPRESENTATION_CONTEXT(2) 
PARAMETRIC_REPRESENTATION_CONTEXT() REPRESENTATION_CONTEXT('2D SPACE',''
  ) );
#3413 = PCURVE('',#2799,#3414);
#3414 = DEFINITIONAL_REPRESENTATION('',(#3415),#3419);
#3415 = LINE('',#3416,#3417);
#3416 = CARTESIAN_POINT('',(0.,0.25));
#3417 = VECTOR('',#3418,1.);
#3418 = DIRECTION('',(1.,0.));
#3419 = ( GEOMETRIC_REPRESENTATION_CONTEXT(2) 
PARAMETRIC_REPRESENTATION_CONTEXT() REPRESENTATION_CONTEXT('2D SPACE',''
  ) );
#3420 = ORIENTED_EDGE('',*,*,#3421,.F.);
#3421 = EDGE_CURVE('',#3321,#3399,#3422,.T.);
#3422 = SURFACE_CURVE('',#3423,(#3427,#3434),.PCURVE_S1.);
#3423 = LINE('',#3424,#3425);
#3424 = CARTESIAN_POINT('',(0.125,-2.8,1.5));
#3425 = VECTOR('',#3426,1.);
#3426 = DIRECTION('',(0.,1.,0.));
#3427 = PCURVE('',#2823,#3428);
#3428 = DEFINITIONAL_REPRESENTATION('',(#3429),#3433);
#3429 = LINE('',#3430,#3431);
#3430 = CARTESIAN_POINT('',(4.5,0.));
#3431 = VECTOR('',#3432,1.);
#3432 = DIRECTION('',(0.,-1.));
#3433 = ( GEOMETRIC_REPRESENTATION_CONTEXT(2) 
PARAMETRIC_REPRESENTATION_CONTEXT() REPRESENTATION_CONTEXT('2D SPACE',''
  ) );
#3434 = PCURVE('',#3381,#3435);
#3435 = DEFINITIONAL_REPRESENTATION('',(#3436),#3440);
#3436 = LINE('',#3437,#3438);
#3437 = CARTESIAN_POINT('',(0.25,0.));
#3438 = VECTOR('',#3439,1.);
#3439 = DIRECTION('',(0.,1.));
#3440 = ( GEOMETRIC_REPRESENTATION_CONTEXT(2) 
PARAMETRIC_REPRESENTATION_CONTEXT() REPRESENTATION_CONTEXT('2D SPACE',''
  ) );
#3441 = ADVANCED_FACE('',(#3442),#2773,.T.);
#3442 = FACE_BOUND('',#3443,.T.);
#3443 = EDGE_LOOP('',(#3444,#3445,#3446,#3469));
#3444 = ORIENTED_EDGE('',*,*,#3344,.F.);
#3445 = ORIENTED_EDGE('',*,*,#2758,.T.);
#3446 = ORIENTED_EDGE('',*,*,#3447,.T.);
#3447 = EDGE_CURVE('',#2759,#3448,#3450,.T.);
#3448 = VERTEX_POINT('',#3449);
#3449 = CARTESIAN_POINT('',(-0.125,-2.2,1.5));
#3450 = SURFACE_CURVE('',#3451,(#3455,#3462),.PCURVE_S1.);
#3451 = LINE('',#3452,#3453);
#3452 = CARTESIAN_POINT('',(-0.125,-2.2,-3.));
#3453 = VECTOR('',#3454,1.);
#3454 = DIRECTION('',(0.,0.,1.));
#3455 = PCURVE('',#2773,#3456);
#3456 = DEFINITIONAL_REPRESENTATION('',(#3457),#3461);
#3457 = LINE('',#3458,#3459);
#3458 = CARTESIAN_POINT('',(0.,-0.6));
#3459 = VECTOR('',#3460,1.);
#3460 = DIRECTION('',(1.,0.));
#3461 = ( GEOMETRIC_REPRESENTATION_CONTEXT(2) 
PARAMETRIC_REPRESENTATION_CONTEXT() REPRESENTATION_CONTEXT('2D SPACE',''
  ) );
#3462 = PCURVE('',#2799,#3463);
#3463 = DEFINITIONAL_REPRESENTATION('',(#3464),#3468);
#3464 = LINE('',#3465,#3466);
#3465 = CARTESIAN_POINT('',(0.,0.));
#3466 = VECTOR('',#3467,1.);
#3467 = DIRECTION('',(1.,0.));
#3468 = ( GEOMETRIC_REPRESENTATION_CONTEXT(2) 
PARAMETRIC_REPRESENTATION_CONTEXT() REPRESENTATION_CONTEXT('2D SPACE',''
  ) );
#3469 = ORIENTED_EDGE('',*,*,#3470,.F.);
#3470 = EDGE_CURVE('',#3345,#3448,#3471,.T.);
#3471 = SURFACE_CURVE('',#3472,(#3476,#3483),.PCURVE_S1.);
#3472 = LINE('',#3473,#3474);
#3473 = CARTESIAN_POINT('',(-0.125,-2.8,1.5));
#3474 = VECTOR('',#3475,1.);
#3475 = DIRECTION('',(0.,1.,0.));
#3476 = PCURVE('',#2773,#3477);
#3477 = DEFINITIONAL_REPRESENTATION('',(#3478),#3482);
#3478 = LINE('',#3479,#3480);
#3479 = CARTESIAN_POINT('',(4.5,0.));
#3480 = VECTOR('',#3481,1.);
#3481 = DIRECTION('',(0.,-1.));
#3482 = ( GEOMETRIC_REPRESENTATION_CONTEXT(2) 
PARAMETRIC_REPRESENTATION_CONTEXT() REPRESENTATION_CONTEXT('2D SPACE',''
  ) );
#3483 = PCURVE('',#3381,#3484);
#3484 = DEFINITIONAL_REPRESENTATION('',(#3485),#3489);
#3485 = LINE('',#3486,#3487);
#3486 = CARTESIAN_POINT('',(0.,0.));
#3487 = VECTOR('',#3488,1.);
#3488 = DIRECTION('',(0.,1.));
#3489 = ( GEOMETRIC_REPRESENTATION_CONTEXT(2) 
PARAMETRIC_REPRESENTATION_CONTEXT() REPRESENTATION_CONTEXT('2D SPACE',''
  ) );
#3490 = ADVANCED_FACE('',(#3491),#2799,.F.);
#3491 = FACE_BOUND('',#3492,.F.);
#3492 = EDGE_LOOP('',(#3493,#3494,#3495,#3496));
#3493 = ORIENTED_EDGE('',*,*,#3398,.F.);
#3494 = ORIENTED_EDGE('',*,*,#2784,.T.);
#3495 = ORIENTED_EDGE('',*,*,#3447,.T.);
#3496 = ORIENTED_EDGE('',*,*,#3497,.T.);
#3497 = EDGE_CURVE('',#3448,#3399,#3498,.T.);
#3498 = SURFACE_CURVE('',#3499,(#3503,#3510),.PCURVE_S1.);
#3499 = LINE('',#3500,#3501);
#3500 = CARTESIAN_POINT('',(-0.125,-2.2,1.5));
#3501 = VECTOR('',#3502,1.);
#3502 = DIRECTION('',(1.,0.,0.));
#3503 = PCURVE('',#2799,#3504);
#3504 = DEFINITIONAL_REPRESENTATION('',(#3505),#3509);
#3505 = LINE('',#3506,#3507);
#3506 = CARTESIAN_POINT('',(4.5,0.));
#3507 = VECTOR('',#3508,1.);
#3508 = DIRECTION('',(0.,1.));
#3509 = ( GEOMETRIC_REPRESENTATION_CONTEXT(2) 
PARAMETRIC_REPRESENTATION_CONTEXT() REPRESENTATION_CONTEXT('2D SPACE',''
  ) );
#3510 = PCURVE('',#3381,#3511);
#3511 = DEFINITIONAL_REPRESENTATION('',(#3512),#3516);
#3512 = LINE('',#3513,#3514);
#3513 = CARTESIAN_POINT('',(0.,0.6));
#3514 = VECTOR('',#3515,1.);
#3515 = DIRECTION('',(1.,0.));
#3516 = ( GEOMETRIC_REPRESENTATION_CONTEXT(2) 
PARAMETRIC_REPRESENTATION_CONTEXT() REPRESENTATION_CONTEXT('2D SPACE',''
  ) );
#3517 = ADVANCED_FACE('',(#3518),#2853,.T.);
#3518 = FACE_BOUND('',#3519,.T.);
#3519 = EDGE_LOOP('',(#3520,#3543,#3544,#3567));
#3520 = ORIENTED_EDGE('',*,*,#3521,.F.);
#3521 = EDGE_CURVE('',#2837,#3522,#3524,.T.);
#3522 = VERTEX_POINT('',#3523);
#3523 = CARTESIAN_POINT('',(2.125,-2.8,1.5));
#3524 = SURFACE_CURVE('',#3525,(#3529,#3536),.PCURVE_S1.);
#3525 = LINE('',#3526,#3527);
#3526 = CARTESIAN_POINT('',(2.125,-2.8,-3.));
#3527 = VECTOR('',#3528,1.);
#3528 = DIRECTION('',(0.,0.,1.));
#3529 = PCURVE('',#2853,#3530);
#3530 = DEFINITIONAL_REPRESENTATION('',(#3531),#3535);
#3531 = LINE('',#3532,#3533);
#3532 = CARTESIAN_POINT('',(0.,0.25));
#3533 = VECTOR('',#3534,1.);
#3534 = DIRECTION('',(1.,0.));
#3535 = ( GEOMETRIC_REPRESENTATION_CONTEXT(2) 
PARAMETRIC_REPRESENTATION_CONTEXT() REPRESENTATION_CONTEXT('2D SPACE',''
  ) );
#3536 = PCURVE('',#2929,#3537);
#3537 = DEFINITIONAL_REPRESENTATION('',(#3538),#3542);
#3538 = LINE('',#3539,#3540);
#3539 = CARTESIAN_POINT('',(0.,0.));
#3540 = VECTOR('',#3541,1.);
#3541 = DIRECTION('',(1.,0.));
#3542 = ( GEOMETRIC_REPRESENTATION_CONTEXT(2) 
PARAMETRIC_REPRESENTATION_CONTEXT() REPRESENTATION_CONTEXT('2D SPACE',''
  ) );
#3543 = ORIENTED_EDGE('',*,*,#2836,.T.);
#3544 = ORIENTED_EDGE('',*,*,#3545,.T.);
#3545 = EDGE_CURVE('',#2839,#3546,#3548,.T.);
#3546 = VERTEX_POINT('',#3547);
#3547 = CARTESIAN_POINT('',(1.875,-2.8,1.5));
#3548 = SURFACE_CURVE('',#3549,(#3553,#3560),.PCURVE_S1.);
#3549 = LINE('',#3550,#3551);
#3550 = CARTESIAN_POINT('',(1.875,-2.8,-3.));
#3551 = VECTOR('',#3552,1.);
#3552 = DIRECTION('',(0.,0.,1.));
#3553 = PCURVE('',#2853,#3554);
#3554 = DEFINITIONAL_REPRESENTATION('',(#3555),#3559);
#3555 = LINE('',#3556,#3557);
#3556 = CARTESIAN_POINT('',(0.,0.));
#3557 = VECTOR('',#3558,1.);
#3558 = DIRECTION('',(1.,0.));
#3559 = ( GEOMETRIC_REPRESENTATION_CONTEXT(2) 
PARAMETRIC_REPRESENTATION_CONTEXT() REPRESENTATION_CONTEXT('2D SPACE',''
  ) );
#3560 = PCURVE('',#2879,#3561);
#3561 = DEFINITIONAL_REPRESENTATION('',(#3562),#3566);
#3562 = LINE('',#3563,#3564);
#3563 = CARTESIAN_POINT('',(0.,0.));
#3564 = VECTOR('',#3565,1.);
#3565 = DIRECTION('',(1.,0.));
#3566 = ( GEOMETRIC_REPRESENTATION_CONTEXT(2) 
PARAMETRIC_REPRESENTATION_CONTEXT() REPRESENTATION_CONTEXT('2D SPACE',''
  ) );
#3567 = ORIENTED_EDGE('',*,*,#3568,.T.);
#3568 = EDGE_CURVE('',#3546,#3522,#3569,.T.);
#3569 = SURFACE_CURVE('',#3570,(#3574,#3581),.PCURVE_S1.);
#3570 = LINE('',#3571,#3572);
#3571 = CARTESIAN_POINT('',(1.875,-2.8,1.5));
#3572 = VECTOR('',#3573,1.);
#3573 = DIRECTION('',(1.,0.,0.));
#3574 = PCURVE('',#2853,#3575);
#3575 = DEFINITIONAL_REPRESENTATION('',(#3576),#3580);
#3576 = LINE('',#3577,#3578);
#3577 = CARTESIAN_POINT('',(4.5,0.));
#3578 = VECTOR('',#3579,1.);
#3579 = DIRECTION('',(0.,1.));
#3580 = ( GEOMETRIC_REPRESENTATION_CONTEXT(2) 
PARAMETRIC_REPRESENTATION_CONTEXT() REPRESENTATION_CONTEXT('2D SPACE',''
  ) );
#3581 = PCURVE('',#3582,#3587);
#3582 = PLANE('',#3583);
#3583 = AXIS2_PLACEMENT_3D('',#3584,#3585,#3586);
#3584 = CARTESIAN_POINT('',(1.875,-2.8,1.5));
#3585 = DIRECTION('',(0.,0.,1.));
#3586 = DIRECTION('',(1.,0.,0.));
#3587 = DEFINITIONAL_REPRESENTATION('',(#3588),#3592);
#3588 = LINE('',#3589,#3590);
#3589 = CARTESIAN_POINT('',(0.,0.));
#3590 = VECTOR('',#3591,1.);
#3591 = DIRECTION('',(1.,0.));
#3592 = ( GEOMETRIC_REPRESENTATION_CONTEXT(2) 
PARAMETRIC_REPRESENTATION_CONTEXT() REPRESENTATION_CONTEXT('2D SPACE',''
  ) );
#3593 = ADVANCED_FACE('',(#3594),#2929,.F.);
#3594 = FACE_BOUND('',#3595,.F.);
#3595 = EDGE_LOOP('',(#3596,#3597,#3598,#3621));
#3596 = ORIENTED_EDGE('',*,*,#3521,.F.);
#3597 = ORIENTED_EDGE('',*,*,#2916,.T.);
#3598 = ORIENTED_EDGE('',*,*,#3599,.T.);
#3599 = EDGE_CURVE('',#2891,#3600,#3602,.T.);
#3600 = VERTEX_POINT('',#3601);
#3601 = CARTESIAN_POINT('',(2.125,-2.2,1.5));
#3602 = SURFACE_CURVE('',#3603,(#3607,#3614),.PCURVE_S1.);
#3603 = LINE('',#3604,#3605);
#3604 = CARTESIAN_POINT('',(2.125,-2.2,-3.));
#3605 = VECTOR('',#3606,1.);
#3606 = DIRECTION('',(0.,0.,1.));
#3607 = PCURVE('',#2929,#3608);
#3608 = DEFINITIONAL_REPRESENTATION('',(#3609),#3613);
#3609 = LINE('',#3610,#3611);
#3610 = CARTESIAN_POINT('',(0.,-0.6));
#3611 = VECTOR('',#3612,1.);
#3612 = DIRECTION('',(1.,0.));
#3613 = ( GEOMETRIC_REPRESENTATION_CONTEXT(2) 
PARAMETRIC_REPRESENTATION_CONTEXT() REPRESENTATION_CONTEXT('2D SPACE',''
  ) );
#3614 = PCURVE('',#2905,#3615);
#3615 = DEFINITIONAL_REPRESENTATION('',(#3616),#3620);
#3616 = LINE('',#3617,#3618);
#3617 = CARTESIAN_POINT('',(0.,0.25));
#3618 = VECTOR('',#3619,1.);
#3619 = DIRECTION('',(1.,0.));
#3620 = ( GEOMETRIC_REPRESENTATION_CONTEXT(2) 
PARAMETRIC_REPRESENTATION_CONTEXT() REPRESENTATION_CONTEXT('2D SPACE',''
  ) );
#3621 = ORIENTED_EDGE('',*,*,#3622,.F.);
#3622 = EDGE_CURVE('',#3522,#3600,#3623,.T.);
#3623 = SURFACE_CURVE('',#3624,(#3628,#3635),.PCURVE_S1.);
#3624 = LINE('',#3625,#3626);
#3625 = CARTESIAN_POINT('',(2.125,-2.8,1.5));
#3626 = VECTOR('',#3627,1.);
#3627 = DIRECTION('',(0.,1.,0.));
#3628 = PCURVE('',#2929,#3629);
#3629 = DEFINITIONAL_REPRESENTATION('',(#3630),#3634);
#3630 = LINE('',#3631,#3632);
#3631 = CARTESIAN_POINT('',(4.5,0.));
#3632 = VECTOR('',#3633,1.);
#3633 = DIRECTION('',(0.,-1.));
#3634 = ( GEOMETRIC_REPRESENTATION_CONTEXT(2) 
PARAMETRIC_REPRESENTATION_CONTEXT() REPRESENTATION_CONTEXT('2D SPACE',''
  ) );
#3635 = PCURVE('',#3582,#3636);
#3636 = DEFINITIONAL_REPRESENTATION('',(#3637),#3641);
#3637 = LINE('',#3638,#3639);
#3638 = CARTESIAN_POINT('',(0.25,0.));
#3639 = VECTOR('',#3640,1.);
#3640 = DIRECTION('',(0.,1.));
#3641 = ( GEOMETRIC_REPRESENTATION_CONTEXT(2) 
PARAMETRIC_REPRESENTATION_CONTEXT() REPRESENTATION_CONTEXT('2D SPACE',''
  ) );
#3642 = ADVANCED_FACE('',(#3643),#2879,.T.);
#3643 = FACE_BOUND('',#3644,.T.);
#3644 = EDGE_LOOP('',(#3645,#3646,#3647,#3670));
#3645 = ORIENTED_EDGE('',*,*,#3545,.F.);
#3646 = ORIENTED_EDGE('',*,*,#2864,.T.);
#3647 = ORIENTED_EDGE('',*,*,#3648,.T.);
#3648 = EDGE_CURVE('',#2865,#3649,#3651,.T.);
#3649 = VERTEX_POINT('',#3650);
#3650 = CARTESIAN_POINT('',(1.875,-2.2,1.5));
#3651 = SURFACE_CURVE('',#3652,(#3656,#3663),.PCURVE_S1.);
#3652 = LINE('',#3653,#3654);
#3653 = CARTESIAN_POINT('',(1.875,-2.2,-3.));
#3654 = VECTOR('',#3655,1.);
#3655 = DIRECTION('',(0.,0.,1.));
#3656 = PCURVE('',#2879,#3657);
#3657 = DEFINITIONAL_REPRESENTATION('',(#3658),#3662);
#3658 = LINE('',#3659,#3660);
#3659 = CARTESIAN_POINT('',(0.,-0.6));
#3660 = VECTOR('',#3661,1.);
#3661 = DIRECTION('',(1.,0.));
#3662 = ( GEOMETRIC_REPRESENTATION_CONTEXT(2) 
PARAMETRIC_REPRESENTATION_CONTEXT() REPRESENTATION_CONTEXT('2D SPACE',''
  ) );
#3663 = PCURVE('',#2905,#3664);
#3664 = DEFINITIONAL_REPRESENTATION('',(#3665),#3669);
#3665 = LINE('',#3666,#3667);
#3666 = CARTESIAN_POINT('',(0.,0.));
#3667 = VECTOR('',#3668,1.);
#3668 = DIRECTION('',(1.,0.));
#3669 = ( GEOMETRIC_REPRESENTATION_CONTEXT(2) 
PARAMETRIC_REPRESENTATION_CONTEXT() REPRESENTATION_CONTEXT('2D SPACE',''
  ) );
#3670 = ORIENTED_EDGE('',*,*,#3671,.F.);
#3671 = EDGE_CURVE('',#3546,#3649,#3672,.T.);
#3672 = SURFACE_CURVE('',#3673,(#3677,#3684),.PCURVE_S1.);
#3673 = LINE('',#3674,#3675);
#3674 = CARTESIAN_POINT('',(1.875,-2.8,1.5));
#3675 = VECTOR('',#3676,1.);
#3676 = DIRECTION('',(0.,1.,0.));
#3677 = PCURVE('',#2879,#3678);
#3678 = DEFINITIONAL_REPRESENTATION('',(#3679),#3683);
#3679 = LINE('',#3680,#3681);
#3680 = CARTESIAN_POINT('',(4.5,0.));
#3681 = VECTOR('',#3682,1.);
#3682 = DIRECTION('',(0.,-1.));
#3683 = ( GEOMETRIC_REPRESENTATION_CONTEXT(2) 
PARAMETRIC_REPRESENTATION_CONTEXT() REPRESENTATION_CONTEXT('2D SPACE',''
  ) );
#3684 = PCURVE('',#3582,#3685);
#3685 = DEFINITIONAL_REPRESENTATION('',(#3686),#3690);
#3686 = LINE('',#3687,#3688);
#3687 = CARTESIAN_POINT('',(0.,0.));
#3688 = VECTOR('',#3689,1.);
#3689 = DIRECTION('',(0.,1.));
#3690 = ( GEOMETRIC_REPRESENTATION_CONTEXT(2) 
PARAMETRIC_REPRESENTATION_CONTEXT() REPRESENTATION_CONTEXT('2D SPACE',''
  ) );
#3691 = ADVANCED_FACE('',(#3692),#2905,.F.);
#3692 = FACE_BOUND('',#3693,.F.);
#3693 = EDGE_LOOP('',(#3694,#3695,#3696,#3697));
#3694 = ORIENTED_EDGE('',*,*,#3599,.F.);
#3695 = ORIENTED_EDGE('',*,*,#2890,.T.);
#3696 = ORIENTED_EDGE('',*,*,#3648,.T.);
#3697 = ORIENTED_EDGE('',*,*,#3698,.T.);
#3698 = EDGE_CURVE('',#3649,#3600,#3699,.T.);
#3699 = SURFACE_CURVE('',#3700,(#3704,#3711),.PCURVE_S1.);
#3700 = LINE('',#3701,#3702);
#3701 = CARTESIAN_POINT('',(1.875,-2.2,1.5));
#3702 = VECTOR('',#3703,1.);
#3703 = DIRECTION('',(1.,0.,0.));
#3704 = PCURVE('',#2905,#3705);
#3705 = DEFINITIONAL_REPRESENTATION('',(#3706),#3710);
#3706 = LINE('',#3707,#3708);
#3707 = CARTESIAN_POINT('',(4.5,0.));
#3708 = VECTOR('',#3709,1.);
#3709 = DIRECTION('',(0.,1.));
#3710 = ( GEOMETRIC_REPRESENTATION_CONTEXT(2) 
PARAMETRIC_REPRESENTATION_CONTEXT() REPRESENTATION_CONTEXT('2D SPACE',''
  ) );
#3711 = PCURVE('',#3582,#3712);
#3712 = DEFINITIONAL_REPRESENTATION('',(#3713),#3717);
#3713 = LINE('',#3714,#3715);
#3714 = CARTESIAN_POINT('',(0.,0.6));
#3715 = VECTOR('',#3716,1.);
#3716 = DIRECTION('',(1.,0.));
#3717 = ( GEOMETRIC_REPRESENTATION_CONTEXT(2) 
PARAMETRIC_REPRESENTATION_CONTEXT() REPRESENTATION_CONTEXT('2D SPACE',''
  ) );
#3718 = ADVANCED_FACE('',(#3719),#2959,.T.);
#3719 = FACE_BOUND('',#3720,.T.);
#3720 = EDGE_LOOP('',(#3721,#3744,#3745,#3768));
#3721 = ORIENTED_EDGE('',*,*,#3722,.F.);
#3722 = EDGE_CURVE('',#2943,#3723,#3725,.T.);
#3723 = VERTEX_POINT('',#3724);
#3724 = CARTESIAN_POINT('',(0.125,-0.3,1.5));
#3725 = SURFACE_CURVE('',#3726,(#3730,#3737),.PCURVE_S1.);
#3726 = LINE('',#3727,#3728);
#3727 = CARTESIAN_POINT('',(0.125,-0.3,-3.));
#3728 = VECTOR('',#3729,1.);
#3729 = DIRECTION('',(0.,0.,1.));
#3730 = PCURVE('',#2959,#3731);
#3731 = DEFINITIONAL_REPRESENTATION('',(#3732),#3736);
#3732 = LINE('',#3733,#3734);
#3733 = CARTESIAN_POINT('',(0.,0.25));
#3734 = VECTOR('',#3735,1.);
#3735 = DIRECTION('',(1.,0.));
#3736 = ( GEOMETRIC_REPRESENTATION_CONTEXT(2) 
PARAMETRIC_REPRESENTATION_CONTEXT() REPRESENTATION_CONTEXT('2D SPACE',''
  ) );
#3737 = PCURVE('',#3035,#3738);
#3738 = DEFINITIONAL_REPRESENTATION('',(#3739),#3743);
#3739 = LINE('',#3740,#3741);
#3740 = CARTESIAN_POINT('',(0.,0.));
#3741 = VECTOR('',#3742,1.);
#3742 = DIRECTION('',(1.,0.));
#3743 = ( GEOMETRIC_REPRESENTATION_CONTEXT(2) 
PARAMETRIC_REPRESENTATION_CONTEXT() REPRESENTATION_CONTEXT('2D SPACE',''
  ) );
#3744 = ORIENTED_EDGE('',*,*,#2942,.T.);
#3745 = ORIENTED_EDGE('',*,*,#3746,.T.);
#3746 = EDGE_CURVE('',#2945,#3747,#3749,.T.);
#3747 = VERTEX_POINT('',#3748);
#3748 = CARTESIAN_POINT('',(-0.125,-0.3,1.5));
#3749 = SURFACE_CURVE('',#3750,(#3754,#3761),.PCURVE_S1.);
#3750 = LINE('',#3751,#3752);
#3751 = CARTESIAN_POINT('',(-0.125,-0.3,-3.));
#3752 = VECTOR('',#3753,1.);
#3753 = DIRECTION('',(0.,0.,1.));
#3754 = PCURVE('',#2959,#3755);
#3755 = DEFINITIONAL_REPRESENTATION('',(#3756),#3760);
#3756 = LINE('',#3757,#3758);
#3757 = CARTESIAN_POINT('',(0.,0.));
#3758 = VECTOR('',#3759,1.);
#3759 = DIRECTION('',(1.,0.));
#3760 = ( GEOMETRIC_REPRESENTATION_CONTEXT(2) 
PARAMETRIC_REPRESENTATION_CONTEXT() REPRESENTATION_CONTEXT('2D SPACE',''
  ) );
#3761 = PCURVE('',#2985,#3762);
#3762 = DEFINITIONAL_REPRESENTATION('',(#3763),#3767);
#3763 = LINE('',#3764,#3765);
#3764 = CARTESIAN_POINT('',(0.,0.));
#3765 = VECTOR('',#3766,1.);
#3766 = DIRECTION('',(1.,0.));
#3767 = ( GEOMETRIC_REPRESENTATION_CONTEXT(2) 
PARAMETRIC_REPRESENTATION_CONTEXT() REPRESENTATION_CONTEXT('2D SPACE',''
  ) );
#3768 = ORIENTED_EDGE('',*,*,#3769,.T.);
#3769 = EDGE_CURVE('',#3747,#3723,#3770,.T.);
#3770 = SURFACE_CURVE('',#3771,(#3775,#3782),.PCURVE_S1.);
#3771 = LINE('',#3772,#3773);
#3772 = CARTESIAN_POINT('',(-0.125,-0.3,1.5));
#3773 = VECTOR('',#3774,1.);
#3774 = DIRECTION('',(1.,0.,0.));
#3775 = PCURVE('',#2959,#3776);
#3776 = DEFINITIONAL_REPRESENTATION('',(#3777),#3781);
#3777 = LINE('',#3778,#3779);
#3778 = CARTESIAN_POINT('',(4.5,0.));
#3779 = VECTOR('',#3780,1.);
#3780 = DIRECTION('',(0.,1.));
#3781 = ( GEOMETRIC_REPRESENTATION_CONTEXT(2) 
PARAMETRIC_REPRESENTATION_CONTEXT() REPRESENTATION_CONTEXT('2D SPACE',''
  ) );
#3782 = PCURVE('',#3783,#3788);
#3783 = PLANE('',#3784);
#3784 = AXIS2_PLACEMENT_3D('',#3785,#3786,#3787);
#3785 = CARTESIAN_POINT('',(-0.125,-0.3,1.5));
#3786 = DIRECTION('',(0.,0.,1.));
#3787 = DIRECTION('',(1.,0.,0.));
#3788 = DEFINITIONAL_REPRESENTATION('',(#3789),#3793);
#3789 = LINE('',#3790,#3791);
#3790 = CARTESIAN_POINT('',(0.,0.));
#3791 = VECTOR('',#3792,1.);
#3792 = DIRECTION('',(1.,0.));
#3793 = ( GEOMETRIC_REPRESENTATION_CONTEXT(2) 
PARAMETRIC_REPRESENTATION_CONTEXT() REPRESENTATION_CONTEXT('2D SPACE',''
  ) );
#3794 = ADVANCED_FACE('',(#3795),#3035,.F.);
#3795 = FACE_BOUND('',#3796,.F.);
#3796 = EDGE_LOOP('',(#3797,#3798,#3799,#3822));
#3797 = ORIENTED_EDGE('',*,*,#3722,.F.);
#3798 = ORIENTED_EDGE('',*,*,#3022,.T.);
#3799 = ORIENTED_EDGE('',*,*,#3800,.T.);
#3800 = EDGE_CURVE('',#2997,#3801,#3803,.T.);
#3801 = VERTEX_POINT('',#3802);
#3802 = CARTESIAN_POINT('',(0.125,0.3,1.5));
#3803 = SURFACE_CURVE('',#3804,(#3808,#3815),.PCURVE_S1.);
#3804 = LINE('',#3805,#3806);
#3805 = CARTESIAN_POINT('',(0.125,0.3,-3.));
#3806 = VECTOR('',#3807,1.);
#3807 = DIRECTION('',(0.,0.,1.));
#3808 = PCURVE('',#3035,#3809);
#3809 = DEFINITIONAL_REPRESENTATION('',(#3810),#3814);
#3810 = LINE('',#3811,#3812);
#3811 = CARTESIAN_POINT('',(0.,-0.6));
#3812 = VECTOR('',#3813,1.);
#3813 = DIRECTION('',(1.,0.));
#3814 = ( GEOMETRIC_REPRESENTATION_CONTEXT(2) 
PARAMETRIC_REPRESENTATION_CONTEXT() REPRESENTATION_CONTEXT('2D SPACE',''
  ) );
#3815 = PCURVE('',#3011,#3816);
#3816 = DEFINITIONAL_REPRESENTATION('',(#3817),#3821);
#3817 = LINE('',#3818,#3819);
#3818 = CARTESIAN_POINT('',(0.,0.25));
#3819 = VECTOR('',#3820,1.);
#3820 = DIRECTION('',(1.,0.));
#3821 = ( GEOMETRIC_REPRESENTATION_CONTEXT(2) 
PARAMETRIC_REPRESENTATION_CONTEXT() REPRESENTATION_CONTEXT('2D SPACE',''
  ) );
#3822 = ORIENTED_EDGE('',*,*,#3823,.F.);
#3823 = EDGE_CURVE('',#3723,#3801,#3824,.T.);
#3824 = SURFACE_CURVE('',#3825,(#3829,#3836),.PCURVE_S1.);
#3825 = LINE('',#3826,#3827);
#3826 = CARTESIAN_POINT('',(0.125,-0.3,1.5));
#3827 = VECTOR('',#3828,1.);
#3828 = DIRECTION('',(0.,1.,0.));
#3829 = PCURVE('',#3035,#3830);
#3830 = DEFINITIONAL_REPRESENTATION('',(#3831),#3835);
#3831 = LINE('',#3832,#3833);
#3832 = CARTESIAN_POINT('',(4.5,0.));
#3833 = VECTOR('',#3834,1.);
#3834 = DIRECTION('',(0.,-1.));
#3835 = ( GEOMETRIC_REPRESENTATION_CONTEXT(2) 
PARAMETRIC_REPRESENTATION_CONTEXT() REPRESENTATION_CONTEXT('2D SPACE',''
  ) );
#3836 = PCURVE('',#3783,#3837);
#3837 = DEFINITIONAL_REPRESENTATION('',(#3838),#3842);
#3838 = LINE('',#3839,#3840);
#3839 = CARTESIAN_POINT('',(0.25,0.));
#3840 = VECTOR('',#3841,1.);
#3841 = DIRECTION('',(0.,1.));
#3842 = ( GEOMETRIC_REPRESENTATION_CONTEXT(2) 
PARAMETRIC_REPRESENTATION_CONTEXT() REPRESENTATION_CONTEXT('2D SPACE',''
  ) );
#3843 = ADVANCED_FACE('',(#3844),#2985,.T.);
#3844 = FACE_BOUND('',#3845,.T.);
#3845 = EDGE_LOOP('',(#3846,#3847,#3848,#3871));
#3846 = ORIENTED_EDGE('',*,*,#3746,.F.);
#3847 = ORIENTED_EDGE('',*,*,#2970,.T.);
#3848 = ORIENTED_EDGE('',*,*,#3849,.T.);
#3849 = EDGE_CURVE('',#2971,#3850,#3852,.T.);
#3850 = VERTEX_POINT('',#3851);
#3851 = CARTESIAN_POINT('',(-0.125,0.3,1.5));
#3852 = SURFACE_CURVE('',#3853,(#3857,#3864),.PCURVE_S1.);
#3853 = LINE('',#3854,#3855);
#3854 = CARTESIAN_POINT('',(-0.125,0.3,-3.));
#3855 = VECTOR('',#3856,1.);
#3856 = DIRECTION('',(0.,0.,1.));
#3857 = PCURVE('',#2985,#3858);
#3858 = DEFINITIONAL_REPRESENTATION('',(#3859),#3863);
#3859 = LINE('',#3860,#3861);
#3860 = CARTESIAN_POINT('',(0.,-0.6));
#3861 = VECTOR('',#3862,1.);
#3862 = DIRECTION('',(1.,0.));
#3863 = ( GEOMETRIC_REPRESENTATION_CONTEXT(2) 
PARAMETRIC_REPRESENTATION_CONTEXT() REPRESENTATION_CONTEXT('2D SPACE',''
  ) );
#3864 = PCURVE('',#3011,#3865);
#3865 = DEFINITIONAL_REPRESENTATION('',(#3866),#3870);
#3866 = LINE('',#3867,#3868);
#3867 = CARTESIAN_POINT('',(0.,0.));
#3868 = VECTOR('',#3869,1.);
#3869 = DIRECTION('',(1.,0.));
#3870 = ( GEOMETRIC_REPRESENTATION_CONTEXT(2) 
PARAMETRIC_REPRESENTATION_CONTEXT() REPRESENTATION_CONTEXT('2D SPACE',''
  ) );
#3871 = ORIENTED_EDGE('',*,*,#3872,.F.);
#3872 = EDGE_CURVE('',#3747,#3850,#3873,.T.);
#3873 = SURFACE_CURVE('',#3874,(#3878,#3885),.PCURVE_S1.);
#3874 = LINE('',#3875,#3876);
#3875 = CARTESIAN_POINT('',(-0.125,-0.3,1.5));
#3876 = VECTOR('',#3877,1.);
#3877 = DIRECTION('',(0.,1.,0.));
#3878 = PCURVE('',#2985,#3879);
#3879 = DEFINITIONAL_REPRESENTATION('',(#3880),#3884);
#3880 = LINE('',#3881,#3882);
#3881 = CARTESIAN_POINT('',(4.5,0.));
#3882 = VECTOR('',#3883,1.);
#3883 = DIRECTION('',(0.,-1.));
#3884 = ( GEOMETRIC_REPRESENTATION_CONTEXT(2) 
PARAMETRIC_REPRESENTATION_CONTEXT() REPRESENTATION_CONTEXT('2D SPACE',''
  ) );
#3885 = PCURVE('',#3783,#3886);
#3886 = DEFINITIONAL_REPRESENTATION('',(#3887),#3891);
#3887 = LINE('',#3888,#3889);
#3888 = CARTESIAN_POINT('',(0.,0.));
#3889 = VECTOR('',#3890,1.);
#3890 = DIRECTION('',(0.,1.));
#3891 = ( GEOMETRIC_REPRESENTATION_CONTEXT(2) 
PARAMETRIC_REPRESENTATION_CONTEXT() REPRESENTATION_CONTEXT('2D SPACE',''
  ) );
#3892 = ADVANCED_FACE('',(#3893),#3011,.F.);
#3893 = FACE_BOUND('',#3894,.F.);
#3894 = EDGE_LOOP('',(#3895,#3896,#3897,#3898));
#3895 = ORIENTED_EDGE('',*,*,#3800,.F.);
#3896 = ORIENTED_EDGE('',*,*,#2996,.T.);
#3897 = ORIENTED_EDGE('',*,*,#3849,.T.);
#3898 = ORIENTED_EDGE('',*,*,#3899,.T.);
#3899 = EDGE_CURVE('',#3850,#3801,#3900,.T.);
#3900 = SURFACE_CURVE('',#3901,(#3905,#3912),.PCURVE_S1.);
#3901 = LINE('',#3902,#3903);
#3902 = CARTESIAN_POINT('',(-0.125,0.3,1.5));
#3903 = VECTOR('',#3904,1.);
#3904 = DIRECTION('',(1.,0.,0.));
#3905 = PCURVE('',#3011,#3906);
#3906 = DEFINITIONAL_REPRESENTATION('',(#3907),#3911);
#3907 = LINE('',#3908,#3909);
#3908 = CARTESIAN_POINT('',(4.5,0.));
#3909 = VECTOR('',#3910,1.);
#3910 = DIRECTION('',(0.,1.));
#3911 = ( GEOMETRIC_REPRESENTATION_CONTEXT(2) 
PARAMETRIC_REPRESENTATION_CONTEXT() REPRESENTATION_CONTEXT('2D SPACE',''
  ) );
#3912 = PCURVE('',#3783,#3913);
#3913 = DEFINITIONAL_REPRESENTATION('',(#3914),#3918);
#3914 = LINE('',#3915,#3916);
#3915 = CARTESIAN_POINT('',(0.,0.6));
#3916 = VECTOR('',#3917,1.);
#3917 = DIRECTION('',(1.,0.));
#3918 = ( GEOMETRIC_REPRESENTATION_CONTEXT(2) 
PARAMETRIC_REPRESENTATION_CONTEXT() REPRESENTATION_CONTEXT('2D SPACE',''
  ) );
#3919 = ADVANCED_FACE('',(#3920),#3065,.T.);
#3920 = FACE_BOUND('',#3921,.T.);
#3921 = EDGE_LOOP('',(#3922,#3945,#3946,#3969));
#3922 = ORIENTED_EDGE('',*,*,#3923,.F.);
#3923 = EDGE_CURVE('',#3049,#3924,#3926,.T.);
#3924 = VERTEX_POINT('',#3925);
#3925 = CARTESIAN_POINT('',(2.125,-0.3,1.5));
#3926 = SURFACE_CURVE('',#3927,(#3931,#3938),.PCURVE_S1.);
#3927 = LINE('',#3928,#3929);
#3928 = CARTESIAN_POINT('',(2.125,-0.3,-3.));
#3929 = VECTOR('',#3930,1.);
#3930 = DIRECTION('',(0.,0.,1.));
#3931 = PCURVE('',#3065,#3932);
#3932 = DEFINITIONAL_REPRESENTATION('',(#3933),#3937);
#3933 = LINE('',#3934,#3935);
#3934 = CARTESIAN_POINT('',(0.,0.25));
#3935 = VECTOR('',#3936,1.);
#3936 = DIRECTION('',(1.,0.));
#3937 = ( GEOMETRIC_REPRESENTATION_CONTEXT(2) 
PARAMETRIC_REPRESENTATION_CONTEXT() REPRESENTATION_CONTEXT('2D SPACE',''
  ) );
#3938 = PCURVE('',#3141,#3939);
#3939 = DEFINITIONAL_REPRESENTATION('',(#3940),#3944);
#3940 = LINE('',#3941,#3942);
#3941 = CARTESIAN_POINT('',(0.,0.));
#3942 = VECTOR('',#3943,1.);
#3943 = DIRECTION('',(1.,0.));
#3944 = ( GEOMETRIC_REPRESENTATION_CONTEXT(2) 
PARAMETRIC_REPRESENTATION_CONTEXT() REPRESENTATION_CONTEXT('2D SPACE',''
  ) );
#3945 = ORIENTED_EDGE('',*,*,#3048,.T.);
#3946 = ORIENTED_EDGE('',*,*,#3947,.T.);
#3947 = EDGE_CURVE('',#3051,#3948,#3950,.T.);
#3948 = VERTEX_POINT('',#3949);
#3949 = CARTESIAN_POINT('',(1.875,-0.3,1.5));
#3950 = SURFACE_CURVE('',#3951,(#3955,#3962),.PCURVE_S1.);
#3951 = LINE('',#3952,#3953);
#3952 = CARTESIAN_POINT('',(1.875,-0.3,-3.));
#3953 = VECTOR('',#3954,1.);
#3954 = DIRECTION('',(0.,0.,1.));
#3955 = PCURVE('',#3065,#3956);
#3956 = DEFINITIONAL_REPRESENTATION('',(#3957),#3961);
#3957 = LINE('',#3958,#3959);
#3958 = CARTESIAN_POINT('',(0.,0.));
#3959 = VECTOR('',#3960,1.);
#3960 = DIRECTION('',(1.,0.));
#3961 = ( GEOMETRIC_REPRESENTATION_CONTEXT(2) 
PARAMETRIC_REPRESENTATION_CONTEXT() REPRESENTATION_CONTEXT('2D SPACE',''
  ) );
#3962 = PCURVE('',#3091,#3963);
#3963 = DEFINITIONAL_REPRESENTATION('',(#3964),#3968);
#3964 = LINE('',#3965,#3966);
#3965 = CARTESIAN_POINT('',(0.,0.));
#3966 = VECTOR('',#3967,1.);
#3967 = DIRECTION('',(1.,0.));
#3968 = ( GEOMETRIC_REPRESENTATION_CONTEXT(2) 
PARAMETRIC_REPRESENTATION_CONTEXT() REPRESENTATION_CONTEXT('2D SPACE',''
  ) );
#3969 = ORIENTED_EDGE('',*,*,#3970,.T.);
#3970 = EDGE_CURVE('',#3948,#3924,#3971,.T.);
#3971 = SURFACE_CURVE('',#3972,(#3976,#3983),.PCURVE_S1.);
#3972 = LINE('',#3973,#3974);
#3973 = CARTESIAN_POINT('',(1.875,-0.3,1.5));
#3974 = VECTOR('',#3975,1.);
#3975 = DIRECTION('',(1.,0.,0.));
#3976 = PCURVE('',#3065,#3977);
#3977 = DEFINITIONAL_REPRESENTATION('',(#3978),#3982);
#3978 = LINE('',#3979,#3980);
#3979 = CARTESIAN_POINT('',(4.5,0.));
#3980 = VECTOR('',#3981,1.);
#3981 = DIRECTION('',(0.,1.));
#3982 = ( GEOMETRIC_REPRESENTATION_CONTEXT(2) 
PARAMETRIC_REPRESENTATION_CONTEXT() REPRESENTATION_CONTEXT('2D SPACE',''
  ) );
#3983 = PCURVE('',#3984,#3989);
#3984 = PLANE('',#3985);
#3985 = AXIS2_PLACEMENT_3D('',#3986,#3987,#3988);
#3986 = CARTESIAN_POINT('',(1.875,-0.3,1.5));
#3987 = DIRECTION('',(0.,0.,1.));
#3988 = DIRECTION('',(1.,0.,0.));
#3989 = DEFINITIONAL_REPRESENTATION('',(#3990),#3994);
#3990 = LINE('',#3991,#3992);
#3991 = CARTESIAN_POINT('',(0.,0.));
#3992 = VECTOR('',#3993,1.);
#3993 = DIRECTION('',(1.,0.));
#3994 = ( GEOMETRIC_REPRESENTATION_CONTEXT(2) 
PARAMETRIC_REPRESENTATION_CONTEXT() REPRESENTATION_CONTEXT('2D SPACE',''
  ) );
#3995 = ADVANCED_FACE('',(#3996),#3141,.F.);
#3996 = FACE_BOUND('',#3997,.F.);
#3997 = EDGE_LOOP('',(#3998,#3999,#4000,#4023));
#3998 = ORIENTED_EDGE('',*,*,#3923,.F.);
#3999 = ORIENTED_EDGE('',*,*,#3128,.T.);
#4000 = ORIENTED_EDGE('',*,*,#4001,.T.);
#4001 = EDGE_CURVE('',#3103,#4002,#4004,.T.);
#4002 = VERTEX_POINT('',#4003);
#4003 = CARTESIAN_POINT('',(2.125,0.3,1.5));
#4004 = SURFACE_CURVE('',#4005,(#4009,#4016),.PCURVE_S1.);
#4005 = LINE('',#4006,#4007);
#4006 = CARTESIAN_POINT('',(2.125,0.3,-3.));
#4007 = VECTOR('',#4008,1.);
#4008 = DIRECTION('',(0.,0.,1.));
#4009 = PCURVE('',#3141,#4010);
#4010 = DEFINITIONAL_REPRESENTATION('',(#4011),#4015);
#4011 = LINE('',#4012,#4013);
#4012 = CARTESIAN_POINT('',(0.,-0.6));
#4013 = VECTOR('',#4014,1.);
#4014 = DIRECTION('',(1.,0.));
#4015 = ( GEOMETRIC_REPRESENTATION_CONTEXT(2) 
PARAMETRIC_REPRESENTATION_CONTEXT() REPRESENTATION_CONTEXT('2D SPACE',''
  ) );
#4016 = PCURVE('',#3117,#4017);
#4017 = DEFINITIONAL_REPRESENTATION('',(#4018),#4022);
#4018 = LINE('',#4019,#4020);
#4019 = CARTESIAN_POINT('',(0.,0.25));
#4020 = VECTOR('',#4021,1.);
#4021 = DIRECTION('',(1.,0.));
#4022 = ( GEOMETRIC_REPRESENTATION_CONTEXT(2) 
PARAMETRIC_REPRESENTATION_CONTEXT() REPRESENTATION_CONTEXT('2D SPACE',''
  ) );
#4023 = ORIENTED_EDGE('',*,*,#4024,.F.);
#4024 = EDGE_CURVE('',#3924,#4002,#4025,.T.);
#4025 = SURFACE_CURVE('',#4026,(#4030,#4037),.PCURVE_S1.);
#4026 = LINE('',#4027,#4028);
#4027 = CARTESIAN_POINT('',(2.125,-0.3,1.5));
#4028 = VECTOR('',#4029,1.);
#4029 = DIRECTION('',(0.,1.,0.));
#4030 = PCURVE('',#3141,#4031);
#4031 = DEFINITIONAL_REPRESENTATION('',(#4032),#4036);
#4032 = LINE('',#4033,#4034);
#4033 = CARTESIAN_POINT('',(4.5,0.));
#4034 = VECTOR('',#4035,1.);
#4035 = DIRECTION('',(0.,-1.));
#4036 = ( GEOMETRIC_REPRESENTATION_CONTEXT(2) 
PARAMETRIC_REPRESENTATION_CONTEXT() REPRESENTATION_CONTEXT('2D SPACE',''
  ) );
#4037 = PCURVE('',#3984,#4038);
#4038 = DEFINITIONAL_REPRESENTATION('',(#4039),#4043);
#4039 = LINE('',#4040,#4041);
#4040 = CARTESIAN_POINT('',(0.25,0.));
#4041 = VECTOR('',#4042,1.);
#4042 = DIRECTION('',(0.,1.));
#4043 = ( GEOMETRIC_REPRESENTATION_CONTEXT(2) 
PARAMETRIC_REPRESENTATION_CONTEXT() REPRESENTATION_CONTEXT('2D SPACE',''
  ) );
#4044 = ADVANCED_FACE('',(#4045),#3117,.F.);
#4045 = FACE_BOUND('',#4046,.F.);
#4046 = EDGE_LOOP('',(#4047,#4048,#4049,#4072));
#4047 = ORIENTED_EDGE('',*,*,#4001,.F.);
#4048 = ORIENTED_EDGE('',*,*,#3102,.T.);
#4049 = ORIENTED_EDGE('',*,*,#4050,.T.);
#4050 = EDGE_CURVE('',#3077,#4051,#4053,.T.);
#4051 = VERTEX_POINT('',#4052);
#4052 = CARTESIAN_POINT('',(1.875,0.3,1.5));
#4053 = SURFACE_CURVE('',#4054,(#4058,#4065),.PCURVE_S1.);
#4054 = LINE('',#4055,#4056);
#4055 = CARTESIAN_POINT('',(1.875,0.3,-3.));
#4056 = VECTOR('',#4057,1.);
#4057 = DIRECTION('',(0.,0.,1.));
#4058 = PCURVE('',#3117,#4059);
#4059 = DEFINITIONAL_REPRESENTATION('',(#4060),#4064);
#4060 = LINE('',#4061,#4062);
#4061 = CARTESIAN_POINT('',(0.,0.));
#4062 = VECTOR('',#4063,1.);
#4063 = DIRECTION('',(1.,0.));
#4064 = ( GEOMETRIC_REPRESENTATION_CONTEXT(2) 
PARAMETRIC_REPRESENTATION_CONTEXT() REPRESENTATION_CONTEXT('2D SPACE',''
  ) );
#4065 = PCURVE('',#3091,#4066);
#4066 = DEFINITIONAL_REPRESENTATION('',(#4067),#4071);
#4067 = LINE('',#4068,#4069);
#4068 = CARTESIAN_POINT('',(0.,-0.6));
#4069 = VECTOR('',#4070,1.);
#4070 = DIRECTION('',(1.,0.));
#4071 = ( GEOMETRIC_REPRESENTATION_CONTEXT(2) 
PARAMETRIC_REPRESENTATION_CONTEXT() REPRESENTATION_CONTEXT('2D SPACE',''
  ) );
#4072 = ORIENTED_EDGE('',*,*,#4073,.T.);
#4073 = EDGE_CURVE('',#4051,#4002,#4074,.T.);
#4074 = SURFACE_CURVE('',#4075,(#4079,#4086),.PCURVE_S1.);
#4075 = LINE('',#4076,#4077);
#4076 = CARTESIAN_POINT('',(1.875,0.3,1.5));
#4077 = VECTOR('',#4078,1.);
#4078 = DIRECTION('',(1.,0.,0.));
#4079 = PCURVE('',#3117,#4080);
#4080 = DEFINITIONAL_REPRESENTATION('',(#4081),#4085);
#4081 = LINE('',#4082,#4083);
#4082 = CARTESIAN_POINT('',(4.5,0.));
#4083 = VECTOR('',#4084,1.);
#4084 = DIRECTION('',(0.,1.));
#4085 = ( GEOMETRIC_REPRESENTATION_CONTEXT(2) 
PARAMETRIC_REPRESENTATION_CONTEXT() REPRESENTATION_CONTEXT('2D SPACE',''
  ) );
#4086 = PCURVE('',#3984,#4087);
#4087 = DEFINITIONAL_REPRESENTATION('',(#4088),#4092);
#4088 = LINE('',#4089,#4090);
#4089 = CARTESIAN_POINT('',(0.,0.6));
#4090 = VECTOR('',#4091,1.);
#4091 = DIRECTION('',(1.,0.));
#4092 = ( GEOMETRIC_REPRESENTATION_CONTEXT(2) 
PARAMETRIC_REPRESENTATION_CONTEXT() REPRESENTATION_CONTEXT('2D SPACE',''
  ) );
#4093 = ADVANCED_FACE('',(#4094),#3091,.T.);
#4094 = FACE_BOUND('',#4095,.T.);
#4095 = EDGE_LOOP('',(#4096,#4097,#4098,#4099));
#4096 = ORIENTED_EDGE('',*,*,#3947,.F.);
#4097 = ORIENTED_EDGE('',*,*,#3076,.T.);
#4098 = ORIENTED_EDGE('',*,*,#4050,.T.);
#4099 = ORIENTED_EDGE('',*,*,#4100,.F.);
#4100 = EDGE_CURVE('',#3948,#4051,#4101,.T.);
#4101 = SURFACE_CURVE('',#4102,(#4106,#4113),.PCURVE_S1.);
#4102 = LINE('',#4103,#4104);
#4103 = CARTESIAN_POINT('',(1.875,-0.3,1.5));
#4104 = VECTOR('',#4105,1.);
#4105 = DIRECTION('',(0.,1.,0.));
#4106 = PCURVE('',#3091,#4107);
#4107 = DEFINITIONAL_REPRESENTATION('',(#4108),#4112);
#4108 = LINE('',#4109,#4110);
#4109 = CARTESIAN_POINT('',(4.5,0.));
#4110 = VECTOR('',#4111,1.);
#4111 = DIRECTION('',(0.,-1.));
#4112 = ( GEOMETRIC_REPRESENTATION_CONTEXT(2) 
PARAMETRIC_REPRESENTATION_CONTEXT() REPRESENTATION_CONTEXT('2D SPACE',''
  ) );
#4113 = PCURVE('',#3984,#4114);
#4114 = DEFINITIONAL_REPRESENTATION('',(#4115),#4119);
#4115 = LINE('',#4116,#4117);
#4116 = CARTESIAN_POINT('',(0.,0.));
#4117 = VECTOR('',#4118,1.);
#4118 = DIRECTION('',(0.,1.));
#4119 = ( GEOMETRIC_REPRESENTATION_CONTEXT(2) 
PARAMETRIC_REPRESENTATION_CONTEXT() REPRESENTATION_CONTEXT('2D SPACE',''
  ) );
#4120 = ADVANCED_FACE('',(#4121),#3178,.T.);
#4121 = FACE_BOUND('',#4122,.T.);
#4122 = EDGE_LOOP('',(#4123,#4153,#4174,#4175));
#4123 = ORIENTED_EDGE('',*,*,#4124,.F.);
#4124 = EDGE_CURVE('',#4125,#4127,#4129,.T.);
#4125 = VERTEX_POINT('',#4126);
#4126 = CARTESIAN_POINT('',(5.11,2.975,1.46));
#4127 = VERTEX_POINT('',#4128);
#4128 = CARTESIAN_POINT('',(5.11,2.975,7.94));
#4129 = SURFACE_CURVE('',#4130,(#4134,#4141),.PCURVE_S1.);
#4130 = LINE('',#4131,#4132);
#4131 = CARTESIAN_POINT('',(5.11,2.975,1.46));
#4132 = VECTOR('',#4133,1.);
#4133 = DIRECTION('',(0.,0.,1.));
#4134 = PCURVE('',#3178,#4135);
#4135 = DEFINITIONAL_REPRESENTATION('',(#4136),#4140);
#4136 = LINE('',#4137,#4138);
#4137 = CARTESIAN_POINT('',(0.,0.));
#4138 = VECTOR('',#4139,1.);
#4139 = DIRECTION('',(1.,0.));
#4140 = ( GEOMETRIC_REPRESENTATION_CONTEXT(2) 
PARAMETRIC_REPRESENTATION_CONTEXT() REPRESENTATION_CONTEXT('2D SPACE',''
  ) );
#4141 = PCURVE('',#4142,#4147);
#4142 = PLANE('',#4143);
#4143 = AXIS2_PLACEMENT_3D('',#4144,#4145,#4146);
#4144 = CARTESIAN_POINT('',(5.11,-1.25,5.135865645328));
#4145 = DIRECTION('',(1.,0.,0.));
#4146 = DIRECTION('',(-0.,0.,1.));
#4147 = DEFINITIONAL_REPRESENTATION('',(#4148),#4152);
#4148 = LINE('',#4149,#4150);
#4149 = CARTESIAN_POINT('',(-3.675865645328,-4.225));
#4150 = VECTOR('',#4151,1.);
#4151 = DIRECTION('',(1.,0.));
#4152 = ( GEOMETRIC_REPRESENTATION_CONTEXT(2) 
PARAMETRIC_REPRESENTATION_CONTEXT() REPRESENTATION_CONTEXT('2D SPACE',''
  ) );
#4153 = ORIENTED_EDGE('',*,*,#4154,.T.);
#4154 = EDGE_CURVE('',#4125,#3164,#4155,.T.);
#4155 = SURFACE_CURVE('',#4156,(#4160,#4167),.PCURVE_S1.);
#4156 = LINE('',#4157,#4158);
#4157 = CARTESIAN_POINT('',(5.11,2.975,1.46));
#4158 = VECTOR('',#4159,1.);
#4159 = DIRECTION('',(1.,0.,0.));
#4160 = PCURVE('',#3178,#4161);
#4161 = DEFINITIONAL_REPRESENTATION('',(#4162),#4166);
#4162 = LINE('',#4163,#4164);
#4163 = CARTESIAN_POINT('',(0.,0.));
#4164 = VECTOR('',#4165,1.);
#4165 = DIRECTION('',(0.,-1.));
#4166 = ( GEOMETRIC_REPRESENTATION_CONTEXT(2) 
PARAMETRIC_REPRESENTATION_CONTEXT() REPRESENTATION_CONTEXT('2D SPACE',''
  ) );
#4167 = PCURVE('',#3204,#4168);
#4168 = DEFINITIONAL_REPRESENTATION('',(#4169),#4173);
#4169 = LINE('',#4170,#4171);
#4170 = CARTESIAN_POINT('',(8.45,0.));
#4171 = VECTOR('',#4172,1.);
#4172 = DIRECTION('',(0.,-1.));
#4173 = ( GEOMETRIC_REPRESENTATION_CONTEXT(2) 
PARAMETRIC_REPRESENTATION_CONTEXT() REPRESENTATION_CONTEXT('2D SPACE',''
  ) );
#4174 = ORIENTED_EDGE('',*,*,#3161,.F.);
#4175 = ORIENTED_EDGE('',*,*,#4176,.F.);
#4176 = EDGE_CURVE('',#4127,#3162,#4177,.T.);
#4177 = SURFACE_CURVE('',#4178,(#4182,#4189),.PCURVE_S1.);
#4178 = LINE('',#4179,#4180);
#4179 = CARTESIAN_POINT('',(5.11,2.975,7.94));
#4180 = VECTOR('',#4181,1.);
#4181 = DIRECTION('',(1.,0.,0.));
#4182 = PCURVE('',#3178,#4183);
#4183 = DEFINITIONAL_REPRESENTATION('',(#4184),#4188);
#4184 = LINE('',#4185,#4186);
#4185 = CARTESIAN_POINT('',(6.48,0.));
#4186 = VECTOR('',#4187,1.);
#4187 = DIRECTION('',(0.,-1.));
#4188 = ( GEOMETRIC_REPRESENTATION_CONTEXT(2) 
PARAMETRIC_REPRESENTATION_CONTEXT() REPRESENTATION_CONTEXT('2D SPACE',''
  ) );
#4189 = PCURVE('',#3306,#4190);
#4190 = DEFINITIONAL_REPRESENTATION('',(#4191),#4195);
#4191 = LINE('',#4192,#4193);
#4192 = CARTESIAN_POINT('',(0.,0.));
#4193 = VECTOR('',#4194,1.);
#4194 = DIRECTION('',(0.,-1.));
#4195 = ( GEOMETRIC_REPRESENTATION_CONTEXT(2) 
PARAMETRIC_REPRESENTATION_CONTEXT() REPRESENTATION_CONTEXT('2D SPACE',''
  ) );
#4196 = ADVANCED_FACE('',(#4197),#3306,.T.);
#4197 = FACE_BOUND('',#4198,.T.);
#4198 = EDGE_LOOP('',(#4199,#4222,#4223,#4224));
#4199 = ORIENTED_EDGE('',*,*,#4200,.F.);
#4200 = EDGE_CURVE('',#4127,#4201,#4203,.T.);
#4201 = VERTEX_POINT('',#4202);
#4202 = CARTESIAN_POINT('',(5.11,1.675,9.24));
#4203 = SURFACE_CURVE('',#4204,(#4208,#4215),.PCURVE_S1.);
#4204 = LINE('',#4205,#4206);
#4205 = CARTESIAN_POINT('',(5.11,2.975,7.94));
#4206 = VECTOR('',#4207,1.);
#4207 = DIRECTION('',(0.,-0.707106781187,0.707106781187));
#4208 = PCURVE('',#3306,#4209);
#4209 = DEFINITIONAL_REPRESENTATION('',(#4210),#4214);
#4210 = LINE('',#4211,#4212);
#4211 = CARTESIAN_POINT('',(0.,0.));
#4212 = VECTOR('',#4213,1.);
#4213 = DIRECTION('',(1.,0.));
#4214 = ( GEOMETRIC_REPRESENTATION_CONTEXT(2) 
PARAMETRIC_REPRESENTATION_CONTEXT() REPRESENTATION_CONTEXT('2D SPACE',''
  ) );
#4215 = PCURVE('',#4142,#4216);
#4216 = DEFINITIONAL_REPRESENTATION('',(#4217),#4221);
#4217 = LINE('',#4218,#4219);
#4218 = CARTESIAN_POINT('',(2.804134354672,-4.225));
#4219 = VECTOR('',#4220,1.);
#4220 = DIRECTION('',(0.707106781187,0.707106781187));
#4221 = ( GEOMETRIC_REPRESENTATION_CONTEXT(2) 
PARAMETRIC_REPRESENTATION_CONTEXT() REPRESENTATION_CONTEXT('2D SPACE',''
  ) );
#4222 = ORIENTED_EDGE('',*,*,#4176,.T.);
#4223 = ORIENTED_EDGE('',*,*,#3293,.F.);
#4224 = ORIENTED_EDGE('',*,*,#4225,.F.);
#4225 = EDGE_CURVE('',#4201,#3268,#4226,.T.);
#4226 = SURFACE_CURVE('',#4227,(#4231,#4238),.PCURVE_S1.);
#4227 = LINE('',#4228,#4229);
#4228 = CARTESIAN_POINT('',(5.11,1.675,9.24));
#4229 = VECTOR('',#4230,1.);
#4230 = DIRECTION('',(1.,0.,0.));
#4231 = PCURVE('',#3306,#4232);
#4232 = DEFINITIONAL_REPRESENTATION('',(#4233),#4237);
#4233 = LINE('',#4234,#4235);
#4234 = CARTESIAN_POINT('',(1.838477631085,0.));
#4235 = VECTOR('',#4236,1.);
#4236 = DIRECTION('',(0.,-1.));
#4237 = ( GEOMETRIC_REPRESENTATION_CONTEXT(2) 
PARAMETRIC_REPRESENTATION_CONTEXT() REPRESENTATION_CONTEXT('2D SPACE',''
  ) );
#4238 = PCURVE('',#3282,#4239);
#4239 = DEFINITIONAL_REPRESENTATION('',(#4240),#4244);
#4240 = LINE('',#4241,#4242);
#4241 = CARTESIAN_POINT('',(0.,-0.));
#4242 = VECTOR('',#4243,1.);
#4243 = DIRECTION('',(0.,-1.));
#4244 = ( GEOMETRIC_REPRESENTATION_CONTEXT(2) 
PARAMETRIC_REPRESENTATION_CONTEXT() REPRESENTATION_CONTEXT('2D SPACE',''
  ) );
#4245 = ADVANCED_FACE('',(#4246),#3282,.T.);
#4246 = FACE_BOUND('',#4247,.T.);
#4247 = EDGE_LOOP('',(#4248,#4271,#4272,#4273));
#4248 = ORIENTED_EDGE('',*,*,#4249,.F.);
#4249 = EDGE_CURVE('',#4201,#4250,#4252,.T.);
#4250 = VERTEX_POINT('',#4251);
#4251 = CARTESIAN_POINT('',(5.11,-4.175,9.24));
#4252 = SURFACE_CURVE('',#4253,(#4257,#4264),.PCURVE_S1.);
#4253 = LINE('',#4254,#4255);
#4254 = CARTESIAN_POINT('',(5.11,1.675,9.24));
#4255 = VECTOR('',#4256,1.);
#4256 = DIRECTION('',(0.,-1.,0.));
#4257 = PCURVE('',#3282,#4258);
#4258 = DEFINITIONAL_REPRESENTATION('',(#4259),#4263);
#4259 = LINE('',#4260,#4261);
#4260 = CARTESIAN_POINT('',(0.,-0.));
#4261 = VECTOR('',#4262,1.);
#4262 = DIRECTION('',(1.,0.));
#4263 = ( GEOMETRIC_REPRESENTATION_CONTEXT(2) 
PARAMETRIC_REPRESENTATION_CONTEXT() REPRESENTATION_CONTEXT('2D SPACE',''
  ) );
#4264 = PCURVE('',#4142,#4265);
#4265 = DEFINITIONAL_REPRESENTATION('',(#4266),#4270);
#4266 = LINE('',#4267,#4268);
#4267 = CARTESIAN_POINT('',(4.104134354672,-2.925));
#4268 = VECTOR('',#4269,1.);
#4269 = DIRECTION('',(0.,1.));
#4270 = ( GEOMETRIC_REPRESENTATION_CONTEXT(2) 
PARAMETRIC_REPRESENTATION_CONTEXT() REPRESENTATION_CONTEXT('2D SPACE',''
  ) );
#4271 = ORIENTED_EDGE('',*,*,#4225,.T.);
#4272 = ORIENTED_EDGE('',*,*,#3267,.F.);
#4273 = ORIENTED_EDGE('',*,*,#4274,.F.);
#4274 = EDGE_CURVE('',#4250,#3242,#4275,.T.);
#4275 = SURFACE_CURVE('',#4276,(#4280,#4287),.PCURVE_S1.);
#4276 = LINE('',#4277,#4278);
#4277 = CARTESIAN_POINT('',(5.11,-4.175,9.24));
#4278 = VECTOR('',#4279,1.);
#4279 = DIRECTION('',(1.,0.,0.));
#4280 = PCURVE('',#3282,#4281);
#4281 = DEFINITIONAL_REPRESENTATION('',(#4282),#4286);
#4282 = LINE('',#4283,#4284);
#4283 = CARTESIAN_POINT('',(5.85,0.));
#4284 = VECTOR('',#4285,1.);
#4285 = DIRECTION('',(0.,-1.));
#4286 = ( GEOMETRIC_REPRESENTATION_CONTEXT(2) 
PARAMETRIC_REPRESENTATION_CONTEXT() REPRESENTATION_CONTEXT('2D SPACE',''
  ) );
#4287 = PCURVE('',#3256,#4288);
#4288 = DEFINITIONAL_REPRESENTATION('',(#4289),#4293);
#4289 = LINE('',#4290,#4291);
#4290 = CARTESIAN_POINT('',(0.,0.));
#4291 = VECTOR('',#4292,1.);
#4292 = DIRECTION('',(0.,-1.));
#4293 = ( GEOMETRIC_REPRESENTATION_CONTEXT(2) 
PARAMETRIC_REPRESENTATION_CONTEXT() REPRESENTATION_CONTEXT('2D SPACE',''
  ) );
#4294 = ADVANCED_FACE('',(#4295),#3256,.T.);
#4295 = FACE_BOUND('',#4296,.T.);
#4296 = EDGE_LOOP('',(#4297,#4320,#4321,#4322));
#4297 = ORIENTED_EDGE('',*,*,#4298,.F.);
#4298 = EDGE_CURVE('',#4250,#4299,#4301,.T.);
#4299 = VERTEX_POINT('',#4300);
#4300 = CARTESIAN_POINT('',(5.11,-5.475,7.94));
#4301 = SURFACE_CURVE('',#4302,(#4306,#4313),.PCURVE_S1.);
#4302 = LINE('',#4303,#4304);
#4303 = CARTESIAN_POINT('',(5.11,-4.175,9.24));
#4304 = VECTOR('',#4305,1.);
#4305 = DIRECTION('',(0.,-0.707106781187,-0.707106781187));
#4306 = PCURVE('',#3256,#4307);
#4307 = DEFINITIONAL_REPRESENTATION('',(#4308),#4312);
#4308 = LINE('',#4309,#4310);
#4309 = CARTESIAN_POINT('',(0.,0.));
#4310 = VECTOR('',#4311,1.);
#4311 = DIRECTION('',(1.,0.));
#4312 = ( GEOMETRIC_REPRESENTATION_CONTEXT(2) 
PARAMETRIC_REPRESENTATION_CONTEXT() REPRESENTATION_CONTEXT('2D SPACE',''
  ) );
#4313 = PCURVE('',#4142,#4314);
#4314 = DEFINITIONAL_REPRESENTATION('',(#4315),#4319);
#4315 = LINE('',#4316,#4317);
#4316 = CARTESIAN_POINT('',(4.104134354672,2.925));
#4317 = VECTOR('',#4318,1.);
#4318 = DIRECTION('',(-0.707106781187,0.707106781187));
#4319 = ( GEOMETRIC_REPRESENTATION_CONTEXT(2) 
PARAMETRIC_REPRESENTATION_CONTEXT() REPRESENTATION_CONTEXT('2D SPACE',''
  ) );
#4320 = ORIENTED_EDGE('',*,*,#4274,.T.);
#4321 = ORIENTED_EDGE('',*,*,#3241,.F.);
#4322 = ORIENTED_EDGE('',*,*,#4323,.F.);
#4323 = EDGE_CURVE('',#4299,#3216,#4324,.T.);
#4324 = SURFACE_CURVE('',#4325,(#4329,#4336),.PCURVE_S1.);
#4325 = LINE('',#4326,#4327);
#4326 = CARTESIAN_POINT('',(5.11,-5.475,7.94));
#4327 = VECTOR('',#4328,1.);
#4328 = DIRECTION('',(1.,0.,0.));
#4329 = PCURVE('',#3256,#4330);
#4330 = DEFINITIONAL_REPRESENTATION('',(#4331),#4335);
#4331 = LINE('',#4332,#4333);
#4332 = CARTESIAN_POINT('',(1.838477631085,0.));
#4333 = VECTOR('',#4334,1.);
#4334 = DIRECTION('',(0.,-1.));
#4335 = ( GEOMETRIC_REPRESENTATION_CONTEXT(2) 
PARAMETRIC_REPRESENTATION_CONTEXT() REPRESENTATION_CONTEXT('2D SPACE',''
  ) );
#4336 = PCURVE('',#3230,#4337);
#4337 = DEFINITIONAL_REPRESENTATION('',(#4338),#4342);
#4338 = LINE('',#4339,#4340);
#4339 = CARTESIAN_POINT('',(0.,0.));
#4340 = VECTOR('',#4341,1.);
#4341 = DIRECTION('',(0.,-1.));
#4342 = ( GEOMETRIC_REPRESENTATION_CONTEXT(2) 
PARAMETRIC_REPRESENTATION_CONTEXT() REPRESENTATION_CONTEXT('2D SPACE',''
  ) );
#4343 = ADVANCED_FACE('',(#4344),#3230,.T.);
#4344 = FACE_BOUND('',#4345,.T.);
#4345 = EDGE_LOOP('',(#4346,#4369,#4370,#4371));
#4346 = ORIENTED_EDGE('',*,*,#4347,.F.);
#4347 = EDGE_CURVE('',#4299,#4348,#4350,.T.);
#4348 = VERTEX_POINT('',#4349);
#4349 = CARTESIAN_POINT('',(5.11,-5.475,1.46));
#4350 = SURFACE_CURVE('',#4351,(#4355,#4362),.PCURVE_S1.);
#4351 = LINE('',#4352,#4353);
#4352 = CARTESIAN_POINT('',(5.11,-5.475,7.94));
#4353 = VECTOR('',#4354,1.);
#4354 = DIRECTION('',(0.,0.,-1.));
#4355 = PCURVE('',#3230,#4356);
#4356 = DEFINITIONAL_REPRESENTATION('',(#4357),#4361);
#4357 = LINE('',#4358,#4359);
#4358 = CARTESIAN_POINT('',(0.,0.));
#4359 = VECTOR('',#4360,1.);
#4360 = DIRECTION('',(1.,0.));
#4361 = ( GEOMETRIC_REPRESENTATION_CONTEXT(2) 
PARAMETRIC_REPRESENTATION_CONTEXT() REPRESENTATION_CONTEXT('2D SPACE',''
  ) );
#4362 = PCURVE('',#4142,#4363);
#4363 = DEFINITIONAL_REPRESENTATION('',(#4364),#4368);
#4364 = LINE('',#4365,#4366);
#4365 = CARTESIAN_POINT('',(2.804134354672,4.225));
#4366 = VECTOR('',#4367,1.);
#4367 = DIRECTION('',(-1.,0.));
#4368 = ( GEOMETRIC_REPRESENTATION_CONTEXT(2) 
PARAMETRIC_REPRESENTATION_CONTEXT() REPRESENTATION_CONTEXT('2D SPACE',''
  ) );
#4369 = ORIENTED_EDGE('',*,*,#4323,.T.);
#4370 = ORIENTED_EDGE('',*,*,#3215,.F.);
#4371 = ORIENTED_EDGE('',*,*,#4372,.F.);
#4372 = EDGE_CURVE('',#4348,#3190,#4373,.T.);
#4373 = SURFACE_CURVE('',#4374,(#4378,#4385),.PCURVE_S1.);
#4374 = LINE('',#4375,#4376);
#4375 = CARTESIAN_POINT('',(5.11,-5.475,1.46));
#4376 = VECTOR('',#4377,1.);
#4377 = DIRECTION('',(1.,0.,0.));
#4378 = PCURVE('',#3230,#4379);
#4379 = DEFINITIONAL_REPRESENTATION('',(#4380),#4384);
#4380 = LINE('',#4381,#4382);
#4381 = CARTESIAN_POINT('',(6.48,0.));
#4382 = VECTOR('',#4383,1.);
#4383 = DIRECTION('',(0.,-1.));
#4384 = ( GEOMETRIC_REPRESENTATION_CONTEXT(2) 
PARAMETRIC_REPRESENTATION_CONTEXT() REPRESENTATION_CONTEXT('2D SPACE',''
  ) );
#4385 = PCURVE('',#3204,#4386);
#4386 = DEFINITIONAL_REPRESENTATION('',(#4387),#4391);
#4387 = LINE('',#4388,#4389);
#4388 = CARTESIAN_POINT('',(0.,0.));
#4389 = VECTOR('',#4390,1.);
#4390 = DIRECTION('',(0.,-1.));
#4391 = ( GEOMETRIC_REPRESENTATION_CONTEXT(2) 
PARAMETRIC_REPRESENTATION_CONTEXT() REPRESENTATION_CONTEXT('2D SPACE',''
  ) );
#4392 = ADVANCED_FACE('',(#4393),#3204,.T.);
#4393 = FACE_BOUND('',#4394,.T.);
#4394 = EDGE_LOOP('',(#4395,#4416,#4417,#4418));
#4395 = ORIENTED_EDGE('',*,*,#4396,.F.);
#4396 = EDGE_CURVE('',#4348,#4125,#4397,.T.);
#4397 = SURFACE_CURVE('',#4398,(#4402,#4409),.PCURVE_S1.);
#4398 = LINE('',#4399,#4400);
#4399 = CARTESIAN_POINT('',(5.11,-5.475,1.46));
#4400 = VECTOR('',#4401,1.);
#4401 = DIRECTION('',(0.,1.,0.));
#4402 = PCURVE('',#3204,#4403);
#4403 = DEFINITIONAL_REPRESENTATION('',(#4404),#4408);
#4404 = LINE('',#4405,#4406);
#4405 = CARTESIAN_POINT('',(0.,0.));
#4406 = VECTOR('',#4407,1.);
#4407 = DIRECTION('',(1.,0.));
#4408 = ( GEOMETRIC_REPRESENTATION_CONTEXT(2) 
PARAMETRIC_REPRESENTATION_CONTEXT() REPRESENTATION_CONTEXT('2D SPACE',''
  ) );
#4409 = PCURVE('',#4142,#4410);
#4410 = DEFINITIONAL_REPRESENTATION('',(#4411),#4415);
#4411 = LINE('',#4412,#4413);
#4412 = CARTESIAN_POINT('',(-3.675865645328,4.225));
#4413 = VECTOR('',#4414,1.);
#4414 = DIRECTION('',(0.,-1.));
#4415 = ( GEOMETRIC_REPRESENTATION_CONTEXT(2) 
PARAMETRIC_REPRESENTATION_CONTEXT() REPRESENTATION_CONTEXT('2D SPACE',''
  ) );
#4416 = ORIENTED_EDGE('',*,*,#4372,.T.);
#4417 = ORIENTED_EDGE('',*,*,#3189,.F.);
#4418 = ORIENTED_EDGE('',*,*,#4154,.F.);
#4419 = ADVANCED_FACE('',(#4420),#3381,.F.);
#4420 = FACE_BOUND('',#4421,.F.);
#4421 = EDGE_LOOP('',(#4422,#4423,#4424,#4425));
#4422 = ORIENTED_EDGE('',*,*,#3470,.F.);
#4423 = ORIENTED_EDGE('',*,*,#3367,.T.);
#4424 = ORIENTED_EDGE('',*,*,#3421,.T.);
#4425 = ORIENTED_EDGE('',*,*,#3497,.F.);
#4426 = ADVANCED_FACE('',(#4427),#3582,.F.);
#4427 = FACE_BOUND('',#4428,.F.);
#4428 = EDGE_LOOP('',(#4429,#4430,#4431,#4432));
#4429 = ORIENTED_EDGE('',*,*,#3671,.F.);
#4430 = ORIENTED_EDGE('',*,*,#3568,.T.);
#4431 = ORIENTED_EDGE('',*,*,#3622,.T.);
#4432 = ORIENTED_EDGE('',*,*,#3698,.F.);
#4433 = ADVANCED_FACE('',(#4434),#3783,.F.);
#4434 = FACE_BOUND('',#4435,.F.);
#4435 = EDGE_LOOP('',(#4436,#4437,#4438,#4439));
#4436 = ORIENTED_EDGE('',*,*,#3872,.F.);
#4437 = ORIENTED_EDGE('',*,*,#3769,.T.);
#4438 = ORIENTED_EDGE('',*,*,#3823,.T.);
#4439 = ORIENTED_EDGE('',*,*,#3899,.F.);
#4440 = ADVANCED_FACE('',(#4441),#3984,.F.);
#4441 = FACE_BOUND('',#4442,.F.);
#4442 = EDGE_LOOP('',(#4443,#4444,#4445,#4446));
#4443 = ORIENTED_EDGE('',*,*,#4100,.F.);
#4444 = ORIENTED_EDGE('',*,*,#3970,.T.);
#4445 = ORIENTED_EDGE('',*,*,#4024,.T.);
#4446 = ORIENTED_EDGE('',*,*,#4073,.F.);
#4447 = ADVANCED_FACE('',(#4448,#4456),#4142,.T.);
#4448 = FACE_BOUND('',#4449,.T.);
#4449 = EDGE_LOOP('',(#4450,#4451,#4452,#4453,#4454,#4455));
#4450 = ORIENTED_EDGE('',*,*,#4396,.T.);
#4451 = ORIENTED_EDGE('',*,*,#4124,.T.);
#4452 = ORIENTED_EDGE('',*,*,#4200,.T.);
#4453 = ORIENTED_EDGE('',*,*,#4249,.T.);
#4454 = ORIENTED_EDGE('',*,*,#4298,.T.);
#4455 = ORIENTED_EDGE('',*,*,#4347,.T.);
#4456 = FACE_BOUND('',#4457,.T.);
#4457 = EDGE_LOOP('',(#4458,#4487,#4515,#4543,#4571,#4593,#4621,#4649,
    #4677,#4699,#4726,#4753,#4781,#4809,#4837,#4859,#4887,#4915,#4943,
    #4965));
#4458 = ORIENTED_EDGE('',*,*,#4459,.T.);
#4459 = EDGE_CURVE('',#4460,#4462,#4464,.T.);
#4460 = VERTEX_POINT('',#4461);
#4461 = CARTESIAN_POINT('',(5.11,1.55,3.76));
#4462 = VERTEX_POINT('',#4463);
#4463 = CARTESIAN_POINT('',(5.11,0.45,3.76));
#4464 = SURFACE_CURVE('',#4465,(#4469,#4476),.PCURVE_S1.);
#4465 = LINE('',#4466,#4467);
#4466 = CARTESIAN_POINT('',(5.11,-2.65,3.76));
#4467 = VECTOR('',#4468,1.);
#4468 = DIRECTION('',(0.,-1.,0.));
#4469 = PCURVE('',#4142,#4470);
#4470 = DEFINITIONAL_REPRESENTATION('',(#4471),#4475);
#4471 = LINE('',#4472,#4473);
#4472 = CARTESIAN_POINT('',(-1.375865645328,1.4));
#4473 = VECTOR('',#4474,1.);
#4474 = DIRECTION('',(0.,1.));
#4475 = ( GEOMETRIC_REPRESENTATION_CONTEXT(2) 
PARAMETRIC_REPRESENTATION_CONTEXT() REPRESENTATION_CONTEXT('2D SPACE',''
  ) );
#4476 = PCURVE('',#4477,#4482);
#4477 = PLANE('',#4478);
#4478 = AXIS2_PLACEMENT_3D('',#4479,#4480,#4481);
#4479 = CARTESIAN_POINT('',(5.01,-4.05,3.76));
#4480 = DIRECTION('',(0.,0.,1.));
#4481 = DIRECTION('',(1.,0.,0.));
#4482 = DEFINITIONAL_REPRESENTATION('',(#4483),#4486);
#4483 = B_SPLINE_CURVE_WITH_KNOTS('',1,(#4484,#4485),.UNSPECIFIED.,.F.,
  .F.,(2,2),(-4.2,1.4),.PIECEWISE_BEZIER_KNOTS.);
#4484 = CARTESIAN_POINT('',(1.E-01,5.6));
#4485 = CARTESIAN_POINT('',(1.E-01,0.));
#4486 = ( GEOMETRIC_REPRESENTATION_CONTEXT(2) 
PARAMETRIC_REPRESENTATION_CONTEXT() REPRESENTATION_CONTEXT('2D SPACE',''
  ) );
#4487 = ORIENTED_EDGE('',*,*,#4488,.T.);
#4488 = EDGE_CURVE('',#4462,#4489,#4491,.T.);
#4489 = VERTEX_POINT('',#4490);
#4490 = CARTESIAN_POINT('',(5.11,0.45,4.01));
#4491 = SURFACE_CURVE('',#4492,(#4496,#4503),.PCURVE_S1.);
#4492 = LINE('',#4493,#4494);
#4493 = CARTESIAN_POINT('',(5.11,0.45,3.76));
#4494 = VECTOR('',#4495,1.);
#4495 = DIRECTION('',(0.,0.,1.));
#4496 = PCURVE('',#4142,#4497);
#4497 = DEFINITIONAL_REPRESENTATION('',(#4498),#4502);
#4498 = LINE('',#4499,#4500);
#4499 = CARTESIAN_POINT('',(-1.375865645328,-1.7));
#4500 = VECTOR('',#4501,1.);
#4501 = DIRECTION('',(1.,0.));
#4502 = ( GEOMETRIC_REPRESENTATION_CONTEXT(2) 
PARAMETRIC_REPRESENTATION_CONTEXT() REPRESENTATION_CONTEXT('2D SPACE',''
  ) );
#4503 = PCURVE('',#4504,#4509);
#4504 = PLANE('',#4505);
#4505 = AXIS2_PLACEMENT_3D('',#4506,#4507,#4508);
#4506 = CARTESIAN_POINT('',(5.11,0.45,3.76));
#4507 = DIRECTION('',(0.,1.,0.));
#4508 = DIRECTION('',(0.,0.,1.));
#4509 = DEFINITIONAL_REPRESENTATION('',(#4510),#4514);
#4510 = LINE('',#4511,#4512);
#4511 = CARTESIAN_POINT('',(0.,0.));
#4512 = VECTOR('',#4513,1.);
#4513 = DIRECTION('',(1.,0.));
#4514 = ( GEOMETRIC_REPRESENTATION_CONTEXT(2) 
PARAMETRIC_REPRESENTATION_CONTEXT() REPRESENTATION_CONTEXT('2D SPACE',''
  ) );
#4515 = ORIENTED_EDGE('',*,*,#4516,.F.);
#4516 = EDGE_CURVE('',#4517,#4489,#4519,.T.);
#4517 = VERTEX_POINT('',#4518);
#4518 = CARTESIAN_POINT('',(5.11,-0.45,4.01));
#4519 = SURFACE_CURVE('',#4520,(#4524,#4531),.PCURVE_S1.);
#4520 = LINE('',#4521,#4522);
#4521 = CARTESIAN_POINT('',(5.11,-0.45,4.01));
#4522 = VECTOR('',#4523,1.);
#4523 = DIRECTION('',(0.,1.,0.));
#4524 = PCURVE('',#4142,#4525);
#4525 = DEFINITIONAL_REPRESENTATION('',(#4526),#4530);
#4526 = LINE('',#4527,#4528);
#4527 = CARTESIAN_POINT('',(-1.125865645328,-0.8));
#4528 = VECTOR('',#4529,1.);
#4529 = DIRECTION('',(0.,-1.));
#4530 = ( GEOMETRIC_REPRESENTATION_CONTEXT(2) 
PARAMETRIC_REPRESENTATION_CONTEXT() REPRESENTATION_CONTEXT('2D SPACE',''
  ) );
#4531 = PCURVE('',#4532,#4537);
#4532 = PLANE('',#4533);
#4533 = AXIS2_PLACEMENT_3D('',#4534,#4535,#4536);
#4534 = CARTESIAN_POINT('',(5.11,-0.45,4.01));
#4535 = DIRECTION('',(0.,0.,1.));
#4536 = DIRECTION('',(1.,0.,0.));
#4537 = DEFINITIONAL_REPRESENTATION('',(#4538),#4542);
#4538 = LINE('',#4539,#4540);
#4539 = CARTESIAN_POINT('',(0.,0.));
#4540 = VECTOR('',#4541,1.);
#4541 = DIRECTION('',(0.,1.));
#4542 = ( GEOMETRIC_REPRESENTATION_CONTEXT(2) 
PARAMETRIC_REPRESENTATION_CONTEXT() REPRESENTATION_CONTEXT('2D SPACE',''
  ) );
#4543 = ORIENTED_EDGE('',*,*,#4544,.F.);
#4544 = EDGE_CURVE('',#4545,#4517,#4547,.T.);
#4545 = VERTEX_POINT('',#4546);
#4546 = CARTESIAN_POINT('',(5.11,-0.45,3.76));
#4547 = SURFACE_CURVE('',#4548,(#4552,#4559),.PCURVE_S1.);
#4548 = LINE('',#4549,#4550);
#4549 = CARTESIAN_POINT('',(5.11,-0.45,3.76));
#4550 = VECTOR('',#4551,1.);
#4551 = DIRECTION('',(0.,0.,1.));
#4552 = PCURVE('',#4142,#4553);
#4553 = DEFINITIONAL_REPRESENTATION('',(#4554),#4558);
#4554 = LINE('',#4555,#4556);
#4555 = CARTESIAN_POINT('',(-1.375865645328,-0.8));
#4556 = VECTOR('',#4557,1.);
#4557 = DIRECTION('',(1.,0.));
#4558 = ( GEOMETRIC_REPRESENTATION_CONTEXT(2) 
PARAMETRIC_REPRESENTATION_CONTEXT() REPRESENTATION_CONTEXT('2D SPACE',''
  ) );
#4559 = PCURVE('',#4560,#4565);
#4560 = PLANE('',#4561);
#4561 = AXIS2_PLACEMENT_3D('',#4562,#4563,#4564);
#4562 = CARTESIAN_POINT('',(5.11,-0.45,3.76));
#4563 = DIRECTION('',(0.,1.,0.));
#4564 = DIRECTION('',(0.,0.,1.));
#4565 = DEFINITIONAL_REPRESENTATION('',(#4566),#4570);
#4566 = LINE('',#4567,#4568);
#4567 = CARTESIAN_POINT('',(0.,0.));
#4568 = VECTOR('',#4569,1.);
#4569 = DIRECTION('',(1.,0.));
#4570 = ( GEOMETRIC_REPRESENTATION_CONTEXT(2) 
PARAMETRIC_REPRESENTATION_CONTEXT() REPRESENTATION_CONTEXT('2D SPACE',''
  ) );
#4571 = ORIENTED_EDGE('',*,*,#4572,.T.);
#4572 = EDGE_CURVE('',#4545,#4573,#4575,.T.);
#4573 = VERTEX_POINT('',#4574);
#4574 = CARTESIAN_POINT('',(5.11,-2.05,3.76));
#4575 = SURFACE_CURVE('',#4576,(#4580,#4587),.PCURVE_S1.);
#4576 = LINE('',#4577,#4578);
#4577 = CARTESIAN_POINT('',(5.11,-2.65,3.76));
#4578 = VECTOR('',#4579,1.);
#4579 = DIRECTION('',(0.,-1.,0.));
#4580 = PCURVE('',#4142,#4581);
#4581 = DEFINITIONAL_REPRESENTATION('',(#4582),#4586);
#4582 = LINE('',#4583,#4584);
#4583 = CARTESIAN_POINT('',(-1.375865645328,1.4));
#4584 = VECTOR('',#4585,1.);
#4585 = DIRECTION('',(0.,1.));
#4586 = ( GEOMETRIC_REPRESENTATION_CONTEXT(2) 
PARAMETRIC_REPRESENTATION_CONTEXT() REPRESENTATION_CONTEXT('2D SPACE',''
  ) );
#4587 = PCURVE('',#4477,#4588);
#4588 = DEFINITIONAL_REPRESENTATION('',(#4589),#4592);
#4589 = B_SPLINE_CURVE_WITH_KNOTS('',1,(#4590,#4591),.UNSPECIFIED.,.F.,
  .F.,(2,2),(-4.2,1.4),.PIECEWISE_BEZIER_KNOTS.);
#4590 = CARTESIAN_POINT('',(1.E-01,5.6));
#4591 = CARTESIAN_POINT('',(1.E-01,0.));
#4592 = ( GEOMETRIC_REPRESENTATION_CONTEXT(2) 
PARAMETRIC_REPRESENTATION_CONTEXT() REPRESENTATION_CONTEXT('2D SPACE',''
  ) );
#4593 = ORIENTED_EDGE('',*,*,#4594,.T.);
#4594 = EDGE_CURVE('',#4573,#4595,#4597,.T.);
#4595 = VERTEX_POINT('',#4596);
#4596 = CARTESIAN_POINT('',(5.11,-2.05,4.01));
#4597 = SURFACE_CURVE('',#4598,(#4602,#4609),.PCURVE_S1.);
#4598 = LINE('',#4599,#4600);
#4599 = CARTESIAN_POINT('',(5.11,-2.05,3.76));
#4600 = VECTOR('',#4601,1.);
#4601 = DIRECTION('',(0.,0.,1.));
#4602 = PCURVE('',#4142,#4603);
#4603 = DEFINITIONAL_REPRESENTATION('',(#4604),#4608);
#4604 = LINE('',#4605,#4606);
#4605 = CARTESIAN_POINT('',(-1.375865645328,0.8));
#4606 = VECTOR('',#4607,1.);
#4607 = DIRECTION('',(1.,0.));
#4608 = ( GEOMETRIC_REPRESENTATION_CONTEXT(2) 
PARAMETRIC_REPRESENTATION_CONTEXT() REPRESENTATION_CONTEXT('2D SPACE',''
  ) );
#4609 = PCURVE('',#4610,#4615);
#4610 = PLANE('',#4611);
#4611 = AXIS2_PLACEMENT_3D('',#4612,#4613,#4614);
#4612 = CARTESIAN_POINT('',(5.11,-2.05,3.76));
#4613 = DIRECTION('',(0.,1.,0.));
#4614 = DIRECTION('',(0.,0.,1.));
#4615 = DEFINITIONAL_REPRESENTATION('',(#4616),#4620);
#4616 = LINE('',#4617,#4618);
#4617 = CARTESIAN_POINT('',(0.,0.));
#4618 = VECTOR('',#4619,1.);
#4619 = DIRECTION('',(1.,0.));
#4620 = ( GEOMETRIC_REPRESENTATION_CONTEXT(2) 
PARAMETRIC_REPRESENTATION_CONTEXT() REPRESENTATION_CONTEXT('2D SPACE',''
  ) );
#4621 = ORIENTED_EDGE('',*,*,#4622,.F.);
#4622 = EDGE_CURVE('',#4623,#4595,#4625,.T.);
#4623 = VERTEX_POINT('',#4624);
#4624 = CARTESIAN_POINT('',(5.11,-2.95,4.01));
#4625 = SURFACE_CURVE('',#4626,(#4630,#4637),.PCURVE_S1.);
#4626 = LINE('',#4627,#4628);
#4627 = CARTESIAN_POINT('',(5.11,-2.95,4.01));
#4628 = VECTOR('',#4629,1.);
#4629 = DIRECTION('',(0.,1.,0.));
#4630 = PCURVE('',#4142,#4631);
#4631 = DEFINITIONAL_REPRESENTATION('',(#4632),#4636);
#4632 = LINE('',#4633,#4634);
#4633 = CARTESIAN_POINT('',(-1.125865645328,1.7));
#4634 = VECTOR('',#4635,1.);
#4635 = DIRECTION('',(0.,-1.));
#4636 = ( GEOMETRIC_REPRESENTATION_CONTEXT(2) 
PARAMETRIC_REPRESENTATION_CONTEXT() REPRESENTATION_CONTEXT('2D SPACE',''
  ) );
#4637 = PCURVE('',#4638,#4643);
#4638 = PLANE('',#4639);
#4639 = AXIS2_PLACEMENT_3D('',#4640,#4641,#4642);
#4640 = CARTESIAN_POINT('',(5.11,-2.95,4.01));
#4641 = DIRECTION('',(0.,0.,1.));
#4642 = DIRECTION('',(1.,0.,0.));
#4643 = DEFINITIONAL_REPRESENTATION('',(#4644),#4648);
#4644 = LINE('',#4645,#4646);
#4645 = CARTESIAN_POINT('',(0.,0.));
#4646 = VECTOR('',#4647,1.);
#4647 = DIRECTION('',(0.,1.));
#4648 = ( GEOMETRIC_REPRESENTATION_CONTEXT(2) 
PARAMETRIC_REPRESENTATION_CONTEXT() REPRESENTATION_CONTEXT('2D SPACE',''
  ) );
#4649 = ORIENTED_EDGE('',*,*,#4650,.F.);
#4650 = EDGE_CURVE('',#4651,#4623,#4653,.T.);
#4651 = VERTEX_POINT('',#4652);
#4652 = CARTESIAN_POINT('',(5.11,-2.95,3.76));
#4653 = SURFACE_CURVE('',#4654,(#4658,#4665),.PCURVE_S1.);
#4654 = LINE('',#4655,#4656);
#4655 = CARTESIAN_POINT('',(5.11,-2.95,3.76));
#4656 = VECTOR('',#4657,1.);
#4657 = DIRECTION('',(0.,0.,1.));
#4658 = PCURVE('',#4142,#4659);
#4659 = DEFINITIONAL_REPRESENTATION('',(#4660),#4664);
#4660 = LINE('',#4661,#4662);
#4661 = CARTESIAN_POINT('',(-1.375865645328,1.7));
#4662 = VECTOR('',#4663,1.);
#4663 = DIRECTION('',(1.,0.));
#4664 = ( GEOMETRIC_REPRESENTATION_CONTEXT(2) 
PARAMETRIC_REPRESENTATION_CONTEXT() REPRESENTATION_CONTEXT('2D SPACE',''
  ) );
#4665 = PCURVE('',#4666,#4671);
#4666 = PLANE('',#4667);
#4667 = AXIS2_PLACEMENT_3D('',#4668,#4669,#4670);
#4668 = CARTESIAN_POINT('',(5.11,-2.95,3.76));
#4669 = DIRECTION('',(0.,1.,0.));
#4670 = DIRECTION('',(0.,0.,1.));
#4671 = DEFINITIONAL_REPRESENTATION('',(#4672),#4676);
#4672 = LINE('',#4673,#4674);
#4673 = CARTESIAN_POINT('',(0.,0.));
#4674 = VECTOR('',#4675,1.);
#4675 = DIRECTION('',(1.,0.));
#4676 = ( GEOMETRIC_REPRESENTATION_CONTEXT(2) 
PARAMETRIC_REPRESENTATION_CONTEXT() REPRESENTATION_CONTEXT('2D SPACE',''
  ) );
#4677 = ORIENTED_EDGE('',*,*,#4678,.T.);
#4678 = EDGE_CURVE('',#4651,#4679,#4681,.T.);
#4679 = VERTEX_POINT('',#4680);
#4680 = CARTESIAN_POINT('',(5.11,-4.05,3.76));
#4681 = SURFACE_CURVE('',#4682,(#4686,#4693),.PCURVE_S1.);
#4682 = LINE('',#4683,#4684);
#4683 = CARTESIAN_POINT('',(5.11,-2.65,3.76));
#4684 = VECTOR('',#4685,1.);
#4685 = DIRECTION('',(0.,-1.,0.));
#4686 = PCURVE('',#4142,#4687);
#4687 = DEFINITIONAL_REPRESENTATION('',(#4688),#4692);
#4688 = LINE('',#4689,#4690);
#4689 = CARTESIAN_POINT('',(-1.375865645328,1.4));
#4690 = VECTOR('',#4691,1.);
#4691 = DIRECTION('',(0.,1.));
#4692 = ( GEOMETRIC_REPRESENTATION_CONTEXT(2) 
PARAMETRIC_REPRESENTATION_CONTEXT() REPRESENTATION_CONTEXT('2D SPACE',''
  ) );
#4693 = PCURVE('',#4477,#4694);
#4694 = DEFINITIONAL_REPRESENTATION('',(#4695),#4698);
#4695 = B_SPLINE_CURVE_WITH_KNOTS('',1,(#4696,#4697),.UNSPECIFIED.,.F.,
  .F.,(2,2),(-4.2,1.4),.PIECEWISE_BEZIER_KNOTS.);
#4696 = CARTESIAN_POINT('',(1.E-01,5.6));
#4697 = CARTESIAN_POINT('',(1.E-01,0.));
#4698 = ( GEOMETRIC_REPRESENTATION_CONTEXT(2) 
PARAMETRIC_REPRESENTATION_CONTEXT() REPRESENTATION_CONTEXT('2D SPACE',''
  ) );
#4699 = ORIENTED_EDGE('',*,*,#4700,.T.);
#4700 = EDGE_CURVE('',#4679,#4701,#4703,.T.);
#4701 = VERTEX_POINT('',#4702);
#4702 = CARTESIAN_POINT('',(5.11,-4.05,6.94));
#4703 = SURFACE_CURVE('',#4704,(#4708,#4715),.PCURVE_S1.);
#4704 = LINE('',#4705,#4706);
#4705 = CARTESIAN_POINT('',(5.11,-4.05,4.447932822664));
#4706 = VECTOR('',#4707,1.);
#4707 = DIRECTION('',(0.,0.,1.));
#4708 = PCURVE('',#4142,#4709);
#4709 = DEFINITIONAL_REPRESENTATION('',(#4710),#4714);
#4710 = LINE('',#4711,#4712);
#4711 = CARTESIAN_POINT('',(-0.687932822664,2.8));
#4712 = VECTOR('',#4713,1.);
#4713 = DIRECTION('',(1.,0.));
#4714 = ( GEOMETRIC_REPRESENTATION_CONTEXT(2) 
PARAMETRIC_REPRESENTATION_CONTEXT() REPRESENTATION_CONTEXT('2D SPACE',''
  ) );
#4715 = PCURVE('',#4716,#4721);
#4716 = PLANE('',#4717);
#4717 = AXIS2_PLACEMENT_3D('',#4718,#4719,#4720);
#4718 = CARTESIAN_POINT('',(5.01,-4.05,3.76));
#4719 = DIRECTION('',(0.,1.,0.));
#4720 = DIRECTION('',(0.,0.,1.));
#4721 = DEFINITIONAL_REPRESENTATION('',(#4722),#4725);
#4722 = B_SPLINE_CURVE_WITH_KNOTS('',1,(#4723,#4724),.UNSPECIFIED.,.F.,
  .F.,(2,2),(-0.687932822664,2.492067177336),.PIECEWISE_BEZIER_KNOTS.);
#4723 = CARTESIAN_POINT('',(0.,1.E-01));
#4724 = CARTESIAN_POINT('',(3.18,1.E-01));
#4725 = ( GEOMETRIC_REPRESENTATION_CONTEXT(2) 
PARAMETRIC_REPRESENTATION_CONTEXT() REPRESENTATION_CONTEXT('2D SPACE',''
  ) );
#4726 = ORIENTED_EDGE('',*,*,#4727,.F.);
#4727 = EDGE_CURVE('',#4728,#4701,#4730,.T.);
#4728 = VERTEX_POINT('',#4729);
#4729 = CARTESIAN_POINT('',(5.11,-2.95,6.94));
#4730 = SURFACE_CURVE('',#4731,(#4735,#4742),.PCURVE_S1.);
#4731 = LINE('',#4732,#4733);
#4732 = CARTESIAN_POINT('',(5.11,-2.65,6.94));
#4733 = VECTOR('',#4734,1.);
#4734 = DIRECTION('',(0.,-1.,0.));
#4735 = PCURVE('',#4142,#4736);
#4736 = DEFINITIONAL_REPRESENTATION('',(#4737),#4741);
#4737 = LINE('',#4738,#4739);
#4738 = CARTESIAN_POINT('',(1.804134354672,1.4));
#4739 = VECTOR('',#4740,1.);
#4740 = DIRECTION('',(0.,1.));
#4741 = ( GEOMETRIC_REPRESENTATION_CONTEXT(2) 
PARAMETRIC_REPRESENTATION_CONTEXT() REPRESENTATION_CONTEXT('2D SPACE',''
  ) );
#4742 = PCURVE('',#4743,#4748);
#4743 = PLANE('',#4744);
#4744 = AXIS2_PLACEMENT_3D('',#4745,#4746,#4747);
#4745 = CARTESIAN_POINT('',(5.01,-4.05,6.94));
#4746 = DIRECTION('',(0.,0.,1.));
#4747 = DIRECTION('',(1.,0.,0.));
#4748 = DEFINITIONAL_REPRESENTATION('',(#4749),#4752);
#4749 = B_SPLINE_CURVE_WITH_KNOTS('',1,(#4750,#4751),.UNSPECIFIED.,.F.,
  .F.,(2,2),(-4.2,1.4),.PIECEWISE_BEZIER_KNOTS.);
#4750 = CARTESIAN_POINT('',(1.E-01,5.6));
#4751 = CARTESIAN_POINT('',(1.E-01,0.));
#4752 = ( GEOMETRIC_REPRESENTATION_CONTEXT(2) 
PARAMETRIC_REPRESENTATION_CONTEXT() REPRESENTATION_CONTEXT('2D SPACE',''
  ) );
#4753 = ORIENTED_EDGE('',*,*,#4754,.F.);
#4754 = EDGE_CURVE('',#4755,#4728,#4757,.T.);
#4755 = VERTEX_POINT('',#4756);
#4756 = CARTESIAN_POINT('',(5.11,-2.95,6.69));
#4757 = SURFACE_CURVE('',#4758,(#4762,#4769),.PCURVE_S1.);
#4758 = LINE('',#4759,#4760);
#4759 = CARTESIAN_POINT('',(5.11,-2.95,6.69));
#4760 = VECTOR('',#4761,1.);
#4761 = DIRECTION('',(0.,0.,1.));
#4762 = PCURVE('',#4142,#4763);
#4763 = DEFINITIONAL_REPRESENTATION('',(#4764),#4768);
#4764 = LINE('',#4765,#4766);
#4765 = CARTESIAN_POINT('',(1.554134354672,1.7));
#4766 = VECTOR('',#4767,1.);
#4767 = DIRECTION('',(1.,0.));
#4768 = ( GEOMETRIC_REPRESENTATION_CONTEXT(2) 
PARAMETRIC_REPRESENTATION_CONTEXT() REPRESENTATION_CONTEXT('2D SPACE',''
  ) );
#4769 = PCURVE('',#4770,#4775);
#4770 = PLANE('',#4771);
#4771 = AXIS2_PLACEMENT_3D('',#4772,#4773,#4774);
#4772 = CARTESIAN_POINT('',(5.11,-2.95,6.69));
#4773 = DIRECTION('',(0.,1.,0.));
#4774 = DIRECTION('',(0.,0.,1.));
#4775 = DEFINITIONAL_REPRESENTATION('',(#4776),#4780);
#4776 = LINE('',#4777,#4778);
#4777 = CARTESIAN_POINT('',(0.,0.));
#4778 = VECTOR('',#4779,1.);
#4779 = DIRECTION('',(1.,0.));
#4780 = ( GEOMETRIC_REPRESENTATION_CONTEXT(2) 
PARAMETRIC_REPRESENTATION_CONTEXT() REPRESENTATION_CONTEXT('2D SPACE',''
  ) );
#4781 = ORIENTED_EDGE('',*,*,#4782,.T.);
#4782 = EDGE_CURVE('',#4755,#4783,#4785,.T.);
#4783 = VERTEX_POINT('',#4784);
#4784 = CARTESIAN_POINT('',(5.11,-2.05,6.69));
#4785 = SURFACE_CURVE('',#4786,(#4790,#4797),.PCURVE_S1.);
#4786 = LINE('',#4787,#4788);
#4787 = CARTESIAN_POINT('',(5.11,-2.95,6.69));
#4788 = VECTOR('',#4789,1.);
#4789 = DIRECTION('',(0.,1.,0.));
#4790 = PCURVE('',#4142,#4791);
#4791 = DEFINITIONAL_REPRESENTATION('',(#4792),#4796);
#4792 = LINE('',#4793,#4794);
#4793 = CARTESIAN_POINT('',(1.554134354672,1.7));
#4794 = VECTOR('',#4795,1.);
#4795 = DIRECTION('',(0.,-1.));
#4796 = ( GEOMETRIC_REPRESENTATION_CONTEXT(2) 
PARAMETRIC_REPRESENTATION_CONTEXT() REPRESENTATION_CONTEXT('2D SPACE',''
  ) );
#4797 = PCURVE('',#4798,#4803);
#4798 = PLANE('',#4799);
#4799 = AXIS2_PLACEMENT_3D('',#4800,#4801,#4802);
#4800 = CARTESIAN_POINT('',(5.11,-2.95,6.69));
#4801 = DIRECTION('',(0.,0.,1.));
#4802 = DIRECTION('',(1.,0.,0.));
#4803 = DEFINITIONAL_REPRESENTATION('',(#4804),#4808);
#4804 = LINE('',#4805,#4806);
#4805 = CARTESIAN_POINT('',(0.,0.));
#4806 = VECTOR('',#4807,1.);
#4807 = DIRECTION('',(0.,1.));
#4808 = ( GEOMETRIC_REPRESENTATION_CONTEXT(2) 
PARAMETRIC_REPRESENTATION_CONTEXT() REPRESENTATION_CONTEXT('2D SPACE',''
  ) );
#4809 = ORIENTED_EDGE('',*,*,#4810,.T.);
#4810 = EDGE_CURVE('',#4783,#4811,#4813,.T.);
#4811 = VERTEX_POINT('',#4812);
#4812 = CARTESIAN_POINT('',(5.11,-2.05,6.94));
#4813 = SURFACE_CURVE('',#4814,(#4818,#4825),.PCURVE_S1.);
#4814 = LINE('',#4815,#4816);
#4815 = CARTESIAN_POINT('',(5.11,-2.05,6.69));
#4816 = VECTOR('',#4817,1.);
#4817 = DIRECTION('',(0.,0.,1.));
#4818 = PCURVE('',#4142,#4819);
#4819 = DEFINITIONAL_REPRESENTATION('',(#4820),#4824);
#4820 = LINE('',#4821,#4822);
#4821 = CARTESIAN_POINT('',(1.554134354672,0.8));
#4822 = VECTOR('',#4823,1.);
#4823 = DIRECTION('',(1.,0.));
#4824 = ( GEOMETRIC_REPRESENTATION_CONTEXT(2) 
PARAMETRIC_REPRESENTATION_CONTEXT() REPRESENTATION_CONTEXT('2D SPACE',''
  ) );
#4825 = PCURVE('',#4826,#4831);
#4826 = PLANE('',#4827);
#4827 = AXIS2_PLACEMENT_3D('',#4828,#4829,#4830);
#4828 = CARTESIAN_POINT('',(5.11,-2.05,6.69));
#4829 = DIRECTION('',(0.,1.,0.));
#4830 = DIRECTION('',(0.,0.,1.));
#4831 = DEFINITIONAL_REPRESENTATION('',(#4832),#4836);
#4832 = LINE('',#4833,#4834);
#4833 = CARTESIAN_POINT('',(0.,0.));
#4834 = VECTOR('',#4835,1.);
#4835 = DIRECTION('',(1.,0.));
#4836 = ( GEOMETRIC_REPRESENTATION_CONTEXT(2) 
PARAMETRIC_REPRESENTATION_CONTEXT() REPRESENTATION_CONTEXT('2D SPACE',''
  ) );
#4837 = ORIENTED_EDGE('',*,*,#4838,.F.);
#4838 = EDGE_CURVE('',#4839,#4811,#4841,.T.);
#4839 = VERTEX_POINT('',#4840);
#4840 = CARTESIAN_POINT('',(5.11,-0.45,6.94));
#4841 = SURFACE_CURVE('',#4842,(#4846,#4853),.PCURVE_S1.);
#4842 = LINE('',#4843,#4844);
#4843 = CARTESIAN_POINT('',(5.11,-2.65,6.94));
#4844 = VECTOR('',#4845,1.);
#4845 = DIRECTION('',(0.,-1.,0.));
#4846 = PCURVE('',#4142,#4847);
#4847 = DEFINITIONAL_REPRESENTATION('',(#4848),#4852);
#4848 = LINE('',#4849,#4850);
#4849 = CARTESIAN_POINT('',(1.804134354672,1.4));
#4850 = VECTOR('',#4851,1.);
#4851 = DIRECTION('',(0.,1.));
#4852 = ( GEOMETRIC_REPRESENTATION_CONTEXT(2) 
PARAMETRIC_REPRESENTATION_CONTEXT() REPRESENTATION_CONTEXT('2D SPACE',''
  ) );
#4853 = PCURVE('',#4743,#4854);
#4854 = DEFINITIONAL_REPRESENTATION('',(#4855),#4858);
#4855 = B_SPLINE_CURVE_WITH_KNOTS('',1,(#4856,#4857),.UNSPECIFIED.,.F.,
  .F.,(2,2),(-4.2,1.4),.PIECEWISE_BEZIER_KNOTS.);
#4856 = CARTESIAN_POINT('',(1.E-01,5.6));
#4857 = CARTESIAN_POINT('',(1.E-01,0.));
#4858 = ( GEOMETRIC_REPRESENTATION_CONTEXT(2) 
PARAMETRIC_REPRESENTATION_CONTEXT() REPRESENTATION_CONTEXT('2D SPACE',''
  ) );
#4859 = ORIENTED_EDGE('',*,*,#4860,.F.);
#4860 = EDGE_CURVE('',#4861,#4839,#4863,.T.);
#4861 = VERTEX_POINT('',#4862);
#4862 = CARTESIAN_POINT('',(5.11,-0.45,6.69));
#4863 = SURFACE_CURVE('',#4864,(#4868,#4875),.PCURVE_S1.);
#4864 = LINE('',#4865,#4866);
#4865 = CARTESIAN_POINT('',(5.11,-0.45,6.69));
#4866 = VECTOR('',#4867,1.);
#4867 = DIRECTION('',(0.,0.,1.));
#4868 = PCURVE('',#4142,#4869);
#4869 = DEFINITIONAL_REPRESENTATION('',(#4870),#4874);
#4870 = LINE('',#4871,#4872);
#4871 = CARTESIAN_POINT('',(1.554134354672,-0.8));
#4872 = VECTOR('',#4873,1.);
#4873 = DIRECTION('',(1.,0.));
#4874 = ( GEOMETRIC_REPRESENTATION_CONTEXT(2) 
PARAMETRIC_REPRESENTATION_CONTEXT() REPRESENTATION_CONTEXT('2D SPACE',''
  ) );
#4875 = PCURVE('',#4876,#4881);
#4876 = PLANE('',#4877);
#4877 = AXIS2_PLACEMENT_3D('',#4878,#4879,#4880);
#4878 = CARTESIAN_POINT('',(5.11,-0.45,6.69));
#4879 = DIRECTION('',(0.,1.,0.));
#4880 = DIRECTION('',(0.,0.,1.));
#4881 = DEFINITIONAL_REPRESENTATION('',(#4882),#4886);
#4882 = LINE('',#4883,#4884);
#4883 = CARTESIAN_POINT('',(0.,0.));
#4884 = VECTOR('',#4885,1.);
#4885 = DIRECTION('',(1.,0.));
#4886 = ( GEOMETRIC_REPRESENTATION_CONTEXT(2) 
PARAMETRIC_REPRESENTATION_CONTEXT() REPRESENTATION_CONTEXT('2D SPACE',''
  ) );
#4887 = ORIENTED_EDGE('',*,*,#4888,.T.);
#4888 = EDGE_CURVE('',#4861,#4889,#4891,.T.);
#4889 = VERTEX_POINT('',#4890);
#4890 = CARTESIAN_POINT('',(5.11,0.45,6.69));
#4891 = SURFACE_CURVE('',#4892,(#4896,#4903),.PCURVE_S1.);
#4892 = LINE('',#4893,#4894);
#4893 = CARTESIAN_POINT('',(5.11,-0.45,6.69));
#4894 = VECTOR('',#4895,1.);
#4895 = DIRECTION('',(0.,1.,0.));
#4896 = PCURVE('',#4142,#4897);
#4897 = DEFINITIONAL_REPRESENTATION('',(#4898),#4902);
#4898 = LINE('',#4899,#4900);
#4899 = CARTESIAN_POINT('',(1.554134354672,-0.8));
#4900 = VECTOR('',#4901,1.);
#4901 = DIRECTION('',(0.,-1.));
#4902 = ( GEOMETRIC_REPRESENTATION_CONTEXT(2) 
PARAMETRIC_REPRESENTATION_CONTEXT() REPRESENTATION_CONTEXT('2D SPACE',''
  ) );
#4903 = PCURVE('',#4904,#4909);
#4904 = PLANE('',#4905);
#4905 = AXIS2_PLACEMENT_3D('',#4906,#4907,#4908);
#4906 = CARTESIAN_POINT('',(5.11,-0.45,6.69));
#4907 = DIRECTION('',(0.,0.,1.));
#4908 = DIRECTION('',(1.,0.,0.));
#4909 = DEFINITIONAL_REPRESENTATION('',(#4910),#4914);
#4910 = LINE('',#4911,#4912);
#4911 = CARTESIAN_POINT('',(0.,0.));
#4912 = VECTOR('',#4913,1.);
#4913 = DIRECTION('',(0.,1.));
#4914 = ( GEOMETRIC_REPRESENTATION_CONTEXT(2) 
PARAMETRIC_REPRESENTATION_CONTEXT() REPRESENTATION_CONTEXT('2D SPACE',''
  ) );
#4915 = ORIENTED_EDGE('',*,*,#4916,.T.);
#4916 = EDGE_CURVE('',#4889,#4917,#4919,.T.);
#4917 = VERTEX_POINT('',#4918);
#4918 = CARTESIAN_POINT('',(5.11,0.45,6.94));
#4919 = SURFACE_CURVE('',#4920,(#4924,#4931),.PCURVE_S1.);
#4920 = LINE('',#4921,#4922);
#4921 = CARTESIAN_POINT('',(5.11,0.45,6.69));
#4922 = VECTOR('',#4923,1.);
#4923 = DIRECTION('',(0.,0.,1.));
#4924 = PCURVE('',#4142,#4925);
#4925 = DEFINITIONAL_REPRESENTATION('',(#4926),#4930);
#4926 = LINE('',#4927,#4928);
#4927 = CARTESIAN_POINT('',(1.554134354672,-1.7));
#4928 = VECTOR('',#4929,1.);
#4929 = DIRECTION('',(1.,0.));
#4930 = ( GEOMETRIC_REPRESENTATION_CONTEXT(2) 
PARAMETRIC_REPRESENTATION_CONTEXT() REPRESENTATION_CONTEXT('2D SPACE',''
  ) );
#4931 = PCURVE('',#4932,#4937);
#4932 = PLANE('',#4933);
#4933 = AXIS2_PLACEMENT_3D('',#4934,#4935,#4936);
#4934 = CARTESIAN_POINT('',(5.11,0.45,6.69));
#4935 = DIRECTION('',(0.,1.,0.));
#4936 = DIRECTION('',(0.,0.,1.));
#4937 = DEFINITIONAL_REPRESENTATION('',(#4938),#4942);
#4938 = LINE('',#4939,#4940);
#4939 = CARTESIAN_POINT('',(0.,0.));
#4940 = VECTOR('',#4941,1.);
#4941 = DIRECTION('',(1.,0.));
#4942 = ( GEOMETRIC_REPRESENTATION_CONTEXT(2) 
PARAMETRIC_REPRESENTATION_CONTEXT() REPRESENTATION_CONTEXT('2D SPACE',''
  ) );
#4943 = ORIENTED_EDGE('',*,*,#4944,.F.);
#4944 = EDGE_CURVE('',#4945,#4917,#4947,.T.);
#4945 = VERTEX_POINT('',#4946);
#4946 = CARTESIAN_POINT('',(5.11,1.55,6.94));
#4947 = SURFACE_CURVE('',#4948,(#4952,#4959),.PCURVE_S1.);
#4948 = LINE('',#4949,#4950);
#4949 = CARTESIAN_POINT('',(5.11,-2.65,6.94));
#4950 = VECTOR('',#4951,1.);
#4951 = DIRECTION('',(0.,-1.,0.));
#4952 = PCURVE('',#4142,#4953);
#4953 = DEFINITIONAL_REPRESENTATION('',(#4954),#4958);
#4954 = LINE('',#4955,#4956);
#4955 = CARTESIAN_POINT('',(1.804134354672,1.4));
#4956 = VECTOR('',#4957,1.);
#4957 = DIRECTION('',(0.,1.));
#4958 = ( GEOMETRIC_REPRESENTATION_CONTEXT(2) 
PARAMETRIC_REPRESENTATION_CONTEXT() REPRESENTATION_CONTEXT('2D SPACE',''
  ) );
#4959 = PCURVE('',#4743,#4960);
#4960 = DEFINITIONAL_REPRESENTATION('',(#4961),#4964);
#4961 = B_SPLINE_CURVE_WITH_KNOTS('',1,(#4962,#4963),.UNSPECIFIED.,.F.,
  .F.,(2,2),(-4.2,1.4),.PIECEWISE_BEZIER_KNOTS.);
#4962 = CARTESIAN_POINT('',(1.E-01,5.6));
#4963 = CARTESIAN_POINT('',(1.E-01,0.));
#4964 = ( GEOMETRIC_REPRESENTATION_CONTEXT(2) 
PARAMETRIC_REPRESENTATION_CONTEXT() REPRESENTATION_CONTEXT('2D SPACE',''
  ) );
#4965 = ORIENTED_EDGE('',*,*,#4966,.F.);
#4966 = EDGE_CURVE('',#4460,#4945,#4967,.T.);
#4967 = SURFACE_CURVE('',#4968,(#4972,#4979),.PCURVE_S1.);
#4968 = LINE('',#4969,#4970);
#4969 = CARTESIAN_POINT('',(5.11,1.55,4.447932822664));
#4970 = VECTOR('',#4971,1.);
#4971 = DIRECTION('',(0.,0.,1.));
#4972 = PCURVE('',#4142,#4973);
#4973 = DEFINITIONAL_REPRESENTATION('',(#4974),#4978);
#4974 = LINE('',#4975,#4976);
#4975 = CARTESIAN_POINT('',(-0.687932822664,-2.8));
#4976 = VECTOR('',#4977,1.);
#4977 = DIRECTION('',(1.,0.));
#4978 = ( GEOMETRIC_REPRESENTATION_CONTEXT(2) 
PARAMETRIC_REPRESENTATION_CONTEXT() REPRESENTATION_CONTEXT('2D SPACE',''
  ) );
#4979 = PCURVE('',#4980,#4985);
#4980 = PLANE('',#4981);
#4981 = AXIS2_PLACEMENT_3D('',#4982,#4983,#4984);
#4982 = CARTESIAN_POINT('',(5.01,1.55,3.76));
#4983 = DIRECTION('',(0.,1.,0.));
#4984 = DIRECTION('',(0.,0.,1.));
#4985 = DEFINITIONAL_REPRESENTATION('',(#4986),#4989);
#4986 = B_SPLINE_CURVE_WITH_KNOTS('',1,(#4987,#4988),.UNSPECIFIED.,.F.,
  .F.,(2,2),(-0.687932822664,2.492067177336),.PIECEWISE_BEZIER_KNOTS.);
#4987 = CARTESIAN_POINT('',(0.,1.E-01));
#4988 = CARTESIAN_POINT('',(3.18,1.E-01));
#4989 = ( GEOMETRIC_REPRESENTATION_CONTEXT(2) 
PARAMETRIC_REPRESENTATION_CONTEXT() REPRESENTATION_CONTEXT('2D SPACE',''
  ) );
#4990 = ADVANCED_FACE('',(#4991),#4477,.F.);
#4991 = FACE_BOUND('',#4992,.F.);
#4992 = EDGE_LOOP('',(#4993,#5016,#5017,#5040,#5068,#5089,#5090,#5113,
    #5141,#5162,#5163,#5186));
#4993 = ORIENTED_EDGE('',*,*,#4994,.F.);
#4994 = EDGE_CURVE('',#4460,#4995,#4997,.T.);
#4995 = VERTEX_POINT('',#4996);
#4996 = CARTESIAN_POINT('',(13.81,1.55,3.76));
#4997 = SURFACE_CURVE('',#4998,(#5002,#5009),.PCURVE_S1.);
#4998 = LINE('',#4999,#5000);
#4999 = CARTESIAN_POINT('',(5.01,1.55,3.76));
#5000 = VECTOR('',#5001,1.);
#5001 = DIRECTION('',(1.,0.,0.));
#5002 = PCURVE('',#4477,#5003);
#5003 = DEFINITIONAL_REPRESENTATION('',(#5004),#5008);
#5004 = LINE('',#5005,#5006);
#5005 = CARTESIAN_POINT('',(0.,5.6));
#5006 = VECTOR('',#5007,1.);
#5007 = DIRECTION('',(1.,0.));
#5008 = ( GEOMETRIC_REPRESENTATION_CONTEXT(2) 
PARAMETRIC_REPRESENTATION_CONTEXT() REPRESENTATION_CONTEXT('2D SPACE',''
  ) );
#5009 = PCURVE('',#4980,#5010);
#5010 = DEFINITIONAL_REPRESENTATION('',(#5011),#5015);
#5011 = LINE('',#5012,#5013);
#5012 = CARTESIAN_POINT('',(0.,0.));
#5013 = VECTOR('',#5014,1.);
#5014 = DIRECTION('',(0.,1.));
#5015 = ( GEOMETRIC_REPRESENTATION_CONTEXT(2) 
PARAMETRIC_REPRESENTATION_CONTEXT() REPRESENTATION_CONTEXT('2D SPACE',''
  ) );
#5016 = ORIENTED_EDGE('',*,*,#4459,.T.);
#5017 = ORIENTED_EDGE('',*,*,#5018,.T.);
#5018 = EDGE_CURVE('',#4462,#5019,#5021,.T.);
#5019 = VERTEX_POINT('',#5020);
#5020 = CARTESIAN_POINT('',(13.51,0.45,3.76));
#5021 = SURFACE_CURVE('',#5022,(#5026,#5033),.PCURVE_S1.);
#5022 = LINE('',#5023,#5024);
#5023 = CARTESIAN_POINT('',(5.11,0.45,3.76));
#5024 = VECTOR('',#5025,1.);
#5025 = DIRECTION('',(1.,0.,0.));
#5026 = PCURVE('',#4477,#5027);
#5027 = DEFINITIONAL_REPRESENTATION('',(#5028),#5032);
#5028 = LINE('',#5029,#5030);
#5029 = CARTESIAN_POINT('',(1.E-01,4.5));
#5030 = VECTOR('',#5031,1.);
#5031 = DIRECTION('',(1.,0.));
#5032 = ( GEOMETRIC_REPRESENTATION_CONTEXT(2) 
PARAMETRIC_REPRESENTATION_CONTEXT() REPRESENTATION_CONTEXT('2D SPACE',''
  ) );
#5033 = PCURVE('',#4504,#5034);
#5034 = DEFINITIONAL_REPRESENTATION('',(#5035),#5039);
#5035 = LINE('',#5036,#5037);
#5036 = CARTESIAN_POINT('',(0.,0.));
#5037 = VECTOR('',#5038,1.);
#5038 = DIRECTION('',(0.,1.));
#5039 = ( GEOMETRIC_REPRESENTATION_CONTEXT(2) 
PARAMETRIC_REPRESENTATION_CONTEXT() REPRESENTATION_CONTEXT('2D SPACE',''
  ) );
#5040 = ORIENTED_EDGE('',*,*,#5041,.F.);
#5041 = EDGE_CURVE('',#5042,#5019,#5044,.T.);
#5042 = VERTEX_POINT('',#5043);
#5043 = CARTESIAN_POINT('',(13.51,-0.45,3.76));
#5044 = SURFACE_CURVE('',#5045,(#5049,#5056),.PCURVE_S1.);
#5045 = LINE('',#5046,#5047);
#5046 = CARTESIAN_POINT('',(13.51,-0.45,3.76));
#5047 = VECTOR('',#5048,1.);
#5048 = DIRECTION('',(0.,1.,0.));
#5049 = PCURVE('',#4477,#5050);
#5050 = DEFINITIONAL_REPRESENTATION('',(#5051),#5055);
#5051 = LINE('',#5052,#5053);
#5052 = CARTESIAN_POINT('',(8.5,3.6));
#5053 = VECTOR('',#5054,1.);
#5054 = DIRECTION('',(0.,1.));
#5055 = ( GEOMETRIC_REPRESENTATION_CONTEXT(2) 
PARAMETRIC_REPRESENTATION_CONTEXT() REPRESENTATION_CONTEXT('2D SPACE',''
  ) );
#5056 = PCURVE('',#5057,#5062);
#5057 = PLANE('',#5058);
#5058 = AXIS2_PLACEMENT_3D('',#5059,#5060,#5061);
#5059 = CARTESIAN_POINT('',(13.51,-0.45,3.76));
#5060 = DIRECTION('',(1.,0.,0.));
#5061 = DIRECTION('',(0.,0.,1.));
#5062 = DEFINITIONAL_REPRESENTATION('',(#5063),#5067);
#5063 = LINE('',#5064,#5065);
#5064 = CARTESIAN_POINT('',(0.,0.));
#5065 = VECTOR('',#5066,1.);
#5066 = DIRECTION('',(0.,-1.));
#5067 = ( GEOMETRIC_REPRESENTATION_CONTEXT(2) 
PARAMETRIC_REPRESENTATION_CONTEXT() REPRESENTATION_CONTEXT('2D SPACE',''
  ) );
#5068 = ORIENTED_EDGE('',*,*,#5069,.F.);
#5069 = EDGE_CURVE('',#4545,#5042,#5070,.T.);
#5070 = SURFACE_CURVE('',#5071,(#5075,#5082),.PCURVE_S1.);
#5071 = LINE('',#5072,#5073);
#5072 = CARTESIAN_POINT('',(5.11,-0.45,3.76));
#5073 = VECTOR('',#5074,1.);
#5074 = DIRECTION('',(1.,0.,0.));
#5075 = PCURVE('',#4477,#5076);
#5076 = DEFINITIONAL_REPRESENTATION('',(#5077),#5081);
#5077 = LINE('',#5078,#5079);
#5078 = CARTESIAN_POINT('',(1.E-01,3.6));
#5079 = VECTOR('',#5080,1.);
#5080 = DIRECTION('',(1.,0.));
#5081 = ( GEOMETRIC_REPRESENTATION_CONTEXT(2) 
PARAMETRIC_REPRESENTATION_CONTEXT() REPRESENTATION_CONTEXT('2D SPACE',''
  ) );
#5082 = PCURVE('',#4560,#5083);
#5083 = DEFINITIONAL_REPRESENTATION('',(#5084),#5088);
#5084 = LINE('',#5085,#5086);
#5085 = CARTESIAN_POINT('',(0.,0.));
#5086 = VECTOR('',#5087,1.);
#5087 = DIRECTION('',(0.,1.));
#5088 = ( GEOMETRIC_REPRESENTATION_CONTEXT(2) 
PARAMETRIC_REPRESENTATION_CONTEXT() REPRESENTATION_CONTEXT('2D SPACE',''
  ) );
#5089 = ORIENTED_EDGE('',*,*,#4572,.T.);
#5090 = ORIENTED_EDGE('',*,*,#5091,.T.);
#5091 = EDGE_CURVE('',#4573,#5092,#5094,.T.);
#5092 = VERTEX_POINT('',#5093);
#5093 = CARTESIAN_POINT('',(13.51,-2.05,3.76));
#5094 = SURFACE_CURVE('',#5095,(#5099,#5106),.PCURVE_S1.);
#5095 = LINE('',#5096,#5097);
#5096 = CARTESIAN_POINT('',(5.11,-2.05,3.76));
#5097 = VECTOR('',#5098,1.);
#5098 = DIRECTION('',(1.,0.,0.));
#5099 = PCURVE('',#4477,#5100);
#5100 = DEFINITIONAL_REPRESENTATION('',(#5101),#5105);
#5101 = LINE('',#5102,#5103);
#5102 = CARTESIAN_POINT('',(1.E-01,2.));
#5103 = VECTOR('',#5104,1.);
#5104 = DIRECTION('',(1.,0.));
#5105 = ( GEOMETRIC_REPRESENTATION_CONTEXT(2) 
PARAMETRIC_REPRESENTATION_CONTEXT() REPRESENTATION_CONTEXT('2D SPACE',''
  ) );
#5106 = PCURVE('',#4610,#5107);
#5107 = DEFINITIONAL_REPRESENTATION('',(#5108),#5112);
#5108 = LINE('',#5109,#5110);
#5109 = CARTESIAN_POINT('',(0.,0.));
#5110 = VECTOR('',#5111,1.);
#5111 = DIRECTION('',(0.,1.));
#5112 = ( GEOMETRIC_REPRESENTATION_CONTEXT(2) 
PARAMETRIC_REPRESENTATION_CONTEXT() REPRESENTATION_CONTEXT('2D SPACE',''
  ) );
#5113 = ORIENTED_EDGE('',*,*,#5114,.F.);
#5114 = EDGE_CURVE('',#5115,#5092,#5117,.T.);
#5115 = VERTEX_POINT('',#5116);
#5116 = CARTESIAN_POINT('',(13.51,-2.95,3.76));
#5117 = SURFACE_CURVE('',#5118,(#5122,#5129),.PCURVE_S1.);
#5118 = LINE('',#5119,#5120);
#5119 = CARTESIAN_POINT('',(13.51,-2.95,3.76));
#5120 = VECTOR('',#5121,1.);
#5121 = DIRECTION('',(0.,1.,0.));
#5122 = PCURVE('',#4477,#5123);
#5123 = DEFINITIONAL_REPRESENTATION('',(#5124),#5128);
#5124 = LINE('',#5125,#5126);
#5125 = CARTESIAN_POINT('',(8.5,1.1));
#5126 = VECTOR('',#5127,1.);
#5127 = DIRECTION('',(0.,1.));
#5128 = ( GEOMETRIC_REPRESENTATION_CONTEXT(2) 
PARAMETRIC_REPRESENTATION_CONTEXT() REPRESENTATION_CONTEXT('2D SPACE',''
  ) );
#5129 = PCURVE('',#5130,#5135);
#5130 = PLANE('',#5131);
#5131 = AXIS2_PLACEMENT_3D('',#5132,#5133,#5134);
#5132 = CARTESIAN_POINT('',(13.51,-2.95,3.76));
#5133 = DIRECTION('',(1.,0.,0.));
#5134 = DIRECTION('',(0.,0.,1.));
#5135 = DEFINITIONAL_REPRESENTATION('',(#5136),#5140);
#5136 = LINE('',#5137,#5138);
#5137 = CARTESIAN_POINT('',(0.,0.));
#5138 = VECTOR('',#5139,1.);
#5139 = DIRECTION('',(0.,-1.));
#5140 = ( GEOMETRIC_REPRESENTATION_CONTEXT(2) 
PARAMETRIC_REPRESENTATION_CONTEXT() REPRESENTATION_CONTEXT('2D SPACE',''
  ) );
#5141 = ORIENTED_EDGE('',*,*,#5142,.F.);
#5142 = EDGE_CURVE('',#4651,#5115,#5143,.T.);
#5143 = SURFACE_CURVE('',#5144,(#5148,#5155),.PCURVE_S1.);
#5144 = LINE('',#5145,#5146);
#5145 = CARTESIAN_POINT('',(5.11,-2.95,3.76));
#5146 = VECTOR('',#5147,1.);
#5147 = DIRECTION('',(1.,0.,0.));
#5148 = PCURVE('',#4477,#5149);
#5149 = DEFINITIONAL_REPRESENTATION('',(#5150),#5154);
#5150 = LINE('',#5151,#5152);
#5151 = CARTESIAN_POINT('',(1.E-01,1.1));
#5152 = VECTOR('',#5153,1.);
#5153 = DIRECTION('',(1.,0.));
#5154 = ( GEOMETRIC_REPRESENTATION_CONTEXT(2) 
PARAMETRIC_REPRESENTATION_CONTEXT() REPRESENTATION_CONTEXT('2D SPACE',''
  ) );
#5155 = PCURVE('',#4666,#5156);
#5156 = DEFINITIONAL_REPRESENTATION('',(#5157),#5161);
#5157 = LINE('',#5158,#5159);
#5158 = CARTESIAN_POINT('',(0.,0.));
#5159 = VECTOR('',#5160,1.);
#5160 = DIRECTION('',(0.,1.));
#5161 = ( GEOMETRIC_REPRESENTATION_CONTEXT(2) 
PARAMETRIC_REPRESENTATION_CONTEXT() REPRESENTATION_CONTEXT('2D SPACE',''
  ) );
#5162 = ORIENTED_EDGE('',*,*,#4678,.T.);
#5163 = ORIENTED_EDGE('',*,*,#5164,.T.);
#5164 = EDGE_CURVE('',#4679,#5165,#5167,.T.);
#5165 = VERTEX_POINT('',#5166);
#5166 = CARTESIAN_POINT('',(13.81,-4.05,3.76));
#5167 = SURFACE_CURVE('',#5168,(#5172,#5179),.PCURVE_S1.);
#5168 = LINE('',#5169,#5170);
#5169 = CARTESIAN_POINT('',(5.01,-4.05,3.76));
#5170 = VECTOR('',#5171,1.);
#5171 = DIRECTION('',(1.,0.,0.));
#5172 = PCURVE('',#4477,#5173);
#5173 = DEFINITIONAL_REPRESENTATION('',(#5174),#5178);
#5174 = LINE('',#5175,#5176);
#5175 = CARTESIAN_POINT('',(0.,0.));
#5176 = VECTOR('',#5177,1.);
#5177 = DIRECTION('',(1.,0.));
#5178 = ( GEOMETRIC_REPRESENTATION_CONTEXT(2) 
PARAMETRIC_REPRESENTATION_CONTEXT() REPRESENTATION_CONTEXT('2D SPACE',''
  ) );
#5179 = PCURVE('',#4716,#5180);
#5180 = DEFINITIONAL_REPRESENTATION('',(#5181),#5185);
#5181 = LINE('',#5182,#5183);
#5182 = CARTESIAN_POINT('',(0.,0.));
#5183 = VECTOR('',#5184,1.);
#5184 = DIRECTION('',(0.,1.));
#5185 = ( GEOMETRIC_REPRESENTATION_CONTEXT(2) 
PARAMETRIC_REPRESENTATION_CONTEXT() REPRESENTATION_CONTEXT('2D SPACE',''
  ) );
#5186 = ORIENTED_EDGE('',*,*,#5187,.T.);
#5187 = EDGE_CURVE('',#5165,#4995,#5188,.T.);
#5188 = SURFACE_CURVE('',#5189,(#5193,#5200),.PCURVE_S1.);
#5189 = LINE('',#5190,#5191);
#5190 = CARTESIAN_POINT('',(13.81,-4.05,3.76));
#5191 = VECTOR('',#5192,1.);
#5192 = DIRECTION('',(0.,1.,0.));
#5193 = PCURVE('',#4477,#5194);
#5194 = DEFINITIONAL_REPRESENTATION('',(#5195),#5199);
#5195 = LINE('',#5196,#5197);
#5196 = CARTESIAN_POINT('',(8.8,0.));
#5197 = VECTOR('',#5198,1.);
#5198 = DIRECTION('',(0.,1.));
#5199 = ( GEOMETRIC_REPRESENTATION_CONTEXT(2) 
PARAMETRIC_REPRESENTATION_CONTEXT() REPRESENTATION_CONTEXT('2D SPACE',''
  ) );
#5200 = PCURVE('',#5201,#5206);
#5201 = PLANE('',#5202);
#5202 = AXIS2_PLACEMENT_3D('',#5203,#5204,#5205);
#5203 = CARTESIAN_POINT('',(13.96,-4.05,3.91));
#5204 = DIRECTION('',(-0.707106781187,0.,0.707106781187));
#5205 = DIRECTION('',(0.,1.,0.));
#5206 = DEFINITIONAL_REPRESENTATION('',(#5207),#5211);
#5207 = LINE('',#5208,#5209);
#5208 = CARTESIAN_POINT('',(0.,0.212132034356));
#5209 = VECTOR('',#5210,1.);
#5210 = DIRECTION('',(1.,0.));
#5211 = ( GEOMETRIC_REPRESENTATION_CONTEXT(2) 
PARAMETRIC_REPRESENTATION_CONTEXT() REPRESENTATION_CONTEXT('2D SPACE',''
  ) );
#5212 = ADVANCED_FACE('',(#5213),#4504,.F.);
#5213 = FACE_BOUND('',#5214,.F.);
#5214 = EDGE_LOOP('',(#5215,#5216,#5217,#5240));
#5215 = ORIENTED_EDGE('',*,*,#5018,.F.);
#5216 = ORIENTED_EDGE('',*,*,#4488,.T.);
#5217 = ORIENTED_EDGE('',*,*,#5218,.T.);
#5218 = EDGE_CURVE('',#4489,#5219,#5221,.T.);
#5219 = VERTEX_POINT('',#5220);
#5220 = CARTESIAN_POINT('',(13.51,0.45,4.01));
#5221 = SURFACE_CURVE('',#5222,(#5226,#5233),.PCURVE_S1.);
#5222 = LINE('',#5223,#5224);
#5223 = CARTESIAN_POINT('',(5.11,0.45,4.01));
#5224 = VECTOR('',#5225,1.);
#5225 = DIRECTION('',(1.,0.,0.));
#5226 = PCURVE('',#4504,#5227);
#5227 = DEFINITIONAL_REPRESENTATION('',(#5228),#5232);
#5228 = LINE('',#5229,#5230);
#5229 = CARTESIAN_POINT('',(0.25,0.));
#5230 = VECTOR('',#5231,1.);
#5231 = DIRECTION('',(0.,1.));
#5232 = ( GEOMETRIC_REPRESENTATION_CONTEXT(2) 
PARAMETRIC_REPRESENTATION_CONTEXT() REPRESENTATION_CONTEXT('2D SPACE',''
  ) );
#5233 = PCURVE('',#4532,#5234);
#5234 = DEFINITIONAL_REPRESENTATION('',(#5235),#5239);
#5235 = LINE('',#5236,#5237);
#5236 = CARTESIAN_POINT('',(0.,0.9));
#5237 = VECTOR('',#5238,1.);
#5238 = DIRECTION('',(1.,0.));
#5239 = ( GEOMETRIC_REPRESENTATION_CONTEXT(2) 
PARAMETRIC_REPRESENTATION_CONTEXT() REPRESENTATION_CONTEXT('2D SPACE',''
  ) );
#5240 = ORIENTED_EDGE('',*,*,#5241,.F.);
#5241 = EDGE_CURVE('',#5019,#5219,#5242,.T.);
#5242 = SURFACE_CURVE('',#5243,(#5247,#5254),.PCURVE_S1.);
#5243 = LINE('',#5244,#5245);
#5244 = CARTESIAN_POINT('',(13.51,0.45,3.76));
#5245 = VECTOR('',#5246,1.);
#5246 = DIRECTION('',(0.,0.,1.));
#5247 = PCURVE('',#4504,#5248);
#5248 = DEFINITIONAL_REPRESENTATION('',(#5249),#5253);
#5249 = LINE('',#5250,#5251);
#5250 = CARTESIAN_POINT('',(0.,8.4));
#5251 = VECTOR('',#5252,1.);
#5252 = DIRECTION('',(1.,0.));
#5253 = ( GEOMETRIC_REPRESENTATION_CONTEXT(2) 
PARAMETRIC_REPRESENTATION_CONTEXT() REPRESENTATION_CONTEXT('2D SPACE',''
  ) );
#5254 = PCURVE('',#5057,#5255);
#5255 = DEFINITIONAL_REPRESENTATION('',(#5256),#5260);
#5256 = LINE('',#5257,#5258);
#5257 = CARTESIAN_POINT('',(0.,-0.9));
#5258 = VECTOR('',#5259,1.);
#5259 = DIRECTION('',(1.,0.));
#5260 = ( GEOMETRIC_REPRESENTATION_CONTEXT(2) 
PARAMETRIC_REPRESENTATION_CONTEXT() REPRESENTATION_CONTEXT('2D SPACE',''
  ) );
#5261 = ADVANCED_FACE('',(#5262),#4532,.F.);
#5262 = FACE_BOUND('',#5263,.F.);
#5263 = EDGE_LOOP('',(#5264,#5265,#5288,#5309));
#5264 = ORIENTED_EDGE('',*,*,#4516,.F.);
#5265 = ORIENTED_EDGE('',*,*,#5266,.T.);
#5266 = EDGE_CURVE('',#4517,#5267,#5269,.T.);
#5267 = VERTEX_POINT('',#5268);
#5268 = CARTESIAN_POINT('',(13.51,-0.45,4.01));
#5269 = SURFACE_CURVE('',#5270,(#5274,#5281),.PCURVE_S1.);
#5270 = LINE('',#5271,#5272);
#5271 = CARTESIAN_POINT('',(5.11,-0.45,4.01));
#5272 = VECTOR('',#5273,1.);
#5273 = DIRECTION('',(1.,0.,0.));
#5274 = PCURVE('',#4532,#5275);
#5275 = DEFINITIONAL_REPRESENTATION('',(#5276),#5280);
#5276 = LINE('',#5277,#5278);
#5277 = CARTESIAN_POINT('',(0.,0.));
#5278 = VECTOR('',#5279,1.);
#5279 = DIRECTION('',(1.,0.));
#5280 = ( GEOMETRIC_REPRESENTATION_CONTEXT(2) 
PARAMETRIC_REPRESENTATION_CONTEXT() REPRESENTATION_CONTEXT('2D SPACE',''
  ) );
#5281 = PCURVE('',#4560,#5282);
#5282 = DEFINITIONAL_REPRESENTATION('',(#5283),#5287);
#5283 = LINE('',#5284,#5285);
#5284 = CARTESIAN_POINT('',(0.25,0.));
#5285 = VECTOR('',#5286,1.);
#5286 = DIRECTION('',(0.,1.));
#5287 = ( GEOMETRIC_REPRESENTATION_CONTEXT(2) 
PARAMETRIC_REPRESENTATION_CONTEXT() REPRESENTATION_CONTEXT('2D SPACE',''
  ) );
#5288 = ORIENTED_EDGE('',*,*,#5289,.T.);
#5289 = EDGE_CURVE('',#5267,#5219,#5290,.T.);
#5290 = SURFACE_CURVE('',#5291,(#5295,#5302),.PCURVE_S1.);
#5291 = LINE('',#5292,#5293);
#5292 = CARTESIAN_POINT('',(13.51,-0.45,4.01));
#5293 = VECTOR('',#5294,1.);
#5294 = DIRECTION('',(0.,1.,0.));
#5295 = PCURVE('',#4532,#5296);
#5296 = DEFINITIONAL_REPRESENTATION('',(#5297),#5301);
#5297 = LINE('',#5298,#5299);
#5298 = CARTESIAN_POINT('',(8.4,0.));
#5299 = VECTOR('',#5300,1.);
#5300 = DIRECTION('',(0.,1.));
#5301 = ( GEOMETRIC_REPRESENTATION_CONTEXT(2) 
PARAMETRIC_REPRESENTATION_CONTEXT() REPRESENTATION_CONTEXT('2D SPACE',''
  ) );
#5302 = PCURVE('',#5057,#5303);
#5303 = DEFINITIONAL_REPRESENTATION('',(#5304),#5308);
#5304 = LINE('',#5305,#5306);
#5305 = CARTESIAN_POINT('',(0.25,0.));
#5306 = VECTOR('',#5307,1.);
#5307 = DIRECTION('',(0.,-1.));
#5308 = ( GEOMETRIC_REPRESENTATION_CONTEXT(2) 
PARAMETRIC_REPRESENTATION_CONTEXT() REPRESENTATION_CONTEXT('2D SPACE',''
  ) );
#5309 = ORIENTED_EDGE('',*,*,#5218,.F.);
#5310 = ADVANCED_FACE('',(#5311),#4560,.T.);
#5311 = FACE_BOUND('',#5312,.T.);
#5312 = EDGE_LOOP('',(#5313,#5314,#5315,#5316));
#5313 = ORIENTED_EDGE('',*,*,#5069,.F.);
#5314 = ORIENTED_EDGE('',*,*,#4544,.T.);
#5315 = ORIENTED_EDGE('',*,*,#5266,.T.);
#5316 = ORIENTED_EDGE('',*,*,#5317,.F.);
#5317 = EDGE_CURVE('',#5042,#5267,#5318,.T.);
#5318 = SURFACE_CURVE('',#5319,(#5323,#5330),.PCURVE_S1.);
#5319 = LINE('',#5320,#5321);
#5320 = CARTESIAN_POINT('',(13.51,-0.45,3.76));
#5321 = VECTOR('',#5322,1.);
#5322 = DIRECTION('',(0.,0.,1.));
#5323 = PCURVE('',#4560,#5324);
#5324 = DEFINITIONAL_REPRESENTATION('',(#5325),#5329);
#5325 = LINE('',#5326,#5327);
#5326 = CARTESIAN_POINT('',(0.,8.4));
#5327 = VECTOR('',#5328,1.);
#5328 = DIRECTION('',(1.,0.));
#5329 = ( GEOMETRIC_REPRESENTATION_CONTEXT(2) 
PARAMETRIC_REPRESENTATION_CONTEXT() REPRESENTATION_CONTEXT('2D SPACE',''
  ) );
#5330 = PCURVE('',#5057,#5331);
#5331 = DEFINITIONAL_REPRESENTATION('',(#5332),#5336);
#5332 = LINE('',#5333,#5334);
#5333 = CARTESIAN_POINT('',(0.,0.));
#5334 = VECTOR('',#5335,1.);
#5335 = DIRECTION('',(1.,0.));
#5336 = ( GEOMETRIC_REPRESENTATION_CONTEXT(2) 
PARAMETRIC_REPRESENTATION_CONTEXT() REPRESENTATION_CONTEXT('2D SPACE',''
  ) );
#5337 = ADVANCED_FACE('',(#5338),#4610,.F.);
#5338 = FACE_BOUND('',#5339,.F.);
#5339 = EDGE_LOOP('',(#5340,#5341,#5342,#5365));
#5340 = ORIENTED_EDGE('',*,*,#5091,.F.);
#5341 = ORIENTED_EDGE('',*,*,#4594,.T.);
#5342 = ORIENTED_EDGE('',*,*,#5343,.T.);
#5343 = EDGE_CURVE('',#4595,#5344,#5346,.T.);
#5344 = VERTEX_POINT('',#5345);
#5345 = CARTESIAN_POINT('',(13.51,-2.05,4.01));
#5346 = SURFACE_CURVE('',#5347,(#5351,#5358),.PCURVE_S1.);
#5347 = LINE('',#5348,#5349);
#5348 = CARTESIAN_POINT('',(5.11,-2.05,4.01));
#5349 = VECTOR('',#5350,1.);
#5350 = DIRECTION('',(1.,0.,0.));
#5351 = PCURVE('',#4610,#5352);
#5352 = DEFINITIONAL_REPRESENTATION('',(#5353),#5357);
#5353 = LINE('',#5354,#5355);
#5354 = CARTESIAN_POINT('',(0.25,0.));
#5355 = VECTOR('',#5356,1.);
#5356 = DIRECTION('',(0.,1.));
#5357 = ( GEOMETRIC_REPRESENTATION_CONTEXT(2) 
PARAMETRIC_REPRESENTATION_CONTEXT() REPRESENTATION_CONTEXT('2D SPACE',''
  ) );
#5358 = PCURVE('',#4638,#5359);
#5359 = DEFINITIONAL_REPRESENTATION('',(#5360),#5364);
#5360 = LINE('',#5361,#5362);
#5361 = CARTESIAN_POINT('',(0.,0.9));
#5362 = VECTOR('',#5363,1.);
#5363 = DIRECTION('',(1.,0.));
#5364 = ( GEOMETRIC_REPRESENTATION_CONTEXT(2) 
PARAMETRIC_REPRESENTATION_CONTEXT() REPRESENTATION_CONTEXT('2D SPACE',''
  ) );
#5365 = ORIENTED_EDGE('',*,*,#5366,.F.);
#5366 = EDGE_CURVE('',#5092,#5344,#5367,.T.);
#5367 = SURFACE_CURVE('',#5368,(#5372,#5379),.PCURVE_S1.);
#5368 = LINE('',#5369,#5370);
#5369 = CARTESIAN_POINT('',(13.51,-2.05,3.76));
#5370 = VECTOR('',#5371,1.);
#5371 = DIRECTION('',(0.,0.,1.));
#5372 = PCURVE('',#4610,#5373);
#5373 = DEFINITIONAL_REPRESENTATION('',(#5374),#5378);
#5374 = LINE('',#5375,#5376);
#5375 = CARTESIAN_POINT('',(0.,8.4));
#5376 = VECTOR('',#5377,1.);
#5377 = DIRECTION('',(1.,0.));
#5378 = ( GEOMETRIC_REPRESENTATION_CONTEXT(2) 
PARAMETRIC_REPRESENTATION_CONTEXT() REPRESENTATION_CONTEXT('2D SPACE',''
  ) );
#5379 = PCURVE('',#5130,#5380);
#5380 = DEFINITIONAL_REPRESENTATION('',(#5381),#5385);
#5381 = LINE('',#5382,#5383);
#5382 = CARTESIAN_POINT('',(0.,-0.9));
#5383 = VECTOR('',#5384,1.);
#5384 = DIRECTION('',(1.,0.));
#5385 = ( GEOMETRIC_REPRESENTATION_CONTEXT(2) 
PARAMETRIC_REPRESENTATION_CONTEXT() REPRESENTATION_CONTEXT('2D SPACE',''
  ) );
#5386 = ADVANCED_FACE('',(#5387),#4638,.F.);
#5387 = FACE_BOUND('',#5388,.F.);
#5388 = EDGE_LOOP('',(#5389,#5390,#5413,#5434));
#5389 = ORIENTED_EDGE('',*,*,#4622,.F.);
#5390 = ORIENTED_EDGE('',*,*,#5391,.T.);
#5391 = EDGE_CURVE('',#4623,#5392,#5394,.T.);
#5392 = VERTEX_POINT('',#5393);
#5393 = CARTESIAN_POINT('',(13.51,-2.95,4.01));
#5394 = SURFACE_CURVE('',#5395,(#5399,#5406),.PCURVE_S1.);
#5395 = LINE('',#5396,#5397);
#5396 = CARTESIAN_POINT('',(5.11,-2.95,4.01));
#5397 = VECTOR('',#5398,1.);
#5398 = DIRECTION('',(1.,0.,0.));
#5399 = PCURVE('',#4638,#5400);
#5400 = DEFINITIONAL_REPRESENTATION('',(#5401),#5405);
#5401 = LINE('',#5402,#5403);
#5402 = CARTESIAN_POINT('',(0.,0.));
#5403 = VECTOR('',#5404,1.);
#5404 = DIRECTION('',(1.,0.));
#5405 = ( GEOMETRIC_REPRESENTATION_CONTEXT(2) 
PARAMETRIC_REPRESENTATION_CONTEXT() REPRESENTATION_CONTEXT('2D SPACE',''
  ) );
#5406 = PCURVE('',#4666,#5407);
#5407 = DEFINITIONAL_REPRESENTATION('',(#5408),#5412);
#5408 = LINE('',#5409,#5410);
#5409 = CARTESIAN_POINT('',(0.25,0.));
#5410 = VECTOR('',#5411,1.);
#5411 = DIRECTION('',(0.,1.));
#5412 = ( GEOMETRIC_REPRESENTATION_CONTEXT(2) 
PARAMETRIC_REPRESENTATION_CONTEXT() REPRESENTATION_CONTEXT('2D SPACE',''
  ) );
#5413 = ORIENTED_EDGE('',*,*,#5414,.T.);
#5414 = EDGE_CURVE('',#5392,#5344,#5415,.T.);
#5415 = SURFACE_CURVE('',#5416,(#5420,#5427),.PCURVE_S1.);
#5416 = LINE('',#5417,#5418);
#5417 = CARTESIAN_POINT('',(13.51,-2.95,4.01));
#5418 = VECTOR('',#5419,1.);
#5419 = DIRECTION('',(0.,1.,0.));
#5420 = PCURVE('',#4638,#5421);
#5421 = DEFINITIONAL_REPRESENTATION('',(#5422),#5426);
#5422 = LINE('',#5423,#5424);
#5423 = CARTESIAN_POINT('',(8.4,0.));
#5424 = VECTOR('',#5425,1.);
#5425 = DIRECTION('',(0.,1.));
#5426 = ( GEOMETRIC_REPRESENTATION_CONTEXT(2) 
PARAMETRIC_REPRESENTATION_CONTEXT() REPRESENTATION_CONTEXT('2D SPACE',''
  ) );
#5427 = PCURVE('',#5130,#5428);
#5428 = DEFINITIONAL_REPRESENTATION('',(#5429),#5433);
#5429 = LINE('',#5430,#5431);
#5430 = CARTESIAN_POINT('',(0.25,0.));
#5431 = VECTOR('',#5432,1.);
#5432 = DIRECTION('',(0.,-1.));
#5433 = ( GEOMETRIC_REPRESENTATION_CONTEXT(2) 
PARAMETRIC_REPRESENTATION_CONTEXT() REPRESENTATION_CONTEXT('2D SPACE',''
  ) );
#5434 = ORIENTED_EDGE('',*,*,#5343,.F.);
#5435 = ADVANCED_FACE('',(#5436),#4666,.T.);
#5436 = FACE_BOUND('',#5437,.T.);
#5437 = EDGE_LOOP('',(#5438,#5439,#5440,#5441));
#5438 = ORIENTED_EDGE('',*,*,#5142,.F.);
#5439 = ORIENTED_EDGE('',*,*,#4650,.T.);
#5440 = ORIENTED_EDGE('',*,*,#5391,.T.);
#5441 = ORIENTED_EDGE('',*,*,#5442,.F.);
#5442 = EDGE_CURVE('',#5115,#5392,#5443,.T.);
#5443 = SURFACE_CURVE('',#5444,(#5448,#5455),.PCURVE_S1.);
#5444 = LINE('',#5445,#5446);
#5445 = CARTESIAN_POINT('',(13.51,-2.95,3.76));
#5446 = VECTOR('',#5447,1.);
#5447 = DIRECTION('',(0.,0.,1.));
#5448 = PCURVE('',#4666,#5449);
#5449 = DEFINITIONAL_REPRESENTATION('',(#5450),#5454);
#5450 = LINE('',#5451,#5452);
#5451 = CARTESIAN_POINT('',(0.,8.4));
#5452 = VECTOR('',#5453,1.);
#5453 = DIRECTION('',(1.,0.));
#5454 = ( GEOMETRIC_REPRESENTATION_CONTEXT(2) 
PARAMETRIC_REPRESENTATION_CONTEXT() REPRESENTATION_CONTEXT('2D SPACE',''
  ) );
#5455 = PCURVE('',#5130,#5456);
#5456 = DEFINITIONAL_REPRESENTATION('',(#5457),#5461);
#5457 = LINE('',#5458,#5459);
#5458 = CARTESIAN_POINT('',(0.,0.));
#5459 = VECTOR('',#5460,1.);
#5460 = DIRECTION('',(1.,0.));
#5461 = ( GEOMETRIC_REPRESENTATION_CONTEXT(2) 
PARAMETRIC_REPRESENTATION_CONTEXT() REPRESENTATION_CONTEXT('2D SPACE',''
  ) );
#5462 = ADVANCED_FACE('',(#5463),#4716,.F.);
#5463 = FACE_BOUND('',#5464,.F.);
#5464 = EDGE_LOOP('',(#5465,#5466,#5467,#5490,#5518,#5546));
#5465 = ORIENTED_EDGE('',*,*,#5164,.F.);
#5466 = ORIENTED_EDGE('',*,*,#4700,.T.);
#5467 = ORIENTED_EDGE('',*,*,#5468,.T.);
#5468 = EDGE_CURVE('',#4701,#5469,#5471,.T.);
#5469 = VERTEX_POINT('',#5470);
#5470 = CARTESIAN_POINT('',(13.81,-4.05,6.94));
#5471 = SURFACE_CURVE('',#5472,(#5476,#5483),.PCURVE_S1.);
#5472 = LINE('',#5473,#5474);
#5473 = CARTESIAN_POINT('',(5.01,-4.05,6.94));
#5474 = VECTOR('',#5475,1.);
#5475 = DIRECTION('',(1.,0.,0.));
#5476 = PCURVE('',#4716,#5477);
#5477 = DEFINITIONAL_REPRESENTATION('',(#5478),#5482);
#5478 = LINE('',#5479,#5480);
#5479 = CARTESIAN_POINT('',(3.18,0.));
#5480 = VECTOR('',#5481,1.);
#5481 = DIRECTION('',(0.,1.));
#5482 = ( GEOMETRIC_REPRESENTATION_CONTEXT(2) 
PARAMETRIC_REPRESENTATION_CONTEXT() REPRESENTATION_CONTEXT('2D SPACE',''
  ) );
#5483 = PCURVE('',#4743,#5484);
#5484 = DEFINITIONAL_REPRESENTATION('',(#5485),#5489);
#5485 = LINE('',#5486,#5487);
#5486 = CARTESIAN_POINT('',(0.,0.));
#5487 = VECTOR('',#5488,1.);
#5488 = DIRECTION('',(1.,0.));
#5489 = ( GEOMETRIC_REPRESENTATION_CONTEXT(2) 
PARAMETRIC_REPRESENTATION_CONTEXT() REPRESENTATION_CONTEXT('2D SPACE',''
  ) );
#5490 = ORIENTED_EDGE('',*,*,#5491,.F.);
#5491 = EDGE_CURVE('',#5492,#5469,#5494,.T.);
#5492 = VERTEX_POINT('',#5493);
#5493 = CARTESIAN_POINT('',(14.11,-4.05,6.64));
#5494 = SURFACE_CURVE('',#5495,(#5499,#5506),.PCURVE_S1.);
#5495 = LINE('',#5496,#5497);
#5496 = CARTESIAN_POINT('',(12.48,-4.05,8.27));
#5497 = VECTOR('',#5498,1.);
#5498 = DIRECTION('',(-0.707106781187,0.,0.707106781187));
#5499 = PCURVE('',#4716,#5500);
#5500 = DEFINITIONAL_REPRESENTATION('',(#5501),#5505);
#5501 = LINE('',#5502,#5503);
#5502 = CARTESIAN_POINT('',(4.51,7.47));
#5503 = VECTOR('',#5504,1.);
#5504 = DIRECTION('',(0.707106781187,-0.707106781187));
#5505 = ( GEOMETRIC_REPRESENTATION_CONTEXT(2) 
PARAMETRIC_REPRESENTATION_CONTEXT() REPRESENTATION_CONTEXT('2D SPACE',''
  ) );
#5506 = PCURVE('',#5507,#5512);
#5507 = PLANE('',#5508);
#5508 = AXIS2_PLACEMENT_3D('',#5509,#5510,#5511);
#5509 = CARTESIAN_POINT('',(13.96,-4.05,6.79));
#5510 = DIRECTION('',(0.707106781187,0.,0.707106781187));
#5511 = DIRECTION('',(-0.,1.,0.));
#5512 = DEFINITIONAL_REPRESENTATION('',(#5513),#5517);
#5513 = LINE('',#5514,#5515);
#5514 = CARTESIAN_POINT('',(0.,2.093036072312));
#5515 = VECTOR('',#5516,1.);
#5516 = DIRECTION('',(0.,1.));
#5517 = ( GEOMETRIC_REPRESENTATION_CONTEXT(2) 
PARAMETRIC_REPRESENTATION_CONTEXT() REPRESENTATION_CONTEXT('2D SPACE',''
  ) );
#5518 = ORIENTED_EDGE('',*,*,#5519,.F.);
#5519 = EDGE_CURVE('',#5520,#5492,#5522,.T.);
#5520 = VERTEX_POINT('',#5521);
#5521 = CARTESIAN_POINT('',(14.11,-4.05,4.06));
#5522 = SURFACE_CURVE('',#5523,(#5527,#5534),.PCURVE_S1.);
#5523 = LINE('',#5524,#5525);
#5524 = CARTESIAN_POINT('',(14.11,-4.05,3.76));
#5525 = VECTOR('',#5526,1.);
#5526 = DIRECTION('',(0.,0.,1.));
#5527 = PCURVE('',#4716,#5528);
#5528 = DEFINITIONAL_REPRESENTATION('',(#5529),#5533);
#5529 = LINE('',#5530,#5531);
#5530 = CARTESIAN_POINT('',(0.,9.1));
#5531 = VECTOR('',#5532,1.);
#5532 = DIRECTION('',(1.,0.));
#5533 = ( GEOMETRIC_REPRESENTATION_CONTEXT(2) 
PARAMETRIC_REPRESENTATION_CONTEXT() REPRESENTATION_CONTEXT('2D SPACE',''
  ) );
#5534 = PCURVE('',#5535,#5540);
#5535 = PLANE('',#5536);
#5536 = AXIS2_PLACEMENT_3D('',#5537,#5538,#5539);
#5537 = CARTESIAN_POINT('',(14.11,-4.05,3.76));
#5538 = DIRECTION('',(1.,0.,0.));
#5539 = DIRECTION('',(0.,0.,1.));
#5540 = DEFINITIONAL_REPRESENTATION('',(#5541),#5545);
#5541 = LINE('',#5542,#5543);
#5542 = CARTESIAN_POINT('',(0.,0.));
#5543 = VECTOR('',#5544,1.);
#5544 = DIRECTION('',(1.,0.));
#5545 = ( GEOMETRIC_REPRESENTATION_CONTEXT(2) 
PARAMETRIC_REPRESENTATION_CONTEXT() REPRESENTATION_CONTEXT('2D SPACE',''
  ) );
#5546 = ORIENTED_EDGE('',*,*,#5547,.T.);
#5547 = EDGE_CURVE('',#5520,#5165,#5548,.T.);
#5548 = SURFACE_CURVE('',#5549,(#5553,#5560),.PCURVE_S1.);
#5549 = LINE('',#5550,#5551);
#5550 = CARTESIAN_POINT('',(11.685,-4.05,1.635));
#5551 = VECTOR('',#5552,1.);
#5552 = DIRECTION('',(-0.707106781187,0.,-0.707106781187));
#5553 = PCURVE('',#4716,#5554);
#5554 = DEFINITIONAL_REPRESENTATION('',(#5555),#5559);
#5555 = LINE('',#5556,#5557);
#5556 = CARTESIAN_POINT('',(-2.125,6.675));
#5557 = VECTOR('',#5558,1.);
#5558 = DIRECTION('',(-0.707106781187,-0.707106781187));
#5559 = ( GEOMETRIC_REPRESENTATION_CONTEXT(2) 
PARAMETRIC_REPRESENTATION_CONTEXT() REPRESENTATION_CONTEXT('2D SPACE',''
  ) );
#5560 = PCURVE('',#5201,#5561);
#5561 = DEFINITIONAL_REPRESENTATION('',(#5562),#5566);
#5562 = LINE('',#5563,#5564);
#5563 = CARTESIAN_POINT('',(0.,3.217335854399));
#5564 = VECTOR('',#5565,1.);
#5565 = DIRECTION('',(0.,1.));
#5566 = ( GEOMETRIC_REPRESENTATION_CONTEXT(2) 
PARAMETRIC_REPRESENTATION_CONTEXT() REPRESENTATION_CONTEXT('2D SPACE',''
  ) );
#5567 = ADVANCED_FACE('',(#5568),#4743,.T.);
#5568 = FACE_BOUND('',#5569,.T.);
#5569 = EDGE_LOOP('',(#5570,#5593,#5594,#5617,#5645,#5666,#5667,#5690,
    #5718,#5739,#5740,#5741));
#5570 = ORIENTED_EDGE('',*,*,#5571,.F.);
#5571 = EDGE_CURVE('',#4945,#5572,#5574,.T.);
#5572 = VERTEX_POINT('',#5573);
#5573 = CARTESIAN_POINT('',(13.81,1.55,6.94));
#5574 = SURFACE_CURVE('',#5575,(#5579,#5586),.PCURVE_S1.);
#5575 = LINE('',#5576,#5577);
#5576 = CARTESIAN_POINT('',(5.01,1.55,6.94));
#5577 = VECTOR('',#5578,1.);
#5578 = DIRECTION('',(1.,0.,0.));
#5579 = PCURVE('',#4743,#5580);
#5580 = DEFINITIONAL_REPRESENTATION('',(#5581),#5585);
#5581 = LINE('',#5582,#5583);
#5582 = CARTESIAN_POINT('',(0.,5.6));
#5583 = VECTOR('',#5584,1.);
#5584 = DIRECTION('',(1.,0.));
#5585 = ( GEOMETRIC_REPRESENTATION_CONTEXT(2) 
PARAMETRIC_REPRESENTATION_CONTEXT() REPRESENTATION_CONTEXT('2D SPACE',''
  ) );
#5586 = PCURVE('',#4980,#5587);
#5587 = DEFINITIONAL_REPRESENTATION('',(#5588),#5592);
#5588 = LINE('',#5589,#5590);
#5589 = CARTESIAN_POINT('',(3.18,0.));
#5590 = VECTOR('',#5591,1.);
#5591 = DIRECTION('',(0.,1.));
#5592 = ( GEOMETRIC_REPRESENTATION_CONTEXT(2) 
PARAMETRIC_REPRESENTATION_CONTEXT() REPRESENTATION_CONTEXT('2D SPACE',''
  ) );
#5593 = ORIENTED_EDGE('',*,*,#4944,.T.);
#5594 = ORIENTED_EDGE('',*,*,#5595,.T.);
#5595 = EDGE_CURVE('',#4917,#5596,#5598,.T.);
#5596 = VERTEX_POINT('',#5597);
#5597 = CARTESIAN_POINT('',(13.51,0.45,6.94));
#5598 = SURFACE_CURVE('',#5599,(#5603,#5610),.PCURVE_S1.);
#5599 = LINE('',#5600,#5601);
#5600 = CARTESIAN_POINT('',(5.11,0.45,6.94));
#5601 = VECTOR('',#5602,1.);
#5602 = DIRECTION('',(1.,0.,0.));
#5603 = PCURVE('',#4743,#5604);
#5604 = DEFINITIONAL_REPRESENTATION('',(#5605),#5609);
#5605 = LINE('',#5606,#5607);
#5606 = CARTESIAN_POINT('',(1.E-01,4.5));
#5607 = VECTOR('',#5608,1.);
#5608 = DIRECTION('',(1.,0.));
#5609 = ( GEOMETRIC_REPRESENTATION_CONTEXT(2) 
PARAMETRIC_REPRESENTATION_CONTEXT() REPRESENTATION_CONTEXT('2D SPACE',''
  ) );
#5610 = PCURVE('',#4932,#5611);
#5611 = DEFINITIONAL_REPRESENTATION('',(#5612),#5616);
#5612 = LINE('',#5613,#5614);
#5613 = CARTESIAN_POINT('',(0.25,0.));
#5614 = VECTOR('',#5615,1.);
#5615 = DIRECTION('',(0.,1.));
#5616 = ( GEOMETRIC_REPRESENTATION_CONTEXT(2) 
PARAMETRIC_REPRESENTATION_CONTEXT() REPRESENTATION_CONTEXT('2D SPACE',''
  ) );
#5617 = ORIENTED_EDGE('',*,*,#5618,.F.);
#5618 = EDGE_CURVE('',#5619,#5596,#5621,.T.);
#5619 = VERTEX_POINT('',#5620);
#5620 = CARTESIAN_POINT('',(13.51,-0.45,6.94));
#5621 = SURFACE_CURVE('',#5622,(#5626,#5633),.PCURVE_S1.);
#5622 = LINE('',#5623,#5624);
#5623 = CARTESIAN_POINT('',(13.51,-0.45,6.94));
#5624 = VECTOR('',#5625,1.);
#5625 = DIRECTION('',(0.,1.,0.));
#5626 = PCURVE('',#4743,#5627);
#5627 = DEFINITIONAL_REPRESENTATION('',(#5628),#5632);
#5628 = LINE('',#5629,#5630);
#5629 = CARTESIAN_POINT('',(8.5,3.6));
#5630 = VECTOR('',#5631,1.);
#5631 = DIRECTION('',(0.,1.));
#5632 = ( GEOMETRIC_REPRESENTATION_CONTEXT(2) 
PARAMETRIC_REPRESENTATION_CONTEXT() REPRESENTATION_CONTEXT('2D SPACE',''
  ) );
#5633 = PCURVE('',#5634,#5639);
#5634 = PLANE('',#5635);
#5635 = AXIS2_PLACEMENT_3D('',#5636,#5637,#5638);
#5636 = CARTESIAN_POINT('',(13.51,-0.45,6.69));
#5637 = DIRECTION('',(1.,0.,0.));
#5638 = DIRECTION('',(0.,0.,1.));
#5639 = DEFINITIONAL_REPRESENTATION('',(#5640),#5644);
#5640 = LINE('',#5641,#5642);
#5641 = CARTESIAN_POINT('',(0.25,0.));
#5642 = VECTOR('',#5643,1.);
#5643 = DIRECTION('',(0.,-1.));
#5644 = ( GEOMETRIC_REPRESENTATION_CONTEXT(2) 
PARAMETRIC_REPRESENTATION_CONTEXT() REPRESENTATION_CONTEXT('2D SPACE',''
  ) );
#5645 = ORIENTED_EDGE('',*,*,#5646,.F.);
#5646 = EDGE_CURVE('',#4839,#5619,#5647,.T.);
#5647 = SURFACE_CURVE('',#5648,(#5652,#5659),.PCURVE_S1.);
#5648 = LINE('',#5649,#5650);
#5649 = CARTESIAN_POINT('',(5.11,-0.45,6.94));
#5650 = VECTOR('',#5651,1.);
#5651 = DIRECTION('',(1.,0.,0.));
#5652 = PCURVE('',#4743,#5653);
#5653 = DEFINITIONAL_REPRESENTATION('',(#5654),#5658);
#5654 = LINE('',#5655,#5656);
#5655 = CARTESIAN_POINT('',(1.E-01,3.6));
#5656 = VECTOR('',#5657,1.);
#5657 = DIRECTION('',(1.,0.));
#5658 = ( GEOMETRIC_REPRESENTATION_CONTEXT(2) 
PARAMETRIC_REPRESENTATION_CONTEXT() REPRESENTATION_CONTEXT('2D SPACE',''
  ) );
#5659 = PCURVE('',#4876,#5660);
#5660 = DEFINITIONAL_REPRESENTATION('',(#5661),#5665);
#5661 = LINE('',#5662,#5663);
#5662 = CARTESIAN_POINT('',(0.25,0.));
#5663 = VECTOR('',#5664,1.);
#5664 = DIRECTION('',(0.,1.));
#5665 = ( GEOMETRIC_REPRESENTATION_CONTEXT(2) 
PARAMETRIC_REPRESENTATION_CONTEXT() REPRESENTATION_CONTEXT('2D SPACE',''
  ) );
#5666 = ORIENTED_EDGE('',*,*,#4838,.T.);
#5667 = ORIENTED_EDGE('',*,*,#5668,.T.);
#5668 = EDGE_CURVE('',#4811,#5669,#5671,.T.);
#5669 = VERTEX_POINT('',#5670);
#5670 = CARTESIAN_POINT('',(13.51,-2.05,6.94));
#5671 = SURFACE_CURVE('',#5672,(#5676,#5683),.PCURVE_S1.);
#5672 = LINE('',#5673,#5674);
#5673 = CARTESIAN_POINT('',(5.11,-2.05,6.94));
#5674 = VECTOR('',#5675,1.);
#5675 = DIRECTION('',(1.,0.,0.));
#5676 = PCURVE('',#4743,#5677);
#5677 = DEFINITIONAL_REPRESENTATION('',(#5678),#5682);
#5678 = LINE('',#5679,#5680);
#5679 = CARTESIAN_POINT('',(1.E-01,2.));
#5680 = VECTOR('',#5681,1.);
#5681 = DIRECTION('',(1.,0.));
#5682 = ( GEOMETRIC_REPRESENTATION_CONTEXT(2) 
PARAMETRIC_REPRESENTATION_CONTEXT() REPRESENTATION_CONTEXT('2D SPACE',''
  ) );
#5683 = PCURVE('',#4826,#5684);
#5684 = DEFINITIONAL_REPRESENTATION('',(#5685),#5689);
#5685 = LINE('',#5686,#5687);
#5686 = CARTESIAN_POINT('',(0.25,0.));
#5687 = VECTOR('',#5688,1.);
#5688 = DIRECTION('',(0.,1.));
#5689 = ( GEOMETRIC_REPRESENTATION_CONTEXT(2) 
PARAMETRIC_REPRESENTATION_CONTEXT() REPRESENTATION_CONTEXT('2D SPACE',''
  ) );
#5690 = ORIENTED_EDGE('',*,*,#5691,.F.);
#5691 = EDGE_CURVE('',#5692,#5669,#5694,.T.);
#5692 = VERTEX_POINT('',#5693);
#5693 = CARTESIAN_POINT('',(13.51,-2.95,6.94));
#5694 = SURFACE_CURVE('',#5695,(#5699,#5706),.PCURVE_S1.);
#5695 = LINE('',#5696,#5697);
#5696 = CARTESIAN_POINT('',(13.51,-2.95,6.94));
#5697 = VECTOR('',#5698,1.);
#5698 = DIRECTION('',(0.,1.,0.));
#5699 = PCURVE('',#4743,#5700);
#5700 = DEFINITIONAL_REPRESENTATION('',(#5701),#5705);
#5701 = LINE('',#5702,#5703);
#5702 = CARTESIAN_POINT('',(8.5,1.1));
#5703 = VECTOR('',#5704,1.);
#5704 = DIRECTION('',(0.,1.));
#5705 = ( GEOMETRIC_REPRESENTATION_CONTEXT(2) 
PARAMETRIC_REPRESENTATION_CONTEXT() REPRESENTATION_CONTEXT('2D SPACE',''
  ) );
#5706 = PCURVE('',#5707,#5712);
#5707 = PLANE('',#5708);
#5708 = AXIS2_PLACEMENT_3D('',#5709,#5710,#5711);
#5709 = CARTESIAN_POINT('',(13.51,-2.95,6.69));
#5710 = DIRECTION('',(1.,0.,0.));
#5711 = DIRECTION('',(0.,0.,1.));
#5712 = DEFINITIONAL_REPRESENTATION('',(#5713),#5717);
#5713 = LINE('',#5714,#5715);
#5714 = CARTESIAN_POINT('',(0.25,0.));
#5715 = VECTOR('',#5716,1.);
#5716 = DIRECTION('',(0.,-1.));
#5717 = ( GEOMETRIC_REPRESENTATION_CONTEXT(2) 
PARAMETRIC_REPRESENTATION_CONTEXT() REPRESENTATION_CONTEXT('2D SPACE',''
  ) );
#5718 = ORIENTED_EDGE('',*,*,#5719,.F.);
#5719 = EDGE_CURVE('',#4728,#5692,#5720,.T.);
#5720 = SURFACE_CURVE('',#5721,(#5725,#5732),.PCURVE_S1.);
#5721 = LINE('',#5722,#5723);
#5722 = CARTESIAN_POINT('',(5.11,-2.95,6.94));
#5723 = VECTOR('',#5724,1.);
#5724 = DIRECTION('',(1.,0.,0.));
#5725 = PCURVE('',#4743,#5726);
#5726 = DEFINITIONAL_REPRESENTATION('',(#5727),#5731);
#5727 = LINE('',#5728,#5729);
#5728 = CARTESIAN_POINT('',(1.E-01,1.1));
#5729 = VECTOR('',#5730,1.);
#5730 = DIRECTION('',(1.,0.));
#5731 = ( GEOMETRIC_REPRESENTATION_CONTEXT(2) 
PARAMETRIC_REPRESENTATION_CONTEXT() REPRESENTATION_CONTEXT('2D SPACE',''
  ) );
#5732 = PCURVE('',#4770,#5733);
#5733 = DEFINITIONAL_REPRESENTATION('',(#5734),#5738);
#5734 = LINE('',#5735,#5736);
#5735 = CARTESIAN_POINT('',(0.25,0.));
#5736 = VECTOR('',#5737,1.);
#5737 = DIRECTION('',(0.,1.));
#5738 = ( GEOMETRIC_REPRESENTATION_CONTEXT(2) 
PARAMETRIC_REPRESENTATION_CONTEXT() REPRESENTATION_CONTEXT('2D SPACE',''
  ) );
#5739 = ORIENTED_EDGE('',*,*,#4727,.T.);
#5740 = ORIENTED_EDGE('',*,*,#5468,.T.);
#5741 = ORIENTED_EDGE('',*,*,#5742,.T.);
#5742 = EDGE_CURVE('',#5469,#5572,#5743,.T.);
#5743 = SURFACE_CURVE('',#5744,(#5748,#5755),.PCURVE_S1.);
#5744 = LINE('',#5745,#5746);
#5745 = CARTESIAN_POINT('',(13.81,-4.05,6.94));
#5746 = VECTOR('',#5747,1.);
#5747 = DIRECTION('',(0.,1.,0.));
#5748 = PCURVE('',#4743,#5749);
#5749 = DEFINITIONAL_REPRESENTATION('',(#5750),#5754);
#5750 = LINE('',#5751,#5752);
#5751 = CARTESIAN_POINT('',(8.8,0.));
#5752 = VECTOR('',#5753,1.);
#5753 = DIRECTION('',(0.,1.));
#5754 = ( GEOMETRIC_REPRESENTATION_CONTEXT(2) 
PARAMETRIC_REPRESENTATION_CONTEXT() REPRESENTATION_CONTEXT('2D SPACE',''
  ) );
#5755 = PCURVE('',#5507,#5756);
#5756 = DEFINITIONAL_REPRESENTATION('',(#5757),#5761);
#5757 = LINE('',#5758,#5759);
#5758 = CARTESIAN_POINT('',(0.,0.212132034356));
#5759 = VECTOR('',#5760,1.);
#5760 = DIRECTION('',(1.,0.));
#5761 = ( GEOMETRIC_REPRESENTATION_CONTEXT(2) 
PARAMETRIC_REPRESENTATION_CONTEXT() REPRESENTATION_CONTEXT('2D SPACE',''
  ) );
#5762 = ADVANCED_FACE('',(#5763),#4770,.T.);
#5763 = FACE_BOUND('',#5764,.T.);
#5764 = EDGE_LOOP('',(#5765,#5788,#5789,#5790));
#5765 = ORIENTED_EDGE('',*,*,#5766,.F.);
#5766 = EDGE_CURVE('',#4755,#5767,#5769,.T.);
#5767 = VERTEX_POINT('',#5768);
#5768 = CARTESIAN_POINT('',(13.51,-2.95,6.69));
#5769 = SURFACE_CURVE('',#5770,(#5774,#5781),.PCURVE_S1.);
#5770 = LINE('',#5771,#5772);
#5771 = CARTESIAN_POINT('',(5.11,-2.95,6.69));
#5772 = VECTOR('',#5773,1.);
#5773 = DIRECTION('',(1.,0.,0.));
#5774 = PCURVE('',#4770,#5775);
#5775 = DEFINITIONAL_REPRESENTATION('',(#5776),#5780);
#5776 = LINE('',#5777,#5778);
#5777 = CARTESIAN_POINT('',(0.,0.));
#5778 = VECTOR('',#5779,1.);
#5779 = DIRECTION('',(0.,1.));
#5780 = ( GEOMETRIC_REPRESENTATION_CONTEXT(2) 
PARAMETRIC_REPRESENTATION_CONTEXT() REPRESENTATION_CONTEXT('2D SPACE',''
  ) );
#5781 = PCURVE('',#4798,#5782);
#5782 = DEFINITIONAL_REPRESENTATION('',(#5783),#5787);
#5783 = LINE('',#5784,#5785);
#5784 = CARTESIAN_POINT('',(0.,0.));
#5785 = VECTOR('',#5786,1.);
#5786 = DIRECTION('',(1.,0.));
#5787 = ( GEOMETRIC_REPRESENTATION_CONTEXT(2) 
PARAMETRIC_REPRESENTATION_CONTEXT() REPRESENTATION_CONTEXT('2D SPACE',''
  ) );
#5788 = ORIENTED_EDGE('',*,*,#4754,.T.);
#5789 = ORIENTED_EDGE('',*,*,#5719,.T.);
#5790 = ORIENTED_EDGE('',*,*,#5791,.F.);
#5791 = EDGE_CURVE('',#5767,#5692,#5792,.T.);
#5792 = SURFACE_CURVE('',#5793,(#5797,#5804),.PCURVE_S1.);
#5793 = LINE('',#5794,#5795);
#5794 = CARTESIAN_POINT('',(13.51,-2.95,6.69));
#5795 = VECTOR('',#5796,1.);
#5796 = DIRECTION('',(0.,0.,1.));
#5797 = PCURVE('',#4770,#5798);
#5798 = DEFINITIONAL_REPRESENTATION('',(#5799),#5803);
#5799 = LINE('',#5800,#5801);
#5800 = CARTESIAN_POINT('',(0.,8.4));
#5801 = VECTOR('',#5802,1.);
#5802 = DIRECTION('',(1.,0.));
#5803 = ( GEOMETRIC_REPRESENTATION_CONTEXT(2) 
PARAMETRIC_REPRESENTATION_CONTEXT() REPRESENTATION_CONTEXT('2D SPACE',''
  ) );
#5804 = PCURVE('',#5707,#5805);
#5805 = DEFINITIONAL_REPRESENTATION('',(#5806),#5810);
#5806 = LINE('',#5807,#5808);
#5807 = CARTESIAN_POINT('',(0.,0.));
#5808 = VECTOR('',#5809,1.);
#5809 = DIRECTION('',(1.,0.));
#5810 = ( GEOMETRIC_REPRESENTATION_CONTEXT(2) 
PARAMETRIC_REPRESENTATION_CONTEXT() REPRESENTATION_CONTEXT('2D SPACE',''
  ) );
#5811 = ADVANCED_FACE('',(#5812),#4798,.T.);
#5812 = FACE_BOUND('',#5813,.T.);
#5813 = EDGE_LOOP('',(#5814,#5815,#5816,#5839));
#5814 = ORIENTED_EDGE('',*,*,#4782,.F.);
#5815 = ORIENTED_EDGE('',*,*,#5766,.T.);
#5816 = ORIENTED_EDGE('',*,*,#5817,.T.);
#5817 = EDGE_CURVE('',#5767,#5818,#5820,.T.);
#5818 = VERTEX_POINT('',#5819);
#5819 = CARTESIAN_POINT('',(13.51,-2.05,6.69));
#5820 = SURFACE_CURVE('',#5821,(#5825,#5832),.PCURVE_S1.);
#5821 = LINE('',#5822,#5823);
#5822 = CARTESIAN_POINT('',(13.51,-2.95,6.69));
#5823 = VECTOR('',#5824,1.);
#5824 = DIRECTION('',(0.,1.,0.));
#5825 = PCURVE('',#4798,#5826);
#5826 = DEFINITIONAL_REPRESENTATION('',(#5827),#5831);
#5827 = LINE('',#5828,#5829);
#5828 = CARTESIAN_POINT('',(8.4,0.));
#5829 = VECTOR('',#5830,1.);
#5830 = DIRECTION('',(0.,1.));
#5831 = ( GEOMETRIC_REPRESENTATION_CONTEXT(2) 
PARAMETRIC_REPRESENTATION_CONTEXT() REPRESENTATION_CONTEXT('2D SPACE',''
  ) );
#5832 = PCURVE('',#5707,#5833);
#5833 = DEFINITIONAL_REPRESENTATION('',(#5834),#5838);
#5834 = LINE('',#5835,#5836);
#5835 = CARTESIAN_POINT('',(0.,0.));
#5836 = VECTOR('',#5837,1.);
#5837 = DIRECTION('',(0.,-1.));
#5838 = ( GEOMETRIC_REPRESENTATION_CONTEXT(2) 
PARAMETRIC_REPRESENTATION_CONTEXT() REPRESENTATION_CONTEXT('2D SPACE',''
  ) );
#5839 = ORIENTED_EDGE('',*,*,#5840,.F.);
#5840 = EDGE_CURVE('',#4783,#5818,#5841,.T.);
#5841 = SURFACE_CURVE('',#5842,(#5846,#5853),.PCURVE_S1.);
#5842 = LINE('',#5843,#5844);
#5843 = CARTESIAN_POINT('',(5.11,-2.05,6.69));
#5844 = VECTOR('',#5845,1.);
#5845 = DIRECTION('',(1.,0.,0.));
#5846 = PCURVE('',#4798,#5847);
#5847 = DEFINITIONAL_REPRESENTATION('',(#5848),#5852);
#5848 = LINE('',#5849,#5850);
#5849 = CARTESIAN_POINT('',(0.,0.9));
#5850 = VECTOR('',#5851,1.);
#5851 = DIRECTION('',(1.,0.));
#5852 = ( GEOMETRIC_REPRESENTATION_CONTEXT(2) 
PARAMETRIC_REPRESENTATION_CONTEXT() REPRESENTATION_CONTEXT('2D SPACE',''
  ) );
#5853 = PCURVE('',#4826,#5854);
#5854 = DEFINITIONAL_REPRESENTATION('',(#5855),#5859);
#5855 = LINE('',#5856,#5857);
#5856 = CARTESIAN_POINT('',(0.,0.));
#5857 = VECTOR('',#5858,1.);
#5858 = DIRECTION('',(0.,1.));
#5859 = ( GEOMETRIC_REPRESENTATION_CONTEXT(2) 
PARAMETRIC_REPRESENTATION_CONTEXT() REPRESENTATION_CONTEXT('2D SPACE',''
  ) );
#5860 = ADVANCED_FACE('',(#5861),#4826,.F.);
#5861 = FACE_BOUND('',#5862,.F.);
#5862 = EDGE_LOOP('',(#5863,#5864,#5865,#5866));
#5863 = ORIENTED_EDGE('',*,*,#5840,.F.);
#5864 = ORIENTED_EDGE('',*,*,#4810,.T.);
#5865 = ORIENTED_EDGE('',*,*,#5668,.T.);
#5866 = ORIENTED_EDGE('',*,*,#5867,.F.);
#5867 = EDGE_CURVE('',#5818,#5669,#5868,.T.);
#5868 = SURFACE_CURVE('',#5869,(#5873,#5880),.PCURVE_S1.);
#5869 = LINE('',#5870,#5871);
#5870 = CARTESIAN_POINT('',(13.51,-2.05,6.69));
#5871 = VECTOR('',#5872,1.);
#5872 = DIRECTION('',(0.,0.,1.));
#5873 = PCURVE('',#4826,#5874);
#5874 = DEFINITIONAL_REPRESENTATION('',(#5875),#5879);
#5875 = LINE('',#5876,#5877);
#5876 = CARTESIAN_POINT('',(0.,8.4));
#5877 = VECTOR('',#5878,1.);
#5878 = DIRECTION('',(1.,0.));
#5879 = ( GEOMETRIC_REPRESENTATION_CONTEXT(2) 
PARAMETRIC_REPRESENTATION_CONTEXT() REPRESENTATION_CONTEXT('2D SPACE',''
  ) );
#5880 = PCURVE('',#5707,#5881);
#5881 = DEFINITIONAL_REPRESENTATION('',(#5882),#5886);
#5882 = LINE('',#5883,#5884);
#5883 = CARTESIAN_POINT('',(0.,-0.9));
#5884 = VECTOR('',#5885,1.);
#5885 = DIRECTION('',(1.,0.));
#5886 = ( GEOMETRIC_REPRESENTATION_CONTEXT(2) 
PARAMETRIC_REPRESENTATION_CONTEXT() REPRESENTATION_CONTEXT('2D SPACE',''
  ) );
#5887 = ADVANCED_FACE('',(#5888),#4876,.T.);
#5888 = FACE_BOUND('',#5889,.T.);
#5889 = EDGE_LOOP('',(#5890,#5913,#5914,#5915));
#5890 = ORIENTED_EDGE('',*,*,#5891,.F.);
#5891 = EDGE_CURVE('',#4861,#5892,#5894,.T.);
#5892 = VERTEX_POINT('',#5893);
#5893 = CARTESIAN_POINT('',(13.51,-0.45,6.69));
#5894 = SURFACE_CURVE('',#5895,(#5899,#5906),.PCURVE_S1.);
#5895 = LINE('',#5896,#5897);
#5896 = CARTESIAN_POINT('',(5.11,-0.45,6.69));
#5897 = VECTOR('',#5898,1.);
#5898 = DIRECTION('',(1.,0.,0.));
#5899 = PCURVE('',#4876,#5900);
#5900 = DEFINITIONAL_REPRESENTATION('',(#5901),#5905);
#5901 = LINE('',#5902,#5903);
#5902 = CARTESIAN_POINT('',(0.,0.));
#5903 = VECTOR('',#5904,1.);
#5904 = DIRECTION('',(0.,1.));
#5905 = ( GEOMETRIC_REPRESENTATION_CONTEXT(2) 
PARAMETRIC_REPRESENTATION_CONTEXT() REPRESENTATION_CONTEXT('2D SPACE',''
  ) );
#5906 = PCURVE('',#4904,#5907);
#5907 = DEFINITIONAL_REPRESENTATION('',(#5908),#5912);
#5908 = LINE('',#5909,#5910);
#5909 = CARTESIAN_POINT('',(0.,0.));
#5910 = VECTOR('',#5911,1.);
#5911 = DIRECTION('',(1.,0.));
#5912 = ( GEOMETRIC_REPRESENTATION_CONTEXT(2) 
PARAMETRIC_REPRESENTATION_CONTEXT() REPRESENTATION_CONTEXT('2D SPACE',''
  ) );
#5913 = ORIENTED_EDGE('',*,*,#4860,.T.);
#5914 = ORIENTED_EDGE('',*,*,#5646,.T.);
#5915 = ORIENTED_EDGE('',*,*,#5916,.F.);
#5916 = EDGE_CURVE('',#5892,#5619,#5917,.T.);
#5917 = SURFACE_CURVE('',#5918,(#5922,#5929),.PCURVE_S1.);
#5918 = LINE('',#5919,#5920);
#5919 = CARTESIAN_POINT('',(13.51,-0.45,6.69));
#5920 = VECTOR('',#5921,1.);
#5921 = DIRECTION('',(0.,0.,1.));
#5922 = PCURVE('',#4876,#5923);
#5923 = DEFINITIONAL_REPRESENTATION('',(#5924),#5928);
#5924 = LINE('',#5925,#5926);
#5925 = CARTESIAN_POINT('',(0.,8.4));
#5926 = VECTOR('',#5927,1.);
#5927 = DIRECTION('',(1.,0.));
#5928 = ( GEOMETRIC_REPRESENTATION_CONTEXT(2) 
PARAMETRIC_REPRESENTATION_CONTEXT() REPRESENTATION_CONTEXT('2D SPACE',''
  ) );
#5929 = PCURVE('',#5634,#5930);
#5930 = DEFINITIONAL_REPRESENTATION('',(#5931),#5935);
#5931 = LINE('',#5932,#5933);
#5932 = CARTESIAN_POINT('',(0.,0.));
#5933 = VECTOR('',#5934,1.);
#5934 = DIRECTION('',(1.,0.));
#5935 = ( GEOMETRIC_REPRESENTATION_CONTEXT(2) 
PARAMETRIC_REPRESENTATION_CONTEXT() REPRESENTATION_CONTEXT('2D SPACE',''
  ) );
#5936 = ADVANCED_FACE('',(#5937),#4904,.T.);
#5937 = FACE_BOUND('',#5938,.T.);
#5938 = EDGE_LOOP('',(#5939,#5940,#5941,#5964));
#5939 = ORIENTED_EDGE('',*,*,#4888,.F.);
#5940 = ORIENTED_EDGE('',*,*,#5891,.T.);
#5941 = ORIENTED_EDGE('',*,*,#5942,.T.);
#5942 = EDGE_CURVE('',#5892,#5943,#5945,.T.);
#5943 = VERTEX_POINT('',#5944);
#5944 = CARTESIAN_POINT('',(13.51,0.45,6.69));
#5945 = SURFACE_CURVE('',#5946,(#5950,#5957),.PCURVE_S1.);
#5946 = LINE('',#5947,#5948);
#5947 = CARTESIAN_POINT('',(13.51,-0.45,6.69));
#5948 = VECTOR('',#5949,1.);
#5949 = DIRECTION('',(0.,1.,0.));
#5950 = PCURVE('',#4904,#5951);
#5951 = DEFINITIONAL_REPRESENTATION('',(#5952),#5956);
#5952 = LINE('',#5953,#5954);
#5953 = CARTESIAN_POINT('',(8.4,0.));
#5954 = VECTOR('',#5955,1.);
#5955 = DIRECTION('',(0.,1.));
#5956 = ( GEOMETRIC_REPRESENTATION_CONTEXT(2) 
PARAMETRIC_REPRESENTATION_CONTEXT() REPRESENTATION_CONTEXT('2D SPACE',''
  ) );
#5957 = PCURVE('',#5634,#5958);
#5958 = DEFINITIONAL_REPRESENTATION('',(#5959),#5963);
#5959 = LINE('',#5960,#5961);
#5960 = CARTESIAN_POINT('',(0.,0.));
#5961 = VECTOR('',#5962,1.);
#5962 = DIRECTION('',(0.,-1.));
#5963 = ( GEOMETRIC_REPRESENTATION_CONTEXT(2) 
PARAMETRIC_REPRESENTATION_CONTEXT() REPRESENTATION_CONTEXT('2D SPACE',''
  ) );
#5964 = ORIENTED_EDGE('',*,*,#5965,.F.);
#5965 = EDGE_CURVE('',#4889,#5943,#5966,.T.);
#5966 = SURFACE_CURVE('',#5967,(#5971,#5978),.PCURVE_S1.);
#5967 = LINE('',#5968,#5969);
#5968 = CARTESIAN_POINT('',(5.11,0.45,6.69));
#5969 = VECTOR('',#5970,1.);
#5970 = DIRECTION('',(1.,0.,0.));
#5971 = PCURVE('',#4904,#5972);
#5972 = DEFINITIONAL_REPRESENTATION('',(#5973),#5977);
#5973 = LINE('',#5974,#5975);
#5974 = CARTESIAN_POINT('',(0.,0.9));
#5975 = VECTOR('',#5976,1.);
#5976 = DIRECTION('',(1.,0.));
#5977 = ( GEOMETRIC_REPRESENTATION_CONTEXT(2) 
PARAMETRIC_REPRESENTATION_CONTEXT() REPRESENTATION_CONTEXT('2D SPACE',''
  ) );
#5978 = PCURVE('',#4932,#5979);
#5979 = DEFINITIONAL_REPRESENTATION('',(#5980),#5984);
#5980 = LINE('',#5981,#5982);
#5981 = CARTESIAN_POINT('',(0.,0.));
#5982 = VECTOR('',#5983,1.);
#5983 = DIRECTION('',(0.,1.));
#5984 = ( GEOMETRIC_REPRESENTATION_CONTEXT(2) 
PARAMETRIC_REPRESENTATION_CONTEXT() REPRESENTATION_CONTEXT('2D SPACE',''
  ) );
#5985 = ADVANCED_FACE('',(#5986),#4932,.F.);
#5986 = FACE_BOUND('',#5987,.F.);
#5987 = EDGE_LOOP('',(#5988,#5989,#5990,#5991));
#5988 = ORIENTED_EDGE('',*,*,#5965,.F.);
#5989 = ORIENTED_EDGE('',*,*,#4916,.T.);
#5990 = ORIENTED_EDGE('',*,*,#5595,.T.);
#5991 = ORIENTED_EDGE('',*,*,#5992,.F.);
#5992 = EDGE_CURVE('',#5943,#5596,#5993,.T.);
#5993 = SURFACE_CURVE('',#5994,(#5998,#6005),.PCURVE_S1.);
#5994 = LINE('',#5995,#5996);
#5995 = CARTESIAN_POINT('',(13.51,0.45,6.69));
#5996 = VECTOR('',#5997,1.);
#5997 = DIRECTION('',(0.,0.,1.));
#5998 = PCURVE('',#4932,#5999);
#5999 = DEFINITIONAL_REPRESENTATION('',(#6000),#6004);
#6000 = LINE('',#6001,#6002);
#6001 = CARTESIAN_POINT('',(0.,8.4));
#6002 = VECTOR('',#6003,1.);
#6003 = DIRECTION('',(1.,0.));
#6004 = ( GEOMETRIC_REPRESENTATION_CONTEXT(2) 
PARAMETRIC_REPRESENTATION_CONTEXT() REPRESENTATION_CONTEXT('2D SPACE',''
  ) );
#6005 = PCURVE('',#5634,#6006);
#6006 = DEFINITIONAL_REPRESENTATION('',(#6007),#6011);
#6007 = LINE('',#6008,#6009);
#6008 = CARTESIAN_POINT('',(0.,-0.9));
#6009 = VECTOR('',#6010,1.);
#6010 = DIRECTION('',(1.,0.));
#6011 = ( GEOMETRIC_REPRESENTATION_CONTEXT(2) 
PARAMETRIC_REPRESENTATION_CONTEXT() REPRESENTATION_CONTEXT('2D SPACE',''
  ) );
#6012 = ADVANCED_FACE('',(#6013),#4980,.T.);
#6013 = FACE_BOUND('',#6014,.T.);
#6014 = EDGE_LOOP('',(#6015,#6016,#6017,#6018,#6041,#6064));
#6015 = ORIENTED_EDGE('',*,*,#4994,.F.);
#6016 = ORIENTED_EDGE('',*,*,#4966,.T.);
#6017 = ORIENTED_EDGE('',*,*,#5571,.T.);
#6018 = ORIENTED_EDGE('',*,*,#6019,.F.);
#6019 = EDGE_CURVE('',#6020,#5572,#6022,.T.);
#6020 = VERTEX_POINT('',#6021);
#6021 = CARTESIAN_POINT('',(14.11,1.55,6.64));
#6022 = SURFACE_CURVE('',#6023,(#6027,#6034),.PCURVE_S1.);
#6023 = LINE('',#6024,#6025);
#6024 = CARTESIAN_POINT('',(12.48,1.55,8.27));
#6025 = VECTOR('',#6026,1.);
#6026 = DIRECTION('',(-0.707106781187,0.,0.707106781187));
#6027 = PCURVE('',#4980,#6028);
#6028 = DEFINITIONAL_REPRESENTATION('',(#6029),#6033);
#6029 = LINE('',#6030,#6031);
#6030 = CARTESIAN_POINT('',(4.51,7.47));
#6031 = VECTOR('',#6032,1.);
#6032 = DIRECTION('',(0.707106781187,-0.707106781187));
#6033 = ( GEOMETRIC_REPRESENTATION_CONTEXT(2) 
PARAMETRIC_REPRESENTATION_CONTEXT() REPRESENTATION_CONTEXT('2D SPACE',''
  ) );
#6034 = PCURVE('',#5507,#6035);
#6035 = DEFINITIONAL_REPRESENTATION('',(#6036),#6040);
#6036 = LINE('',#6037,#6038);
#6037 = CARTESIAN_POINT('',(5.6,2.093036072312));
#6038 = VECTOR('',#6039,1.);
#6039 = DIRECTION('',(0.,1.));
#6040 = ( GEOMETRIC_REPRESENTATION_CONTEXT(2) 
PARAMETRIC_REPRESENTATION_CONTEXT() REPRESENTATION_CONTEXT('2D SPACE',''
  ) );
#6041 = ORIENTED_EDGE('',*,*,#6042,.F.);
#6042 = EDGE_CURVE('',#6043,#6020,#6045,.T.);
#6043 = VERTEX_POINT('',#6044);
#6044 = CARTESIAN_POINT('',(14.11,1.55,4.06));
#6045 = SURFACE_CURVE('',#6046,(#6050,#6057),.PCURVE_S1.);
#6046 = LINE('',#6047,#6048);
#6047 = CARTESIAN_POINT('',(14.11,1.55,3.76));
#6048 = VECTOR('',#6049,1.);
#6049 = DIRECTION('',(0.,0.,1.));
#6050 = PCURVE('',#4980,#6051);
#6051 = DEFINITIONAL_REPRESENTATION('',(#6052),#6056);
#6052 = LINE('',#6053,#6054);
#6053 = CARTESIAN_POINT('',(0.,9.1));
#6054 = VECTOR('',#6055,1.);
#6055 = DIRECTION('',(1.,0.));
#6056 = ( GEOMETRIC_REPRESENTATION_CONTEXT(2) 
PARAMETRIC_REPRESENTATION_CONTEXT() REPRESENTATION_CONTEXT('2D SPACE',''
  ) );
#6057 = PCURVE('',#5535,#6058);
#6058 = DEFINITIONAL_REPRESENTATION('',(#6059),#6063);
#6059 = LINE('',#6060,#6061);
#6060 = CARTESIAN_POINT('',(0.,-5.6));
#6061 = VECTOR('',#6062,1.);
#6062 = DIRECTION('',(1.,0.));
#6063 = ( GEOMETRIC_REPRESENTATION_CONTEXT(2) 
PARAMETRIC_REPRESENTATION_CONTEXT() REPRESENTATION_CONTEXT('2D SPACE',''
  ) );
#6064 = ORIENTED_EDGE('',*,*,#6065,.T.);
#6065 = EDGE_CURVE('',#6043,#4995,#6066,.T.);
#6066 = SURFACE_CURVE('',#6067,(#6071,#6078),.PCURVE_S1.);
#6067 = LINE('',#6068,#6069);
#6068 = CARTESIAN_POINT('',(11.685,1.55,1.635));
#6069 = VECTOR('',#6070,1.);
#6070 = DIRECTION('',(-0.707106781187,0.,-0.707106781187));
#6071 = PCURVE('',#4980,#6072);
#6072 = DEFINITIONAL_REPRESENTATION('',(#6073),#6077);
#6073 = LINE('',#6074,#6075);
#6074 = CARTESIAN_POINT('',(-2.125,6.675));
#6075 = VECTOR('',#6076,1.);
#6076 = DIRECTION('',(-0.707106781187,-0.707106781187));
#6077 = ( GEOMETRIC_REPRESENTATION_CONTEXT(2) 
PARAMETRIC_REPRESENTATION_CONTEXT() REPRESENTATION_CONTEXT('2D SPACE',''
  ) );
#6078 = PCURVE('',#5201,#6079);
#6079 = DEFINITIONAL_REPRESENTATION('',(#6080),#6084);
#6080 = LINE('',#6081,#6082);
#6081 = CARTESIAN_POINT('',(5.6,3.217335854399));
#6082 = VECTOR('',#6083,1.);
#6083 = DIRECTION('',(0.,1.));
#6084 = ( GEOMETRIC_REPRESENTATION_CONTEXT(2) 
PARAMETRIC_REPRESENTATION_CONTEXT() REPRESENTATION_CONTEXT('2D SPACE',''
  ) );
#6085 = ADVANCED_FACE('',(#6086),#5201,.F.);
#6086 = FACE_BOUND('',#6087,.F.);
#6087 = EDGE_LOOP('',(#6088,#6089,#6110,#6111));
#6088 = ORIENTED_EDGE('',*,*,#5547,.F.);
#6089 = ORIENTED_EDGE('',*,*,#6090,.T.);
#6090 = EDGE_CURVE('',#5520,#6043,#6091,.T.);
#6091 = SURFACE_CURVE('',#6092,(#6096,#6103),.PCURVE_S1.);
#6092 = LINE('',#6093,#6094);
#6093 = CARTESIAN_POINT('',(14.11,-4.05,4.06));
#6094 = VECTOR('',#6095,1.);
#6095 = DIRECTION('',(0.,1.,0.));
#6096 = PCURVE('',#5201,#6097);
#6097 = DEFINITIONAL_REPRESENTATION('',(#6098),#6102);
#6098 = LINE('',#6099,#6100);
#6099 = CARTESIAN_POINT('',(0.,-0.212132034356));
#6100 = VECTOR('',#6101,1.);
#6101 = DIRECTION('',(1.,0.));
#6102 = ( GEOMETRIC_REPRESENTATION_CONTEXT(2) 
PARAMETRIC_REPRESENTATION_CONTEXT() REPRESENTATION_CONTEXT('2D SPACE',''
  ) );
#6103 = PCURVE('',#5535,#6104);
#6104 = DEFINITIONAL_REPRESENTATION('',(#6105),#6109);
#6105 = LINE('',#6106,#6107);
#6106 = CARTESIAN_POINT('',(0.3,0.));
#6107 = VECTOR('',#6108,1.);
#6108 = DIRECTION('',(0.,-1.));
#6109 = ( GEOMETRIC_REPRESENTATION_CONTEXT(2) 
PARAMETRIC_REPRESENTATION_CONTEXT() REPRESENTATION_CONTEXT('2D SPACE',''
  ) );
#6110 = ORIENTED_EDGE('',*,*,#6065,.T.);
#6111 = ORIENTED_EDGE('',*,*,#5187,.F.);
#6112 = ADVANCED_FACE('',(#6113),#5130,.F.);
#6113 = FACE_BOUND('',#6114,.F.);
#6114 = EDGE_LOOP('',(#6115,#6116,#6117,#6118));
#6115 = ORIENTED_EDGE('',*,*,#5442,.F.);
#6116 = ORIENTED_EDGE('',*,*,#5114,.T.);
#6117 = ORIENTED_EDGE('',*,*,#5366,.T.);
#6118 = ORIENTED_EDGE('',*,*,#5414,.F.);
#6119 = ADVANCED_FACE('',(#6120),#5057,.F.);
#6120 = FACE_BOUND('',#6121,.F.);
#6121 = EDGE_LOOP('',(#6122,#6123,#6124,#6125));
#6122 = ORIENTED_EDGE('',*,*,#5317,.F.);
#6123 = ORIENTED_EDGE('',*,*,#5041,.T.);
#6124 = ORIENTED_EDGE('',*,*,#5241,.T.);
#6125 = ORIENTED_EDGE('',*,*,#5289,.F.);
#6126 = ADVANCED_FACE('',(#6127),#5535,.T.);
#6127 = FACE_BOUND('',#6128,.T.);
#6128 = EDGE_LOOP('',(#6129,#6130,#6131,#6132));
#6129 = ORIENTED_EDGE('',*,*,#5519,.F.);
#6130 = ORIENTED_EDGE('',*,*,#6090,.T.);
#6131 = ORIENTED_EDGE('',*,*,#6042,.T.);
#6132 = ORIENTED_EDGE('',*,*,#6133,.F.);
#6133 = EDGE_CURVE('',#5492,#6020,#6134,.T.);
#6134 = SURFACE_CURVE('',#6135,(#6139,#6146),.PCURVE_S1.);
#6135 = LINE('',#6136,#6137);
#6136 = CARTESIAN_POINT('',(14.11,-4.05,6.64));
#6137 = VECTOR('',#6138,1.);
#6138 = DIRECTION('',(0.,1.,0.));
#6139 = PCURVE('',#5535,#6140);
#6140 = DEFINITIONAL_REPRESENTATION('',(#6141),#6145);
#6141 = LINE('',#6142,#6143);
#6142 = CARTESIAN_POINT('',(2.88,0.));
#6143 = VECTOR('',#6144,1.);
#6144 = DIRECTION('',(0.,-1.));
#6145 = ( GEOMETRIC_REPRESENTATION_CONTEXT(2) 
PARAMETRIC_REPRESENTATION_CONTEXT() REPRESENTATION_CONTEXT('2D SPACE',''
  ) );
#6146 = PCURVE('',#5507,#6147);
#6147 = DEFINITIONAL_REPRESENTATION('',(#6148),#6152);
#6148 = LINE('',#6149,#6150);
#6149 = CARTESIAN_POINT('',(0.,-0.212132034356));
#6150 = VECTOR('',#6151,1.);
#6151 = DIRECTION('',(1.,0.));
#6152 = ( GEOMETRIC_REPRESENTATION_CONTEXT(2) 
PARAMETRIC_REPRESENTATION_CONTEXT() REPRESENTATION_CONTEXT('2D SPACE',''
  ) );
#6153 = ADVANCED_FACE('',(#6154),#5507,.T.);
#6154 = FACE_BOUND('',#6155,.T.);
#6155 = EDGE_LOOP('',(#6156,#6157,#6158,#6159));
#6156 = ORIENTED_EDGE('',*,*,#5491,.F.);
#6157 = ORIENTED_EDGE('',*,*,#6133,.T.);
#6158 = ORIENTED_EDGE('',*,*,#6019,.T.);
#6159 = ORIENTED_EDGE('',*,*,#5742,.F.);
#6160 = ADVANCED_FACE('',(#6161),#5707,.F.);
#6161 = FACE_BOUND('',#6162,.F.);
#6162 = EDGE_LOOP('',(#6163,#6164,#6165,#6166));
#6163 = ORIENTED_EDGE('',*,*,#5791,.F.);
#6164 = ORIENTED_EDGE('',*,*,#5817,.T.);
#6165 = ORIENTED_EDGE('',*,*,#5867,.T.);
#6166 = ORIENTED_EDGE('',*,*,#5691,.F.);
#6167 = ADVANCED_FACE('',(#6168),#5634,.F.);
#6168 = FACE_BOUND('',#6169,.F.);
#6169 = EDGE_LOOP('',(#6170,#6171,#6172,#6173));
#6170 = ORIENTED_EDGE('',*,*,#5916,.F.);
#6171 = ORIENTED_EDGE('',*,*,#5942,.T.);
#6172 = ORIENTED_EDGE('',*,*,#5992,.T.);
#6173 = ORIENTED_EDGE('',*,*,#5618,.F.);
#6174 = ( GEOMETRIC_REPRESENTATION_CONTEXT(3) 
GLOBAL_UNCERTAINTY_ASSIGNED_CONTEXT((#6178)) 
GLOBAL_UNIT_ASSIGNED_CONTEXT((#6175,#6176,#6177)) REPRESENTATION_CONTEXT
('Context #1','3D Context with UNIT and UNCERTAINTY') );
#6175 = ( LENGTH_UNIT() NAMED_UNIT(*) SI_UNIT(.MILLI.,.METRE.) );
#6176 = ( NAMED_UNIT(*) PLANE_ANGLE_UNIT() SI_UNIT($,.RADIAN.) );
#6177 = ( NAMED_UNIT(*) SI_UNIT($,.STERADIAN.) SOLID_ANGLE_UNIT() );
#6178 = UNCERTAINTY_MEASURE_WITH_UNIT(LENGTH_MEASURE(5.E-06),#6175,
  'distance_accuracy_value','confusion accuracy');
#6179 = CONTEXT_DEPENDENT_SHAPE_REPRESENTATION(#6180,#6182);
#6180 = ( REPRESENTATION_RELATIONSHIP('','',#2403,#10) 
REPRESENTATION_RELATIONSHIP_WITH_TRANSFORMATION(#6181) 
SHAPE_REPRESENTATION_RELATIONSHIP() );
#6181 = ITEM_DEFINED_TRANSFORMATION('','',#11,#19);
#6182 = PRODUCT_DEFINITION_SHAPE('Placement','Placement of an item',
  #6183);
#6183 = NEXT_ASSEMBLY_USAGE_OCCURRENCE('2','insulator','',#5,#2398,$);
#6184 = PRODUCT_RELATED_PRODUCT_CATEGORY('part',$,(#2400));
#6185 = SHAPE_DEFINITION_REPRESENTATION(#6186,#6192);
#6186 = PRODUCT_DEFINITION_SHAPE('','',#6187);
#6187 = PRODUCT_DEFINITION('design','',#6188,#6191);
#6188 = PRODUCT_DEFINITION_FORMATION('','',#6189);
#6189 = PRODUCT('contact_1','contact_1','',(#6190));
#6190 = PRODUCT_CONTEXT('',#2,'mechanical');
#6191 = PRODUCT_DEFINITION_CONTEXT('part definition',#2,'design');
#6192 = ADVANCED_BREP_SHAPE_REPRESENTATION('',(#11,#6193),#6523);
#6193 = MANIFOLD_SOLID_BREP('',#6194);
#6194 = CLOSED_SHELL('',(#6195,#6315,#6415,#6462,#6509,#6516));
#6195 = ADVANCED_FACE('',(#6196),#6210,.F.);
#6196 = FACE_BOUND('',#6197,.F.);
#6197 = EDGE_LOOP('',(#6198,#6233,#6261,#6289));
#6198 = ORIENTED_EDGE('',*,*,#6199,.F.);
#6199 = EDGE_CURVE('',#6200,#6202,#6204,.T.);
#6200 = VERTEX_POINT('',#6201);
#6201 = CARTESIAN_POINT('',(5.61,-0.4,6.69));
#6202 = VERTEX_POINT('',#6203);
#6203 = CARTESIAN_POINT('',(5.61,-0.4,7.02));
#6204 = SURFACE_CURVE('',#6205,(#6209,#6221),.PCURVE_S1.);
#6205 = LINE('',#6206,#6207);
#6206 = CARTESIAN_POINT('',(5.61,-0.4,6.69));
#6207 = VECTOR('',#6208,1.);
#6208 = DIRECTION('',(0.,0.,1.));
#6209 = PCURVE('',#6210,#6215);
#6210 = PLANE('',#6211);
#6211 = AXIS2_PLACEMENT_3D('',#6212,#6213,#6214);
#6212 = CARTESIAN_POINT('',(5.61,-0.4,6.69));
#6213 = DIRECTION('',(1.,0.,0.));
#6214 = DIRECTION('',(0.,0.,1.));
#6215 = DEFINITIONAL_REPRESENTATION('',(#6216),#6220);
#6216 = LINE('',#6217,#6218);
#6217 = CARTESIAN_POINT('',(0.,0.));
#6218 = VECTOR('',#6219,1.);
#6219 = DIRECTION('',(1.,0.));
#6220 = ( GEOMETRIC_REPRESENTATION_CONTEXT(2) 
PARAMETRIC_REPRESENTATION_CONTEXT() REPRESENTATION_CONTEXT('2D SPACE',''
  ) );
#6221 = PCURVE('',#6222,#6227);
#6222 = PLANE('',#6223);
#6223 = AXIS2_PLACEMENT_3D('',#6224,#6225,#6226);
#6224 = CARTESIAN_POINT('',(5.61,-0.4,6.69));
#6225 = DIRECTION('',(0.,1.,0.));
#6226 = DIRECTION('',(0.,0.,1.));
#6227 = DEFINITIONAL_REPRESENTATION('',(#6228),#6232);
#6228 = LINE('',#6229,#6230);
#6229 = CARTESIAN_POINT('',(0.,0.));
#6230 = VECTOR('',#6231,1.);
#6231 = DIRECTION('',(1.,0.));
#6232 = ( GEOMETRIC_REPRESENTATION_CONTEXT(2) 
PARAMETRIC_REPRESENTATION_CONTEXT() REPRESENTATION_CONTEXT('2D SPACE',''
  ) );
#6233 = ORIENTED_EDGE('',*,*,#6234,.T.);
#6234 = EDGE_CURVE('',#6200,#6235,#6237,.T.);
#6235 = VERTEX_POINT('',#6236);
#6236 = CARTESIAN_POINT('',(5.61,0.4,6.69));
#6237 = SURFACE_CURVE('',#6238,(#6242,#6249),.PCURVE_S1.);
#6238 = LINE('',#6239,#6240);
#6239 = CARTESIAN_POINT('',(5.61,-0.4,6.69));
#6240 = VECTOR('',#6241,1.);
#6241 = DIRECTION('',(0.,1.,0.));
#6242 = PCURVE('',#6210,#6243);
#6243 = DEFINITIONAL_REPRESENTATION('',(#6244),#6248);
#6244 = LINE('',#6245,#6246);
#6245 = CARTESIAN_POINT('',(0.,0.));
#6246 = VECTOR('',#6247,1.);
#6247 = DIRECTION('',(0.,-1.));
#6248 = ( GEOMETRIC_REPRESENTATION_CONTEXT(2) 
PARAMETRIC_REPRESENTATION_CONTEXT() REPRESENTATION_CONTEXT('2D SPACE',''
  ) );
#6249 = PCURVE('',#6250,#6255);
#6250 = PLANE('',#6251);
#6251 = AXIS2_PLACEMENT_3D('',#6252,#6253,#6254);
#6252 = CARTESIAN_POINT('',(5.61,-0.4,6.69));
#6253 = DIRECTION('',(0.,0.,1.));
#6254 = DIRECTION('',(1.,0.,0.));
#6255 = DEFINITIONAL_REPRESENTATION('',(#6256),#6260);
#6256 = LINE('',#6257,#6258);
#6257 = CARTESIAN_POINT('',(0.,0.));
#6258 = VECTOR('',#6259,1.);
#6259 = DIRECTION('',(0.,1.));
#6260 = ( GEOMETRIC_REPRESENTATION_CONTEXT(2) 
PARAMETRIC_REPRESENTATION_CONTEXT() REPRESENTATION_CONTEXT('2D SPACE',''
  ) );
#6261 = ORIENTED_EDGE('',*,*,#6262,.T.);
#6262 = EDGE_CURVE('',#6235,#6263,#6265,.T.);
#6263 = VERTEX_POINT('',#6264);
#6264 = CARTESIAN_POINT('',(5.61,0.4,7.02));
#6265 = SURFACE_CURVE('',#6266,(#6270,#6277),.PCURVE_S1.);
#6266 = LINE('',#6267,#6268);
#6267 = CARTESIAN_POINT('',(5.61,0.4,6.69));
#6268 = VECTOR('',#6269,1.);
#6269 = DIRECTION('',(0.,0.,1.));
#6270 = PCURVE('',#6210,#6271);
#6271 = DEFINITIONAL_REPRESENTATION('',(#6272),#6276);
#6272 = LINE('',#6273,#6274);
#6273 = CARTESIAN_POINT('',(0.,-0.8));
#6274 = VECTOR('',#6275,1.);
#6275 = DIRECTION('',(1.,0.));
#6276 = ( GEOMETRIC_REPRESENTATION_CONTEXT(2) 
PARAMETRIC_REPRESENTATION_CONTEXT() REPRESENTATION_CONTEXT('2D SPACE',''
  ) );
#6277 = PCURVE('',#6278,#6283);
#6278 = PLANE('',#6279);
#6279 = AXIS2_PLACEMENT_3D('',#6280,#6281,#6282);
#6280 = CARTESIAN_POINT('',(5.61,0.4,6.69));
#6281 = DIRECTION('',(0.,1.,0.));
#6282 = DIRECTION('',(0.,0.,1.));
#6283 = DEFINITIONAL_REPRESENTATION('',(#6284),#6288);
#6284 = LINE('',#6285,#6286);
#6285 = CARTESIAN_POINT('',(0.,0.));
#6286 = VECTOR('',#6287,1.);
#6287 = DIRECTION('',(1.,0.));
#6288 = ( GEOMETRIC_REPRESENTATION_CONTEXT(2) 
PARAMETRIC_REPRESENTATION_CONTEXT() REPRESENTATION_CONTEXT('2D SPACE',''
  ) );
#6289 = ORIENTED_EDGE('',*,*,#6290,.F.);
#6290 = EDGE_CURVE('',#6202,#6263,#6291,.T.);
#6291 = SURFACE_CURVE('',#6292,(#6296,#6303),.PCURVE_S1.);
#6292 = LINE('',#6293,#6294);
#6293 = CARTESIAN_POINT('',(5.61,-0.4,7.02));
#6294 = VECTOR('',#6295,1.);
#6295 = DIRECTION('',(0.,1.,0.));
#6296 = PCURVE('',#6210,#6297);
#6297 = DEFINITIONAL_REPRESENTATION('',(#6298),#6302);
#6298 = LINE('',#6299,#6300);
#6299 = CARTESIAN_POINT('',(0.33,0.));
#6300 = VECTOR('',#6301,1.);
#6301 = DIRECTION('',(0.,-1.));
#6302 = ( GEOMETRIC_REPRESENTATION_CONTEXT(2) 
PARAMETRIC_REPRESENTATION_CONTEXT() REPRESENTATION_CONTEXT('2D SPACE',''
  ) );
#6303 = PCURVE('',#6304,#6309);
#6304 = PLANE('',#6305);
#6305 = AXIS2_PLACEMENT_3D('',#6306,#6307,#6308);
#6306 = CARTESIAN_POINT('',(5.61,-0.4,7.02));
#6307 = DIRECTION('',(0.,0.,1.));
#6308 = DIRECTION('',(1.,0.,0.));
#6309 = DEFINITIONAL_REPRESENTATION('',(#6310),#6314);
#6310 = LINE('',#6311,#6312);
#6311 = CARTESIAN_POINT('',(0.,0.));
#6312 = VECTOR('',#6313,1.);
#6313 = DIRECTION('',(0.,1.));
#6314 = ( GEOMETRIC_REPRESENTATION_CONTEXT(2) 
PARAMETRIC_REPRESENTATION_CONTEXT() REPRESENTATION_CONTEXT('2D SPACE',''
  ) );
#6315 = ADVANCED_FACE('',(#6316),#6330,.T.);
#6316 = FACE_BOUND('',#6317,.T.);
#6317 = EDGE_LOOP('',(#6318,#6348,#6371,#6394));
#6318 = ORIENTED_EDGE('',*,*,#6319,.F.);
#6319 = EDGE_CURVE('',#6320,#6322,#6324,.T.);
#6320 = VERTEX_POINT('',#6321);
#6321 = CARTESIAN_POINT('',(13.41,-0.4,6.69));
#6322 = VERTEX_POINT('',#6323);
#6323 = CARTESIAN_POINT('',(13.41,-0.4,7.02));
#6324 = SURFACE_CURVE('',#6325,(#6329,#6341),.PCURVE_S1.);
#6325 = LINE('',#6326,#6327);
#6326 = CARTESIAN_POINT('',(13.41,-0.4,6.69));
#6327 = VECTOR('',#6328,1.);
#6328 = DIRECTION('',(0.,0.,1.));
#6329 = PCURVE('',#6330,#6335);
#6330 = PLANE('',#6331);
#6331 = AXIS2_PLACEMENT_3D('',#6332,#6333,#6334);
#6332 = CARTESIAN_POINT('',(13.41,-0.4,6.69));
#6333 = DIRECTION('',(1.,0.,0.));
#6334 = DIRECTION('',(0.,0.,1.));
#6335 = DEFINITIONAL_REPRESENTATION('',(#6336),#6340);
#6336 = LINE('',#6337,#6338);
#6337 = CARTESIAN_POINT('',(0.,0.));
#6338 = VECTOR('',#6339,1.);
#6339 = DIRECTION('',(1.,0.));
#6340 = ( GEOMETRIC_REPRESENTATION_CONTEXT(2) 
PARAMETRIC_REPRESENTATION_CONTEXT() REPRESENTATION_CONTEXT('2D SPACE',''
  ) );
#6341 = PCURVE('',#6222,#6342);
#6342 = DEFINITIONAL_REPRESENTATION('',(#6343),#6347);
#6343 = LINE('',#6344,#6345);
#6344 = CARTESIAN_POINT('',(0.,7.8));
#6345 = VECTOR('',#6346,1.);
#6346 = DIRECTION('',(1.,0.));
#6347 = ( GEOMETRIC_REPRESENTATION_CONTEXT(2) 
PARAMETRIC_REPRESENTATION_CONTEXT() REPRESENTATION_CONTEXT('2D SPACE',''
  ) );
#6348 = ORIENTED_EDGE('',*,*,#6349,.T.);
#6349 = EDGE_CURVE('',#6320,#6350,#6352,.T.);
#6350 = VERTEX_POINT('',#6351);
#6351 = CARTESIAN_POINT('',(13.41,0.4,6.69));
#6352 = SURFACE_CURVE('',#6353,(#6357,#6364),.PCURVE_S1.);
#6353 = LINE('',#6354,#6355);
#6354 = CARTESIAN_POINT('',(13.41,-0.4,6.69));
#6355 = VECTOR('',#6356,1.);
#6356 = DIRECTION('',(0.,1.,0.));
#6357 = PCURVE('',#6330,#6358);
#6358 = DEFINITIONAL_REPRESENTATION('',(#6359),#6363);
#6359 = LINE('',#6360,#6361);
#6360 = CARTESIAN_POINT('',(0.,0.));
#6361 = VECTOR('',#6362,1.);
#6362 = DIRECTION('',(0.,-1.));
#6363 = ( GEOMETRIC_REPRESENTATION_CONTEXT(2) 
PARAMETRIC_REPRESENTATION_CONTEXT() REPRESENTATION_CONTEXT('2D SPACE',''
  ) );
#6364 = PCURVE('',#6250,#6365);
#6365 = DEFINITIONAL_REPRESENTATION('',(#6366),#6370);
#6366 = LINE('',#6367,#6368);
#6367 = CARTESIAN_POINT('',(7.8,0.));
#6368 = VECTOR('',#6369,1.);
#6369 = DIRECTION('',(0.,1.));
#6370 = ( GEOMETRIC_REPRESENTATION_CONTEXT(2) 
PARAMETRIC_REPRESENTATION_CONTEXT() REPRESENTATION_CONTEXT('2D SPACE',''
  ) );
#6371 = ORIENTED_EDGE('',*,*,#6372,.T.);
#6372 = EDGE_CURVE('',#6350,#6373,#6375,.T.);
#6373 = VERTEX_POINT('',#6374);
#6374 = CARTESIAN_POINT('',(13.41,0.4,7.02));
#6375 = SURFACE_CURVE('',#6376,(#6380,#6387),.PCURVE_S1.);
#6376 = LINE('',#6377,#6378);
#6377 = CARTESIAN_POINT('',(13.41,0.4,6.69));
#6378 = VECTOR('',#6379,1.);
#6379 = DIRECTION('',(0.,0.,1.));
#6380 = PCURVE('',#6330,#6381);
#6381 = DEFINITIONAL_REPRESENTATION('',(#6382),#6386);
#6382 = LINE('',#6383,#6384);
#6383 = CARTESIAN_POINT('',(0.,-0.8));
#6384 = VECTOR('',#6385,1.);
#6385 = DIRECTION('',(1.,0.));
#6386 = ( GEOMETRIC_REPRESENTATION_CONTEXT(2) 
PARAMETRIC_REPRESENTATION_CONTEXT() REPRESENTATION_CONTEXT('2D SPACE',''
  ) );
#6387 = PCURVE('',#6278,#6388);
#6388 = DEFINITIONAL_REPRESENTATION('',(#6389),#6393);
#6389 = LINE('',#6390,#6391);
#6390 = CARTESIAN_POINT('',(0.,7.8));
#6391 = VECTOR('',#6392,1.);
#6392 = DIRECTION('',(1.,0.));
#6393 = ( GEOMETRIC_REPRESENTATION_CONTEXT(2) 
PARAMETRIC_REPRESENTATION_CONTEXT() REPRESENTATION_CONTEXT('2D SPACE',''
  ) );
#6394 = ORIENTED_EDGE('',*,*,#6395,.F.);
#6395 = EDGE_CURVE('',#6322,#6373,#6396,.T.);
#6396 = SURFACE_CURVE('',#6397,(#6401,#6408),.PCURVE_S1.);
#6397 = LINE('',#6398,#6399);
#6398 = CARTESIAN_POINT('',(13.41,-0.4,7.02));
#6399 = VECTOR('',#6400,1.);
#6400 = DIRECTION('',(0.,1.,0.));
#6401 = PCURVE('',#6330,#6402);
#6402 = DEFINITIONAL_REPRESENTATION('',(#6403),#6407);
#6403 = LINE('',#6404,#6405);
#6404 = CARTESIAN_POINT('',(0.33,0.));
#6405 = VECTOR('',#6406,1.);
#6406 = DIRECTION('',(0.,-1.));
#6407 = ( GEOMETRIC_REPRESENTATION_CONTEXT(2) 
PARAMETRIC_REPRESENTATION_CONTEXT() REPRESENTATION_CONTEXT('2D SPACE',''
  ) );
#6408 = PCURVE('',#6304,#6409);
#6409 = DEFINITIONAL_REPRESENTATION('',(#6410),#6414);
#6410 = LINE('',#6411,#6412);
#6411 = CARTESIAN_POINT('',(7.8,0.));
#6412 = VECTOR('',#6413,1.);
#6413 = DIRECTION('',(0.,1.));
#6414 = ( GEOMETRIC_REPRESENTATION_CONTEXT(2) 
PARAMETRIC_REPRESENTATION_CONTEXT() REPRESENTATION_CONTEXT('2D SPACE',''
  ) );
#6415 = ADVANCED_FACE('',(#6416),#6222,.F.);
#6416 = FACE_BOUND('',#6417,.F.);
#6417 = EDGE_LOOP('',(#6418,#6439,#6440,#6461));
#6418 = ORIENTED_EDGE('',*,*,#6419,.F.);
#6419 = EDGE_CURVE('',#6200,#6320,#6420,.T.);
#6420 = SURFACE_CURVE('',#6421,(#6425,#6432),.PCURVE_S1.);
#6421 = LINE('',#6422,#6423);
#6422 = CARTESIAN_POINT('',(5.61,-0.4,6.69));
#6423 = VECTOR('',#6424,1.);
#6424 = DIRECTION('',(1.,0.,0.));
#6425 = PCURVE('',#6222,#6426);
#6426 = DEFINITIONAL_REPRESENTATION('',(#6427),#6431);
#6427 = LINE('',#6428,#6429);
#6428 = CARTESIAN_POINT('',(0.,0.));
#6429 = VECTOR('',#6430,1.);
#6430 = DIRECTION('',(0.,1.));
#6431 = ( GEOMETRIC_REPRESENTATION_CONTEXT(2) 
PARAMETRIC_REPRESENTATION_CONTEXT() REPRESENTATION_CONTEXT('2D SPACE',''
  ) );
#6432 = PCURVE('',#6250,#6433);
#6433 = DEFINITIONAL_REPRESENTATION('',(#6434),#6438);
#6434 = LINE('',#6435,#6436);
#6435 = CARTESIAN_POINT('',(0.,0.));
#6436 = VECTOR('',#6437,1.);
#6437 = DIRECTION('',(1.,0.));
#6438 = ( GEOMETRIC_REPRESENTATION_CONTEXT(2) 
PARAMETRIC_REPRESENTATION_CONTEXT() REPRESENTATION_CONTEXT('2D SPACE',''
  ) );
#6439 = ORIENTED_EDGE('',*,*,#6199,.T.);
#6440 = ORIENTED_EDGE('',*,*,#6441,.T.);
#6441 = EDGE_CURVE('',#6202,#6322,#6442,.T.);
#6442 = SURFACE_CURVE('',#6443,(#6447,#6454),.PCURVE_S1.);
#6443 = LINE('',#6444,#6445);
#6444 = CARTESIAN_POINT('',(5.61,-0.4,7.02));
#6445 = VECTOR('',#6446,1.);
#6446 = DIRECTION('',(1.,0.,0.));
#6447 = PCURVE('',#6222,#6448);
#6448 = DEFINITIONAL_REPRESENTATION('',(#6449),#6453);
#6449 = LINE('',#6450,#6451);
#6450 = CARTESIAN_POINT('',(0.33,0.));
#6451 = VECTOR('',#6452,1.);
#6452 = DIRECTION('',(0.,1.));
#6453 = ( GEOMETRIC_REPRESENTATION_CONTEXT(2) 
PARAMETRIC_REPRESENTATION_CONTEXT() REPRESENTATION_CONTEXT('2D SPACE',''
  ) );
#6454 = PCURVE('',#6304,#6455);
#6455 = DEFINITIONAL_REPRESENTATION('',(#6456),#6460);
#6456 = LINE('',#6457,#6458);
#6457 = CARTESIAN_POINT('',(0.,0.));
#6458 = VECTOR('',#6459,1.);
#6459 = DIRECTION('',(1.,0.));
#6460 = ( GEOMETRIC_REPRESENTATION_CONTEXT(2) 
PARAMETRIC_REPRESENTATION_CONTEXT() REPRESENTATION_CONTEXT('2D SPACE',''
  ) );
#6461 = ORIENTED_EDGE('',*,*,#6319,.F.);
#6462 = ADVANCED_FACE('',(#6463),#6278,.T.);
#6463 = FACE_BOUND('',#6464,.T.);
#6464 = EDGE_LOOP('',(#6465,#6486,#6487,#6508));
#6465 = ORIENTED_EDGE('',*,*,#6466,.F.);
#6466 = EDGE_CURVE('',#6235,#6350,#6467,.T.);
#6467 = SURFACE_CURVE('',#6468,(#6472,#6479),.PCURVE_S1.);
#6468 = LINE('',#6469,#6470);
#6469 = CARTESIAN_POINT('',(5.61,0.4,6.69));
#6470 = VECTOR('',#6471,1.);
#6471 = DIRECTION('',(1.,0.,0.));
#6472 = PCURVE('',#6278,#6473);
#6473 = DEFINITIONAL_REPRESENTATION('',(#6474),#6478);
#6474 = LINE('',#6475,#6476);
#6475 = CARTESIAN_POINT('',(0.,0.));
#6476 = VECTOR('',#6477,1.);
#6477 = DIRECTION('',(0.,1.));
#6478 = ( GEOMETRIC_REPRESENTATION_CONTEXT(2) 
PARAMETRIC_REPRESENTATION_CONTEXT() REPRESENTATION_CONTEXT('2D SPACE',''
  ) );
#6479 = PCURVE('',#6250,#6480);
#6480 = DEFINITIONAL_REPRESENTATION('',(#6481),#6485);
#6481 = LINE('',#6482,#6483);
#6482 = CARTESIAN_POINT('',(0.,0.8));
#6483 = VECTOR('',#6484,1.);
#6484 = DIRECTION('',(1.,0.));
#6485 = ( GEOMETRIC_REPRESENTATION_CONTEXT(2) 
PARAMETRIC_REPRESENTATION_CONTEXT() REPRESENTATION_CONTEXT('2D SPACE',''
  ) );
#6486 = ORIENTED_EDGE('',*,*,#6262,.T.);
#6487 = ORIENTED_EDGE('',*,*,#6488,.T.);
#6488 = EDGE_CURVE('',#6263,#6373,#6489,.T.);
#6489 = SURFACE_CURVE('',#6490,(#6494,#6501),.PCURVE_S1.);
#6490 = LINE('',#6491,#6492);
#6491 = CARTESIAN_POINT('',(5.61,0.4,7.02));
#6492 = VECTOR('',#6493,1.);
#6493 = DIRECTION('',(1.,0.,0.));
#6494 = PCURVE('',#6278,#6495);
#6495 = DEFINITIONAL_REPRESENTATION('',(#6496),#6500);
#6496 = LINE('',#6497,#6498);
#6497 = CARTESIAN_POINT('',(0.33,0.));
#6498 = VECTOR('',#6499,1.);
#6499 = DIRECTION('',(0.,1.));
#6500 = ( GEOMETRIC_REPRESENTATION_CONTEXT(2) 
PARAMETRIC_REPRESENTATION_CONTEXT() REPRESENTATION_CONTEXT('2D SPACE',''
  ) );
#6501 = PCURVE('',#6304,#6502);
#6502 = DEFINITIONAL_REPRESENTATION('',(#6503),#6507);
#6503 = LINE('',#6504,#6505);
#6504 = CARTESIAN_POINT('',(0.,0.8));
#6505 = VECTOR('',#6506,1.);
#6506 = DIRECTION('',(1.,0.));
#6507 = ( GEOMETRIC_REPRESENTATION_CONTEXT(2) 
PARAMETRIC_REPRESENTATION_CONTEXT() REPRESENTATION_CONTEXT('2D SPACE',''
  ) );
#6508 = ORIENTED_EDGE('',*,*,#6372,.F.);
#6509 = ADVANCED_FACE('',(#6510),#6250,.F.);
#6510 = FACE_BOUND('',#6511,.F.);
#6511 = EDGE_LOOP('',(#6512,#6513,#6514,#6515));
#6512 = ORIENTED_EDGE('',*,*,#6234,.F.);
#6513 = ORIENTED_EDGE('',*,*,#6419,.T.);
#6514 = ORIENTED_EDGE('',*,*,#6349,.T.);
#6515 = ORIENTED_EDGE('',*,*,#6466,.F.);
#6516 = ADVANCED_FACE('',(#6517),#6304,.T.);
#6517 = FACE_BOUND('',#6518,.T.);
#6518 = EDGE_LOOP('',(#6519,#6520,#6521,#6522));
#6519 = ORIENTED_EDGE('',*,*,#6290,.F.);
#6520 = ORIENTED_EDGE('',*,*,#6441,.T.);
#6521 = ORIENTED_EDGE('',*,*,#6395,.T.);
#6522 = ORIENTED_EDGE('',*,*,#6488,.F.);
#6523 = ( GEOMETRIC_REPRESENTATION_CONTEXT(3) 
GLOBAL_UNCERTAINTY_ASSIGNED_CONTEXT((#6527)) 
GLOBAL_UNIT_ASSIGNED_CONTEXT((#6524,#6525,#6526)) REPRESENTATION_CONTEXT
('Context #1','3D Context with UNIT and UNCERTAINTY') );
#6524 = ( LENGTH_UNIT() NAMED_UNIT(*) SI_UNIT(.MILLI.,.METRE.) );
#6525 = ( NAMED_UNIT(*) PLANE_ANGLE_UNIT() SI_UNIT($,.RADIAN.) );
#6526 = ( NAMED_UNIT(*) SI_UNIT($,.STERADIAN.) SOLID_ANGLE_UNIT() );
#6527 = UNCERTAINTY_MEASURE_WITH_UNIT(LENGTH_MEASURE(1.E-07),#6524,
  'distance_accuracy_value','confusion accuracy');
#6528 = CONTEXT_DEPENDENT_SHAPE_REPRESENTATION(#6529,#6531);
#6529 = ( REPRESENTATION_RELATIONSHIP('','',#6192,#10) 
REPRESENTATION_RELATIONSHIP_WITH_TRANSFORMATION(#6530) 
SHAPE_REPRESENTATION_RELATIONSHIP() );
#6530 = ITEM_DEFINED_TRANSFORMATION('','',#11,#23);
#6531 = PRODUCT_DEFINITION_SHAPE('Placement','Placement of an item',
  #6532);
#6532 = NEXT_ASSEMBLY_USAGE_OCCURRENCE('3','contact_1','',#5,#6187,$);
#6533 = PRODUCT_RELATED_PRODUCT_CATEGORY('part',$,(#6189));
#6534 = SHAPE_DEFINITION_REPRESENTATION(#6535,#6541);
#6535 = PRODUCT_DEFINITION_SHAPE('','',#6536);
#6536 = PRODUCT_DEFINITION('design','',#6537,#6540);
#6537 = PRODUCT_DEFINITION_FORMATION('','',#6538);
#6538 = PRODUCT('pin_1','pin_1','',(#6539));
#6539 = PRODUCT_CONTEXT('',#2,'mechanical');
#6540 = PRODUCT_DEFINITION_CONTEXT('part definition',#2,'design');
#6541 = ADVANCED_BREP_SHAPE_REPRESENTATION('',(#11,#6542),#7028);
#6542 = MANIFOLD_SOLID_BREP('',#6543);
#6543 = CLOSED_SHELL('',(#6544,#6720,#6796,#6845,#6894,#6943,#6992,#7019
    ));
#6544 = ADVANCED_FACE('',(#6545),#6559,.F.);
#6545 = FACE_BOUND('',#6546,.F.);
#6546 = EDGE_LOOP('',(#6547,#6582,#6610,#6638,#6666,#6694));
#6547 = ORIENTED_EDGE('',*,*,#6548,.F.);
#6548 = EDGE_CURVE('',#6549,#6551,#6553,.T.);
#6549 = VERTEX_POINT('',#6550);
#6550 = CARTESIAN_POINT('',(-0.125,-0.3,-2.88));
#6551 = VERTEX_POINT('',#6552);
#6552 = CARTESIAN_POINT('',(-0.125,-0.3,1.5));
#6553 = SURFACE_CURVE('',#6554,(#6558,#6570),.PCURVE_S1.);
#6554 = LINE('',#6555,#6556);
#6555 = CARTESIAN_POINT('',(-0.125,-0.3,-3.));
#6556 = VECTOR('',#6557,1.);
#6557 = DIRECTION('',(0.,0.,1.));
#6558 = PCURVE('',#6559,#6564);
#6559 = PLANE('',#6560);
#6560 = AXIS2_PLACEMENT_3D('',#6561,#6562,#6563);
#6561 = CARTESIAN_POINT('',(-0.125,-0.3,-3.));
#6562 = DIRECTION('',(1.,0.,0.));
#6563 = DIRECTION('',(0.,0.,1.));
#6564 = DEFINITIONAL_REPRESENTATION('',(#6565),#6569);
#6565 = LINE('',#6566,#6567);
#6566 = CARTESIAN_POINT('',(0.,0.));
#6567 = VECTOR('',#6568,1.);
#6568 = DIRECTION('',(1.,0.));
#6569 = ( GEOMETRIC_REPRESENTATION_CONTEXT(2) 
PARAMETRIC_REPRESENTATION_CONTEXT() REPRESENTATION_CONTEXT('2D SPACE',''
  ) );
#6570 = PCURVE('',#6571,#6576);
#6571 = PLANE('',#6572);
#6572 = AXIS2_PLACEMENT_3D('',#6573,#6574,#6575);
#6573 = CARTESIAN_POINT('',(-0.125,-0.3,-3.));
#6574 = DIRECTION('',(0.,1.,0.));
#6575 = DIRECTION('',(0.,0.,1.));
#6576 = DEFINITIONAL_REPRESENTATION('',(#6577),#6581);
#6577 = LINE('',#6578,#6579);
#6578 = CARTESIAN_POINT('',(0.,0.));
#6579 = VECTOR('',#6580,1.);
#6580 = DIRECTION('',(1.,0.));
#6581 = ( GEOMETRIC_REPRESENTATION_CONTEXT(2) 
PARAMETRIC_REPRESENTATION_CONTEXT() REPRESENTATION_CONTEXT('2D SPACE',''
  ) );
#6582 = ORIENTED_EDGE('',*,*,#6583,.T.);
#6583 = EDGE_CURVE('',#6549,#6584,#6586,.T.);
#6584 = VERTEX_POINT('',#6585);
#6585 = CARTESIAN_POINT('',(-0.125,-0.18,-3.));
#6586 = SURFACE_CURVE('',#6587,(#6591,#6598),.PCURVE_S1.);
#6587 = LINE('',#6588,#6589);
#6588 = CARTESIAN_POINT('',(-0.125,-0.24,-2.94));
#6589 = VECTOR('',#6590,1.);
#6590 = DIRECTION('',(0.,0.707106781187,-0.707106781187));
#6591 = PCURVE('',#6559,#6592);
#6592 = DEFINITIONAL_REPRESENTATION('',(#6593),#6597);
#6593 = LINE('',#6594,#6595);
#6594 = CARTESIAN_POINT('',(6.E-02,-6.E-02));
#6595 = VECTOR('',#6596,1.);
#6596 = DIRECTION('',(-0.707106781187,-0.707106781187));
#6597 = ( GEOMETRIC_REPRESENTATION_CONTEXT(2) 
PARAMETRIC_REPRESENTATION_CONTEXT() REPRESENTATION_CONTEXT('2D SPACE',''
  ) );
#6598 = PCURVE('',#6599,#6604);
#6599 = PLANE('',#6600);
#6600 = AXIS2_PLACEMENT_3D('',#6601,#6602,#6603);
#6601 = CARTESIAN_POINT('',(-0.125,-0.24,-2.94));
#6602 = DIRECTION('',(0.,-0.707106781187,-0.707106781187));
#6603 = DIRECTION('',(-1.,-0.,-0.));
#6604 = DEFINITIONAL_REPRESENTATION('',(#6605),#6609);
#6605 = LINE('',#6606,#6607);
#6606 = CARTESIAN_POINT('',(-0.,0.));
#6607 = VECTOR('',#6608,1.);
#6608 = DIRECTION('',(-0.,1.));
#6609 = ( GEOMETRIC_REPRESENTATION_CONTEXT(2) 
PARAMETRIC_REPRESENTATION_CONTEXT() REPRESENTATION_CONTEXT('2D SPACE',''
  ) );
#6610 = ORIENTED_EDGE('',*,*,#6611,.T.);
#6611 = EDGE_CURVE('',#6584,#6612,#6614,.T.);
#6612 = VERTEX_POINT('',#6613);
#6613 = CARTESIAN_POINT('',(-0.125,0.18,-3.));
#6614 = SURFACE_CURVE('',#6615,(#6619,#6626),.PCURVE_S1.);
#6615 = LINE('',#6616,#6617);
#6616 = CARTESIAN_POINT('',(-0.125,-0.3,-3.));
#6617 = VECTOR('',#6618,1.);
#6618 = DIRECTION('',(0.,1.,0.));
#6619 = PCURVE('',#6559,#6620);
#6620 = DEFINITIONAL_REPRESENTATION('',(#6621),#6625);
#6621 = LINE('',#6622,#6623);
#6622 = CARTESIAN_POINT('',(0.,0.));
#6623 = VECTOR('',#6624,1.);
#6624 = DIRECTION('',(0.,-1.));
#6625 = ( GEOMETRIC_REPRESENTATION_CONTEXT(2) 
PARAMETRIC_REPRESENTATION_CONTEXT() REPRESENTATION_CONTEXT('2D SPACE',''
  ) );
#6626 = PCURVE('',#6627,#6632);
#6627 = PLANE('',#6628);
#6628 = AXIS2_PLACEMENT_3D('',#6629,#6630,#6631);
#6629 = CARTESIAN_POINT('',(-0.125,-0.3,-3.));
#6630 = DIRECTION('',(0.,0.,1.));
#6631 = DIRECTION('',(1.,0.,0.));
#6632 = DEFINITIONAL_REPRESENTATION('',(#6633),#6637);
#6633 = LINE('',#6634,#6635);
#6634 = CARTESIAN_POINT('',(0.,0.));
#6635 = VECTOR('',#6636,1.);
#6636 = DIRECTION('',(0.,1.));
#6637 = ( GEOMETRIC_REPRESENTATION_CONTEXT(2) 
PARAMETRIC_REPRESENTATION_CONTEXT() REPRESENTATION_CONTEXT('2D SPACE',''
  ) );
#6638 = ORIENTED_EDGE('',*,*,#6639,.F.);
#6639 = EDGE_CURVE('',#6640,#6612,#6642,.T.);
#6640 = VERTEX_POINT('',#6641);
#6641 = CARTESIAN_POINT('',(-0.125,0.3,-2.88));
#6642 = SURFACE_CURVE('',#6643,(#6647,#6654),.PCURVE_S1.);
#6643 = LINE('',#6644,#6645);
#6644 = CARTESIAN_POINT('',(-0.125,9.E-02,-3.09));
#6645 = VECTOR('',#6646,1.);
#6646 = DIRECTION('',(0.,-0.707106781187,-0.707106781187));
#6647 = PCURVE('',#6559,#6648);
#6648 = DEFINITIONAL_REPRESENTATION('',(#6649),#6653);
#6649 = LINE('',#6650,#6651);
#6650 = CARTESIAN_POINT('',(-9.E-02,-0.39));
#6651 = VECTOR('',#6652,1.);
#6652 = DIRECTION('',(-0.707106781187,0.707106781187));
#6653 = ( GEOMETRIC_REPRESENTATION_CONTEXT(2) 
PARAMETRIC_REPRESENTATION_CONTEXT() REPRESENTATION_CONTEXT('2D SPACE',''
  ) );
#6654 = PCURVE('',#6655,#6660);
#6655 = PLANE('',#6656);
#6656 = AXIS2_PLACEMENT_3D('',#6657,#6658,#6659);
#6657 = CARTESIAN_POINT('',(-0.125,0.24,-2.94));
#6658 = DIRECTION('',(0.,-0.707106781187,0.707106781187));
#6659 = DIRECTION('',(-1.,-0.,-0.));
#6660 = DEFINITIONAL_REPRESENTATION('',(#6661),#6665);
#6661 = LINE('',#6662,#6663);
#6662 = CARTESIAN_POINT('',(-0.,0.212132034356));
#6663 = VECTOR('',#6664,1.);
#6664 = DIRECTION('',(-0.,1.));
#6665 = ( GEOMETRIC_REPRESENTATION_CONTEXT(2) 
PARAMETRIC_REPRESENTATION_CONTEXT() REPRESENTATION_CONTEXT('2D SPACE',''
  ) );
#6666 = ORIENTED_EDGE('',*,*,#6667,.T.);
#6667 = EDGE_CURVE('',#6640,#6668,#6670,.T.);
#6668 = VERTEX_POINT('',#6669);
#6669 = CARTESIAN_POINT('',(-0.125,0.3,1.5));
#6670 = SURFACE_CURVE('',#6671,(#6675,#6682),.PCURVE_S1.);
#6671 = LINE('',#6672,#6673);
#6672 = CARTESIAN_POINT('',(-0.125,0.3,-3.));
#6673 = VECTOR('',#6674,1.);
#6674 = DIRECTION('',(0.,0.,1.));
#6675 = PCURVE('',#6559,#6676);
#6676 = DEFINITIONAL_REPRESENTATION('',(#6677),#6681);
#6677 = LINE('',#6678,#6679);
#6678 = CARTESIAN_POINT('',(0.,-0.6));
#6679 = VECTOR('',#6680,1.);
#6680 = DIRECTION('',(1.,0.));
#6681 = ( GEOMETRIC_REPRESENTATION_CONTEXT(2) 
PARAMETRIC_REPRESENTATION_CONTEXT() REPRESENTATION_CONTEXT('2D SPACE',''
  ) );
#6682 = PCURVE('',#6683,#6688);
#6683 = PLANE('',#6684);
#6684 = AXIS2_PLACEMENT_3D('',#6685,#6686,#6687);
#6685 = CARTESIAN_POINT('',(-0.125,0.3,-3.));
#6686 = DIRECTION('',(0.,1.,0.));
#6687 = DIRECTION('',(0.,0.,1.));
#6688 = DEFINITIONAL_REPRESENTATION('',(#6689),#6693);
#6689 = LINE('',#6690,#6691);
#6690 = CARTESIAN_POINT('',(0.,0.));
#6691 = VECTOR('',#6692,1.);
#6692 = DIRECTION('',(1.,0.));
#6693 = ( GEOMETRIC_REPRESENTATION_CONTEXT(2) 
PARAMETRIC_REPRESENTATION_CONTEXT() REPRESENTATION_CONTEXT('2D SPACE',''
  ) );
#6694 = ORIENTED_EDGE('',*,*,#6695,.F.);
#6695 = EDGE_CURVE('',#6551,#6668,#6696,.T.);
#6696 = SURFACE_CURVE('',#6697,(#6701,#6708),.PCURVE_S1.);
#6697 = LINE('',#6698,#6699);
#6698 = CARTESIAN_POINT('',(-0.125,-0.3,1.5));
#6699 = VECTOR('',#6700,1.);
#6700 = DIRECTION('',(0.,1.,0.));
#6701 = PCURVE('',#6559,#6702);
#6702 = DEFINITIONAL_REPRESENTATION('',(#6703),#6707);
#6703 = LINE('',#6704,#6705);
#6704 = CARTESIAN_POINT('',(4.5,0.));
#6705 = VECTOR('',#6706,1.);
#6706 = DIRECTION('',(0.,-1.));
#6707 = ( GEOMETRIC_REPRESENTATION_CONTEXT(2) 
PARAMETRIC_REPRESENTATION_CONTEXT() REPRESENTATION_CONTEXT('2D SPACE',''
  ) );
#6708 = PCURVE('',#6709,#6714);
#6709 = PLANE('',#6710);
#6710 = AXIS2_PLACEMENT_3D('',#6711,#6712,#6713);
#6711 = CARTESIAN_POINT('',(-0.125,-0.3,1.5));
#6712 = DIRECTION('',(0.,0.,1.));
#6713 = DIRECTION('',(1.,0.,0.));
#6714 = DEFINITIONAL_REPRESENTATION('',(#6715),#6719);
#6715 = LINE('',#6716,#6717);
#6716 = CARTESIAN_POINT('',(0.,0.));
#6717 = VECTOR('',#6718,1.);
#6718 = DIRECTION('',(0.,1.));
#6719 = ( GEOMETRIC_REPRESENTATION_CONTEXT(2) 
PARAMETRIC_REPRESENTATION_CONTEXT() REPRESENTATION_CONTEXT('2D SPACE',''
  ) );
#6720 = ADVANCED_FACE('',(#6721),#6571,.F.);
#6721 = FACE_BOUND('',#6722,.F.);
#6722 = EDGE_LOOP('',(#6723,#6753,#6774,#6775));
#6723 = ORIENTED_EDGE('',*,*,#6724,.F.);
#6724 = EDGE_CURVE('',#6725,#6727,#6729,.T.);
#6725 = VERTEX_POINT('',#6726);
#6726 = CARTESIAN_POINT('',(0.125,-0.3,-2.88));
#6727 = VERTEX_POINT('',#6728);
#6728 = CARTESIAN_POINT('',(0.125,-0.3,1.5));
#6729 = SURFACE_CURVE('',#6730,(#6734,#6741),.PCURVE_S1.);
#6730 = LINE('',#6731,#6732);
#6731 = CARTESIAN_POINT('',(0.125,-0.3,-3.));
#6732 = VECTOR('',#6733,1.);
#6733 = DIRECTION('',(0.,0.,1.));
#6734 = PCURVE('',#6571,#6735);
#6735 = DEFINITIONAL_REPRESENTATION('',(#6736),#6740);
#6736 = LINE('',#6737,#6738);
#6737 = CARTESIAN_POINT('',(0.,0.25));
#6738 = VECTOR('',#6739,1.);
#6739 = DIRECTION('',(1.,0.));
#6740 = ( GEOMETRIC_REPRESENTATION_CONTEXT(2) 
PARAMETRIC_REPRESENTATION_CONTEXT() REPRESENTATION_CONTEXT('2D SPACE',''
  ) );
#6741 = PCURVE('',#6742,#6747);
#6742 = PLANE('',#6743);
#6743 = AXIS2_PLACEMENT_3D('',#6744,#6745,#6746);
#6744 = CARTESIAN_POINT('',(0.125,-0.3,-3.));
#6745 = DIRECTION('',(1.,0.,0.));
#6746 = DIRECTION('',(0.,0.,1.));
#6747 = DEFINITIONAL_REPRESENTATION('',(#6748),#6752);
#6748 = LINE('',#6749,#6750);
#6749 = CARTESIAN_POINT('',(0.,0.));
#6750 = VECTOR('',#6751,1.);
#6751 = DIRECTION('',(1.,0.));
#6752 = ( GEOMETRIC_REPRESENTATION_CONTEXT(2) 
PARAMETRIC_REPRESENTATION_CONTEXT() REPRESENTATION_CONTEXT('2D SPACE',''
  ) );
#6753 = ORIENTED_EDGE('',*,*,#6754,.F.);
#6754 = EDGE_CURVE('',#6549,#6725,#6755,.T.);
#6755 = SURFACE_CURVE('',#6756,(#6760,#6767),.PCURVE_S1.);
#6756 = LINE('',#6757,#6758);
#6757 = CARTESIAN_POINT('',(-0.125,-0.3,-2.88));
#6758 = VECTOR('',#6759,1.);
#6759 = DIRECTION('',(1.,0.,0.));
#6760 = PCURVE('',#6571,#6761);
#6761 = DEFINITIONAL_REPRESENTATION('',(#6762),#6766);
#6762 = LINE('',#6763,#6764);
#6763 = CARTESIAN_POINT('',(0.12,0.));
#6764 = VECTOR('',#6765,1.);
#6765 = DIRECTION('',(0.,1.));
#6766 = ( GEOMETRIC_REPRESENTATION_CONTEXT(2) 
PARAMETRIC_REPRESENTATION_CONTEXT() REPRESENTATION_CONTEXT('2D SPACE',''
  ) );
#6767 = PCURVE('',#6599,#6768);
#6768 = DEFINITIONAL_REPRESENTATION('',(#6769),#6773);
#6769 = LINE('',#6770,#6771);
#6770 = CARTESIAN_POINT('',(-0.,-8.485281374239E-02));
#6771 = VECTOR('',#6772,1.);
#6772 = DIRECTION('',(-1.,0.));
#6773 = ( GEOMETRIC_REPRESENTATION_CONTEXT(2) 
PARAMETRIC_REPRESENTATION_CONTEXT() REPRESENTATION_CONTEXT('2D SPACE',''
  ) );
#6774 = ORIENTED_EDGE('',*,*,#6548,.T.);
#6775 = ORIENTED_EDGE('',*,*,#6776,.T.);
#6776 = EDGE_CURVE('',#6551,#6727,#6777,.T.);
#6777 = SURFACE_CURVE('',#6778,(#6782,#6789),.PCURVE_S1.);
#6778 = LINE('',#6779,#6780);
#6779 = CARTESIAN_POINT('',(-0.125,-0.3,1.5));
#6780 = VECTOR('',#6781,1.);
#6781 = DIRECTION('',(1.,0.,0.));
#6782 = PCURVE('',#6571,#6783);
#6783 = DEFINITIONAL_REPRESENTATION('',(#6784),#6788);
#6784 = LINE('',#6785,#6786);
#6785 = CARTESIAN_POINT('',(4.5,0.));
#6786 = VECTOR('',#6787,1.);
#6787 = DIRECTION('',(0.,1.));
#6788 = ( GEOMETRIC_REPRESENTATION_CONTEXT(2) 
PARAMETRIC_REPRESENTATION_CONTEXT() REPRESENTATION_CONTEXT('2D SPACE',''
  ) );
#6789 = PCURVE('',#6709,#6790);
#6790 = DEFINITIONAL_REPRESENTATION('',(#6791),#6795);
#6791 = LINE('',#6792,#6793);
#6792 = CARTESIAN_POINT('',(0.,0.));
#6793 = VECTOR('',#6794,1.);
#6794 = DIRECTION('',(1.,0.));
#6795 = ( GEOMETRIC_REPRESENTATION_CONTEXT(2) 
PARAMETRIC_REPRESENTATION_CONTEXT() REPRESENTATION_CONTEXT('2D SPACE',''
  ) );
#6796 = ADVANCED_FACE('',(#6797),#6599,.T.);
#6797 = FACE_BOUND('',#6798,.F.);
#6798 = EDGE_LOOP('',(#6799,#6800,#6801,#6824));
#6799 = ORIENTED_EDGE('',*,*,#6583,.F.);
#6800 = ORIENTED_EDGE('',*,*,#6754,.T.);
#6801 = ORIENTED_EDGE('',*,*,#6802,.T.);
#6802 = EDGE_CURVE('',#6725,#6803,#6805,.T.);
#6803 = VERTEX_POINT('',#6804);
#6804 = CARTESIAN_POINT('',(0.125,-0.18,-3.));
#6805 = SURFACE_CURVE('',#6806,(#6810,#6817),.PCURVE_S1.);
#6806 = LINE('',#6807,#6808);
#6807 = CARTESIAN_POINT('',(0.125,-0.24,-2.94));
#6808 = VECTOR('',#6809,1.);
#6809 = DIRECTION('',(0.,0.707106781187,-0.707106781187));
#6810 = PCURVE('',#6599,#6811);
#6811 = DEFINITIONAL_REPRESENTATION('',(#6812),#6816);
#6812 = LINE('',#6813,#6814);
#6813 = CARTESIAN_POINT('',(-0.25,0.));
#6814 = VECTOR('',#6815,1.);
#6815 = DIRECTION('',(-0.,1.));
#6816 = ( GEOMETRIC_REPRESENTATION_CONTEXT(2) 
PARAMETRIC_REPRESENTATION_CONTEXT() REPRESENTATION_CONTEXT('2D SPACE',''
  ) );
#6817 = PCURVE('',#6742,#6818);
#6818 = DEFINITIONAL_REPRESENTATION('',(#6819),#6823);
#6819 = LINE('',#6820,#6821);
#6820 = CARTESIAN_POINT('',(6.E-02,-6.E-02));
#6821 = VECTOR('',#6822,1.);
#6822 = DIRECTION('',(-0.707106781187,-0.707106781187));
#6823 = ( GEOMETRIC_REPRESENTATION_CONTEXT(2) 
PARAMETRIC_REPRESENTATION_CONTEXT() REPRESENTATION_CONTEXT('2D SPACE',''
  ) );
#6824 = ORIENTED_EDGE('',*,*,#6825,.F.);
#6825 = EDGE_CURVE('',#6584,#6803,#6826,.T.);
#6826 = SURFACE_CURVE('',#6827,(#6831,#6838),.PCURVE_S1.);
#6827 = LINE('',#6828,#6829);
#6828 = CARTESIAN_POINT('',(-0.125,-0.18,-3.));
#6829 = VECTOR('',#6830,1.);
#6830 = DIRECTION('',(1.,0.,0.));
#6831 = PCURVE('',#6599,#6832);
#6832 = DEFINITIONAL_REPRESENTATION('',(#6833),#6837);
#6833 = LINE('',#6834,#6835);
#6834 = CARTESIAN_POINT('',(-0.,8.485281374239E-02));
#6835 = VECTOR('',#6836,1.);
#6836 = DIRECTION('',(-1.,0.));
#6837 = ( GEOMETRIC_REPRESENTATION_CONTEXT(2) 
PARAMETRIC_REPRESENTATION_CONTEXT() REPRESENTATION_CONTEXT('2D SPACE',''
  ) );
#6838 = PCURVE('',#6627,#6839);
#6839 = DEFINITIONAL_REPRESENTATION('',(#6840),#6844);
#6840 = LINE('',#6841,#6842);
#6841 = CARTESIAN_POINT('',(0.,0.12));
#6842 = VECTOR('',#6843,1.);
#6843 = DIRECTION('',(1.,0.));
#6844 = ( GEOMETRIC_REPRESENTATION_CONTEXT(2) 
PARAMETRIC_REPRESENTATION_CONTEXT() REPRESENTATION_CONTEXT('2D SPACE',''
  ) );
#6845 = ADVANCED_FACE('',(#6846),#6709,.T.);
#6846 = FACE_BOUND('',#6847,.T.);
#6847 = EDGE_LOOP('',(#6848,#6849,#6850,#6873));
#6848 = ORIENTED_EDGE('',*,*,#6695,.F.);
#6849 = ORIENTED_EDGE('',*,*,#6776,.T.);
#6850 = ORIENTED_EDGE('',*,*,#6851,.T.);
#6851 = EDGE_CURVE('',#6727,#6852,#6854,.T.);
#6852 = VERTEX_POINT('',#6853);
#6853 = CARTESIAN_POINT('',(0.125,0.3,1.5));
#6854 = SURFACE_CURVE('',#6855,(#6859,#6866),.PCURVE_S1.);
#6855 = LINE('',#6856,#6857);
#6856 = CARTESIAN_POINT('',(0.125,-0.3,1.5));
#6857 = VECTOR('',#6858,1.);
#6858 = DIRECTION('',(0.,1.,0.));
#6859 = PCURVE('',#6709,#6860);
#6860 = DEFINITIONAL_REPRESENTATION('',(#6861),#6865);
#6861 = LINE('',#6862,#6863);
#6862 = CARTESIAN_POINT('',(0.25,0.));
#6863 = VECTOR('',#6864,1.);
#6864 = DIRECTION('',(0.,1.));
#6865 = ( GEOMETRIC_REPRESENTATION_CONTEXT(2) 
PARAMETRIC_REPRESENTATION_CONTEXT() REPRESENTATION_CONTEXT('2D SPACE',''
  ) );
#6866 = PCURVE('',#6742,#6867);
#6867 = DEFINITIONAL_REPRESENTATION('',(#6868),#6872);
#6868 = LINE('',#6869,#6870);
#6869 = CARTESIAN_POINT('',(4.5,0.));
#6870 = VECTOR('',#6871,1.);
#6871 = DIRECTION('',(0.,-1.));
#6872 = ( GEOMETRIC_REPRESENTATION_CONTEXT(2) 
PARAMETRIC_REPRESENTATION_CONTEXT() REPRESENTATION_CONTEXT('2D SPACE',''
  ) );
#6873 = ORIENTED_EDGE('',*,*,#6874,.F.);
#6874 = EDGE_CURVE('',#6668,#6852,#6875,.T.);
#6875 = SURFACE_CURVE('',#6876,(#6880,#6887),.PCURVE_S1.);
#6876 = LINE('',#6877,#6878);
#6877 = CARTESIAN_POINT('',(-0.125,0.3,1.5));
#6878 = VECTOR('',#6879,1.);
#6879 = DIRECTION('',(1.,0.,0.));
#6880 = PCURVE('',#6709,#6881);
#6881 = DEFINITIONAL_REPRESENTATION('',(#6882),#6886);
#6882 = LINE('',#6883,#6884);
#6883 = CARTESIAN_POINT('',(0.,0.6));
#6884 = VECTOR('',#6885,1.);
#6885 = DIRECTION('',(1.,0.));
#6886 = ( GEOMETRIC_REPRESENTATION_CONTEXT(2) 
PARAMETRIC_REPRESENTATION_CONTEXT() REPRESENTATION_CONTEXT('2D SPACE',''
  ) );
#6887 = PCURVE('',#6683,#6888);
#6888 = DEFINITIONAL_REPRESENTATION('',(#6889),#6893);
#6889 = LINE('',#6890,#6891);
#6890 = CARTESIAN_POINT('',(4.5,0.));
#6891 = VECTOR('',#6892,1.);
#6892 = DIRECTION('',(0.,1.));
#6893 = ( GEOMETRIC_REPRESENTATION_CONTEXT(2) 
PARAMETRIC_REPRESENTATION_CONTEXT() REPRESENTATION_CONTEXT('2D SPACE',''
  ) );
#6894 = ADVANCED_FACE('',(#6895),#6627,.F.);
#6895 = FACE_BOUND('',#6896,.F.);
#6896 = EDGE_LOOP('',(#6897,#6898,#6899,#6922));
#6897 = ORIENTED_EDGE('',*,*,#6611,.F.);
#6898 = ORIENTED_EDGE('',*,*,#6825,.T.);
#6899 = ORIENTED_EDGE('',*,*,#6900,.T.);
#6900 = EDGE_CURVE('',#6803,#6901,#6903,.T.);
#6901 = VERTEX_POINT('',#6902);
#6902 = CARTESIAN_POINT('',(0.125,0.18,-3.));
#6903 = SURFACE_CURVE('',#6904,(#6908,#6915),.PCURVE_S1.);
#6904 = LINE('',#6905,#6906);
#6905 = CARTESIAN_POINT('',(0.125,-0.3,-3.));
#6906 = VECTOR('',#6907,1.);
#6907 = DIRECTION('',(0.,1.,0.));
#6908 = PCURVE('',#6627,#6909);
#6909 = DEFINITIONAL_REPRESENTATION('',(#6910),#6914);
#6910 = LINE('',#6911,#6912);
#6911 = CARTESIAN_POINT('',(0.25,0.));
#6912 = VECTOR('',#6913,1.);
#6913 = DIRECTION('',(0.,1.));
#6914 = ( GEOMETRIC_REPRESENTATION_CONTEXT(2) 
PARAMETRIC_REPRESENTATION_CONTEXT() REPRESENTATION_CONTEXT('2D SPACE',''
  ) );
#6915 = PCURVE('',#6742,#6916);
#6916 = DEFINITIONAL_REPRESENTATION('',(#6917),#6921);
#6917 = LINE('',#6918,#6919);
#6918 = CARTESIAN_POINT('',(0.,0.));
#6919 = VECTOR('',#6920,1.);
#6920 = DIRECTION('',(0.,-1.));
#6921 = ( GEOMETRIC_REPRESENTATION_CONTEXT(2) 
PARAMETRIC_REPRESENTATION_CONTEXT() REPRESENTATION_CONTEXT('2D SPACE',''
  ) );
#6922 = ORIENTED_EDGE('',*,*,#6923,.F.);
#6923 = EDGE_CURVE('',#6612,#6901,#6924,.T.);
#6924 = SURFACE_CURVE('',#6925,(#6929,#6936),.PCURVE_S1.);
#6925 = LINE('',#6926,#6927);
#6926 = CARTESIAN_POINT('',(-0.125,0.18,-3.));
#6927 = VECTOR('',#6928,1.);
#6928 = DIRECTION('',(1.,0.,0.));
#6929 = PCURVE('',#6627,#6930);
#6930 = DEFINITIONAL_REPRESENTATION('',(#6931),#6935);
#6931 = LINE('',#6932,#6933);
#6932 = CARTESIAN_POINT('',(0.,0.48));
#6933 = VECTOR('',#6934,1.);
#6934 = DIRECTION('',(1.,0.));
#6935 = ( GEOMETRIC_REPRESENTATION_CONTEXT(2) 
PARAMETRIC_REPRESENTATION_CONTEXT() REPRESENTATION_CONTEXT('2D SPACE',''
  ) );
#6936 = PCURVE('',#6655,#6937);
#6937 = DEFINITIONAL_REPRESENTATION('',(#6938),#6942);
#6938 = LINE('',#6939,#6940);
#6939 = CARTESIAN_POINT('',(-0.,8.485281374239E-02));
#6940 = VECTOR('',#6941,1.);
#6941 = DIRECTION('',(-1.,0.));
#6942 = ( GEOMETRIC_REPRESENTATION_CONTEXT(2) 
PARAMETRIC_REPRESENTATION_CONTEXT() REPRESENTATION_CONTEXT('2D SPACE',''
  ) );
#6943 = ADVANCED_FACE('',(#6944),#6683,.T.);
#6944 = FACE_BOUND('',#6945,.T.);
#6945 = EDGE_LOOP('',(#6946,#6969,#6990,#6991));
#6946 = ORIENTED_EDGE('',*,*,#6947,.F.);
#6947 = EDGE_CURVE('',#6948,#6852,#6950,.T.);
#6948 = VERTEX_POINT('',#6949);
#6949 = CARTESIAN_POINT('',(0.125,0.3,-2.88));
#6950 = SURFACE_CURVE('',#6951,(#6955,#6962),.PCURVE_S1.);
#6951 = LINE('',#6952,#6953);
#6952 = CARTESIAN_POINT('',(0.125,0.3,-3.));
#6953 = VECTOR('',#6954,1.);
#6954 = DIRECTION('',(0.,0.,1.));
#6955 = PCURVE('',#6683,#6956);
#6956 = DEFINITIONAL_REPRESENTATION('',(#6957),#6961);
#6957 = LINE('',#6958,#6959);
#6958 = CARTESIAN_POINT('',(0.,0.25));
#6959 = VECTOR('',#6960,1.);
#6960 = DIRECTION('',(1.,0.));
#6961 = ( GEOMETRIC_REPRESENTATION_CONTEXT(2) 
PARAMETRIC_REPRESENTATION_CONTEXT() REPRESENTATION_CONTEXT('2D SPACE',''
  ) );
#6962 = PCURVE('',#6742,#6963);
#6963 = DEFINITIONAL_REPRESENTATION('',(#6964),#6968);
#6964 = LINE('',#6965,#6966);
#6965 = CARTESIAN_POINT('',(0.,-0.6));
#6966 = VECTOR('',#6967,1.);
#6967 = DIRECTION('',(1.,0.));
#6968 = ( GEOMETRIC_REPRESENTATION_CONTEXT(2) 
PARAMETRIC_REPRESENTATION_CONTEXT() REPRESENTATION_CONTEXT('2D SPACE',''
  ) );
#6969 = ORIENTED_EDGE('',*,*,#6970,.F.);
#6970 = EDGE_CURVE('',#6640,#6948,#6971,.T.);
#6971 = SURFACE_CURVE('',#6972,(#6976,#6983),.PCURVE_S1.);
#6972 = LINE('',#6973,#6974);
#6973 = CARTESIAN_POINT('',(-0.125,0.3,-2.88));
#6974 = VECTOR('',#6975,1.);
#6975 = DIRECTION('',(1.,0.,0.));
#6976 = PCURVE('',#6683,#6977);
#6977 = DEFINITIONAL_REPRESENTATION('',(#6978),#6982);
#6978 = LINE('',#6979,#6980);
#6979 = CARTESIAN_POINT('',(0.12,0.));
#6980 = VECTOR('',#6981,1.);
#6981 = DIRECTION('',(0.,1.));
#6982 = ( GEOMETRIC_REPRESENTATION_CONTEXT(2) 
PARAMETRIC_REPRESENTATION_CONTEXT() REPRESENTATION_CONTEXT('2D SPACE',''
  ) );
#6983 = PCURVE('',#6655,#6984);
#6984 = DEFINITIONAL_REPRESENTATION('',(#6985),#6989);
#6985 = LINE('',#6986,#6987);
#6986 = CARTESIAN_POINT('',(-0.,-8.485281374239E-02));
#6987 = VECTOR('',#6988,1.);
#6988 = DIRECTION('',(-1.,0.));
#6989 = ( GEOMETRIC_REPRESENTATION_CONTEXT(2) 
PARAMETRIC_REPRESENTATION_CONTEXT() REPRESENTATION_CONTEXT('2D SPACE',''
  ) );
#6990 = ORIENTED_EDGE('',*,*,#6667,.T.);
#6991 = ORIENTED_EDGE('',*,*,#6874,.T.);
#6992 = ADVANCED_FACE('',(#6993),#6655,.F.);
#6993 = FACE_BOUND('',#6994,.T.);
#6994 = EDGE_LOOP('',(#6995,#6996,#6997,#7018));
#6995 = ORIENTED_EDGE('',*,*,#6639,.F.);
#6996 = ORIENTED_EDGE('',*,*,#6970,.T.);
#6997 = ORIENTED_EDGE('',*,*,#6998,.T.);
#6998 = EDGE_CURVE('',#6948,#6901,#6999,.T.);
#6999 = SURFACE_CURVE('',#7000,(#7004,#7011),.PCURVE_S1.);
#7000 = LINE('',#7001,#7002);
#7001 = CARTESIAN_POINT('',(0.125,9.E-02,-3.09));
#7002 = VECTOR('',#7003,1.);
#7003 = DIRECTION('',(0.,-0.707106781187,-0.707106781187));
#7004 = PCURVE('',#6655,#7005);
#7005 = DEFINITIONAL_REPRESENTATION('',(#7006),#7010);
#7006 = LINE('',#7007,#7008);
#7007 = CARTESIAN_POINT('',(-0.25,0.212132034356));
#7008 = VECTOR('',#7009,1.);
#7009 = DIRECTION('',(-0.,1.));
#7010 = ( GEOMETRIC_REPRESENTATION_CONTEXT(2) 
PARAMETRIC_REPRESENTATION_CONTEXT() REPRESENTATION_CONTEXT('2D SPACE',''
  ) );
#7011 = PCURVE('',#6742,#7012);
#7012 = DEFINITIONAL_REPRESENTATION('',(#7013),#7017);
#7013 = LINE('',#7014,#7015);
#7014 = CARTESIAN_POINT('',(-9.E-02,-0.39));
#7015 = VECTOR('',#7016,1.);
#7016 = DIRECTION('',(-0.707106781187,0.707106781187));
#7017 = ( GEOMETRIC_REPRESENTATION_CONTEXT(2) 
PARAMETRIC_REPRESENTATION_CONTEXT() REPRESENTATION_CONTEXT('2D SPACE',''
  ) );
#7018 = ORIENTED_EDGE('',*,*,#6923,.F.);
#7019 = ADVANCED_FACE('',(#7020),#6742,.T.);
#7020 = FACE_BOUND('',#7021,.T.);
#7021 = EDGE_LOOP('',(#7022,#7023,#7024,#7025,#7026,#7027));
#7022 = ORIENTED_EDGE('',*,*,#6724,.F.);
#7023 = ORIENTED_EDGE('',*,*,#6802,.T.);
#7024 = ORIENTED_EDGE('',*,*,#6900,.T.);
#7025 = ORIENTED_EDGE('',*,*,#6998,.F.);
#7026 = ORIENTED_EDGE('',*,*,#6947,.T.);
#7027 = ORIENTED_EDGE('',*,*,#6851,.F.);
#7028 = ( GEOMETRIC_REPRESENTATION_CONTEXT(3) 
GLOBAL_UNCERTAINTY_ASSIGNED_CONTEXT((#7032)) 
GLOBAL_UNIT_ASSIGNED_CONTEXT((#7029,#7030,#7031)) REPRESENTATION_CONTEXT
('Context #1','3D Context with UNIT and UNCERTAINTY') );
#7029 = ( LENGTH_UNIT() NAMED_UNIT(*) SI_UNIT(.MILLI.,.METRE.) );
#7030 = ( NAMED_UNIT(*) PLANE_ANGLE_UNIT() SI_UNIT($,.RADIAN.) );
#7031 = ( NAMED_UNIT(*) SI_UNIT($,.STERADIAN.) SOLID_ANGLE_UNIT() );
#7032 = UNCERTAINTY_MEASURE_WITH_UNIT(LENGTH_MEASURE(5.E-05),#7029,
  'distance_accuracy_value','confusion accuracy');
#7033 = CONTEXT_DEPENDENT_SHAPE_REPRESENTATION(#7034,#7036);
#7034 = ( REPRESENTATION_RELATIONSHIP('','',#6541,#10) 
REPRESENTATION_RELATIONSHIP_WITH_TRANSFORMATION(#7035) 
SHAPE_REPRESENTATION_RELATIONSHIP() );
#7035 = ITEM_DEFINED_TRANSFORMATION('','',#11,#27);
#7036 = PRODUCT_DEFINITION_SHAPE('Placement','Placement of an item',
  #7037);
#7037 = NEXT_ASSEMBLY_USAGE_OCCURRENCE('4','pin_1','',#5,#6536,$);
#7038 = PRODUCT_RELATED_PRODUCT_CATEGORY('part',$,(#6538));
#7039 = SHAPE_DEFINITION_REPRESENTATION(#7040,#7046);
#7040 = PRODUCT_DEFINITION_SHAPE('','',#7041);
#7041 = PRODUCT_DEFINITION('design','',#7042,#7045);
#7042 = PRODUCT_DEFINITION_FORMATION('','',#7043);
#7043 = PRODUCT('contact_2','contact_2','',(#7044));
#7044 = PRODUCT_CONTEXT('',#2,'mechanical');
#7045 = PRODUCT_DEFINITION_CONTEXT('part definition',#2,'design');
#7046 = ADVANCED_BREP_SHAPE_REPRESENTATION('',(#11,#7047),#7377);
#7047 = MANIFOLD_SOLID_BREP('',#7048);
#7048 = CLOSED_SHELL('',(#7049,#7169,#7269,#7316,#7363,#7370));
#7049 = ADVANCED_FACE('',(#7050),#7064,.F.);
#7050 = FACE_BOUND('',#7051,.F.);
#7051 = EDGE_LOOP('',(#7052,#7087,#7115,#7143));
#7052 = ORIENTED_EDGE('',*,*,#7053,.F.);
#7053 = EDGE_CURVE('',#7054,#7056,#7058,.T.);
#7054 = VERTEX_POINT('',#7055);
#7055 = CARTESIAN_POINT('',(5.61,-2.9,6.69));
#7056 = VERTEX_POINT('',#7057);
#7057 = CARTESIAN_POINT('',(5.61,-2.9,7.02));
#7058 = SURFACE_CURVE('',#7059,(#7063,#7075),.PCURVE_S1.);
#7059 = LINE('',#7060,#7061);
#7060 = CARTESIAN_POINT('',(5.61,-2.9,6.69));
#7061 = VECTOR('',#7062,1.);
#7062 = DIRECTION('',(0.,0.,1.));
#7063 = PCURVE('',#7064,#7069);
#7064 = PLANE('',#7065);
#7065 = AXIS2_PLACEMENT_3D('',#7066,#7067,#7068);
#7066 = CARTESIAN_POINT('',(5.61,-2.9,6.69));
#7067 = DIRECTION('',(1.,0.,0.));
#7068 = DIRECTION('',(0.,0.,1.));
#7069 = DEFINITIONAL_REPRESENTATION('',(#7070),#7074);
#7070 = LINE('',#7071,#7072);
#7071 = CARTESIAN_POINT('',(0.,0.));
#7072 = VECTOR('',#7073,1.);
#7073 = DIRECTION('',(1.,0.));
#7074 = ( GEOMETRIC_REPRESENTATION_CONTEXT(2) 
PARAMETRIC_REPRESENTATION_CONTEXT() REPRESENTATION_CONTEXT('2D SPACE',''
  ) );
#7075 = PCURVE('',#7076,#7081);
#7076 = PLANE('',#7077);
#7077 = AXIS2_PLACEMENT_3D('',#7078,#7079,#7080);
#7078 = CARTESIAN_POINT('',(5.61,-2.9,6.69));
#7079 = DIRECTION('',(0.,1.,0.));
#7080 = DIRECTION('',(0.,0.,1.));
#7081 = DEFINITIONAL_REPRESENTATION('',(#7082),#7086);
#7082 = LINE('',#7083,#7084);
#7083 = CARTESIAN_POINT('',(0.,0.));
#7084 = VECTOR('',#7085,1.);
#7085 = DIRECTION('',(1.,0.));
#7086 = ( GEOMETRIC_REPRESENTATION_CONTEXT(2) 
PARAMETRIC_REPRESENTATION_CONTEXT() REPRESENTATION_CONTEXT('2D SPACE',''
  ) );
#7087 = ORIENTED_EDGE('',*,*,#7088,.T.);
#7088 = EDGE_CURVE('',#7054,#7089,#7091,.T.);
#7089 = VERTEX_POINT('',#7090);
#7090 = CARTESIAN_POINT('',(5.61,-2.1,6.69));
#7091 = SURFACE_CURVE('',#7092,(#7096,#7103),.PCURVE_S1.);
#7092 = LINE('',#7093,#7094);
#7093 = CARTESIAN_POINT('',(5.61,-2.9,6.69));
#7094 = VECTOR('',#7095,1.);
#7095 = DIRECTION('',(0.,1.,0.));
#7096 = PCURVE('',#7064,#7097);
#7097 = DEFINITIONAL_REPRESENTATION('',(#7098),#7102);
#7098 = LINE('',#7099,#7100);
#7099 = CARTESIAN_POINT('',(0.,0.));
#7100 = VECTOR('',#7101,1.);
#7101 = DIRECTION('',(0.,-1.));
#7102 = ( GEOMETRIC_REPRESENTATION_CONTEXT(2) 
PARAMETRIC_REPRESENTATION_CONTEXT() REPRESENTATION_CONTEXT('2D SPACE',''
  ) );
#7103 = PCURVE('',#7104,#7109);
#7104 = PLANE('',#7105);
#7105 = AXIS2_PLACEMENT_3D('',#7106,#7107,#7108);
#7106 = CARTESIAN_POINT('',(5.61,-2.9,6.69));
#7107 = DIRECTION('',(0.,0.,1.));
#7108 = DIRECTION('',(1.,0.,0.));
#7109 = DEFINITIONAL_REPRESENTATION('',(#7110),#7114);
#7110 = LINE('',#7111,#7112);
#7111 = CARTESIAN_POINT('',(0.,0.));
#7112 = VECTOR('',#7113,1.);
#7113 = DIRECTION('',(0.,1.));
#7114 = ( GEOMETRIC_REPRESENTATION_CONTEXT(2) 
PARAMETRIC_REPRESENTATION_CONTEXT() REPRESENTATION_CONTEXT('2D SPACE',''
  ) );
#7115 = ORIENTED_EDGE('',*,*,#7116,.T.);
#7116 = EDGE_CURVE('',#7089,#7117,#7119,.T.);
#7117 = VERTEX_POINT('',#7118);
#7118 = CARTESIAN_POINT('',(5.61,-2.1,7.02));
#7119 = SURFACE_CURVE('',#7120,(#7124,#7131),.PCURVE_S1.);
#7120 = LINE('',#7121,#7122);
#7121 = CARTESIAN_POINT('',(5.61,-2.1,6.69));
#7122 = VECTOR('',#7123,1.);
#7123 = DIRECTION('',(0.,0.,1.));
#7124 = PCURVE('',#7064,#7125);
#7125 = DEFINITIONAL_REPRESENTATION('',(#7126),#7130);
#7126 = LINE('',#7127,#7128);
#7127 = CARTESIAN_POINT('',(0.,-0.8));
#7128 = VECTOR('',#7129,1.);
#7129 = DIRECTION('',(1.,0.));
#7130 = ( GEOMETRIC_REPRESENTATION_CONTEXT(2) 
PARAMETRIC_REPRESENTATION_CONTEXT() REPRESENTATION_CONTEXT('2D SPACE',''
  ) );
#7131 = PCURVE('',#7132,#7137);
#7132 = PLANE('',#7133);
#7133 = AXIS2_PLACEMENT_3D('',#7134,#7135,#7136);
#7134 = CARTESIAN_POINT('',(5.61,-2.1,6.69));
#7135 = DIRECTION('',(0.,1.,0.));
#7136 = DIRECTION('',(0.,0.,1.));
#7137 = DEFINITIONAL_REPRESENTATION('',(#7138),#7142);
#7138 = LINE('',#7139,#7140);
#7139 = CARTESIAN_POINT('',(0.,0.));
#7140 = VECTOR('',#7141,1.);
#7141 = DIRECTION('',(1.,0.));
#7142 = ( GEOMETRIC_REPRESENTATION_CONTEXT(2) 
PARAMETRIC_REPRESENTATION_CONTEXT() REPRESENTATION_CONTEXT('2D SPACE',''
  ) );
#7143 = ORIENTED_EDGE('',*,*,#7144,.F.);
#7144 = EDGE_CURVE('',#7056,#7117,#7145,.T.);
#7145 = SURFACE_CURVE('',#7146,(#7150,#7157),.PCURVE_S1.);
#7146 = LINE('',#7147,#7148);
#7147 = CARTESIAN_POINT('',(5.61,-2.9,7.02));
#7148 = VECTOR('',#7149,1.);
#7149 = DIRECTION('',(0.,1.,0.));
#7150 = PCURVE('',#7064,#7151);
#7151 = DEFINITIONAL_REPRESENTATION('',(#7152),#7156);
#7152 = LINE('',#7153,#7154);
#7153 = CARTESIAN_POINT('',(0.33,0.));
#7154 = VECTOR('',#7155,1.);
#7155 = DIRECTION('',(0.,-1.));
#7156 = ( GEOMETRIC_REPRESENTATION_CONTEXT(2) 
PARAMETRIC_REPRESENTATION_CONTEXT() REPRESENTATION_CONTEXT('2D SPACE',''
  ) );
#7157 = PCURVE('',#7158,#7163);
#7158 = PLANE('',#7159);
#7159 = AXIS2_PLACEMENT_3D('',#7160,#7161,#7162);
#7160 = CARTESIAN_POINT('',(5.61,-2.9,7.02));
#7161 = DIRECTION('',(0.,0.,1.));
#7162 = DIRECTION('',(1.,0.,0.));
#7163 = DEFINITIONAL_REPRESENTATION('',(#7164),#7168);
#7164 = LINE('',#7165,#7166);
#7165 = CARTESIAN_POINT('',(0.,0.));
#7166 = VECTOR('',#7167,1.);
#7167 = DIRECTION('',(0.,1.));
#7168 = ( GEOMETRIC_REPRESENTATION_CONTEXT(2) 
PARAMETRIC_REPRESENTATION_CONTEXT() REPRESENTATION_CONTEXT('2D SPACE',''
  ) );
#7169 = ADVANCED_FACE('',(#7170),#7184,.T.);
#7170 = FACE_BOUND('',#7171,.T.);
#7171 = EDGE_LOOP('',(#7172,#7202,#7225,#7248));
#7172 = ORIENTED_EDGE('',*,*,#7173,.F.);
#7173 = EDGE_CURVE('',#7174,#7176,#7178,.T.);
#7174 = VERTEX_POINT('',#7175);
#7175 = CARTESIAN_POINT('',(13.41,-2.9,6.69));
#7176 = VERTEX_POINT('',#7177);
#7177 = CARTESIAN_POINT('',(13.41,-2.9,7.02));
#7178 = SURFACE_CURVE('',#7179,(#7183,#7195),.PCURVE_S1.);
#7179 = LINE('',#7180,#7181);
#7180 = CARTESIAN_POINT('',(13.41,-2.9,6.69));
#7181 = VECTOR('',#7182,1.);
#7182 = DIRECTION('',(0.,0.,1.));
#7183 = PCURVE('',#7184,#7189);
#7184 = PLANE('',#7185);
#7185 = AXIS2_PLACEMENT_3D('',#7186,#7187,#7188);
#7186 = CARTESIAN_POINT('',(13.41,-2.9,6.69));
#7187 = DIRECTION('',(1.,0.,0.));
#7188 = DIRECTION('',(0.,0.,1.));
#7189 = DEFINITIONAL_REPRESENTATION('',(#7190),#7194);
#7190 = LINE('',#7191,#7192);
#7191 = CARTESIAN_POINT('',(0.,0.));
#7192 = VECTOR('',#7193,1.);
#7193 = DIRECTION('',(1.,0.));
#7194 = ( GEOMETRIC_REPRESENTATION_CONTEXT(2) 
PARAMETRIC_REPRESENTATION_CONTEXT() REPRESENTATION_CONTEXT('2D SPACE',''
  ) );
#7195 = PCURVE('',#7076,#7196);
#7196 = DEFINITIONAL_REPRESENTATION('',(#7197),#7201);
#7197 = LINE('',#7198,#7199);
#7198 = CARTESIAN_POINT('',(0.,7.8));
#7199 = VECTOR('',#7200,1.);
#7200 = DIRECTION('',(1.,0.));
#7201 = ( GEOMETRIC_REPRESENTATION_CONTEXT(2) 
PARAMETRIC_REPRESENTATION_CONTEXT() REPRESENTATION_CONTEXT('2D SPACE',''
  ) );
#7202 = ORIENTED_EDGE('',*,*,#7203,.T.);
#7203 = EDGE_CURVE('',#7174,#7204,#7206,.T.);
#7204 = VERTEX_POINT('',#7205);
#7205 = CARTESIAN_POINT('',(13.41,-2.1,6.69));
#7206 = SURFACE_CURVE('',#7207,(#7211,#7218),.PCURVE_S1.);
#7207 = LINE('',#7208,#7209);
#7208 = CARTESIAN_POINT('',(13.41,-2.9,6.69));
#7209 = VECTOR('',#7210,1.);
#7210 = DIRECTION('',(0.,1.,0.));
#7211 = PCURVE('',#7184,#7212);
#7212 = DEFINITIONAL_REPRESENTATION('',(#7213),#7217);
#7213 = LINE('',#7214,#7215);
#7214 = CARTESIAN_POINT('',(0.,0.));
#7215 = VECTOR('',#7216,1.);
#7216 = DIRECTION('',(0.,-1.));
#7217 = ( GEOMETRIC_REPRESENTATION_CONTEXT(2) 
PARAMETRIC_REPRESENTATION_CONTEXT() REPRESENTATION_CONTEXT('2D SPACE',''
  ) );
#7218 = PCURVE('',#7104,#7219);
#7219 = DEFINITIONAL_REPRESENTATION('',(#7220),#7224);
#7220 = LINE('',#7221,#7222);
#7221 = CARTESIAN_POINT('',(7.8,0.));
#7222 = VECTOR('',#7223,1.);
#7223 = DIRECTION('',(0.,1.));
#7224 = ( GEOMETRIC_REPRESENTATION_CONTEXT(2) 
PARAMETRIC_REPRESENTATION_CONTEXT() REPRESENTATION_CONTEXT('2D SPACE',''
  ) );
#7225 = ORIENTED_EDGE('',*,*,#7226,.T.);
#7226 = EDGE_CURVE('',#7204,#7227,#7229,.T.);
#7227 = VERTEX_POINT('',#7228);
#7228 = CARTESIAN_POINT('',(13.41,-2.1,7.02));
#7229 = SURFACE_CURVE('',#7230,(#7234,#7241),.PCURVE_S1.);
#7230 = LINE('',#7231,#7232);
#7231 = CARTESIAN_POINT('',(13.41,-2.1,6.69));
#7232 = VECTOR('',#7233,1.);
#7233 = DIRECTION('',(0.,0.,1.));
#7234 = PCURVE('',#7184,#7235);
#7235 = DEFINITIONAL_REPRESENTATION('',(#7236),#7240);
#7236 = LINE('',#7237,#7238);
#7237 = CARTESIAN_POINT('',(0.,-0.8));
#7238 = VECTOR('',#7239,1.);
#7239 = DIRECTION('',(1.,0.));
#7240 = ( GEOMETRIC_REPRESENTATION_CONTEXT(2) 
PARAMETRIC_REPRESENTATION_CONTEXT() REPRESENTATION_CONTEXT('2D SPACE',''
  ) );
#7241 = PCURVE('',#7132,#7242);
#7242 = DEFINITIONAL_REPRESENTATION('',(#7243),#7247);
#7243 = LINE('',#7244,#7245);
#7244 = CARTESIAN_POINT('',(0.,7.8));
#7245 = VECTOR('',#7246,1.);
#7246 = DIRECTION('',(1.,0.));
#7247 = ( GEOMETRIC_REPRESENTATION_CONTEXT(2) 
PARAMETRIC_REPRESENTATION_CONTEXT() REPRESENTATION_CONTEXT('2D SPACE',''
  ) );
#7248 = ORIENTED_EDGE('',*,*,#7249,.F.);
#7249 = EDGE_CURVE('',#7176,#7227,#7250,.T.);
#7250 = SURFACE_CURVE('',#7251,(#7255,#7262),.PCURVE_S1.);
#7251 = LINE('',#7252,#7253);
#7252 = CARTESIAN_POINT('',(13.41,-2.9,7.02));
#7253 = VECTOR('',#7254,1.);
#7254 = DIRECTION('',(0.,1.,0.));
#7255 = PCURVE('',#7184,#7256);
#7256 = DEFINITIONAL_REPRESENTATION('',(#7257),#7261);
#7257 = LINE('',#7258,#7259);
#7258 = CARTESIAN_POINT('',(0.33,0.));
#7259 = VECTOR('',#7260,1.);
#7260 = DIRECTION('',(0.,-1.));
#7261 = ( GEOMETRIC_REPRESENTATION_CONTEXT(2) 
PARAMETRIC_REPRESENTATION_CONTEXT() REPRESENTATION_CONTEXT('2D SPACE',''
  ) );
#7262 = PCURVE('',#7158,#7263);
#7263 = DEFINITIONAL_REPRESENTATION('',(#7264),#7268);
#7264 = LINE('',#7265,#7266);
#7265 = CARTESIAN_POINT('',(7.8,0.));
#7266 = VECTOR('',#7267,1.);
#7267 = DIRECTION('',(0.,1.));
#7268 = ( GEOMETRIC_REPRESENTATION_CONTEXT(2) 
PARAMETRIC_REPRESENTATION_CONTEXT() REPRESENTATION_CONTEXT('2D SPACE',''
  ) );
#7269 = ADVANCED_FACE('',(#7270),#7076,.F.);
#7270 = FACE_BOUND('',#7271,.F.);
#7271 = EDGE_LOOP('',(#7272,#7293,#7294,#7315));
#7272 = ORIENTED_EDGE('',*,*,#7273,.F.);
#7273 = EDGE_CURVE('',#7054,#7174,#7274,.T.);
#7274 = SURFACE_CURVE('',#7275,(#7279,#7286),.PCURVE_S1.);
#7275 = LINE('',#7276,#7277);
#7276 = CARTESIAN_POINT('',(5.61,-2.9,6.69));
#7277 = VECTOR('',#7278,1.);
#7278 = DIRECTION('',(1.,0.,0.));
#7279 = PCURVE('',#7076,#7280);
#7280 = DEFINITIONAL_REPRESENTATION('',(#7281),#7285);
#7281 = LINE('',#7282,#7283);
#7282 = CARTESIAN_POINT('',(0.,0.));
#7283 = VECTOR('',#7284,1.);
#7284 = DIRECTION('',(0.,1.));
#7285 = ( GEOMETRIC_REPRESENTATION_CONTEXT(2) 
PARAMETRIC_REPRESENTATION_CONTEXT() REPRESENTATION_CONTEXT('2D SPACE',''
  ) );
#7286 = PCURVE('',#7104,#7287);
#7287 = DEFINITIONAL_REPRESENTATION('',(#7288),#7292);
#7288 = LINE('',#7289,#7290);
#7289 = CARTESIAN_POINT('',(0.,0.));
#7290 = VECTOR('',#7291,1.);
#7291 = DIRECTION('',(1.,0.));
#7292 = ( GEOMETRIC_REPRESENTATION_CONTEXT(2) 
PARAMETRIC_REPRESENTATION_CONTEXT() REPRESENTATION_CONTEXT('2D SPACE',''
  ) );
#7293 = ORIENTED_EDGE('',*,*,#7053,.T.);
#7294 = ORIENTED_EDGE('',*,*,#7295,.T.);
#7295 = EDGE_CURVE('',#7056,#7176,#7296,.T.);
#7296 = SURFACE_CURVE('',#7297,(#7301,#7308),.PCURVE_S1.);
#7297 = LINE('',#7298,#7299);
#7298 = CARTESIAN_POINT('',(5.61,-2.9,7.02));
#7299 = VECTOR('',#7300,1.);
#7300 = DIRECTION('',(1.,0.,0.));
#7301 = PCURVE('',#7076,#7302);
#7302 = DEFINITIONAL_REPRESENTATION('',(#7303),#7307);
#7303 = LINE('',#7304,#7305);
#7304 = CARTESIAN_POINT('',(0.33,0.));
#7305 = VECTOR('',#7306,1.);
#7306 = DIRECTION('',(0.,1.));
#7307 = ( GEOMETRIC_REPRESENTATION_CONTEXT(2) 
PARAMETRIC_REPRESENTATION_CONTEXT() REPRESENTATION_CONTEXT('2D SPACE',''
  ) );
#7308 = PCURVE('',#7158,#7309);
#7309 = DEFINITIONAL_REPRESENTATION('',(#7310),#7314);
#7310 = LINE('',#7311,#7312);
#7311 = CARTESIAN_POINT('',(0.,0.));
#7312 = VECTOR('',#7313,1.);
#7313 = DIRECTION('',(1.,0.));
#7314 = ( GEOMETRIC_REPRESENTATION_CONTEXT(2) 
PARAMETRIC_REPRESENTATION_CONTEXT() REPRESENTATION_CONTEXT('2D SPACE',''
  ) );
#7315 = ORIENTED_EDGE('',*,*,#7173,.F.);
#7316 = ADVANCED_FACE('',(#7317),#7132,.T.);
#7317 = FACE_BOUND('',#7318,.T.);
#7318 = EDGE_LOOP('',(#7319,#7340,#7341,#7362));
#7319 = ORIENTED_EDGE('',*,*,#7320,.F.);
#7320 = EDGE_CURVE('',#7089,#7204,#7321,.T.);
#7321 = SURFACE_CURVE('',#7322,(#7326,#7333),.PCURVE_S1.);
#7322 = LINE('',#7323,#7324);
#7323 = CARTESIAN_POINT('',(5.61,-2.1,6.69));
#7324 = VECTOR('',#7325,1.);
#7325 = DIRECTION('',(1.,0.,0.));
#7326 = PCURVE('',#7132,#7327);
#7327 = DEFINITIONAL_REPRESENTATION('',(#7328),#7332);
#7328 = LINE('',#7329,#7330);
#7329 = CARTESIAN_POINT('',(0.,0.));
#7330 = VECTOR('',#7331,1.);
#7331 = DIRECTION('',(0.,1.));
#7332 = ( GEOMETRIC_REPRESENTATION_CONTEXT(2) 
PARAMETRIC_REPRESENTATION_CONTEXT() REPRESENTATION_CONTEXT('2D SPACE',''
  ) );
#7333 = PCURVE('',#7104,#7334);
#7334 = DEFINITIONAL_REPRESENTATION('',(#7335),#7339);
#7335 = LINE('',#7336,#7337);
#7336 = CARTESIAN_POINT('',(0.,0.8));
#7337 = VECTOR('',#7338,1.);
#7338 = DIRECTION('',(1.,0.));
#7339 = ( GEOMETRIC_REPRESENTATION_CONTEXT(2) 
PARAMETRIC_REPRESENTATION_CONTEXT() REPRESENTATION_CONTEXT('2D SPACE',''
  ) );
#7340 = ORIENTED_EDGE('',*,*,#7116,.T.);
#7341 = ORIENTED_EDGE('',*,*,#7342,.T.);
#7342 = EDGE_CURVE('',#7117,#7227,#7343,.T.);
#7343 = SURFACE_CURVE('',#7344,(#7348,#7355),.PCURVE_S1.);
#7344 = LINE('',#7345,#7346);
#7345 = CARTESIAN_POINT('',(5.61,-2.1,7.02));
#7346 = VECTOR('',#7347,1.);
#7347 = DIRECTION('',(1.,0.,0.));
#7348 = PCURVE('',#7132,#7349);
#7349 = DEFINITIONAL_REPRESENTATION('',(#7350),#7354);
#7350 = LINE('',#7351,#7352);
#7351 = CARTESIAN_POINT('',(0.33,0.));
#7352 = VECTOR('',#7353,1.);
#7353 = DIRECTION('',(0.,1.));
#7354 = ( GEOMETRIC_REPRESENTATION_CONTEXT(2) 
PARAMETRIC_REPRESENTATION_CONTEXT() REPRESENTATION_CONTEXT('2D SPACE',''
  ) );
#7355 = PCURVE('',#7158,#7356);
#7356 = DEFINITIONAL_REPRESENTATION('',(#7357),#7361);
#7357 = LINE('',#7358,#7359);
#7358 = CARTESIAN_POINT('',(0.,0.8));
#7359 = VECTOR('',#7360,1.);
#7360 = DIRECTION('',(1.,0.));
#7361 = ( GEOMETRIC_REPRESENTATION_CONTEXT(2) 
PARAMETRIC_REPRESENTATION_CONTEXT() REPRESENTATION_CONTEXT('2D SPACE',''
  ) );
#7362 = ORIENTED_EDGE('',*,*,#7226,.F.);
#7363 = ADVANCED_FACE('',(#7364),#7104,.F.);
#7364 = FACE_BOUND('',#7365,.F.);
#7365 = EDGE_LOOP('',(#7366,#7367,#7368,#7369));
#7366 = ORIENTED_EDGE('',*,*,#7088,.F.);
#7367 = ORIENTED_EDGE('',*,*,#7273,.T.);
#7368 = ORIENTED_EDGE('',*,*,#7203,.T.);
#7369 = ORIENTED_EDGE('',*,*,#7320,.F.);
#7370 = ADVANCED_FACE('',(#7371),#7158,.T.);
#7371 = FACE_BOUND('',#7372,.T.);
#7372 = EDGE_LOOP('',(#7373,#7374,#7375,#7376));
#7373 = ORIENTED_EDGE('',*,*,#7144,.F.);
#7374 = ORIENTED_EDGE('',*,*,#7295,.T.);
#7375 = ORIENTED_EDGE('',*,*,#7249,.T.);
#7376 = ORIENTED_EDGE('',*,*,#7342,.F.);
#7377 = ( GEOMETRIC_REPRESENTATION_CONTEXT(3) 
GLOBAL_UNCERTAINTY_ASSIGNED_CONTEXT((#7381)) 
GLOBAL_UNIT_ASSIGNED_CONTEXT((#7378,#7379,#7380)) REPRESENTATION_CONTEXT
('Context #1','3D Context with UNIT and UNCERTAINTY') );
#7378 = ( LENGTH_UNIT() NAMED_UNIT(*) SI_UNIT(.MILLI.,.METRE.) );
#7379 = ( NAMED_UNIT(*) PLANE_ANGLE_UNIT() SI_UNIT($,.RADIAN.) );
#7380 = ( NAMED_UNIT(*) SI_UNIT($,.STERADIAN.) SOLID_ANGLE_UNIT() );
#7381 = UNCERTAINTY_MEASURE_WITH_UNIT(LENGTH_MEASURE(1.E-07),#7378,
  'distance_accuracy_value','confusion accuracy');
#7382 = CONTEXT_DEPENDENT_SHAPE_REPRESENTATION(#7383,#7385);
#7383 = ( REPRESENTATION_RELATIONSHIP('','',#7046,#10) 
REPRESENTATION_RELATIONSHIP_WITH_TRANSFORMATION(#7384) 
SHAPE_REPRESENTATION_RELATIONSHIP() );
#7384 = ITEM_DEFINED_TRANSFORMATION('','',#11,#31);
#7385 = PRODUCT_DEFINITION_SHAPE('Placement','Placement of an item',
  #7386);
#7386 = NEXT_ASSEMBLY_USAGE_OCCURRENCE('5','contact_2','',#5,#7041,$);
#7387 = PRODUCT_RELATED_PRODUCT_CATEGORY('part',$,(#7043));
#7388 = SHAPE_DEFINITION_REPRESENTATION(#7389,#7395);
#7389 = PRODUCT_DEFINITION_SHAPE('','',#7390);
#7390 = PRODUCT_DEFINITION('design','',#7391,#7394);
#7391 = PRODUCT_DEFINITION_FORMATION('','',#7392);
#7392 = PRODUCT('pin_2','pin_2','',(#7393));
#7393 = PRODUCT_CONTEXT('',#2,'mechanical');
#7394 = PRODUCT_DEFINITION_CONTEXT('part definition',#2,'design');
#7395 = ADVANCED_BREP_SHAPE_REPRESENTATION('',(#11,#7396),#7882);
#7396 = MANIFOLD_SOLID_BREP('',#7397);
#7397 = CLOSED_SHELL('',(#7398,#7574,#7650,#7699,#7748,#7797,#7846,#7873
    ));
#7398 = ADVANCED_FACE('',(#7399),#7413,.F.);
#7399 = FACE_BOUND('',#7400,.F.);
#7400 = EDGE_LOOP('',(#7401,#7436,#7464,#7492,#7520,#7548));
#7401 = ORIENTED_EDGE('',*,*,#7402,.F.);
#7402 = EDGE_CURVE('',#7403,#7405,#7407,.T.);
#7403 = VERTEX_POINT('',#7404);
#7404 = CARTESIAN_POINT('',(-0.125,-2.8,-2.88));
#7405 = VERTEX_POINT('',#7406);
#7406 = CARTESIAN_POINT('',(-0.125,-2.8,1.5));
#7407 = SURFACE_CURVE('',#7408,(#7412,#7424),.PCURVE_S1.);
#7408 = LINE('',#7409,#7410);
#7409 = CARTESIAN_POINT('',(-0.125,-2.8,-3.));
#7410 = VECTOR('',#7411,1.);
#7411 = DIRECTION('',(0.,0.,1.));
#7412 = PCURVE('',#7413,#7418);
#7413 = PLANE('',#7414);
#7414 = AXIS2_PLACEMENT_3D('',#7415,#7416,#7417);
#7415 = CARTESIAN_POINT('',(-0.125,-2.8,-3.));
#7416 = DIRECTION('',(1.,0.,0.));
#7417 = DIRECTION('',(0.,0.,1.));
#7418 = DEFINITIONAL_REPRESENTATION('',(#7419),#7423);
#7419 = LINE('',#7420,#7421);
#7420 = CARTESIAN_POINT('',(0.,0.));
#7421 = VECTOR('',#7422,1.);
#7422 = DIRECTION('',(1.,0.));
#7423 = ( GEOMETRIC_REPRESENTATION_CONTEXT(2) 
PARAMETRIC_REPRESENTATION_CONTEXT() REPRESENTATION_CONTEXT('2D SPACE',''
  ) );
#7424 = PCURVE('',#7425,#7430);
#7425 = PLANE('',#7426);
#7426 = AXIS2_PLACEMENT_3D('',#7427,#7428,#7429);
#7427 = CARTESIAN_POINT('',(-0.125,-2.8,-3.));
#7428 = DIRECTION('',(0.,1.,0.));
#7429 = DIRECTION('',(0.,0.,1.));
#7430 = DEFINITIONAL_REPRESENTATION('',(#7431),#7435);
#7431 = LINE('',#7432,#7433);
#7432 = CARTESIAN_POINT('',(0.,0.));
#7433 = VECTOR('',#7434,1.);
#7434 = DIRECTION('',(1.,0.));
#7435 = ( GEOMETRIC_REPRESENTATION_CONTEXT(2) 
PARAMETRIC_REPRESENTATION_CONTEXT() REPRESENTATION_CONTEXT('2D SPACE',''
  ) );
#7436 = ORIENTED_EDGE('',*,*,#7437,.T.);
#7437 = EDGE_CURVE('',#7403,#7438,#7440,.T.);
#7438 = VERTEX_POINT('',#7439);
#7439 = CARTESIAN_POINT('',(-0.125,-2.68,-3.));
#7440 = SURFACE_CURVE('',#7441,(#7445,#7452),.PCURVE_S1.);
#7441 = LINE('',#7442,#7443);
#7442 = CARTESIAN_POINT('',(-0.125,-2.74,-2.94));
#7443 = VECTOR('',#7444,1.);
#7444 = DIRECTION('',(0.,0.707106781187,-0.707106781187));
#7445 = PCURVE('',#7413,#7446);
#7446 = DEFINITIONAL_REPRESENTATION('',(#7447),#7451);
#7447 = LINE('',#7448,#7449);
#7448 = CARTESIAN_POINT('',(6.E-02,-6.E-02));
#7449 = VECTOR('',#7450,1.);
#7450 = DIRECTION('',(-0.707106781187,-0.707106781187));
#7451 = ( GEOMETRIC_REPRESENTATION_CONTEXT(2) 
PARAMETRIC_REPRESENTATION_CONTEXT() REPRESENTATION_CONTEXT('2D SPACE',''
  ) );
#7452 = PCURVE('',#7453,#7458);
#7453 = PLANE('',#7454);
#7454 = AXIS2_PLACEMENT_3D('',#7455,#7456,#7457);
#7455 = CARTESIAN_POINT('',(-0.125,-2.74,-2.94));
#7456 = DIRECTION('',(0.,-0.707106781187,-0.707106781187));
#7457 = DIRECTION('',(-1.,-0.,-0.));
#7458 = DEFINITIONAL_REPRESENTATION('',(#7459),#7463);
#7459 = LINE('',#7460,#7461);
#7460 = CARTESIAN_POINT('',(-0.,0.));
#7461 = VECTOR('',#7462,1.);
#7462 = DIRECTION('',(-0.,1.));
#7463 = ( GEOMETRIC_REPRESENTATION_CONTEXT(2) 
PARAMETRIC_REPRESENTATION_CONTEXT() REPRESENTATION_CONTEXT('2D SPACE',''
  ) );
#7464 = ORIENTED_EDGE('',*,*,#7465,.T.);
#7465 = EDGE_CURVE('',#7438,#7466,#7468,.T.);
#7466 = VERTEX_POINT('',#7467);
#7467 = CARTESIAN_POINT('',(-0.125,-2.32,-3.));
#7468 = SURFACE_CURVE('',#7469,(#7473,#7480),.PCURVE_S1.);
#7469 = LINE('',#7470,#7471);
#7470 = CARTESIAN_POINT('',(-0.125,-2.8,-3.));
#7471 = VECTOR('',#7472,1.);
#7472 = DIRECTION('',(0.,1.,0.));
#7473 = PCURVE('',#7413,#7474);
#7474 = DEFINITIONAL_REPRESENTATION('',(#7475),#7479);
#7475 = LINE('',#7476,#7477);
#7476 = CARTESIAN_POINT('',(0.,0.));
#7477 = VECTOR('',#7478,1.);
#7478 = DIRECTION('',(0.,-1.));
#7479 = ( GEOMETRIC_REPRESENTATION_CONTEXT(2) 
PARAMETRIC_REPRESENTATION_CONTEXT() REPRESENTATION_CONTEXT('2D SPACE',''
  ) );
#7480 = PCURVE('',#7481,#7486);
#7481 = PLANE('',#7482);
#7482 = AXIS2_PLACEMENT_3D('',#7483,#7484,#7485);
#7483 = CARTESIAN_POINT('',(-0.125,-2.8,-3.));
#7484 = DIRECTION('',(0.,0.,1.));
#7485 = DIRECTION('',(1.,0.,0.));
#7486 = DEFINITIONAL_REPRESENTATION('',(#7487),#7491);
#7487 = LINE('',#7488,#7489);
#7488 = CARTESIAN_POINT('',(0.,0.));
#7489 = VECTOR('',#7490,1.);
#7490 = DIRECTION('',(0.,1.));
#7491 = ( GEOMETRIC_REPRESENTATION_CONTEXT(2) 
PARAMETRIC_REPRESENTATION_CONTEXT() REPRESENTATION_CONTEXT('2D SPACE',''
  ) );
#7492 = ORIENTED_EDGE('',*,*,#7493,.F.);
#7493 = EDGE_CURVE('',#7494,#7466,#7496,.T.);
#7494 = VERTEX_POINT('',#7495);
#7495 = CARTESIAN_POINT('',(-0.125,-2.2,-2.88));
#7496 = SURFACE_CURVE('',#7497,(#7501,#7508),.PCURVE_S1.);
#7497 = LINE('',#7498,#7499);
#7498 = CARTESIAN_POINT('',(-0.125,-2.41,-3.09));
#7499 = VECTOR('',#7500,1.);
#7500 = DIRECTION('',(0.,-0.707106781187,-0.707106781187));
#7501 = PCURVE('',#7413,#7502);
#7502 = DEFINITIONAL_REPRESENTATION('',(#7503),#7507);
#7503 = LINE('',#7504,#7505);
#7504 = CARTESIAN_POINT('',(-9.E-02,-0.39));
#7505 = VECTOR('',#7506,1.);
#7506 = DIRECTION('',(-0.707106781187,0.707106781187));
#7507 = ( GEOMETRIC_REPRESENTATION_CONTEXT(2) 
PARAMETRIC_REPRESENTATION_CONTEXT() REPRESENTATION_CONTEXT('2D SPACE',''
  ) );
#7508 = PCURVE('',#7509,#7514);
#7509 = PLANE('',#7510);
#7510 = AXIS2_PLACEMENT_3D('',#7511,#7512,#7513);
#7511 = CARTESIAN_POINT('',(-0.125,-2.26,-2.94));
#7512 = DIRECTION('',(0.,-0.707106781187,0.707106781187));
#7513 = DIRECTION('',(-1.,-0.,-0.));
#7514 = DEFINITIONAL_REPRESENTATION('',(#7515),#7519);
#7515 = LINE('',#7516,#7517);
#7516 = CARTESIAN_POINT('',(-0.,0.212132034356));
#7517 = VECTOR('',#7518,1.);
#7518 = DIRECTION('',(-0.,1.));
#7519 = ( GEOMETRIC_REPRESENTATION_CONTEXT(2) 
PARAMETRIC_REPRESENTATION_CONTEXT() REPRESENTATION_CONTEXT('2D SPACE',''
  ) );
#7520 = ORIENTED_EDGE('',*,*,#7521,.T.);
#7521 = EDGE_CURVE('',#7494,#7522,#7524,.T.);
#7522 = VERTEX_POINT('',#7523);
#7523 = CARTESIAN_POINT('',(-0.125,-2.2,1.5));
#7524 = SURFACE_CURVE('',#7525,(#7529,#7536),.PCURVE_S1.);
#7525 = LINE('',#7526,#7527);
#7526 = CARTESIAN_POINT('',(-0.125,-2.2,-3.));
#7527 = VECTOR('',#7528,1.);
#7528 = DIRECTION('',(0.,0.,1.));
#7529 = PCURVE('',#7413,#7530);
#7530 = DEFINITIONAL_REPRESENTATION('',(#7531),#7535);
#7531 = LINE('',#7532,#7533);
#7532 = CARTESIAN_POINT('',(0.,-0.6));
#7533 = VECTOR('',#7534,1.);
#7534 = DIRECTION('',(1.,0.));
#7535 = ( GEOMETRIC_REPRESENTATION_CONTEXT(2) 
PARAMETRIC_REPRESENTATION_CONTEXT() REPRESENTATION_CONTEXT('2D SPACE',''
  ) );
#7536 = PCURVE('',#7537,#7542);
#7537 = PLANE('',#7538);
#7538 = AXIS2_PLACEMENT_3D('',#7539,#7540,#7541);
#7539 = CARTESIAN_POINT('',(-0.125,-2.2,-3.));
#7540 = DIRECTION('',(0.,1.,0.));
#7541 = DIRECTION('',(0.,0.,1.));
#7542 = DEFINITIONAL_REPRESENTATION('',(#7543),#7547);
#7543 = LINE('',#7544,#7545);
#7544 = CARTESIAN_POINT('',(0.,0.));
#7545 = VECTOR('',#7546,1.);
#7546 = DIRECTION('',(1.,0.));
#7547 = ( GEOMETRIC_REPRESENTATION_CONTEXT(2) 
PARAMETRIC_REPRESENTATION_CONTEXT() REPRESENTATION_CONTEXT('2D SPACE',''
  ) );
#7548 = ORIENTED_EDGE('',*,*,#7549,.F.);
#7549 = EDGE_CURVE('',#7405,#7522,#7550,.T.);
#7550 = SURFACE_CURVE('',#7551,(#7555,#7562),.PCURVE_S1.);
#7551 = LINE('',#7552,#7553);
#7552 = CARTESIAN_POINT('',(-0.125,-2.8,1.5));
#7553 = VECTOR('',#7554,1.);
#7554 = DIRECTION('',(0.,1.,0.));
#7555 = PCURVE('',#7413,#7556);
#7556 = DEFINITIONAL_REPRESENTATION('',(#7557),#7561);
#7557 = LINE('',#7558,#7559);
#7558 = CARTESIAN_POINT('',(4.5,0.));
#7559 = VECTOR('',#7560,1.);
#7560 = DIRECTION('',(0.,-1.));
#7561 = ( GEOMETRIC_REPRESENTATION_CONTEXT(2) 
PARAMETRIC_REPRESENTATION_CONTEXT() REPRESENTATION_CONTEXT('2D SPACE',''
  ) );
#7562 = PCURVE('',#7563,#7568);
#7563 = PLANE('',#7564);
#7564 = AXIS2_PLACEMENT_3D('',#7565,#7566,#7567);
#7565 = CARTESIAN_POINT('',(-0.125,-2.8,1.5));
#7566 = DIRECTION('',(0.,0.,1.));
#7567 = DIRECTION('',(1.,0.,0.));
#7568 = DEFINITIONAL_REPRESENTATION('',(#7569),#7573);
#7569 = LINE('',#7570,#7571);
#7570 = CARTESIAN_POINT('',(0.,0.));
#7571 = VECTOR('',#7572,1.);
#7572 = DIRECTION('',(0.,1.));
#7573 = ( GEOMETRIC_REPRESENTATION_CONTEXT(2) 
PARAMETRIC_REPRESENTATION_CONTEXT() REPRESENTATION_CONTEXT('2D SPACE',''
  ) );
#7574 = ADVANCED_FACE('',(#7575),#7425,.F.);
#7575 = FACE_BOUND('',#7576,.F.);
#7576 = EDGE_LOOP('',(#7577,#7607,#7628,#7629));
#7577 = ORIENTED_EDGE('',*,*,#7578,.F.);
#7578 = EDGE_CURVE('',#7579,#7581,#7583,.T.);
#7579 = VERTEX_POINT('',#7580);
#7580 = CARTESIAN_POINT('',(0.125,-2.8,-2.88));
#7581 = VERTEX_POINT('',#7582);
#7582 = CARTESIAN_POINT('',(0.125,-2.8,1.5));
#7583 = SURFACE_CURVE('',#7584,(#7588,#7595),.PCURVE_S1.);
#7584 = LINE('',#7585,#7586);
#7585 = CARTESIAN_POINT('',(0.125,-2.8,-3.));
#7586 = VECTOR('',#7587,1.);
#7587 = DIRECTION('',(0.,0.,1.));
#7588 = PCURVE('',#7425,#7589);
#7589 = DEFINITIONAL_REPRESENTATION('',(#7590),#7594);
#7590 = LINE('',#7591,#7592);
#7591 = CARTESIAN_POINT('',(0.,0.25));
#7592 = VECTOR('',#7593,1.);
#7593 = DIRECTION('',(1.,0.));
#7594 = ( GEOMETRIC_REPRESENTATION_CONTEXT(2) 
PARAMETRIC_REPRESENTATION_CONTEXT() REPRESENTATION_CONTEXT('2D SPACE',''
  ) );
#7595 = PCURVE('',#7596,#7601);
#7596 = PLANE('',#7597);
#7597 = AXIS2_PLACEMENT_3D('',#7598,#7599,#7600);
#7598 = CARTESIAN_POINT('',(0.125,-2.8,-3.));
#7599 = DIRECTION('',(1.,0.,0.));
#7600 = DIRECTION('',(0.,0.,1.));
#7601 = DEFINITIONAL_REPRESENTATION('',(#7602),#7606);
#7602 = LINE('',#7603,#7604);
#7603 = CARTESIAN_POINT('',(0.,0.));
#7604 = VECTOR('',#7605,1.);
#7605 = DIRECTION('',(1.,0.));
#7606 = ( GEOMETRIC_REPRESENTATION_CONTEXT(2) 
PARAMETRIC_REPRESENTATION_CONTEXT() REPRESENTATION_CONTEXT('2D SPACE',''
  ) );
#7607 = ORIENTED_EDGE('',*,*,#7608,.F.);
#7608 = EDGE_CURVE('',#7403,#7579,#7609,.T.);
#7609 = SURFACE_CURVE('',#7610,(#7614,#7621),.PCURVE_S1.);
#7610 = LINE('',#7611,#7612);
#7611 = CARTESIAN_POINT('',(-0.125,-2.8,-2.88));
#7612 = VECTOR('',#7613,1.);
#7613 = DIRECTION('',(1.,0.,0.));
#7614 = PCURVE('',#7425,#7615);
#7615 = DEFINITIONAL_REPRESENTATION('',(#7616),#7620);
#7616 = LINE('',#7617,#7618);
#7617 = CARTESIAN_POINT('',(0.12,0.));
#7618 = VECTOR('',#7619,1.);
#7619 = DIRECTION('',(0.,1.));
#7620 = ( GEOMETRIC_REPRESENTATION_CONTEXT(2) 
PARAMETRIC_REPRESENTATION_CONTEXT() REPRESENTATION_CONTEXT('2D SPACE',''
  ) );
#7621 = PCURVE('',#7453,#7622);
#7622 = DEFINITIONAL_REPRESENTATION('',(#7623),#7627);
#7623 = LINE('',#7624,#7625);
#7624 = CARTESIAN_POINT('',(-0.,-8.485281374239E-02));
#7625 = VECTOR('',#7626,1.);
#7626 = DIRECTION('',(-1.,0.));
#7627 = ( GEOMETRIC_REPRESENTATION_CONTEXT(2) 
PARAMETRIC_REPRESENTATION_CONTEXT() REPRESENTATION_CONTEXT('2D SPACE',''
  ) );
#7628 = ORIENTED_EDGE('',*,*,#7402,.T.);
#7629 = ORIENTED_EDGE('',*,*,#7630,.T.);
#7630 = EDGE_CURVE('',#7405,#7581,#7631,.T.);
#7631 = SURFACE_CURVE('',#7632,(#7636,#7643),.PCURVE_S1.);
#7632 = LINE('',#7633,#7634);
#7633 = CARTESIAN_POINT('',(-0.125,-2.8,1.5));
#7634 = VECTOR('',#7635,1.);
#7635 = DIRECTION('',(1.,0.,0.));
#7636 = PCURVE('',#7425,#7637);
#7637 = DEFINITIONAL_REPRESENTATION('',(#7638),#7642);
#7638 = LINE('',#7639,#7640);
#7639 = CARTESIAN_POINT('',(4.5,0.));
#7640 = VECTOR('',#7641,1.);
#7641 = DIRECTION('',(0.,1.));
#7642 = ( GEOMETRIC_REPRESENTATION_CONTEXT(2) 
PARAMETRIC_REPRESENTATION_CONTEXT() REPRESENTATION_CONTEXT('2D SPACE',''
  ) );
#7643 = PCURVE('',#7563,#7644);
#7644 = DEFINITIONAL_REPRESENTATION('',(#7645),#7649);
#7645 = LINE('',#7646,#7647);
#7646 = CARTESIAN_POINT('',(0.,0.));
#7647 = VECTOR('',#7648,1.);
#7648 = DIRECTION('',(1.,0.));
#7649 = ( GEOMETRIC_REPRESENTATION_CONTEXT(2) 
PARAMETRIC_REPRESENTATION_CONTEXT() REPRESENTATION_CONTEXT('2D SPACE',''
  ) );
#7650 = ADVANCED_FACE('',(#7651),#7453,.T.);
#7651 = FACE_BOUND('',#7652,.F.);
#7652 = EDGE_LOOP('',(#7653,#7654,#7655,#7678));
#7653 = ORIENTED_EDGE('',*,*,#7437,.F.);
#7654 = ORIENTED_EDGE('',*,*,#7608,.T.);
#7655 = ORIENTED_EDGE('',*,*,#7656,.T.);
#7656 = EDGE_CURVE('',#7579,#7657,#7659,.T.);
#7657 = VERTEX_POINT('',#7658);
#7658 = CARTESIAN_POINT('',(0.125,-2.68,-3.));
#7659 = SURFACE_CURVE('',#7660,(#7664,#7671),.PCURVE_S1.);
#7660 = LINE('',#7661,#7662);
#7661 = CARTESIAN_POINT('',(0.125,-2.74,-2.94));
#7662 = VECTOR('',#7663,1.);
#7663 = DIRECTION('',(0.,0.707106781187,-0.707106781187));
#7664 = PCURVE('',#7453,#7665);
#7665 = DEFINITIONAL_REPRESENTATION('',(#7666),#7670);
#7666 = LINE('',#7667,#7668);
#7667 = CARTESIAN_POINT('',(-0.25,0.));
#7668 = VECTOR('',#7669,1.);
#7669 = DIRECTION('',(-0.,1.));
#7670 = ( GEOMETRIC_REPRESENTATION_CONTEXT(2) 
PARAMETRIC_REPRESENTATION_CONTEXT() REPRESENTATION_CONTEXT('2D SPACE',''
  ) );
#7671 = PCURVE('',#7596,#7672);
#7672 = DEFINITIONAL_REPRESENTATION('',(#7673),#7677);
#7673 = LINE('',#7674,#7675);
#7674 = CARTESIAN_POINT('',(6.E-02,-6.E-02));
#7675 = VECTOR('',#7676,1.);
#7676 = DIRECTION('',(-0.707106781187,-0.707106781187));
#7677 = ( GEOMETRIC_REPRESENTATION_CONTEXT(2) 
PARAMETRIC_REPRESENTATION_CONTEXT() REPRESENTATION_CONTEXT('2D SPACE',''
  ) );
#7678 = ORIENTED_EDGE('',*,*,#7679,.F.);
#7679 = EDGE_CURVE('',#7438,#7657,#7680,.T.);
#7680 = SURFACE_CURVE('',#7681,(#7685,#7692),.PCURVE_S1.);
#7681 = LINE('',#7682,#7683);
#7682 = CARTESIAN_POINT('',(-0.125,-2.68,-3.));
#7683 = VECTOR('',#7684,1.);
#7684 = DIRECTION('',(1.,0.,0.));
#7685 = PCURVE('',#7453,#7686);
#7686 = DEFINITIONAL_REPRESENTATION('',(#7687),#7691);
#7687 = LINE('',#7688,#7689);
#7688 = CARTESIAN_POINT('',(-0.,8.485281374239E-02));
#7689 = VECTOR('',#7690,1.);
#7690 = DIRECTION('',(-1.,0.));
#7691 = ( GEOMETRIC_REPRESENTATION_CONTEXT(2) 
PARAMETRIC_REPRESENTATION_CONTEXT() REPRESENTATION_CONTEXT('2D SPACE',''
  ) );
#7692 = PCURVE('',#7481,#7693);
#7693 = DEFINITIONAL_REPRESENTATION('',(#7694),#7698);
#7694 = LINE('',#7695,#7696);
#7695 = CARTESIAN_POINT('',(0.,0.12));
#7696 = VECTOR('',#7697,1.);
#7697 = DIRECTION('',(1.,0.));
#7698 = ( GEOMETRIC_REPRESENTATION_CONTEXT(2) 
PARAMETRIC_REPRESENTATION_CONTEXT() REPRESENTATION_CONTEXT('2D SPACE',''
  ) );
#7699 = ADVANCED_FACE('',(#7700),#7563,.T.);
#7700 = FACE_BOUND('',#7701,.T.);
#7701 = EDGE_LOOP('',(#7702,#7703,#7704,#7727));
#7702 = ORIENTED_EDGE('',*,*,#7549,.F.);
#7703 = ORIENTED_EDGE('',*,*,#7630,.T.);
#7704 = ORIENTED_EDGE('',*,*,#7705,.T.);
#7705 = EDGE_CURVE('',#7581,#7706,#7708,.T.);
#7706 = VERTEX_POINT('',#7707);
#7707 = CARTESIAN_POINT('',(0.125,-2.2,1.5));
#7708 = SURFACE_CURVE('',#7709,(#7713,#7720),.PCURVE_S1.);
#7709 = LINE('',#7710,#7711);
#7710 = CARTESIAN_POINT('',(0.125,-2.8,1.5));
#7711 = VECTOR('',#7712,1.);
#7712 = DIRECTION('',(0.,1.,0.));
#7713 = PCURVE('',#7563,#7714);
#7714 = DEFINITIONAL_REPRESENTATION('',(#7715),#7719);
#7715 = LINE('',#7716,#7717);
#7716 = CARTESIAN_POINT('',(0.25,0.));
#7717 = VECTOR('',#7718,1.);
#7718 = DIRECTION('',(0.,1.));
#7719 = ( GEOMETRIC_REPRESENTATION_CONTEXT(2) 
PARAMETRIC_REPRESENTATION_CONTEXT() REPRESENTATION_CONTEXT('2D SPACE',''
  ) );
#7720 = PCURVE('',#7596,#7721);
#7721 = DEFINITIONAL_REPRESENTATION('',(#7722),#7726);
#7722 = LINE('',#7723,#7724);
#7723 = CARTESIAN_POINT('',(4.5,0.));
#7724 = VECTOR('',#7725,1.);
#7725 = DIRECTION('',(0.,-1.));
#7726 = ( GEOMETRIC_REPRESENTATION_CONTEXT(2) 
PARAMETRIC_REPRESENTATION_CONTEXT() REPRESENTATION_CONTEXT('2D SPACE',''
  ) );
#7727 = ORIENTED_EDGE('',*,*,#7728,.F.);
#7728 = EDGE_CURVE('',#7522,#7706,#7729,.T.);
#7729 = SURFACE_CURVE('',#7730,(#7734,#7741),.PCURVE_S1.);
#7730 = LINE('',#7731,#7732);
#7731 = CARTESIAN_POINT('',(-0.125,-2.2,1.5));
#7732 = VECTOR('',#7733,1.);
#7733 = DIRECTION('',(1.,0.,0.));
#7734 = PCURVE('',#7563,#7735);
#7735 = DEFINITIONAL_REPRESENTATION('',(#7736),#7740);
#7736 = LINE('',#7737,#7738);
#7737 = CARTESIAN_POINT('',(0.,0.6));
#7738 = VECTOR('',#7739,1.);
#7739 = DIRECTION('',(1.,0.));
#7740 = ( GEOMETRIC_REPRESENTATION_CONTEXT(2) 
PARAMETRIC_REPRESENTATION_CONTEXT() REPRESENTATION_CONTEXT('2D SPACE',''
  ) );
#7741 = PCURVE('',#7537,#7742);
#7742 = DEFINITIONAL_REPRESENTATION('',(#7743),#7747);
#7743 = LINE('',#7744,#7745);
#7744 = CARTESIAN_POINT('',(4.5,0.));
#7745 = VECTOR('',#7746,1.);
#7746 = DIRECTION('',(0.,1.));
#7747 = ( GEOMETRIC_REPRESENTATION_CONTEXT(2) 
PARAMETRIC_REPRESENTATION_CONTEXT() REPRESENTATION_CONTEXT('2D SPACE',''
  ) );
#7748 = ADVANCED_FACE('',(#7749),#7481,.F.);
#7749 = FACE_BOUND('',#7750,.F.);
#7750 = EDGE_LOOP('',(#7751,#7752,#7753,#7776));
#7751 = ORIENTED_EDGE('',*,*,#7465,.F.);
#7752 = ORIENTED_EDGE('',*,*,#7679,.T.);
#7753 = ORIENTED_EDGE('',*,*,#7754,.T.);
#7754 = EDGE_CURVE('',#7657,#7755,#7757,.T.);
#7755 = VERTEX_POINT('',#7756);
#7756 = CARTESIAN_POINT('',(0.125,-2.32,-3.));
#7757 = SURFACE_CURVE('',#7758,(#7762,#7769),.PCURVE_S1.);
#7758 = LINE('',#7759,#7760);
#7759 = CARTESIAN_POINT('',(0.125,-2.8,-3.));
#7760 = VECTOR('',#7761,1.);
#7761 = DIRECTION('',(0.,1.,0.));
#7762 = PCURVE('',#7481,#7763);
#7763 = DEFINITIONAL_REPRESENTATION('',(#7764),#7768);
#7764 = LINE('',#7765,#7766);
#7765 = CARTESIAN_POINT('',(0.25,0.));
#7766 = VECTOR('',#7767,1.);
#7767 = DIRECTION('',(0.,1.));
#7768 = ( GEOMETRIC_REPRESENTATION_CONTEXT(2) 
PARAMETRIC_REPRESENTATION_CONTEXT() REPRESENTATION_CONTEXT('2D SPACE',''
  ) );
#7769 = PCURVE('',#7596,#7770);
#7770 = DEFINITIONAL_REPRESENTATION('',(#7771),#7775);
#7771 = LINE('',#7772,#7773);
#7772 = CARTESIAN_POINT('',(0.,0.));
#7773 = VECTOR('',#7774,1.);
#7774 = DIRECTION('',(0.,-1.));
#7775 = ( GEOMETRIC_REPRESENTATION_CONTEXT(2) 
PARAMETRIC_REPRESENTATION_CONTEXT() REPRESENTATION_CONTEXT('2D SPACE',''
  ) );
#7776 = ORIENTED_EDGE('',*,*,#7777,.F.);
#7777 = EDGE_CURVE('',#7466,#7755,#7778,.T.);
#7778 = SURFACE_CURVE('',#7779,(#7783,#7790),.PCURVE_S1.);
#7779 = LINE('',#7780,#7781);
#7780 = CARTESIAN_POINT('',(-0.125,-2.32,-3.));
#7781 = VECTOR('',#7782,1.);
#7782 = DIRECTION('',(1.,0.,0.));
#7783 = PCURVE('',#7481,#7784);
#7784 = DEFINITIONAL_REPRESENTATION('',(#7785),#7789);
#7785 = LINE('',#7786,#7787);
#7786 = CARTESIAN_POINT('',(0.,0.48));
#7787 = VECTOR('',#7788,1.);
#7788 = DIRECTION('',(1.,0.));
#7789 = ( GEOMETRIC_REPRESENTATION_CONTEXT(2) 
PARAMETRIC_REPRESENTATION_CONTEXT() REPRESENTATION_CONTEXT('2D SPACE',''
  ) );
#7790 = PCURVE('',#7509,#7791);
#7791 = DEFINITIONAL_REPRESENTATION('',(#7792),#7796);
#7792 = LINE('',#7793,#7794);
#7793 = CARTESIAN_POINT('',(-0.,8.485281374239E-02));
#7794 = VECTOR('',#7795,1.);
#7795 = DIRECTION('',(-1.,0.));
#7796 = ( GEOMETRIC_REPRESENTATION_CONTEXT(2) 
PARAMETRIC_REPRESENTATION_CONTEXT() REPRESENTATION_CONTEXT('2D SPACE',''
  ) );
#7797 = ADVANCED_FACE('',(#7798),#7537,.T.);
#7798 = FACE_BOUND('',#7799,.T.);
#7799 = EDGE_LOOP('',(#7800,#7823,#7844,#7845));
#7800 = ORIENTED_EDGE('',*,*,#7801,.F.);
#7801 = EDGE_CURVE('',#7802,#7706,#7804,.T.);
#7802 = VERTEX_POINT('',#7803);
#7803 = CARTESIAN_POINT('',(0.125,-2.2,-2.88));
#7804 = SURFACE_CURVE('',#7805,(#7809,#7816),.PCURVE_S1.);
#7805 = LINE('',#7806,#7807);
#7806 = CARTESIAN_POINT('',(0.125,-2.2,-3.));
#7807 = VECTOR('',#7808,1.);
#7808 = DIRECTION('',(0.,0.,1.));
#7809 = PCURVE('',#7537,#7810);
#7810 = DEFINITIONAL_REPRESENTATION('',(#7811),#7815);
#7811 = LINE('',#7812,#7813);
#7812 = CARTESIAN_POINT('',(0.,0.25));
#7813 = VECTOR('',#7814,1.);
#7814 = DIRECTION('',(1.,0.));
#7815 = ( GEOMETRIC_REPRESENTATION_CONTEXT(2) 
PARAMETRIC_REPRESENTATION_CONTEXT() REPRESENTATION_CONTEXT('2D SPACE',''
  ) );
#7816 = PCURVE('',#7596,#7817);
#7817 = DEFINITIONAL_REPRESENTATION('',(#7818),#7822);
#7818 = LINE('',#7819,#7820);
#7819 = CARTESIAN_POINT('',(0.,-0.6));
#7820 = VECTOR('',#7821,1.);
#7821 = DIRECTION('',(1.,0.));
#7822 = ( GEOMETRIC_REPRESENTATION_CONTEXT(2) 
PARAMETRIC_REPRESENTATION_CONTEXT() REPRESENTATION_CONTEXT('2D SPACE',''
  ) );
#7823 = ORIENTED_EDGE('',*,*,#7824,.F.);
#7824 = EDGE_CURVE('',#7494,#7802,#7825,.T.);
#7825 = SURFACE_CURVE('',#7826,(#7830,#7837),.PCURVE_S1.);
#7826 = LINE('',#7827,#7828);
#7827 = CARTESIAN_POINT('',(-0.125,-2.2,-2.88));
#7828 = VECTOR('',#7829,1.);
#7829 = DIRECTION('',(1.,0.,0.));
#7830 = PCURVE('',#7537,#7831);
#7831 = DEFINITIONAL_REPRESENTATION('',(#7832),#7836);
#7832 = LINE('',#7833,#7834);
#7833 = CARTESIAN_POINT('',(0.12,0.));
#7834 = VECTOR('',#7835,1.);
#7835 = DIRECTION('',(0.,1.));
#7836 = ( GEOMETRIC_REPRESENTATION_CONTEXT(2) 
PARAMETRIC_REPRESENTATION_CONTEXT() REPRESENTATION_CONTEXT('2D SPACE',''
  ) );
#7837 = PCURVE('',#7509,#7838);
#7838 = DEFINITIONAL_REPRESENTATION('',(#7839),#7843);
#7839 = LINE('',#7840,#7841);
#7840 = CARTESIAN_POINT('',(-0.,-8.485281374239E-02));
#7841 = VECTOR('',#7842,1.);
#7842 = DIRECTION('',(-1.,0.));
#7843 = ( GEOMETRIC_REPRESENTATION_CONTEXT(2) 
PARAMETRIC_REPRESENTATION_CONTEXT() REPRESENTATION_CONTEXT('2D SPACE',''
  ) );
#7844 = ORIENTED_EDGE('',*,*,#7521,.T.);
#7845 = ORIENTED_EDGE('',*,*,#7728,.T.);
#7846 = ADVANCED_FACE('',(#7847),#7509,.F.);
#7847 = FACE_BOUND('',#7848,.T.);
#7848 = EDGE_LOOP('',(#7849,#7850,#7851,#7872));
#7849 = ORIENTED_EDGE('',*,*,#7493,.F.);
#7850 = ORIENTED_EDGE('',*,*,#7824,.T.);
#7851 = ORIENTED_EDGE('',*,*,#7852,.T.);
#7852 = EDGE_CURVE('',#7802,#7755,#7853,.T.);
#7853 = SURFACE_CURVE('',#7854,(#7858,#7865),.PCURVE_S1.);
#7854 = LINE('',#7855,#7856);
#7855 = CARTESIAN_POINT('',(0.125,-2.41,-3.09));
#7856 = VECTOR('',#7857,1.);
#7857 = DIRECTION('',(0.,-0.707106781187,-0.707106781187));
#7858 = PCURVE('',#7509,#7859);
#7859 = DEFINITIONAL_REPRESENTATION('',(#7860),#7864);
#7860 = LINE('',#7861,#7862);
#7861 = CARTESIAN_POINT('',(-0.25,0.212132034356));
#7862 = VECTOR('',#7863,1.);
#7863 = DIRECTION('',(-0.,1.));
#7864 = ( GEOMETRIC_REPRESENTATION_CONTEXT(2) 
PARAMETRIC_REPRESENTATION_CONTEXT() REPRESENTATION_CONTEXT('2D SPACE',''
  ) );
#7865 = PCURVE('',#7596,#7866);
#7866 = DEFINITIONAL_REPRESENTATION('',(#7867),#7871);
#7867 = LINE('',#7868,#7869);
#7868 = CARTESIAN_POINT('',(-9.E-02,-0.39));
#7869 = VECTOR('',#7870,1.);
#7870 = DIRECTION('',(-0.707106781187,0.707106781187));
#7871 = ( GEOMETRIC_REPRESENTATION_CONTEXT(2) 
PARAMETRIC_REPRESENTATION_CONTEXT() REPRESENTATION_CONTEXT('2D SPACE',''
  ) );
#7872 = ORIENTED_EDGE('',*,*,#7777,.F.);
#7873 = ADVANCED_FACE('',(#7874),#7596,.T.);
#7874 = FACE_BOUND('',#7875,.T.);
#7875 = EDGE_LOOP('',(#7876,#7877,#7878,#7879,#7880,#7881));
#7876 = ORIENTED_EDGE('',*,*,#7578,.F.);
#7877 = ORIENTED_EDGE('',*,*,#7656,.T.);
#7878 = ORIENTED_EDGE('',*,*,#7754,.T.);
#7879 = ORIENTED_EDGE('',*,*,#7852,.F.);
#7880 = ORIENTED_EDGE('',*,*,#7801,.T.);
#7881 = ORIENTED_EDGE('',*,*,#7705,.F.);
#7882 = ( GEOMETRIC_REPRESENTATION_CONTEXT(3) 
GLOBAL_UNCERTAINTY_ASSIGNED_CONTEXT((#7886)) 
GLOBAL_UNIT_ASSIGNED_CONTEXT((#7883,#7884,#7885)) REPRESENTATION_CONTEXT
('Context #1','3D Context with UNIT and UNCERTAINTY') );
#7883 = ( LENGTH_UNIT() NAMED_UNIT(*) SI_UNIT(.MILLI.,.METRE.) );
#7884 = ( NAMED_UNIT(*) PLANE_ANGLE_UNIT() SI_UNIT($,.RADIAN.) );
#7885 = ( NAMED_UNIT(*) SI_UNIT($,.STERADIAN.) SOLID_ANGLE_UNIT() );
#7886 = UNCERTAINTY_MEASURE_WITH_UNIT(LENGTH_MEASURE(5.E-05),#7883,
  'distance_accuracy_value','confusion accuracy');
#7887 = CONTEXT_DEPENDENT_SHAPE_REPRESENTATION(#7888,#7890);
#7888 = ( REPRESENTATION_RELATIONSHIP('','',#7395,#10) 
REPRESENTATION_RELATIONSHIP_WITH_TRANSFORMATION(#7889) 
SHAPE_REPRESENTATION_RELATIONSHIP() );
#7889 = ITEM_DEFINED_TRANSFORMATION('','',#11,#35);
#7890 = PRODUCT_DEFINITION_SHAPE('Placement','Placement of an item',
  #7891);
#7891 = NEXT_ASSEMBLY_USAGE_OCCURRENCE('6','pin_2','',#5,#7390,$);
#7892 = PRODUCT_RELATED_PRODUCT_CATEGORY('part',$,(#7392));
#7893 = SHAPE_DEFINITION_REPRESENTATION(#7894,#7900);
#7894 = PRODUCT_DEFINITION_SHAPE('','',#7895);
#7895 = PRODUCT_DEFINITION('design','',#7896,#7899);
#7896 = PRODUCT_DEFINITION_FORMATION('','',#7897);
#7897 = PRODUCT('contact_3','contact_3','',(#7898));
#7898 = PRODUCT_CONTEXT('',#2,'mechanical');
#7899 = PRODUCT_DEFINITION_CONTEXT('part definition',#2,'design');
#7900 = ADVANCED_BREP_SHAPE_REPRESENTATION('',(#11,#7901),#8231);
#7901 = MANIFOLD_SOLID_BREP('',#7902);
#7902 = CLOSED_SHELL('',(#7903,#8023,#8123,#8170,#8217,#8224));
#7903 = ADVANCED_FACE('',(#7904),#7918,.F.);
#7904 = FACE_BOUND('',#7905,.F.);
#7905 = EDGE_LOOP('',(#7906,#7941,#7969,#7997));
#7906 = ORIENTED_EDGE('',*,*,#7907,.F.);
#7907 = EDGE_CURVE('',#7908,#7910,#7912,.T.);
#7908 = VERTEX_POINT('',#7909);
#7909 = CARTESIAN_POINT('',(5.61,-2.9,3.68));
#7910 = VERTEX_POINT('',#7911);
#7911 = CARTESIAN_POINT('',(5.61,-2.9,4.01));
#7912 = SURFACE_CURVE('',#7913,(#7917,#7929),.PCURVE_S1.);
#7913 = LINE('',#7914,#7915);
#7914 = CARTESIAN_POINT('',(5.61,-2.9,3.68));
#7915 = VECTOR('',#7916,1.);
#7916 = DIRECTION('',(0.,0.,1.));
#7917 = PCURVE('',#7918,#7923);
#7918 = PLANE('',#7919);
#7919 = AXIS2_PLACEMENT_3D('',#7920,#7921,#7922);
#7920 = CARTESIAN_POINT('',(5.61,-2.9,3.68));
#7921 = DIRECTION('',(1.,0.,0.));
#7922 = DIRECTION('',(0.,0.,1.));
#7923 = DEFINITIONAL_REPRESENTATION('',(#7924),#7928);
#7924 = LINE('',#7925,#7926);
#7925 = CARTESIAN_POINT('',(0.,0.));
#7926 = VECTOR('',#7927,1.);
#7927 = DIRECTION('',(1.,0.));
#7928 = ( GEOMETRIC_REPRESENTATION_CONTEXT(2) 
PARAMETRIC_REPRESENTATION_CONTEXT() REPRESENTATION_CONTEXT('2D SPACE',''
  ) );
#7929 = PCURVE('',#7930,#7935);
#7930 = PLANE('',#7931);
#7931 = AXIS2_PLACEMENT_3D('',#7932,#7933,#7934);
#7932 = CARTESIAN_POINT('',(5.61,-2.9,3.68));
#7933 = DIRECTION('',(0.,1.,0.));
#7934 = DIRECTION('',(0.,0.,1.));
#7935 = DEFINITIONAL_REPRESENTATION('',(#7936),#7940);
#7936 = LINE('',#7937,#7938);
#7937 = CARTESIAN_POINT('',(0.,0.));
#7938 = VECTOR('',#7939,1.);
#7939 = DIRECTION('',(1.,0.));
#7940 = ( GEOMETRIC_REPRESENTATION_CONTEXT(2) 
PARAMETRIC_REPRESENTATION_CONTEXT() REPRESENTATION_CONTEXT('2D SPACE',''
  ) );
#7941 = ORIENTED_EDGE('',*,*,#7942,.T.);
#7942 = EDGE_CURVE('',#7908,#7943,#7945,.T.);
#7943 = VERTEX_POINT('',#7944);
#7944 = CARTESIAN_POINT('',(5.61,-2.1,3.68));
#7945 = SURFACE_CURVE('',#7946,(#7950,#7957),.PCURVE_S1.);
#7946 = LINE('',#7947,#7948);
#7947 = CARTESIAN_POINT('',(5.61,-2.9,3.68));
#7948 = VECTOR('',#7949,1.);
#7949 = DIRECTION('',(0.,1.,0.));
#7950 = PCURVE('',#7918,#7951);
#7951 = DEFINITIONAL_REPRESENTATION('',(#7952),#7956);
#7952 = LINE('',#7953,#7954);
#7953 = CARTESIAN_POINT('',(0.,0.));
#7954 = VECTOR('',#7955,1.);
#7955 = DIRECTION('',(0.,-1.));
#7956 = ( GEOMETRIC_REPRESENTATION_CONTEXT(2) 
PARAMETRIC_REPRESENTATION_CONTEXT() REPRESENTATION_CONTEXT('2D SPACE',''
  ) );
#7957 = PCURVE('',#7958,#7963);
#7958 = PLANE('',#7959);
#7959 = AXIS2_PLACEMENT_3D('',#7960,#7961,#7962);
#7960 = CARTESIAN_POINT('',(5.61,-2.9,3.68));
#7961 = DIRECTION('',(0.,0.,1.));
#7962 = DIRECTION('',(1.,0.,0.));
#7963 = DEFINITIONAL_REPRESENTATION('',(#7964),#7968);
#7964 = LINE('',#7965,#7966);
#7965 = CARTESIAN_POINT('',(0.,0.));
#7966 = VECTOR('',#7967,1.);
#7967 = DIRECTION('',(0.,1.));
#7968 = ( GEOMETRIC_REPRESENTATION_CONTEXT(2) 
PARAMETRIC_REPRESENTATION_CONTEXT() REPRESENTATION_CONTEXT('2D SPACE',''
  ) );
#7969 = ORIENTED_EDGE('',*,*,#7970,.T.);
#7970 = EDGE_CURVE('',#7943,#7971,#7973,.T.);
#7971 = VERTEX_POINT('',#7972);
#7972 = CARTESIAN_POINT('',(5.61,-2.1,4.01));
#7973 = SURFACE_CURVE('',#7974,(#7978,#7985),.PCURVE_S1.);
#7974 = LINE('',#7975,#7976);
#7975 = CARTESIAN_POINT('',(5.61,-2.1,3.68));
#7976 = VECTOR('',#7977,1.);
#7977 = DIRECTION('',(0.,0.,1.));
#7978 = PCURVE('',#7918,#7979);
#7979 = DEFINITIONAL_REPRESENTATION('',(#7980),#7984);
#7980 = LINE('',#7981,#7982);
#7981 = CARTESIAN_POINT('',(0.,-0.8));
#7982 = VECTOR('',#7983,1.);
#7983 = DIRECTION('',(1.,0.));
#7984 = ( GEOMETRIC_REPRESENTATION_CONTEXT(2) 
PARAMETRIC_REPRESENTATION_CONTEXT() REPRESENTATION_CONTEXT('2D SPACE',''
  ) );
#7985 = PCURVE('',#7986,#7991);
#7986 = PLANE('',#7987);
#7987 = AXIS2_PLACEMENT_3D('',#7988,#7989,#7990);
#7988 = CARTESIAN_POINT('',(5.61,-2.1,3.68));
#7989 = DIRECTION('',(0.,1.,0.));
#7990 = DIRECTION('',(0.,0.,1.));
#7991 = DEFINITIONAL_REPRESENTATION('',(#7992),#7996);
#7992 = LINE('',#7993,#7994);
#7993 = CARTESIAN_POINT('',(0.,0.));
#7994 = VECTOR('',#7995,1.);
#7995 = DIRECTION('',(1.,0.));
#7996 = ( GEOMETRIC_REPRESENTATION_CONTEXT(2) 
PARAMETRIC_REPRESENTATION_CONTEXT() REPRESENTATION_CONTEXT('2D SPACE',''
  ) );
#7997 = ORIENTED_EDGE('',*,*,#7998,.F.);
#7998 = EDGE_CURVE('',#7910,#7971,#7999,.T.);
#7999 = SURFACE_CURVE('',#8000,(#8004,#8011),.PCURVE_S1.);
#8000 = LINE('',#8001,#8002);
#8001 = CARTESIAN_POINT('',(5.61,-2.9,4.01));
#8002 = VECTOR('',#8003,1.);
#8003 = DIRECTION('',(0.,1.,0.));
#8004 = PCURVE('',#7918,#8005);
#8005 = DEFINITIONAL_REPRESENTATION('',(#8006),#8010);
#8006 = LINE('',#8007,#8008);
#8007 = CARTESIAN_POINT('',(0.33,0.));
#8008 = VECTOR('',#8009,1.);
#8009 = DIRECTION('',(0.,-1.));
#8010 = ( GEOMETRIC_REPRESENTATION_CONTEXT(2) 
PARAMETRIC_REPRESENTATION_CONTEXT() REPRESENTATION_CONTEXT('2D SPACE',''
  ) );
#8011 = PCURVE('',#8012,#8017);
#8012 = PLANE('',#8013);
#8013 = AXIS2_PLACEMENT_3D('',#8014,#8015,#8016);
#8014 = CARTESIAN_POINT('',(5.61,-2.9,4.01));
#8015 = DIRECTION('',(0.,0.,1.));
#8016 = DIRECTION('',(1.,0.,0.));
#8017 = DEFINITIONAL_REPRESENTATION('',(#8018),#8022);
#8018 = LINE('',#8019,#8020);
#8019 = CARTESIAN_POINT('',(0.,0.));
#8020 = VECTOR('',#8021,1.);
#8021 = DIRECTION('',(0.,1.));
#8022 = ( GEOMETRIC_REPRESENTATION_CONTEXT(2) 
PARAMETRIC_REPRESENTATION_CONTEXT() REPRESENTATION_CONTEXT('2D SPACE',''
  ) );
#8023 = ADVANCED_FACE('',(#8024),#8038,.T.);
#8024 = FACE_BOUND('',#8025,.T.);
#8025 = EDGE_LOOP('',(#8026,#8056,#8079,#8102));
#8026 = ORIENTED_EDGE('',*,*,#8027,.F.);
#8027 = EDGE_CURVE('',#8028,#8030,#8032,.T.);
#8028 = VERTEX_POINT('',#8029);
#8029 = CARTESIAN_POINT('',(13.41,-2.9,3.68));
#8030 = VERTEX_POINT('',#8031);
#8031 = CARTESIAN_POINT('',(13.41,-2.9,4.01));
#8032 = SURFACE_CURVE('',#8033,(#8037,#8049),.PCURVE_S1.);
#8033 = LINE('',#8034,#8035);
#8034 = CARTESIAN_POINT('',(13.41,-2.9,3.68));
#8035 = VECTOR('',#8036,1.);
#8036 = DIRECTION('',(0.,0.,1.));
#8037 = PCURVE('',#8038,#8043);
#8038 = PLANE('',#8039);
#8039 = AXIS2_PLACEMENT_3D('',#8040,#8041,#8042);
#8040 = CARTESIAN_POINT('',(13.41,-2.9,3.68));
#8041 = DIRECTION('',(1.,0.,0.));
#8042 = DIRECTION('',(0.,0.,1.));
#8043 = DEFINITIONAL_REPRESENTATION('',(#8044),#8048);
#8044 = LINE('',#8045,#8046);
#8045 = CARTESIAN_POINT('',(0.,0.));
#8046 = VECTOR('',#8047,1.);
#8047 = DIRECTION('',(1.,0.));
#8048 = ( GEOMETRIC_REPRESENTATION_CONTEXT(2) 
PARAMETRIC_REPRESENTATION_CONTEXT() REPRESENTATION_CONTEXT('2D SPACE',''
  ) );
#8049 = PCURVE('',#7930,#8050);
#8050 = DEFINITIONAL_REPRESENTATION('',(#8051),#8055);
#8051 = LINE('',#8052,#8053);
#8052 = CARTESIAN_POINT('',(0.,7.8));
#8053 = VECTOR('',#8054,1.);
#8054 = DIRECTION('',(1.,0.));
#8055 = ( GEOMETRIC_REPRESENTATION_CONTEXT(2) 
PARAMETRIC_REPRESENTATION_CONTEXT() REPRESENTATION_CONTEXT('2D SPACE',''
  ) );
#8056 = ORIENTED_EDGE('',*,*,#8057,.T.);
#8057 = EDGE_CURVE('',#8028,#8058,#8060,.T.);
#8058 = VERTEX_POINT('',#8059);
#8059 = CARTESIAN_POINT('',(13.41,-2.1,3.68));
#8060 = SURFACE_CURVE('',#8061,(#8065,#8072),.PCURVE_S1.);
#8061 = LINE('',#8062,#8063);
#8062 = CARTESIAN_POINT('',(13.41,-2.9,3.68));
#8063 = VECTOR('',#8064,1.);
#8064 = DIRECTION('',(0.,1.,0.));
#8065 = PCURVE('',#8038,#8066);
#8066 = DEFINITIONAL_REPRESENTATION('',(#8067),#8071);
#8067 = LINE('',#8068,#8069);
#8068 = CARTESIAN_POINT('',(0.,0.));
#8069 = VECTOR('',#8070,1.);
#8070 = DIRECTION('',(0.,-1.));
#8071 = ( GEOMETRIC_REPRESENTATION_CONTEXT(2) 
PARAMETRIC_REPRESENTATION_CONTEXT() REPRESENTATION_CONTEXT('2D SPACE',''
  ) );
#8072 = PCURVE('',#7958,#8073);
#8073 = DEFINITIONAL_REPRESENTATION('',(#8074),#8078);
#8074 = LINE('',#8075,#8076);
#8075 = CARTESIAN_POINT('',(7.8,0.));
#8076 = VECTOR('',#8077,1.);
#8077 = DIRECTION('',(0.,1.));
#8078 = ( GEOMETRIC_REPRESENTATION_CONTEXT(2) 
PARAMETRIC_REPRESENTATION_CONTEXT() REPRESENTATION_CONTEXT('2D SPACE',''
  ) );
#8079 = ORIENTED_EDGE('',*,*,#8080,.T.);
#8080 = EDGE_CURVE('',#8058,#8081,#8083,.T.);
#8081 = VERTEX_POINT('',#8082);
#8082 = CARTESIAN_POINT('',(13.41,-2.1,4.01));
#8083 = SURFACE_CURVE('',#8084,(#8088,#8095),.PCURVE_S1.);
#8084 = LINE('',#8085,#8086);
#8085 = CARTESIAN_POINT('',(13.41,-2.1,3.68));
#8086 = VECTOR('',#8087,1.);
#8087 = DIRECTION('',(0.,0.,1.));
#8088 = PCURVE('',#8038,#8089);
#8089 = DEFINITIONAL_REPRESENTATION('',(#8090),#8094);
#8090 = LINE('',#8091,#8092);
#8091 = CARTESIAN_POINT('',(0.,-0.8));
#8092 = VECTOR('',#8093,1.);
#8093 = DIRECTION('',(1.,0.));
#8094 = ( GEOMETRIC_REPRESENTATION_CONTEXT(2) 
PARAMETRIC_REPRESENTATION_CONTEXT() REPRESENTATION_CONTEXT('2D SPACE',''
  ) );
#8095 = PCURVE('',#7986,#8096);
#8096 = DEFINITIONAL_REPRESENTATION('',(#8097),#8101);
#8097 = LINE('',#8098,#8099);
#8098 = CARTESIAN_POINT('',(0.,7.8));
#8099 = VECTOR('',#8100,1.);
#8100 = DIRECTION('',(1.,0.));
#8101 = ( GEOMETRIC_REPRESENTATION_CONTEXT(2) 
PARAMETRIC_REPRESENTATION_CONTEXT() REPRESENTATION_CONTEXT('2D SPACE',''
  ) );
#8102 = ORIENTED_EDGE('',*,*,#8103,.F.);
#8103 = EDGE_CURVE('',#8030,#8081,#8104,.T.);
#8104 = SURFACE_CURVE('',#8105,(#8109,#8116),.PCURVE_S1.);
#8105 = LINE('',#8106,#8107);
#8106 = CARTESIAN_POINT('',(13.41,-2.9,4.01));
#8107 = VECTOR('',#8108,1.);
#8108 = DIRECTION('',(0.,1.,0.));
#8109 = PCURVE('',#8038,#8110);
#8110 = DEFINITIONAL_REPRESENTATION('',(#8111),#8115);
#8111 = LINE('',#8112,#8113);
#8112 = CARTESIAN_POINT('',(0.33,0.));
#8113 = VECTOR('',#8114,1.);
#8114 = DIRECTION('',(0.,-1.));
#8115 = ( GEOMETRIC_REPRESENTATION_CONTEXT(2) 
PARAMETRIC_REPRESENTATION_CONTEXT() REPRESENTATION_CONTEXT('2D SPACE',''
  ) );
#8116 = PCURVE('',#8012,#8117);
#8117 = DEFINITIONAL_REPRESENTATION('',(#8118),#8122);
#8118 = LINE('',#8119,#8120);
#8119 = CARTESIAN_POINT('',(7.8,0.));
#8120 = VECTOR('',#8121,1.);
#8121 = DIRECTION('',(0.,1.));
#8122 = ( GEOMETRIC_REPRESENTATION_CONTEXT(2) 
PARAMETRIC_REPRESENTATION_CONTEXT() REPRESENTATION_CONTEXT('2D SPACE',''
  ) );
#8123 = ADVANCED_FACE('',(#8124),#7930,.F.);
#8124 = FACE_BOUND('',#8125,.F.);
#8125 = EDGE_LOOP('',(#8126,#8147,#8148,#8169));
#8126 = ORIENTED_EDGE('',*,*,#8127,.F.);
#8127 = EDGE_CURVE('',#7908,#8028,#8128,.T.);
#8128 = SURFACE_CURVE('',#8129,(#8133,#8140),.PCURVE_S1.);
#8129 = LINE('',#8130,#8131);
#8130 = CARTESIAN_POINT('',(5.61,-2.9,3.68));
#8131 = VECTOR('',#8132,1.);
#8132 = DIRECTION('',(1.,0.,0.));
#8133 = PCURVE('',#7930,#8134);
#8134 = DEFINITIONAL_REPRESENTATION('',(#8135),#8139);
#8135 = LINE('',#8136,#8137);
#8136 = CARTESIAN_POINT('',(0.,0.));
#8137 = VECTOR('',#8138,1.);
#8138 = DIRECTION('',(0.,1.));
#8139 = ( GEOMETRIC_REPRESENTATION_CONTEXT(2) 
PARAMETRIC_REPRESENTATION_CONTEXT() REPRESENTATION_CONTEXT('2D SPACE',''
  ) );
#8140 = PCURVE('',#7958,#8141);
#8141 = DEFINITIONAL_REPRESENTATION('',(#8142),#8146);
#8142 = LINE('',#8143,#8144);
#8143 = CARTESIAN_POINT('',(0.,0.));
#8144 = VECTOR('',#8145,1.);
#8145 = DIRECTION('',(1.,0.));
#8146 = ( GEOMETRIC_REPRESENTATION_CONTEXT(2) 
PARAMETRIC_REPRESENTATION_CONTEXT() REPRESENTATION_CONTEXT('2D SPACE',''
  ) );
#8147 = ORIENTED_EDGE('',*,*,#7907,.T.);
#8148 = ORIENTED_EDGE('',*,*,#8149,.T.);
#8149 = EDGE_CURVE('',#7910,#8030,#8150,.T.);
#8150 = SURFACE_CURVE('',#8151,(#8155,#8162),.PCURVE_S1.);
#8151 = LINE('',#8152,#8153);
#8152 = CARTESIAN_POINT('',(5.61,-2.9,4.01));
#8153 = VECTOR('',#8154,1.);
#8154 = DIRECTION('',(1.,0.,0.));
#8155 = PCURVE('',#7930,#8156);
#8156 = DEFINITIONAL_REPRESENTATION('',(#8157),#8161);
#8157 = LINE('',#8158,#8159);
#8158 = CARTESIAN_POINT('',(0.33,0.));
#8159 = VECTOR('',#8160,1.);
#8160 = DIRECTION('',(0.,1.));
#8161 = ( GEOMETRIC_REPRESENTATION_CONTEXT(2) 
PARAMETRIC_REPRESENTATION_CONTEXT() REPRESENTATION_CONTEXT('2D SPACE',''
  ) );
#8162 = PCURVE('',#8012,#8163);
#8163 = DEFINITIONAL_REPRESENTATION('',(#8164),#8168);
#8164 = LINE('',#8165,#8166);
#8165 = CARTESIAN_POINT('',(0.,0.));
#8166 = VECTOR('',#8167,1.);
#8167 = DIRECTION('',(1.,0.));
#8168 = ( GEOMETRIC_REPRESENTATION_CONTEXT(2) 
PARAMETRIC_REPRESENTATION_CONTEXT() REPRESENTATION_CONTEXT('2D SPACE',''
  ) );
#8169 = ORIENTED_EDGE('',*,*,#8027,.F.);
#8170 = ADVANCED_FACE('',(#8171),#7986,.T.);
#8171 = FACE_BOUND('',#8172,.T.);
#8172 = EDGE_LOOP('',(#8173,#8194,#8195,#8216));
#8173 = ORIENTED_EDGE('',*,*,#8174,.F.);
#8174 = EDGE_CURVE('',#7943,#8058,#8175,.T.);
#8175 = SURFACE_CURVE('',#8176,(#8180,#8187),.PCURVE_S1.);
#8176 = LINE('',#8177,#8178);
#8177 = CARTESIAN_POINT('',(5.61,-2.1,3.68));
#8178 = VECTOR('',#8179,1.);
#8179 = DIRECTION('',(1.,0.,0.));
#8180 = PCURVE('',#7986,#8181);
#8181 = DEFINITIONAL_REPRESENTATION('',(#8182),#8186);
#8182 = LINE('',#8183,#8184);
#8183 = CARTESIAN_POINT('',(0.,0.));
#8184 = VECTOR('',#8185,1.);
#8185 = DIRECTION('',(0.,1.));
#8186 = ( GEOMETRIC_REPRESENTATION_CONTEXT(2) 
PARAMETRIC_REPRESENTATION_CONTEXT() REPRESENTATION_CONTEXT('2D SPACE',''
  ) );
#8187 = PCURVE('',#7958,#8188);
#8188 = DEFINITIONAL_REPRESENTATION('',(#8189),#8193);
#8189 = LINE('',#8190,#8191);
#8190 = CARTESIAN_POINT('',(0.,0.8));
#8191 = VECTOR('',#8192,1.);
#8192 = DIRECTION('',(1.,0.));
#8193 = ( GEOMETRIC_REPRESENTATION_CONTEXT(2) 
PARAMETRIC_REPRESENTATION_CONTEXT() REPRESENTATION_CONTEXT('2D SPACE',''
  ) );
#8194 = ORIENTED_EDGE('',*,*,#7970,.T.);
#8195 = ORIENTED_EDGE('',*,*,#8196,.T.);
#8196 = EDGE_CURVE('',#7971,#8081,#8197,.T.);
#8197 = SURFACE_CURVE('',#8198,(#8202,#8209),.PCURVE_S1.);
#8198 = LINE('',#8199,#8200);
#8199 = CARTESIAN_POINT('',(5.61,-2.1,4.01));
#8200 = VECTOR('',#8201,1.);
#8201 = DIRECTION('',(1.,0.,0.));
#8202 = PCURVE('',#7986,#8203);
#8203 = DEFINITIONAL_REPRESENTATION('',(#8204),#8208);
#8204 = LINE('',#8205,#8206);
#8205 = CARTESIAN_POINT('',(0.33,0.));
#8206 = VECTOR('',#8207,1.);
#8207 = DIRECTION('',(0.,1.));
#8208 = ( GEOMETRIC_REPRESENTATION_CONTEXT(2) 
PARAMETRIC_REPRESENTATION_CONTEXT() REPRESENTATION_CONTEXT('2D SPACE',''
  ) );
#8209 = PCURVE('',#8012,#8210);
#8210 = DEFINITIONAL_REPRESENTATION('',(#8211),#8215);
#8211 = LINE('',#8212,#8213);
#8212 = CARTESIAN_POINT('',(0.,0.8));
#8213 = VECTOR('',#8214,1.);
#8214 = DIRECTION('',(1.,0.));
#8215 = ( GEOMETRIC_REPRESENTATION_CONTEXT(2) 
PARAMETRIC_REPRESENTATION_CONTEXT() REPRESENTATION_CONTEXT('2D SPACE',''
  ) );
#8216 = ORIENTED_EDGE('',*,*,#8080,.F.);
#8217 = ADVANCED_FACE('',(#8218),#7958,.F.);
#8218 = FACE_BOUND('',#8219,.F.);
#8219 = EDGE_LOOP('',(#8220,#8221,#8222,#8223));
#8220 = ORIENTED_EDGE('',*,*,#7942,.F.);
#8221 = ORIENTED_EDGE('',*,*,#8127,.T.);
#8222 = ORIENTED_EDGE('',*,*,#8057,.T.);
#8223 = ORIENTED_EDGE('',*,*,#8174,.F.);
#8224 = ADVANCED_FACE('',(#8225),#8012,.T.);
#8225 = FACE_BOUND('',#8226,.T.);
#8226 = EDGE_LOOP('',(#8227,#8228,#8229,#8230));
#8227 = ORIENTED_EDGE('',*,*,#7998,.F.);
#8228 = ORIENTED_EDGE('',*,*,#8149,.T.);
#8229 = ORIENTED_EDGE('',*,*,#8103,.T.);
#8230 = ORIENTED_EDGE('',*,*,#8196,.F.);
#8231 = ( GEOMETRIC_REPRESENTATION_CONTEXT(3) 
GLOBAL_UNCERTAINTY_ASSIGNED_CONTEXT((#8235)) 
GLOBAL_UNIT_ASSIGNED_CONTEXT((#8232,#8233,#8234)) REPRESENTATION_CONTEXT
('Context #1','3D Context with UNIT and UNCERTAINTY') );
#8232 = ( LENGTH_UNIT() NAMED_UNIT(*) SI_UNIT(.MILLI.,.METRE.) );
#8233 = ( NAMED_UNIT(*) PLANE_ANGLE_UNIT() SI_UNIT($,.RADIAN.) );
#8234 = ( NAMED_UNIT(*) SI_UNIT($,.STERADIAN.) SOLID_ANGLE_UNIT() );
#8235 = UNCERTAINTY_MEASURE_WITH_UNIT(LENGTH_MEASURE(1.E-07),#8232,
  'distance_accuracy_value','confusion accuracy');
#8236 = CONTEXT_DEPENDENT_SHAPE_REPRESENTATION(#8237,#8239);
#8237 = ( REPRESENTATION_RELATIONSHIP('','',#7900,#10) 
REPRESENTATION_RELATIONSHIP_WITH_TRANSFORMATION(#8238) 
SHAPE_REPRESENTATION_RELATIONSHIP() );
#8238 = ITEM_DEFINED_TRANSFORMATION('','',#11,#39);
#8239 = PRODUCT_DEFINITION_SHAPE('Placement','Placement of an item',
  #8240);
#8240 = NEXT_ASSEMBLY_USAGE_OCCURRENCE('7','contact_3','',#5,#7895,$);
#8241 = PRODUCT_RELATED_PRODUCT_CATEGORY('part',$,(#7897));
#8242 = SHAPE_DEFINITION_REPRESENTATION(#8243,#8249);
#8243 = PRODUCT_DEFINITION_SHAPE('','',#8244);
#8244 = PRODUCT_DEFINITION('design','',#8245,#8248);
#8245 = PRODUCT_DEFINITION_FORMATION('','',#8246);
#8246 = PRODUCT('pin_3','pin_3','',(#8247));
#8247 = PRODUCT_CONTEXT('',#2,'mechanical');
#8248 = PRODUCT_DEFINITION_CONTEXT('part definition',#2,'design');
#8249 = ADVANCED_BREP_SHAPE_REPRESENTATION('',(#11,#8250),#8736);
#8250 = MANIFOLD_SOLID_BREP('',#8251);
#8251 = CLOSED_SHELL('',(#8252,#8428,#8504,#8553,#8602,#8651,#8700,#8727
    ));
#8252 = ADVANCED_FACE('',(#8253),#8267,.F.);
#8253 = FACE_BOUND('',#8254,.F.);
#8254 = EDGE_LOOP('',(#8255,#8290,#8318,#8346,#8374,#8402));
#8255 = ORIENTED_EDGE('',*,*,#8256,.F.);
#8256 = EDGE_CURVE('',#8257,#8259,#8261,.T.);
#8257 = VERTEX_POINT('',#8258);
#8258 = CARTESIAN_POINT('',(1.875,-2.8,-2.88));
#8259 = VERTEX_POINT('',#8260);
#8260 = CARTESIAN_POINT('',(1.875,-2.8,1.5));
#8261 = SURFACE_CURVE('',#8262,(#8266,#8278),.PCURVE_S1.);
#8262 = LINE('',#8263,#8264);
#8263 = CARTESIAN_POINT('',(1.875,-2.8,-3.));
#8264 = VECTOR('',#8265,1.);
#8265 = DIRECTION('',(0.,0.,1.));
#8266 = PCURVE('',#8267,#8272);
#8267 = PLANE('',#8268);
#8268 = AXIS2_PLACEMENT_3D('',#8269,#8270,#8271);
#8269 = CARTESIAN_POINT('',(1.875,-2.8,-3.));
#8270 = DIRECTION('',(1.,0.,0.));
#8271 = DIRECTION('',(0.,0.,1.));
#8272 = DEFINITIONAL_REPRESENTATION('',(#8273),#8277);
#8273 = LINE('',#8274,#8275);
#8274 = CARTESIAN_POINT('',(0.,0.));
#8275 = VECTOR('',#8276,1.);
#8276 = DIRECTION('',(1.,0.));
#8277 = ( GEOMETRIC_REPRESENTATION_CONTEXT(2) 
PARAMETRIC_REPRESENTATION_CONTEXT() REPRESENTATION_CONTEXT('2D SPACE',''
  ) );
#8278 = PCURVE('',#8279,#8284);
#8279 = PLANE('',#8280);
#8280 = AXIS2_PLACEMENT_3D('',#8281,#8282,#8283);
#8281 = CARTESIAN_POINT('',(1.875,-2.8,-3.));
#8282 = DIRECTION('',(0.,1.,0.));
#8283 = DIRECTION('',(0.,0.,1.));
#8284 = DEFINITIONAL_REPRESENTATION('',(#8285),#8289);
#8285 = LINE('',#8286,#8287);
#8286 = CARTESIAN_POINT('',(0.,0.));
#8287 = VECTOR('',#8288,1.);
#8288 = DIRECTION('',(1.,0.));
#8289 = ( GEOMETRIC_REPRESENTATION_CONTEXT(2) 
PARAMETRIC_REPRESENTATION_CONTEXT() REPRESENTATION_CONTEXT('2D SPACE',''
  ) );
#8290 = ORIENTED_EDGE('',*,*,#8291,.T.);
#8291 = EDGE_CURVE('',#8257,#8292,#8294,.T.);
#8292 = VERTEX_POINT('',#8293);
#8293 = CARTESIAN_POINT('',(1.875,-2.68,-3.));
#8294 = SURFACE_CURVE('',#8295,(#8299,#8306),.PCURVE_S1.);
#8295 = LINE('',#8296,#8297);
#8296 = CARTESIAN_POINT('',(1.875,-2.74,-2.94));
#8297 = VECTOR('',#8298,1.);
#8298 = DIRECTION('',(0.,0.707106781187,-0.707106781187));
#8299 = PCURVE('',#8267,#8300);
#8300 = DEFINITIONAL_REPRESENTATION('',(#8301),#8305);
#8301 = LINE('',#8302,#8303);
#8302 = CARTESIAN_POINT('',(6.E-02,-6.E-02));
#8303 = VECTOR('',#8304,1.);
#8304 = DIRECTION('',(-0.707106781187,-0.707106781187));
#8305 = ( GEOMETRIC_REPRESENTATION_CONTEXT(2) 
PARAMETRIC_REPRESENTATION_CONTEXT() REPRESENTATION_CONTEXT('2D SPACE',''
  ) );
#8306 = PCURVE('',#8307,#8312);
#8307 = PLANE('',#8308);
#8308 = AXIS2_PLACEMENT_3D('',#8309,#8310,#8311);
#8309 = CARTESIAN_POINT('',(1.875,-2.74,-2.94));
#8310 = DIRECTION('',(0.,-0.707106781187,-0.707106781187));
#8311 = DIRECTION('',(-1.,-0.,-0.));
#8312 = DEFINITIONAL_REPRESENTATION('',(#8313),#8317);
#8313 = LINE('',#8314,#8315);
#8314 = CARTESIAN_POINT('',(-0.,0.));
#8315 = VECTOR('',#8316,1.);
#8316 = DIRECTION('',(-0.,1.));
#8317 = ( GEOMETRIC_REPRESENTATION_CONTEXT(2) 
PARAMETRIC_REPRESENTATION_CONTEXT() REPRESENTATION_CONTEXT('2D SPACE',''
  ) );
#8318 = ORIENTED_EDGE('',*,*,#8319,.T.);
#8319 = EDGE_CURVE('',#8292,#8320,#8322,.T.);
#8320 = VERTEX_POINT('',#8321);
#8321 = CARTESIAN_POINT('',(1.875,-2.32,-3.));
#8322 = SURFACE_CURVE('',#8323,(#8327,#8334),.PCURVE_S1.);
#8323 = LINE('',#8324,#8325);
#8324 = CARTESIAN_POINT('',(1.875,-2.8,-3.));
#8325 = VECTOR('',#8326,1.);
#8326 = DIRECTION('',(0.,1.,0.));
#8327 = PCURVE('',#8267,#8328);
#8328 = DEFINITIONAL_REPRESENTATION('',(#8329),#8333);
#8329 = LINE('',#8330,#8331);
#8330 = CARTESIAN_POINT('',(0.,0.));
#8331 = VECTOR('',#8332,1.);
#8332 = DIRECTION('',(0.,-1.));
#8333 = ( GEOMETRIC_REPRESENTATION_CONTEXT(2) 
PARAMETRIC_REPRESENTATION_CONTEXT() REPRESENTATION_CONTEXT('2D SPACE',''
  ) );
#8334 = PCURVE('',#8335,#8340);
#8335 = PLANE('',#8336);
#8336 = AXIS2_PLACEMENT_3D('',#8337,#8338,#8339);
#8337 = CARTESIAN_POINT('',(1.875,-2.8,-3.));
#8338 = DIRECTION('',(0.,0.,1.));
#8339 = DIRECTION('',(1.,0.,0.));
#8340 = DEFINITIONAL_REPRESENTATION('',(#8341),#8345);
#8341 = LINE('',#8342,#8343);
#8342 = CARTESIAN_POINT('',(0.,0.));
#8343 = VECTOR('',#8344,1.);
#8344 = DIRECTION('',(0.,1.));
#8345 = ( GEOMETRIC_REPRESENTATION_CONTEXT(2) 
PARAMETRIC_REPRESENTATION_CONTEXT() REPRESENTATION_CONTEXT('2D SPACE',''
  ) );
#8346 = ORIENTED_EDGE('',*,*,#8347,.F.);
#8347 = EDGE_CURVE('',#8348,#8320,#8350,.T.);
#8348 = VERTEX_POINT('',#8349);
#8349 = CARTESIAN_POINT('',(1.875,-2.2,-2.88));
#8350 = SURFACE_CURVE('',#8351,(#8355,#8362),.PCURVE_S1.);
#8351 = LINE('',#8352,#8353);
#8352 = CARTESIAN_POINT('',(1.875,-2.41,-3.09));
#8353 = VECTOR('',#8354,1.);
#8354 = DIRECTION('',(0.,-0.707106781187,-0.707106781187));
#8355 = PCURVE('',#8267,#8356);
#8356 = DEFINITIONAL_REPRESENTATION('',(#8357),#8361);
#8357 = LINE('',#8358,#8359);
#8358 = CARTESIAN_POINT('',(-9.E-02,-0.39));
#8359 = VECTOR('',#8360,1.);
#8360 = DIRECTION('',(-0.707106781187,0.707106781187));
#8361 = ( GEOMETRIC_REPRESENTATION_CONTEXT(2) 
PARAMETRIC_REPRESENTATION_CONTEXT() REPRESENTATION_CONTEXT('2D SPACE',''
  ) );
#8362 = PCURVE('',#8363,#8368);
#8363 = PLANE('',#8364);
#8364 = AXIS2_PLACEMENT_3D('',#8365,#8366,#8367);
#8365 = CARTESIAN_POINT('',(1.875,-2.26,-2.94));
#8366 = DIRECTION('',(0.,-0.707106781187,0.707106781187));
#8367 = DIRECTION('',(-1.,-0.,-0.));
#8368 = DEFINITIONAL_REPRESENTATION('',(#8369),#8373);
#8369 = LINE('',#8370,#8371);
#8370 = CARTESIAN_POINT('',(-0.,0.212132034356));
#8371 = VECTOR('',#8372,1.);
#8372 = DIRECTION('',(-0.,1.));
#8373 = ( GEOMETRIC_REPRESENTATION_CONTEXT(2) 
PARAMETRIC_REPRESENTATION_CONTEXT() REPRESENTATION_CONTEXT('2D SPACE',''
  ) );
#8374 = ORIENTED_EDGE('',*,*,#8375,.T.);
#8375 = EDGE_CURVE('',#8348,#8376,#8378,.T.);
#8376 = VERTEX_POINT('',#8377);
#8377 = CARTESIAN_POINT('',(1.875,-2.2,1.5));
#8378 = SURFACE_CURVE('',#8379,(#8383,#8390),.PCURVE_S1.);
#8379 = LINE('',#8380,#8381);
#8380 = CARTESIAN_POINT('',(1.875,-2.2,-3.));
#8381 = VECTOR('',#8382,1.);
#8382 = DIRECTION('',(0.,0.,1.));
#8383 = PCURVE('',#8267,#8384);
#8384 = DEFINITIONAL_REPRESENTATION('',(#8385),#8389);
#8385 = LINE('',#8386,#8387);
#8386 = CARTESIAN_POINT('',(0.,-0.6));
#8387 = VECTOR('',#8388,1.);
#8388 = DIRECTION('',(1.,0.));
#8389 = ( GEOMETRIC_REPRESENTATION_CONTEXT(2) 
PARAMETRIC_REPRESENTATION_CONTEXT() REPRESENTATION_CONTEXT('2D SPACE',''
  ) );
#8390 = PCURVE('',#8391,#8396);
#8391 = PLANE('',#8392);
#8392 = AXIS2_PLACEMENT_3D('',#8393,#8394,#8395);
#8393 = CARTESIAN_POINT('',(1.875,-2.2,-3.));
#8394 = DIRECTION('',(0.,1.,0.));
#8395 = DIRECTION('',(0.,0.,1.));
#8396 = DEFINITIONAL_REPRESENTATION('',(#8397),#8401);
#8397 = LINE('',#8398,#8399);
#8398 = CARTESIAN_POINT('',(0.,0.));
#8399 = VECTOR('',#8400,1.);
#8400 = DIRECTION('',(1.,0.));
#8401 = ( GEOMETRIC_REPRESENTATION_CONTEXT(2) 
PARAMETRIC_REPRESENTATION_CONTEXT() REPRESENTATION_CONTEXT('2D SPACE',''
  ) );
#8402 = ORIENTED_EDGE('',*,*,#8403,.F.);
#8403 = EDGE_CURVE('',#8259,#8376,#8404,.T.);
#8404 = SURFACE_CURVE('',#8405,(#8409,#8416),.PCURVE_S1.);
#8405 = LINE('',#8406,#8407);
#8406 = CARTESIAN_POINT('',(1.875,-2.8,1.5));
#8407 = VECTOR('',#8408,1.);
#8408 = DIRECTION('',(0.,1.,0.));
#8409 = PCURVE('',#8267,#8410);
#8410 = DEFINITIONAL_REPRESENTATION('',(#8411),#8415);
#8411 = LINE('',#8412,#8413);
#8412 = CARTESIAN_POINT('',(4.5,0.));
#8413 = VECTOR('',#8414,1.);
#8414 = DIRECTION('',(0.,-1.));
#8415 = ( GEOMETRIC_REPRESENTATION_CONTEXT(2) 
PARAMETRIC_REPRESENTATION_CONTEXT() REPRESENTATION_CONTEXT('2D SPACE',''
  ) );
#8416 = PCURVE('',#8417,#8422);
#8417 = PLANE('',#8418);
#8418 = AXIS2_PLACEMENT_3D('',#8419,#8420,#8421);
#8419 = CARTESIAN_POINT('',(1.875,-2.8,1.5));
#8420 = DIRECTION('',(0.,0.,1.));
#8421 = DIRECTION('',(1.,0.,0.));
#8422 = DEFINITIONAL_REPRESENTATION('',(#8423),#8427);
#8423 = LINE('',#8424,#8425);
#8424 = CARTESIAN_POINT('',(0.,0.));
#8425 = VECTOR('',#8426,1.);
#8426 = DIRECTION('',(0.,1.));
#8427 = ( GEOMETRIC_REPRESENTATION_CONTEXT(2) 
PARAMETRIC_REPRESENTATION_CONTEXT() REPRESENTATION_CONTEXT('2D SPACE',''
  ) );
#8428 = ADVANCED_FACE('',(#8429),#8279,.F.);
#8429 = FACE_BOUND('',#8430,.F.);
#8430 = EDGE_LOOP('',(#8431,#8461,#8482,#8483));
#8431 = ORIENTED_EDGE('',*,*,#8432,.F.);
#8432 = EDGE_CURVE('',#8433,#8435,#8437,.T.);
#8433 = VERTEX_POINT('',#8434);
#8434 = CARTESIAN_POINT('',(2.125,-2.8,-2.88));
#8435 = VERTEX_POINT('',#8436);
#8436 = CARTESIAN_POINT('',(2.125,-2.8,1.5));
#8437 = SURFACE_CURVE('',#8438,(#8442,#8449),.PCURVE_S1.);
#8438 = LINE('',#8439,#8440);
#8439 = CARTESIAN_POINT('',(2.125,-2.8,-3.));
#8440 = VECTOR('',#8441,1.);
#8441 = DIRECTION('',(0.,0.,1.));
#8442 = PCURVE('',#8279,#8443);
#8443 = DEFINITIONAL_REPRESENTATION('',(#8444),#8448);
#8444 = LINE('',#8445,#8446);
#8445 = CARTESIAN_POINT('',(0.,0.25));
#8446 = VECTOR('',#8447,1.);
#8447 = DIRECTION('',(1.,0.));
#8448 = ( GEOMETRIC_REPRESENTATION_CONTEXT(2) 
PARAMETRIC_REPRESENTATION_CONTEXT() REPRESENTATION_CONTEXT('2D SPACE',''
  ) );
#8449 = PCURVE('',#8450,#8455);
#8450 = PLANE('',#8451);
#8451 = AXIS2_PLACEMENT_3D('',#8452,#8453,#8454);
#8452 = CARTESIAN_POINT('',(2.125,-2.8,-3.));
#8453 = DIRECTION('',(1.,0.,0.));
#8454 = DIRECTION('',(0.,0.,1.));
#8455 = DEFINITIONAL_REPRESENTATION('',(#8456),#8460);
#8456 = LINE('',#8457,#8458);
#8457 = CARTESIAN_POINT('',(0.,0.));
#8458 = VECTOR('',#8459,1.);
#8459 = DIRECTION('',(1.,0.));
#8460 = ( GEOMETRIC_REPRESENTATION_CONTEXT(2) 
PARAMETRIC_REPRESENTATION_CONTEXT() REPRESENTATION_CONTEXT('2D SPACE',''
  ) );
#8461 = ORIENTED_EDGE('',*,*,#8462,.F.);
#8462 = EDGE_CURVE('',#8257,#8433,#8463,.T.);
#8463 = SURFACE_CURVE('',#8464,(#8468,#8475),.PCURVE_S1.);
#8464 = LINE('',#8465,#8466);
#8465 = CARTESIAN_POINT('',(1.875,-2.8,-2.88));
#8466 = VECTOR('',#8467,1.);
#8467 = DIRECTION('',(1.,0.,0.));
#8468 = PCURVE('',#8279,#8469);
#8469 = DEFINITIONAL_REPRESENTATION('',(#8470),#8474);
#8470 = LINE('',#8471,#8472);
#8471 = CARTESIAN_POINT('',(0.12,0.));
#8472 = VECTOR('',#8473,1.);
#8473 = DIRECTION('',(0.,1.));
#8474 = ( GEOMETRIC_REPRESENTATION_CONTEXT(2) 
PARAMETRIC_REPRESENTATION_CONTEXT() REPRESENTATION_CONTEXT('2D SPACE',''
  ) );
#8475 = PCURVE('',#8307,#8476);
#8476 = DEFINITIONAL_REPRESENTATION('',(#8477),#8481);
#8477 = LINE('',#8478,#8479);
#8478 = CARTESIAN_POINT('',(-0.,-8.485281374239E-02));
#8479 = VECTOR('',#8480,1.);
#8480 = DIRECTION('',(-1.,0.));
#8481 = ( GEOMETRIC_REPRESENTATION_CONTEXT(2) 
PARAMETRIC_REPRESENTATION_CONTEXT() REPRESENTATION_CONTEXT('2D SPACE',''
  ) );
#8482 = ORIENTED_EDGE('',*,*,#8256,.T.);
#8483 = ORIENTED_EDGE('',*,*,#8484,.T.);
#8484 = EDGE_CURVE('',#8259,#8435,#8485,.T.);
#8485 = SURFACE_CURVE('',#8486,(#8490,#8497),.PCURVE_S1.);
#8486 = LINE('',#8487,#8488);
#8487 = CARTESIAN_POINT('',(1.875,-2.8,1.5));
#8488 = VECTOR('',#8489,1.);
#8489 = DIRECTION('',(1.,0.,0.));
#8490 = PCURVE('',#8279,#8491);
#8491 = DEFINITIONAL_REPRESENTATION('',(#8492),#8496);
#8492 = LINE('',#8493,#8494);
#8493 = CARTESIAN_POINT('',(4.5,0.));
#8494 = VECTOR('',#8495,1.);
#8495 = DIRECTION('',(0.,1.));
#8496 = ( GEOMETRIC_REPRESENTATION_CONTEXT(2) 
PARAMETRIC_REPRESENTATION_CONTEXT() REPRESENTATION_CONTEXT('2D SPACE',''
  ) );
#8497 = PCURVE('',#8417,#8498);
#8498 = DEFINITIONAL_REPRESENTATION('',(#8499),#8503);
#8499 = LINE('',#8500,#8501);
#8500 = CARTESIAN_POINT('',(0.,0.));
#8501 = VECTOR('',#8502,1.);
#8502 = DIRECTION('',(1.,0.));
#8503 = ( GEOMETRIC_REPRESENTATION_CONTEXT(2) 
PARAMETRIC_REPRESENTATION_CONTEXT() REPRESENTATION_CONTEXT('2D SPACE',''
  ) );
#8504 = ADVANCED_FACE('',(#8505),#8307,.T.);
#8505 = FACE_BOUND('',#8506,.F.);
#8506 = EDGE_LOOP('',(#8507,#8508,#8509,#8532));
#8507 = ORIENTED_EDGE('',*,*,#8291,.F.);
#8508 = ORIENTED_EDGE('',*,*,#8462,.T.);
#8509 = ORIENTED_EDGE('',*,*,#8510,.T.);
#8510 = EDGE_CURVE('',#8433,#8511,#8513,.T.);
#8511 = VERTEX_POINT('',#8512);
#8512 = CARTESIAN_POINT('',(2.125,-2.68,-3.));
#8513 = SURFACE_CURVE('',#8514,(#8518,#8525),.PCURVE_S1.);
#8514 = LINE('',#8515,#8516);
#8515 = CARTESIAN_POINT('',(2.125,-2.74,-2.94));
#8516 = VECTOR('',#8517,1.);
#8517 = DIRECTION('',(0.,0.707106781187,-0.707106781187));
#8518 = PCURVE('',#8307,#8519);
#8519 = DEFINITIONAL_REPRESENTATION('',(#8520),#8524);
#8520 = LINE('',#8521,#8522);
#8521 = CARTESIAN_POINT('',(-0.25,0.));
#8522 = VECTOR('',#8523,1.);
#8523 = DIRECTION('',(-0.,1.));
#8524 = ( GEOMETRIC_REPRESENTATION_CONTEXT(2) 
PARAMETRIC_REPRESENTATION_CONTEXT() REPRESENTATION_CONTEXT('2D SPACE',''
  ) );
#8525 = PCURVE('',#8450,#8526);
#8526 = DEFINITIONAL_REPRESENTATION('',(#8527),#8531);
#8527 = LINE('',#8528,#8529);
#8528 = CARTESIAN_POINT('',(6.E-02,-6.E-02));
#8529 = VECTOR('',#8530,1.);
#8530 = DIRECTION('',(-0.707106781187,-0.707106781187));
#8531 = ( GEOMETRIC_REPRESENTATION_CONTEXT(2) 
PARAMETRIC_REPRESENTATION_CONTEXT() REPRESENTATION_CONTEXT('2D SPACE',''
  ) );
#8532 = ORIENTED_EDGE('',*,*,#8533,.F.);
#8533 = EDGE_CURVE('',#8292,#8511,#8534,.T.);
#8534 = SURFACE_CURVE('',#8535,(#8539,#8546),.PCURVE_S1.);
#8535 = LINE('',#8536,#8537);
#8536 = CARTESIAN_POINT('',(1.875,-2.68,-3.));
#8537 = VECTOR('',#8538,1.);
#8538 = DIRECTION('',(1.,0.,0.));
#8539 = PCURVE('',#8307,#8540);
#8540 = DEFINITIONAL_REPRESENTATION('',(#8541),#8545);
#8541 = LINE('',#8542,#8543);
#8542 = CARTESIAN_POINT('',(-0.,8.485281374239E-02));
#8543 = VECTOR('',#8544,1.);
#8544 = DIRECTION('',(-1.,0.));
#8545 = ( GEOMETRIC_REPRESENTATION_CONTEXT(2) 
PARAMETRIC_REPRESENTATION_CONTEXT() REPRESENTATION_CONTEXT('2D SPACE',''
  ) );
#8546 = PCURVE('',#8335,#8547);
#8547 = DEFINITIONAL_REPRESENTATION('',(#8548),#8552);
#8548 = LINE('',#8549,#8550);
#8549 = CARTESIAN_POINT('',(0.,0.12));
#8550 = VECTOR('',#8551,1.);
#8551 = DIRECTION('',(1.,0.));
#8552 = ( GEOMETRIC_REPRESENTATION_CONTEXT(2) 
PARAMETRIC_REPRESENTATION_CONTEXT() REPRESENTATION_CONTEXT('2D SPACE',''
  ) );
#8553 = ADVANCED_FACE('',(#8554),#8417,.T.);
#8554 = FACE_BOUND('',#8555,.T.);
#8555 = EDGE_LOOP('',(#8556,#8557,#8558,#8581));
#8556 = ORIENTED_EDGE('',*,*,#8403,.F.);
#8557 = ORIENTED_EDGE('',*,*,#8484,.T.);
#8558 = ORIENTED_EDGE('',*,*,#8559,.T.);
#8559 = EDGE_CURVE('',#8435,#8560,#8562,.T.);
#8560 = VERTEX_POINT('',#8561);
#8561 = CARTESIAN_POINT('',(2.125,-2.2,1.5));
#8562 = SURFACE_CURVE('',#8563,(#8567,#8574),.PCURVE_S1.);
#8563 = LINE('',#8564,#8565);
#8564 = CARTESIAN_POINT('',(2.125,-2.8,1.5));
#8565 = VECTOR('',#8566,1.);
#8566 = DIRECTION('',(0.,1.,0.));
#8567 = PCURVE('',#8417,#8568);
#8568 = DEFINITIONAL_REPRESENTATION('',(#8569),#8573);
#8569 = LINE('',#8570,#8571);
#8570 = CARTESIAN_POINT('',(0.25,0.));
#8571 = VECTOR('',#8572,1.);
#8572 = DIRECTION('',(0.,1.));
#8573 = ( GEOMETRIC_REPRESENTATION_CONTEXT(2) 
PARAMETRIC_REPRESENTATION_CONTEXT() REPRESENTATION_CONTEXT('2D SPACE',''
  ) );
#8574 = PCURVE('',#8450,#8575);
#8575 = DEFINITIONAL_REPRESENTATION('',(#8576),#8580);
#8576 = LINE('',#8577,#8578);
#8577 = CARTESIAN_POINT('',(4.5,0.));
#8578 = VECTOR('',#8579,1.);
#8579 = DIRECTION('',(0.,-1.));
#8580 = ( GEOMETRIC_REPRESENTATION_CONTEXT(2) 
PARAMETRIC_REPRESENTATION_CONTEXT() REPRESENTATION_CONTEXT('2D SPACE',''
  ) );
#8581 = ORIENTED_EDGE('',*,*,#8582,.F.);
#8582 = EDGE_CURVE('',#8376,#8560,#8583,.T.);
#8583 = SURFACE_CURVE('',#8584,(#8588,#8595),.PCURVE_S1.);
#8584 = LINE('',#8585,#8586);
#8585 = CARTESIAN_POINT('',(1.875,-2.2,1.5));
#8586 = VECTOR('',#8587,1.);
#8587 = DIRECTION('',(1.,0.,0.));
#8588 = PCURVE('',#8417,#8589);
#8589 = DEFINITIONAL_REPRESENTATION('',(#8590),#8594);
#8590 = LINE('',#8591,#8592);
#8591 = CARTESIAN_POINT('',(0.,0.6));
#8592 = VECTOR('',#8593,1.);
#8593 = DIRECTION('',(1.,0.));
#8594 = ( GEOMETRIC_REPRESENTATION_CONTEXT(2) 
PARAMETRIC_REPRESENTATION_CONTEXT() REPRESENTATION_CONTEXT('2D SPACE',''
  ) );
#8595 = PCURVE('',#8391,#8596);
#8596 = DEFINITIONAL_REPRESENTATION('',(#8597),#8601);
#8597 = LINE('',#8598,#8599);
#8598 = CARTESIAN_POINT('',(4.5,0.));
#8599 = VECTOR('',#8600,1.);
#8600 = DIRECTION('',(0.,1.));
#8601 = ( GEOMETRIC_REPRESENTATION_CONTEXT(2) 
PARAMETRIC_REPRESENTATION_CONTEXT() REPRESENTATION_CONTEXT('2D SPACE',''
  ) );
#8602 = ADVANCED_FACE('',(#8603),#8335,.F.);
#8603 = FACE_BOUND('',#8604,.F.);
#8604 = EDGE_LOOP('',(#8605,#8606,#8607,#8630));
#8605 = ORIENTED_EDGE('',*,*,#8319,.F.);
#8606 = ORIENTED_EDGE('',*,*,#8533,.T.);
#8607 = ORIENTED_EDGE('',*,*,#8608,.T.);
#8608 = EDGE_CURVE('',#8511,#8609,#8611,.T.);
#8609 = VERTEX_POINT('',#8610);
#8610 = CARTESIAN_POINT('',(2.125,-2.32,-3.));
#8611 = SURFACE_CURVE('',#8612,(#8616,#8623),.PCURVE_S1.);
#8612 = LINE('',#8613,#8614);
#8613 = CARTESIAN_POINT('',(2.125,-2.8,-3.));
#8614 = VECTOR('',#8615,1.);
#8615 = DIRECTION('',(0.,1.,0.));
#8616 = PCURVE('',#8335,#8617);
#8617 = DEFINITIONAL_REPRESENTATION('',(#8618),#8622);
#8618 = LINE('',#8619,#8620);
#8619 = CARTESIAN_POINT('',(0.25,0.));
#8620 = VECTOR('',#8621,1.);
#8621 = DIRECTION('',(0.,1.));
#8622 = ( GEOMETRIC_REPRESENTATION_CONTEXT(2) 
PARAMETRIC_REPRESENTATION_CONTEXT() REPRESENTATION_CONTEXT('2D SPACE',''
  ) );
#8623 = PCURVE('',#8450,#8624);
#8624 = DEFINITIONAL_REPRESENTATION('',(#8625),#8629);
#8625 = LINE('',#8626,#8627);
#8626 = CARTESIAN_POINT('',(0.,0.));
#8627 = VECTOR('',#8628,1.);
#8628 = DIRECTION('',(0.,-1.));
#8629 = ( GEOMETRIC_REPRESENTATION_CONTEXT(2) 
PARAMETRIC_REPRESENTATION_CONTEXT() REPRESENTATION_CONTEXT('2D SPACE',''
  ) );
#8630 = ORIENTED_EDGE('',*,*,#8631,.F.);
#8631 = EDGE_CURVE('',#8320,#8609,#8632,.T.);
#8632 = SURFACE_CURVE('',#8633,(#8637,#8644),.PCURVE_S1.);
#8633 = LINE('',#8634,#8635);
#8634 = CARTESIAN_POINT('',(1.875,-2.32,-3.));
#8635 = VECTOR('',#8636,1.);
#8636 = DIRECTION('',(1.,0.,0.));
#8637 = PCURVE('',#8335,#8638);
#8638 = DEFINITIONAL_REPRESENTATION('',(#8639),#8643);
#8639 = LINE('',#8640,#8641);
#8640 = CARTESIAN_POINT('',(0.,0.48));
#8641 = VECTOR('',#8642,1.);
#8642 = DIRECTION('',(1.,0.));
#8643 = ( GEOMETRIC_REPRESENTATION_CONTEXT(2) 
PARAMETRIC_REPRESENTATION_CONTEXT() REPRESENTATION_CONTEXT('2D SPACE',''
  ) );
#8644 = PCURVE('',#8363,#8645);
#8645 = DEFINITIONAL_REPRESENTATION('',(#8646),#8650);
#8646 = LINE('',#8647,#8648);
#8647 = CARTESIAN_POINT('',(-0.,8.485281374239E-02));
#8648 = VECTOR('',#8649,1.);
#8649 = DIRECTION('',(-1.,0.));
#8650 = ( GEOMETRIC_REPRESENTATION_CONTEXT(2) 
PARAMETRIC_REPRESENTATION_CONTEXT() REPRESENTATION_CONTEXT('2D SPACE',''
  ) );
#8651 = ADVANCED_FACE('',(#8652),#8391,.T.);
#8652 = FACE_BOUND('',#8653,.T.);
#8653 = EDGE_LOOP('',(#8654,#8677,#8698,#8699));
#8654 = ORIENTED_EDGE('',*,*,#8655,.F.);
#8655 = EDGE_CURVE('',#8656,#8560,#8658,.T.);
#8656 = VERTEX_POINT('',#8657);
#8657 = CARTESIAN_POINT('',(2.125,-2.2,-2.88));
#8658 = SURFACE_CURVE('',#8659,(#8663,#8670),.PCURVE_S1.);
#8659 = LINE('',#8660,#8661);
#8660 = CARTESIAN_POINT('',(2.125,-2.2,-3.));
#8661 = VECTOR('',#8662,1.);
#8662 = DIRECTION('',(0.,0.,1.));
#8663 = PCURVE('',#8391,#8664);
#8664 = DEFINITIONAL_REPRESENTATION('',(#8665),#8669);
#8665 = LINE('',#8666,#8667);
#8666 = CARTESIAN_POINT('',(0.,0.25));
#8667 = VECTOR('',#8668,1.);
#8668 = DIRECTION('',(1.,0.));
#8669 = ( GEOMETRIC_REPRESENTATION_CONTEXT(2) 
PARAMETRIC_REPRESENTATION_CONTEXT() REPRESENTATION_CONTEXT('2D SPACE',''
  ) );
#8670 = PCURVE('',#8450,#8671);
#8671 = DEFINITIONAL_REPRESENTATION('',(#8672),#8676);
#8672 = LINE('',#8673,#8674);
#8673 = CARTESIAN_POINT('',(0.,-0.6));
#8674 = VECTOR('',#8675,1.);
#8675 = DIRECTION('',(1.,0.));
#8676 = ( GEOMETRIC_REPRESENTATION_CONTEXT(2) 
PARAMETRIC_REPRESENTATION_CONTEXT() REPRESENTATION_CONTEXT('2D SPACE',''
  ) );
#8677 = ORIENTED_EDGE('',*,*,#8678,.F.);
#8678 = EDGE_CURVE('',#8348,#8656,#8679,.T.);
#8679 = SURFACE_CURVE('',#8680,(#8684,#8691),.PCURVE_S1.);
#8680 = LINE('',#8681,#8682);
#8681 = CARTESIAN_POINT('',(1.875,-2.2,-2.88));
#8682 = VECTOR('',#8683,1.);
#8683 = DIRECTION('',(1.,0.,0.));
#8684 = PCURVE('',#8391,#8685);
#8685 = DEFINITIONAL_REPRESENTATION('',(#8686),#8690);
#8686 = LINE('',#8687,#8688);
#8687 = CARTESIAN_POINT('',(0.12,0.));
#8688 = VECTOR('',#8689,1.);
#8689 = DIRECTION('',(0.,1.));
#8690 = ( GEOMETRIC_REPRESENTATION_CONTEXT(2) 
PARAMETRIC_REPRESENTATION_CONTEXT() REPRESENTATION_CONTEXT('2D SPACE',''
  ) );
#8691 = PCURVE('',#8363,#8692);
#8692 = DEFINITIONAL_REPRESENTATION('',(#8693),#8697);
#8693 = LINE('',#8694,#8695);
#8694 = CARTESIAN_POINT('',(-0.,-8.485281374239E-02));
#8695 = VECTOR('',#8696,1.);
#8696 = DIRECTION('',(-1.,0.));
#8697 = ( GEOMETRIC_REPRESENTATION_CONTEXT(2) 
PARAMETRIC_REPRESENTATION_CONTEXT() REPRESENTATION_CONTEXT('2D SPACE',''
  ) );
#8698 = ORIENTED_EDGE('',*,*,#8375,.T.);
#8699 = ORIENTED_EDGE('',*,*,#8582,.T.);
#8700 = ADVANCED_FACE('',(#8701),#8363,.F.);
#8701 = FACE_BOUND('',#8702,.T.);
#8702 = EDGE_LOOP('',(#8703,#8704,#8705,#8726));
#8703 = ORIENTED_EDGE('',*,*,#8347,.F.);
#8704 = ORIENTED_EDGE('',*,*,#8678,.T.);
#8705 = ORIENTED_EDGE('',*,*,#8706,.T.);
#8706 = EDGE_CURVE('',#8656,#8609,#8707,.T.);
#8707 = SURFACE_CURVE('',#8708,(#8712,#8719),.PCURVE_S1.);
#8708 = LINE('',#8709,#8710);
#8709 = CARTESIAN_POINT('',(2.125,-2.41,-3.09));
#8710 = VECTOR('',#8711,1.);
#8711 = DIRECTION('',(0.,-0.707106781187,-0.707106781187));
#8712 = PCURVE('',#8363,#8713);
#8713 = DEFINITIONAL_REPRESENTATION('',(#8714),#8718);
#8714 = LINE('',#8715,#8716);
#8715 = CARTESIAN_POINT('',(-0.25,0.212132034356));
#8716 = VECTOR('',#8717,1.);
#8717 = DIRECTION('',(-0.,1.));
#8718 = ( GEOMETRIC_REPRESENTATION_CONTEXT(2) 
PARAMETRIC_REPRESENTATION_CONTEXT() REPRESENTATION_CONTEXT('2D SPACE',''
  ) );
#8719 = PCURVE('',#8450,#8720);
#8720 = DEFINITIONAL_REPRESENTATION('',(#8721),#8725);
#8721 = LINE('',#8722,#8723);
#8722 = CARTESIAN_POINT('',(-9.E-02,-0.39));
#8723 = VECTOR('',#8724,1.);
#8724 = DIRECTION('',(-0.707106781187,0.707106781187));
#8725 = ( GEOMETRIC_REPRESENTATION_CONTEXT(2) 
PARAMETRIC_REPRESENTATION_CONTEXT() REPRESENTATION_CONTEXT('2D SPACE',''
  ) );
#8726 = ORIENTED_EDGE('',*,*,#8631,.F.);
#8727 = ADVANCED_FACE('',(#8728),#8450,.T.);
#8728 = FACE_BOUND('',#8729,.T.);
#8729 = EDGE_LOOP('',(#8730,#8731,#8732,#8733,#8734,#8735));
#8730 = ORIENTED_EDGE('',*,*,#8432,.F.);
#8731 = ORIENTED_EDGE('',*,*,#8510,.T.);
#8732 = ORIENTED_EDGE('',*,*,#8608,.T.);
#8733 = ORIENTED_EDGE('',*,*,#8706,.F.);
#8734 = ORIENTED_EDGE('',*,*,#8655,.T.);
#8735 = ORIENTED_EDGE('',*,*,#8559,.F.);
#8736 = ( GEOMETRIC_REPRESENTATION_CONTEXT(3) 
GLOBAL_UNCERTAINTY_ASSIGNED_CONTEXT((#8740)) 
GLOBAL_UNIT_ASSIGNED_CONTEXT((#8737,#8738,#8739)) REPRESENTATION_CONTEXT
('Context #1','3D Context with UNIT and UNCERTAINTY') );
#8737 = ( LENGTH_UNIT() NAMED_UNIT(*) SI_UNIT(.MILLI.,.METRE.) );
#8738 = ( NAMED_UNIT(*) PLANE_ANGLE_UNIT() SI_UNIT($,.RADIAN.) );
#8739 = ( NAMED_UNIT(*) SI_UNIT($,.STERADIAN.) SOLID_ANGLE_UNIT() );
#8740 = UNCERTAINTY_MEASURE_WITH_UNIT(LENGTH_MEASURE(5.E-05),#8737,
  'distance_accuracy_value','confusion accuracy');
#8741 = CONTEXT_DEPENDENT_SHAPE_REPRESENTATION(#8742,#8744);
#8742 = ( REPRESENTATION_RELATIONSHIP('','',#8249,#10) 
REPRESENTATION_RELATIONSHIP_WITH_TRANSFORMATION(#8743) 
SHAPE_REPRESENTATION_RELATIONSHIP() );
#8743 = ITEM_DEFINED_TRANSFORMATION('','',#11,#43);
#8744 = PRODUCT_DEFINITION_SHAPE('Placement','Placement of an item',
  #8745);
#8745 = NEXT_ASSEMBLY_USAGE_OCCURRENCE('8','pin_3','',#5,#8244,$);
#8746 = PRODUCT_RELATED_PRODUCT_CATEGORY('part',$,(#8246));
#8747 = SHAPE_DEFINITION_REPRESENTATION(#8748,#8754);
#8748 = PRODUCT_DEFINITION_SHAPE('','',#8749);
#8749 = PRODUCT_DEFINITION('design','',#8750,#8753);
#8750 = PRODUCT_DEFINITION_FORMATION('','',#8751);
#8751 = PRODUCT('contact_4','contact_4','',(#8752));
#8752 = PRODUCT_CONTEXT('',#2,'mechanical');
#8753 = PRODUCT_DEFINITION_CONTEXT('part definition',#2,'design');
#8754 = ADVANCED_BREP_SHAPE_REPRESENTATION('',(#11,#8755),#9085);
#8755 = MANIFOLD_SOLID_BREP('',#8756);
#8756 = CLOSED_SHELL('',(#8757,#8877,#8977,#9024,#9071,#9078));
#8757 = ADVANCED_FACE('',(#8758),#8772,.F.);
#8758 = FACE_BOUND('',#8759,.F.);
#8759 = EDGE_LOOP('',(#8760,#8795,#8823,#8851));
#8760 = ORIENTED_EDGE('',*,*,#8761,.F.);
#8761 = EDGE_CURVE('',#8762,#8764,#8766,.T.);
#8762 = VERTEX_POINT('',#8763);
#8763 = CARTESIAN_POINT('',(5.61,-0.4,3.68));
#8764 = VERTEX_POINT('',#8765);
#8765 = CARTESIAN_POINT('',(5.61,-0.4,4.01));
#8766 = SURFACE_CURVE('',#8767,(#8771,#8783),.PCURVE_S1.);
#8767 = LINE('',#8768,#8769);
#8768 = CARTESIAN_POINT('',(5.61,-0.4,3.68));
#8769 = VECTOR('',#8770,1.);
#8770 = DIRECTION('',(0.,0.,1.));
#8771 = PCURVE('',#8772,#8777);
#8772 = PLANE('',#8773);
#8773 = AXIS2_PLACEMENT_3D('',#8774,#8775,#8776);
#8774 = CARTESIAN_POINT('',(5.61,-0.4,3.68));
#8775 = DIRECTION('',(1.,0.,0.));
#8776 = DIRECTION('',(0.,0.,1.));
#8777 = DEFINITIONAL_REPRESENTATION('',(#8778),#8782);
#8778 = LINE('',#8779,#8780);
#8779 = CARTESIAN_POINT('',(0.,0.));
#8780 = VECTOR('',#8781,1.);
#8781 = DIRECTION('',(1.,0.));
#8782 = ( GEOMETRIC_REPRESENTATION_CONTEXT(2) 
PARAMETRIC_REPRESENTATION_CONTEXT() REPRESENTATION_CONTEXT('2D SPACE',''
  ) );
#8783 = PCURVE('',#8784,#8789);
#8784 = PLANE('',#8785);
#8785 = AXIS2_PLACEMENT_3D('',#8786,#8787,#8788);
#8786 = CARTESIAN_POINT('',(5.61,-0.4,3.68));
#8787 = DIRECTION('',(0.,1.,0.));
#8788 = DIRECTION('',(0.,0.,1.));
#8789 = DEFINITIONAL_REPRESENTATION('',(#8790),#8794);
#8790 = LINE('',#8791,#8792);
#8791 = CARTESIAN_POINT('',(0.,0.));
#8792 = VECTOR('',#8793,1.);
#8793 = DIRECTION('',(1.,0.));
#8794 = ( GEOMETRIC_REPRESENTATION_CONTEXT(2) 
PARAMETRIC_REPRESENTATION_CONTEXT() REPRESENTATION_CONTEXT('2D SPACE',''
  ) );
#8795 = ORIENTED_EDGE('',*,*,#8796,.T.);
#8796 = EDGE_CURVE('',#8762,#8797,#8799,.T.);
#8797 = VERTEX_POINT('',#8798);
#8798 = CARTESIAN_POINT('',(5.61,0.4,3.68));
#8799 = SURFACE_CURVE('',#8800,(#8804,#8811),.PCURVE_S1.);
#8800 = LINE('',#8801,#8802);
#8801 = CARTESIAN_POINT('',(5.61,-0.4,3.68));
#8802 = VECTOR('',#8803,1.);
#8803 = DIRECTION('',(0.,1.,0.));
#8804 = PCURVE('',#8772,#8805);
#8805 = DEFINITIONAL_REPRESENTATION('',(#8806),#8810);
#8806 = LINE('',#8807,#8808);
#8807 = CARTESIAN_POINT('',(0.,0.));
#8808 = VECTOR('',#8809,1.);
#8809 = DIRECTION('',(0.,-1.));
#8810 = ( GEOMETRIC_REPRESENTATION_CONTEXT(2) 
PARAMETRIC_REPRESENTATION_CONTEXT() REPRESENTATION_CONTEXT('2D SPACE',''
  ) );
#8811 = PCURVE('',#8812,#8817);
#8812 = PLANE('',#8813);
#8813 = AXIS2_PLACEMENT_3D('',#8814,#8815,#8816);
#8814 = CARTESIAN_POINT('',(5.61,-0.4,3.68));
#8815 = DIRECTION('',(0.,0.,1.));
#8816 = DIRECTION('',(1.,0.,0.));
#8817 = DEFINITIONAL_REPRESENTATION('',(#8818),#8822);
#8818 = LINE('',#8819,#8820);
#8819 = CARTESIAN_POINT('',(0.,0.));
#8820 = VECTOR('',#8821,1.);
#8821 = DIRECTION('',(0.,1.));
#8822 = ( GEOMETRIC_REPRESENTATION_CONTEXT(2) 
PARAMETRIC_REPRESENTATION_CONTEXT() REPRESENTATION_CONTEXT('2D SPACE',''
  ) );
#8823 = ORIENTED_EDGE('',*,*,#8824,.T.);
#8824 = EDGE_CURVE('',#8797,#8825,#8827,.T.);
#8825 = VERTEX_POINT('',#8826);
#8826 = CARTESIAN_POINT('',(5.61,0.4,4.01));
#8827 = SURFACE_CURVE('',#8828,(#8832,#8839),.PCURVE_S1.);
#8828 = LINE('',#8829,#8830);
#8829 = CARTESIAN_POINT('',(5.61,0.4,3.68));
#8830 = VECTOR('',#8831,1.);
#8831 = DIRECTION('',(0.,0.,1.));
#8832 = PCURVE('',#8772,#8833);
#8833 = DEFINITIONAL_REPRESENTATION('',(#8834),#8838);
#8834 = LINE('',#8835,#8836);
#8835 = CARTESIAN_POINT('',(0.,-0.8));
#8836 = VECTOR('',#8837,1.);
#8837 = DIRECTION('',(1.,0.));
#8838 = ( GEOMETRIC_REPRESENTATION_CONTEXT(2) 
PARAMETRIC_REPRESENTATION_CONTEXT() REPRESENTATION_CONTEXT('2D SPACE',''
  ) );
#8839 = PCURVE('',#8840,#8845);
#8840 = PLANE('',#8841);
#8841 = AXIS2_PLACEMENT_3D('',#8842,#8843,#8844);
#8842 = CARTESIAN_POINT('',(5.61,0.4,3.68));
#8843 = DIRECTION('',(0.,1.,0.));
#8844 = DIRECTION('',(0.,0.,1.));
#8845 = DEFINITIONAL_REPRESENTATION('',(#8846),#8850);
#8846 = LINE('',#8847,#8848);
#8847 = CARTESIAN_POINT('',(0.,0.));
#8848 = VECTOR('',#8849,1.);
#8849 = DIRECTION('',(1.,0.));
#8850 = ( GEOMETRIC_REPRESENTATION_CONTEXT(2) 
PARAMETRIC_REPRESENTATION_CONTEXT() REPRESENTATION_CONTEXT('2D SPACE',''
  ) );
#8851 = ORIENTED_EDGE('',*,*,#8852,.F.);
#8852 = EDGE_CURVE('',#8764,#8825,#8853,.T.);
#8853 = SURFACE_CURVE('',#8854,(#8858,#8865),.PCURVE_S1.);
#8854 = LINE('',#8855,#8856);
#8855 = CARTESIAN_POINT('',(5.61,-0.4,4.01));
#8856 = VECTOR('',#8857,1.);
#8857 = DIRECTION('',(0.,1.,0.));
#8858 = PCURVE('',#8772,#8859);
#8859 = DEFINITIONAL_REPRESENTATION('',(#8860),#8864);
#8860 = LINE('',#8861,#8862);
#8861 = CARTESIAN_POINT('',(0.33,0.));
#8862 = VECTOR('',#8863,1.);
#8863 = DIRECTION('',(0.,-1.));
#8864 = ( GEOMETRIC_REPRESENTATION_CONTEXT(2) 
PARAMETRIC_REPRESENTATION_CONTEXT() REPRESENTATION_CONTEXT('2D SPACE',''
  ) );
#8865 = PCURVE('',#8866,#8871);
#8866 = PLANE('',#8867);
#8867 = AXIS2_PLACEMENT_3D('',#8868,#8869,#8870);
#8868 = CARTESIAN_POINT('',(5.61,-0.4,4.01));
#8869 = DIRECTION('',(0.,0.,1.));
#8870 = DIRECTION('',(1.,0.,0.));
#8871 = DEFINITIONAL_REPRESENTATION('',(#8872),#8876);
#8872 = LINE('',#8873,#8874);
#8873 = CARTESIAN_POINT('',(0.,0.));
#8874 = VECTOR('',#8875,1.);
#8875 = DIRECTION('',(0.,1.));
#8876 = ( GEOMETRIC_REPRESENTATION_CONTEXT(2) 
PARAMETRIC_REPRESENTATION_CONTEXT() REPRESENTATION_CONTEXT('2D SPACE',''
  ) );
#8877 = ADVANCED_FACE('',(#8878),#8892,.T.);
#8878 = FACE_BOUND('',#8879,.T.);
#8879 = EDGE_LOOP('',(#8880,#8910,#8933,#8956));
#8880 = ORIENTED_EDGE('',*,*,#8881,.F.);
#8881 = EDGE_CURVE('',#8882,#8884,#8886,.T.);
#8882 = VERTEX_POINT('',#8883);
#8883 = CARTESIAN_POINT('',(13.41,-0.4,3.68));
#8884 = VERTEX_POINT('',#8885);
#8885 = CARTESIAN_POINT('',(13.41,-0.4,4.01));
#8886 = SURFACE_CURVE('',#8887,(#8891,#8903),.PCURVE_S1.);
#8887 = LINE('',#8888,#8889);
#8888 = CARTESIAN_POINT('',(13.41,-0.4,3.68));
#8889 = VECTOR('',#8890,1.);
#8890 = DIRECTION('',(0.,0.,1.));
#8891 = PCURVE('',#8892,#8897);
#8892 = PLANE('',#8893);
#8893 = AXIS2_PLACEMENT_3D('',#8894,#8895,#8896);
#8894 = CARTESIAN_POINT('',(13.41,-0.4,3.68));
#8895 = DIRECTION('',(1.,0.,0.));
#8896 = DIRECTION('',(0.,0.,1.));
#8897 = DEFINITIONAL_REPRESENTATION('',(#8898),#8902);
#8898 = LINE('',#8899,#8900);
#8899 = CARTESIAN_POINT('',(0.,0.));
#8900 = VECTOR('',#8901,1.);
#8901 = DIRECTION('',(1.,0.));
#8902 = ( GEOMETRIC_REPRESENTATION_CONTEXT(2) 
PARAMETRIC_REPRESENTATION_CONTEXT() REPRESENTATION_CONTEXT('2D SPACE',''
  ) );
#8903 = PCURVE('',#8784,#8904);
#8904 = DEFINITIONAL_REPRESENTATION('',(#8905),#8909);
#8905 = LINE('',#8906,#8907);
#8906 = CARTESIAN_POINT('',(0.,7.8));
#8907 = VECTOR('',#8908,1.);
#8908 = DIRECTION('',(1.,0.));
#8909 = ( GEOMETRIC_REPRESENTATION_CONTEXT(2) 
PARAMETRIC_REPRESENTATION_CONTEXT() REPRESENTATION_CONTEXT('2D SPACE',''
  ) );
#8910 = ORIENTED_EDGE('',*,*,#8911,.T.);
#8911 = EDGE_CURVE('',#8882,#8912,#8914,.T.);
#8912 = VERTEX_POINT('',#8913);
#8913 = CARTESIAN_POINT('',(13.41,0.4,3.68));
#8914 = SURFACE_CURVE('',#8915,(#8919,#8926),.PCURVE_S1.);
#8915 = LINE('',#8916,#8917);
#8916 = CARTESIAN_POINT('',(13.41,-0.4,3.68));
#8917 = VECTOR('',#8918,1.);
#8918 = DIRECTION('',(0.,1.,0.));
#8919 = PCURVE('',#8892,#8920);
#8920 = DEFINITIONAL_REPRESENTATION('',(#8921),#8925);
#8921 = LINE('',#8922,#8923);
#8922 = CARTESIAN_POINT('',(0.,0.));
#8923 = VECTOR('',#8924,1.);
#8924 = DIRECTION('',(0.,-1.));
#8925 = ( GEOMETRIC_REPRESENTATION_CONTEXT(2) 
PARAMETRIC_REPRESENTATION_CONTEXT() REPRESENTATION_CONTEXT('2D SPACE',''
  ) );
#8926 = PCURVE('',#8812,#8927);
#8927 = DEFINITIONAL_REPRESENTATION('',(#8928),#8932);
#8928 = LINE('',#8929,#8930);
#8929 = CARTESIAN_POINT('',(7.8,0.));
#8930 = VECTOR('',#8931,1.);
#8931 = DIRECTION('',(0.,1.));
#8932 = ( GEOMETRIC_REPRESENTATION_CONTEXT(2) 
PARAMETRIC_REPRESENTATION_CONTEXT() REPRESENTATION_CONTEXT('2D SPACE',''
  ) );
#8933 = ORIENTED_EDGE('',*,*,#8934,.T.);
#8934 = EDGE_CURVE('',#8912,#8935,#8937,.T.);
#8935 = VERTEX_POINT('',#8936);
#8936 = CARTESIAN_POINT('',(13.41,0.4,4.01));
#8937 = SURFACE_CURVE('',#8938,(#8942,#8949),.PCURVE_S1.);
#8938 = LINE('',#8939,#8940);
#8939 = CARTESIAN_POINT('',(13.41,0.4,3.68));
#8940 = VECTOR('',#8941,1.);
#8941 = DIRECTION('',(0.,0.,1.));
#8942 = PCURVE('',#8892,#8943);
#8943 = DEFINITIONAL_REPRESENTATION('',(#8944),#8948);
#8944 = LINE('',#8945,#8946);
#8945 = CARTESIAN_POINT('',(0.,-0.8));
#8946 = VECTOR('',#8947,1.);
#8947 = DIRECTION('',(1.,0.));
#8948 = ( GEOMETRIC_REPRESENTATION_CONTEXT(2) 
PARAMETRIC_REPRESENTATION_CONTEXT() REPRESENTATION_CONTEXT('2D SPACE',''
  ) );
#8949 = PCURVE('',#8840,#8950);
#8950 = DEFINITIONAL_REPRESENTATION('',(#8951),#8955);
#8951 = LINE('',#8952,#8953);
#8952 = CARTESIAN_POINT('',(0.,7.8));
#8953 = VECTOR('',#8954,1.);
#8954 = DIRECTION('',(1.,0.));
#8955 = ( GEOMETRIC_REPRESENTATION_CONTEXT(2) 
PARAMETRIC_REPRESENTATION_CONTEXT() REPRESENTATION_CONTEXT('2D SPACE',''
  ) );
#8956 = ORIENTED_EDGE('',*,*,#8957,.F.);
#8957 = EDGE_CURVE('',#8884,#8935,#8958,.T.);
#8958 = SURFACE_CURVE('',#8959,(#8963,#8970),.PCURVE_S1.);
#8959 = LINE('',#8960,#8961);
#8960 = CARTESIAN_POINT('',(13.41,-0.4,4.01));
#8961 = VECTOR('',#8962,1.);
#8962 = DIRECTION('',(0.,1.,0.));
#8963 = PCURVE('',#8892,#8964);
#8964 = DEFINITIONAL_REPRESENTATION('',(#8965),#8969);
#8965 = LINE('',#8966,#8967);
#8966 = CARTESIAN_POINT('',(0.33,0.));
#8967 = VECTOR('',#8968,1.);
#8968 = DIRECTION('',(0.,-1.));
#8969 = ( GEOMETRIC_REPRESENTATION_CONTEXT(2) 
PARAMETRIC_REPRESENTATION_CONTEXT() REPRESENTATION_CONTEXT('2D SPACE',''
  ) );
#8970 = PCURVE('',#8866,#8971);
#8971 = DEFINITIONAL_REPRESENTATION('',(#8972),#8976);
#8972 = LINE('',#8973,#8974);
#8973 = CARTESIAN_POINT('',(7.8,0.));
#8974 = VECTOR('',#8975,1.);
#8975 = DIRECTION('',(0.,1.));
#8976 = ( GEOMETRIC_REPRESENTATION_CONTEXT(2) 
PARAMETRIC_REPRESENTATION_CONTEXT() REPRESENTATION_CONTEXT('2D SPACE',''
  ) );
#8977 = ADVANCED_FACE('',(#8978),#8784,.F.);
#8978 = FACE_BOUND('',#8979,.F.);
#8979 = EDGE_LOOP('',(#8980,#9001,#9002,#9023));
#8980 = ORIENTED_EDGE('',*,*,#8981,.F.);
#8981 = EDGE_CURVE('',#8762,#8882,#8982,.T.);
#8982 = SURFACE_CURVE('',#8983,(#8987,#8994),.PCURVE_S1.);
#8983 = LINE('',#8984,#8985);
#8984 = CARTESIAN_POINT('',(5.61,-0.4,3.68));
#8985 = VECTOR('',#8986,1.);
#8986 = DIRECTION('',(1.,0.,0.));
#8987 = PCURVE('',#8784,#8988);
#8988 = DEFINITIONAL_REPRESENTATION('',(#8989),#8993);
#8989 = LINE('',#8990,#8991);
#8990 = CARTESIAN_POINT('',(0.,0.));
#8991 = VECTOR('',#8992,1.);
#8992 = DIRECTION('',(0.,1.));
#8993 = ( GEOMETRIC_REPRESENTATION_CONTEXT(2) 
PARAMETRIC_REPRESENTATION_CONTEXT() REPRESENTATION_CONTEXT('2D SPACE',''
  ) );
#8994 = PCURVE('',#8812,#8995);
#8995 = DEFINITIONAL_REPRESENTATION('',(#8996),#9000);
#8996 = LINE('',#8997,#8998);
#8997 = CARTESIAN_POINT('',(0.,0.));
#8998 = VECTOR('',#8999,1.);
#8999 = DIRECTION('',(1.,0.));
#9000 = ( GEOMETRIC_REPRESENTATION_CONTEXT(2) 
PARAMETRIC_REPRESENTATION_CONTEXT() REPRESENTATION_CONTEXT('2D SPACE',''
  ) );
#9001 = ORIENTED_EDGE('',*,*,#8761,.T.);
#9002 = ORIENTED_EDGE('',*,*,#9003,.T.);
#9003 = EDGE_CURVE('',#8764,#8884,#9004,.T.);
#9004 = SURFACE_CURVE('',#9005,(#9009,#9016),.PCURVE_S1.);
#9005 = LINE('',#9006,#9007);
#9006 = CARTESIAN_POINT('',(5.61,-0.4,4.01));
#9007 = VECTOR('',#9008,1.);
#9008 = DIRECTION('',(1.,0.,0.));
#9009 = PCURVE('',#8784,#9010);
#9010 = DEFINITIONAL_REPRESENTATION('',(#9011),#9015);
#9011 = LINE('',#9012,#9013);
#9012 = CARTESIAN_POINT('',(0.33,0.));
#9013 = VECTOR('',#9014,1.);
#9014 = DIRECTION('',(0.,1.));
#9015 = ( GEOMETRIC_REPRESENTATION_CONTEXT(2) 
PARAMETRIC_REPRESENTATION_CONTEXT() REPRESENTATION_CONTEXT('2D SPACE',''
  ) );
#9016 = PCURVE('',#8866,#9017);
#9017 = DEFINITIONAL_REPRESENTATION('',(#9018),#9022);
#9018 = LINE('',#9019,#9020);
#9019 = CARTESIAN_POINT('',(0.,0.));
#9020 = VECTOR('',#9021,1.);
#9021 = DIRECTION('',(1.,0.));
#9022 = ( GEOMETRIC_REPRESENTATION_CONTEXT(2) 
PARAMETRIC_REPRESENTATION_CONTEXT() REPRESENTATION_CONTEXT('2D SPACE',''
  ) );
#9023 = ORIENTED_EDGE('',*,*,#8881,.F.);
#9024 = ADVANCED_FACE('',(#9025),#8840,.T.);
#9025 = FACE_BOUND('',#9026,.T.);
#9026 = EDGE_LOOP('',(#9027,#9048,#9049,#9070));
#9027 = ORIENTED_EDGE('',*,*,#9028,.F.);
#9028 = EDGE_CURVE('',#8797,#8912,#9029,.T.);
#9029 = SURFACE_CURVE('',#9030,(#9034,#9041),.PCURVE_S1.);
#9030 = LINE('',#9031,#9032);
#9031 = CARTESIAN_POINT('',(5.61,0.4,3.68));
#9032 = VECTOR('',#9033,1.);
#9033 = DIRECTION('',(1.,0.,0.));
#9034 = PCURVE('',#8840,#9035);
#9035 = DEFINITIONAL_REPRESENTATION('',(#9036),#9040);
#9036 = LINE('',#9037,#9038);
#9037 = CARTESIAN_POINT('',(0.,0.));
#9038 = VECTOR('',#9039,1.);
#9039 = DIRECTION('',(0.,1.));
#9040 = ( GEOMETRIC_REPRESENTATION_CONTEXT(2) 
PARAMETRIC_REPRESENTATION_CONTEXT() REPRESENTATION_CONTEXT('2D SPACE',''
  ) );
#9041 = PCURVE('',#8812,#9042);
#9042 = DEFINITIONAL_REPRESENTATION('',(#9043),#9047);
#9043 = LINE('',#9044,#9045);
#9044 = CARTESIAN_POINT('',(0.,0.8));
#9045 = VECTOR('',#9046,1.);
#9046 = DIRECTION('',(1.,0.));
#9047 = ( GEOMETRIC_REPRESENTATION_CONTEXT(2) 
PARAMETRIC_REPRESENTATION_CONTEXT() REPRESENTATION_CONTEXT('2D SPACE',''
  ) );
#9048 = ORIENTED_EDGE('',*,*,#8824,.T.);
#9049 = ORIENTED_EDGE('',*,*,#9050,.T.);
#9050 = EDGE_CURVE('',#8825,#8935,#9051,.T.);
#9051 = SURFACE_CURVE('',#9052,(#9056,#9063),.PCURVE_S1.);
#9052 = LINE('',#9053,#9054);
#9053 = CARTESIAN_POINT('',(5.61,0.4,4.01));
#9054 = VECTOR('',#9055,1.);
#9055 = DIRECTION('',(1.,0.,0.));
#9056 = PCURVE('',#8840,#9057);
#9057 = DEFINITIONAL_REPRESENTATION('',(#9058),#9062);
#9058 = LINE('',#9059,#9060);
#9059 = CARTESIAN_POINT('',(0.33,0.));
#9060 = VECTOR('',#9061,1.);
#9061 = DIRECTION('',(0.,1.));
#9062 = ( GEOMETRIC_REPRESENTATION_CONTEXT(2) 
PARAMETRIC_REPRESENTATION_CONTEXT() REPRESENTATION_CONTEXT('2D SPACE',''
  ) );
#9063 = PCURVE('',#8866,#9064);
#9064 = DEFINITIONAL_REPRESENTATION('',(#9065),#9069);
#9065 = LINE('',#9066,#9067);
#9066 = CARTESIAN_POINT('',(0.,0.8));
#9067 = VECTOR('',#9068,1.);
#9068 = DIRECTION('',(1.,0.));
#9069 = ( GEOMETRIC_REPRESENTATION_CONTEXT(2) 
PARAMETRIC_REPRESENTATION_CONTEXT() REPRESENTATION_CONTEXT('2D SPACE',''
  ) );
#9070 = ORIENTED_EDGE('',*,*,#8934,.F.);
#9071 = ADVANCED_FACE('',(#9072),#8812,.F.);
#9072 = FACE_BOUND('',#9073,.F.);
#9073 = EDGE_LOOP('',(#9074,#9075,#9076,#9077));
#9074 = ORIENTED_EDGE('',*,*,#8796,.F.);
#9075 = ORIENTED_EDGE('',*,*,#8981,.T.);
#9076 = ORIENTED_EDGE('',*,*,#8911,.T.);
#9077 = ORIENTED_EDGE('',*,*,#9028,.F.);
#9078 = ADVANCED_FACE('',(#9079),#8866,.T.);
#9079 = FACE_BOUND('',#9080,.T.);
#9080 = EDGE_LOOP('',(#9081,#9082,#9083,#9084));
#9081 = ORIENTED_EDGE('',*,*,#8852,.F.);
#9082 = ORIENTED_EDGE('',*,*,#9003,.T.);
#9083 = ORIENTED_EDGE('',*,*,#8957,.T.);
#9084 = ORIENTED_EDGE('',*,*,#9050,.F.);
#9085 = ( GEOMETRIC_REPRESENTATION_CONTEXT(3) 
GLOBAL_UNCERTAINTY_ASSIGNED_CONTEXT((#9089)) 
GLOBAL_UNIT_ASSIGNED_CONTEXT((#9086,#9087,#9088)) REPRESENTATION_CONTEXT
('Context #1','3D Context with UNIT and UNCERTAINTY') );
#9086 = ( LENGTH_UNIT() NAMED_UNIT(*) SI_UNIT(.MILLI.,.METRE.) );
#9087 = ( NAMED_UNIT(*) PLANE_ANGLE_UNIT() SI_UNIT($,.RADIAN.) );
#9088 = ( NAMED_UNIT(*) SI_UNIT($,.STERADIAN.) SOLID_ANGLE_UNIT() );
#9089 = UNCERTAINTY_MEASURE_WITH_UNIT(LENGTH_MEASURE(1.E-07),#9086,
  'distance_accuracy_value','confusion accuracy');
#9090 = CONTEXT_DEPENDENT_SHAPE_REPRESENTATION(#9091,#9093);
#9091 = ( REPRESENTATION_RELATIONSHIP('','',#8754,#10) 
REPRESENTATION_RELATIONSHIP_WITH_TRANSFORMATION(#9092) 
SHAPE_REPRESENTATION_RELATIONSHIP() );
#9092 = ITEM_DEFINED_TRANSFORMATION('','',#11,#47);
#9093 = PRODUCT_DEFINITION_SHAPE('Placement','Placement of an item',
  #9094);
#9094 = NEXT_ASSEMBLY_USAGE_OCCURRENCE('9','contact_4','',#5,#8749,$);
#9095 = PRODUCT_RELATED_PRODUCT_CATEGORY('part',$,(#8751));
#9096 = SHAPE_DEFINITION_REPRESENTATION(#9097,#9103);
#9097 = PRODUCT_DEFINITION_SHAPE('','',#9098);
#9098 = PRODUCT_DEFINITION('design','',#9099,#9102);
#9099 = PRODUCT_DEFINITION_FORMATION('','',#9100);
#9100 = PRODUCT('pin_4','pin_4','',(#9101));
#9101 = PRODUCT_CONTEXT('',#2,'mechanical');
#9102 = PRODUCT_DEFINITION_CONTEXT('part definition',#2,'design');
#9103 = ADVANCED_BREP_SHAPE_REPRESENTATION('',(#11,#9104),#9590);
#9104 = MANIFOLD_SOLID_BREP('',#9105);
#9105 = CLOSED_SHELL('',(#9106,#9282,#9358,#9407,#9456,#9505,#9554,#9581
    ));
#9106 = ADVANCED_FACE('',(#9107),#9121,.F.);
#9107 = FACE_BOUND('',#9108,.F.);
#9108 = EDGE_LOOP('',(#9109,#9144,#9172,#9200,#9228,#9256));
#9109 = ORIENTED_EDGE('',*,*,#9110,.F.);
#9110 = EDGE_CURVE('',#9111,#9113,#9115,.T.);
#9111 = VERTEX_POINT('',#9112);
#9112 = CARTESIAN_POINT('',(1.875,-0.3,-2.88));
#9113 = VERTEX_POINT('',#9114);
#9114 = CARTESIAN_POINT('',(1.875,-0.3,1.5));
#9115 = SURFACE_CURVE('',#9116,(#9120,#9132),.PCURVE_S1.);
#9116 = LINE('',#9117,#9118);
#9117 = CARTESIAN_POINT('',(1.875,-0.3,-3.));
#9118 = VECTOR('',#9119,1.);
#9119 = DIRECTION('',(0.,0.,1.));
#9120 = PCURVE('',#9121,#9126);
#9121 = PLANE('',#9122);
#9122 = AXIS2_PLACEMENT_3D('',#9123,#9124,#9125);
#9123 = CARTESIAN_POINT('',(1.875,-0.3,-3.));
#9124 = DIRECTION('',(1.,0.,0.));
#9125 = DIRECTION('',(0.,0.,1.));
#9126 = DEFINITIONAL_REPRESENTATION('',(#9127),#9131);
#9127 = LINE('',#9128,#9129);
#9128 = CARTESIAN_POINT('',(0.,0.));
#9129 = VECTOR('',#9130,1.);
#9130 = DIRECTION('',(1.,0.));
#9131 = ( GEOMETRIC_REPRESENTATION_CONTEXT(2) 
PARAMETRIC_REPRESENTATION_CONTEXT() REPRESENTATION_CONTEXT('2D SPACE',''
  ) );
#9132 = PCURVE('',#9133,#9138);
#9133 = PLANE('',#9134);
#9134 = AXIS2_PLACEMENT_3D('',#9135,#9136,#9137);
#9135 = CARTESIAN_POINT('',(1.875,-0.3,-3.));
#9136 = DIRECTION('',(0.,1.,0.));
#9137 = DIRECTION('',(0.,0.,1.));
#9138 = DEFINITIONAL_REPRESENTATION('',(#9139),#9143);
#9139 = LINE('',#9140,#9141);
#9140 = CARTESIAN_POINT('',(0.,0.));
#9141 = VECTOR('',#9142,1.);
#9142 = DIRECTION('',(1.,0.));
#9143 = ( GEOMETRIC_REPRESENTATION_CONTEXT(2) 
PARAMETRIC_REPRESENTATION_CONTEXT() REPRESENTATION_CONTEXT('2D SPACE',''
  ) );
#9144 = ORIENTED_EDGE('',*,*,#9145,.T.);
#9145 = EDGE_CURVE('',#9111,#9146,#9148,.T.);
#9146 = VERTEX_POINT('',#9147);
#9147 = CARTESIAN_POINT('',(1.875,-0.18,-3.));
#9148 = SURFACE_CURVE('',#9149,(#9153,#9160),.PCURVE_S1.);
#9149 = LINE('',#9150,#9151);
#9150 = CARTESIAN_POINT('',(1.875,-0.24,-2.94));
#9151 = VECTOR('',#9152,1.);
#9152 = DIRECTION('',(0.,0.707106781187,-0.707106781187));
#9153 = PCURVE('',#9121,#9154);
#9154 = DEFINITIONAL_REPRESENTATION('',(#9155),#9159);
#9155 = LINE('',#9156,#9157);
#9156 = CARTESIAN_POINT('',(6.E-02,-6.E-02));
#9157 = VECTOR('',#9158,1.);
#9158 = DIRECTION('',(-0.707106781187,-0.707106781187));
#9159 = ( GEOMETRIC_REPRESENTATION_CONTEXT(2) 
PARAMETRIC_REPRESENTATION_CONTEXT() REPRESENTATION_CONTEXT('2D SPACE',''
  ) );
#9160 = PCURVE('',#9161,#9166);
#9161 = PLANE('',#9162);
#9162 = AXIS2_PLACEMENT_3D('',#9163,#9164,#9165);
#9163 = CARTESIAN_POINT('',(1.875,-0.24,-2.94));
#9164 = DIRECTION('',(0.,-0.707106781187,-0.707106781187));
#9165 = DIRECTION('',(-1.,-0.,-0.));
#9166 = DEFINITIONAL_REPRESENTATION('',(#9167),#9171);
#9167 = LINE('',#9168,#9169);
#9168 = CARTESIAN_POINT('',(-0.,0.));
#9169 = VECTOR('',#9170,1.);
#9170 = DIRECTION('',(-0.,1.));
#9171 = ( GEOMETRIC_REPRESENTATION_CONTEXT(2) 
PARAMETRIC_REPRESENTATION_CONTEXT() REPRESENTATION_CONTEXT('2D SPACE',''
  ) );
#9172 = ORIENTED_EDGE('',*,*,#9173,.T.);
#9173 = EDGE_CURVE('',#9146,#9174,#9176,.T.);
#9174 = VERTEX_POINT('',#9175);
#9175 = CARTESIAN_POINT('',(1.875,0.18,-3.));
#9176 = SURFACE_CURVE('',#9177,(#9181,#9188),.PCURVE_S1.);
#9177 = LINE('',#9178,#9179);
#9178 = CARTESIAN_POINT('',(1.875,-0.3,-3.));
#9179 = VECTOR('',#9180,1.);
#9180 = DIRECTION('',(0.,1.,0.));
#9181 = PCURVE('',#9121,#9182);
#9182 = DEFINITIONAL_REPRESENTATION('',(#9183),#9187);
#9183 = LINE('',#9184,#9185);
#9184 = CARTESIAN_POINT('',(0.,0.));
#9185 = VECTOR('',#9186,1.);
#9186 = DIRECTION('',(0.,-1.));
#9187 = ( GEOMETRIC_REPRESENTATION_CONTEXT(2) 
PARAMETRIC_REPRESENTATION_CONTEXT() REPRESENTATION_CONTEXT('2D SPACE',''
  ) );
#9188 = PCURVE('',#9189,#9194);
#9189 = PLANE('',#9190);
#9190 = AXIS2_PLACEMENT_3D('',#9191,#9192,#9193);
#9191 = CARTESIAN_POINT('',(1.875,-0.3,-3.));
#9192 = DIRECTION('',(0.,0.,1.));
#9193 = DIRECTION('',(1.,0.,0.));
#9194 = DEFINITIONAL_REPRESENTATION('',(#9195),#9199);
#9195 = LINE('',#9196,#9197);
#9196 = CARTESIAN_POINT('',(0.,0.));
#9197 = VECTOR('',#9198,1.);
#9198 = DIRECTION('',(0.,1.));
#9199 = ( GEOMETRIC_REPRESENTATION_CONTEXT(2) 
PARAMETRIC_REPRESENTATION_CONTEXT() REPRESENTATION_CONTEXT('2D SPACE',''
  ) );
#9200 = ORIENTED_EDGE('',*,*,#9201,.F.);
#9201 = EDGE_CURVE('',#9202,#9174,#9204,.T.);
#9202 = VERTEX_POINT('',#9203);
#9203 = CARTESIAN_POINT('',(1.875,0.3,-2.88));
#9204 = SURFACE_CURVE('',#9205,(#9209,#9216),.PCURVE_S1.);
#9205 = LINE('',#9206,#9207);
#9206 = CARTESIAN_POINT('',(1.875,9.E-02,-3.09));
#9207 = VECTOR('',#9208,1.);
#9208 = DIRECTION('',(0.,-0.707106781187,-0.707106781187));
#9209 = PCURVE('',#9121,#9210);
#9210 = DEFINITIONAL_REPRESENTATION('',(#9211),#9215);
#9211 = LINE('',#9212,#9213);
#9212 = CARTESIAN_POINT('',(-9.E-02,-0.39));
#9213 = VECTOR('',#9214,1.);
#9214 = DIRECTION('',(-0.707106781187,0.707106781187));
#9215 = ( GEOMETRIC_REPRESENTATION_CONTEXT(2) 
PARAMETRIC_REPRESENTATION_CONTEXT() REPRESENTATION_CONTEXT('2D SPACE',''
  ) );
#9216 = PCURVE('',#9217,#9222);
#9217 = PLANE('',#9218);
#9218 = AXIS2_PLACEMENT_3D('',#9219,#9220,#9221);
#9219 = CARTESIAN_POINT('',(1.875,0.24,-2.94));
#9220 = DIRECTION('',(0.,-0.707106781187,0.707106781187));
#9221 = DIRECTION('',(-1.,-0.,-0.));
#9222 = DEFINITIONAL_REPRESENTATION('',(#9223),#9227);
#9223 = LINE('',#9224,#9225);
#9224 = CARTESIAN_POINT('',(-0.,0.212132034356));
#9225 = VECTOR('',#9226,1.);
#9226 = DIRECTION('',(-0.,1.));
#9227 = ( GEOMETRIC_REPRESENTATION_CONTEXT(2) 
PARAMETRIC_REPRESENTATION_CONTEXT() REPRESENTATION_CONTEXT('2D SPACE',''
  ) );
#9228 = ORIENTED_EDGE('',*,*,#9229,.T.);
#9229 = EDGE_CURVE('',#9202,#9230,#9232,.T.);
#9230 = VERTEX_POINT('',#9231);
#9231 = CARTESIAN_POINT('',(1.875,0.3,1.5));
#9232 = SURFACE_CURVE('',#9233,(#9237,#9244),.PCURVE_S1.);
#9233 = LINE('',#9234,#9235);
#9234 = CARTESIAN_POINT('',(1.875,0.3,-3.));
#9235 = VECTOR('',#9236,1.);
#9236 = DIRECTION('',(0.,0.,1.));
#9237 = PCURVE('',#9121,#9238);
#9238 = DEFINITIONAL_REPRESENTATION('',(#9239),#9243);
#9239 = LINE('',#9240,#9241);
#9240 = CARTESIAN_POINT('',(0.,-0.6));
#9241 = VECTOR('',#9242,1.);
#9242 = DIRECTION('',(1.,0.));
#9243 = ( GEOMETRIC_REPRESENTATION_CONTEXT(2) 
PARAMETRIC_REPRESENTATION_CONTEXT() REPRESENTATION_CONTEXT('2D SPACE',''
  ) );
#9244 = PCURVE('',#9245,#9250);
#9245 = PLANE('',#9246);
#9246 = AXIS2_PLACEMENT_3D('',#9247,#9248,#9249);
#9247 = CARTESIAN_POINT('',(1.875,0.3,-3.));
#9248 = DIRECTION('',(0.,1.,0.));
#9249 = DIRECTION('',(0.,0.,1.));
#9250 = DEFINITIONAL_REPRESENTATION('',(#9251),#9255);
#9251 = LINE('',#9252,#9253);
#9252 = CARTESIAN_POINT('',(0.,0.));
#9253 = VECTOR('',#9254,1.);
#9254 = DIRECTION('',(1.,0.));
#9255 = ( GEOMETRIC_REPRESENTATION_CONTEXT(2) 
PARAMETRIC_REPRESENTATION_CONTEXT() REPRESENTATION_CONTEXT('2D SPACE',''
  ) );
#9256 = ORIENTED_EDGE('',*,*,#9257,.F.);
#9257 = EDGE_CURVE('',#9113,#9230,#9258,.T.);
#9258 = SURFACE_CURVE('',#9259,(#9263,#9270),.PCURVE_S1.);
#9259 = LINE('',#9260,#9261);
#9260 = CARTESIAN_POINT('',(1.875,-0.3,1.5));
#9261 = VECTOR('',#9262,1.);
#9262 = DIRECTION('',(0.,1.,0.));
#9263 = PCURVE('',#9121,#9264);
#9264 = DEFINITIONAL_REPRESENTATION('',(#9265),#9269);
#9265 = LINE('',#9266,#9267);
#9266 = CARTESIAN_POINT('',(4.5,0.));
#9267 = VECTOR('',#9268,1.);
#9268 = DIRECTION('',(0.,-1.));
#9269 = ( GEOMETRIC_REPRESENTATION_CONTEXT(2) 
PARAMETRIC_REPRESENTATION_CONTEXT() REPRESENTATION_CONTEXT('2D SPACE',''
  ) );
#9270 = PCURVE('',#9271,#9276);
#9271 = PLANE('',#9272);
#9272 = AXIS2_PLACEMENT_3D('',#9273,#9274,#9275);
#9273 = CARTESIAN_POINT('',(1.875,-0.3,1.5));
#9274 = DIRECTION('',(0.,0.,1.));
#9275 = DIRECTION('',(1.,0.,0.));
#9276 = DEFINITIONAL_REPRESENTATION('',(#9277),#9281);
#9277 = LINE('',#9278,#9279);
#9278 = CARTESIAN_POINT('',(0.,0.));
#9279 = VECTOR('',#9280,1.);
#9280 = DIRECTION('',(0.,1.));
#9281 = ( GEOMETRIC_REPRESENTATION_CONTEXT(2) 
PARAMETRIC_REPRESENTATION_CONTEXT() REPRESENTATION_CONTEXT('2D SPACE',''
  ) );
#9282 = ADVANCED_FACE('',(#9283),#9133,.F.);
#9283 = FACE_BOUND('',#9284,.F.);
#9284 = EDGE_LOOP('',(#9285,#9315,#9336,#9337));
#9285 = ORIENTED_EDGE('',*,*,#9286,.F.);
#9286 = EDGE_CURVE('',#9287,#9289,#9291,.T.);
#9287 = VERTEX_POINT('',#9288);
#9288 = CARTESIAN_POINT('',(2.125,-0.3,-2.88));
#9289 = VERTEX_POINT('',#9290);
#9290 = CARTESIAN_POINT('',(2.125,-0.3,1.5));
#9291 = SURFACE_CURVE('',#9292,(#9296,#9303),.PCURVE_S1.);
#9292 = LINE('',#9293,#9294);
#9293 = CARTESIAN_POINT('',(2.125,-0.3,-3.));
#9294 = VECTOR('',#9295,1.);
#9295 = DIRECTION('',(0.,0.,1.));
#9296 = PCURVE('',#9133,#9297);
#9297 = DEFINITIONAL_REPRESENTATION('',(#9298),#9302);
#9298 = LINE('',#9299,#9300);
#9299 = CARTESIAN_POINT('',(0.,0.25));
#9300 = VECTOR('',#9301,1.);
#9301 = DIRECTION('',(1.,0.));
#9302 = ( GEOMETRIC_REPRESENTATION_CONTEXT(2) 
PARAMETRIC_REPRESENTATION_CONTEXT() REPRESENTATION_CONTEXT('2D SPACE',''
  ) );
#9303 = PCURVE('',#9304,#9309);
#9304 = PLANE('',#9305);
#9305 = AXIS2_PLACEMENT_3D('',#9306,#9307,#9308);
#9306 = CARTESIAN_POINT('',(2.125,-0.3,-3.));
#9307 = DIRECTION('',(1.,0.,0.));
#9308 = DIRECTION('',(0.,0.,1.));
#9309 = DEFINITIONAL_REPRESENTATION('',(#9310),#9314);
#9310 = LINE('',#9311,#9312);
#9311 = CARTESIAN_POINT('',(0.,0.));
#9312 = VECTOR('',#9313,1.);
#9313 = DIRECTION('',(1.,0.));
#9314 = ( GEOMETRIC_REPRESENTATION_CONTEXT(2) 
PARAMETRIC_REPRESENTATION_CONTEXT() REPRESENTATION_CONTEXT('2D SPACE',''
  ) );
#9315 = ORIENTED_EDGE('',*,*,#9316,.F.);
#9316 = EDGE_CURVE('',#9111,#9287,#9317,.T.);
#9317 = SURFACE_CURVE('',#9318,(#9322,#9329),.PCURVE_S1.);
#9318 = LINE('',#9319,#9320);
#9319 = CARTESIAN_POINT('',(1.875,-0.3,-2.88));
#9320 = VECTOR('',#9321,1.);
#9321 = DIRECTION('',(1.,0.,0.));
#9322 = PCURVE('',#9133,#9323);
#9323 = DEFINITIONAL_REPRESENTATION('',(#9324),#9328);
#9324 = LINE('',#9325,#9326);
#9325 = CARTESIAN_POINT('',(0.12,0.));
#9326 = VECTOR('',#9327,1.);
#9327 = DIRECTION('',(0.,1.));
#9328 = ( GEOMETRIC_REPRESENTATION_CONTEXT(2) 
PARAMETRIC_REPRESENTATION_CONTEXT() REPRESENTATION_CONTEXT('2D SPACE',''
  ) );
#9329 = PCURVE('',#9161,#9330);
#9330 = DEFINITIONAL_REPRESENTATION('',(#9331),#9335);
#9331 = LINE('',#9332,#9333);
#9332 = CARTESIAN_POINT('',(-0.,-8.485281374239E-02));
#9333 = VECTOR('',#9334,1.);
#9334 = DIRECTION('',(-1.,0.));
#9335 = ( GEOMETRIC_REPRESENTATION_CONTEXT(2) 
PARAMETRIC_REPRESENTATION_CONTEXT() REPRESENTATION_CONTEXT('2D SPACE',''
  ) );
#9336 = ORIENTED_EDGE('',*,*,#9110,.T.);
#9337 = ORIENTED_EDGE('',*,*,#9338,.T.);
#9338 = EDGE_CURVE('',#9113,#9289,#9339,.T.);
#9339 = SURFACE_CURVE('',#9340,(#9344,#9351),.PCURVE_S1.);
#9340 = LINE('',#9341,#9342);
#9341 = CARTESIAN_POINT('',(1.875,-0.3,1.5));
#9342 = VECTOR('',#9343,1.);
#9343 = DIRECTION('',(1.,0.,0.));
#9344 = PCURVE('',#9133,#9345);
#9345 = DEFINITIONAL_REPRESENTATION('',(#9346),#9350);
#9346 = LINE('',#9347,#9348);
#9347 = CARTESIAN_POINT('',(4.5,0.));
#9348 = VECTOR('',#9349,1.);
#9349 = DIRECTION('',(0.,1.));
#9350 = ( GEOMETRIC_REPRESENTATION_CONTEXT(2) 
PARAMETRIC_REPRESENTATION_CONTEXT() REPRESENTATION_CONTEXT('2D SPACE',''
  ) );
#9351 = PCURVE('',#9271,#9352);
#9352 = DEFINITIONAL_REPRESENTATION('',(#9353),#9357);
#9353 = LINE('',#9354,#9355);
#9354 = CARTESIAN_POINT('',(0.,0.));
#9355 = VECTOR('',#9356,1.);
#9356 = DIRECTION('',(1.,0.));
#9357 = ( GEOMETRIC_REPRESENTATION_CONTEXT(2) 
PARAMETRIC_REPRESENTATION_CONTEXT() REPRESENTATION_CONTEXT('2D SPACE',''
  ) );
#9358 = ADVANCED_FACE('',(#9359),#9161,.T.);
#9359 = FACE_BOUND('',#9360,.F.);
#9360 = EDGE_LOOP('',(#9361,#9362,#9363,#9386));
#9361 = ORIENTED_EDGE('',*,*,#9145,.F.);
#9362 = ORIENTED_EDGE('',*,*,#9316,.T.);
#9363 = ORIENTED_EDGE('',*,*,#9364,.T.);
#9364 = EDGE_CURVE('',#9287,#9365,#9367,.T.);
#9365 = VERTEX_POINT('',#9366);
#9366 = CARTESIAN_POINT('',(2.125,-0.18,-3.));
#9367 = SURFACE_CURVE('',#9368,(#9372,#9379),.PCURVE_S1.);
#9368 = LINE('',#9369,#9370);
#9369 = CARTESIAN_POINT('',(2.125,-0.24,-2.94));
#9370 = VECTOR('',#9371,1.);
#9371 = DIRECTION('',(0.,0.707106781187,-0.707106781187));
#9372 = PCURVE('',#9161,#9373);
#9373 = DEFINITIONAL_REPRESENTATION('',(#9374),#9378);
#9374 = LINE('',#9375,#9376);
#9375 = CARTESIAN_POINT('',(-0.25,0.));
#9376 = VECTOR('',#9377,1.);
#9377 = DIRECTION('',(-0.,1.));
#9378 = ( GEOMETRIC_REPRESENTATION_CONTEXT(2) 
PARAMETRIC_REPRESENTATION_CONTEXT() REPRESENTATION_CONTEXT('2D SPACE',''
  ) );
#9379 = PCURVE('',#9304,#9380);
#9380 = DEFINITIONAL_REPRESENTATION('',(#9381),#9385);
#9381 = LINE('',#9382,#9383);
#9382 = CARTESIAN_POINT('',(6.E-02,-6.E-02));
#9383 = VECTOR('',#9384,1.);
#9384 = DIRECTION('',(-0.707106781187,-0.707106781187));
#9385 = ( GEOMETRIC_REPRESENTATION_CONTEXT(2) 
PARAMETRIC_REPRESENTATION_CONTEXT() REPRESENTATION_CONTEXT('2D SPACE',''
  ) );
#9386 = ORIENTED_EDGE('',*,*,#9387,.F.);
#9387 = EDGE_CURVE('',#9146,#9365,#9388,.T.);
#9388 = SURFACE_CURVE('',#9389,(#9393,#9400),.PCURVE_S1.);
#9389 = LINE('',#9390,#9391);
#9390 = CARTESIAN_POINT('',(1.875,-0.18,-3.));
#9391 = VECTOR('',#9392,1.);
#9392 = DIRECTION('',(1.,0.,0.));
#9393 = PCURVE('',#9161,#9394);
#9394 = DEFINITIONAL_REPRESENTATION('',(#9395),#9399);
#9395 = LINE('',#9396,#9397);
#9396 = CARTESIAN_POINT('',(-0.,8.485281374239E-02));
#9397 = VECTOR('',#9398,1.);
#9398 = DIRECTION('',(-1.,0.));
#9399 = ( GEOMETRIC_REPRESENTATION_CONTEXT(2) 
PARAMETRIC_REPRESENTATION_CONTEXT() REPRESENTATION_CONTEXT('2D SPACE',''
  ) );
#9400 = PCURVE('',#9189,#9401);
#9401 = DEFINITIONAL_REPRESENTATION('',(#9402),#9406);
#9402 = LINE('',#9403,#9404);
#9403 = CARTESIAN_POINT('',(0.,0.12));
#9404 = VECTOR('',#9405,1.);
#9405 = DIRECTION('',(1.,0.));
#9406 = ( GEOMETRIC_REPRESENTATION_CONTEXT(2) 
PARAMETRIC_REPRESENTATION_CONTEXT() REPRESENTATION_CONTEXT('2D SPACE',''
  ) );
#9407 = ADVANCED_FACE('',(#9408),#9271,.T.);
#9408 = FACE_BOUND('',#9409,.T.);
#9409 = EDGE_LOOP('',(#9410,#9411,#9412,#9435));
#9410 = ORIENTED_EDGE('',*,*,#9257,.F.);
#9411 = ORIENTED_EDGE('',*,*,#9338,.T.);
#9412 = ORIENTED_EDGE('',*,*,#9413,.T.);
#9413 = EDGE_CURVE('',#9289,#9414,#9416,.T.);
#9414 = VERTEX_POINT('',#9415);
#9415 = CARTESIAN_POINT('',(2.125,0.3,1.5));
#9416 = SURFACE_CURVE('',#9417,(#9421,#9428),.PCURVE_S1.);
#9417 = LINE('',#9418,#9419);
#9418 = CARTESIAN_POINT('',(2.125,-0.3,1.5));
#9419 = VECTOR('',#9420,1.);
#9420 = DIRECTION('',(0.,1.,0.));
#9421 = PCURVE('',#9271,#9422);
#9422 = DEFINITIONAL_REPRESENTATION('',(#9423),#9427);
#9423 = LINE('',#9424,#9425);
#9424 = CARTESIAN_POINT('',(0.25,0.));
#9425 = VECTOR('',#9426,1.);
#9426 = DIRECTION('',(0.,1.));
#9427 = ( GEOMETRIC_REPRESENTATION_CONTEXT(2) 
PARAMETRIC_REPRESENTATION_CONTEXT() REPRESENTATION_CONTEXT('2D SPACE',''
  ) );
#9428 = PCURVE('',#9304,#9429);
#9429 = DEFINITIONAL_REPRESENTATION('',(#9430),#9434);
#9430 = LINE('',#9431,#9432);
#9431 = CARTESIAN_POINT('',(4.5,0.));
#9432 = VECTOR('',#9433,1.);
#9433 = DIRECTION('',(0.,-1.));
#9434 = ( GEOMETRIC_REPRESENTATION_CONTEXT(2) 
PARAMETRIC_REPRESENTATION_CONTEXT() REPRESENTATION_CONTEXT('2D SPACE',''
  ) );
#9435 = ORIENTED_EDGE('',*,*,#9436,.F.);
#9436 = EDGE_CURVE('',#9230,#9414,#9437,.T.);
#9437 = SURFACE_CURVE('',#9438,(#9442,#9449),.PCURVE_S1.);
#9438 = LINE('',#9439,#9440);
#9439 = CARTESIAN_POINT('',(1.875,0.3,1.5));
#9440 = VECTOR('',#9441,1.);
#9441 = DIRECTION('',(1.,0.,0.));
#9442 = PCURVE('',#9271,#9443);
#9443 = DEFINITIONAL_REPRESENTATION('',(#9444),#9448);
#9444 = LINE('',#9445,#9446);
#9445 = CARTESIAN_POINT('',(0.,0.6));
#9446 = VECTOR('',#9447,1.);
#9447 = DIRECTION('',(1.,0.));
#9448 = ( GEOMETRIC_REPRESENTATION_CONTEXT(2) 
PARAMETRIC_REPRESENTATION_CONTEXT() REPRESENTATION_CONTEXT('2D SPACE',''
  ) );
#9449 = PCURVE('',#9245,#9450);
#9450 = DEFINITIONAL_REPRESENTATION('',(#9451),#9455);
#9451 = LINE('',#9452,#9453);
#9452 = CARTESIAN_POINT('',(4.5,0.));
#9453 = VECTOR('',#9454,1.);
#9454 = DIRECTION('',(0.,1.));
#9455 = ( GEOMETRIC_REPRESENTATION_CONTEXT(2) 
PARAMETRIC_REPRESENTATION_CONTEXT() REPRESENTATION_CONTEXT('2D SPACE',''
  ) );
#9456 = ADVANCED_FACE('',(#9457),#9189,.F.);
#9457 = FACE_BOUND('',#9458,.F.);
#9458 = EDGE_LOOP('',(#9459,#9460,#9461,#9484));
#9459 = ORIENTED_EDGE('',*,*,#9173,.F.);
#9460 = ORIENTED_EDGE('',*,*,#9387,.T.);
#9461 = ORIENTED_EDGE('',*,*,#9462,.T.);
#9462 = EDGE_CURVE('',#9365,#9463,#9465,.T.);
#9463 = VERTEX_POINT('',#9464);
#9464 = CARTESIAN_POINT('',(2.125,0.18,-3.));
#9465 = SURFACE_CURVE('',#9466,(#9470,#9477),.PCURVE_S1.);
#9466 = LINE('',#9467,#9468);
#9467 = CARTESIAN_POINT('',(2.125,-0.3,-3.));
#9468 = VECTOR('',#9469,1.);
#9469 = DIRECTION('',(0.,1.,0.));
#9470 = PCURVE('',#9189,#9471);
#9471 = DEFINITIONAL_REPRESENTATION('',(#9472),#9476);
#9472 = LINE('',#9473,#9474);
#9473 = CARTESIAN_POINT('',(0.25,0.));
#9474 = VECTOR('',#9475,1.);
#9475 = DIRECTION('',(0.,1.));
#9476 = ( GEOMETRIC_REPRESENTATION_CONTEXT(2) 
PARAMETRIC_REPRESENTATION_CONTEXT() REPRESENTATION_CONTEXT('2D SPACE',''
  ) );
#9477 = PCURVE('',#9304,#9478);
#9478 = DEFINITIONAL_REPRESENTATION('',(#9479),#9483);
#9479 = LINE('',#9480,#9481);
#9480 = CARTESIAN_POINT('',(0.,0.));
#9481 = VECTOR('',#9482,1.);
#9482 = DIRECTION('',(0.,-1.));
#9483 = ( GEOMETRIC_REPRESENTATION_CONTEXT(2) 
PARAMETRIC_REPRESENTATION_CONTEXT() REPRESENTATION_CONTEXT('2D SPACE',''
  ) );
#9484 = ORIENTED_EDGE('',*,*,#9485,.F.);
#9485 = EDGE_CURVE('',#9174,#9463,#9486,.T.);
#9486 = SURFACE_CURVE('',#9487,(#9491,#9498),.PCURVE_S1.);
#9487 = LINE('',#9488,#9489);
#9488 = CARTESIAN_POINT('',(1.875,0.18,-3.));
#9489 = VECTOR('',#9490,1.);
#9490 = DIRECTION('',(1.,0.,0.));
#9491 = PCURVE('',#9189,#9492);
#9492 = DEFINITIONAL_REPRESENTATION('',(#9493),#9497);
#9493 = LINE('',#9494,#9495);
#9494 = CARTESIAN_POINT('',(0.,0.48));
#9495 = VECTOR('',#9496,1.);
#9496 = DIRECTION('',(1.,0.));
#9497 = ( GEOMETRIC_REPRESENTATION_CONTEXT(2) 
PARAMETRIC_REPRESENTATION_CONTEXT() REPRESENTATION_CONTEXT('2D SPACE',''
  ) );
#9498 = PCURVE('',#9217,#9499);
#9499 = DEFINITIONAL_REPRESENTATION('',(#9500),#9504);
#9500 = LINE('',#9501,#9502);
#9501 = CARTESIAN_POINT('',(-0.,8.485281374239E-02));
#9502 = VECTOR('',#9503,1.);
#9503 = DIRECTION('',(-1.,0.));
#9504 = ( GEOMETRIC_REPRESENTATION_CONTEXT(2) 
PARAMETRIC_REPRESENTATION_CONTEXT() REPRESENTATION_CONTEXT('2D SPACE',''
  ) );
#9505 = ADVANCED_FACE('',(#9506),#9245,.T.);
#9506 = FACE_BOUND('',#9507,.T.);
#9507 = EDGE_LOOP('',(#9508,#9531,#9552,#9553));
#9508 = ORIENTED_EDGE('',*,*,#9509,.F.);
#9509 = EDGE_CURVE('',#9510,#9414,#9512,.T.);
#9510 = VERTEX_POINT('',#9511);
#9511 = CARTESIAN_POINT('',(2.125,0.3,-2.88));
#9512 = SURFACE_CURVE('',#9513,(#9517,#9524),.PCURVE_S1.);
#9513 = LINE('',#9514,#9515);
#9514 = CARTESIAN_POINT('',(2.125,0.3,-3.));
#9515 = VECTOR('',#9516,1.);
#9516 = DIRECTION('',(0.,0.,1.));
#9517 = PCURVE('',#9245,#9518);
#9518 = DEFINITIONAL_REPRESENTATION('',(#9519),#9523);
#9519 = LINE('',#9520,#9521);
#9520 = CARTESIAN_POINT('',(0.,0.25));
#9521 = VECTOR('',#9522,1.);
#9522 = DIRECTION('',(1.,0.));
#9523 = ( GEOMETRIC_REPRESENTATION_CONTEXT(2) 
PARAMETRIC_REPRESENTATION_CONTEXT() REPRESENTATION_CONTEXT('2D SPACE',''
  ) );
#9524 = PCURVE('',#9304,#9525);
#9525 = DEFINITIONAL_REPRESENTATION('',(#9526),#9530);
#9526 = LINE('',#9527,#9528);
#9527 = CARTESIAN_POINT('',(0.,-0.6));
#9528 = VECTOR('',#9529,1.);
#9529 = DIRECTION('',(1.,0.));
#9530 = ( GEOMETRIC_REPRESENTATION_CONTEXT(2) 
PARAMETRIC_REPRESENTATION_CONTEXT() REPRESENTATION_CONTEXT('2D SPACE',''
  ) );
#9531 = ORIENTED_EDGE('',*,*,#9532,.F.);
#9532 = EDGE_CURVE('',#9202,#9510,#9533,.T.);
#9533 = SURFACE_CURVE('',#9534,(#9538,#9545),.PCURVE_S1.);
#9534 = LINE('',#9535,#9536);
#9535 = CARTESIAN_POINT('',(1.875,0.3,-2.88));
#9536 = VECTOR('',#9537,1.);
#9537 = DIRECTION('',(1.,0.,0.));
#9538 = PCURVE('',#9245,#9539);
#9539 = DEFINITIONAL_REPRESENTATION('',(#9540),#9544);
#9540 = LINE('',#9541,#9542);
#9541 = CARTESIAN_POINT('',(0.12,0.));
#9542 = VECTOR('',#9543,1.);
#9543 = DIRECTION('',(0.,1.));
#9544 = ( GEOMETRIC_REPRESENTATION_CONTEXT(2) 
PARAMETRIC_REPRESENTATION_CONTEXT() REPRESENTATION_CONTEXT('2D SPACE',''
  ) );
#9545 = PCURVE('',#9217,#9546);
#9546 = DEFINITIONAL_REPRESENTATION('',(#9547),#9551);
#9547 = LINE('',#9548,#9549);
#9548 = CARTESIAN_POINT('',(-0.,-8.485281374239E-02));
#9549 = VECTOR('',#9550,1.);
#9550 = DIRECTION('',(-1.,0.));
#9551 = ( GEOMETRIC_REPRESENTATION_CONTEXT(2) 
PARAMETRIC_REPRESENTATION_CONTEXT() REPRESENTATION_CONTEXT('2D SPACE',''
  ) );
#9552 = ORIENTED_EDGE('',*,*,#9229,.T.);
#9553 = ORIENTED_EDGE('',*,*,#9436,.T.);
#9554 = ADVANCED_FACE('',(#9555),#9217,.F.);
#9555 = FACE_BOUND('',#9556,.T.);
#9556 = EDGE_LOOP('',(#9557,#9558,#9559,#9580));
#9557 = ORIENTED_EDGE('',*,*,#9201,.F.);
#9558 = ORIENTED_EDGE('',*,*,#9532,.T.);
#9559 = ORIENTED_EDGE('',*,*,#9560,.T.);
#9560 = EDGE_CURVE('',#9510,#9463,#9561,.T.);
#9561 = SURFACE_CURVE('',#9562,(#9566,#9573),.PCURVE_S1.);
#9562 = LINE('',#9563,#9564);
#9563 = CARTESIAN_POINT('',(2.125,9.E-02,-3.09));
#9564 = VECTOR('',#9565,1.);
#9565 = DIRECTION('',(0.,-0.707106781187,-0.707106781187));
#9566 = PCURVE('',#9217,#9567);
#9567 = DEFINITIONAL_REPRESENTATION('',(#9568),#9572);
#9568 = LINE('',#9569,#9570);
#9569 = CARTESIAN_POINT('',(-0.25,0.212132034356));
#9570 = VECTOR('',#9571,1.);
#9571 = DIRECTION('',(-0.,1.));
#9572 = ( GEOMETRIC_REPRESENTATION_CONTEXT(2) 
PARAMETRIC_REPRESENTATION_CONTEXT() REPRESENTATION_CONTEXT('2D SPACE',''
  ) );
#9573 = PCURVE('',#9304,#9574);
#9574 = DEFINITIONAL_REPRESENTATION('',(#9575),#9579);
#9575 = LINE('',#9576,#9577);
#9576 = CARTESIAN_POINT('',(-9.E-02,-0.39));
#9577 = VECTOR('',#9578,1.);
#9578 = DIRECTION('',(-0.707106781187,0.707106781187));
#9579 = ( GEOMETRIC_REPRESENTATION_CONTEXT(2) 
PARAMETRIC_REPRESENTATION_CONTEXT() REPRESENTATION_CONTEXT('2D SPACE',''
  ) );
#9580 = ORIENTED_EDGE('',*,*,#9485,.F.);
#9581 = ADVANCED_FACE('',(#9582),#9304,.T.);
#9582 = FACE_BOUND('',#9583,.T.);
#9583 = EDGE_LOOP('',(#9584,#9585,#9586,#9587,#9588,#9589));
#9584 = ORIENTED_EDGE('',*,*,#9286,.F.);
#9585 = ORIENTED_EDGE('',*,*,#9364,.T.);
#9586 = ORIENTED_EDGE('',*,*,#9462,.T.);
#9587 = ORIENTED_EDGE('',*,*,#9560,.F.);
#9588 = ORIENTED_EDGE('',*,*,#9509,.T.);
#9589 = ORIENTED_EDGE('',*,*,#9413,.F.);
#9590 = ( GEOMETRIC_REPRESENTATION_CONTEXT(3) 
GLOBAL_UNCERTAINTY_ASSIGNED_CONTEXT((#9594)) 
GLOBAL_UNIT_ASSIGNED_CONTEXT((#9591,#9592,#9593)) REPRESENTATION_CONTEXT
('Context #1','3D Context with UNIT and UNCERTAINTY') );
#9591 = ( LENGTH_UNIT() NAMED_UNIT(*) SI_UNIT(.MILLI.,.METRE.) );
#9592 = ( NAMED_UNIT(*) PLANE_ANGLE_UNIT() SI_UNIT($,.RADIAN.) );
#9593 = ( NAMED_UNIT(*) SI_UNIT($,.STERADIAN.) SOLID_ANGLE_UNIT() );
#9594 = UNCERTAINTY_MEASURE_WITH_UNIT(LENGTH_MEASURE(5.E-05),#9591,
  'distance_accuracy_value','confusion accuracy');
#9595 = CONTEXT_DEPENDENT_SHAPE_REPRESENTATION(#9596,#9598);
#9596 = ( REPRESENTATION_RELATIONSHIP('','',#9103,#10) 
REPRESENTATION_RELATIONSHIP_WITH_TRANSFORMATION(#9597) 
SHAPE_REPRESENTATION_RELATIONSHIP() );
#9597 = ITEM_DEFINED_TRANSFORMATION('','',#11,#51);
#9598 = PRODUCT_DEFINITION_SHAPE('Placement','Placement of an item',
  #9599);
#9599 = NEXT_ASSEMBLY_USAGE_OCCURRENCE('10','pin_4','',#5,#9098,$);
#9600 = PRODUCT_RELATED_PRODUCT_CATEGORY('part',$,(#9100));
#9601 = MECHANICAL_DESIGN_GEOMETRIC_PRESENTATION_REPRESENTATION('',(
    #9602),#6523);
#9602 = STYLED_ITEM('color',(#9603),#6193);
#9603 = PRESENTATION_STYLE_ASSIGNMENT((#9604));
#9604 = SURFACE_STYLE_USAGE(.BOTH.,#9605);
#9605 = SURFACE_SIDE_STYLE('',(#9606));
#9606 = SURFACE_STYLE_FILL_AREA(#9607);
#9607 = FILL_AREA_STYLE('',(#9608));
#9608 = FILL_AREA_STYLE_COLOUR('',#9609);
#9609 = COLOUR_RGB('',0.850000012718,0.679999990811,0.250000000672);
#9610 = MECHANICAL_DESIGN_GEOMETRIC_PRESENTATION_REPRESENTATION('',(
    #9611),#8231);
#9611 = STYLED_ITEM('color',(#9612),#7901);
#9612 = PRESENTATION_STYLE_ASSIGNMENT((#9613));
#9613 = SURFACE_STYLE_USAGE(.BOTH.,#9614);
#9614 = SURFACE_SIDE_STYLE('',(#9615));
#9615 = SURFACE_STYLE_FILL_AREA(#9616);
#9616 = FILL_AREA_STYLE('',(#9617));
#9617 = FILL_AREA_STYLE_COLOUR('',#9609);
#9618 = MECHANICAL_DESIGN_GEOMETRIC_PRESENTATION_REPRESENTATION('',(
    #9619),#9085);
#9619 = STYLED_ITEM('color',(#9620),#8755);
#9620 = PRESENTATION_STYLE_ASSIGNMENT((#9621));
#9621 = SURFACE_STYLE_USAGE(.BOTH.,#9622);
#9622 = SURFACE_SIDE_STYLE('',(#9623));
#9623 = SURFACE_STYLE_FILL_AREA(#9624);
#9624 = FILL_AREA_STYLE('',(#9625));
#9625 = FILL_AREA_STYLE_COLOUR('',#9609);
#9626 = MECHANICAL_DESIGN_GEOMETRIC_PRESENTATION_REPRESENTATION('',(
    #9627),#7882);
#9627 = STYLED_ITEM('color',(#9628),#7396);
#9628 = PRESENTATION_STYLE_ASSIGNMENT((#9629));
#9629 = SURFACE_STYLE_USAGE(.BOTH.,#9630);
#9630 = SURFACE_SIDE_STYLE('',(#9631));
#9631 = SURFACE_STYLE_FILL_AREA(#9632);
#9632 = FILL_AREA_STYLE('',(#9633));
#9633 = FILL_AREA_STYLE_COLOUR('',#9634);
#9634 = COLOUR_RGB('',0.800000010877,0.800000010877,0.819999987296);
#9635 = MECHANICAL_DESIGN_GEOMETRIC_PRESENTATION_REPRESENTATION('',(
    #9636),#9590);
#9636 = STYLED_ITEM('color',(#9637),#9104);
#9637 = PRESENTATION_STYLE_ASSIGNMENT((#9638));
#9638 = SURFACE_STYLE_USAGE(.BOTH.,#9639);
#9639 = SURFACE_SIDE_STYLE('',(#9640));
#9640 = SURFACE_STYLE_FILL_AREA(#9641);
#9641 = FILL_AREA_STYLE('',(#9642));
#9642 = FILL_AREA_STYLE_COLOUR('',#9634);
#9643 = MECHANICAL_DESIGN_GEOMETRIC_PRESENTATION_REPRESENTATION('',(
    #9644),#6174);
#9644 = STYLED_ITEM('color',(#9645),#2404);
#9645 = PRESENTATION_STYLE_ASSIGNMENT((#9646));
#9646 = SURFACE_STYLE_USAGE(.BOTH.,#9647);
#9647 = SURFACE_SIDE_STYLE('',(#9648));
#9648 = SURFACE_STYLE_FILL_AREA(#9649);
#9649 = FILL_AREA_STYLE('',(#9650));
#9650 = FILL_AREA_STYLE_COLOUR('',#9651);
#9651 = COLOUR_RGB('',0.930000003373,0.930000003373,0.899999998185);
#9652 = MECHANICAL_DESIGN_GEOMETRIC_PRESENTATION_REPRESENTATION('',(
    #9653),#2385);
#9653 = STYLED_ITEM('color',(#9654),#69);
#9654 = PRESENTATION_STYLE_ASSIGNMENT((#9655));
#9655 = SURFACE_STYLE_USAGE(.BOTH.,#9656);
#9656 = SURFACE_SIDE_STYLE('',(#9657));
#9657 = SURFACE_STYLE_FILL_AREA(#9658);
#9658 = FILL_AREA_STYLE('',(#9659));
#9659 = FILL_AREA_STYLE_COLOUR('',#9660);
#9660 = COLOUR_RGB('',0.740000011925,0.750000000934,0.78000000177);
#9661 = MECHANICAL_DESIGN_GEOMETRIC_PRESENTATION_REPRESENTATION('',(
    #9662),#8736);
#9662 = STYLED_ITEM('color',(#9663),#8250);
#9663 = PRESENTATION_STYLE_ASSIGNMENT((#9664));
#9664 = SURFACE_STYLE_USAGE(.BOTH.,#9665);
#9665 = SURFACE_SIDE_STYLE('',(#9666));
#9666 = SURFACE_STYLE_FILL_AREA(#9667);
#9667 = FILL_AREA_STYLE('',(#9668));
#9668 = FILL_AREA_STYLE_COLOUR('',#9634);
#9669 = MECHANICAL_DESIGN_GEOMETRIC_PRESENTATION_REPRESENTATION('',(
    #9670),#7377);
#9670 = STYLED_ITEM('color',(#9671),#7047);
#9671 = PRESENTATION_STYLE_ASSIGNMENT((#9672));
#9672 = SURFACE_STYLE_USAGE(.BOTH.,#9673);
#9673 = SURFACE_SIDE_STYLE('',(#9674));
#9674 = SURFACE_STYLE_FILL_AREA(#9675);
#9675 = FILL_AREA_STYLE('',(#9676));
#9676 = FILL_AREA_STYLE_COLOUR('',#9609);
#9677 = MECHANICAL_DESIGN_GEOMETRIC_PRESENTATION_REPRESENTATION('',(
    #9678),#7028);
#9678 = STYLED_ITEM('color',(#9679),#6542);
#9679 = PRESENTATION_STYLE_ASSIGNMENT((#9680));
#9680 = SURFACE_STYLE_USAGE(.BOTH.,#9681);
#9681 = SURFACE_SIDE_STYLE('',(#9682));
#9682 = SURFACE_STYLE_FILL_AREA(#9683);
#9683 = FILL_AREA_STYLE('',(#9684));
#9684 = FILL_AREA_STYLE_COLOUR('',#9634);
ENDSEC;
END-ISO-10303-21;
