ISO-10303-21;
HEADER;
FILE_DESCRIPTION(('STEP AP214'),'1');
FILE_NAME('usb-b-s-s-b-th.stp','2026-01-14T11:16:47',('TraceParts'),('TraceParts S.A.S.'),'Spatial InterOp 3D',' ',' ');
FILE_SCHEMA(('AUTOMOTIVE_DESIGN { 1 0 10303 214 1 1 1 1 }'));
ENDSEC;
DATA;
#1=MECHANICAL_DESIGN_GEOMETRIC_PRESENTATION_REPRESENTATION(' ',(#10,#11,#12,#13,#14,#15,#16,#17,#18,#19,#20,#21,#22,#23,#24,#25,#26,#27,#28,#29,#30,#31,#32,#33,#34,#35,#36,#37,#38,#39,#40,#41,#42,#43,#44,#45,#46,#47,#48,#49,#50,#51,#52,#53,#54,#55,#56,#57,#58,#59,#60,#61,#62,#63,#64,#65,#66,#67,#68,#69,#70,#71,#72,#73,#74,#75,#76,#77,#78,#79,#80,#81,#82,#83,#84,#85,#86,#87,#88,#89,#90,#91,#92,#93,#94,#95,#96,#97,#98,#99,#100,#101,#102,#103,#104,#105,#106,#107,#108,#109,#110,#111,#112,#113,#114,#115,#116,#117,#118,#119,#120,#121,#122,#123,#124,#125,#126,#127,#128,#129,#130,#131,#132,#133,#134,#135,#136,#137,#138,#139,#140,#141,#142,#143,#144,#145,#146,#147,#148,#149,#150,#151,#152,#153,#154,#155,#156,#157,#158,#159,#160,#161,#162,#163,#164,#165,#166,#167,#168,#169,#170,#171,#172,#173,#174,#175,#176,#177,#178,#179,#180,#181,#182,#183,#184,#185,#186,#187,#188,#189,#190,#191,#192,#193,#194,#195,#196,#197,#198,#199,#200,#201,#202,#203,#204,#205,#206,#207,#208,#209,#210,#211,#212,#213,#214,#215,#216,#217,#218,#219,#220,#221,#222,#223,#224,#225,#226,#227,#228,#229,#230,#231,#232,#233,#234,#235,#236,#237,#238,#239,#240,#241,#242,#243,#244,#245,#246,#247,#248,#249,#250,#251,#252,#253,#254,#255,#256,#257,#258,#259,#260,#261,#262,#263,#264,#265,#266,#267,#268,#269,#270,#271,#272,#273,#274,#275,#276,#277,#278,#279,#280,#281,#282,#283,#284,#285,#286,#287,#288,#289,#290,#291,#292,#293,#294,#295,#296,#297,#298,#299,#300,#301,#302,#303,#304,#305,#306,#307,#308,#309,#310,#311,#312,#313,#314,#315,#316,#317,#318,#319,#320,#321,#322,#323,#324,#325,#326,#327,#328,#329,#330,#331,#332,#333,#334,#335,#336,#337,#338,#339,#340,#341,#342,#343,#344),#6);
#2=PRODUCT_DEFINITION_CONTEXT('',#345,'design');
#3=APPLICATION_PROTOCOL_DEFINITION('INTERNATIONAL STANDARD','automotive_design',1994,#345);
#4=PRODUCT_CATEGORY_RELATIONSHIP('NONE','NONE',#346,#347);
#5=SHAPE_DEFINITION_REPRESENTATION(#348,#349);
#6= (GEOMETRIC_REPRESENTATION_CONTEXT(3)GLOBAL_UNCERTAINTY_ASSIGNED_CONTEXT((#352))GLOBAL_UNIT_ASSIGNED_CONTEXT((#354,#355,#356))REPRESENTATION_CONTEXT('NONE','WORKSPACE'));
#10=STYLED_ITEM('',(#358),#359);
#11=STYLED_ITEM('',(#360),#361);
#12=STYLED_ITEM('',(#362),#363);
#13=STYLED_ITEM('',(#364),#365);
#14=STYLED_ITEM('',(#366),#367);
#15=STYLED_ITEM('',(#368),#369);
#16=STYLED_ITEM('',(#370),#371);
#17=STYLED_ITEM('',(#372),#373);
#18=STYLED_ITEM('',(#374),#375);
#19=STYLED_ITEM('',(#376),#377);
#20=STYLED_ITEM('',(#378),#379);
#21=STYLED_ITEM('',(#380),#381);
#22=STYLED_ITEM('',(#382),#383);
#23=STYLED_ITEM('',(#384),#385);
#24=STYLED_ITEM('',(#386),#387);
#25=STYLED_ITEM('',(#388),#389);
#26=STYLED_ITEM('',(#390),#391);
#27=STYLED_ITEM('',(#392),#393);
#28=STYLED_ITEM('',(#394),#395);
#29=STYLED_ITEM('',(#396),#397);
#30=STYLED_ITEM('',(#398),#399);
#31=STYLED_ITEM('',(#400),#401);
#32=STYLED_ITEM('',(#402),#403);
#33=STYLED_ITEM('',(#404),#405);
#34=STYLED_ITEM('',(#406),#407);
#35=STYLED_ITEM('',(#408),#409);
#36=STYLED_ITEM('',(#410),#411);
#37=STYLED_ITEM('',(#412),#413);
#38=STYLED_ITEM('',(#414),#415);
#39=STYLED_ITEM('',(#416),#417);
#40=STYLED_ITEM('',(#418),#419);
#41=STYLED_ITEM('',(#420),#421);
#42=STYLED_ITEM('',(#422),#423);
#43=STYLED_ITEM('',(#424),#425);
#44=STYLED_ITEM('',(#426),#427);
#45=STYLED_ITEM('',(#428),#429);
#46=STYLED_ITEM('',(#430),#431);
#47=STYLED_ITEM('',(#432),#433);
#48=STYLED_ITEM('',(#434),#435);
#49=STYLED_ITEM('',(#436),#437);
#50=STYLED_ITEM('',(#438),#439);
#51=STYLED_ITEM('',(#440),#441);
#52=STYLED_ITEM('',(#442),#443);
#53=STYLED_ITEM('',(#444),#445);
#54=STYLED_ITEM('',(#446),#447);
#55=STYLED_ITEM('',(#448),#449);
#56=STYLED_ITEM('',(#450),#451);
#57=STYLED_ITEM('',(#452),#453);
#58=STYLED_ITEM('',(#454),#455);
#59=STYLED_ITEM('',(#456),#457);
#60=STYLED_ITEM('',(#458),#459);
#61=STYLED_ITEM('',(#460),#461);
#62=STYLED_ITEM('',(#462),#463);
#63=STYLED_ITEM('',(#464),#465);
#64=STYLED_ITEM('',(#466),#467);
#65=STYLED_ITEM('',(#468),#469);
#66=STYLED_ITEM('',(#470),#471);
#67=STYLED_ITEM('',(#472),#473);
#68=STYLED_ITEM('',(#474),#475);
#69=STYLED_ITEM('',(#476),#477);
#70=STYLED_ITEM('',(#478),#479);
#71=STYLED_ITEM('',(#480),#481);
#72=STYLED_ITEM('',(#482),#483);
#73=STYLED_ITEM('',(#484),#485);
#74=STYLED_ITEM('',(#486),#487);
#75=STYLED_ITEM('',(#488),#489);
#76=STYLED_ITEM('',(#490),#491);
#77=STYLED_ITEM('',(#492),#493);
#78=STYLED_ITEM('',(#494),#495);
#79=STYLED_ITEM('',(#496),#497);
#80=STYLED_ITEM('',(#498),#499);
#81=STYLED_ITEM('',(#500),#501);
#82=STYLED_ITEM('',(#502),#503);
#83=STYLED_ITEM('',(#504),#505);
#84=STYLED_ITEM('',(#506),#507);
#85=STYLED_ITEM('',(#508),#509);
#86=STYLED_ITEM('',(#510),#511);
#87=STYLED_ITEM('',(#512),#513);
#88=STYLED_ITEM('',(#514),#515);
#89=STYLED_ITEM('',(#516),#517);
#90=STYLED_ITEM('',(#518),#519);
#91=STYLED_ITEM('',(#520),#521);
#92=STYLED_ITEM('',(#522),#523);
#93=STYLED_ITEM('',(#524),#525);
#94=STYLED_ITEM('',(#526),#527);
#95=STYLED_ITEM('',(#528),#529);
#96=STYLED_ITEM('',(#530),#531);
#97=STYLED_ITEM('',(#532),#533);
#98=STYLED_ITEM('',(#534),#535);
#99=STYLED_ITEM('',(#536),#537);
#100=STYLED_ITEM('',(#538),#539);
#101=STYLED_ITEM('',(#540),#541);
#102=STYLED_ITEM('',(#542),#543);
#103=STYLED_ITEM('',(#544),#545);
#104=STYLED_ITEM('',(#546),#547);
#105=STYLED_ITEM('',(#548),#549);
#106=STYLED_ITEM('',(#550),#551);
#107=STYLED_ITEM('',(#552),#553);
#108=STYLED_ITEM('',(#554),#555);
#109=STYLED_ITEM('',(#556),#557);
#110=STYLED_ITEM('',(#558),#559);
#111=STYLED_ITEM('',(#560),#561);
#112=STYLED_ITEM('',(#562),#563);
#113=STYLED_ITEM('',(#564),#565);
#114=STYLED_ITEM('',(#566),#567);
#115=STYLED_ITEM('',(#568),#569);
#116=STYLED_ITEM('',(#570),#571);
#117=STYLED_ITEM('',(#572),#573);
#118=STYLED_ITEM('',(#574),#575);
#119=STYLED_ITEM('',(#576),#577);
#120=STYLED_ITEM('',(#578),#579);
#121=STYLED_ITEM('',(#580),#581);
#122=STYLED_ITEM('',(#582),#583);
#123=STYLED_ITEM('',(#584),#585);
#124=STYLED_ITEM('',(#586),#587);
#125=STYLED_ITEM('',(#588),#589);
#126=STYLED_ITEM('',(#590),#591);
#127=STYLED_ITEM('',(#592),#593);
#128=STYLED_ITEM('',(#594),#595);
#129=STYLED_ITEM('',(#596),#597);
#130=STYLED_ITEM('',(#598),#599);
#131=STYLED_ITEM('',(#600),#601);
#132=STYLED_ITEM('',(#602),#603);
#133=STYLED_ITEM('',(#604),#605);
#134=STYLED_ITEM('',(#606),#607);
#135=STYLED_ITEM('',(#608),#609);
#136=STYLED_ITEM('',(#610),#611);
#137=STYLED_ITEM('',(#612),#613);
#138=STYLED_ITEM('',(#614),#615);
#139=STYLED_ITEM('',(#616),#617);
#140=STYLED_ITEM('',(#618),#619);
#141=STYLED_ITEM('',(#620),#621);
#142=STYLED_ITEM('',(#622),#623);
#143=STYLED_ITEM('',(#624),#625);
#144=STYLED_ITEM('',(#626),#627);
#145=STYLED_ITEM('',(#628),#629);
#146=STYLED_ITEM('',(#630),#631);
#147=STYLED_ITEM('',(#632),#633);
#148=STYLED_ITEM('',(#634),#635);
#149=STYLED_ITEM('',(#636),#637);
#150=STYLED_ITEM('',(#638),#639);
#151=STYLED_ITEM('',(#640),#641);
#152=STYLED_ITEM('',(#642),#643);
#153=STYLED_ITEM('',(#644),#645);
#154=STYLED_ITEM('',(#646),#647);
#155=STYLED_ITEM('',(#648),#649);
#156=STYLED_ITEM('',(#650),#651);
#157=STYLED_ITEM('',(#652),#653);
#158=STYLED_ITEM('',(#654),#655);
#159=STYLED_ITEM('',(#656),#657);
#160=STYLED_ITEM('',(#658),#659);
#161=STYLED_ITEM('',(#660),#661);
#162=STYLED_ITEM('',(#662),#663);
#163=STYLED_ITEM('',(#664),#665);
#164=STYLED_ITEM('',(#666),#667);
#165=STYLED_ITEM('',(#668),#669);
#166=STYLED_ITEM('',(#670),#671);
#167=STYLED_ITEM('',(#672),#673);
#168=STYLED_ITEM('',(#674),#675);
#169=STYLED_ITEM('',(#676),#677);
#170=STYLED_ITEM('',(#678),#679);
#171=STYLED_ITEM('',(#680),#681);
#172=STYLED_ITEM('',(#682),#683);
#173=STYLED_ITEM('',(#684),#685);
#174=STYLED_ITEM('',(#686),#687);
#175=STYLED_ITEM('',(#688),#689);
#176=STYLED_ITEM('',(#690),#691);
#177=STYLED_ITEM('',(#692),#693);
#178=STYLED_ITEM('',(#694),#695);
#179=STYLED_ITEM('',(#696),#697);
#180=STYLED_ITEM('',(#698),#699);
#181=STYLED_ITEM('',(#700),#701);
#182=STYLED_ITEM('',(#702),#703);
#183=STYLED_ITEM('',(#704),#705);
#184=STYLED_ITEM('',(#706),#707);
#185=STYLED_ITEM('',(#708),#709);
#186=STYLED_ITEM('',(#710),#711);
#187=STYLED_ITEM('',(#712),#713);
#188=STYLED_ITEM('',(#714),#715);
#189=STYLED_ITEM('',(#716),#717);
#190=STYLED_ITEM('',(#718),#719);
#191=STYLED_ITEM('',(#720),#721);
#192=STYLED_ITEM('',(#722),#723);
#193=STYLED_ITEM('',(#724),#725);
#194=STYLED_ITEM('',(#726),#727);
#195=STYLED_ITEM('',(#728),#729);
#196=STYLED_ITEM('',(#730),#731);
#197=STYLED_ITEM('',(#732),#733);
#198=STYLED_ITEM('',(#734),#735);
#199=STYLED_ITEM('',(#736),#737);
#200=STYLED_ITEM('',(#738),#739);
#201=STYLED_ITEM('',(#740),#741);
#202=STYLED_ITEM('',(#742),#743);
#203=STYLED_ITEM('',(#744),#745);
#204=STYLED_ITEM('',(#746),#747);
#205=STYLED_ITEM('',(#748),#749);
#206=STYLED_ITEM('',(#750),#751);
#207=STYLED_ITEM('',(#752),#753);
#208=STYLED_ITEM('',(#754),#755);
#209=STYLED_ITEM('',(#756),#757);
#210=STYLED_ITEM('',(#758),#759);
#211=STYLED_ITEM('',(#760),#761);
#212=STYLED_ITEM('',(#762),#763);
#213=STYLED_ITEM('',(#764),#765);
#214=STYLED_ITEM('',(#766),#767);
#215=STYLED_ITEM('',(#768),#769);
#216=STYLED_ITEM('',(#770),#771);
#217=STYLED_ITEM('',(#772),#773);
#218=STYLED_ITEM('',(#774),#775);
#219=STYLED_ITEM('',(#776),#777);
#220=STYLED_ITEM('',(#778),#779);
#221=STYLED_ITEM('',(#780),#781);
#222=STYLED_ITEM('',(#782),#783);
#223=STYLED_ITEM('',(#784),#785);
#224=STYLED_ITEM('',(#786),#787);
#225=STYLED_ITEM('',(#788),#789);
#226=STYLED_ITEM('',(#790),#791);
#227=STYLED_ITEM('',(#792),#793);
#228=STYLED_ITEM('',(#794),#795);
#229=STYLED_ITEM('',(#796),#797);
#230=STYLED_ITEM('',(#798),#799);
#231=STYLED_ITEM('',(#800),#801);
#232=STYLED_ITEM('',(#802),#803);
#233=STYLED_ITEM('',(#804),#805);
#234=STYLED_ITEM('',(#806),#807);
#235=STYLED_ITEM('',(#808),#809);
#236=STYLED_ITEM('',(#810),#811);
#237=STYLED_ITEM('',(#812),#813);
#238=STYLED_ITEM('',(#814),#815);
#239=STYLED_ITEM('',(#816),#817);
#240=STYLED_ITEM('',(#818),#819);
#241=STYLED_ITEM('',(#820),#821);
#242=STYLED_ITEM('',(#822),#823);
#243=STYLED_ITEM('',(#824),#825);
#244=STYLED_ITEM('',(#826),#827);
#245=STYLED_ITEM('',(#828),#829);
#246=STYLED_ITEM('',(#830),#831);
#247=STYLED_ITEM('',(#832),#833);
#248=STYLED_ITEM('',(#834),#835);
#249=STYLED_ITEM('',(#836),#837);
#250=STYLED_ITEM('',(#838),#839);
#251=STYLED_ITEM('',(#840),#841);
#252=STYLED_ITEM('',(#842),#843);
#253=STYLED_ITEM('',(#844),#845);
#254=STYLED_ITEM('',(#846),#847);
#255=STYLED_ITEM('',(#848),#849);
#256=STYLED_ITEM('',(#850),#851);
#257=STYLED_ITEM('',(#852),#853);
#258=STYLED_ITEM('',(#854),#855);
#259=STYLED_ITEM('',(#856),#857);
#260=STYLED_ITEM('',(#858),#859);
#261=STYLED_ITEM('',(#860),#861);
#262=STYLED_ITEM('',(#862),#863);
#263=STYLED_ITEM('',(#864),#865);
#264=STYLED_ITEM('',(#866),#867);
#265=STYLED_ITEM('',(#868),#869);
#266=STYLED_ITEM('',(#870),#871);
#267=STYLED_ITEM('',(#872),#873);
#268=STYLED_ITEM('',(#874),#875);
#269=STYLED_ITEM('',(#876),#877);
#270=STYLED_ITEM('',(#878),#879);
#271=STYLED_ITEM('',(#880),#881);
#272=STYLED_ITEM('',(#882),#883);
#273=STYLED_ITEM('',(#884),#885);
#274=STYLED_ITEM('',(#886),#887);
#275=STYLED_ITEM('',(#888),#889);
#276=STYLED_ITEM('',(#890),#891);
#277=STYLED_ITEM('',(#892),#893);
#278=STYLED_ITEM('',(#894),#895);
#279=STYLED_ITEM('',(#896),#897);
#280=STYLED_ITEM('',(#898),#899);
#281=STYLED_ITEM('',(#900),#901);
#282=STYLED_ITEM('',(#902),#903);
#283=STYLED_ITEM('',(#904),#905);
#284=STYLED_ITEM('',(#906),#907);
#285=STYLED_ITEM('',(#908),#909);
#286=STYLED_ITEM('',(#910),#911);
#287=STYLED_ITEM('',(#912),#913);
#288=STYLED_ITEM('',(#914),#915);
#289=STYLED_ITEM('',(#916),#917);
#290=STYLED_ITEM('',(#918),#919);
#291=STYLED_ITEM('',(#920),#921);
#292=STYLED_ITEM('',(#922),#923);
#293=STYLED_ITEM('',(#924),#925);
#294=STYLED_ITEM('',(#926),#927);
#295=STYLED_ITEM('',(#928),#929);
#296=STYLED_ITEM('',(#930),#931);
#297=STYLED_ITEM('',(#932),#933);
#298=STYLED_ITEM('',(#934),#935);
#299=STYLED_ITEM('',(#936),#937);
#300=STYLED_ITEM('',(#938),#939);
#301=STYLED_ITEM('',(#940),#941);
#302=STYLED_ITEM('',(#942),#943);
#303=STYLED_ITEM('',(#944),#945);
#304=STYLED_ITEM('',(#946),#947);
#305=STYLED_ITEM('',(#948),#949);
#306=STYLED_ITEM('',(#950),#951);
#307=STYLED_ITEM('',(#952),#953);
#308=STYLED_ITEM('',(#954),#955);
#309=STYLED_ITEM('',(#956),#957);
#310=STYLED_ITEM('',(#958),#959);
#311=STYLED_ITEM('',(#960),#961);
#312=STYLED_ITEM('',(#962),#963);
#313=STYLED_ITEM('',(#964),#965);
#314=STYLED_ITEM('',(#966),#967);
#315=STYLED_ITEM('',(#968),#969);
#316=STYLED_ITEM('',(#970),#971);
#317=STYLED_ITEM('',(#972),#973);
#318=STYLED_ITEM('',(#974),#975);
#319=STYLED_ITEM('',(#976),#977);
#320=STYLED_ITEM('',(#978),#979);
#321=STYLED_ITEM('',(#980),#981);
#322=STYLED_ITEM('',(#982),#983);
#323=STYLED_ITEM('',(#984),#985);
#324=STYLED_ITEM('',(#986),#987);
#325=STYLED_ITEM('',(#988),#989);
#326=STYLED_ITEM('',(#990),#991);
#327=STYLED_ITEM('',(#992),#993);
#328=STYLED_ITEM('',(#994),#995);
#329=STYLED_ITEM('',(#996),#997);
#330=STYLED_ITEM('',(#998),#999);
#331=STYLED_ITEM('',(#1000),#1001);
#332=STYLED_ITEM('',(#1002),#1003);
#333=STYLED_ITEM('',(#1004),#1005);
#334=STYLED_ITEM('',(#1006),#1007);
#335=STYLED_ITEM('',(#1008),#1009);
#336=STYLED_ITEM('',(#1010),#1011);
#337=STYLED_ITEM('',(#1012),#1013);
#338=STYLED_ITEM('',(#1014),#1015);
#339=STYLED_ITEM('',(#1016),#1017);
#340=STYLED_ITEM('',(#1018),#1019);
#341=STYLED_ITEM('',(#1020),#1021);
#342=STYLED_ITEM('',(#1022),#1023);
#343=STYLED_ITEM('',(#1024),#1025);
#344=STYLED_ITEM('',(#1026),#1027);
#345=APPLICATION_CONTEXT(' ');
#346=PRODUCT_CATEGORY('part','NONE');
#347=PRODUCT_RELATED_PRODUCT_CATEGORY('detail',' ',(#1028));
#348=PRODUCT_DEFINITION_SHAPE('NONE','NONE',#1029);
#349=ADVANCED_BREP_SHAPE_REPRESENTATION('1',(#1030,#1031),#6);
#352=UNCERTAINTY_MEASURE_WITH_UNIT(LENGTH_MEASURE(1.0E-06),#354,'','');
#354= (CONVERSION_BASED_UNIT('MILLIMETRE',#1034)LENGTH_UNIT()NAMED_UNIT(#1037));
#355= (NAMED_UNIT(#1039)PLANE_ANGLE_UNIT()SI_UNIT($,.RADIAN.));
#356= (NAMED_UNIT(#1039)SOLID_ANGLE_UNIT()SI_UNIT($,.STERADIAN.));
#358=PRESENTATION_STYLE_ASSIGNMENT((#1045));
#359=ADVANCED_FACE('',(#1046),#1047,.T.);
#360=PRESENTATION_STYLE_ASSIGNMENT((#1048));
#361=ADVANCED_FACE('',(#1049),#1050,.T.);
#362=PRESENTATION_STYLE_ASSIGNMENT((#1051));
#363=ADVANCED_FACE('',(#1052),#1053,.T.);
#364=PRESENTATION_STYLE_ASSIGNMENT((#1054));
#365=ADVANCED_FACE('',(#1055),#1056,.T.);
#366=PRESENTATION_STYLE_ASSIGNMENT((#1057));
#367=ADVANCED_FACE('',(#1058),#1059,.T.);
#368=PRESENTATION_STYLE_ASSIGNMENT((#1060));
#369=ADVANCED_FACE('',(#1061),#1062,.T.);
#370=PRESENTATION_STYLE_ASSIGNMENT((#1063));
#371=ADVANCED_FACE('',(#1064),#1065,.T.);
#372=PRESENTATION_STYLE_ASSIGNMENT((#1066));
#373=ADVANCED_FACE('',(#1067),#1068,.T.);
#374=PRESENTATION_STYLE_ASSIGNMENT((#1069));
#375=ADVANCED_FACE('',(#1070),#1071,.F.);
#376=PRESENTATION_STYLE_ASSIGNMENT((#1072));
#377=ADVANCED_FACE('',(#1073),#1074,.F.);
#378=PRESENTATION_STYLE_ASSIGNMENT((#1075));
#379=ADVANCED_FACE('',(#1076),#1077,.F.);
#380=PRESENTATION_STYLE_ASSIGNMENT((#1078));
#381=ADVANCED_FACE('',(#1079),#1080,.T.);
#382=PRESENTATION_STYLE_ASSIGNMENT((#1081));
#383=ADVANCED_FACE('',(#1082),#1083,.F.);
#384=PRESENTATION_STYLE_ASSIGNMENT((#1084));
#385=ADVANCED_FACE('',(#1085),#1086,.T.);
#386=PRESENTATION_STYLE_ASSIGNMENT((#1087));
#387=ADVANCED_FACE('',(#1088),#1089,.F.);
#388=PRESENTATION_STYLE_ASSIGNMENT((#1090));
#389=ADVANCED_FACE('',(#1091),#1092,.F.);
#390=PRESENTATION_STYLE_ASSIGNMENT((#1093));
#391=ADVANCED_FACE('',(#1094),#1095,.F.);
#392=PRESENTATION_STYLE_ASSIGNMENT((#1096));
#393=ADVANCED_FACE('',(#1097),#1098,.F.);
#394=PRESENTATION_STYLE_ASSIGNMENT((#1099));
#395=ADVANCED_FACE('',(#1100),#1101,.T.);
#396=PRESENTATION_STYLE_ASSIGNMENT((#1102));
#397=ADVANCED_FACE('',(#1103),#1104,.T.);
#398=PRESENTATION_STYLE_ASSIGNMENT((#1105));
#399=ADVANCED_FACE('',(#1106),#1107,.T.);
#400=PRESENTATION_STYLE_ASSIGNMENT((#1108));
#401=ADVANCED_FACE('',(#1109),#1110,.F.);
#402=PRESENTATION_STYLE_ASSIGNMENT((#1111));
#403=ADVANCED_FACE('',(#1112,#1113,#1114,#1115,#1116,#1117,#1118,#1119,#1120,#1121),#1122,.F.);
#404=PRESENTATION_STYLE_ASSIGNMENT((#1123));
#405=ADVANCED_FACE('',(#1124,#1125),#1126,.F.);
#406=PRESENTATION_STYLE_ASSIGNMENT((#1127));
#407=ADVANCED_FACE('',(#1128,#1129),#1130,.F.);
#408=PRESENTATION_STYLE_ASSIGNMENT((#1131));
#409=ADVANCED_FACE('',(#1132),#1133,.F.);
#410=PRESENTATION_STYLE_ASSIGNMENT((#1134));
#411=ADVANCED_FACE('',(#1135,#1136),#1137,.F.);
#412=PRESENTATION_STYLE_ASSIGNMENT((#1138));
#413=ADVANCED_FACE('',(#1139,#1140),#1141,.F.);
#414=PRESENTATION_STYLE_ASSIGNMENT((#1142));
#415=ADVANCED_FACE('',(#1143,#1144),#1145,.F.);
#416=PRESENTATION_STYLE_ASSIGNMENT((#1146));
#417=ADVANCED_FACE('',(#1147),#1148,.F.);
#418=PRESENTATION_STYLE_ASSIGNMENT((#1149));
#419=ADVANCED_FACE('',(#1150,#1151),#1152,.F.);
#420=PRESENTATION_STYLE_ASSIGNMENT((#1153));
#421=ADVANCED_FACE('',(#1154),#1155,.F.);
#422=PRESENTATION_STYLE_ASSIGNMENT((#1156));
#423=ADVANCED_FACE('',(#1157),#1158,.T.);
#424=PRESENTATION_STYLE_ASSIGNMENT((#1159));
#425=ADVANCED_FACE('',(#1160),#1161,.T.);
#426=PRESENTATION_STYLE_ASSIGNMENT((#1162));
#427=ADVANCED_FACE('',(#1163),#1164,.T.);
#428=PRESENTATION_STYLE_ASSIGNMENT((#1165));
#429=ADVANCED_FACE('',(#1166),#1167,.T.);
#430=PRESENTATION_STYLE_ASSIGNMENT((#1168));
#431=ADVANCED_FACE('',(#1169),#1170,.T.);
#432=PRESENTATION_STYLE_ASSIGNMENT((#1171));
#433=ADVANCED_FACE('',(#1172),#1173,.T.);
#434=PRESENTATION_STYLE_ASSIGNMENT((#1174));
#435=ADVANCED_FACE('',(#1175),#1176,.F.);
#436=PRESENTATION_STYLE_ASSIGNMENT((#1177));
#437=ADVANCED_FACE('',(#1178),#1179,.T.);
#438=PRESENTATION_STYLE_ASSIGNMENT((#1180));
#439=ADVANCED_FACE('',(#1181),#1182,.T.);
#440=PRESENTATION_STYLE_ASSIGNMENT((#1183));
#441=ADVANCED_FACE('',(#1184),#1185,.T.);
#442=PRESENTATION_STYLE_ASSIGNMENT((#1186));
#443=ADVANCED_FACE('',(#1187),#1188,.T.);
#444=PRESENTATION_STYLE_ASSIGNMENT((#1189));
#445=ADVANCED_FACE('',(#1190),#1191,.T.);
#446=PRESENTATION_STYLE_ASSIGNMENT((#1192));
#447=ADVANCED_FACE('',(#1193),#1194,.T.);
#448=PRESENTATION_STYLE_ASSIGNMENT((#1195));
#449=ADVANCED_FACE('',(#1196),#1197,.F.);
#450=PRESENTATION_STYLE_ASSIGNMENT((#1198));
#451=ADVANCED_FACE('',(#1199),#1200,.T.);
#452=PRESENTATION_STYLE_ASSIGNMENT((#1201));
#453=ADVANCED_FACE('',(#1202),#1203,.T.);
#454=PRESENTATION_STYLE_ASSIGNMENT((#1204));
#455=ADVANCED_FACE('',(#1205),#1206,.T.);
#456=PRESENTATION_STYLE_ASSIGNMENT((#1207));
#457=ADVANCED_FACE('',(#1208),#1209,.T.);
#458=PRESENTATION_STYLE_ASSIGNMENT((#1210));
#459=ADVANCED_FACE('',(#1211),#1212,.T.);
#460=PRESENTATION_STYLE_ASSIGNMENT((#1213));
#461=ADVANCED_FACE('',(#1214),#1215,.T.);
#462=PRESENTATION_STYLE_ASSIGNMENT((#1216));
#463=ADVANCED_FACE('',(#1217),#1218,.F.);
#464=PRESENTATION_STYLE_ASSIGNMENT((#1219));
#465=ADVANCED_FACE('',(#1220),#1221,.T.);
#466=PRESENTATION_STYLE_ASSIGNMENT((#1222));
#467=ADVANCED_FACE('',(#1223),#1224,.T.);
#468=PRESENTATION_STYLE_ASSIGNMENT((#1225));
#469=ADVANCED_FACE('',(#1226),#1227,.T.);
#470=PRESENTATION_STYLE_ASSIGNMENT((#1228));
#471=ADVANCED_FACE('',(#1229),#1230,.T.);
#472=PRESENTATION_STYLE_ASSIGNMENT((#1231));
#473=ADVANCED_FACE('',(#1232),#1233,.T.);
#474=PRESENTATION_STYLE_ASSIGNMENT((#1234));
#475=ADVANCED_FACE('',(#1235),#1236,.T.);
#476=PRESENTATION_STYLE_ASSIGNMENT((#1237));
#477=ADVANCED_FACE('',(#1238),#1239,.T.);
#478=PRESENTATION_STYLE_ASSIGNMENT((#1240));
#479=ADVANCED_FACE('',(#1241),#1242,.F.);
#480=PRESENTATION_STYLE_ASSIGNMENT((#1243));
#481=ADVANCED_FACE('',(#1244),#1245,.T.);
#482=PRESENTATION_STYLE_ASSIGNMENT((#1246));
#483=ADVANCED_FACE('',(#1247),#1248,.T.);
#484=PRESENTATION_STYLE_ASSIGNMENT((#1249));
#485=ADVANCED_FACE('',(#1250),#1251,.T.);
#486=PRESENTATION_STYLE_ASSIGNMENT((#1252));
#487=ADVANCED_FACE('',(#1253),#1254,.T.);
#488=PRESENTATION_STYLE_ASSIGNMENT((#1255));
#489=ADVANCED_FACE('',(#1256),#1257,.F.);
#490=PRESENTATION_STYLE_ASSIGNMENT((#1258));
#491=ADVANCED_FACE('',(#1259),#1260,.T.);
#492=PRESENTATION_STYLE_ASSIGNMENT((#1261));
#493=ADVANCED_FACE('',(#1262,#1263,#1264,#1265,#1266),#1267,.T.);
#494=PRESENTATION_STYLE_ASSIGNMENT((#1268));
#495=ADVANCED_FACE('',(#1269),#1270,.T.);
#496=PRESENTATION_STYLE_ASSIGNMENT((#1271));
#497=ADVANCED_FACE('',(#1272),#1273,.F.);
#498=PRESENTATION_STYLE_ASSIGNMENT((#1274));
#499=ADVANCED_FACE('',(#1275),#1276,.T.);
#500=PRESENTATION_STYLE_ASSIGNMENT((#1277));
#501=ADVANCED_FACE('',(#1278),#1279,.T.);
#502=PRESENTATION_STYLE_ASSIGNMENT((#1280));
#503=ADVANCED_FACE('',(#1281),#1282,.T.);
#504=PRESENTATION_STYLE_ASSIGNMENT((#1283));
#505=ADVANCED_FACE('',(#1284),#1285,.T.);
#506=PRESENTATION_STYLE_ASSIGNMENT((#1286));
#507=ADVANCED_FACE('',(#1287),#1288,.F.);
#508=PRESENTATION_STYLE_ASSIGNMENT((#1289));
#509=ADVANCED_FACE('',(#1290),#1291,.T.);
#510=PRESENTATION_STYLE_ASSIGNMENT((#1292));
#511=ADVANCED_FACE('',(#1293),#1294,.T.);
#512=PRESENTATION_STYLE_ASSIGNMENT((#1295));
#513=ADVANCED_FACE('',(#1296),#1297,.F.);
#514=PRESENTATION_STYLE_ASSIGNMENT((#1298));
#515=ADVANCED_FACE('',(#1299),#1300,.T.);
#516=PRESENTATION_STYLE_ASSIGNMENT((#1301));
#517=ADVANCED_FACE('',(#1302),#1303,.T.);
#518=PRESENTATION_STYLE_ASSIGNMENT((#1304));
#519=ADVANCED_FACE('',(#1305),#1306,.T.);
#520=PRESENTATION_STYLE_ASSIGNMENT((#1307));
#521=ADVANCED_FACE('',(#1308),#1309,.T.);
#522=PRESENTATION_STYLE_ASSIGNMENT((#1310));
#523=ADVANCED_FACE('',(#1311),#1312,.F.);
#524=PRESENTATION_STYLE_ASSIGNMENT((#1313));
#525=ADVANCED_FACE('',(#1314),#1315,.T.);
#526=PRESENTATION_STYLE_ASSIGNMENT((#1316));
#527=ADVANCED_FACE('',(#1317,#1318,#1319,#1320,#1321),#1322,.T.);
#528=PRESENTATION_STYLE_ASSIGNMENT((#1323));
#529=ADVANCED_FACE('',(#1324),#1325,.T.);
#530=PRESENTATION_STYLE_ASSIGNMENT((#1326));
#531=ADVANCED_FACE('',(#1327),#1328,.F.);
#532=PRESENTATION_STYLE_ASSIGNMENT((#1329));
#533=ADVANCED_FACE('',(#1330),#1331,.T.);
#534=PRESENTATION_STYLE_ASSIGNMENT((#1332));
#535=ADVANCED_FACE('',(#1333),#1334,.T.);
#536=PRESENTATION_STYLE_ASSIGNMENT((#1335));
#537=ADVANCED_FACE('',(#1336),#1337,.T.);
#538=PRESENTATION_STYLE_ASSIGNMENT((#1338));
#539=ADVANCED_FACE('',(#1339),#1340,.T.);
#540=PRESENTATION_STYLE_ASSIGNMENT((#1341));
#541=ADVANCED_FACE('',(#1342),#1343,.F.);
#542=PRESENTATION_STYLE_ASSIGNMENT((#1344));
#543=ADVANCED_FACE('',(#1345),#1346,.T.);
#544=PRESENTATION_STYLE_ASSIGNMENT((#1347));
#545=ADVANCED_FACE('',(#1348),#1349,.T.);
#546=PRESENTATION_STYLE_ASSIGNMENT((#1350));
#547=ADVANCED_FACE('',(#1351),#1352,.T.);
#548=PRESENTATION_STYLE_ASSIGNMENT((#1353));
#549=ADVANCED_FACE('',(#1354),#1355,.T.);
#550=PRESENTATION_STYLE_ASSIGNMENT((#1356));
#551=ADVANCED_FACE('',(#1357),#1358,.T.);
#552=PRESENTATION_STYLE_ASSIGNMENT((#1359));
#553=ADVANCED_FACE('',(#1360),#1361,.F.);
#554=PRESENTATION_STYLE_ASSIGNMENT((#1362));
#555=ADVANCED_FACE('',(#1363),#1364,.F.);
#556=PRESENTATION_STYLE_ASSIGNMENT((#1365));
#557=ADVANCED_FACE('',(#1366),#1367,.F.);
#558=PRESENTATION_STYLE_ASSIGNMENT((#1368));
#559=ADVANCED_FACE('',(#1369),#1370,.F.);
#560=PRESENTATION_STYLE_ASSIGNMENT((#1371));
#561=ADVANCED_FACE('',(#1372),#1373,.F.);
#562=PRESENTATION_STYLE_ASSIGNMENT((#1374));
#563=ADVANCED_FACE('',(#1375),#1376,.F.);
#564=PRESENTATION_STYLE_ASSIGNMENT((#1377));
#565=ADVANCED_FACE('',(#1378),#1379,.F.);
#566=PRESENTATION_STYLE_ASSIGNMENT((#1380));
#567=ADVANCED_FACE('',(#1381),#1382,.F.);
#568=PRESENTATION_STYLE_ASSIGNMENT((#1383));
#569=ADVANCED_FACE('',(#1384),#1385,.F.);
#570=PRESENTATION_STYLE_ASSIGNMENT((#1386));
#571=ADVANCED_FACE('',(#1387),#1388,.F.);
#572=PRESENTATION_STYLE_ASSIGNMENT((#1389));
#573=ADVANCED_FACE('',(#1390),#1391,.F.);
#574=PRESENTATION_STYLE_ASSIGNMENT((#1392));
#575=ADVANCED_FACE('',(#1393),#1394,.F.);
#576=PRESENTATION_STYLE_ASSIGNMENT((#1395));
#577=ADVANCED_FACE('',(#1396),#1397,.F.);
#578=PRESENTATION_STYLE_ASSIGNMENT((#1398));
#579=ADVANCED_FACE('',(#1399,#1400),#1401,.T.);
#580=PRESENTATION_STYLE_ASSIGNMENT((#1402));
#581=ADVANCED_FACE('',(#1403),#1404,.F.);
#582=PRESENTATION_STYLE_ASSIGNMENT((#1405));
#583=ADVANCED_FACE('',(#1406),#1407,.T.);
#584=PRESENTATION_STYLE_ASSIGNMENT((#1408));
#585=ADVANCED_FACE('',(#1409),#1410,.T.);
#586=PRESENTATION_STYLE_ASSIGNMENT((#1411));
#587=ADVANCED_FACE('',(#1412),#1413,.T.);
#588=PRESENTATION_STYLE_ASSIGNMENT((#1414));
#589=ADVANCED_FACE('',(#1415),#1416,.T.);
#590=PRESENTATION_STYLE_ASSIGNMENT((#1417));
#591=ADVANCED_FACE('',(#1418),#1419,.F.);
#592=PRESENTATION_STYLE_ASSIGNMENT((#1420));
#593=ADVANCED_FACE('',(#1421),#1422,.T.);
#594=PRESENTATION_STYLE_ASSIGNMENT((#1423));
#595=ADVANCED_FACE('',(#1424),#1425,.T.);
#596=PRESENTATION_STYLE_ASSIGNMENT((#1426));
#597=ADVANCED_FACE('',(#1427),#1428,.T.);
#598=PRESENTATION_STYLE_ASSIGNMENT((#1429));
#599=ADVANCED_FACE('',(#1430),#1431,.T.);
#600=PRESENTATION_STYLE_ASSIGNMENT((#1432));
#601=ADVANCED_FACE('',(#1433),#1434,.F.);
#602=PRESENTATION_STYLE_ASSIGNMENT((#1435));
#603=ADVANCED_FACE('',(#1436),#1437,.T.);
#604=PRESENTATION_STYLE_ASSIGNMENT((#1438));
#605=ADVANCED_FACE('',(#1439),#1440,.T.);
#606=PRESENTATION_STYLE_ASSIGNMENT((#1441));
#607=ADVANCED_FACE('',(#1442),#1443,.T.);
#608=PRESENTATION_STYLE_ASSIGNMENT((#1444));
#609=ADVANCED_FACE('',(#1445),#1446,.T.);
#610=PRESENTATION_STYLE_ASSIGNMENT((#1447));
#611=ADVANCED_FACE('',(#1448),#1449,.F.);
#612=PRESENTATION_STYLE_ASSIGNMENT((#1450));
#613=ADVANCED_FACE('',(#1451),#1452,.T.);
#614=PRESENTATION_STYLE_ASSIGNMENT((#1453));
#615=ADVANCED_FACE('',(#1454),#1455,.T.);
#616=PRESENTATION_STYLE_ASSIGNMENT((#1456));
#617=ADVANCED_FACE('',(#1457),#1458,.T.);
#618=PRESENTATION_STYLE_ASSIGNMENT((#1459));
#619=ADVANCED_FACE('',(#1460),#1461,.T.);
#620=PRESENTATION_STYLE_ASSIGNMENT((#1462));
#621=ADVANCED_FACE('',(#1463),#1464,.F.);
#622=PRESENTATION_STYLE_ASSIGNMENT((#1465));
#623=ADVANCED_FACE('',(#1466),#1467,.T.);
#624=PRESENTATION_STYLE_ASSIGNMENT((#1468));
#625=ADVANCED_FACE('',(#1469),#1470,.T.);
#626=PRESENTATION_STYLE_ASSIGNMENT((#1471));
#627=ADVANCED_FACE('',(#1472),#1473,.T.);
#628=PRESENTATION_STYLE_ASSIGNMENT((#1474));
#629=ADVANCED_FACE('',(#1475),#1476,.T.);
#630=PRESENTATION_STYLE_ASSIGNMENT((#1477));
#631=ADVANCED_FACE('',(#1478),#1479,.F.);
#632=PRESENTATION_STYLE_ASSIGNMENT((#1480));
#633=ADVANCED_FACE('',(#1481),#1482,.T.);
#634=PRESENTATION_STYLE_ASSIGNMENT((#1483));
#635=ADVANCED_FACE('',(#1484),#1485,.T.);
#636=PRESENTATION_STYLE_ASSIGNMENT((#1486));
#637=ADVANCED_FACE('',(#1487),#1488,.T.);
#638=PRESENTATION_STYLE_ASSIGNMENT((#1489));
#639=ADVANCED_FACE('',(#1490),#1491,.T.);
#640=PRESENTATION_STYLE_ASSIGNMENT((#1492));
#641=ADVANCED_FACE('',(#1493),#1494,.F.);
#642=PRESENTATION_STYLE_ASSIGNMENT((#1495));
#643=ADVANCED_FACE('',(#1496),#1497,.T.);
#644=PRESENTATION_STYLE_ASSIGNMENT((#1498));
#645=ADVANCED_FACE('',(#1499),#1500,.T.);
#646=PRESENTATION_STYLE_ASSIGNMENT((#1501));
#647=ADVANCED_FACE('',(#1502),#1503,.T.);
#648=PRESENTATION_STYLE_ASSIGNMENT((#1504));
#649=ADVANCED_FACE('',(#1505),#1506,.T.);
#650=PRESENTATION_STYLE_ASSIGNMENT((#1507));
#651=ADVANCED_FACE('',(#1508),#1509,.F.);
#652=PRESENTATION_STYLE_ASSIGNMENT((#1510));
#653=ADVANCED_FACE('',(#1511),#1512,.T.);
#654=PRESENTATION_STYLE_ASSIGNMENT((#1513));
#655=ADVANCED_FACE('',(#1514),#1515,.T.);
#656=PRESENTATION_STYLE_ASSIGNMENT((#1516));
#657=ADVANCED_FACE('',(#1517),#1518,.T.);
#658=PRESENTATION_STYLE_ASSIGNMENT((#1519));
#659=ADVANCED_FACE('',(#1520),#1521,.T.);
#660=PRESENTATION_STYLE_ASSIGNMENT((#1522));
#661=ADVANCED_FACE('',(#1523),#1524,.T.);
#662=PRESENTATION_STYLE_ASSIGNMENT((#1525));
#663=ADVANCED_FACE('',(#1526),#1527,.T.);
#664=PRESENTATION_STYLE_ASSIGNMENT((#1528));
#665=ADVANCED_FACE('',(#1529),#1530,.T.);
#666=PRESENTATION_STYLE_ASSIGNMENT((#1531));
#667=ADVANCED_FACE('',(#1532),#1533,.T.);
#668=PRESENTATION_STYLE_ASSIGNMENT((#1534));
#669=ADVANCED_FACE('',(#1535),#1536,.F.);
#670=PRESENTATION_STYLE_ASSIGNMENT((#1537));
#671=ADVANCED_FACE('',(#1538),#1539,.T.);
#672=PRESENTATION_STYLE_ASSIGNMENT((#1540));
#673=ADVANCED_FACE('',(#1541),#1542,.T.);
#674=PRESENTATION_STYLE_ASSIGNMENT((#1543));
#675=ADVANCED_FACE('',(#1544),#1545,.T.);
#676=PRESENTATION_STYLE_ASSIGNMENT((#1546));
#677=ADVANCED_FACE('',(#1547),#1548,.T.);
#678=PRESENTATION_STYLE_ASSIGNMENT((#1549));
#679=ADVANCED_FACE('',(#1550),#1551,.F.);
#680=PRESENTATION_STYLE_ASSIGNMENT((#1552));
#681=ADVANCED_FACE('',(#1553),#1554,.T.);
#682=PRESENTATION_STYLE_ASSIGNMENT((#1555));
#683=ADVANCED_FACE('',(#1556),#1557,.T.);
#684=PRESENTATION_STYLE_ASSIGNMENT((#1558));
#685=ADVANCED_FACE('',(#1559),#1560,.T.);
#686=PRESENTATION_STYLE_ASSIGNMENT((#1561));
#687=ADVANCED_FACE('',(#1562),#1563,.T.);
#688=PRESENTATION_STYLE_ASSIGNMENT((#1564));
#689=ADVANCED_FACE('',(#1565),#1566,.F.);
#690=PRESENTATION_STYLE_ASSIGNMENT((#1567));
#691=ADVANCED_FACE('',(#1568),#1569,.F.);
#692=PRESENTATION_STYLE_ASSIGNMENT((#1570));
#693=ADVANCED_FACE('',(#1571),#1572,.F.);
#694=PRESENTATION_STYLE_ASSIGNMENT((#1573));
#695=ADVANCED_FACE('',(#1574),#1575,.F.);
#696=PRESENTATION_STYLE_ASSIGNMENT((#1576));
#697=ADVANCED_FACE('',(#1577),#1578,.F.);
#698=PRESENTATION_STYLE_ASSIGNMENT((#1579));
#699=ADVANCED_FACE('',(#1580),#1581,.F.);
#700=PRESENTATION_STYLE_ASSIGNMENT((#1582));
#701=ADVANCED_FACE('',(#1583),#1584,.F.);
#702=PRESENTATION_STYLE_ASSIGNMENT((#1585));
#703=ADVANCED_FACE('',(#1586),#1587,.F.);
#704=PRESENTATION_STYLE_ASSIGNMENT((#1588));
#705=ADVANCED_FACE('',(#1589),#1590,.F.);
#706=PRESENTATION_STYLE_ASSIGNMENT((#1591));
#707=ADVANCED_FACE('',(#1592),#1593,.F.);
#708=PRESENTATION_STYLE_ASSIGNMENT((#1594));
#709=ADVANCED_FACE('',(#1595),#1596,.F.);
#710=PRESENTATION_STYLE_ASSIGNMENT((#1597));
#711=ADVANCED_FACE('',(#1598),#1599,.T.);
#712=PRESENTATION_STYLE_ASSIGNMENT((#1600));
#713=ADVANCED_FACE('',(#1601),#1602,.T.);
#714=PRESENTATION_STYLE_ASSIGNMENT((#1603));
#715=ADVANCED_FACE('',(#1604),#1605,.T.);
#716=PRESENTATION_STYLE_ASSIGNMENT((#1606));
#717=ADVANCED_FACE('',(#1607),#1608,.T.);
#718=PRESENTATION_STYLE_ASSIGNMENT((#1609));
#719=ADVANCED_FACE('',(#1610),#1611,.T.);
#720=PRESENTATION_STYLE_ASSIGNMENT((#1612));
#721=ADVANCED_FACE('',(#1613),#1614,.T.);
#722=PRESENTATION_STYLE_ASSIGNMENT((#1615));
#723=ADVANCED_FACE('',(#1616),#1617,.T.);
#724=PRESENTATION_STYLE_ASSIGNMENT((#1618));
#725=ADVANCED_FACE('',(#1619),#1620,.F.);
#726=PRESENTATION_STYLE_ASSIGNMENT((#1621));
#727=ADVANCED_FACE('',(#1622),#1623,.T.);
#728=PRESENTATION_STYLE_ASSIGNMENT((#1624));
#729=ADVANCED_FACE('',(#1625),#1626,.T.);
#730=PRESENTATION_STYLE_ASSIGNMENT((#1627));
#731=ADVANCED_FACE('',(#1628),#1629,.T.);
#732=PRESENTATION_STYLE_ASSIGNMENT((#1630));
#733=ADVANCED_FACE('',(#1631),#1632,.T.);
#734=PRESENTATION_STYLE_ASSIGNMENT((#1633));
#735=ADVANCED_FACE('',(#1634),#1635,.T.);
#736=PRESENTATION_STYLE_ASSIGNMENT((#1636));
#737=ADVANCED_FACE('',(#1637),#1638,.F.);
#738=PRESENTATION_STYLE_ASSIGNMENT((#1639));
#739=ADVANCED_FACE('',(#1640),#1641,.T.);
#740=PRESENTATION_STYLE_ASSIGNMENT((#1642));
#741=ADVANCED_FACE('',(#1643),#1644,.F.);
#742=PRESENTATION_STYLE_ASSIGNMENT((#1645));
#743=ADVANCED_FACE('',(#1646),#1647,.F.);
#744=PRESENTATION_STYLE_ASSIGNMENT((#1648));
#745=ADVANCED_FACE('',(#1649),#1650,.T.);
#746=PRESENTATION_STYLE_ASSIGNMENT((#1651));
#747=ADVANCED_FACE('',(#1652),#1653,.F.);
#748=PRESENTATION_STYLE_ASSIGNMENT((#1654));
#749=ADVANCED_FACE('',(#1655),#1656,.F.);
#750=PRESENTATION_STYLE_ASSIGNMENT((#1657));
#751=ADVANCED_FACE('',(#1658),#1659,.T.);
#752=PRESENTATION_STYLE_ASSIGNMENT((#1660));
#753=ADVANCED_FACE('',(#1661),#1662,.F.);
#754=PRESENTATION_STYLE_ASSIGNMENT((#1663));
#755=ADVANCED_FACE('',(#1664),#1665,.F.);
#756=PRESENTATION_STYLE_ASSIGNMENT((#1666));
#757=ADVANCED_FACE('',(#1667),#1668,.F.);
#758=PRESENTATION_STYLE_ASSIGNMENT((#1669));
#759=ADVANCED_FACE('',(#1670),#1671,.T.);
#760=PRESENTATION_STYLE_ASSIGNMENT((#1672));
#761=ADVANCED_FACE('',(#1673),#1674,.F.);
#762=PRESENTATION_STYLE_ASSIGNMENT((#1675));
#763=ADVANCED_FACE('',(#1676),#1677,.F.);
#764=PRESENTATION_STYLE_ASSIGNMENT((#1678));
#765=ADVANCED_FACE('',(#1679),#1680,.F.);
#766=PRESENTATION_STYLE_ASSIGNMENT((#1681));
#767=ADVANCED_FACE('',(#1682),#1683,.T.);
#768=PRESENTATION_STYLE_ASSIGNMENT((#1684));
#769=ADVANCED_FACE('',(#1685),#1686,.F.);
#770=PRESENTATION_STYLE_ASSIGNMENT((#1687));
#771=ADVANCED_FACE('',(#1688),#1689,.F.);
#772=PRESENTATION_STYLE_ASSIGNMENT((#1690));
#773=ADVANCED_FACE('',(#1691),#1692,.F.);
#774=PRESENTATION_STYLE_ASSIGNMENT((#1693));
#775=ADVANCED_FACE('',(#1694),#1695,.T.);
#776=PRESENTATION_STYLE_ASSIGNMENT((#1696));
#777=ADVANCED_FACE('',(#1697),#1698,.F.);
#778=PRESENTATION_STYLE_ASSIGNMENT((#1699));
#779=ADVANCED_FACE('',(#1700),#1701,.T.);
#780=PRESENTATION_STYLE_ASSIGNMENT((#1702));
#781=ADVANCED_FACE('',(#1703),#1704,.T.);
#782=PRESENTATION_STYLE_ASSIGNMENT((#1705));
#783=ADVANCED_FACE('',(#1706),#1707,.F.);
#784=PRESENTATION_STYLE_ASSIGNMENT((#1708));
#785=ADVANCED_FACE('',(#1709),#1710,.T.);
#786=PRESENTATION_STYLE_ASSIGNMENT((#1711));
#787=ADVANCED_FACE('',(#1712),#1713,.T.);
#788=PRESENTATION_STYLE_ASSIGNMENT((#1714));
#789=ADVANCED_FACE('',(#1715),#1716,.T.);
#790=PRESENTATION_STYLE_ASSIGNMENT((#1717));
#791=ADVANCED_FACE('',(#1718),#1719,.T.);
#792=PRESENTATION_STYLE_ASSIGNMENT((#1720));
#793=ADVANCED_FACE('',(#1721),#1722,.T.);
#794=PRESENTATION_STYLE_ASSIGNMENT((#1723));
#795=ADVANCED_FACE('',(#1724),#1725,.T.);
#796=PRESENTATION_STYLE_ASSIGNMENT((#1726));
#797=ADVANCED_FACE('',(#1727),#1728,.T.);
#798=PRESENTATION_STYLE_ASSIGNMENT((#1729));
#799=ADVANCED_FACE('',(#1730),#1731,.F.);
#800=PRESENTATION_STYLE_ASSIGNMENT((#1732));
#801=ADVANCED_FACE('',(#1733),#1734,.T.);
#802=PRESENTATION_STYLE_ASSIGNMENT((#1735));
#803=ADVANCED_FACE('',(#1736),#1737,.T.);
#804=PRESENTATION_STYLE_ASSIGNMENT((#1738));
#805=ADVANCED_FACE('',(#1739),#1740,.T.);
#806=PRESENTATION_STYLE_ASSIGNMENT((#1741));
#807=ADVANCED_FACE('',(#1742),#1743,.T.);
#808=PRESENTATION_STYLE_ASSIGNMENT((#1744));
#809=ADVANCED_FACE('',(#1745),#1746,.T.);
#810=PRESENTATION_STYLE_ASSIGNMENT((#1747));
#811=ADVANCED_FACE('',(#1748),#1749,.T.);
#812=PRESENTATION_STYLE_ASSIGNMENT((#1750));
#813=ADVANCED_FACE('',(#1751),#1752,.F.);
#814=PRESENTATION_STYLE_ASSIGNMENT((#1753));
#815=ADVANCED_FACE('',(#1754),#1755,.T.);
#816=PRESENTATION_STYLE_ASSIGNMENT((#1756));
#817=ADVANCED_FACE('',(#1757),#1758,.T.);
#818=PRESENTATION_STYLE_ASSIGNMENT((#1759));
#819=ADVANCED_FACE('',(#1760),#1761,.T.);
#820=PRESENTATION_STYLE_ASSIGNMENT((#1762));
#821=ADVANCED_FACE('',(#1763),#1764,.T.);
#822=PRESENTATION_STYLE_ASSIGNMENT((#1765));
#823=ADVANCED_FACE('',(#1766),#1767,.T.);
#824=PRESENTATION_STYLE_ASSIGNMENT((#1768));
#825=ADVANCED_FACE('',(#1769),#1770,.T.);
#826=PRESENTATION_STYLE_ASSIGNMENT((#1771));
#827=ADVANCED_FACE('',(#1772),#1773,.T.);
#828=PRESENTATION_STYLE_ASSIGNMENT((#1774));
#829=ADVANCED_FACE('',(#1775),#1776,.F.);
#830=PRESENTATION_STYLE_ASSIGNMENT((#1777));
#831=ADVANCED_FACE('',(#1778),#1779,.T.);
#832=PRESENTATION_STYLE_ASSIGNMENT((#1780));
#833=ADVANCED_FACE('',(#1781),#1782,.T.);
#834=PRESENTATION_STYLE_ASSIGNMENT((#1783));
#835=ADVANCED_FACE('',(#1784),#1785,.T.);
#836=PRESENTATION_STYLE_ASSIGNMENT((#1786));
#837=ADVANCED_FACE('',(#1787),#1788,.T.);
#838=PRESENTATION_STYLE_ASSIGNMENT((#1789));
#839=ADVANCED_FACE('',(#1790),#1791,.T.);
#840=PRESENTATION_STYLE_ASSIGNMENT((#1792));
#841=ADVANCED_FACE('',(#1793),#1794,.T.);
#842=PRESENTATION_STYLE_ASSIGNMENT((#1795));
#843=ADVANCED_FACE('',(#1796),#1797,.T.);
#844=PRESENTATION_STYLE_ASSIGNMENT((#1798));
#845=ADVANCED_FACE('',(#1799),#1800,.T.);
#846=PRESENTATION_STYLE_ASSIGNMENT((#1801));
#847=ADVANCED_FACE('',(#1802),#1803,.T.);
#848=PRESENTATION_STYLE_ASSIGNMENT((#1804));
#849=ADVANCED_FACE('',(#1805),#1806,.T.);
#850=PRESENTATION_STYLE_ASSIGNMENT((#1807));
#851=ADVANCED_FACE('',(#1808),#1809,.T.);
#852=PRESENTATION_STYLE_ASSIGNMENT((#1810));
#853=ADVANCED_FACE('',(#1811),#1812,.F.);
#854=PRESENTATION_STYLE_ASSIGNMENT((#1813));
#855=ADVANCED_FACE('',(#1814),#1815,.T.);
#856=PRESENTATION_STYLE_ASSIGNMENT((#1816));
#857=ADVANCED_FACE('',(#1817),#1818,.T.);
#858=PRESENTATION_STYLE_ASSIGNMENT((#1819));
#859=ADVANCED_FACE('',(#1820),#1821,.T.);
#860=PRESENTATION_STYLE_ASSIGNMENT((#1822));
#861=ADVANCED_FACE('',(#1823),#1824,.T.);
#862=PRESENTATION_STYLE_ASSIGNMENT((#1825));
#863=ADVANCED_FACE('',(#1826),#1827,.T.);
#864=PRESENTATION_STYLE_ASSIGNMENT((#1828));
#865=ADVANCED_FACE('',(#1829),#1830,.T.);
#866=PRESENTATION_STYLE_ASSIGNMENT((#1831));
#867=ADVANCED_FACE('',(#1832),#1833,.T.);
#868=PRESENTATION_STYLE_ASSIGNMENT((#1834));
#869=ADVANCED_FACE('',(#1835),#1836,.T.);
#870=PRESENTATION_STYLE_ASSIGNMENT((#1837));
#871=ADVANCED_FACE('',(#1838),#1839,.T.);
#872=PRESENTATION_STYLE_ASSIGNMENT((#1840));
#873=ADVANCED_FACE('',(#1841),#1842,.F.);
#874=PRESENTATION_STYLE_ASSIGNMENT((#1843));
#875=ADVANCED_FACE('',(#1844),#1845,.T.);
#876=PRESENTATION_STYLE_ASSIGNMENT((#1846));
#877=ADVANCED_FACE('',(#1847),#1848,.T.);
#878=PRESENTATION_STYLE_ASSIGNMENT((#1849));
#879=ADVANCED_FACE('',(#1850),#1851,.T.);
#880=PRESENTATION_STYLE_ASSIGNMENT((#1852));
#881=ADVANCED_FACE('',(#1853),#1854,.T.);
#882=PRESENTATION_STYLE_ASSIGNMENT((#1855));
#883=ADVANCED_FACE('',(#1856),#1857,.T.);
#884=PRESENTATION_STYLE_ASSIGNMENT((#1858));
#885=ADVANCED_FACE('',(#1859),#1860,.F.);
#886=PRESENTATION_STYLE_ASSIGNMENT((#1861));
#887=ADVANCED_FACE('',(#1862),#1863,.F.);
#888=PRESENTATION_STYLE_ASSIGNMENT((#1864));
#889=ADVANCED_FACE('',(#1865),#1866,.T.);
#890=PRESENTATION_STYLE_ASSIGNMENT((#1867));
#891=ADVANCED_FACE('',(#1868),#1869,.T.);
#892=PRESENTATION_STYLE_ASSIGNMENT((#1870));
#893=ADVANCED_FACE('',(#1871),#1872,.T.);
#894=PRESENTATION_STYLE_ASSIGNMENT((#1873));
#895=ADVANCED_FACE('',(#1874),#1875,.F.);
#896=PRESENTATION_STYLE_ASSIGNMENT((#1876));
#897=ADVANCED_FACE('',(#1877),#1878,.F.);
#898=PRESENTATION_STYLE_ASSIGNMENT((#1879));
#899=ADVANCED_FACE('',(#1880),#1881,.F.);
#900=PRESENTATION_STYLE_ASSIGNMENT((#1882));
#901=ADVANCED_FACE('',(#1883),#1884,.F.);
#902=PRESENTATION_STYLE_ASSIGNMENT((#1885));
#903=ADVANCED_FACE('',(#1886),#1887,.F.);
#904=PRESENTATION_STYLE_ASSIGNMENT((#1888));
#905=ADVANCED_FACE('',(#1889),#1890,.F.);
#906=PRESENTATION_STYLE_ASSIGNMENT((#1891));
#907=ADVANCED_FACE('',(#1892),#1893,.F.);
#908=PRESENTATION_STYLE_ASSIGNMENT((#1894));
#909=ADVANCED_FACE('',(#1895),#1896,.F.);
#910=PRESENTATION_STYLE_ASSIGNMENT((#1897));
#911=ADVANCED_FACE('',(#1898),#1899,.F.);
#912=PRESENTATION_STYLE_ASSIGNMENT((#1900));
#913=ADVANCED_FACE('',(#1901),#1902,.F.);
#914=PRESENTATION_STYLE_ASSIGNMENT((#1903));
#915=ADVANCED_FACE('',(#1904),#1905,.F.);
#916=PRESENTATION_STYLE_ASSIGNMENT((#1906));
#917=ADVANCED_FACE('',(#1907),#1908,.F.);
#918=PRESENTATION_STYLE_ASSIGNMENT((#1909));
#919=ADVANCED_FACE('',(#1910),#1911,.F.);
#920=PRESENTATION_STYLE_ASSIGNMENT((#1912));
#921=ADVANCED_FACE('',(#1913),#1914,.F.);
#922=PRESENTATION_STYLE_ASSIGNMENT((#1915));
#923=ADVANCED_FACE('',(#1916),#1917,.F.);
#924=PRESENTATION_STYLE_ASSIGNMENT((#1918));
#925=ADVANCED_FACE('',(#1919),#1920,.F.);
#926=PRESENTATION_STYLE_ASSIGNMENT((#1921));
#927=ADVANCED_FACE('',(#1922),#1923,.F.);
#928=PRESENTATION_STYLE_ASSIGNMENT((#1924));
#929=ADVANCED_FACE('',(#1925),#1926,.F.);
#930=PRESENTATION_STYLE_ASSIGNMENT((#1927));
#931=ADVANCED_FACE('',(#1928),#1929,.F.);
#932=PRESENTATION_STYLE_ASSIGNMENT((#1930));
#933=ADVANCED_FACE('',(#1931),#1932,.T.);
#934=PRESENTATION_STYLE_ASSIGNMENT((#1933));
#935=ADVANCED_FACE('',(#1934),#1935,.T.);
#936=PRESENTATION_STYLE_ASSIGNMENT((#1936));
#937=ADVANCED_FACE('',(#1937),#1938,.F.);
#938=PRESENTATION_STYLE_ASSIGNMENT((#1939));
#939=ADVANCED_FACE('',(#1940),#1941,.T.);
#940=PRESENTATION_STYLE_ASSIGNMENT((#1942));
#941=ADVANCED_FACE('',(#1943),#1944,.T.);
#942=PRESENTATION_STYLE_ASSIGNMENT((#1945));
#943=ADVANCED_FACE('',(#1946),#1947,.T.);
#944=PRESENTATION_STYLE_ASSIGNMENT((#1948));
#945=ADVANCED_FACE('',(#1949),#1950,.T.);
#946=PRESENTATION_STYLE_ASSIGNMENT((#1951));
#947=ADVANCED_FACE('',(#1952),#1953,.T.);
#948=PRESENTATION_STYLE_ASSIGNMENT((#1954));
#949=ADVANCED_FACE('',(#1955),#1956,.T.);
#950=PRESENTATION_STYLE_ASSIGNMENT((#1957));
#951=ADVANCED_FACE('',(#1958),#1959,.T.);
#952=PRESENTATION_STYLE_ASSIGNMENT((#1960));
#953=ADVANCED_FACE('',(#1961),#1962,.T.);
#954=PRESENTATION_STYLE_ASSIGNMENT((#1963));
#955=ADVANCED_FACE('',(#1964),#1965,.F.);
#956=PRESENTATION_STYLE_ASSIGNMENT((#1966));
#957=ADVANCED_FACE('',(#1967),#1968,.T.);
#958=PRESENTATION_STYLE_ASSIGNMENT((#1969));
#959=ADVANCED_FACE('',(#1970),#1971,.T.);
#960=PRESENTATION_STYLE_ASSIGNMENT((#1972));
#961=ADVANCED_FACE('',(#1973),#1974,.T.);
#962=PRESENTATION_STYLE_ASSIGNMENT((#1975));
#963=ADVANCED_FACE('',(#1976),#1977,.T.);
#964=PRESENTATION_STYLE_ASSIGNMENT((#1978));
#965=ADVANCED_FACE('',(#1979),#1980,.F.);
#966=PRESENTATION_STYLE_ASSIGNMENT((#1981));
#967=ADVANCED_FACE('',(#1982),#1983,.F.);
#968=PRESENTATION_STYLE_ASSIGNMENT((#1984));
#969=ADVANCED_FACE('',(#1985),#1986,.F.);
#970=PRESENTATION_STYLE_ASSIGNMENT((#1987));
#971=ADVANCED_FACE('',(#1988),#1989,.F.);
#972=PRESENTATION_STYLE_ASSIGNMENT((#1990));
#973=ADVANCED_FACE('',(#1991),#1992,.F.);
#974=PRESENTATION_STYLE_ASSIGNMENT((#1993));
#975=ADVANCED_FACE('',(#1994),#1995,.F.);
#976=PRESENTATION_STYLE_ASSIGNMENT((#1996));
#977=ADVANCED_FACE('',(#1997),#1998,.F.);
#978=PRESENTATION_STYLE_ASSIGNMENT((#1999));
#979=ADVANCED_FACE('',(#2000),#2001,.F.);
#980=PRESENTATION_STYLE_ASSIGNMENT((#2002));
#981=ADVANCED_FACE('',(#2003),#2004,.F.);
#982=PRESENTATION_STYLE_ASSIGNMENT((#2005));
#983=ADVANCED_FACE('',(#2006),#2007,.F.);
#984=PRESENTATION_STYLE_ASSIGNMENT((#2008));
#985=ADVANCED_FACE('',(#2009),#2010,.F.);
#986=PRESENTATION_STYLE_ASSIGNMENT((#2011));
#987=ADVANCED_FACE('',(#2012),#2013,.F.);
#988=PRESENTATION_STYLE_ASSIGNMENT((#2014));
#989=ADVANCED_FACE('',(#2015),#2016,.F.);
#990=PRESENTATION_STYLE_ASSIGNMENT((#2017));
#991=ADVANCED_FACE('',(#2018),#2019,.T.);
#992=PRESENTATION_STYLE_ASSIGNMENT((#2020));
#993=ADVANCED_FACE('',(#2021),#2022,.T.);
#994=PRESENTATION_STYLE_ASSIGNMENT((#2023));
#995=ADVANCED_FACE('',(#2024),#2025,.T.);
#996=PRESENTATION_STYLE_ASSIGNMENT((#2026));
#997=ADVANCED_FACE('',(#2027,#2028),#2029,.T.);
#998=PRESENTATION_STYLE_ASSIGNMENT((#2030));
#999=ADVANCED_FACE('',(#2031,#2032),#2033,.T.);
#1000=PRESENTATION_STYLE_ASSIGNMENT((#2034));
#1001=ADVANCED_FACE('',(#2035),#2036,.T.);
#1002=PRESENTATION_STYLE_ASSIGNMENT((#2037));
#1003=ADVANCED_FACE('',(#2038),#2039,.T.);
#1004=PRESENTATION_STYLE_ASSIGNMENT((#2040));
#1005=ADVANCED_FACE('',(#2041),#2042,.T.);
#1006=PRESENTATION_STYLE_ASSIGNMENT((#2043));
#1007=ADVANCED_FACE('',(#2044),#2045,.T.);
#1008=PRESENTATION_STYLE_ASSIGNMENT((#2046));
#1009=ADVANCED_FACE('',(#2047),#2048,.T.);
#1010=PRESENTATION_STYLE_ASSIGNMENT((#2049));
#1011=ADVANCED_FACE('',(#2050),#2051,.T.);
#1012=PRESENTATION_STYLE_ASSIGNMENT((#2052));
#1013=ADVANCED_FACE('',(#2053),#2054,.T.);
#1014=PRESENTATION_STYLE_ASSIGNMENT((#2055));
#1015=ADVANCED_FACE('',(#2056,#2057,#2058,#2059,#2060,#2061),#2062,.F.);
#1016=PRESENTATION_STYLE_ASSIGNMENT((#2063));
#1017=ADVANCED_FACE('',(#2064,#2065),#2066,.T.);
#1018=PRESENTATION_STYLE_ASSIGNMENT((#2067));
#1019=ADVANCED_FACE('',(#2068),#2069,.T.);
#1020=PRESENTATION_STYLE_ASSIGNMENT((#2070));
#1021=ADVANCED_FACE('',(#2071,#2072,#2073),#2074,.T.);
#1022=PRESENTATION_STYLE_ASSIGNMENT((#2075));
#1023=ADVANCED_FACE('',(#2076),#2077,.F.);
#1024=PRESENTATION_STYLE_ASSIGNMENT((#2078));
#1025=ADVANCED_FACE('',(#2079),#2080,.T.);
#1026=PRESENTATION_STYLE_ASSIGNMENT((#2081));
#1027=ADVANCED_FACE('',(#2082,#2083,#2084,#2085,#2086,#2087),#2088,.T.);
#1028=PRODUCT('1','','PART--DESC',(#2089));
#1029=PRODUCT_DEFINITION('','NONE',#2090,#2);
#1030=MANIFOLD_SOLID_BREP('1',#2091);
#1031=AXIS2_PLACEMENT_3D('',#2092,#2093,#2094);
#1034=LENGTH_MEASURE_WITH_UNIT(LENGTH_MEASURE(1.0),#2095);
#1037=DIMENSIONAL_EXPONENTS(1.0,0.0,0.0,0.0,0.0,0.0,0.0);
#1039=DIMENSIONAL_EXPONENTS(0.0,0.0,0.0,0.0,0.0,0.0,0.0);
#1045=SURFACE_STYLE_USAGE(.BOTH.,#2096);
#1046=FACE_OUTER_BOUND('',#2097,.T.);
#1047=CYLINDRICAL_SURFACE('',#2098,0.500000000000001);
#1048=SURFACE_STYLE_USAGE(.BOTH.,#2099);
#1049=FACE_OUTER_BOUND('',#2100,.T.);
#1050=CYLINDRICAL_SURFACE('',#2101,0.5);
#1051=SURFACE_STYLE_USAGE(.BOTH.,#2102);
#1052=FACE_OUTER_BOUND('',#2103,.T.);
#1053=CYLINDRICAL_SURFACE('',#2104,0.500000000000001);
#1054=SURFACE_STYLE_USAGE(.BOTH.,#2105);
#1055=FACE_OUTER_BOUND('',#2106,.T.);
#1056=CYLINDRICAL_SURFACE('',#2107,0.5);
#1057=SURFACE_STYLE_USAGE(.BOTH.,#2108);
#1058=FACE_OUTER_BOUND('',#2109,.T.);
#1059=SPHERICAL_SURFACE('',#2110,0.6);
#1060=SURFACE_STYLE_USAGE(.BOTH.,#2111);
#1061=FACE_OUTER_BOUND('',#2112,.T.);
#1062=SPHERICAL_SURFACE('',#2113,0.6);
#1063=SURFACE_STYLE_USAGE(.BOTH.,#2114);
#1064=FACE_OUTER_BOUND('',#2115,.T.);
#1065=SPHERICAL_SURFACE('',#2116,0.6);
#1066=SURFACE_STYLE_USAGE(.BOTH.,#2117);
#1067=FACE_OUTER_BOUND('',#2118,.T.);
#1068=SPHERICAL_SURFACE('',#2119,0.6);
#1069=SURFACE_STYLE_USAGE(.BOTH.,#2120);
#1070=FACE_OUTER_BOUND('',#2121,.T.);
#1071=CYLINDRICAL_SURFACE('',#2122,0.15);
#1072=SURFACE_STYLE_USAGE(.BOTH.,#2123);
#1073=FACE_OUTER_BOUND('',#2124,.T.);
#1074=CYLINDRICAL_SURFACE('',#2125,0.15);
#1075=SURFACE_STYLE_USAGE(.BOTH.,#2126);
#1076=FACE_OUTER_BOUND('',#2127,.T.);
#1077=CYLINDRICAL_SURFACE('',#2128,0.15);
#1078=SURFACE_STYLE_USAGE(.BOTH.,#2129);
#1079=FACE_OUTER_BOUND('',#2130,.T.);
#1080=CYLINDRICAL_SURFACE('',#2131,0.898542404277256);
#1081=SURFACE_STYLE_USAGE(.BOTH.,#2132);
#1082=FACE_OUTER_BOUND('',#2133,.T.);
#1083=CYLINDRICAL_SURFACE('',#2134,0.601615786536412);
#1084=SURFACE_STYLE_USAGE(.BOTH.,#2135);
#1085=FACE_OUTER_BOUND('',#2136,.T.);
#1086=CYLINDRICAL_SURFACE('',#2137,0.898542404277256);
#1087=SURFACE_STYLE_USAGE(.BOTH.,#2138);
#1088=FACE_OUTER_BOUND('',#2139,.T.);
#1089=CYLINDRICAL_SURFACE('',#2140,0.601615786536412);
#1090=SURFACE_STYLE_USAGE(.BOTH.,#2141);
#1091=FACE_OUTER_BOUND('',#2142,.T.);
#1092=CYLINDRICAL_SURFACE('',#2143,0.150000000000001);
#1093=SURFACE_STYLE_USAGE(.BOTH.,#2144);
#1094=FACE_OUTER_BOUND('',#2145,.T.);
#1095=PLANE('',#2146);
#1096=SURFACE_STYLE_USAGE(.BOTH.,#2147);
#1097=FACE_OUTER_BOUND('',#2148,.T.);
#1098=PLANE('',#2149);
#1099=SURFACE_STYLE_USAGE(.BOTH.,#2150);
#1100=FACE_OUTER_BOUND('',#2151,.T.);
#1101=PLANE('',#2152);
#1102=SURFACE_STYLE_USAGE(.BOTH.,#2153);
#1103=FACE_OUTER_BOUND('',#2154,.T.);
#1104=PLANE('',#2155);
#1105=SURFACE_STYLE_USAGE(.BOTH.,#2156);
#1106=FACE_OUTER_BOUND('',#2157,.T.);
#1107=PLANE('',#2158);
#1108=SURFACE_STYLE_USAGE(.BOTH.,#2159);
#1109=FACE_OUTER_BOUND('',#2160,.T.);
#1110=PLANE('',#2161);
#1111=SURFACE_STYLE_USAGE(.BOTH.,#2162);
#1112=FACE_BOUND('',#2163,.T.);
#1113=FACE_BOUND('',#2164,.T.);
#1114=FACE_BOUND('',#2165,.T.);
#1115=FACE_BOUND('',#2166,.T.);
#1116=FACE_BOUND('',#2167,.T.);
#1117=FACE_BOUND('',#2168,.T.);
#1118=FACE_BOUND('',#2169,.T.);
#1119=FACE_BOUND('',#2170,.T.);
#1120=FACE_BOUND('',#2171,.T.);
#1121=FACE_OUTER_BOUND('',#2172,.T.);
#1122=PLANE('',#2173);
#1123=SURFACE_STYLE_USAGE(.BOTH.,#2174);
#1124=FACE_BOUND('',#2175,.T.);
#1125=FACE_OUTER_BOUND('',#2176,.T.);
#1126=PLANE('',#2177);
#1127=SURFACE_STYLE_USAGE(.BOTH.,#2178);
#1128=FACE_OUTER_BOUND('',#2179,.T.);
#1129=FACE_BOUND('',#2180,.T.);
#1130=PLANE('',#2181);
#1131=SURFACE_STYLE_USAGE(.BOTH.,#2182);
#1132=FACE_OUTER_BOUND('',#2183,.T.);
#1133=PLANE('',#2184);
#1134=SURFACE_STYLE_USAGE(.BOTH.,#2185);
#1135=FACE_BOUND('',#2186,.T.);
#1136=FACE_OUTER_BOUND('',#2187,.T.);
#1137=PLANE('',#2188);
#1138=SURFACE_STYLE_USAGE(.BOTH.,#2189);
#1139=FACE_BOUND('',#2190,.T.);
#1140=FACE_OUTER_BOUND('',#2191,.T.);
#1141=PLANE('',#2192);
#1142=SURFACE_STYLE_USAGE(.BOTH.,#2193);
#1143=FACE_OUTER_BOUND('',#2194,.T.);
#1144=FACE_BOUND('',#2195,.T.);
#1145=PLANE('',#2196);
#1146=SURFACE_STYLE_USAGE(.BOTH.,#2197);
#1147=FACE_OUTER_BOUND('',#2198,.T.);
#1148=PLANE('',#2199);
#1149=SURFACE_STYLE_USAGE(.BOTH.,#2200);
#1150=FACE_BOUND('',#2201,.T.);
#1151=FACE_OUTER_BOUND('',#2202,.T.);
#1152=PLANE('',#2203);
#1153=SURFACE_STYLE_USAGE(.BOTH.,#2204);
#1154=FACE_OUTER_BOUND('',#2205,.T.);
#1155=PLANE('',#2206);
#1156=SURFACE_STYLE_USAGE(.BOTH.,#2207);
#1157=FACE_OUTER_BOUND('',#2208,.T.);
#1158=PLANE('',#2209);
#1159=SURFACE_STYLE_USAGE(.BOTH.,#2210);
#1160=FACE_OUTER_BOUND('',#2211,.T.);
#1161=PLANE('',#2212);
#1162=SURFACE_STYLE_USAGE(.BOTH.,#2213);
#1163=FACE_OUTER_BOUND('',#2214,.T.);
#1164=PLANE('',#2215);
#1165=SURFACE_STYLE_USAGE(.BOTH.,#2216);
#1166=FACE_OUTER_BOUND('',#2217,.T.);
#1167=PLANE('',#2218);
#1168=SURFACE_STYLE_USAGE(.BOTH.,#2219);
#1169=FACE_OUTER_BOUND('',#2220,.T.);
#1170=PLANE('',#2221);
#1171=SURFACE_STYLE_USAGE(.BOTH.,#2222);
#1172=FACE_OUTER_BOUND('',#2223,.T.);
#1173=PLANE('',#2224);
#1174=SURFACE_STYLE_USAGE(.BOTH.,#2225);
#1175=FACE_OUTER_BOUND('',#2226,.T.);
#1176=PLANE('',#2227);
#1177=SURFACE_STYLE_USAGE(.BOTH.,#2228);
#1178=FACE_OUTER_BOUND('',#2229,.T.);
#1179=PLANE('',#2230);
#1180=SURFACE_STYLE_USAGE(.BOTH.,#2231);
#1181=FACE_OUTER_BOUND('',#2232,.T.);
#1182=PLANE('',#2233);
#1183=SURFACE_STYLE_USAGE(.BOTH.,#2234);
#1184=FACE_OUTER_BOUND('',#2235,.T.);
#1185=PLANE('',#2236);
#1186=SURFACE_STYLE_USAGE(.BOTH.,#2237);
#1187=FACE_OUTER_BOUND('',#2238,.T.);
#1188=PLANE('',#2239);
#1189=SURFACE_STYLE_USAGE(.BOTH.,#2240);
#1190=FACE_OUTER_BOUND('',#2241,.T.);
#1191=PLANE('',#2242);
#1192=SURFACE_STYLE_USAGE(.BOTH.,#2243);
#1193=FACE_OUTER_BOUND('',#2244,.T.);
#1194=PLANE('',#2245);
#1195=SURFACE_STYLE_USAGE(.BOTH.,#2246);
#1196=FACE_OUTER_BOUND('',#2247,.T.);
#1197=PLANE('',#2248);
#1198=SURFACE_STYLE_USAGE(.BOTH.,#2249);
#1199=FACE_OUTER_BOUND('',#2250,.T.);
#1200=PLANE('',#2251);
#1201=SURFACE_STYLE_USAGE(.BOTH.,#2252);
#1202=FACE_OUTER_BOUND('',#2253,.T.);
#1203=PLANE('',#2254);
#1204=SURFACE_STYLE_USAGE(.BOTH.,#2255);
#1205=FACE_OUTER_BOUND('',#2256,.T.);
#1206=PLANE('',#2257);
#1207=SURFACE_STYLE_USAGE(.BOTH.,#2258);
#1208=FACE_OUTER_BOUND('',#2259,.T.);
#1209=PLANE('',#2260);
#1210=SURFACE_STYLE_USAGE(.BOTH.,#2261);
#1211=FACE_OUTER_BOUND('',#2262,.T.);
#1212=PLANE('',#2263);
#1213=SURFACE_STYLE_USAGE(.BOTH.,#2264);
#1214=FACE_OUTER_BOUND('',#2265,.T.);
#1215=PLANE('',#2266);
#1216=SURFACE_STYLE_USAGE(.BOTH.,#2267);
#1217=FACE_OUTER_BOUND('',#2268,.T.);
#1218=PLANE('',#2269);
#1219=SURFACE_STYLE_USAGE(.BOTH.,#2270);
#1220=FACE_OUTER_BOUND('',#2271,.T.);
#1221=PLANE('',#2272);
#1222=SURFACE_STYLE_USAGE(.BOTH.,#2273);
#1223=FACE_OUTER_BOUND('',#2274,.T.);
#1224=PLANE('',#2275);
#1225=SURFACE_STYLE_USAGE(.BOTH.,#2276);
#1226=FACE_OUTER_BOUND('',#2277,.T.);
#1227=PLANE('',#2278);
#1228=SURFACE_STYLE_USAGE(.BOTH.,#2279);
#1229=FACE_OUTER_BOUND('',#2280,.T.);
#1230=PLANE('',#2281);
#1231=SURFACE_STYLE_USAGE(.BOTH.,#2282);
#1232=FACE_OUTER_BOUND('',#2283,.T.);
#1233=PLANE('',#2284);
#1234=SURFACE_STYLE_USAGE(.BOTH.,#2285);
#1235=FACE_OUTER_BOUND('',#2286,.T.);
#1236=PLANE('',#2287);
#1237=SURFACE_STYLE_USAGE(.BOTH.,#2288);
#1238=FACE_OUTER_BOUND('',#2289,.T.);
#1239=PLANE('',#2290);
#1240=SURFACE_STYLE_USAGE(.BOTH.,#2291);
#1241=FACE_OUTER_BOUND('',#2292,.T.);
#1242=PLANE('',#2293);
#1243=SURFACE_STYLE_USAGE(.BOTH.,#2294);
#1244=FACE_OUTER_BOUND('',#2295,.T.);
#1245=PLANE('',#2296);
#1246=SURFACE_STYLE_USAGE(.BOTH.,#2297);
#1247=FACE_OUTER_BOUND('',#2298,.T.);
#1248=PLANE('',#2299);
#1249=SURFACE_STYLE_USAGE(.BOTH.,#2300);
#1250=FACE_OUTER_BOUND('',#2301,.T.);
#1251=CYLINDRICAL_SURFACE('',#2302,0.749999999999994);
#1252=SURFACE_STYLE_USAGE(.BOTH.,#2303);
#1253=FACE_OUTER_BOUND('',#2304,.T.);
#1254=PLANE('',#2305);
#1255=SURFACE_STYLE_USAGE(.BOTH.,#2306);
#1256=FACE_OUTER_BOUND('',#2307,.T.);
#1257=CYLINDRICAL_SURFACE('',#2308,0.499999999999999);
#1258=SURFACE_STYLE_USAGE(.BOTH.,#2309);
#1259=FACE_OUTER_BOUND('',#2310,.T.);
#1260=PLANE('',#2311);
#1261=SURFACE_STYLE_USAGE(.BOTH.,#2312);
#1262=FACE_BOUND('',#2313,.T.);
#1263=FACE_BOUND('',#2314,.T.);
#1264=FACE_OUTER_BOUND('',#2315,.T.);
#1265=FACE_BOUND('',#2316,.T.);
#1266=FACE_BOUND('',#2317,.T.);
#1267=PLANE('',#2318);
#1268=SURFACE_STYLE_USAGE(.BOTH.,#2319);
#1269=FACE_OUTER_BOUND('',#2320,.T.);
#1270=PLANE('',#2321);
#1271=SURFACE_STYLE_USAGE(.BOTH.,#2322);
#1272=FACE_OUTER_BOUND('',#2323,.T.);
#1273=PLANE('',#2324);
#1274=SURFACE_STYLE_USAGE(.BOTH.,#2325);
#1275=FACE_OUTER_BOUND('',#2326,.T.);
#1276=PLANE('',#2327);
#1277=SURFACE_STYLE_USAGE(.BOTH.,#2328);
#1278=FACE_OUTER_BOUND('',#2329,.T.);
#1279=PLANE('',#2330);
#1280=SURFACE_STYLE_USAGE(.BOTH.,#2331);
#1281=FACE_OUTER_BOUND('',#2332,.T.);
#1282=CYLINDRICAL_SURFACE('',#2333,0.749999999999994);
#1283=SURFACE_STYLE_USAGE(.BOTH.,#2334);
#1284=FACE_OUTER_BOUND('',#2335,.T.);
#1285=PLANE('',#2336);
#1286=SURFACE_STYLE_USAGE(.BOTH.,#2337);
#1287=FACE_OUTER_BOUND('',#2338,.T.);
#1288=CYLINDRICAL_SURFACE('',#2339,0.499999999999999);
#1289=SURFACE_STYLE_USAGE(.BOTH.,#2340);
#1290=FACE_OUTER_BOUND('',#2341,.T.);
#1291=PLANE('',#2342);
#1292=SURFACE_STYLE_USAGE(.BOTH.,#2343);
#1293=FACE_OUTER_BOUND('',#2344,.T.);
#1294=PLANE('',#2345);
#1295=SURFACE_STYLE_USAGE(.BOTH.,#2346);
#1296=FACE_OUTER_BOUND('',#2347,.T.);
#1297=PLANE('',#2348);
#1298=SURFACE_STYLE_USAGE(.BOTH.,#2349);
#1299=FACE_OUTER_BOUND('',#2350,.T.);
#1300=PLANE('',#2351);
#1301=SURFACE_STYLE_USAGE(.BOTH.,#2352);
#1302=FACE_OUTER_BOUND('',#2353,.T.);
#1303=PLANE('',#2354);
#1304=SURFACE_STYLE_USAGE(.BOTH.,#2355);
#1305=FACE_OUTER_BOUND('',#2356,.T.);
#1306=CYLINDRICAL_SURFACE('',#2357,0.749999999999994);
#1307=SURFACE_STYLE_USAGE(.BOTH.,#2358);
#1308=FACE_OUTER_BOUND('',#2359,.T.);
#1309=PLANE('',#2360);
#1310=SURFACE_STYLE_USAGE(.BOTH.,#2361);
#1311=FACE_OUTER_BOUND('',#2362,.T.);
#1312=CYLINDRICAL_SURFACE('',#2363,0.499999999999999);
#1313=SURFACE_STYLE_USAGE(.BOTH.,#2364);
#1314=FACE_OUTER_BOUND('',#2365,.T.);
#1315=PLANE('',#2366);
#1316=SURFACE_STYLE_USAGE(.BOTH.,#2367);
#1317=FACE_BOUND('',#2368,.T.);
#1318=FACE_BOUND('',#2369,.T.);
#1319=FACE_OUTER_BOUND('',#2370,.T.);
#1320=FACE_BOUND('',#2371,.T.);
#1321=FACE_BOUND('',#2372,.T.);
#1322=PLANE('',#2373);
#1323=SURFACE_STYLE_USAGE(.BOTH.,#2374);
#1324=FACE_OUTER_BOUND('',#2375,.T.);
#1325=PLANE('',#2376);
#1326=SURFACE_STYLE_USAGE(.BOTH.,#2377);
#1327=FACE_OUTER_BOUND('',#2378,.T.);
#1328=PLANE('',#2379);
#1329=SURFACE_STYLE_USAGE(.BOTH.,#2380);
#1330=FACE_OUTER_BOUND('',#2381,.T.);
#1331=PLANE('',#2382);
#1332=SURFACE_STYLE_USAGE(.BOTH.,#2383);
#1333=FACE_OUTER_BOUND('',#2384,.T.);
#1334=PLANE('',#2385);
#1335=SURFACE_STYLE_USAGE(.BOTH.,#2386);
#1336=FACE_OUTER_BOUND('',#2387,.T.);
#1337=CYLINDRICAL_SURFACE('',#2388,0.749999999999994);
#1338=SURFACE_STYLE_USAGE(.BOTH.,#2389);
#1339=FACE_OUTER_BOUND('',#2390,.T.);
#1340=PLANE('',#2391);
#1341=SURFACE_STYLE_USAGE(.BOTH.,#2392);
#1342=FACE_OUTER_BOUND('',#2393,.T.);
#1343=CYLINDRICAL_SURFACE('',#2394,0.499999999999999);
#1344=SURFACE_STYLE_USAGE(.BOTH.,#2395);
#1345=FACE_OUTER_BOUND('',#2396,.T.);
#1346=PLANE('',#2397);
#1347=SURFACE_STYLE_USAGE(.BOTH.,#2398);
#1348=FACE_OUTER_BOUND('',#2399,.T.);
#1349=PLANE('',#2400);
#1350=SURFACE_STYLE_USAGE(.BOTH.,#2401);
#1351=FACE_OUTER_BOUND('',#2402,.T.);
#1352=PLANE('',#2403);
#1353=SURFACE_STYLE_USAGE(.BOTH.,#2404);
#1354=FACE_OUTER_BOUND('',#2405,.T.);
#1355=PLANE('',#2406);
#1356=SURFACE_STYLE_USAGE(.BOTH.,#2407);
#1357=FACE_OUTER_BOUND('',#2408,.T.);
#1358=PLANE('',#2409);
#1359=SURFACE_STYLE_USAGE(.BOTH.,#2410);
#1360=FACE_OUTER_BOUND('',#2411,.T.);
#1361=PLANE('',#2412);
#1362=SURFACE_STYLE_USAGE(.BOTH.,#2413);
#1363=FACE_OUTER_BOUND('',#2414,.T.);
#1364=PLANE('',#2415);
#1365=SURFACE_STYLE_USAGE(.BOTH.,#2416);
#1366=FACE_OUTER_BOUND('',#2417,.T.);
#1367=PLANE('',#2418);
#1368=SURFACE_STYLE_USAGE(.BOTH.,#2419);
#1369=FACE_OUTER_BOUND('',#2420,.T.);
#1370=PLANE('',#2421);
#1371=SURFACE_STYLE_USAGE(.BOTH.,#2422);
#1372=FACE_OUTER_BOUND('',#2423,.T.);
#1373=PLANE('',#2424);
#1374=SURFACE_STYLE_USAGE(.BOTH.,#2425);
#1375=FACE_OUTER_BOUND('',#2426,.T.);
#1376=PLANE('',#2427);
#1377=SURFACE_STYLE_USAGE(.BOTH.,#2428);
#1378=FACE_OUTER_BOUND('',#2429,.T.);
#1379=PLANE('',#2430);
#1380=SURFACE_STYLE_USAGE(.BOTH.,#2431);
#1381=FACE_OUTER_BOUND('',#2432,.T.);
#1382=PLANE('',#2433);
#1383=SURFACE_STYLE_USAGE(.BOTH.,#2434);
#1384=FACE_OUTER_BOUND('',#2435,.T.);
#1385=PLANE('',#2436);
#1386=SURFACE_STYLE_USAGE(.BOTH.,#2437);
#1387=FACE_OUTER_BOUND('',#2438,.T.);
#1388=PLANE('',#2439);
#1389=SURFACE_STYLE_USAGE(.BOTH.,#2440);
#1390=FACE_OUTER_BOUND('',#2441,.T.);
#1391=PLANE('',#2442);
#1392=SURFACE_STYLE_USAGE(.BOTH.,#2443);
#1393=FACE_OUTER_BOUND('',#2444,.T.);
#1394=PLANE('',#2445);
#1395=SURFACE_STYLE_USAGE(.BOTH.,#2446);
#1396=FACE_OUTER_BOUND('',#2447,.T.);
#1397=PLANE('',#2448);
#1398=SURFACE_STYLE_USAGE(.BOTH.,#2449);
#1399=FACE_BOUND('',#2450,.T.);
#1400=FACE_OUTER_BOUND('',#2451,.T.);
#1401=PLANE('',#2452);
#1402=SURFACE_STYLE_USAGE(.BOTH.,#2453);
#1403=FACE_OUTER_BOUND('',#2454,.T.);
#1404=PLANE('',#2455);
#1405=SURFACE_STYLE_USAGE(.BOTH.,#2456);
#1406=FACE_OUTER_BOUND('',#2457,.T.);
#1407=PLANE('',#2458);
#1408=SURFACE_STYLE_USAGE(.BOTH.,#2459);
#1409=FACE_OUTER_BOUND('',#2460,.T.);
#1410=PLANE('',#2461);
#1411=SURFACE_STYLE_USAGE(.BOTH.,#2462);
#1412=FACE_OUTER_BOUND('',#2463,.T.);
#1413=PLANE('',#2464);
#1414=SURFACE_STYLE_USAGE(.BOTH.,#2465);
#1415=FACE_OUTER_BOUND('',#2466,.T.);
#1416=PLANE('',#2467);
#1417=SURFACE_STYLE_USAGE(.BOTH.,#2468);
#1418=FACE_OUTER_BOUND('',#2469,.T.);
#1419=PLANE('',#2470);
#1420=SURFACE_STYLE_USAGE(.BOTH.,#2471);
#1421=FACE_OUTER_BOUND('',#2472,.T.);
#1422=PLANE('',#2473);
#1423=SURFACE_STYLE_USAGE(.BOTH.,#2474);
#1424=FACE_OUTER_BOUND('',#2475,.T.);
#1425=PLANE('',#2476);
#1426=SURFACE_STYLE_USAGE(.BOTH.,#2477);
#1427=FACE_OUTER_BOUND('',#2478,.T.);
#1428=PLANE('',#2479);
#1429=SURFACE_STYLE_USAGE(.BOTH.,#2480);
#1430=FACE_OUTER_BOUND('',#2481,.T.);
#1431=PLANE('',#2482);
#1432=SURFACE_STYLE_USAGE(.BOTH.,#2483);
#1433=FACE_OUTER_BOUND('',#2484,.T.);
#1434=PLANE('',#2485);
#1435=SURFACE_STYLE_USAGE(.BOTH.,#2486);
#1436=FACE_OUTER_BOUND('',#2487,.T.);
#1437=PLANE('',#2488);
#1438=SURFACE_STYLE_USAGE(.BOTH.,#2489);
#1439=FACE_OUTER_BOUND('',#2490,.T.);
#1440=PLANE('',#2491);
#1441=SURFACE_STYLE_USAGE(.BOTH.,#2492);
#1442=FACE_OUTER_BOUND('',#2493,.T.);
#1443=PLANE('',#2494);
#1444=SURFACE_STYLE_USAGE(.BOTH.,#2495);
#1445=FACE_OUTER_BOUND('',#2496,.T.);
#1446=PLANE('',#2497);
#1447=SURFACE_STYLE_USAGE(.BOTH.,#2498);
#1448=FACE_OUTER_BOUND('',#2499,.T.);
#1449=PLANE('',#2500);
#1450=SURFACE_STYLE_USAGE(.BOTH.,#2501);
#1451=FACE_OUTER_BOUND('',#2502,.T.);
#1452=PLANE('',#2503);
#1453=SURFACE_STYLE_USAGE(.BOTH.,#2504);
#1454=FACE_OUTER_BOUND('',#2505,.T.);
#1455=PLANE('',#2506);
#1456=SURFACE_STYLE_USAGE(.BOTH.,#2507);
#1457=FACE_OUTER_BOUND('',#2508,.T.);
#1458=PLANE('',#2509);
#1459=SURFACE_STYLE_USAGE(.BOTH.,#2510);
#1460=FACE_OUTER_BOUND('',#2511,.T.);
#1461=PLANE('',#2512);
#1462=SURFACE_STYLE_USAGE(.BOTH.,#2513);
#1463=FACE_OUTER_BOUND('',#2514,.T.);
#1464=PLANE('',#2515);
#1465=SURFACE_STYLE_USAGE(.BOTH.,#2516);
#1466=FACE_OUTER_BOUND('',#2517,.T.);
#1467=PLANE('',#2518);
#1468=SURFACE_STYLE_USAGE(.BOTH.,#2519);
#1469=FACE_OUTER_BOUND('',#2520,.T.);
#1470=PLANE('',#2521);
#1471=SURFACE_STYLE_USAGE(.BOTH.,#2522);
#1472=FACE_OUTER_BOUND('',#2523,.T.);
#1473=PLANE('',#2524);
#1474=SURFACE_STYLE_USAGE(.BOTH.,#2525);
#1475=FACE_OUTER_BOUND('',#2526,.T.);
#1476=PLANE('',#2527);
#1477=SURFACE_STYLE_USAGE(.BOTH.,#2528);
#1478=FACE_OUTER_BOUND('',#2529,.T.);
#1479=PLANE('',#2530);
#1480=SURFACE_STYLE_USAGE(.BOTH.,#2531);
#1481=FACE_OUTER_BOUND('',#2532,.T.);
#1482=PLANE('',#2533);
#1483=SURFACE_STYLE_USAGE(.BOTH.,#2534);
#1484=FACE_OUTER_BOUND('',#2535,.T.);
#1485=PLANE('',#2536);
#1486=SURFACE_STYLE_USAGE(.BOTH.,#2537);
#1487=FACE_OUTER_BOUND('',#2538,.T.);
#1488=PLANE('',#2539);
#1489=SURFACE_STYLE_USAGE(.BOTH.,#2540);
#1490=FACE_OUTER_BOUND('',#2541,.T.);
#1491=PLANE('',#2542);
#1492=SURFACE_STYLE_USAGE(.BOTH.,#2543);
#1493=FACE_OUTER_BOUND('',#2544,.T.);
#1494=PLANE('',#2545);
#1495=SURFACE_STYLE_USAGE(.BOTH.,#2546);
#1496=FACE_OUTER_BOUND('',#2547,.T.);
#1497=PLANE('',#2548);
#1498=SURFACE_STYLE_USAGE(.BOTH.,#2549);
#1499=FACE_OUTER_BOUND('',#2550,.T.);
#1500=PLANE('',#2551);
#1501=SURFACE_STYLE_USAGE(.BOTH.,#2552);
#1502=FACE_OUTER_BOUND('',#2553,.T.);
#1503=PLANE('',#2554);
#1504=SURFACE_STYLE_USAGE(.BOTH.,#2555);
#1505=FACE_OUTER_BOUND('',#2556,.T.);
#1506=PLANE('',#2557);
#1507=SURFACE_STYLE_USAGE(.BOTH.,#2558);
#1508=FACE_OUTER_BOUND('',#2559,.T.);
#1509=PLANE('',#2560);
#1510=SURFACE_STYLE_USAGE(.BOTH.,#2561);
#1511=FACE_OUTER_BOUND('',#2562,.T.);
#1512=PLANE('',#2563);
#1513=SURFACE_STYLE_USAGE(.BOTH.,#2564);
#1514=FACE_OUTER_BOUND('',#2565,.T.);
#1515=PLANE('',#2566);
#1516=SURFACE_STYLE_USAGE(.BOTH.,#2567);
#1517=FACE_OUTER_BOUND('',#2568,.T.);
#1518=PLANE('',#2569);
#1519=SURFACE_STYLE_USAGE(.BOTH.,#2570);
#1520=FACE_OUTER_BOUND('',#2571,.T.);
#1521=PLANE('',#2572);
#1522=SURFACE_STYLE_USAGE(.BOTH.,#2573);
#1523=FACE_OUTER_BOUND('',#2574,.T.);
#1524=PLANE('',#2575);
#1525=SURFACE_STYLE_USAGE(.BOTH.,#2576);
#1526=FACE_OUTER_BOUND('',#2577,.T.);
#1527=PLANE('',#2578);
#1528=SURFACE_STYLE_USAGE(.BOTH.,#2579);
#1529=FACE_OUTER_BOUND('',#2580,.T.);
#1530=CYLINDRICAL_SURFACE('',#2581,0.6);
#1531=SURFACE_STYLE_USAGE(.BOTH.,#2582);
#1532=FACE_OUTER_BOUND('',#2583,.T.);
#1533=PLANE('',#2584);
#1534=SURFACE_STYLE_USAGE(.BOTH.,#2585);
#1535=FACE_OUTER_BOUND('',#2586,.T.);
#1536=PLANE('',#2587);
#1537=SURFACE_STYLE_USAGE(.BOTH.,#2588);
#1538=FACE_OUTER_BOUND('',#2589,.T.);
#1539=PLANE('',#2590);
#1540=SURFACE_STYLE_USAGE(.BOTH.,#2591);
#1541=FACE_OUTER_BOUND('',#2592,.T.);
#1542=PLANE('',#2593);
#1543=SURFACE_STYLE_USAGE(.BOTH.,#2594);
#1544=FACE_OUTER_BOUND('',#2595,.T.);
#1545=CYLINDRICAL_SURFACE('',#2596,0.6);
#1546=SURFACE_STYLE_USAGE(.BOTH.,#2597);
#1547=FACE_OUTER_BOUND('',#2598,.T.);
#1548=PLANE('',#2599);
#1549=SURFACE_STYLE_USAGE(.BOTH.,#2600);
#1550=FACE_OUTER_BOUND('',#2601,.T.);
#1551=PLANE('',#2602);
#1552=SURFACE_STYLE_USAGE(.BOTH.,#2603);
#1553=FACE_OUTER_BOUND('',#2604,.T.);
#1554=PLANE('',#2605);
#1555=SURFACE_STYLE_USAGE(.BOTH.,#2606);
#1556=FACE_OUTER_BOUND('',#2607,.T.);
#1557=PLANE('',#2608);
#1558=SURFACE_STYLE_USAGE(.BOTH.,#2609);
#1559=FACE_OUTER_BOUND('',#2610,.T.);
#1560=CYLINDRICAL_SURFACE('',#2611,0.6);
#1561=SURFACE_STYLE_USAGE(.BOTH.,#2612);
#1562=FACE_OUTER_BOUND('',#2613,.T.);
#1563=PLANE('',#2614);
#1564=SURFACE_STYLE_USAGE(.BOTH.,#2615);
#1565=FACE_OUTER_BOUND('',#2616,.T.);
#1566=PLANE('',#2617);
#1567=SURFACE_STYLE_USAGE(.BOTH.,#2618);
#1568=FACE_OUTER_BOUND('',#2619,.T.);
#1569=PLANE('',#2620);
#1570=SURFACE_STYLE_USAGE(.BOTH.,#2621);
#1571=FACE_OUTER_BOUND('',#2622,.T.);
#1572=PLANE('',#2623);
#1573=SURFACE_STYLE_USAGE(.BOTH.,#2624);
#1574=FACE_OUTER_BOUND('',#2625,.T.);
#1575=CYLINDRICAL_SURFACE('',#2626,0.150000000000001);
#1576=SURFACE_STYLE_USAGE(.BOTH.,#2627);
#1577=FACE_OUTER_BOUND('',#2628,.T.);
#1578=PLANE('',#2629);
#1579=SURFACE_STYLE_USAGE(.BOTH.,#2630);
#1580=FACE_OUTER_BOUND('',#2631,.T.);
#1581=CYLINDRICAL_SURFACE('',#2632,0.500000000000001);
#1582=SURFACE_STYLE_USAGE(.BOTH.,#2633);
#1583=FACE_OUTER_BOUND('',#2634,.T.);
#1584=PLANE('',#2635);
#1585=SURFACE_STYLE_USAGE(.BOTH.,#2636);
#1586=FACE_OUTER_BOUND('',#2637,.T.);
#1587=CYLINDRICAL_SURFACE('',#2638,0.5);
#1588=SURFACE_STYLE_USAGE(.BOTH.,#2639);
#1589=FACE_OUTER_BOUND('',#2640,.T.);
#1590=PLANE('',#2641);
#1591=SURFACE_STYLE_USAGE(.BOTH.,#2642);
#1592=FACE_OUTER_BOUND('',#2643,.T.);
#1593=PLANE('',#2644);
#1594=SURFACE_STYLE_USAGE(.BOTH.,#2645);
#1595=FACE_OUTER_BOUND('',#2646,.T.);
#1596=PLANE('',#2647);
#1597=SURFACE_STYLE_USAGE(.BOTH.,#2648);
#1598=FACE_OUTER_BOUND('',#2649,.T.);
#1599=PLANE('',#2650);
#1600=SURFACE_STYLE_USAGE(.BOTH.,#2651);
#1601=FACE_OUTER_BOUND('',#2652,.T.);
#1602=PLANE('',#2653);
#1603=SURFACE_STYLE_USAGE(.BOTH.,#2654);
#1604=FACE_OUTER_BOUND('',#2655,.T.);
#1605=PLANE('',#2656);
#1606=SURFACE_STYLE_USAGE(.BOTH.,#2657);
#1607=FACE_OUTER_BOUND('',#2658,.T.);
#1608=PLANE('',#2659);
#1609=SURFACE_STYLE_USAGE(.BOTH.,#2660);
#1610=FACE_OUTER_BOUND('',#2661,.T.);
#1611=PLANE('',#2662);
#1612=SURFACE_STYLE_USAGE(.BOTH.,#2663);
#1613=FACE_OUTER_BOUND('',#2664,.T.);
#1614=PLANE('',#2665);
#1615=SURFACE_STYLE_USAGE(.BOTH.,#2666);
#1616=FACE_OUTER_BOUND('',#2667,.T.);
#1617=PLANE('',#2668);
#1618=SURFACE_STYLE_USAGE(.BOTH.,#2669);
#1619=FACE_OUTER_BOUND('',#2670,.T.);
#1620=PLANE('',#2671);
#1621=SURFACE_STYLE_USAGE(.BOTH.,#2672);
#1622=FACE_OUTER_BOUND('',#2673,.T.);
#1623=PLANE('',#2674);
#1624=SURFACE_STYLE_USAGE(.BOTH.,#2675);
#1625=FACE_OUTER_BOUND('',#2676,.T.);
#1626=PLANE('',#2677);
#1627=SURFACE_STYLE_USAGE(.BOTH.,#2678);
#1628=FACE_OUTER_BOUND('',#2679,.T.);
#1629=PLANE('',#2680);
#1630=SURFACE_STYLE_USAGE(.BOTH.,#2681);
#1631=FACE_OUTER_BOUND('',#2682,.T.);
#1632=PLANE('',#2683);
#1633=SURFACE_STYLE_USAGE(.BOTH.,#2684);
#1634=FACE_OUTER_BOUND('',#2685,.T.);
#1635=PLANE('',#2686);
#1636=SURFACE_STYLE_USAGE(.BOTH.,#2687);
#1637=FACE_OUTER_BOUND('',#2688,.T.);
#1638=PLANE('',#2689);
#1639=SURFACE_STYLE_USAGE(.BOTH.,#2690);
#1640=FACE_OUTER_BOUND('',#2691,.T.);
#1641=PLANE('',#2692);
#1642=SURFACE_STYLE_USAGE(.BOTH.,#2693);
#1643=FACE_OUTER_BOUND('',#2694,.T.);
#1644=PLANE('',#2695);
#1645=SURFACE_STYLE_USAGE(.BOTH.,#2696);
#1646=FACE_OUTER_BOUND('',#2697,.T.);
#1647=PLANE('',#2698);
#1648=SURFACE_STYLE_USAGE(.BOTH.,#2699);
#1649=FACE_OUTER_BOUND('',#2700,.T.);
#1650=PLANE('',#2701);
#1651=SURFACE_STYLE_USAGE(.BOTH.,#2702);
#1652=FACE_OUTER_BOUND('',#2703,.T.);
#1653=PLANE('',#2704);
#1654=SURFACE_STYLE_USAGE(.BOTH.,#2705);
#1655=FACE_OUTER_BOUND('',#2706,.T.);
#1656=PLANE('',#2707);
#1657=SURFACE_STYLE_USAGE(.BOTH.,#2708);
#1658=FACE_OUTER_BOUND('',#2709,.T.);
#1659=PLANE('',#2710);
#1660=SURFACE_STYLE_USAGE(.BOTH.,#2711);
#1661=FACE_OUTER_BOUND('',#2712,.T.);
#1662=PLANE('',#2713);
#1663=SURFACE_STYLE_USAGE(.BOTH.,#2714);
#1664=FACE_OUTER_BOUND('',#2715,.T.);
#1665=PLANE('',#2716);
#1666=SURFACE_STYLE_USAGE(.BOTH.,#2717);
#1667=FACE_OUTER_BOUND('',#2718,.T.);
#1668=PLANE('',#2719);
#1669=SURFACE_STYLE_USAGE(.BOTH.,#2720);
#1670=FACE_OUTER_BOUND('',#2721,.T.);
#1671=PLANE('',#2722);
#1672=SURFACE_STYLE_USAGE(.BOTH.,#2723);
#1673=FACE_OUTER_BOUND('',#2724,.T.);
#1674=PLANE('',#2725);
#1675=SURFACE_STYLE_USAGE(.BOTH.,#2726);
#1676=FACE_OUTER_BOUND('',#2727,.T.);
#1677=CYLINDRICAL_SURFACE('',#2728,0.500000000000002);
#1678=SURFACE_STYLE_USAGE(.BOTH.,#2729);
#1679=FACE_OUTER_BOUND('',#2730,.T.);
#1680=PLANE('',#2731);
#1681=SURFACE_STYLE_USAGE(.BOTH.,#2732);
#1682=FACE_OUTER_BOUND('',#2733,.T.);
#1683=PLANE('',#2734);
#1684=SURFACE_STYLE_USAGE(.BOTH.,#2735);
#1685=FACE_OUTER_BOUND('',#2736,.T.);
#1686=PLANE('',#2737);
#1687=SURFACE_STYLE_USAGE(.BOTH.,#2738);
#1688=FACE_OUTER_BOUND('',#2739,.T.);
#1689=CYLINDRICAL_SURFACE('',#2740,0.65);
#1690=SURFACE_STYLE_USAGE(.BOTH.,#2741);
#1691=FACE_OUTER_BOUND('',#2742,.T.);
#1692=PLANE('',#2743);
#1693=SURFACE_STYLE_USAGE(.BOTH.,#2744);
#1694=FACE_OUTER_BOUND('',#2745,.T.);
#1695=PLANE('',#2746);
#1696=SURFACE_STYLE_USAGE(.BOTH.,#2747);
#1697=FACE_OUTER_BOUND('',#2748,.T.);
#1698=CYLINDRICAL_SURFACE('',#2749,0.25);
#1699=SURFACE_STYLE_USAGE(.BOTH.,#2750);
#1700=FACE_OUTER_BOUND('',#2751,.T.);
#1701=PLANE('',#2752);
#1702=SURFACE_STYLE_USAGE(.BOTH.,#2753);
#1703=FACE_OUTER_BOUND('',#2754,.T.);
#1704=PLANE('',#2755);
#1705=SURFACE_STYLE_USAGE(.BOTH.,#2756);
#1706=FACE_OUTER_BOUND('',#2757,.T.);
#1707=CYLINDRICAL_SURFACE('',#2758,2.18586806765227);
#1708=SURFACE_STYLE_USAGE(.BOTH.,#2759);
#1709=FACE_OUTER_BOUND('',#2760,.T.);
#1710=PLANE('',#2761);
#1711=SURFACE_STYLE_USAGE(.BOTH.,#2762);
#1712=FACE_OUTER_BOUND('',#2763,.T.);
#1713=PLANE('',#2764);
#1714=SURFACE_STYLE_USAGE(.BOTH.,#2765);
#1715=FACE_OUTER_BOUND('',#2766,.T.);
#1716=PLANE('',#2767);
#1717=SURFACE_STYLE_USAGE(.BOTH.,#2768);
#1718=FACE_OUTER_BOUND('',#2769,.T.);
#1719=CYLINDRICAL_SURFACE('',#2770,0.5);
#1720=SURFACE_STYLE_USAGE(.BOTH.,#2771);
#1721=FACE_OUTER_BOUND('',#2772,.T.);
#1722=PLANE('',#2773);
#1723=SURFACE_STYLE_USAGE(.BOTH.,#2774);
#1724=FACE_OUTER_BOUND('',#2775,.T.);
#1725=CYLINDRICAL_SURFACE('',#2776,0.5);
#1726=SURFACE_STYLE_USAGE(.BOTH.,#2777);
#1727=FACE_OUTER_BOUND('',#2778,.T.);
#1728=PLANE('',#2779);
#1729=SURFACE_STYLE_USAGE(.BOTH.,#2780);
#1730=FACE_OUTER_BOUND('',#2781,.T.);
#1731=CYLINDRICAL_SURFACE('',#2782,0.601615786536412);
#1732=SURFACE_STYLE_USAGE(.BOTH.,#2783);
#1733=FACE_OUTER_BOUND('',#2784,.T.);
#1734=PLANE('',#2785);
#1735=SURFACE_STYLE_USAGE(.BOTH.,#2786);
#1736=FACE_OUTER_BOUND('',#2787,.T.);
#1737=CYLINDRICAL_SURFACE('',#2788,2.60949752846318);
#1738=SURFACE_STYLE_USAGE(.BOTH.,#2789);
#1739=FACE_OUTER_BOUND('',#2790,.T.);
#1740=PLANE('',#2791);
#1741=SURFACE_STYLE_USAGE(.BOTH.,#2792);
#1742=FACE_OUTER_BOUND('',#2793,.T.);
#1743=CYLINDRICAL_SURFACE('',#2794,0.898542404277256);
#1744=SURFACE_STYLE_USAGE(.BOTH.,#2795);
#1745=FACE_OUTER_BOUND('',#2796,.T.);
#1746=PLANE('',#2797);
#1747=SURFACE_STYLE_USAGE(.BOTH.,#2798);
#1748=FACE_OUTER_BOUND('',#2799,.T.);
#1749=PLANE('',#2800);
#1750=SURFACE_STYLE_USAGE(.BOTH.,#2801);
#1751=FACE_OUTER_BOUND('',#2802,.T.);
#1752=CYLINDRICAL_SURFACE('',#2803,2.18586806765227);
#1753=SURFACE_STYLE_USAGE(.BOTH.,#2804);
#1754=FACE_OUTER_BOUND('',#2805,.T.);
#1755=PLANE('',#2806);
#1756=SURFACE_STYLE_USAGE(.BOTH.,#2807);
#1757=FACE_OUTER_BOUND('',#2808,.T.);
#1758=PLANE('',#2809);
#1759=SURFACE_STYLE_USAGE(.BOTH.,#2810);
#1760=FACE_OUTER_BOUND('',#2811,.T.);
#1761=PLANE('',#2812);
#1762=SURFACE_STYLE_USAGE(.BOTH.,#2813);
#1763=FACE_OUTER_BOUND('',#2814,.T.);
#1764=CYLINDRICAL_SURFACE('',#2815,0.5);
#1765=SURFACE_STYLE_USAGE(.BOTH.,#2816);
#1766=FACE_OUTER_BOUND('',#2817,.T.);
#1767=PLANE('',#2818);
#1768=SURFACE_STYLE_USAGE(.BOTH.,#2819);
#1769=FACE_OUTER_BOUND('',#2820,.T.);
#1770=CYLINDRICAL_SURFACE('',#2821,0.5);
#1771=SURFACE_STYLE_USAGE(.BOTH.,#2822);
#1772=FACE_OUTER_BOUND('',#2823,.T.);
#1773=PLANE('',#2824);
#1774=SURFACE_STYLE_USAGE(.BOTH.,#2825);
#1775=FACE_OUTER_BOUND('',#2826,.T.);
#1776=CYLINDRICAL_SURFACE('',#2827,0.601615786536412);
#1777=SURFACE_STYLE_USAGE(.BOTH.,#2828);
#1778=FACE_OUTER_BOUND('',#2829,.T.);
#1779=PLANE('',#2830);
#1780=SURFACE_STYLE_USAGE(.BOTH.,#2831);
#1781=FACE_OUTER_BOUND('',#2832,.T.);
#1782=CYLINDRICAL_SURFACE('',#2833,2.60949752846318);
#1783=SURFACE_STYLE_USAGE(.BOTH.,#2834);
#1784=FACE_OUTER_BOUND('',#2835,.T.);
#1785=PLANE('',#2836);
#1786=SURFACE_STYLE_USAGE(.BOTH.,#2837);
#1787=FACE_OUTER_BOUND('',#2838,.T.);
#1788=CYLINDRICAL_SURFACE('',#2839,0.898542404277256);
#1789=SURFACE_STYLE_USAGE(.BOTH.,#2840);
#1790=FACE_OUTER_BOUND('',#2841,.T.);
#1791=PLANE('',#2842);
#1792=SURFACE_STYLE_USAGE(.BOTH.,#2843);
#1793=FACE_OUTER_BOUND('',#2844,.T.);
#1794=PLANE('',#2845);
#1795=SURFACE_STYLE_USAGE(.BOTH.,#2846);
#1796=FACE_OUTER_BOUND('',#2847,.T.);
#1797=CYLINDRICAL_SURFACE('',#2848,0.5);
#1798=SURFACE_STYLE_USAGE(.BOTH.,#2849);
#1799=FACE_OUTER_BOUND('',#2850,.T.);
#1800=PLANE('',#2851);
#1801=SURFACE_STYLE_USAGE(.BOTH.,#2852);
#1802=FACE_OUTER_BOUND('',#2853,.T.);
#1803=PLANE('',#2854);
#1804=SURFACE_STYLE_USAGE(.BOTH.,#2855);
#1805=FACE_OUTER_BOUND('',#2856,.T.);
#1806=PLANE('',#2857);
#1807=SURFACE_STYLE_USAGE(.BOTH.,#2858);
#1808=FACE_OUTER_BOUND('',#2859,.T.);
#1809=PLANE('',#2860);
#1810=SURFACE_STYLE_USAGE(.BOTH.,#2861);
#1811=FACE_OUTER_BOUND('',#2862,.T.);
#1812=CYLINDRICAL_SURFACE('',#2863,0.2);
#1813=SURFACE_STYLE_USAGE(.BOTH.,#2864);
#1814=FACE_OUTER_BOUND('',#2865,.T.);
#1815=PLANE('',#2866);
#1816=SURFACE_STYLE_USAGE(.BOTH.,#2867);
#1817=FACE_OUTER_BOUND('',#2868,.T.);
#1818=PLANE('',#2869);
#1819=SURFACE_STYLE_USAGE(.BOTH.,#2870);
#1820=FACE_OUTER_BOUND('',#2871,.T.);
#1821=PLANE('',#2872);
#1822=SURFACE_STYLE_USAGE(.BOTH.,#2873);
#1823=FACE_OUTER_BOUND('',#2874,.T.);
#1824=PLANE('',#2875);
#1825=SURFACE_STYLE_USAGE(.BOTH.,#2876);
#1826=FACE_OUTER_BOUND('',#2877,.T.);
#1827=CYLINDRICAL_SURFACE('',#2878,0.5);
#1828=SURFACE_STYLE_USAGE(.BOTH.,#2879);
#1829=FACE_OUTER_BOUND('',#2880,.T.);
#1830=PLANE('',#2881);
#1831=SURFACE_STYLE_USAGE(.BOTH.,#2882);
#1832=FACE_OUTER_BOUND('',#2883,.T.);
#1833=PLANE('',#2884);
#1834=SURFACE_STYLE_USAGE(.BOTH.,#2885);
#1835=FACE_OUTER_BOUND('',#2886,.T.);
#1836=PLANE('',#2887);
#1837=SURFACE_STYLE_USAGE(.BOTH.,#2888);
#1838=FACE_OUTER_BOUND('',#2889,.T.);
#1839=PLANE('',#2890);
#1840=SURFACE_STYLE_USAGE(.BOTH.,#2891);
#1841=FACE_OUTER_BOUND('',#2892,.T.);
#1842=CYLINDRICAL_SURFACE('',#2893,0.2);
#1843=SURFACE_STYLE_USAGE(.BOTH.,#2894);
#1844=FACE_OUTER_BOUND('',#2895,.T.);
#1845=PLANE('',#2896);
#1846=SURFACE_STYLE_USAGE(.BOTH.,#2897);
#1847=FACE_OUTER_BOUND('',#2898,.T.);
#1848=PLANE('',#2899);
#1849=SURFACE_STYLE_USAGE(.BOTH.,#2900);
#1850=FACE_OUTER_BOUND('',#2901,.T.);
#1851=PLANE('',#2902);
#1852=SURFACE_STYLE_USAGE(.BOTH.,#2903);
#1853=FACE_OUTER_BOUND('',#2904,.T.);
#1854=PLANE('',#2905);
#1855=SURFACE_STYLE_USAGE(.BOTH.,#2906);
#1856=FACE_OUTER_BOUND('',#2907,.T.);
#1857=PLANE('',#2908);
#1858=SURFACE_STYLE_USAGE(.BOTH.,#2909);
#1859=FACE_OUTER_BOUND('',#2910,.T.);
#1860=PLANE('',#2911);
#1861=SURFACE_STYLE_USAGE(.BOTH.,#2912);
#1862=FACE_OUTER_BOUND('',#2913,.T.);
#1863=PLANE('',#2914);
#1864=SURFACE_STYLE_USAGE(.BOTH.,#2915);
#1865=FACE_OUTER_BOUND('',#2916,.T.);
#1866=PLANE('',#2917);
#1867=SURFACE_STYLE_USAGE(.BOTH.,#2918);
#1868=FACE_OUTER_BOUND('',#2919,.T.);
#1869=PLANE('',#2920);
#1870=SURFACE_STYLE_USAGE(.BOTH.,#2921);
#1871=FACE_OUTER_BOUND('',#2922,.T.);
#1872=PLANE('',#2923);
#1873=SURFACE_STYLE_USAGE(.BOTH.,#2924);
#1874=FACE_OUTER_BOUND('',#2925,.T.);
#1875=PLANE('',#2926);
#1876=SURFACE_STYLE_USAGE(.BOTH.,#2927);
#1877=FACE_OUTER_BOUND('',#2928,.T.);
#1878=CYLINDRICAL_SURFACE('',#2929,0.15);
#1879=SURFACE_STYLE_USAGE(.BOTH.,#2930);
#1880=FACE_OUTER_BOUND('',#2931,.T.);
#1881=PLANE('',#2932);
#1882=SURFACE_STYLE_USAGE(.BOTH.,#2933);
#1883=FACE_OUTER_BOUND('',#2934,.T.);
#1884=PLANE('',#2935);
#1885=SURFACE_STYLE_USAGE(.BOTH.,#2936);
#1886=FACE_OUTER_BOUND('',#2937,.T.);
#1887=CYLINDRICAL_SURFACE('',#2938,0.15);
#1888=SURFACE_STYLE_USAGE(.BOTH.,#2939);
#1889=FACE_OUTER_BOUND('',#2940,.T.);
#1890=PLANE('',#2941);
#1891=SURFACE_STYLE_USAGE(.BOTH.,#2942);
#1892=FACE_OUTER_BOUND('',#2943,.T.);
#1893=PLANE('',#2944);
#1894=SURFACE_STYLE_USAGE(.BOTH.,#2945);
#1895=FACE_OUTER_BOUND('',#2946,.T.);
#1896=PLANE('',#2947);
#1897=SURFACE_STYLE_USAGE(.BOTH.,#2948);
#1898=FACE_OUTER_BOUND('',#2949,.T.);
#1899=CYLINDRICAL_SURFACE('',#2950,0.15);
#1900=SURFACE_STYLE_USAGE(.BOTH.,#2951);
#1901=FACE_OUTER_BOUND('',#2952,.T.);
#1902=PLANE('',#2953);
#1903=SURFACE_STYLE_USAGE(.BOTH.,#2954);
#1904=FACE_OUTER_BOUND('',#2955,.T.);
#1905=PLANE('',#2956);
#1906=SURFACE_STYLE_USAGE(.BOTH.,#2957);
#1907=FACE_OUTER_BOUND('',#2958,.T.);
#1908=PLANE('',#2959);
#1909=SURFACE_STYLE_USAGE(.BOTH.,#2960);
#1910=FACE_OUTER_BOUND('',#2961,.T.);
#1911=PLANE('',#2962);
#1912=SURFACE_STYLE_USAGE(.BOTH.,#2963);
#1913=FACE_OUTER_BOUND('',#2964,.T.);
#1914=PLANE('',#2965);
#1915=SURFACE_STYLE_USAGE(.BOTH.,#2966);
#1916=FACE_OUTER_BOUND('',#2967,.T.);
#1917=PLANE('',#2968);
#1918=SURFACE_STYLE_USAGE(.BOTH.,#2969);
#1919=FACE_OUTER_BOUND('',#2970,.T.);
#1920=PLANE('',#2971);
#1921=SURFACE_STYLE_USAGE(.BOTH.,#2972);
#1922=FACE_OUTER_BOUND('',#2973,.T.);
#1923=PLANE('',#2974);
#1924=SURFACE_STYLE_USAGE(.BOTH.,#2975);
#1925=FACE_OUTER_BOUND('',#2976,.T.);
#1926=PLANE('',#2977);
#1927=SURFACE_STYLE_USAGE(.BOTH.,#2978);
#1928=FACE_OUTER_BOUND('',#2979,.T.);
#1929=PLANE('',#2980);
#1930=SURFACE_STYLE_USAGE(.BOTH.,#2981);
#1931=FACE_OUTER_BOUND('',#2982,.T.);
#1932=PLANE('',#2983);
#1933=SURFACE_STYLE_USAGE(.BOTH.,#2984);
#1934=FACE_OUTER_BOUND('',#2985,.T.);
#1935=PLANE('',#2986);
#1936=SURFACE_STYLE_USAGE(.BOTH.,#2987);
#1937=FACE_OUTER_BOUND('',#2988,.T.);
#1938=PLANE('',#2989);
#1939=SURFACE_STYLE_USAGE(.BOTH.,#2990);
#1940=FACE_OUTER_BOUND('',#2991,.T.);
#1941=SPHERICAL_SURFACE('',#2992,0.6);
#1942=SURFACE_STYLE_USAGE(.BOTH.,#2993);
#1943=FACE_OUTER_BOUND('',#2994,.T.);
#1944=SPHERICAL_SURFACE('',#2995,0.6);
#1945=SURFACE_STYLE_USAGE(.BOTH.,#2996);
#1946=FACE_OUTER_BOUND('',#2997,.T.);
#1947=SPHERICAL_SURFACE('',#2998,0.6);
#1948=SURFACE_STYLE_USAGE(.BOTH.,#2999);
#1949=FACE_OUTER_BOUND('',#3000,.T.);
#1950=SPHERICAL_SURFACE('',#3001,0.6);
#1951=SURFACE_STYLE_USAGE(.BOTH.,#3002);
#1952=FACE_OUTER_BOUND('',#3003,.T.);
#1953=PLANE('',#3004);
#1954=SURFACE_STYLE_USAGE(.BOTH.,#3005);
#1955=FACE_OUTER_BOUND('',#3006,.T.);
#1956=CYLINDRICAL_SURFACE('',#3007,0.5);
#1957=SURFACE_STYLE_USAGE(.BOTH.,#3008);
#1958=FACE_OUTER_BOUND('',#3009,.T.);
#1959=PLANE('',#3010);
#1960=SURFACE_STYLE_USAGE(.BOTH.,#3011);
#1961=FACE_OUTER_BOUND('',#3012,.T.);
#1962=CYLINDRICAL_SURFACE('',#3013,0.500000000000001);
#1963=SURFACE_STYLE_USAGE(.BOTH.,#3014);
#1964=FACE_OUTER_BOUND('',#3015,.T.);
#1965=PLANE('',#3016);
#1966=SURFACE_STYLE_USAGE(.BOTH.,#3017);
#1967=FACE_OUTER_BOUND('',#3018,.T.);
#1968=PLANE('',#3019);
#1969=SURFACE_STYLE_USAGE(.BOTH.,#3020);
#1970=FACE_OUTER_BOUND('',#3021,.T.);
#1971=CYLINDRICAL_SURFACE('',#3022,0.5);
#1972=SURFACE_STYLE_USAGE(.BOTH.,#3023);
#1973=FACE_OUTER_BOUND('',#3024,.T.);
#1974=PLANE('',#3025);
#1975=SURFACE_STYLE_USAGE(.BOTH.,#3026);
#1976=FACE_OUTER_BOUND('',#3027,.T.);
#1977=CYLINDRICAL_SURFACE('',#3028,0.500000000000001);
#1978=SURFACE_STYLE_USAGE(.BOTH.,#3029);
#1979=FACE_OUTER_BOUND('',#3030,.T.);
#1980=PLANE('',#3031);
#1981=SURFACE_STYLE_USAGE(.BOTH.,#3032);
#1982=FACE_OUTER_BOUND('',#3033,.T.);
#1983=PLANE('',#3034);
#1984=SURFACE_STYLE_USAGE(.BOTH.,#3035);
#1985=FACE_OUTER_BOUND('',#3036,.T.);
#1986=PLANE('',#3037);
#1987=SURFACE_STYLE_USAGE(.BOTH.,#3038);
#1988=FACE_OUTER_BOUND('',#3039,.T.);
#1989=PLANE('',#3040);
#1990=SURFACE_STYLE_USAGE(.BOTH.,#3041);
#1991=FACE_OUTER_BOUND('',#3042,.T.);
#1992=CYLINDRICAL_SURFACE('',#3043,0.65);
#1993=SURFACE_STYLE_USAGE(.BOTH.,#3044);
#1994=FACE_OUTER_BOUND('',#3045,.T.);
#1995=PLANE('',#3046);
#1996=SURFACE_STYLE_USAGE(.BOTH.,#3047);
#1997=FACE_OUTER_BOUND('',#3048,.T.);
#1998=PLANE('',#3049);
#1999=SURFACE_STYLE_USAGE(.BOTH.,#3050);
#2000=FACE_OUTER_BOUND('',#3051,.T.);
#2001=CYLINDRICAL_SURFACE('',#3052,0.500000000000001);
#2002=SURFACE_STYLE_USAGE(.BOTH.,#3053);
#2003=FACE_OUTER_BOUND('',#3054,.T.);
#2004=PLANE('',#3055);
#2005=SURFACE_STYLE_USAGE(.BOTH.,#3056);
#2006=FACE_OUTER_BOUND('',#3057,.T.);
#2007=PLANE('',#3058);
#2008=SURFACE_STYLE_USAGE(.BOTH.,#3059);
#2009=FACE_OUTER_BOUND('',#3060,.T.);
#2010=PLANE('',#3061);
#2011=SURFACE_STYLE_USAGE(.BOTH.,#3062);
#2012=FACE_OUTER_BOUND('',#3063,.T.);
#2013=PLANE('',#3064);
#2014=SURFACE_STYLE_USAGE(.BOTH.,#3065);
#2015=FACE_OUTER_BOUND('',#3066,.T.);
#2016=PLANE('',#3067);
#2017=SURFACE_STYLE_USAGE(.BOTH.,#3068);
#2018=FACE_OUTER_BOUND('',#3069,.T.);
#2019=PLANE('',#3070);
#2020=SURFACE_STYLE_USAGE(.BOTH.,#3071);
#2021=FACE_OUTER_BOUND('',#3072,.T.);
#2022=PLANE('',#3073);
#2023=SURFACE_STYLE_USAGE(.BOTH.,#3074);
#2024=FACE_OUTER_BOUND('',#3075,.T.);
#2025=PLANE('',#3076);
#2026=SURFACE_STYLE_USAGE(.BOTH.,#3077);
#2027=FACE_BOUND('',#3078,.T.);
#2028=FACE_OUTER_BOUND('',#3079,.T.);
#2029=PLANE('',#3080);
#2030=SURFACE_STYLE_USAGE(.BOTH.,#3081);
#2031=FACE_BOUND('',#3082,.T.);
#2032=FACE_OUTER_BOUND('',#3083,.T.);
#2033=PLANE('',#3084);
#2034=SURFACE_STYLE_USAGE(.BOTH.,#3085);
#2035=FACE_OUTER_BOUND('',#3086,.T.);
#2036=PLANE('',#3087);
#2037=SURFACE_STYLE_USAGE(.BOTH.,#3088);
#2038=FACE_OUTER_BOUND('',#3089,.T.);
#2039=PLANE('',#3090);
#2040=SURFACE_STYLE_USAGE(.BOTH.,#3091);
#2041=FACE_OUTER_BOUND('',#3092,.T.);
#2042=PLANE('',#3093);
#2043=SURFACE_STYLE_USAGE(.BOTH.,#3094);
#2044=FACE_OUTER_BOUND('',#3095,.T.);
#2045=PLANE('',#3096);
#2046=SURFACE_STYLE_USAGE(.BOTH.,#3097);
#2047=FACE_OUTER_BOUND('',#3098,.T.);
#2048=PLANE('',#3099);
#2049=SURFACE_STYLE_USAGE(.BOTH.,#3100);
#2050=FACE_OUTER_BOUND('',#3101,.T.);
#2051=PLANE('',#3102);
#2052=SURFACE_STYLE_USAGE(.BOTH.,#3103);
#2053=FACE_OUTER_BOUND('',#3104,.T.);
#2054=PLANE('',#3105);
#2055=SURFACE_STYLE_USAGE(.BOTH.,#3106);
#2056=FACE_BOUND('',#3107,.T.);
#2057=FACE_BOUND('',#3108,.T.);
#2058=FACE_BOUND('',#3109,.T.);
#2059=FACE_BOUND('',#3110,.T.);
#2060=FACE_BOUND('',#3111,.T.);
#2061=FACE_OUTER_BOUND('',#3112,.T.);
#2062=PLANE('',#3113);
#2063=SURFACE_STYLE_USAGE(.BOTH.,#3114);
#2064=FACE_BOUND('',#3115,.T.);
#2065=FACE_OUTER_BOUND('',#3116,.T.);
#2066=PLANE('',#3117);
#2067=SURFACE_STYLE_USAGE(.BOTH.,#3118);
#2068=FACE_OUTER_BOUND('',#3119,.T.);
#2069=PLANE('',#3120);
#2070=SURFACE_STYLE_USAGE(.BOTH.,#3121);
#2071=FACE_BOUND('',#3122,.T.);
#2072=FACE_BOUND('',#3123,.T.);
#2073=FACE_OUTER_BOUND('',#3124,.T.);
#2074=PLANE('',#3125);
#2075=SURFACE_STYLE_USAGE(.BOTH.,#3126);
#2076=FACE_OUTER_BOUND('',#3127,.T.);
#2077=CYLINDRICAL_SURFACE('',#3128,0.25);
#2078=SURFACE_STYLE_USAGE(.BOTH.,#3129);
#2079=FACE_OUTER_BOUND('',#3130,.T.);
#2080=PLANE('',#3131);
#2081=SURFACE_STYLE_USAGE(.BOTH.,#3132);
#2082=FACE_BOUND('',#3133,.T.);
#2083=FACE_BOUND('',#3134,.T.);
#2084=FACE_BOUND('',#3135,.T.);
#2085=FACE_BOUND('',#3136,.T.);
#2086=FACE_BOUND('',#3137,.T.);
#2087=FACE_OUTER_BOUND('',#3138,.T.);
#2088=PLANE('',#3139);
#2089=PRODUCT_CONTEXT('',#345,'mechanical');
#2090=PRODUCT_DEFINITION_FORMATION_WITH_SPECIFIED_SOURCE(' ','NONE',#1028,.NOT_KNOWN.);
#2091=CLOSED_SHELL('',(#359,#361,#363,#365,#367,#369,#371,#373,#375,#377,#379,#381,#383,#385,#387,#389,#391,#393,#395,#397,#399,#401,#403,#405,#407,#409,#411,#413,#415,#417,#419,#421,#423,#425,#427,#429,#431,#433,#435,#437,#439,#441,#443,#445,#447,#449,#451,#453,#455,#457,#459,#461,#463,#465,#467,#469,#471,#473,#475,#477,#479,#481,#483,#485,#487,#489,#491,#493,#495,#497,#499,#501,#503,#505,#507,#509,#511,#513,#515,#517,#519,#521,#523,#525,#527,#529,#531,#533,#535,#537,#539,#541,#543,#545,#547,#549,#551,#553,#555,#557,#559,#561,#563,#565,#567,#569,#571,#573,#575,#577,#579,#581,#583,#585,#587,#589,#591,#593,#595,#597,#599,#601,#603,#605,#607,#609,#611,#613,#615,#617,#619,#621,#623,#625,#627,#629,#631,#633,#635,#637,#639,#641,#643,#645,#647,#649,#651,#653,#655,#657,#659,#661,#663,#665,#667,#669,#671,#673,#675,#677,#679,#681,#683,#685,#687,#689,#691,#693,#695,#697,#699,#701,#703,#705,#707,#709,#711,#713,#715,#717,#719,#721,#723,#725,#727,#729,#731,#733,#735,#737,#739,#741,#743,#745,#747,#749,#751,#753,#755,#757,#759,#761,#763,#765,#767,#769,#771,#773,#775,#777,#779,#781,#783,#785,#787,#789,#791,#793,#795,#797,#799,#801,#803,#805,#807,#809,#811,#813,#815,#817,#819,#821,#823,#825,#827,#829,#831,#833,#835,#837,#839,#841,#843,#845,#847,#849,#851,#853,#855,#857,#859,#861,#863,#865,#867,#869,#871,#873,#875,#877,#879,#881,#883,#885,#887,#889,#891,#893,#895,#897,#899,#901,#903,#905,#907,#909,#911,#913,#915,#917,#919,#921,#923,#925,#927,#929,#931,#933,#935,#937,#939,#941,#943,#945,#947,#949,#951,#953,#955,#957,#959,#961,#963,#965,#967,#969,#971,#973,#975,#977,#979,#981,#983,#985,#987,#989,#991,#993,#995,#997,#999,#1001,#1003,#1005,#1007,#1009,#1011,#1013,#1015,#1017,#1019,#1021,#1023,#1025,#1027));
#2092=CARTESIAN_POINT('',(0.0,0.0,0.0));
#2093=DIRECTION('',(0.0,0.0,1.0));
#2094=DIRECTION('',(1.0,0.0,0.0));
#2095= (NAMED_UNIT(#1037)LENGTH_UNIT()SI_UNIT(.MILLI.,.METRE.));
#2096=SURFACE_SIDE_STYLE('',(#3141));
#2097=EDGE_LOOP('',(#3142,#3143,#3144,#3145));
#2098=AXIS2_PLACEMENT_3D('',#3146,#3147,#3148);
#2099=SURFACE_SIDE_STYLE('',(#3149));
#2100=EDGE_LOOP('',(#3150,#3151,#3152,#3153));
#2101=AXIS2_PLACEMENT_3D('',#3154,#3155,#3156);
#2102=SURFACE_SIDE_STYLE('',(#3157));
#2103=EDGE_LOOP('',(#3158,#3159,#3160,#3161));
#2104=AXIS2_PLACEMENT_3D('',#3162,#3163,#3164);
#2105=SURFACE_SIDE_STYLE('',(#3165));
#2106=EDGE_LOOP('',(#3166,#3167,#3168,#3169));
#2107=AXIS2_PLACEMENT_3D('',#3170,#3171,#3172);
#2108=SURFACE_SIDE_STYLE('',(#3173));
#2109=EDGE_LOOP('',(#3174,#3175));
#2110=AXIS2_PLACEMENT_3D('',#3176,#3177,#3178);
#2111=SURFACE_SIDE_STYLE('',(#3179));
#2112=EDGE_LOOP('',(#3180,#3181));
#2113=AXIS2_PLACEMENT_3D('',#3182,#3183,#3184);
#2114=SURFACE_SIDE_STYLE('',(#3185));
#2115=EDGE_LOOP('',(#3186,#3187));
#2116=AXIS2_PLACEMENT_3D('',#3188,#3189,#3190);
#2117=SURFACE_SIDE_STYLE('',(#3191));
#2118=EDGE_LOOP('',(#3192,#3193));
#2119=AXIS2_PLACEMENT_3D('',#3194,#3195,#3196);
#2120=SURFACE_SIDE_STYLE('',(#3197));
#2121=EDGE_LOOP('',(#3198,#3199,#3200,#3201,#3202,#3203));
#2122=AXIS2_PLACEMENT_3D('',#3204,#3205,#3206);
#2123=SURFACE_SIDE_STYLE('',(#3207));
#2124=EDGE_LOOP('',(#3208,#3209,#3210,#3211));
#2125=AXIS2_PLACEMENT_3D('',#3212,#3213,#3214);
#2126=SURFACE_SIDE_STYLE('',(#3215));
#2127=EDGE_LOOP('',(#3216,#3217,#3218,#3219));
#2128=AXIS2_PLACEMENT_3D('',#3220,#3221,#3222);
#2129=SURFACE_SIDE_STYLE('',(#3223));
#2130=EDGE_LOOP('',(#3224,#3225,#3226,#3227));
#2131=AXIS2_PLACEMENT_3D('',#3228,#3229,#3230);
#2132=SURFACE_SIDE_STYLE('',(#3231));
#2133=EDGE_LOOP('',(#3232,#3233,#3234,#3235));
#2134=AXIS2_PLACEMENT_3D('',#3236,#3237,#3238);
#2135=SURFACE_SIDE_STYLE('',(#3239));
#2136=EDGE_LOOP('',(#3240,#3241,#3242,#3243));
#2137=AXIS2_PLACEMENT_3D('',#3244,#3245,#3246);
#2138=SURFACE_SIDE_STYLE('',(#3247));
#2139=EDGE_LOOP('',(#3248,#3249,#3250,#3251));
#2140=AXIS2_PLACEMENT_3D('',#3252,#3253,#3254);
#2141=SURFACE_SIDE_STYLE('',(#3255));
#2142=EDGE_LOOP('',(#3256,#3257,#3258,#3259,#3260,#3261));
#2143=AXIS2_PLACEMENT_3D('',#3262,#3263,#3264);
#2144=SURFACE_SIDE_STYLE('',(#3265));
#2145=EDGE_LOOP('',(#3266,#3267,#3268,#3269,#3270,#3271));
#2146=AXIS2_PLACEMENT_3D('',#3272,#3273,#3274);
#2147=SURFACE_SIDE_STYLE('',(#3275));
#2148=EDGE_LOOP('',(#3276,#3277,#3278,#3279));
#2149=AXIS2_PLACEMENT_3D('',#3280,#3281,#3282);
#2150=SURFACE_SIDE_STYLE('',(#3283));
#2151=EDGE_LOOP('',(#3284,#3285,#3286,#3287));
#2152=AXIS2_PLACEMENT_3D('',#3288,#3289,#3290);
#2153=SURFACE_SIDE_STYLE('',(#3291));
#2154=EDGE_LOOP('',(#3292,#3293,#3294,#3295,#3296,#3297,#3298,#3299,#3300,#3301));
#2155=AXIS2_PLACEMENT_3D('',#3302,#3303,#3304);
#2156=SURFACE_SIDE_STYLE('',(#3305));
#2157=EDGE_LOOP('',(#3306,#3307,#3308,#3309,#3310,#3311,#3312,#3313,#3314,#3315,#3316,#3317,#3318,#3319,#3320,#3321));
#2158=AXIS2_PLACEMENT_3D('',#3322,#3323,#3324);
#2159=SURFACE_SIDE_STYLE('',(#3325));
#2160=EDGE_LOOP('',(#3326,#3327,#3328,#3329));
#2161=AXIS2_PLACEMENT_3D('',#3330,#3331,#3332);
#2162=SURFACE_SIDE_STYLE('',(#3333));
#2163=EDGE_LOOP('',(#3334,#3335,#3336,#3337));
#2164=EDGE_LOOP('',(#3338,#3339,#3340,#3341));
#2165=EDGE_LOOP('',(#3342,#3343,#3344,#3345));
#2166=EDGE_LOOP('',(#3346,#3347,#3348,#3349));
#2167=EDGE_LOOP('',(#3350,#3351,#3352,#3353));
#2168=EDGE_LOOP('',(#3354,#3355,#3356,#3357));
#2169=EDGE_LOOP('',(#3358,#3359,#3360,#3361));
#2170=EDGE_LOOP('',(#3362,#3363,#3364,#3365));
#2171=EDGE_LOOP('',(#3366,#3367,#3368,#3369));
#2172=EDGE_LOOP('',(#3370,#3371,#3372,#3373,#3374,#3375,#3376,#3377,#3378,#3379,#3380,#3381,#3382,#3383,#3384,#3385,#3386,#3387,#3388,#3389,#3390,#3391,#3392,#3393,#3394,#3395,#3396,#3397,#3398,#3399,#3400,#3401,#3402,#3403,#3404,#3405,#3406,#3407,#3408,#3409));
#2173=AXIS2_PLACEMENT_3D('',#3410,#3411,#3412);
#2174=SURFACE_SIDE_STYLE('',(#3413));
#2175=EDGE_LOOP('',(#3414,#3415,#3416,#3417));
#2176=EDGE_LOOP('',(#3418,#3419,#3420,#3421));
#2177=AXIS2_PLACEMENT_3D('',#3422,#3423,#3424);
#2178=SURFACE_SIDE_STYLE('',(#3425));
#2179=EDGE_LOOP('',(#3426,#3427,#3428,#3429));
#2180=EDGE_LOOP('',(#3430,#3431,#3432,#3433));
#2181=AXIS2_PLACEMENT_3D('',#3434,#3435,#3436);
#2182=SURFACE_SIDE_STYLE('',(#3437));
#2183=EDGE_LOOP('',(#3438,#3439,#3440,#3441,#3442));
#2184=AXIS2_PLACEMENT_3D('',#3443,#3444,#3445);
#2185=SURFACE_SIDE_STYLE('',(#3446));
#2186=EDGE_LOOP('',(#3447,#3448,#3449,#3450));
#2187=EDGE_LOOP('',(#3451,#3452,#3453,#3454));
#2188=AXIS2_PLACEMENT_3D('',#3455,#3456,#3457);
#2189=SURFACE_SIDE_STYLE('',(#3458));
#2190=EDGE_LOOP('',(#3459,#3460,#3461,#3462));
#2191=EDGE_LOOP('',(#3463,#3464,#3465,#3466));
#2192=AXIS2_PLACEMENT_3D('',#3467,#3468,#3469);
#2193=SURFACE_SIDE_STYLE('',(#3470));
#2194=EDGE_LOOP('',(#3471,#3472,#3473,#3474));
#2195=EDGE_LOOP('',(#3475,#3476,#3477,#3478));
#2196=AXIS2_PLACEMENT_3D('',#3479,#3480,#3481);
#2197=SURFACE_SIDE_STYLE('',(#3482));
#2198=EDGE_LOOP('',(#3483,#3484,#3485,#3486,#3487));
#2199=AXIS2_PLACEMENT_3D('',#3488,#3489,#3490);
#2200=SURFACE_SIDE_STYLE('',(#3491));
#2201=EDGE_LOOP('',(#3492,#3493,#3494,#3495));
#2202=EDGE_LOOP('',(#3496,#3497,#3498,#3499));
#2203=AXIS2_PLACEMENT_3D('',#3500,#3501,#3502);
#2204=SURFACE_SIDE_STYLE('',(#3503));
#2205=EDGE_LOOP('',(#3504,#3505,#3506,#3507,#3508,#3509));
#2206=AXIS2_PLACEMENT_3D('',#3510,#3511,#3512);
#2207=SURFACE_SIDE_STYLE('',(#3513));
#2208=EDGE_LOOP('',(#3514,#3515,#3516,#3517));
#2209=AXIS2_PLACEMENT_3D('',#3518,#3519,#3520);
#2210=SURFACE_SIDE_STYLE('',(#3521));
#2211=EDGE_LOOP('',(#3522,#3523,#3524,#3525));
#2212=AXIS2_PLACEMENT_3D('',#3526,#3527,#3528);
#2213=SURFACE_SIDE_STYLE('',(#3529));
#2214=EDGE_LOOP('',(#3530,#3531,#3532,#3533));
#2215=AXIS2_PLACEMENT_3D('',#3534,#3535,#3536);
#2216=SURFACE_SIDE_STYLE('',(#3537));
#2217=EDGE_LOOP('',(#3538,#3539,#3540,#3541));
#2218=AXIS2_PLACEMENT_3D('',#3542,#3543,#3544);
#2219=SURFACE_SIDE_STYLE('',(#3545));
#2220=EDGE_LOOP('',(#3546,#3547,#3548,#3549));
#2221=AXIS2_PLACEMENT_3D('',#3550,#3551,#3552);
#2222=SURFACE_SIDE_STYLE('',(#3553));
#2223=EDGE_LOOP('',(#3554,#3555,#3556,#3557,#3558,#3559));
#2224=AXIS2_PLACEMENT_3D('',#3560,#3561,#3562);
#2225=SURFACE_SIDE_STYLE('',(#3563));
#2226=EDGE_LOOP('',(#3564,#3565,#3566,#3567,#3568,#3569));
#2227=AXIS2_PLACEMENT_3D('',#3570,#3571,#3572);
#2228=SURFACE_SIDE_STYLE('',(#3573));
#2229=EDGE_LOOP('',(#3574,#3575,#3576,#3577));
#2230=AXIS2_PLACEMENT_3D('',#3578,#3579,#3580);
#2231=SURFACE_SIDE_STYLE('',(#3581));
#2232=EDGE_LOOP('',(#3582,#3583,#3584,#3585));
#2233=AXIS2_PLACEMENT_3D('',#3586,#3587,#3588);
#2234=SURFACE_SIDE_STYLE('',(#3589));
#2235=EDGE_LOOP('',(#3590,#3591,#3592,#3593));
#2236=AXIS2_PLACEMENT_3D('',#3594,#3595,#3596);
#2237=SURFACE_SIDE_STYLE('',(#3597));
#2238=EDGE_LOOP('',(#3598,#3599,#3600,#3601));
#2239=AXIS2_PLACEMENT_3D('',#3602,#3603,#3604);
#2240=SURFACE_SIDE_STYLE('',(#3605));
#2241=EDGE_LOOP('',(#3606,#3607,#3608,#3609));
#2242=AXIS2_PLACEMENT_3D('',#3610,#3611,#3612);
#2243=SURFACE_SIDE_STYLE('',(#3613));
#2244=EDGE_LOOP('',(#3614,#3615,#3616,#3617,#3618,#3619));
#2245=AXIS2_PLACEMENT_3D('',#3620,#3621,#3622);
#2246=SURFACE_SIDE_STYLE('',(#3623));
#2247=EDGE_LOOP('',(#3624,#3625,#3626,#3627,#3628,#3629));
#2248=AXIS2_PLACEMENT_3D('',#3630,#3631,#3632);
#2249=SURFACE_SIDE_STYLE('',(#3633));
#2250=EDGE_LOOP('',(#3634,#3635,#3636,#3637));
#2251=AXIS2_PLACEMENT_3D('',#3638,#3639,#3640);
#2252=SURFACE_SIDE_STYLE('',(#3641));
#2253=EDGE_LOOP('',(#3642,#3643,#3644,#3645));
#2254=AXIS2_PLACEMENT_3D('',#3646,#3647,#3648);
#2255=SURFACE_SIDE_STYLE('',(#3649));
#2256=EDGE_LOOP('',(#3650,#3651,#3652,#3653));
#2257=AXIS2_PLACEMENT_3D('',#3654,#3655,#3656);
#2258=SURFACE_SIDE_STYLE('',(#3657));
#2259=EDGE_LOOP('',(#3658,#3659,#3660,#3661));
#2260=AXIS2_PLACEMENT_3D('',#3662,#3663,#3664);
#2261=SURFACE_SIDE_STYLE('',(#3665));
#2262=EDGE_LOOP('',(#3666,#3667,#3668,#3669));
#2263=AXIS2_PLACEMENT_3D('',#3670,#3671,#3672);
#2264=SURFACE_SIDE_STYLE('',(#3673));
#2265=EDGE_LOOP('',(#3674,#3675,#3676,#3677,#3678,#3679));
#2266=AXIS2_PLACEMENT_3D('',#3680,#3681,#3682);
#2267=SURFACE_SIDE_STYLE('',(#3683));
#2268=EDGE_LOOP('',(#3684,#3685,#3686,#3687,#3688,#3689));
#2269=AXIS2_PLACEMENT_3D('',#3690,#3691,#3692);
#2270=SURFACE_SIDE_STYLE('',(#3693));
#2271=EDGE_LOOP('',(#3694,#3695,#3696,#3697));
#2272=AXIS2_PLACEMENT_3D('',#3698,#3699,#3700);
#2273=SURFACE_SIDE_STYLE('',(#3701));
#2274=EDGE_LOOP('',(#3702,#3703,#3704,#3705));
#2275=AXIS2_PLACEMENT_3D('',#3706,#3707,#3708);
#2276=SURFACE_SIDE_STYLE('',(#3709));
#2277=EDGE_LOOP('',(#3710,#3711,#3712,#3713));
#2278=AXIS2_PLACEMENT_3D('',#3714,#3715,#3716);
#2279=SURFACE_SIDE_STYLE('',(#3717));
#2280=EDGE_LOOP('',(#3718,#3719,#3720,#3721));
#2281=AXIS2_PLACEMENT_3D('',#3722,#3723,#3724);
#2282=SURFACE_SIDE_STYLE('',(#3725));
#2283=EDGE_LOOP('',(#3726,#3727,#3728,#3729));
#2284=AXIS2_PLACEMENT_3D('',#3730,#3731,#3732);
#2285=SURFACE_SIDE_STYLE('',(#3733));
#2286=EDGE_LOOP('',(#3734,#3735,#3736,#3737,#3738,#3739));
#2287=AXIS2_PLACEMENT_3D('',#3740,#3741,#3742);
#2288=SURFACE_SIDE_STYLE('',(#3743));
#2289=EDGE_LOOP('',(#3744,#3745,#3746,#3747));
#2290=AXIS2_PLACEMENT_3D('',#3748,#3749,#3750);
#2291=SURFACE_SIDE_STYLE('',(#3751));
#2292=EDGE_LOOP('',(#3752,#3753,#3754,#3755,#3756,#3757,#3758,#3759));
#2293=AXIS2_PLACEMENT_3D('',#3760,#3761,#3762);
#2294=SURFACE_SIDE_STYLE('',(#3763));
#2295=EDGE_LOOP('',(#3764,#3765,#3766,#3767));
#2296=AXIS2_PLACEMENT_3D('',#3768,#3769,#3770);
#2297=SURFACE_SIDE_STYLE('',(#3771));
#2298=EDGE_LOOP('',(#3772,#3773,#3774,#3775));
#2299=AXIS2_PLACEMENT_3D('',#3776,#3777,#3778);
#2300=SURFACE_SIDE_STYLE('',(#3779));
#2301=EDGE_LOOP('',(#3780,#3781,#3782,#3783));
#2302=AXIS2_PLACEMENT_3D('',#3784,#3785,#3786);
#2303=SURFACE_SIDE_STYLE('',(#3787));
#2304=EDGE_LOOP('',(#3788,#3789,#3790,#3791));
#2305=AXIS2_PLACEMENT_3D('',#3792,#3793,#3794);
#2306=SURFACE_SIDE_STYLE('',(#3795));
#2307=EDGE_LOOP('',(#3796,#3797,#3798,#3799));
#2308=AXIS2_PLACEMENT_3D('',#3800,#3801,#3802);
#2309=SURFACE_SIDE_STYLE('',(#3803));
#2310=EDGE_LOOP('',(#3804,#3805,#3806,#3807,#3808,#3809,#3810,#3811));
#2311=AXIS2_PLACEMENT_3D('',#3812,#3813,#3814);
#2312=SURFACE_SIDE_STYLE('',(#3815));
#2313=EDGE_LOOP('',(#3816,#3817,#3818,#3819));
#2314=EDGE_LOOP('',(#3820,#3821,#3822,#3823));
#2315=EDGE_LOOP('',(#3824,#3825,#3826,#3827));
#2316=EDGE_LOOP('',(#3828,#3829,#3830,#3831));
#2317=EDGE_LOOP('',(#3832,#3833,#3834,#3835));
#2318=AXIS2_PLACEMENT_3D('',#3836,#3837,#3838);
#2319=SURFACE_SIDE_STYLE('',(#3839));
#2320=EDGE_LOOP('',(#3840,#3841,#3842,#3843));
#2321=AXIS2_PLACEMENT_3D('',#3844,#3845,#3846);
#2322=SURFACE_SIDE_STYLE('',(#3847));
#2323=EDGE_LOOP('',(#3848,#3849,#3850,#3851,#3852,#3853,#3854,#3855));
#2324=AXIS2_PLACEMENT_3D('',#3856,#3857,#3858);
#2325=SURFACE_SIDE_STYLE('',(#3859));
#2326=EDGE_LOOP('',(#3860,#3861,#3862,#3863));
#2327=AXIS2_PLACEMENT_3D('',#3864,#3865,#3866);
#2328=SURFACE_SIDE_STYLE('',(#3867));
#2329=EDGE_LOOP('',(#3868,#3869,#3870,#3871));
#2330=AXIS2_PLACEMENT_3D('',#3872,#3873,#3874);
#2331=SURFACE_SIDE_STYLE('',(#3875));
#2332=EDGE_LOOP('',(#3876,#3877,#3878,#3879));
#2333=AXIS2_PLACEMENT_3D('',#3880,#3881,#3882);
#2334=SURFACE_SIDE_STYLE('',(#3883));
#2335=EDGE_LOOP('',(#3884,#3885,#3886,#3887));
#2336=AXIS2_PLACEMENT_3D('',#3888,#3889,#3890);
#2337=SURFACE_SIDE_STYLE('',(#3891));
#2338=EDGE_LOOP('',(#3892,#3893,#3894,#3895));
#2339=AXIS2_PLACEMENT_3D('',#3896,#3897,#3898);
#2340=SURFACE_SIDE_STYLE('',(#3899));
#2341=EDGE_LOOP('',(#3900,#3901,#3902,#3903,#3904,#3905,#3906,#3907));
#2342=AXIS2_PLACEMENT_3D('',#3908,#3909,#3910);
#2343=SURFACE_SIDE_STYLE('',(#3911));
#2344=EDGE_LOOP('',(#3912,#3913,#3914,#3915));
#2345=AXIS2_PLACEMENT_3D('',#3916,#3917,#3918);
#2346=SURFACE_SIDE_STYLE('',(#3919));
#2347=EDGE_LOOP('',(#3920,#3921,#3922,#3923,#3924,#3925,#3926,#3927));
#2348=AXIS2_PLACEMENT_3D('',#3928,#3929,#3930);
#2349=SURFACE_SIDE_STYLE('',(#3931));
#2350=EDGE_LOOP('',(#3932,#3933,#3934,#3935));
#2351=AXIS2_PLACEMENT_3D('',#3936,#3937,#3938);
#2352=SURFACE_SIDE_STYLE('',(#3939));
#2353=EDGE_LOOP('',(#3940,#3941,#3942,#3943));
#2354=AXIS2_PLACEMENT_3D('',#3944,#3945,#3946);
#2355=SURFACE_SIDE_STYLE('',(#3947));
#2356=EDGE_LOOP('',(#3948,#3949,#3950,#3951));
#2357=AXIS2_PLACEMENT_3D('',#3952,#3953,#3954);
#2358=SURFACE_SIDE_STYLE('',(#3955));
#2359=EDGE_LOOP('',(#3956,#3957,#3958,#3959));
#2360=AXIS2_PLACEMENT_3D('',#3960,#3961,#3962);
#2361=SURFACE_SIDE_STYLE('',(#3963));
#2362=EDGE_LOOP('',(#3964,#3965,#3966,#3967));
#2363=AXIS2_PLACEMENT_3D('',#3968,#3969,#3970);
#2364=SURFACE_SIDE_STYLE('',(#3971));
#2365=EDGE_LOOP('',(#3972,#3973,#3974,#3975,#3976,#3977,#3978,#3979));
#2366=AXIS2_PLACEMENT_3D('',#3980,#3981,#3982);
#2367=SURFACE_SIDE_STYLE('',(#3983));
#2368=EDGE_LOOP('',(#3984,#3985,#3986,#3987));
#2369=EDGE_LOOP('',(#3988,#3989,#3990,#3991));
#2370=EDGE_LOOP('',(#3992,#3993,#3994,#3995));
#2371=EDGE_LOOP('',(#3996,#3997,#3998,#3999));
#2372=EDGE_LOOP('',(#4000,#4001,#4002,#4003));
#2373=AXIS2_PLACEMENT_3D('',#4004,#4005,#4006);
#2374=SURFACE_SIDE_STYLE('',(#4007));
#2375=EDGE_LOOP('',(#4008,#4009,#4010,#4011));
#2376=AXIS2_PLACEMENT_3D('',#4012,#4013,#4014);
#2377=SURFACE_SIDE_STYLE('',(#4015));
#2378=EDGE_LOOP('',(#4016,#4017,#4018,#4019,#4020,#4021,#4022,#4023));
#2379=AXIS2_PLACEMENT_3D('',#4024,#4025,#4026);
#2380=SURFACE_SIDE_STYLE('',(#4027));
#2381=EDGE_LOOP('',(#4028,#4029,#4030,#4031));
#2382=AXIS2_PLACEMENT_3D('',#4032,#4033,#4034);
#2383=SURFACE_SIDE_STYLE('',(#4035));
#2384=EDGE_LOOP('',(#4036,#4037,#4038,#4039));
#2385=AXIS2_PLACEMENT_3D('',#4040,#4041,#4042);
#2386=SURFACE_SIDE_STYLE('',(#4043));
#2387=EDGE_LOOP('',(#4044,#4045,#4046,#4047));
#2388=AXIS2_PLACEMENT_3D('',#4048,#4049,#4050);
#2389=SURFACE_SIDE_STYLE('',(#4051));
#2390=EDGE_LOOP('',(#4052,#4053,#4054,#4055));
#2391=AXIS2_PLACEMENT_3D('',#4056,#4057,#4058);
#2392=SURFACE_SIDE_STYLE('',(#4059));
#2393=EDGE_LOOP('',(#4060,#4061,#4062,#4063));
#2394=AXIS2_PLACEMENT_3D('',#4064,#4065,#4066);
#2395=SURFACE_SIDE_STYLE('',(#4067));
#2396=EDGE_LOOP('',(#4068,#4069,#4070,#4071,#4072,#4073,#4074,#4075));
#2397=AXIS2_PLACEMENT_3D('',#4076,#4077,#4078);
#2398=SURFACE_SIDE_STYLE('',(#4079));
#2399=EDGE_LOOP('',(#4080,#4081,#4082,#4083,#4084,#4085));
#2400=AXIS2_PLACEMENT_3D('',#4086,#4087,#4088);
#2401=SURFACE_SIDE_STYLE('',(#4089));
#2402=EDGE_LOOP('',(#4090,#4091,#4092,#4093));
#2403=AXIS2_PLACEMENT_3D('',#4094,#4095,#4096);
#2404=SURFACE_SIDE_STYLE('',(#4097));
#2405=EDGE_LOOP('',(#4098,#4099,#4100,#4101));
#2406=AXIS2_PLACEMENT_3D('',#4102,#4103,#4104);
#2407=SURFACE_SIDE_STYLE('',(#4105));
#2408=EDGE_LOOP('',(#4106,#4107,#4108,#4109));
#2409=AXIS2_PLACEMENT_3D('',#4110,#4111,#4112);
#2410=SURFACE_SIDE_STYLE('',(#4113));
#2411=EDGE_LOOP('',(#4114,#4115,#4116,#4117,#4118,#4119));
#2412=AXIS2_PLACEMENT_3D('',#4120,#4121,#4122);
#2413=SURFACE_SIDE_STYLE('',(#4123));
#2414=EDGE_LOOP('',(#4124,#4125,#4126,#4127));
#2415=AXIS2_PLACEMENT_3D('',#4128,#4129,#4130);
#2416=SURFACE_SIDE_STYLE('',(#4131));
#2417=EDGE_LOOP('',(#4132,#4133,#4134,#4135,#4136,#4137));
#2418=AXIS2_PLACEMENT_3D('',#4138,#4139,#4140);
#2419=SURFACE_SIDE_STYLE('',(#4141));
#2420=EDGE_LOOP('',(#4142,#4143,#4144,#4145));
#2421=AXIS2_PLACEMENT_3D('',#4146,#4147,#4148);
#2422=SURFACE_SIDE_STYLE('',(#4149));
#2423=EDGE_LOOP('',(#4150,#4151,#4152,#4153));
#2424=AXIS2_PLACEMENT_3D('',#4154,#4155,#4156);
#2425=SURFACE_SIDE_STYLE('',(#4157));
#2426=EDGE_LOOP('',(#4158,#4159,#4160,#4161));
#2427=AXIS2_PLACEMENT_3D('',#4162,#4163,#4164);
#2428=SURFACE_SIDE_STYLE('',(#4165));
#2429=EDGE_LOOP('',(#4166,#4167,#4168,#4169,#4170,#4171));
#2430=AXIS2_PLACEMENT_3D('',#4172,#4173,#4174);
#2431=SURFACE_SIDE_STYLE('',(#4175));
#2432=EDGE_LOOP('',(#4176,#4177,#4178,#4179));
#2433=AXIS2_PLACEMENT_3D('',#4180,#4181,#4182);
#2434=SURFACE_SIDE_STYLE('',(#4183));
#2435=EDGE_LOOP('',(#4184,#4185,#4186,#4187));
#2436=AXIS2_PLACEMENT_3D('',#4188,#4189,#4190);
#2437=SURFACE_SIDE_STYLE('',(#4191));
#2438=EDGE_LOOP('',(#4192,#4193,#4194,#4195));
#2439=AXIS2_PLACEMENT_3D('',#4196,#4197,#4198);
#2440=SURFACE_SIDE_STYLE('',(#4199));
#2441=EDGE_LOOP('',(#4200,#4201,#4202,#4203));
#2442=AXIS2_PLACEMENT_3D('',#4204,#4205,#4206);
#2443=SURFACE_SIDE_STYLE('',(#4207));
#2444=EDGE_LOOP('',(#4208,#4209,#4210,#4211));
#2445=AXIS2_PLACEMENT_3D('',#4212,#4213,#4214);
#2446=SURFACE_SIDE_STYLE('',(#4215));
#2447=EDGE_LOOP('',(#4216,#4217,#4218,#4219,#4220,#4221));
#2448=AXIS2_PLACEMENT_3D('',#4222,#4223,#4224);
#2449=SURFACE_SIDE_STYLE('',(#4225));
#2450=EDGE_LOOP('',(#4226,#4227,#4228,#4229));
#2451=EDGE_LOOP('',(#4230,#4231,#4232,#4233,#4234,#4235,#4236,#4237,#4238,#4239,#4240,#4241,#4242,#4243));
#2452=AXIS2_PLACEMENT_3D('',#4244,#4245,#4246);
#2453=SURFACE_SIDE_STYLE('',(#4247));
#2454=EDGE_LOOP('',(#4248,#4249,#4250,#4251));
#2455=AXIS2_PLACEMENT_3D('',#4252,#4253,#4254);
#2456=SURFACE_SIDE_STYLE('',(#4255));
#2457=EDGE_LOOP('',(#4256,#4257,#4258,#4259));
#2458=AXIS2_PLACEMENT_3D('',#4260,#4261,#4262);
#2459=SURFACE_SIDE_STYLE('',(#4263));
#2460=EDGE_LOOP('',(#4264,#4265,#4266,#4267));
#2461=AXIS2_PLACEMENT_3D('',#4268,#4269,#4270);
#2462=SURFACE_SIDE_STYLE('',(#4271));
#2463=EDGE_LOOP('',(#4272,#4273,#4274,#4275));
#2464=AXIS2_PLACEMENT_3D('',#4276,#4277,#4278);
#2465=SURFACE_SIDE_STYLE('',(#4279));
#2466=EDGE_LOOP('',(#4280,#4281,#4282,#4283));
#2467=AXIS2_PLACEMENT_3D('',#4284,#4285,#4286);
#2468=SURFACE_SIDE_STYLE('',(#4287));
#2469=EDGE_LOOP('',(#4288,#4289,#4290,#4291));
#2470=AXIS2_PLACEMENT_3D('',#4292,#4293,#4294);
#2471=SURFACE_SIDE_STYLE('',(#4295));
#2472=EDGE_LOOP('',(#4296,#4297,#4298,#4299));
#2473=AXIS2_PLACEMENT_3D('',#4300,#4301,#4302);
#2474=SURFACE_SIDE_STYLE('',(#4303));
#2475=EDGE_LOOP('',(#4304,#4305,#4306,#4307));
#2476=AXIS2_PLACEMENT_3D('',#4308,#4309,#4310);
#2477=SURFACE_SIDE_STYLE('',(#4311));
#2478=EDGE_LOOP('',(#4312,#4313,#4314,#4315));
#2479=AXIS2_PLACEMENT_3D('',#4316,#4317,#4318);
#2480=SURFACE_SIDE_STYLE('',(#4319));
#2481=EDGE_LOOP('',(#4320,#4321,#4322,#4323));
#2482=AXIS2_PLACEMENT_3D('',#4324,#4325,#4326);
#2483=SURFACE_SIDE_STYLE('',(#4327));
#2484=EDGE_LOOP('',(#4328,#4329,#4330,#4331));
#2485=AXIS2_PLACEMENT_3D('',#4332,#4333,#4334);
#2486=SURFACE_SIDE_STYLE('',(#4335));
#2487=EDGE_LOOP('',(#4336,#4337,#4338,#4339));
#2488=AXIS2_PLACEMENT_3D('',#4340,#4341,#4342);
#2489=SURFACE_SIDE_STYLE('',(#4343));
#2490=EDGE_LOOP('',(#4344,#4345,#4346,#4347));
#2491=AXIS2_PLACEMENT_3D('',#4348,#4349,#4350);
#2492=SURFACE_SIDE_STYLE('',(#4351));
#2493=EDGE_LOOP('',(#4352,#4353,#4354,#4355));
#2494=AXIS2_PLACEMENT_3D('',#4356,#4357,#4358);
#2495=SURFACE_SIDE_STYLE('',(#4359));
#2496=EDGE_LOOP('',(#4360,#4361,#4362,#4363));
#2497=AXIS2_PLACEMENT_3D('',#4364,#4365,#4366);
#2498=SURFACE_SIDE_STYLE('',(#4367));
#2499=EDGE_LOOP('',(#4368,#4369,#4370,#4371));
#2500=AXIS2_PLACEMENT_3D('',#4372,#4373,#4374);
#2501=SURFACE_SIDE_STYLE('',(#4375));
#2502=EDGE_LOOP('',(#4376,#4377,#4378,#4379));
#2503=AXIS2_PLACEMENT_3D('',#4380,#4381,#4382);
#2504=SURFACE_SIDE_STYLE('',(#4383));
#2505=EDGE_LOOP('',(#4384,#4385,#4386,#4387));
#2506=AXIS2_PLACEMENT_3D('',#4388,#4389,#4390);
#2507=SURFACE_SIDE_STYLE('',(#4391));
#2508=EDGE_LOOP('',(#4392,#4393,#4394,#4395));
#2509=AXIS2_PLACEMENT_3D('',#4396,#4397,#4398);
#2510=SURFACE_SIDE_STYLE('',(#4399));
#2511=EDGE_LOOP('',(#4400,#4401,#4402,#4403));
#2512=AXIS2_PLACEMENT_3D('',#4404,#4405,#4406);
#2513=SURFACE_SIDE_STYLE('',(#4407));
#2514=EDGE_LOOP('',(#4408,#4409,#4410,#4411));
#2515=AXIS2_PLACEMENT_3D('',#4412,#4413,#4414);
#2516=SURFACE_SIDE_STYLE('',(#4415));
#2517=EDGE_LOOP('',(#4416,#4417,#4418,#4419));
#2518=AXIS2_PLACEMENT_3D('',#4420,#4421,#4422);
#2519=SURFACE_SIDE_STYLE('',(#4423));
#2520=EDGE_LOOP('',(#4424,#4425,#4426,#4427));
#2521=AXIS2_PLACEMENT_3D('',#4428,#4429,#4430);
#2522=SURFACE_SIDE_STYLE('',(#4431));
#2523=EDGE_LOOP('',(#4432,#4433,#4434,#4435));
#2524=AXIS2_PLACEMENT_3D('',#4436,#4437,#4438);
#2525=SURFACE_SIDE_STYLE('',(#4439));
#2526=EDGE_LOOP('',(#4440,#4441,#4442,#4443));
#2527=AXIS2_PLACEMENT_3D('',#4444,#4445,#4446);
#2528=SURFACE_SIDE_STYLE('',(#4447));
#2529=EDGE_LOOP('',(#4448,#4449,#4450,#4451));
#2530=AXIS2_PLACEMENT_3D('',#4452,#4453,#4454);
#2531=SURFACE_SIDE_STYLE('',(#4455));
#2532=EDGE_LOOP('',(#4456,#4457,#4458,#4459));
#2533=AXIS2_PLACEMENT_3D('',#4460,#4461,#4462);
#2534=SURFACE_SIDE_STYLE('',(#4463));
#2535=EDGE_LOOP('',(#4464,#4465,#4466,#4467));
#2536=AXIS2_PLACEMENT_3D('',#4468,#4469,#4470);
#2537=SURFACE_SIDE_STYLE('',(#4471));
#2538=EDGE_LOOP('',(#4472,#4473,#4474,#4475));
#2539=AXIS2_PLACEMENT_3D('',#4476,#4477,#4478);
#2540=SURFACE_SIDE_STYLE('',(#4479));
#2541=EDGE_LOOP('',(#4480,#4481,#4482,#4483));
#2542=AXIS2_PLACEMENT_3D('',#4484,#4485,#4486);
#2543=SURFACE_SIDE_STYLE('',(#4487));
#2544=EDGE_LOOP('',(#4488,#4489,#4490,#4491));
#2545=AXIS2_PLACEMENT_3D('',#4492,#4493,#4494);
#2546=SURFACE_SIDE_STYLE('',(#4495));
#2547=EDGE_LOOP('',(#4496,#4497,#4498,#4499));
#2548=AXIS2_PLACEMENT_3D('',#4500,#4501,#4502);
#2549=SURFACE_SIDE_STYLE('',(#4503));
#2550=EDGE_LOOP('',(#4504,#4505,#4506,#4507));
#2551=AXIS2_PLACEMENT_3D('',#4508,#4509,#4510);
#2552=SURFACE_SIDE_STYLE('',(#4511));
#2553=EDGE_LOOP('',(#4512,#4513,#4514,#4515));
#2554=AXIS2_PLACEMENT_3D('',#4516,#4517,#4518);
#2555=SURFACE_SIDE_STYLE('',(#4519));
#2556=EDGE_LOOP('',(#4520,#4521,#4522,#4523));
#2557=AXIS2_PLACEMENT_3D('',#4524,#4525,#4526);
#2558=SURFACE_SIDE_STYLE('',(#4527));
#2559=EDGE_LOOP('',(#4528,#4529,#4530,#4531));
#2560=AXIS2_PLACEMENT_3D('',#4532,#4533,#4534);
#2561=SURFACE_SIDE_STYLE('',(#4535));
#2562=EDGE_LOOP('',(#4536,#4537,#4538,#4539));
#2563=AXIS2_PLACEMENT_3D('',#4540,#4541,#4542);
#2564=SURFACE_SIDE_STYLE('',(#4543));
#2565=EDGE_LOOP('',(#4544,#4545,#4546,#4547));
#2566=AXIS2_PLACEMENT_3D('',#4548,#4549,#4550);
#2567=SURFACE_SIDE_STYLE('',(#4551));
#2568=EDGE_LOOP('',(#4552,#4553,#4554,#4555));
#2569=AXIS2_PLACEMENT_3D('',#4556,#4557,#4558);
#2570=SURFACE_SIDE_STYLE('',(#4559));
#2571=EDGE_LOOP('',(#4560,#4561,#4562,#4563));
#2572=AXIS2_PLACEMENT_3D('',#4564,#4565,#4566);
#2573=SURFACE_SIDE_STYLE('',(#4567));
#2574=EDGE_LOOP('',(#4568,#4569,#4570,#4571));
#2575=AXIS2_PLACEMENT_3D('',#4572,#4573,#4574);
#2576=SURFACE_SIDE_STYLE('',(#4575));
#2577=EDGE_LOOP('',(#4576,#4577,#4578,#4579));
#2578=AXIS2_PLACEMENT_3D('',#4580,#4581,#4582);
#2579=SURFACE_SIDE_STYLE('',(#4583));
#2580=EDGE_LOOP('',(#4584,#4585,#4586,#4587));
#2581=AXIS2_PLACEMENT_3D('',#4588,#4589,#4590);
#2582=SURFACE_SIDE_STYLE('',(#4591));
#2583=EDGE_LOOP('',(#4592,#4593,#4594,#4595));
#2584=AXIS2_PLACEMENT_3D('',#4596,#4597,#4598);
#2585=SURFACE_SIDE_STYLE('',(#4599));
#2586=EDGE_LOOP('',(#4600,#4601,#4602,#4603));
#2587=AXIS2_PLACEMENT_3D('',#4604,#4605,#4606);
#2588=SURFACE_SIDE_STYLE('',(#4607));
#2589=EDGE_LOOP('',(#4608,#4609,#4610,#4611));
#2590=AXIS2_PLACEMENT_3D('',#4612,#4613,#4614);
#2591=SURFACE_SIDE_STYLE('',(#4615));
#2592=EDGE_LOOP('',(#4616,#4617,#4618,#4619));
#2593=AXIS2_PLACEMENT_3D('',#4620,#4621,#4622);
#2594=SURFACE_SIDE_STYLE('',(#4623));
#2595=EDGE_LOOP('',(#4624,#4625,#4626,#4627));
#2596=AXIS2_PLACEMENT_3D('',#4628,#4629,#4630);
#2597=SURFACE_SIDE_STYLE('',(#4631));
#2598=EDGE_LOOP('',(#4632,#4633,#4634,#4635));
#2599=AXIS2_PLACEMENT_3D('',#4636,#4637,#4638);
#2600=SURFACE_SIDE_STYLE('',(#4639));
#2601=EDGE_LOOP('',(#4640,#4641,#4642,#4643));
#2602=AXIS2_PLACEMENT_3D('',#4644,#4645,#4646);
#2603=SURFACE_SIDE_STYLE('',(#4647));
#2604=EDGE_LOOP('',(#4648,#4649,#4650,#4651));
#2605=AXIS2_PLACEMENT_3D('',#4652,#4653,#4654);
#2606=SURFACE_SIDE_STYLE('',(#4655));
#2607=EDGE_LOOP('',(#4656,#4657,#4658,#4659));
#2608=AXIS2_PLACEMENT_3D('',#4660,#4661,#4662);
#2609=SURFACE_SIDE_STYLE('',(#4663));
#2610=EDGE_LOOP('',(#4664,#4665,#4666,#4667));
#2611=AXIS2_PLACEMENT_3D('',#4668,#4669,#4670);
#2612=SURFACE_SIDE_STYLE('',(#4671));
#2613=EDGE_LOOP('',(#4672,#4673,#4674,#4675));
#2614=AXIS2_PLACEMENT_3D('',#4676,#4677,#4678);
#2615=SURFACE_SIDE_STYLE('',(#4679));
#2616=EDGE_LOOP('',(#4680,#4681,#4682,#4683));
#2617=AXIS2_PLACEMENT_3D('',#4684,#4685,#4686);
#2618=SURFACE_SIDE_STYLE('',(#4687));
#2619=EDGE_LOOP('',(#4688,#4689,#4690,#4691));
#2620=AXIS2_PLACEMENT_3D('',#4692,#4693,#4694);
#2621=SURFACE_SIDE_STYLE('',(#4695));
#2622=EDGE_LOOP('',(#4696,#4697,#4698,#4699));
#2623=AXIS2_PLACEMENT_3D('',#4700,#4701,#4702);
#2624=SURFACE_SIDE_STYLE('',(#4703));
#2625=EDGE_LOOP('',(#4704,#4705,#4706,#4707));
#2626=AXIS2_PLACEMENT_3D('',#4708,#4709,#4710);
#2627=SURFACE_SIDE_STYLE('',(#4711));
#2628=EDGE_LOOP('',(#4712,#4713,#4714,#4715,#4716,#4717));
#2629=AXIS2_PLACEMENT_3D('',#4718,#4719,#4720);
#2630=SURFACE_SIDE_STYLE('',(#4721));
#2631=EDGE_LOOP('',(#4722,#4723,#4724,#4725));
#2632=AXIS2_PLACEMENT_3D('',#4726,#4727,#4728);
#2633=SURFACE_SIDE_STYLE('',(#4729));
#2634=EDGE_LOOP('',(#4730,#4731,#4732,#4733));
#2635=AXIS2_PLACEMENT_3D('',#4734,#4735,#4736);
#2636=SURFACE_SIDE_STYLE('',(#4737));
#2637=EDGE_LOOP('',(#4738,#4739,#4740,#4741));
#2638=AXIS2_PLACEMENT_3D('',#4742,#4743,#4744);
#2639=SURFACE_SIDE_STYLE('',(#4745));
#2640=EDGE_LOOP('',(#4746,#4747,#4748,#4749,#4750,#4751,#4752,#4753,#4754,#4755,#4756,#4757,#4758,#4759,#4760,#4761));
#2641=AXIS2_PLACEMENT_3D('',#4762,#4763,#4764);
#2642=SURFACE_SIDE_STYLE('',(#4765));
#2643=EDGE_LOOP('',(#4766,#4767,#4768,#4769,#4770,#4771,#4772,#4773,#4774,#4775,#4776,#4777,#4778,#4779,#4780,#4781));
#2644=AXIS2_PLACEMENT_3D('',#4782,#4783,#4784);
#2645=SURFACE_SIDE_STYLE('',(#4785));
#2646=EDGE_LOOP('',(#4786,#4787,#4788,#4789,#4790,#4791));
#2647=AXIS2_PLACEMENT_3D('',#4792,#4793,#4794);
#2648=SURFACE_SIDE_STYLE('',(#4795));
#2649=EDGE_LOOP('',(#4796,#4797,#4798,#4799));
#2650=AXIS2_PLACEMENT_3D('',#4800,#4801,#4802);
#2651=SURFACE_SIDE_STYLE('',(#4803));
#2652=EDGE_LOOP('',(#4804,#4805,#4806,#4807));
#2653=AXIS2_PLACEMENT_3D('',#4808,#4809,#4810);
#2654=SURFACE_SIDE_STYLE('',(#4811));
#2655=EDGE_LOOP('',(#4812,#4813,#4814,#4815));
#2656=AXIS2_PLACEMENT_3D('',#4816,#4817,#4818);
#2657=SURFACE_SIDE_STYLE('',(#4819));
#2658=EDGE_LOOP('',(#4820,#4821,#4822,#4823));
#2659=AXIS2_PLACEMENT_3D('',#4824,#4825,#4826);
#2660=SURFACE_SIDE_STYLE('',(#4827));
#2661=EDGE_LOOP('',(#4828,#4829,#4830,#4831));
#2662=AXIS2_PLACEMENT_3D('',#4832,#4833,#4834);
#2663=SURFACE_SIDE_STYLE('',(#4835));
#2664=EDGE_LOOP('',(#4836,#4837,#4838,#4839));
#2665=AXIS2_PLACEMENT_3D('',#4840,#4841,#4842);
#2666=SURFACE_SIDE_STYLE('',(#4843));
#2667=EDGE_LOOP('',(#4844,#4845,#4846,#4847));
#2668=AXIS2_PLACEMENT_3D('',#4848,#4849,#4850);
#2669=SURFACE_SIDE_STYLE('',(#4851));
#2670=EDGE_LOOP('',(#4852,#4853,#4854,#4855));
#2671=AXIS2_PLACEMENT_3D('',#4856,#4857,#4858);
#2672=SURFACE_SIDE_STYLE('',(#4859));
#2673=EDGE_LOOP('',(#4860,#4861,#4862,#4863));
#2674=AXIS2_PLACEMENT_3D('',#4864,#4865,#4866);
#2675=SURFACE_SIDE_STYLE('',(#4867));
#2676=EDGE_LOOP('',(#4868,#4869,#4870,#4871));
#2677=AXIS2_PLACEMENT_3D('',#4872,#4873,#4874);
#2678=SURFACE_SIDE_STYLE('',(#4875));
#2679=EDGE_LOOP('',(#4876,#4877,#4878,#4879));
#2680=AXIS2_PLACEMENT_3D('',#4880,#4881,#4882);
#2681=SURFACE_SIDE_STYLE('',(#4883));
#2682=EDGE_LOOP('',(#4884,#4885,#4886,#4887));
#2683=AXIS2_PLACEMENT_3D('',#4888,#4889,#4890);
#2684=SURFACE_SIDE_STYLE('',(#4891));
#2685=EDGE_LOOP('',(#4892,#4893,#4894,#4895));
#2686=AXIS2_PLACEMENT_3D('',#4896,#4897,#4898);
#2687=SURFACE_SIDE_STYLE('',(#4899));
#2688=EDGE_LOOP('',(#4900,#4901,#4902,#4903));
#2689=AXIS2_PLACEMENT_3D('',#4904,#4905,#4906);
#2690=SURFACE_SIDE_STYLE('',(#4907));
#2691=EDGE_LOOP('',(#4908,#4909,#4910,#4911));
#2692=AXIS2_PLACEMENT_3D('',#4912,#4913,#4914);
#2693=SURFACE_SIDE_STYLE('',(#4915));
#2694=EDGE_LOOP('',(#4916,#4917,#4918,#4919));
#2695=AXIS2_PLACEMENT_3D('',#4920,#4921,#4922);
#2696=SURFACE_SIDE_STYLE('',(#4923));
#2697=EDGE_LOOP('',(#4924,#4925,#4926,#4927,#4928,#4929));
#2698=AXIS2_PLACEMENT_3D('',#4930,#4931,#4932);
#2699=SURFACE_SIDE_STYLE('',(#4933));
#2700=EDGE_LOOP('',(#4934,#4935,#4936,#4937,#4938,#4939,#4940,#4941));
#2701=AXIS2_PLACEMENT_3D('',#4942,#4943,#4944);
#2702=SURFACE_SIDE_STYLE('',(#4945));
#2703=EDGE_LOOP('',(#4946,#4947,#4948,#4949,#4950,#4951));
#2704=AXIS2_PLACEMENT_3D('',#4952,#4953,#4954);
#2705=SURFACE_SIDE_STYLE('',(#4955));
#2706=EDGE_LOOP('',(#4956,#4957,#4958,#4959));
#2707=AXIS2_PLACEMENT_3D('',#4960,#4961,#4962);
#2708=SURFACE_SIDE_STYLE('',(#4963));
#2709=EDGE_LOOP('',(#4964,#4965,#4966,#4967));
#2710=AXIS2_PLACEMENT_3D('',#4968,#4969,#4970);
#2711=SURFACE_SIDE_STYLE('',(#4971));
#2712=EDGE_LOOP('',(#4972,#4973,#4974,#4975));
#2713=AXIS2_PLACEMENT_3D('',#4976,#4977,#4978);
#2714=SURFACE_SIDE_STYLE('',(#4979));
#2715=EDGE_LOOP('',(#4980,#4981,#4982,#4983));
#2716=AXIS2_PLACEMENT_3D('',#4984,#4985,#4986);
#2717=SURFACE_SIDE_STYLE('',(#4987));
#2718=EDGE_LOOP('',(#4988,#4989,#4990,#4991));
#2719=AXIS2_PLACEMENT_3D('',#4992,#4993,#4994);
#2720=SURFACE_SIDE_STYLE('',(#4995));
#2721=EDGE_LOOP('',(#4996,#4997,#4998,#4999));
#2722=AXIS2_PLACEMENT_3D('',#5000,#5001,#5002);
#2723=SURFACE_SIDE_STYLE('',(#5003));
#2724=EDGE_LOOP('',(#5004,#5005,#5006,#5007));
#2725=AXIS2_PLACEMENT_3D('',#5008,#5009,#5010);
#2726=SURFACE_SIDE_STYLE('',(#5011));
#2727=EDGE_LOOP('',(#5012,#5013,#5014,#5015));
#2728=AXIS2_PLACEMENT_3D('',#5016,#5017,#5018);
#2729=SURFACE_SIDE_STYLE('',(#5019));
#2730=EDGE_LOOP('',(#5020,#5021,#5022,#5023));
#2731=AXIS2_PLACEMENT_3D('',#5024,#5025,#5026);
#2732=SURFACE_SIDE_STYLE('',(#5027));
#2733=EDGE_LOOP('',(#5028,#5029,#5030,#5031));
#2734=AXIS2_PLACEMENT_3D('',#5032,#5033,#5034);
#2735=SURFACE_SIDE_STYLE('',(#5035));
#2736=EDGE_LOOP('',(#5036,#5037,#5038,#5039));
#2737=AXIS2_PLACEMENT_3D('',#5040,#5041,#5042);
#2738=SURFACE_SIDE_STYLE('',(#5043));
#2739=EDGE_LOOP('',(#5044,#5045,#5046,#5047));
#2740=AXIS2_PLACEMENT_3D('',#5048,#5049,#5050);
#2741=SURFACE_SIDE_STYLE('',(#5051));
#2742=EDGE_LOOP('',(#5052,#5053,#5054,#5055));
#2743=AXIS2_PLACEMENT_3D('',#5056,#5057,#5058);
#2744=SURFACE_SIDE_STYLE('',(#5059));
#2745=EDGE_LOOP('',(#5060,#5061,#5062,#5063,#5064,#5065));
#2746=AXIS2_PLACEMENT_3D('',#5066,#5067,#5068);
#2747=SURFACE_SIDE_STYLE('',(#5069));
#2748=EDGE_LOOP('',(#5070,#5071,#5072,#5073));
#2749=AXIS2_PLACEMENT_3D('',#5074,#5075,#5076);
#2750=SURFACE_SIDE_STYLE('',(#5077));
#2751=EDGE_LOOP('',(#5078,#5079,#5080,#5081));
#2752=AXIS2_PLACEMENT_3D('',#5082,#5083,#5084);
#2753=SURFACE_SIDE_STYLE('',(#5085));
#2754=EDGE_LOOP('',(#5086,#5087,#5088,#5089));
#2755=AXIS2_PLACEMENT_3D('',#5090,#5091,#5092);
#2756=SURFACE_SIDE_STYLE('',(#5093));
#2757=EDGE_LOOP('',(#5094,#5095,#5096,#5097,#5098,#5099));
#2758=AXIS2_PLACEMENT_3D('',#5100,#5101,#5102);
#2759=SURFACE_SIDE_STYLE('',(#5103));
#2760=EDGE_LOOP('',(#5104,#5105,#5106,#5107));
#2761=AXIS2_PLACEMENT_3D('',#5108,#5109,#5110);
#2762=SURFACE_SIDE_STYLE('',(#5111));
#2763=EDGE_LOOP('',(#5112,#5113,#5114,#5115));
#2764=AXIS2_PLACEMENT_3D('',#5116,#5117,#5118);
#2765=SURFACE_SIDE_STYLE('',(#5119));
#2766=EDGE_LOOP('',(#5120,#5121,#5122,#5123,#5124,#5125,#5126,#5127,#5128,#5129,#5130,#5131));
#2767=AXIS2_PLACEMENT_3D('',#5132,#5133,#5134);
#2768=SURFACE_SIDE_STYLE('',(#5135));
#2769=EDGE_LOOP('',(#5136,#5137,#5138,#5139));
#2770=AXIS2_PLACEMENT_3D('',#5140,#5141,#5142);
#2771=SURFACE_SIDE_STYLE('',(#5143));
#2772=EDGE_LOOP('',(#5144,#5145,#5146,#5147));
#2773=AXIS2_PLACEMENT_3D('',#5148,#5149,#5150);
#2774=SURFACE_SIDE_STYLE('',(#5151));
#2775=EDGE_LOOP('',(#5152,#5153,#5154,#5155));
#2776=AXIS2_PLACEMENT_3D('',#5156,#5157,#5158);
#2777=SURFACE_SIDE_STYLE('',(#5159));
#2778=EDGE_LOOP('',(#5160,#5161,#5162,#5163,#5164,#5165,#5166,#5167,#5168,#5169,#5170,#5171));
#2779=AXIS2_PLACEMENT_3D('',#5172,#5173,#5174);
#2780=SURFACE_SIDE_STYLE('',(#5175));
#2781=EDGE_LOOP('',(#5176,#5177,#5178,#5179));
#2782=AXIS2_PLACEMENT_3D('',#5180,#5181,#5182);
#2783=SURFACE_SIDE_STYLE('',(#5183));
#2784=EDGE_LOOP('',(#5184,#5185,#5186,#5187));
#2785=AXIS2_PLACEMENT_3D('',#5188,#5189,#5190);
#2786=SURFACE_SIDE_STYLE('',(#5191));
#2787=EDGE_LOOP('',(#5192,#5193,#5194,#5195,#5196,#5197));
#2788=AXIS2_PLACEMENT_3D('',#5198,#5199,#5200);
#2789=SURFACE_SIDE_STYLE('',(#5201));
#2790=EDGE_LOOP('',(#5202,#5203,#5204,#5205,#5206,#5207));
#2791=AXIS2_PLACEMENT_3D('',#5208,#5209,#5210);
#2792=SURFACE_SIDE_STYLE('',(#5211));
#2793=EDGE_LOOP('',(#5212,#5213,#5214,#5215));
#2794=AXIS2_PLACEMENT_3D('',#5216,#5217,#5218);
#2795=SURFACE_SIDE_STYLE('',(#5219));
#2796=EDGE_LOOP('',(#5220,#5221,#5222,#5223));
#2797=AXIS2_PLACEMENT_3D('',#5224,#5225,#5226);
#2798=SURFACE_SIDE_STYLE('',(#5227));
#2799=EDGE_LOOP('',(#5228,#5229,#5230,#5231,#5232,#5233));
#2800=AXIS2_PLACEMENT_3D('',#5234,#5235,#5236);
#2801=SURFACE_SIDE_STYLE('',(#5237));
#2802=EDGE_LOOP('',(#5238,#5239,#5240,#5241,#5242,#5243));
#2803=AXIS2_PLACEMENT_3D('',#5244,#5245,#5246);
#2804=SURFACE_SIDE_STYLE('',(#5247));
#2805=EDGE_LOOP('',(#5248,#5249,#5250,#5251));
#2806=AXIS2_PLACEMENT_3D('',#5252,#5253,#5254);
#2807=SURFACE_SIDE_STYLE('',(#5255));
#2808=EDGE_LOOP('',(#5256,#5257,#5258,#5259));
#2809=AXIS2_PLACEMENT_3D('',#5260,#5261,#5262);
#2810=SURFACE_SIDE_STYLE('',(#5263));
#2811=EDGE_LOOP('',(#5264,#5265,#5266,#5267,#5268,#5269,#5270,#5271,#5272,#5273,#5274,#5275));
#2812=AXIS2_PLACEMENT_3D('',#5276,#5277,#5278);
#2813=SURFACE_SIDE_STYLE('',(#5279));
#2814=EDGE_LOOP('',(#5280,#5281,#5282,#5283));
#2815=AXIS2_PLACEMENT_3D('',#5284,#5285,#5286);
#2816=SURFACE_SIDE_STYLE('',(#5287));
#2817=EDGE_LOOP('',(#5288,#5289,#5290,#5291));
#2818=AXIS2_PLACEMENT_3D('',#5292,#5293,#5294);
#2819=SURFACE_SIDE_STYLE('',(#5295));
#2820=EDGE_LOOP('',(#5296,#5297,#5298,#5299));
#2821=AXIS2_PLACEMENT_3D('',#5300,#5301,#5302);
#2822=SURFACE_SIDE_STYLE('',(#5303));
#2823=EDGE_LOOP('',(#5304,#5305,#5306,#5307,#5308,#5309,#5310,#5311,#5312,#5313,#5314,#5315));
#2824=AXIS2_PLACEMENT_3D('',#5316,#5317,#5318);
#2825=SURFACE_SIDE_STYLE('',(#5319));
#2826=EDGE_LOOP('',(#5320,#5321,#5322,#5323));
#2827=AXIS2_PLACEMENT_3D('',#5324,#5325,#5326);
#2828=SURFACE_SIDE_STYLE('',(#5327));
#2829=EDGE_LOOP('',(#5328,#5329,#5330,#5331));
#2830=AXIS2_PLACEMENT_3D('',#5332,#5333,#5334);
#2831=SURFACE_SIDE_STYLE('',(#5335));
#2832=EDGE_LOOP('',(#5336,#5337,#5338,#5339,#5340,#5341));
#2833=AXIS2_PLACEMENT_3D('',#5342,#5343,#5344);
#2834=SURFACE_SIDE_STYLE('',(#5345));
#2835=EDGE_LOOP('',(#5346,#5347,#5348,#5349,#5350,#5351));
#2836=AXIS2_PLACEMENT_3D('',#5352,#5353,#5354);
#2837=SURFACE_SIDE_STYLE('',(#5355));
#2838=EDGE_LOOP('',(#5356,#5357,#5358,#5359));
#2839=AXIS2_PLACEMENT_3D('',#5360,#5361,#5362);
#2840=SURFACE_SIDE_STYLE('',(#5363));
#2841=EDGE_LOOP('',(#5364,#5365,#5366,#5367));
#2842=AXIS2_PLACEMENT_3D('',#5368,#5369,#5370);
#2843=SURFACE_SIDE_STYLE('',(#5371));
#2844=EDGE_LOOP('',(#5372,#5373,#5374,#5375,#5376,#5377));
#2845=AXIS2_PLACEMENT_3D('',#5378,#5379,#5380);
#2846=SURFACE_SIDE_STYLE('',(#5381));
#2847=EDGE_LOOP('',(#5382,#5383,#5384,#5385));
#2848=AXIS2_PLACEMENT_3D('',#5386,#5387,#5388);
#2849=SURFACE_SIDE_STYLE('',(#5389));
#2850=EDGE_LOOP('',(#5390,#5391,#5392,#5393,#5394,#5395,#5396));
#2851=AXIS2_PLACEMENT_3D('',#5397,#5398,#5399);
#2852=SURFACE_SIDE_STYLE('',(#5400));
#2853=EDGE_LOOP('',(#5401,#5402,#5403,#5404,#5405));
#2854=AXIS2_PLACEMENT_3D('',#5406,#5407,#5408);
#2855=SURFACE_SIDE_STYLE('',(#5409));
#2856=EDGE_LOOP('',(#5410,#5411,#5412,#5413,#5414,#5415,#5416));
#2857=AXIS2_PLACEMENT_3D('',#5417,#5418,#5419);
#2858=SURFACE_SIDE_STYLE('',(#5420));
#2859=EDGE_LOOP('',(#5421,#5422,#5423,#5424,#5425));
#2860=AXIS2_PLACEMENT_3D('',#5426,#5427,#5428);
#2861=SURFACE_SIDE_STYLE('',(#5429));
#2862=EDGE_LOOP('',(#5430,#5431,#5432,#5433));
#2863=AXIS2_PLACEMENT_3D('',#5434,#5435,#5436);
#2864=SURFACE_SIDE_STYLE('',(#5437));
#2865=EDGE_LOOP('',(#5438,#5439,#5440,#5441,#5442,#5443));
#2866=AXIS2_PLACEMENT_3D('',#5444,#5445,#5446);
#2867=SURFACE_SIDE_STYLE('',(#5447));
#2868=EDGE_LOOP('',(#5448,#5449,#5450,#5451));
#2869=AXIS2_PLACEMENT_3D('',#5452,#5453,#5454);
#2870=SURFACE_SIDE_STYLE('',(#5455));
#2871=EDGE_LOOP('',(#5456,#5457,#5458,#5459));
#2872=AXIS2_PLACEMENT_3D('',#5460,#5461,#5462);
#2873=SURFACE_SIDE_STYLE('',(#5463));
#2874=EDGE_LOOP('',(#5464,#5465,#5466,#5467,#5468,#5469));
#2875=AXIS2_PLACEMENT_3D('',#5470,#5471,#5472);
#2876=SURFACE_SIDE_STYLE('',(#5473));
#2877=EDGE_LOOP('',(#5474,#5475,#5476,#5477));
#2878=AXIS2_PLACEMENT_3D('',#5478,#5479,#5480);
#2879=SURFACE_SIDE_STYLE('',(#5481));
#2880=EDGE_LOOP('',(#5482,#5483,#5484,#5485,#5486,#5487,#5488));
#2881=AXIS2_PLACEMENT_3D('',#5489,#5490,#5491);
#2882=SURFACE_SIDE_STYLE('',(#5492));
#2883=EDGE_LOOP('',(#5493,#5494,#5495,#5496,#5497));
#2884=AXIS2_PLACEMENT_3D('',#5498,#5499,#5500);
#2885=SURFACE_SIDE_STYLE('',(#5501));
#2886=EDGE_LOOP('',(#5502,#5503,#5504,#5505,#5506,#5507,#5508));
#2887=AXIS2_PLACEMENT_3D('',#5509,#5510,#5511);
#2888=SURFACE_SIDE_STYLE('',(#5512));
#2889=EDGE_LOOP('',(#5513,#5514,#5515,#5516,#5517));
#2890=AXIS2_PLACEMENT_3D('',#5518,#5519,#5520);
#2891=SURFACE_SIDE_STYLE('',(#5521));
#2892=EDGE_LOOP('',(#5522,#5523,#5524,#5525));
#2893=AXIS2_PLACEMENT_3D('',#5526,#5527,#5528);
#2894=SURFACE_SIDE_STYLE('',(#5529));
#2895=EDGE_LOOP('',(#5530,#5531,#5532,#5533,#5534,#5535));
#2896=AXIS2_PLACEMENT_3D('',#5536,#5537,#5538);
#2897=SURFACE_SIDE_STYLE('',(#5539));
#2898=EDGE_LOOP('',(#5540,#5541,#5542,#5543));
#2899=AXIS2_PLACEMENT_3D('',#5544,#5545,#5546);
#2900=SURFACE_SIDE_STYLE('',(#5547));
#2901=EDGE_LOOP('',(#5548,#5549,#5550,#5551));
#2902=AXIS2_PLACEMENT_3D('',#5552,#5553,#5554);
#2903=SURFACE_SIDE_STYLE('',(#5555));
#2904=EDGE_LOOP('',(#5556,#5557,#5558,#5559,#5560,#5561));
#2905=AXIS2_PLACEMENT_3D('',#5562,#5563,#5564);
#2906=SURFACE_SIDE_STYLE('',(#5565));
#2907=EDGE_LOOP('',(#5566,#5567,#5568,#5569));
#2908=AXIS2_PLACEMENT_3D('',#5570,#5571,#5572);
#2909=SURFACE_SIDE_STYLE('',(#5573));
#2910=EDGE_LOOP('',(#5574,#5575,#5576,#5577));
#2911=AXIS2_PLACEMENT_3D('',#5578,#5579,#5580);
#2912=SURFACE_SIDE_STYLE('',(#5581));
#2913=EDGE_LOOP('',(#5582,#5583,#5584,#5585));
#2914=AXIS2_PLACEMENT_3D('',#5586,#5587,#5588);
#2915=SURFACE_SIDE_STYLE('',(#5589));
#2916=EDGE_LOOP('',(#5590,#5591,#5592,#5593));
#2917=AXIS2_PLACEMENT_3D('',#5594,#5595,#5596);
#2918=SURFACE_SIDE_STYLE('',(#5597));
#2919=EDGE_LOOP('',(#5598,#5599,#5600,#5601));
#2920=AXIS2_PLACEMENT_3D('',#5602,#5603,#5604);
#2921=SURFACE_SIDE_STYLE('',(#5605));
#2922=EDGE_LOOP('',(#5606,#5607,#5608,#5609));
#2923=AXIS2_PLACEMENT_3D('',#5610,#5611,#5612);
#2924=SURFACE_SIDE_STYLE('',(#5613));
#2925=EDGE_LOOP('',(#5614,#5615,#5616,#5617));
#2926=AXIS2_PLACEMENT_3D('',#5618,#5619,#5620);
#2927=SURFACE_SIDE_STYLE('',(#5621));
#2928=EDGE_LOOP('',(#5622,#5623,#5624,#5625));
#2929=AXIS2_PLACEMENT_3D('',#5626,#5627,#5628);
#2930=SURFACE_SIDE_STYLE('',(#5629));
#2931=EDGE_LOOP('',(#5630,#5631,#5632,#5633));
#2932=AXIS2_PLACEMENT_3D('',#5634,#5635,#5636);
#2933=SURFACE_SIDE_STYLE('',(#5637));
#2934=EDGE_LOOP('',(#5638,#5639,#5640,#5641));
#2935=AXIS2_PLACEMENT_3D('',#5642,#5643,#5644);
#2936=SURFACE_SIDE_STYLE('',(#5645));
#2937=EDGE_LOOP('',(#5646,#5647,#5648,#5649));
#2938=AXIS2_PLACEMENT_3D('',#5650,#5651,#5652);
#2939=SURFACE_SIDE_STYLE('',(#5653));
#2940=EDGE_LOOP('',(#5654,#5655,#5656,#5657));
#2941=AXIS2_PLACEMENT_3D('',#5658,#5659,#5660);
#2942=SURFACE_SIDE_STYLE('',(#5661));
#2943=EDGE_LOOP('',(#5662,#5663,#5664,#5665,#5666,#5667,#5668,#5669));
#2944=AXIS2_PLACEMENT_3D('',#5670,#5671,#5672);
#2945=SURFACE_SIDE_STYLE('',(#5673));
#2946=EDGE_LOOP('',(#5674,#5675,#5676,#5677));
#2947=AXIS2_PLACEMENT_3D('',#5678,#5679,#5680);
#2948=SURFACE_SIDE_STYLE('',(#5681));
#2949=EDGE_LOOP('',(#5682,#5683,#5684,#5685));
#2950=AXIS2_PLACEMENT_3D('',#5686,#5687,#5688);
#2951=SURFACE_SIDE_STYLE('',(#5689));
#2952=EDGE_LOOP('',(#5690,#5691,#5692,#5693));
#2953=AXIS2_PLACEMENT_3D('',#5694,#5695,#5696);
#2954=SURFACE_SIDE_STYLE('',(#5697));
#2955=EDGE_LOOP('',(#5698,#5699,#5700,#5701));
#2956=AXIS2_PLACEMENT_3D('',#5702,#5703,#5704);
#2957=SURFACE_SIDE_STYLE('',(#5705));
#2958=EDGE_LOOP('',(#5706,#5707,#5708,#5709));
#2959=AXIS2_PLACEMENT_3D('',#5710,#5711,#5712);
#2960=SURFACE_SIDE_STYLE('',(#5713));
#2961=EDGE_LOOP('',(#5714,#5715,#5716,#5717));
#2962=AXIS2_PLACEMENT_3D('',#5718,#5719,#5720);
#2963=SURFACE_SIDE_STYLE('',(#5721));
#2964=EDGE_LOOP('',(#5722,#5723,#5724,#5725));
#2965=AXIS2_PLACEMENT_3D('',#5726,#5727,#5728);
#2966=SURFACE_SIDE_STYLE('',(#5729));
#2967=EDGE_LOOP('',(#5730,#5731,#5732,#5733));
#2968=AXIS2_PLACEMENT_3D('',#5734,#5735,#5736);
#2969=SURFACE_SIDE_STYLE('',(#5737));
#2970=EDGE_LOOP('',(#5738,#5739,#5740,#5741));
#2971=AXIS2_PLACEMENT_3D('',#5742,#5743,#5744);
#2972=SURFACE_SIDE_STYLE('',(#5745));
#2973=EDGE_LOOP('',(#5746,#5747,#5748,#5749));
#2974=AXIS2_PLACEMENT_3D('',#5750,#5751,#5752);
#2975=SURFACE_SIDE_STYLE('',(#5753));
#2976=EDGE_LOOP('',(#5754,#5755,#5756,#5757,#5758,#5759,#5760,#5761));
#2977=AXIS2_PLACEMENT_3D('',#5762,#5763,#5764);
#2978=SURFACE_SIDE_STYLE('',(#5765));
#2979=EDGE_LOOP('',(#5766,#5767,#5768,#5769));
#2980=AXIS2_PLACEMENT_3D('',#5770,#5771,#5772);
#2981=SURFACE_SIDE_STYLE('',(#5773));
#2982=EDGE_LOOP('',(#5774,#5775,#5776,#5777));
#2983=AXIS2_PLACEMENT_3D('',#5778,#5779,#5780);
#2984=SURFACE_SIDE_STYLE('',(#5781));
#2985=EDGE_LOOP('',(#5782,#5783,#5784,#5785));
#2986=AXIS2_PLACEMENT_3D('',#5786,#5787,#5788);
#2987=SURFACE_SIDE_STYLE('',(#5789));
#2988=EDGE_LOOP('',(#5790,#5791,#5792,#5793));
#2989=AXIS2_PLACEMENT_3D('',#5794,#5795,#5796);
#2990=SURFACE_SIDE_STYLE('',(#5797));
#2991=EDGE_LOOP('',(#5798,#5799));
#2992=AXIS2_PLACEMENT_3D('',#5800,#5801,#5802);
#2993=SURFACE_SIDE_STYLE('',(#5803));
#2994=EDGE_LOOP('',(#5804,#5805));
#2995=AXIS2_PLACEMENT_3D('',#5806,#5807,#5808);
#2996=SURFACE_SIDE_STYLE('',(#5809));
#2997=EDGE_LOOP('',(#5810,#5811));
#2998=AXIS2_PLACEMENT_3D('',#5812,#5813,#5814);
#2999=SURFACE_SIDE_STYLE('',(#5815));
#3000=EDGE_LOOP('',(#5816,#5817));
#3001=AXIS2_PLACEMENT_3D('',#5818,#5819,#5820);
#3002=SURFACE_SIDE_STYLE('',(#5821));
#3003=EDGE_LOOP('',(#5822,#5823,#5824,#5825));
#3004=AXIS2_PLACEMENT_3D('',#5826,#5827,#5828);
#3005=SURFACE_SIDE_STYLE('',(#5829));
#3006=EDGE_LOOP('',(#5830,#5831,#5832,#5833));
#3007=AXIS2_PLACEMENT_3D('',#5834,#5835,#5836);
#3008=SURFACE_SIDE_STYLE('',(#5837));
#3009=EDGE_LOOP('',(#5838,#5839,#5840,#5841));
#3010=AXIS2_PLACEMENT_3D('',#5842,#5843,#5844);
#3011=SURFACE_SIDE_STYLE('',(#5845));
#3012=EDGE_LOOP('',(#5846,#5847,#5848,#5849));
#3013=AXIS2_PLACEMENT_3D('',#5850,#5851,#5852);
#3014=SURFACE_SIDE_STYLE('',(#5853));
#3015=EDGE_LOOP('',(#5854,#5855,#5856,#5857,#5858,#5859));
#3016=AXIS2_PLACEMENT_3D('',#5860,#5861,#5862);
#3017=SURFACE_SIDE_STYLE('',(#5863));
#3018=EDGE_LOOP('',(#5864,#5865,#5866,#5867));
#3019=AXIS2_PLACEMENT_3D('',#5868,#5869,#5870);
#3020=SURFACE_SIDE_STYLE('',(#5871));
#3021=EDGE_LOOP('',(#5872,#5873,#5874,#5875));
#3022=AXIS2_PLACEMENT_3D('',#5876,#5877,#5878);
#3023=SURFACE_SIDE_STYLE('',(#5879));
#3024=EDGE_LOOP('',(#5880,#5881,#5882,#5883));
#3025=AXIS2_PLACEMENT_3D('',#5884,#5885,#5886);
#3026=SURFACE_SIDE_STYLE('',(#5887));
#3027=EDGE_LOOP('',(#5888,#5889,#5890,#5891));
#3028=AXIS2_PLACEMENT_3D('',#5892,#5893,#5894);
#3029=SURFACE_SIDE_STYLE('',(#5895));
#3030=EDGE_LOOP('',(#5896,#5897,#5898,#5899,#5900,#5901));
#3031=AXIS2_PLACEMENT_3D('',#5902,#5903,#5904);
#3032=SURFACE_SIDE_STYLE('',(#5905));
#3033=EDGE_LOOP('',(#5906,#5907,#5908,#5909,#5910,#5911,#5912,#5913));
#3034=AXIS2_PLACEMENT_3D('',#5914,#5915,#5916);
#3035=SURFACE_SIDE_STYLE('',(#5917));
#3036=EDGE_LOOP('',(#5918,#5919,#5920,#5921));
#3037=AXIS2_PLACEMENT_3D('',#5922,#5923,#5924);
#3038=SURFACE_SIDE_STYLE('',(#5925));
#3039=EDGE_LOOP('',(#5926,#5927,#5928,#5929));
#3040=AXIS2_PLACEMENT_3D('',#5930,#5931,#5932);
#3041=SURFACE_SIDE_STYLE('',(#5933));
#3042=EDGE_LOOP('',(#5934,#5935,#5936,#5937));
#3043=AXIS2_PLACEMENT_3D('',#5938,#5939,#5940);
#3044=SURFACE_SIDE_STYLE('',(#5941));
#3045=EDGE_LOOP('',(#5942,#5943,#5944,#5945));
#3046=AXIS2_PLACEMENT_3D('',#5946,#5947,#5948);
#3047=SURFACE_SIDE_STYLE('',(#5949));
#3048=EDGE_LOOP('',(#5950,#5951,#5952,#5953));
#3049=AXIS2_PLACEMENT_3D('',#5954,#5955,#5956);
#3050=SURFACE_SIDE_STYLE('',(#5957));
#3051=EDGE_LOOP('',(#5958,#5959,#5960,#5961));
#3052=AXIS2_PLACEMENT_3D('',#5962,#5963,#5964);
#3053=SURFACE_SIDE_STYLE('',(#5965));
#3054=EDGE_LOOP('',(#5966,#5967,#5968,#5969));
#3055=AXIS2_PLACEMENT_3D('',#5970,#5971,#5972);
#3056=SURFACE_SIDE_STYLE('',(#5973));
#3057=EDGE_LOOP('',(#5974,#5975,#5976,#5977));
#3058=AXIS2_PLACEMENT_3D('',#5978,#5979,#5980);
#3059=SURFACE_SIDE_STYLE('',(#5981));
#3060=EDGE_LOOP('',(#5982,#5983,#5984,#5985));
#3061=AXIS2_PLACEMENT_3D('',#5986,#5987,#5988);
#3062=SURFACE_SIDE_STYLE('',(#5989));
#3063=EDGE_LOOP('',(#5990,#5991,#5992,#5993,#5994,#5995,#5996,#5997));
#3064=AXIS2_PLACEMENT_3D('',#5998,#5999,#6000);
#3065=SURFACE_SIDE_STYLE('',(#6001));
#3066=EDGE_LOOP('',(#6002,#6003,#6004,#6005));
#3067=AXIS2_PLACEMENT_3D('',#6006,#6007,#6008);
#3068=SURFACE_SIDE_STYLE('',(#6009));
#3069=EDGE_LOOP('',(#6010,#6011,#6012,#6013));
#3070=AXIS2_PLACEMENT_3D('',#6014,#6015,#6016);
#3071=SURFACE_SIDE_STYLE('',(#6017));
#3072=EDGE_LOOP('',(#6018,#6019,#6020,#6021,#6022,#6023));
#3073=AXIS2_PLACEMENT_3D('',#6024,#6025,#6026);
#3074=SURFACE_SIDE_STYLE('',(#6027));
#3075=EDGE_LOOP('',(#6028,#6029,#6030,#6031,#6032,#6033));
#3076=AXIS2_PLACEMENT_3D('',#6034,#6035,#6036);
#3077=SURFACE_SIDE_STYLE('',(#6037));
#3078=EDGE_LOOP('',(#6038,#6039,#6040,#6041));
#3079=EDGE_LOOP('',(#6042,#6043,#6044,#6045));
#3080=AXIS2_PLACEMENT_3D('',#6046,#6047,#6048);
#3081=SURFACE_SIDE_STYLE('',(#6049));
#3082=EDGE_LOOP('',(#6050,#6051,#6052,#6053));
#3083=EDGE_LOOP('',(#6054,#6055,#6056,#6057));
#3084=AXIS2_PLACEMENT_3D('',#6058,#6059,#6060);
#3085=SURFACE_SIDE_STYLE('',(#6061));
#3086=EDGE_LOOP('',(#6062,#6063,#6064,#6065,#6066,#6067,#6068,#6069));
#3087=AXIS2_PLACEMENT_3D('',#6070,#6071,#6072);
#3088=SURFACE_SIDE_STYLE('',(#6073));
#3089=EDGE_LOOP('',(#6074,#6075,#6076,#6077));
#3090=AXIS2_PLACEMENT_3D('',#6078,#6079,#6080);
#3091=SURFACE_SIDE_STYLE('',(#6081));
#3092=EDGE_LOOP('',(#6082,#6083,#6084,#6085));
#3093=AXIS2_PLACEMENT_3D('',#6086,#6087,#6088);
#3094=SURFACE_SIDE_STYLE('',(#6089));
#3095=EDGE_LOOP('',(#6090,#6091,#6092,#6093,#6094,#6095));
#3096=AXIS2_PLACEMENT_3D('',#6096,#6097,#6098);
#3097=SURFACE_SIDE_STYLE('',(#6099));
#3098=EDGE_LOOP('',(#6100,#6101,#6102,#6103));
#3099=AXIS2_PLACEMENT_3D('',#6104,#6105,#6106);
#3100=SURFACE_SIDE_STYLE('',(#6107));
#3101=EDGE_LOOP('',(#6108,#6109,#6110,#6111,#6112,#6113,#6114,#6115,#6116,#6117,#6118,#6119,#6120,#6121,#6122,#6123));
#3102=AXIS2_PLACEMENT_3D('',#6124,#6125,#6126);
#3103=SURFACE_SIDE_STYLE('',(#6127));
#3104=EDGE_LOOP('',(#6128,#6129,#6130,#6131));
#3105=AXIS2_PLACEMENT_3D('',#6132,#6133,#6134);
#3106=SURFACE_SIDE_STYLE('',(#6135));
#3107=EDGE_LOOP('',(#6136,#6137,#6138,#6139));
#3108=EDGE_LOOP('',(#6140,#6141,#6142,#6143));
#3109=EDGE_LOOP('',(#6144,#6145,#6146,#6147));
#3110=EDGE_LOOP('',(#6148,#6149));
#3111=EDGE_LOOP('',(#6150,#6151));
#3112=EDGE_LOOP('',(#6152,#6153,#6154,#6155,#6156,#6157,#6158,#6159,#6160,#6161,#6162,#6163,#6164));
#3113=AXIS2_PLACEMENT_3D('',#6165,#6166,#6167);
#3114=SURFACE_SIDE_STYLE('',(#6168));
#3115=EDGE_LOOP('',(#6169,#6170,#6171,#6172,#6173,#6174,#6175,#6176,#6177,#6178,#6179,#6180,#6181,#6182,#6183,#6184,#6185,#6186,#6187,#6188,#6189,#6190,#6191,#6192,#6193,#6194,#6195,#6196));
#3116=EDGE_LOOP('',(#6197,#6198,#6199,#6200));
#3117=AXIS2_PLACEMENT_3D('',#6201,#6202,#6203);
#3118=SURFACE_SIDE_STYLE('',(#6204));
#3119=EDGE_LOOP('',(#6205,#6206,#6207,#6208));
#3120=AXIS2_PLACEMENT_3D('',#6209,#6210,#6211);
#3121=SURFACE_SIDE_STYLE('',(#6212));
#3122=EDGE_LOOP('',(#6213,#6214,#6215,#6216,#6217,#6218));
#3123=EDGE_LOOP('',(#6219,#6220,#6221,#6222,#6223,#6224));
#3124=EDGE_LOOP('',(#6225,#6226,#6227,#6228));
#3125=AXIS2_PLACEMENT_3D('',#6229,#6230,#6231);
#3126=SURFACE_SIDE_STYLE('',(#6232));
#3127=EDGE_LOOP('',(#6233,#6234,#6235,#6236));
#3128=AXIS2_PLACEMENT_3D('',#6237,#6238,#6239);
#3129=SURFACE_SIDE_STYLE('',(#6240));
#3130=EDGE_LOOP('',(#6241,#6242,#6243,#6244,#6245,#6246,#6247,#6248,#6249,#6250,#6251,#6252,#6253,#6254,#6255,#6256));
#3131=AXIS2_PLACEMENT_3D('',#6257,#6258,#6259);
#3132=SURFACE_SIDE_STYLE('',(#6260));
#3133=EDGE_LOOP('',(#6261,#6262,#6263,#6264));
#3134=EDGE_LOOP('',(#6265,#6266,#6267,#6268));
#3135=EDGE_LOOP('',(#6269,#6270,#6271,#6272));
#3136=EDGE_LOOP('',(#6273,#6274));
#3137=EDGE_LOOP('',(#6275,#6276));
#3138=EDGE_LOOP('',(#6277,#6278,#6279,#6280,#6281,#6282,#6283,#6284,#6285,#6286,#6287,#6288,#6289));
#3139=AXIS2_PLACEMENT_3D('',#6290,#6291,#6292);
#3141=SURFACE_STYLE_FILL_AREA(#6293);
#3142=ORIENTED_EDGE('',*,*,#6294,.F.);
#3143=ORIENTED_EDGE('',*,*,#6295,.T.);
#3144=ORIENTED_EDGE('',*,*,#6296,.T.);
#3145=ORIENTED_EDGE('',*,*,#6297,.F.);
#3146=CARTESIAN_POINT('',(2.95,4.3,-16.5));
#3147=DIRECTION('',(0.0,0.0,1.0));
#3148=DIRECTION('',(1.0,0.0,0.0));
#3149=SURFACE_STYLE_FILL_AREA(#6298);
#3150=ORIENTED_EDGE('',*,*,#6299,.F.);
#3151=ORIENTED_EDGE('',*,*,#6300,.F.);
#3152=ORIENTED_EDGE('',*,*,#6301,.F.);
#3153=ORIENTED_EDGE('',*,*,#6302,.T.);
#3154=CARTESIAN_POINT('',(-2.95,4.3,-16.5));
#3155=DIRECTION('',(0.0,0.0,1.0));
#3156=DIRECTION('',(1.0,0.0,0.0));
#3157=SURFACE_STYLE_FILL_AREA(#6303);
#3158=ORIENTED_EDGE('',*,*,#6304,.F.);
#3159=ORIENTED_EDGE('',*,*,#6305,.T.);
#3160=ORIENTED_EDGE('',*,*,#6306,.T.);
#3161=ORIENTED_EDGE('',*,*,#6307,.F.);
#3162=CARTESIAN_POINT('',(2.95,8.3,-16.5));
#3163=DIRECTION('',(0.0,0.0,1.0));
#3164=DIRECTION('',(1.0,0.0,0.0));
#3165=SURFACE_STYLE_FILL_AREA(#6308);
#3166=ORIENTED_EDGE('',*,*,#6309,.F.);
#3167=ORIENTED_EDGE('',*,*,#6310,.F.);
#3168=ORIENTED_EDGE('',*,*,#6311,.F.);
#3169=ORIENTED_EDGE('',*,*,#6312,.T.);
#3170=CARTESIAN_POINT('',(-2.95,8.3,-16.5));
#3171=DIRECTION('',(0.0,0.0,1.0));
#3172=DIRECTION('',(1.0,0.0,0.0));
#3173=SURFACE_STYLE_FILL_AREA(#6313);
#3174=ORIENTED_EDGE('',*,*,#6314,.F.);
#3175=ORIENTED_EDGE('',*,*,#6315,.F.);
#3176=CARTESIAN_POINT('',(5.85,2.5,-13.7));
#3177=DIRECTION('',(0.0,0.0,1.0));
#3178=DIRECTION('',(1.0,0.0,0.0));
#3179=SURFACE_STYLE_FILL_AREA(#6316);
#3180=ORIENTED_EDGE('',*,*,#6317,.F.);
#3181=ORIENTED_EDGE('',*,*,#6318,.F.);
#3182=CARTESIAN_POINT('',(5.85,8.1,-13.7));
#3183=DIRECTION('',(0.0,0.0,1.0));
#3184=DIRECTION('',(1.0,0.0,0.0));
#3185=SURFACE_STYLE_FILL_AREA(#6319);
#3186=ORIENTED_EDGE('',*,*,#6320,.F.);
#3187=ORIENTED_EDGE('',*,*,#6321,.F.);
#3188=CARTESIAN_POINT('',(-5.85,2.5,-13.7));
#3189=DIRECTION('',(0.0,0.0,1.0));
#3190=DIRECTION('',(-1.0,1.22464679914735E-16,0.0));
#3191=SURFACE_STYLE_FILL_AREA(#6322);
#3192=ORIENTED_EDGE('',*,*,#6323,.F.);
#3193=ORIENTED_EDGE('',*,*,#6324,.F.);
#3194=CARTESIAN_POINT('',(-5.85,8.1,-13.7));
#3195=DIRECTION('',(0.0,0.0,1.0));
#3196=DIRECTION('',(-1.0,1.22464679914735E-16,0.0));
#3197=SURFACE_STYLE_FILL_AREA(#6325);
#3198=ORIENTED_EDGE('',*,*,#6326,.F.);
#3199=ORIENTED_EDGE('',*,*,#6327,.T.);
#3200=ORIENTED_EDGE('',*,*,#6328,.T.);
#3201=ORIENTED_EDGE('',*,*,#6329,.T.);
#3202=ORIENTED_EDGE('',*,*,#6330,.T.);
#3203=ORIENTED_EDGE('',*,*,#6331,.F.);
#3204=CARTESIAN_POINT('',(-4.7,6.34,-0.4));
#3205=DIRECTION('',(0.0,0.0,1.0));
#3206=DIRECTION('',(1.0,0.0,0.0));
#3207=SURFACE_STYLE_FILL_AREA(#6332);
#3208=ORIENTED_EDGE('',*,*,#6333,.F.);
#3209=ORIENTED_EDGE('',*,*,#6334,.T.);
#3210=ORIENTED_EDGE('',*,*,#6335,.T.);
#3211=ORIENTED_EDGE('',*,*,#6336,.F.);
#3212=CARTESIAN_POINT('',(-4.7,2.84,-0.4));
#3213=DIRECTION('',(0.0,0.0,1.0));
#3214=DIRECTION('',(1.0,0.0,0.0));
#3215=SURFACE_STYLE_FILL_AREA(#6337);
#3216=ORIENTED_EDGE('',*,*,#6338,.F.);
#3217=ORIENTED_EDGE('',*,*,#6339,.F.);
#3218=ORIENTED_EDGE('',*,*,#6340,.F.);
#3219=ORIENTED_EDGE('',*,*,#6341,.T.);
#3220=CARTESIAN_POINT('',(4.69999999087494,2.84,-0.4));
#3221=DIRECTION('',(0.0,0.0,1.0));
#3222=DIRECTION('',(1.0,0.0,0.0));
#3223=SURFACE_STYLE_FILL_AREA(#6342);
#3224=ORIENTED_EDGE('',*,*,#6343,.F.);
#3225=ORIENTED_EDGE('',*,*,#6344,.F.);
#3226=ORIENTED_EDGE('',*,*,#6345,.F.);
#3227=ORIENTED_EDGE('',*,*,#6346,.F.);
#3228=CARTESIAN_POINT('',(-6.35190572199955,-2.39494300968538,-12.4));
#3229=DIRECTION('',(0.0,0.0,1.0));
#3230=DIRECTION('',(1.0,0.0,0.0));
#3231=SURFACE_STYLE_FILL_AREA(#6347);
#3232=ORIENTED_EDGE('',*,*,#6348,.F.);
#3233=ORIENTED_EDGE('',*,*,#6349,.F.);
#3234=ORIENTED_EDGE('',*,*,#6350,.F.);
#3235=ORIENTED_EDGE('',*,*,#6351,.F.);
#3236=CARTESIAN_POINT('',(-6.34784591596503,-2.3951198516252,-12.4));
#3237=DIRECTION('',(0.0,0.0,1.0));
#3238=DIRECTION('',(1.0,0.0,0.0));
#3239=SURFACE_STYLE_FILL_AREA(#6352);
#3240=ORIENTED_EDGE('',*,*,#6353,.F.);
#3241=ORIENTED_EDGE('',*,*,#6354,.F.);
#3242=ORIENTED_EDGE('',*,*,#6355,.F.);
#3243=ORIENTED_EDGE('',*,*,#6356,.F.);
#3244=CARTESIAN_POINT('',(6.35190572199955,-2.39494300968538,-8.4));
#3245=DIRECTION('',(1.22464679914735E-16,0.0,-1.0));
#3246=DIRECTION('',(-1.0,0.0,-1.22464679914735E-16));
#3247=SURFACE_STYLE_FILL_AREA(#6357);
#3248=ORIENTED_EDGE('',*,*,#6358,.F.);
#3249=ORIENTED_EDGE('',*,*,#6359,.F.);
#3250=ORIENTED_EDGE('',*,*,#6360,.F.);
#3251=ORIENTED_EDGE('',*,*,#6361,.F.);
#3252=CARTESIAN_POINT('',(6.34784591596503,-2.3951198516252,-8.4));
#3253=DIRECTION('',(1.22464679914735E-16,0.0,-1.0));
#3254=DIRECTION('',(-1.0,0.0,-1.22464679914735E-16));
#3255=SURFACE_STYLE_FILL_AREA(#6362);
#3256=ORIENTED_EDGE('',*,*,#6363,.F.);
#3257=ORIENTED_EDGE('',*,*,#6364,.F.);
#3258=ORIENTED_EDGE('',*,*,#6365,.F.);
#3259=ORIENTED_EDGE('',*,*,#6366,.T.);
#3260=ORIENTED_EDGE('',*,*,#6367,.T.);
#3261=ORIENTED_EDGE('',*,*,#6368,.T.);
#3262=CARTESIAN_POINT('',(4.7,6.34,-0.4));
#3263=DIRECTION('',(0.0,0.0,1.0));
#3264=DIRECTION('',(1.0,0.0,0.0));
#3265=SURFACE_STYLE_FILL_AREA(#6369);
#3266=ORIENTED_EDGE('',*,*,#6328,.F.);
#3267=ORIENTED_EDGE('',*,*,#6370,.F.);
#3268=ORIENTED_EDGE('',*,*,#6371,.F.);
#3269=ORIENTED_EDGE('',*,*,#6372,.F.);
#3270=ORIENTED_EDGE('',*,*,#6373,.T.);
#3271=ORIENTED_EDGE('',*,*,#6374,.F.);
#3272=CARTESIAN_POINT('',(-4.5875,6.44,-9.1));
#3273=DIRECTION('',(-1.53134210293125E-15,1.0,0.0));
#3274=DIRECTION('',(-1.0,-1.53134210293125E-15,0.0));
#3275=SURFACE_STYLE_FILL_AREA(#6375);
#3276=ORIENTED_EDGE('',*,*,#6376,.F.);
#3277=ORIENTED_EDGE('',*,*,#6377,.F.);
#3278=ORIENTED_EDGE('',*,*,#6378,.F.);
#3279=ORIENTED_EDGE('',*,*,#6371,.T.);
#3280=CARTESIAN_POINT('',(-4.95,4.44,-9.1));
#3281=DIRECTION('',(-1.0,0.0,0.0));
#3282=DIRECTION('',(0.0,-1.0,0.0));
#3283=SURFACE_STYLE_FILL_AREA(#6379);
#3284=ORIENTED_EDGE('',*,*,#6380,.F.);
#3285=ORIENTED_EDGE('',*,*,#6381,.T.);
#3286=ORIENTED_EDGE('',*,*,#6382,.T.);
#3287=ORIENTED_EDGE('',*,*,#6383,.T.);
#3288=CARTESIAN_POINT('',(0.0,5.35,-0.300000000000001));
#3289=DIRECTION('',(0.0,0.0,1.0));
#3290=DIRECTION('',(1.0,0.0,0.0));
#3291=SURFACE_STYLE_FILL_AREA(#6384);
#3292=ORIENTED_EDGE('',*,*,#6385,.F.);
#3293=ORIENTED_EDGE('',*,*,#6386,.T.);
#3294=ORIENTED_EDGE('',*,*,#6387,.T.);
#3295=ORIENTED_EDGE('',*,*,#6388,.T.);
#3296=ORIENTED_EDGE('',*,*,#6389,.T.);
#3297=ORIENTED_EDGE('',*,*,#6390,.T.);
#3298=ORIENTED_EDGE('',*,*,#6391,.F.);
#3299=ORIENTED_EDGE('',*,*,#6392,.F.);
#3300=ORIENTED_EDGE('',*,*,#6393,.F.);
#3301=ORIENTED_EDGE('',*,*,#6394,.F.);
#3302=CARTESIAN_POINT('',(0.0,5.35,-0.300000000000001));
#3303=DIRECTION('',(0.0,0.0,1.0));
#3304=DIRECTION('',(1.0,0.0,0.0));
#3305=SURFACE_STYLE_FILL_AREA(#6395);
#3306=ORIENTED_EDGE('',*,*,#6366,.F.);
#3307=ORIENTED_EDGE('',*,*,#6396,.F.);
#3308=ORIENTED_EDGE('',*,*,#6397,.F.);
#3309=ORIENTED_EDGE('',*,*,#6398,.F.);
#3310=ORIENTED_EDGE('',*,*,#6399,.F.);
#3311=ORIENTED_EDGE('',*,*,#6400,.F.);
#3312=ORIENTED_EDGE('',*,*,#6401,.F.);
#3313=ORIENTED_EDGE('',*,*,#6402,.F.);
#3314=ORIENTED_EDGE('',*,*,#6329,.F.);
#3315=ORIENTED_EDGE('',*,*,#6374,.T.);
#3316=ORIENTED_EDGE('',*,*,#6403,.T.);
#3317=ORIENTED_EDGE('',*,*,#6404,.T.);
#3318=ORIENTED_EDGE('',*,*,#6405,.T.);
#3319=ORIENTED_EDGE('',*,*,#6406,.T.);
#3320=ORIENTED_EDGE('',*,*,#6407,.T.);
#3321=ORIENTED_EDGE('',*,*,#6408,.T.);
#3322=CARTESIAN_POINT('',(0.0,5.35,-0.300000000000001));
#3323=DIRECTION('',(0.0,0.0,1.0));
#3324=DIRECTION('',(1.0,0.0,0.0));
#3325=SURFACE_STYLE_FILL_AREA(#6409);
#3326=ORIENTED_EDGE('',*,*,#6410,.F.);
#3327=ORIENTED_EDGE('',*,*,#6411,.F.);
#3328=ORIENTED_EDGE('',*,*,#6412,.F.);
#3329=ORIENTED_EDGE('',*,*,#6413,.T.);
#3330=CARTESIAN_POINT('',(0.0,5.35,-15.89));
#3331=DIRECTION('',(0.0,0.0,1.0));
#3332=DIRECTION('',(1.0,0.0,0.0));
#3333=SURFACE_STYLE_FILL_AREA(#6414);
#3334=ORIENTED_EDGE('',*,*,#6415,.T.);
#3335=ORIENTED_EDGE('',*,*,#6416,.T.);
#3336=ORIENTED_EDGE('',*,*,#6417,.T.);
#3337=ORIENTED_EDGE('',*,*,#6418,.T.);
#3338=ORIENTED_EDGE('',*,*,#6419,.T.);
#3339=ORIENTED_EDGE('',*,*,#6420,.T.);
#3340=ORIENTED_EDGE('',*,*,#6421,.T.);
#3341=ORIENTED_EDGE('',*,*,#6422,.T.);
#3342=ORIENTED_EDGE('',*,*,#6423,.T.);
#3343=ORIENTED_EDGE('',*,*,#6424,.T.);
#3344=ORIENTED_EDGE('',*,*,#6425,.T.);
#3345=ORIENTED_EDGE('',*,*,#6426,.T.);
#3346=ORIENTED_EDGE('',*,*,#6427,.T.);
#3347=ORIENTED_EDGE('',*,*,#6428,.T.);
#3348=ORIENTED_EDGE('',*,*,#6429,.T.);
#3349=ORIENTED_EDGE('',*,*,#6430,.T.);
#3350=ORIENTED_EDGE('',*,*,#6431,.T.);
#3351=ORIENTED_EDGE('',*,*,#6432,.T.);
#3352=ORIENTED_EDGE('',*,*,#6433,.T.);
#3353=ORIENTED_EDGE('',*,*,#6434,.T.);
#3354=ORIENTED_EDGE('',*,*,#6435,.T.);
#3355=ORIENTED_EDGE('',*,*,#6436,.T.);
#3356=ORIENTED_EDGE('',*,*,#6437,.T.);
#3357=ORIENTED_EDGE('',*,*,#6438,.T.);
#3358=ORIENTED_EDGE('',*,*,#6439,.T.);
#3359=ORIENTED_EDGE('',*,*,#6440,.T.);
#3360=ORIENTED_EDGE('',*,*,#6441,.T.);
#3361=ORIENTED_EDGE('',*,*,#6442,.T.);
#3362=ORIENTED_EDGE('',*,*,#6443,.T.);
#3363=ORIENTED_EDGE('',*,*,#6444,.T.);
#3364=ORIENTED_EDGE('',*,*,#6445,.T.);
#3365=ORIENTED_EDGE('',*,*,#6446,.T.);
#3366=ORIENTED_EDGE('',*,*,#6447,.T.);
#3367=ORIENTED_EDGE('',*,*,#6448,.T.);
#3368=ORIENTED_EDGE('',*,*,#6449,.T.);
#3369=ORIENTED_EDGE('',*,*,#6450,.T.);
#3370=ORIENTED_EDGE('',*,*,#6451,.F.);
#3371=ORIENTED_EDGE('',*,*,#6452,.F.);
#3372=ORIENTED_EDGE('',*,*,#6453,.F.);
#3373=ORIENTED_EDGE('',*,*,#6454,.F.);
#3374=ORIENTED_EDGE('',*,*,#6455,.F.);
#3375=ORIENTED_EDGE('',*,*,#6456,.F.);
#3376=ORIENTED_EDGE('',*,*,#6457,.F.);
#3377=ORIENTED_EDGE('',*,*,#6458,.F.);
#3378=ORIENTED_EDGE('',*,*,#6459,.F.);
#3379=ORIENTED_EDGE('',*,*,#6460,.F.);
#3380=ORIENTED_EDGE('',*,*,#6461,.F.);
#3381=ORIENTED_EDGE('',*,*,#6462,.F.);
#3382=ORIENTED_EDGE('',*,*,#6463,.F.);
#3383=ORIENTED_EDGE('',*,*,#6464,.F.);
#3384=ORIENTED_EDGE('',*,*,#6465,.F.);
#3385=ORIENTED_EDGE('',*,*,#6466,.T.);
#3386=ORIENTED_EDGE('',*,*,#6467,.F.);
#3387=ORIENTED_EDGE('',*,*,#6468,.F.);
#3388=ORIENTED_EDGE('',*,*,#6413,.F.);
#3389=ORIENTED_EDGE('',*,*,#6469,.F.);
#3390=ORIENTED_EDGE('',*,*,#6470,.F.);
#3391=ORIENTED_EDGE('',*,*,#6471,.F.);
#3392=ORIENTED_EDGE('',*,*,#6472,.F.);
#3393=ORIENTED_EDGE('',*,*,#6473,.F.);
#3394=ORIENTED_EDGE('',*,*,#6474,.F.);
#3395=ORIENTED_EDGE('',*,*,#6475,.F.);
#3396=ORIENTED_EDGE('',*,*,#6476,.F.);
#3397=ORIENTED_EDGE('',*,*,#6477,.F.);
#3398=ORIENTED_EDGE('',*,*,#6478,.F.);
#3399=ORIENTED_EDGE('',*,*,#6479,.F.);
#3400=ORIENTED_EDGE('',*,*,#6480,.F.);
#3401=ORIENTED_EDGE('',*,*,#6481,.F.);
#3402=ORIENTED_EDGE('',*,*,#6482,.F.);
#3403=ORIENTED_EDGE('',*,*,#6483,.F.);
#3404=ORIENTED_EDGE('',*,*,#6484,.F.);
#3405=ORIENTED_EDGE('',*,*,#6485,.F.);
#3406=ORIENTED_EDGE('',*,*,#6486,.F.);
#3407=ORIENTED_EDGE('',*,*,#6487,.F.);
#3408=ORIENTED_EDGE('',*,*,#6382,.F.);
#3409=ORIENTED_EDGE('',*,*,#6488,.T.);
#3410=CARTESIAN_POINT('',(0.0,0.3,-8.095));
#3411=DIRECTION('',(0.0,1.0,0.0));
#3412=DIRECTION('',(0.0,0.0,1.0));
#3413=SURFACE_STYLE_FILL_AREA(#6489);
#3414=ORIENTED_EDGE('',*,*,#6490,.T.);
#3415=ORIENTED_EDGE('',*,*,#6491,.T.);
#3416=ORIENTED_EDGE('',*,*,#6492,.T.);
#3417=ORIENTED_EDGE('',*,*,#6493,.T.);
#3418=ORIENTED_EDGE('',*,*,#6494,.F.);
#3419=ORIENTED_EDGE('',*,*,#6495,.F.);
#3420=ORIENTED_EDGE('',*,*,#6496,.F.);
#3421=ORIENTED_EDGE('',*,*,#6497,.F.);
#3422=CARTESIAN_POINT('',(-5.74,5.35,-8.095));
#3423=DIRECTION('',(1.0,0.0,0.0));
#3424=DIRECTION('',(0.0,0.0,-1.0));
#3425=SURFACE_STYLE_FILL_AREA(#6498);
#3426=ORIENTED_EDGE('',*,*,#6499,.F.);
#3427=ORIENTED_EDGE('',*,*,#6500,.F.);
#3428=ORIENTED_EDGE('',*,*,#6501,.F.);
#3429=ORIENTED_EDGE('',*,*,#6502,.F.);
#3430=ORIENTED_EDGE('',*,*,#6503,.T.);
#3431=ORIENTED_EDGE('',*,*,#6504,.T.);
#3432=ORIENTED_EDGE('',*,*,#6505,.T.);
#3433=ORIENTED_EDGE('',*,*,#6506,.T.);
#3434=CARTESIAN_POINT('',(-5.74,5.35,-8.095));
#3435=DIRECTION('',(1.0,0.0,0.0));
#3436=DIRECTION('',(0.0,0.0,-1.0));
#3437=SURFACE_STYLE_FILL_AREA(#6507);
#3438=ORIENTED_EDGE('',*,*,#6508,.F.);
#3439=ORIENTED_EDGE('',*,*,#6509,.F.);
#3440=ORIENTED_EDGE('',*,*,#6510,.F.);
#3441=ORIENTED_EDGE('',*,*,#6511,.F.);
#3442=ORIENTED_EDGE('',*,*,#6466,.F.);
#3443=CARTESIAN_POINT('',(-5.74,5.35,-8.095));
#3444=DIRECTION('',(1.0,0.0,0.0));
#3445=DIRECTION('',(0.0,0.0,-1.0));
#3446=SURFACE_STYLE_FILL_AREA(#6512);
#3447=ORIENTED_EDGE('',*,*,#6513,.T.);
#3448=ORIENTED_EDGE('',*,*,#6514,.T.);
#3449=ORIENTED_EDGE('',*,*,#6515,.T.);
#3450=ORIENTED_EDGE('',*,*,#6516,.T.);
#3451=ORIENTED_EDGE('',*,*,#6517,.F.);
#3452=ORIENTED_EDGE('',*,*,#6518,.F.);
#3453=ORIENTED_EDGE('',*,*,#6519,.F.);
#3454=ORIENTED_EDGE('',*,*,#6520,.F.);
#3455=CARTESIAN_POINT('',(-5.74,5.35,-8.095));
#3456=DIRECTION('',(1.0,0.0,0.0));
#3457=DIRECTION('',(0.0,0.0,-1.0));
#3458=SURFACE_STYLE_FILL_AREA(#6521);
#3459=ORIENTED_EDGE('',*,*,#6522,.T.);
#3460=ORIENTED_EDGE('',*,*,#6523,.T.);
#3461=ORIENTED_EDGE('',*,*,#6524,.T.);
#3462=ORIENTED_EDGE('',*,*,#6525,.T.);
#3463=ORIENTED_EDGE('',*,*,#6526,.F.);
#3464=ORIENTED_EDGE('',*,*,#6527,.F.);
#3465=ORIENTED_EDGE('',*,*,#6528,.F.);
#3466=ORIENTED_EDGE('',*,*,#6529,.F.);
#3467=CARTESIAN_POINT('',(5.74,5.35,-8.095));
#3468=DIRECTION('',(-1.0,0.0,0.0));
#3469=DIRECTION('',(0.0,0.0,1.0));
#3470=SURFACE_STYLE_FILL_AREA(#6530);
#3471=ORIENTED_EDGE('',*,*,#6531,.F.);
#3472=ORIENTED_EDGE('',*,*,#6532,.F.);
#3473=ORIENTED_EDGE('',*,*,#6533,.F.);
#3474=ORIENTED_EDGE('',*,*,#6534,.F.);
#3475=ORIENTED_EDGE('',*,*,#6535,.T.);
#3476=ORIENTED_EDGE('',*,*,#6536,.T.);
#3477=ORIENTED_EDGE('',*,*,#6537,.T.);
#3478=ORIENTED_EDGE('',*,*,#6538,.T.);
#3479=CARTESIAN_POINT('',(5.74,5.35,-8.095));
#3480=DIRECTION('',(-1.0,0.0,0.0));
#3481=DIRECTION('',(0.0,0.0,1.0));
#3482=SURFACE_STYLE_FILL_AREA(#6539);
#3483=ORIENTED_EDGE('',*,*,#6540,.F.);
#3484=ORIENTED_EDGE('',*,*,#6471,.T.);
#3485=ORIENTED_EDGE('',*,*,#6541,.F.);
#3486=ORIENTED_EDGE('',*,*,#6542,.F.);
#3487=ORIENTED_EDGE('',*,*,#6543,.F.);
#3488=CARTESIAN_POINT('',(5.74,5.35,-8.095));
#3489=DIRECTION('',(-1.0,0.0,0.0));
#3490=DIRECTION('',(0.0,0.0,1.0));
#3491=SURFACE_STYLE_FILL_AREA(#6544);
#3492=ORIENTED_EDGE('',*,*,#6545,.T.);
#3493=ORIENTED_EDGE('',*,*,#6546,.T.);
#3494=ORIENTED_EDGE('',*,*,#6547,.T.);
#3495=ORIENTED_EDGE('',*,*,#6548,.T.);
#3496=ORIENTED_EDGE('',*,*,#6549,.F.);
#3497=ORIENTED_EDGE('',*,*,#6550,.F.);
#3498=ORIENTED_EDGE('',*,*,#6551,.F.);
#3499=ORIENTED_EDGE('',*,*,#6552,.F.);
#3500=CARTESIAN_POINT('',(5.74,5.35,-8.095));
#3501=DIRECTION('',(-1.0,0.0,0.0));
#3502=DIRECTION('',(0.0,0.0,1.0));
#3503=SURFACE_STYLE_FILL_AREA(#6553);
#3504=ORIENTED_EDGE('',*,*,#6448,.F.);
#3505=ORIENTED_EDGE('',*,*,#6554,.F.);
#3506=ORIENTED_EDGE('',*,*,#6555,.F.);
#3507=ORIENTED_EDGE('',*,*,#6556,.F.);
#3508=ORIENTED_EDGE('',*,*,#6557,.T.);
#3509=ORIENTED_EDGE('',*,*,#6558,.T.);
#3510=CARTESIAN_POINT('',(1.25,-0.652654187657769,-15.225));
#3511=DIRECTION('',(0.0,0.0,1.0));
#3512=DIRECTION('',(1.0,0.0,0.0));
#3513=SURFACE_STYLE_FILL_AREA(#6559);
#3514=ORIENTED_EDGE('',*,*,#6447,.F.);
#3515=ORIENTED_EDGE('',*,*,#6560,.T.);
#3516=ORIENTED_EDGE('',*,*,#6561,.F.);
#3517=ORIENTED_EDGE('',*,*,#6554,.T.);
#3518=CARTESIAN_POINT('',(1.56,-0.2520609464614,-15.225));
#3519=DIRECTION('',(1.0,0.0,0.0));
#3520=DIRECTION('',(0.0,1.0,0.0));
#3521=SURFACE_STYLE_FILL_AREA(#6562);
#3522=ORIENTED_EDGE('',*,*,#6563,.T.);
#3523=ORIENTED_EDGE('',*,*,#6564,.F.);
#3524=ORIENTED_EDGE('',*,*,#6557,.F.);
#3525=ORIENTED_EDGE('',*,*,#6565,.T.);
#3526=CARTESIAN_POINT('',(0.995,-2.7520609464614,-15.225));
#3527=DIRECTION('',(-0.992546151641322,-0.121869343405148,0.0));
#3528=DIRECTION('',(0.121869343405148,-0.992546151641322,0.0));
#3529=SURFACE_STYLE_FILL_AREA(#6566);
#3530=ORIENTED_EDGE('',*,*,#6449,.F.);
#3531=ORIENTED_EDGE('',*,*,#6558,.F.);
#3532=ORIENTED_EDGE('',*,*,#6564,.T.);
#3533=ORIENTED_EDGE('',*,*,#6567,.T.);
#3534=CARTESIAN_POINT('',(0.94,-0.252060946461397,-15.225));
#3535=DIRECTION('',(-1.0,-0.0,0.0));
#3536=DIRECTION('',(0.0,-1.0,-0.0));
#3537=SURFACE_STYLE_FILL_AREA(#6568);
#3538=ORIENTED_EDGE('',*,*,#6569,.T.);
#3539=ORIENTED_EDGE('',*,*,#6570,.F.);
#3540=ORIENTED_EDGE('',*,*,#6555,.T.);
#3541=ORIENTED_EDGE('',*,*,#6561,.T.);
#3542=CARTESIAN_POINT('',(1.505,-2.7520609464614,-15.225));
#3543=DIRECTION('',(0.992546151641322,-0.121869343405148,0.0));
#3544=DIRECTION('',(0.121869343405148,0.992546151641322,0.0));
#3545=SURFACE_STYLE_FILL_AREA(#6571);
#3546=ORIENTED_EDGE('',*,*,#6572,.T.);
#3547=ORIENTED_EDGE('',*,*,#6565,.F.);
#3548=ORIENTED_EDGE('',*,*,#6556,.T.);
#3549=ORIENTED_EDGE('',*,*,#6570,.T.);
#3550=CARTESIAN_POINT('',(1.25,-3.2,-15.225));
#3551=DIRECTION('',(0.0,-1.0,0.0));
#3552=DIRECTION('',(1.0,0.0,0.0));
#3553=SURFACE_STYLE_FILL_AREA(#6573);
#3554=ORIENTED_EDGE('',*,*,#6450,.F.);
#3555=ORIENTED_EDGE('',*,*,#6567,.F.);
#3556=ORIENTED_EDGE('',*,*,#6563,.F.);
#3557=ORIENTED_EDGE('',*,*,#6572,.F.);
#3558=ORIENTED_EDGE('',*,*,#6569,.F.);
#3559=ORIENTED_EDGE('',*,*,#6560,.F.);
#3560=CARTESIAN_POINT('',(1.25,-0.652654187657769,-14.975));
#3561=DIRECTION('',(0.0,0.0,1.0));
#3562=DIRECTION('',(1.0,0.0,0.0));
#3563=SURFACE_STYLE_FILL_AREA(#6574);
#3564=ORIENTED_EDGE('',*,*,#6444,.F.);
#3565=ORIENTED_EDGE('',*,*,#6575,.F.);
#3566=ORIENTED_EDGE('',*,*,#6576,.F.);
#3567=ORIENTED_EDGE('',*,*,#6577,.F.);
#3568=ORIENTED_EDGE('',*,*,#6578,.T.);
#3569=ORIENTED_EDGE('',*,*,#6579,.T.);
#3570=CARTESIAN_POINT('',(-1.25,-0.652654187657769,-15.225));
#3571=DIRECTION('',(0.0,0.0,1.0));
#3572=DIRECTION('',(1.0,0.0,0.0));
#3573=SURFACE_STYLE_FILL_AREA(#6580);
#3574=ORIENTED_EDGE('',*,*,#6443,.F.);
#3575=ORIENTED_EDGE('',*,*,#6581,.T.);
#3576=ORIENTED_EDGE('',*,*,#6582,.F.);
#3577=ORIENTED_EDGE('',*,*,#6575,.T.);
#3578=CARTESIAN_POINT('',(-0.94,-0.2520609464614,-15.225));
#3579=DIRECTION('',(1.0,0.0,0.0));
#3580=DIRECTION('',(0.0,1.0,0.0));
#3581=SURFACE_STYLE_FILL_AREA(#6583);
#3582=ORIENTED_EDGE('',*,*,#6584,.T.);
#3583=ORIENTED_EDGE('',*,*,#6585,.F.);
#3584=ORIENTED_EDGE('',*,*,#6578,.F.);
#3585=ORIENTED_EDGE('',*,*,#6586,.T.);
#3586=CARTESIAN_POINT('',(-1.505,-2.7520609464614,-15.225));
#3587=DIRECTION('',(-0.992546151641322,-0.121869343405148,0.0));
#3588=DIRECTION('',(0.121869343405148,-0.992546151641322,0.0));
#3589=SURFACE_STYLE_FILL_AREA(#6587);
#3590=ORIENTED_EDGE('',*,*,#6445,.F.);
#3591=ORIENTED_EDGE('',*,*,#6579,.F.);
#3592=ORIENTED_EDGE('',*,*,#6585,.T.);
#3593=ORIENTED_EDGE('',*,*,#6588,.T.);
#3594=CARTESIAN_POINT('',(-1.56,-0.252060946461397,-15.225));
#3595=DIRECTION('',(-1.0,-0.0,0.0));
#3596=DIRECTION('',(0.0,-1.0,-0.0));
#3597=SURFACE_STYLE_FILL_AREA(#6589);
#3598=ORIENTED_EDGE('',*,*,#6590,.T.);
#3599=ORIENTED_EDGE('',*,*,#6591,.F.);
#3600=ORIENTED_EDGE('',*,*,#6576,.T.);
#3601=ORIENTED_EDGE('',*,*,#6582,.T.);
#3602=CARTESIAN_POINT('',(-0.995,-2.7520609464614,-15.225));
#3603=DIRECTION('',(0.992546151641322,-0.121869343405148,0.0));
#3604=DIRECTION('',(0.121869343405148,0.992546151641322,0.0));
#3605=SURFACE_STYLE_FILL_AREA(#6592);
#3606=ORIENTED_EDGE('',*,*,#6593,.T.);
#3607=ORIENTED_EDGE('',*,*,#6586,.F.);
#3608=ORIENTED_EDGE('',*,*,#6577,.T.);
#3609=ORIENTED_EDGE('',*,*,#6591,.T.);
#3610=CARTESIAN_POINT('',(-1.25,-3.2,-15.225));
#3611=DIRECTION('',(0.0,-1.0,0.0));
#3612=DIRECTION('',(1.0,0.0,0.0));
#3613=SURFACE_STYLE_FILL_AREA(#6594);
#3614=ORIENTED_EDGE('',*,*,#6446,.F.);
#3615=ORIENTED_EDGE('',*,*,#6588,.F.);
#3616=ORIENTED_EDGE('',*,*,#6584,.F.);
#3617=ORIENTED_EDGE('',*,*,#6593,.F.);
#3618=ORIENTED_EDGE('',*,*,#6590,.F.);
#3619=ORIENTED_EDGE('',*,*,#6581,.F.);
#3620=CARTESIAN_POINT('',(-1.25,-0.652654187657769,-14.975));
#3621=DIRECTION('',(0.0,0.0,1.0));
#3622=DIRECTION('',(1.0,0.0,0.0));
#3623=SURFACE_STYLE_FILL_AREA(#6595);
#3624=ORIENTED_EDGE('',*,*,#6440,.F.);
#3625=ORIENTED_EDGE('',*,*,#6596,.F.);
#3626=ORIENTED_EDGE('',*,*,#6597,.F.);
#3627=ORIENTED_EDGE('',*,*,#6598,.F.);
#3628=ORIENTED_EDGE('',*,*,#6599,.T.);
#3629=ORIENTED_EDGE('',*,*,#6600,.T.);
#3630=CARTESIAN_POINT('',(1.25,-0.652654187657769,-13.225));
#3631=DIRECTION('',(0.0,0.0,1.0));
#3632=DIRECTION('',(1.0,0.0,0.0));
#3633=SURFACE_STYLE_FILL_AREA(#6601);
#3634=ORIENTED_EDGE('',*,*,#6439,.F.);
#3635=ORIENTED_EDGE('',*,*,#6602,.T.);
#3636=ORIENTED_EDGE('',*,*,#6603,.F.);
#3637=ORIENTED_EDGE('',*,*,#6596,.T.);
#3638=CARTESIAN_POINT('',(1.56,-0.2520609464614,-13.225));
#3639=DIRECTION('',(1.0,0.0,0.0));
#3640=DIRECTION('',(0.0,1.0,0.0));
#3641=SURFACE_STYLE_FILL_AREA(#6604);
#3642=ORIENTED_EDGE('',*,*,#6605,.T.);
#3643=ORIENTED_EDGE('',*,*,#6606,.F.);
#3644=ORIENTED_EDGE('',*,*,#6599,.F.);
#3645=ORIENTED_EDGE('',*,*,#6607,.T.);
#3646=CARTESIAN_POINT('',(0.995,-2.7520609464614,-13.225));
#3647=DIRECTION('',(-0.992546151641322,-0.121869343405148,0.0));
#3648=DIRECTION('',(0.121869343405148,-0.992546151641322,0.0));
#3649=SURFACE_STYLE_FILL_AREA(#6608);
#3650=ORIENTED_EDGE('',*,*,#6441,.F.);
#3651=ORIENTED_EDGE('',*,*,#6600,.F.);
#3652=ORIENTED_EDGE('',*,*,#6606,.T.);
#3653=ORIENTED_EDGE('',*,*,#6609,.T.);
#3654=CARTESIAN_POINT('',(0.94,-0.252060946461397,-13.225));
#3655=DIRECTION('',(-1.0,-0.0,0.0));
#3656=DIRECTION('',(0.0,-1.0,-0.0));
#3657=SURFACE_STYLE_FILL_AREA(#6610);
#3658=ORIENTED_EDGE('',*,*,#6611,.T.);
#3659=ORIENTED_EDGE('',*,*,#6612,.F.);
#3660=ORIENTED_EDGE('',*,*,#6597,.T.);
#3661=ORIENTED_EDGE('',*,*,#6603,.T.);
#3662=CARTESIAN_POINT('',(1.505,-2.7520609464614,-13.225));
#3663=DIRECTION('',(0.992546151641322,-0.121869343405148,0.0));
#3664=DIRECTION('',(0.121869343405148,0.992546151641322,0.0));
#3665=SURFACE_STYLE_FILL_AREA(#6613);
#3666=ORIENTED_EDGE('',*,*,#6614,.T.);
#3667=ORIENTED_EDGE('',*,*,#6607,.F.);
#3668=ORIENTED_EDGE('',*,*,#6598,.T.);
#3669=ORIENTED_EDGE('',*,*,#6612,.T.);
#3670=CARTESIAN_POINT('',(1.25,-3.2,-13.225));
#3671=DIRECTION('',(0.0,-1.0,0.0));
#3672=DIRECTION('',(1.0,0.0,0.0));
#3673=SURFACE_STYLE_FILL_AREA(#6615);
#3674=ORIENTED_EDGE('',*,*,#6442,.F.);
#3675=ORIENTED_EDGE('',*,*,#6609,.F.);
#3676=ORIENTED_EDGE('',*,*,#6605,.F.);
#3677=ORIENTED_EDGE('',*,*,#6614,.F.);
#3678=ORIENTED_EDGE('',*,*,#6611,.F.);
#3679=ORIENTED_EDGE('',*,*,#6602,.F.);
#3680=CARTESIAN_POINT('',(1.25,-0.652654187657769,-12.975));
#3681=DIRECTION('',(0.0,0.0,1.0));
#3682=DIRECTION('',(1.0,0.0,0.0));
#3683=SURFACE_STYLE_FILL_AREA(#6616);
#3684=ORIENTED_EDGE('',*,*,#6436,.F.);
#3685=ORIENTED_EDGE('',*,*,#6617,.F.);
#3686=ORIENTED_EDGE('',*,*,#6618,.F.);
#3687=ORIENTED_EDGE('',*,*,#6619,.F.);
#3688=ORIENTED_EDGE('',*,*,#6620,.T.);
#3689=ORIENTED_EDGE('',*,*,#6621,.T.);
#3690=CARTESIAN_POINT('',(-1.25,-0.652654187657769,-13.225));
#3691=DIRECTION('',(0.0,0.0,1.0));
#3692=DIRECTION('',(1.0,0.0,0.0));
#3693=SURFACE_STYLE_FILL_AREA(#6622);
#3694=ORIENTED_EDGE('',*,*,#6435,.F.);
#3695=ORIENTED_EDGE('',*,*,#6623,.T.);
#3696=ORIENTED_EDGE('',*,*,#6624,.F.);
#3697=ORIENTED_EDGE('',*,*,#6617,.T.);
#3698=CARTESIAN_POINT('',(-0.94,-0.2520609464614,-13.225));
#3699=DIRECTION('',(1.0,0.0,0.0));
#3700=DIRECTION('',(0.0,1.0,0.0));
#3701=SURFACE_STYLE_FILL_AREA(#6625);
#3702=ORIENTED_EDGE('',*,*,#6626,.T.);
#3703=ORIENTED_EDGE('',*,*,#6627,.F.);
#3704=ORIENTED_EDGE('',*,*,#6620,.F.);
#3705=ORIENTED_EDGE('',*,*,#6628,.T.);
#3706=CARTESIAN_POINT('',(-1.505,-2.7520609464614,-13.225));
#3707=DIRECTION('',(-0.992546151641322,-0.121869343405148,0.0));
#3708=DIRECTION('',(0.121869343405148,-0.992546151641322,0.0));
#3709=SURFACE_STYLE_FILL_AREA(#6629);
#3710=ORIENTED_EDGE('',*,*,#6437,.F.);
#3711=ORIENTED_EDGE('',*,*,#6621,.F.);
#3712=ORIENTED_EDGE('',*,*,#6627,.T.);
#3713=ORIENTED_EDGE('',*,*,#6630,.T.);
#3714=CARTESIAN_POINT('',(-1.56,-0.252060946461397,-13.225));
#3715=DIRECTION('',(-1.0,-0.0,0.0));
#3716=DIRECTION('',(0.0,-1.0,-0.0));
#3717=SURFACE_STYLE_FILL_AREA(#6631);
#3718=ORIENTED_EDGE('',*,*,#6632,.T.);
#3719=ORIENTED_EDGE('',*,*,#6633,.F.);
#3720=ORIENTED_EDGE('',*,*,#6618,.T.);
#3721=ORIENTED_EDGE('',*,*,#6624,.T.);
#3722=CARTESIAN_POINT('',(-0.995,-2.7520609464614,-13.225));
#3723=DIRECTION('',(0.992546151641322,-0.121869343405148,0.0));
#3724=DIRECTION('',(0.121869343405148,0.992546151641322,0.0));
#3725=SURFACE_STYLE_FILL_AREA(#6634);
#3726=ORIENTED_EDGE('',*,*,#6635,.T.);
#3727=ORIENTED_EDGE('',*,*,#6628,.F.);
#3728=ORIENTED_EDGE('',*,*,#6619,.T.);
#3729=ORIENTED_EDGE('',*,*,#6633,.T.);
#3730=CARTESIAN_POINT('',(-1.25,-3.2,-13.225));
#3731=DIRECTION('',(0.0,-1.0,0.0));
#3732=DIRECTION('',(1.0,0.0,0.0));
#3733=SURFACE_STYLE_FILL_AREA(#6636);
#3734=ORIENTED_EDGE('',*,*,#6438,.F.);
#3735=ORIENTED_EDGE('',*,*,#6630,.F.);
#3736=ORIENTED_EDGE('',*,*,#6626,.F.);
#3737=ORIENTED_EDGE('',*,*,#6635,.F.);
#3738=ORIENTED_EDGE('',*,*,#6632,.F.);
#3739=ORIENTED_EDGE('',*,*,#6623,.F.);
#3740=CARTESIAN_POINT('',(-1.25,-0.652654187657769,-12.975));
#3741=DIRECTION('',(0.0,0.0,1.0));
#3742=DIRECTION('',(1.0,0.0,0.0));
#3743=SURFACE_STYLE_FILL_AREA(#6637);
#3744=ORIENTED_EDGE('',*,*,#6638,.F.);
#3745=ORIENTED_EDGE('',*,*,#6639,.T.);
#3746=ORIENTED_EDGE('',*,*,#6640,.F.);
#3747=ORIENTED_EDGE('',*,*,#6641,.T.);
#3748=CARTESIAN_POINT('',(1.85,7.02841408607132,-2.89336412122391));
#3749=DIRECTION('',(-1.36784242479296E-16,-0.873656344285281,-0.486543515104331));
#3750=DIRECTION('',(-6.08837356265475E-18,-0.486543515104331,0.873656344285281));
#3751=SURFACE_STYLE_FILL_AREA(#6642);
#3752=ORIENTED_EDGE('',*,*,#6643,.F.);
#3753=ORIENTED_EDGE('',*,*,#6641,.F.);
#3754=ORIENTED_EDGE('',*,*,#6644,.T.);
#3755=ORIENTED_EDGE('',*,*,#6645,.F.);
#3756=ORIENTED_EDGE('',*,*,#6646,.F.);
#3757=ORIENTED_EDGE('',*,*,#6647,.F.);
#3758=ORIENTED_EDGE('',*,*,#6648,.F.);
#3759=ORIENTED_EDGE('',*,*,#6649,.F.);
#3760=CARTESIAN_POINT('',(1.85,6.96413338003566,-4.27804165730568));
#3761=DIRECTION('',(-1.0,1.22464679914735E-16,6.12323399573676E-17));
#3762=DIRECTION('',(-6.12323399573676E-17,7.49879891330929E-33,-1.0));
#3763=SURFACE_STYLE_FILL_AREA(#6650);
#3764=ORIENTED_EDGE('',*,*,#6651,.F.);
#3765=ORIENTED_EDGE('',*,*,#6645,.T.);
#3766=ORIENTED_EDGE('',*,*,#6652,.T.);
#3767=ORIENTED_EDGE('',*,*,#6653,.T.);
#3768=CARTESIAN_POINT('',(1.85,6.75548807922447,-5.71326166853413));
#3769=DIRECTION('',(-8.85212322346674E-17,-0.919442709375051,0.393223987285955));
#3770=DIRECTION('',(1.04455678289547E-16,0.393223987285955,0.919442709375051));
#3771=SURFACE_STYLE_FILL_AREA(#6654);
#3772=ORIENTED_EDGE('',*,*,#6655,.F.);
#3773=ORIENTED_EDGE('',*,*,#6656,.T.);
#3774=ORIENTED_EDGE('',*,*,#6657,.F.);
#3775=ORIENTED_EDGE('',*,*,#6647,.T.);
#3776=CARTESIAN_POINT('',(1.85,6.99710066980087,-5.76397932128521));
#3777=DIRECTION('',(8.8045840446349E-17,0.917647046621385,-0.397396398860194));
#3778=DIRECTION('',(-1.04856698705277E-16,-0.397396398860194,-0.917647046621385));
#3779=SURFACE_STYLE_FILL_AREA(#6658);
#3780=ORIENTED_EDGE('',*,*,#6659,.T.);
#3781=ORIENTED_EDGE('',*,*,#6660,.F.);
#3782=ORIENTED_EDGE('',*,*,#6648,.T.);
#3783=ORIENTED_EDGE('',*,*,#6657,.T.);
#3784=CARTESIAN_POINT('',(1.85,7.00000000000001,-3.87));
#3785=DIRECTION('',(-1.0,1.22464679914735E-16,6.12323399573676E-17));
#3786=DIRECTION('',(-6.12323399573676E-17,7.49879891330929E-33,-1.0));
#3787=SURFACE_STYLE_FILL_AREA(#6661);
#3788=ORIENTED_EDGE('',*,*,#6662,.F.);
#3789=ORIENTED_EDGE('',*,*,#6649,.T.);
#3790=ORIENTED_EDGE('',*,*,#6660,.T.);
#3791=ORIENTED_EDGE('',*,*,#6663,.T.);
#3792=CARTESIAN_POINT('',(1.85,7.2588347579663,-2.82590729910197));
#3793=DIRECTION('',(1.36631756065208E-16,0.863559354576795,0.504247202394728));
#3794=DIRECTION('',(8.87471226635979E-18,0.504247202394728,-0.863559354576795));
#3795=SURFACE_STYLE_FILL_AREA(#6664);
#3796=ORIENTED_EDGE('',*,*,#6665,.T.);
#3797=ORIENTED_EDGE('',*,*,#6652,.F.);
#3798=ORIENTED_EDGE('',*,*,#6644,.F.);
#3799=ORIENTED_EDGE('',*,*,#6640,.T.);
#3800=CARTESIAN_POINT('',(1.85,7.0,-3.87));
#3801=DIRECTION('',(-1.0,1.22464679914735E-16,6.12323399573676E-17));
#3802=DIRECTION('',(-6.12323399573676E-17,7.49879891330929E-33,-1.0));
#3803=SURFACE_STYLE_FILL_AREA(#6666);
#3804=ORIENTED_EDGE('',*,*,#6667,.F.);
#3805=ORIENTED_EDGE('',*,*,#6663,.F.);
#3806=ORIENTED_EDGE('',*,*,#6659,.F.);
#3807=ORIENTED_EDGE('',*,*,#6656,.F.);
#3808=ORIENTED_EDGE('',*,*,#6668,.F.);
#3809=ORIENTED_EDGE('',*,*,#6653,.F.);
#3810=ORIENTED_EDGE('',*,*,#6665,.F.);
#3811=ORIENTED_EDGE('',*,*,#6639,.F.);
#3812=CARTESIAN_POINT('',(0.65,6.96413338003566,-4.27804165730568));
#3813=DIRECTION('',(-1.0,1.22464679914735E-16,6.12323399573676E-17));
#3814=DIRECTION('',(-6.12323399573676E-17,7.49879891330929E-33,-1.0));
#3815=SURFACE_STYLE_FILL_AREA(#6669);
#3816=ORIENTED_EDGE('',*,*,#6670,.T.);
#3817=ORIENTED_EDGE('',*,*,#6671,.T.);
#3818=ORIENTED_EDGE('',*,*,#6672,.T.);
#3819=ORIENTED_EDGE('',*,*,#6673,.T.);
#3820=ORIENTED_EDGE('',*,*,#6674,.T.);
#3821=ORIENTED_EDGE('',*,*,#6675,.T.);
#3822=ORIENTED_EDGE('',*,*,#6676,.T.);
#3823=ORIENTED_EDGE('',*,*,#6677,.T.);
#3824=ORIENTED_EDGE('',*,*,#6678,.F.);
#3825=ORIENTED_EDGE('',*,*,#6679,.F.);
#3826=ORIENTED_EDGE('',*,*,#6680,.T.);
#3827=ORIENTED_EDGE('',*,*,#6681,.T.);
#3828=ORIENTED_EDGE('',*,*,#6651,.T.);
#3829=ORIENTED_EDGE('',*,*,#6668,.T.);
#3830=ORIENTED_EDGE('',*,*,#6655,.T.);
#3831=ORIENTED_EDGE('',*,*,#6646,.T.);
#3832=ORIENTED_EDGE('',*,*,#6638,.T.);
#3833=ORIENTED_EDGE('',*,*,#6643,.T.);
#3834=ORIENTED_EDGE('',*,*,#6662,.T.);
#3835=ORIENTED_EDGE('',*,*,#6667,.T.);
#3836=CARTESIAN_POINT('',(-2.8,6.98,-5.25));
#3837=DIRECTION('',(0.0,1.0,0.0));
#3838=DIRECTION('',(-6.12323399573676E-17,0.0,1.0));
#3839=SURFACE_STYLE_FILL_AREA(#6682);
#3840=ORIENTED_EDGE('',*,*,#6670,.F.);
#3841=ORIENTED_EDGE('',*,*,#6683,.T.);
#3842=ORIENTED_EDGE('',*,*,#6684,.F.);
#3843=ORIENTED_EDGE('',*,*,#6685,.T.);
#3844=CARTESIAN_POINT('',(-0.65,7.02841408607132,-2.89336412122391));
#3845=DIRECTION('',(-1.36784242479296E-16,-0.873656344285281,-0.486543515104331));
#3846=DIRECTION('',(-6.08837356265475E-18,-0.486543515104331,0.873656344285281));
#3847=SURFACE_STYLE_FILL_AREA(#6686);
#3848=ORIENTED_EDGE('',*,*,#6671,.F.);
#3849=ORIENTED_EDGE('',*,*,#6685,.F.);
#3850=ORIENTED_EDGE('',*,*,#6687,.T.);
#3851=ORIENTED_EDGE('',*,*,#6688,.F.);
#3852=ORIENTED_EDGE('',*,*,#6677,.F.);
#3853=ORIENTED_EDGE('',*,*,#6689,.F.);
#3854=ORIENTED_EDGE('',*,*,#6690,.F.);
#3855=ORIENTED_EDGE('',*,*,#6691,.F.);
#3856=CARTESIAN_POINT('',(-0.65,6.96413338003566,-4.27804165730568));
#3857=DIRECTION('',(-1.0,1.22464679914735E-16,6.12323399573676E-17));
#3858=DIRECTION('',(-6.12323399573676E-17,7.49879891330929E-33,-1.0));
#3859=SURFACE_STYLE_FILL_AREA(#6692);
#3860=ORIENTED_EDGE('',*,*,#6674,.F.);
#3861=ORIENTED_EDGE('',*,*,#6688,.T.);
#3862=ORIENTED_EDGE('',*,*,#6693,.T.);
#3863=ORIENTED_EDGE('',*,*,#6694,.T.);
#3864=CARTESIAN_POINT('',(-0.65,6.75548807922447,-5.71326166853413));
#3865=DIRECTION('',(-8.85212322346674E-17,-0.919442709375051,0.393223987285955));
#3866=DIRECTION('',(1.04455678289547E-16,0.393223987285955,0.919442709375051));
#3867=SURFACE_STYLE_FILL_AREA(#6695);
#3868=ORIENTED_EDGE('',*,*,#6676,.F.);
#3869=ORIENTED_EDGE('',*,*,#6696,.T.);
#3870=ORIENTED_EDGE('',*,*,#6697,.F.);
#3871=ORIENTED_EDGE('',*,*,#6689,.T.);
#3872=CARTESIAN_POINT('',(-0.65,6.99710066980086,-5.76397932128521));
#3873=DIRECTION('',(8.8045840446349E-17,0.917647046621385,-0.397396398860194));
#3874=DIRECTION('',(-1.04856698705277E-16,-0.397396398860194,-0.917647046621385));
#3875=SURFACE_STYLE_FILL_AREA(#6698);
#3876=ORIENTED_EDGE('',*,*,#6699,.T.);
#3877=ORIENTED_EDGE('',*,*,#6700,.F.);
#3878=ORIENTED_EDGE('',*,*,#6690,.T.);
#3879=ORIENTED_EDGE('',*,*,#6697,.T.);
#3880=CARTESIAN_POINT('',(-0.65,7.00000000000001,-3.87));
#3881=DIRECTION('',(-1.0,1.22464679914735E-16,6.12323399573676E-17));
#3882=DIRECTION('',(-6.12323399573676E-17,7.49879891330929E-33,-1.0));
#3883=SURFACE_STYLE_FILL_AREA(#6701);
#3884=ORIENTED_EDGE('',*,*,#6672,.F.);
#3885=ORIENTED_EDGE('',*,*,#6691,.T.);
#3886=ORIENTED_EDGE('',*,*,#6700,.T.);
#3887=ORIENTED_EDGE('',*,*,#6702,.T.);
#3888=CARTESIAN_POINT('',(-0.65,7.2588347579663,-2.82590729910197));
#3889=DIRECTION('',(1.36631756065208E-16,0.863559354576795,0.504247202394728));
#3890=DIRECTION('',(8.87471226635979E-18,0.504247202394728,-0.863559354576795));
#3891=SURFACE_STYLE_FILL_AREA(#6703);
#3892=ORIENTED_EDGE('',*,*,#6704,.T.);
#3893=ORIENTED_EDGE('',*,*,#6693,.F.);
#3894=ORIENTED_EDGE('',*,*,#6687,.F.);
#3895=ORIENTED_EDGE('',*,*,#6684,.T.);
#3896=CARTESIAN_POINT('',(-0.65,7.0,-3.87));
#3897=DIRECTION('',(-1.0,1.22464679914735E-16,6.12323399573676E-17));
#3898=DIRECTION('',(-6.12323399573676E-17,7.49879891330929E-33,-1.0));
#3899=SURFACE_STYLE_FILL_AREA(#6705);
#3900=ORIENTED_EDGE('',*,*,#6673,.F.);
#3901=ORIENTED_EDGE('',*,*,#6702,.F.);
#3902=ORIENTED_EDGE('',*,*,#6699,.F.);
#3903=ORIENTED_EDGE('',*,*,#6696,.F.);
#3904=ORIENTED_EDGE('',*,*,#6675,.F.);
#3905=ORIENTED_EDGE('',*,*,#6694,.F.);
#3906=ORIENTED_EDGE('',*,*,#6704,.F.);
#3907=ORIENTED_EDGE('',*,*,#6683,.F.);
#3908=CARTESIAN_POINT('',(-1.85,6.96413338003566,-4.27804165730568));
#3909=DIRECTION('',(-1.0,1.22464679914735E-16,6.12323399573676E-17));
#3910=DIRECTION('',(-6.12323399573676E-17,7.49879891330929E-33,-1.0));
#3911=SURFACE_STYLE_FILL_AREA(#6706);
#3912=ORIENTED_EDGE('',*,*,#6707,.F.);
#3913=ORIENTED_EDGE('',*,*,#6708,.T.);
#3914=ORIENTED_EDGE('',*,*,#6709,.F.);
#3915=ORIENTED_EDGE('',*,*,#6710,.T.);
#3916=CARTESIAN_POINT('',(0.65,3.75158591392868,-2.89336412122391));
#3917=DIRECTION('',(2.97921979209211E-17,0.873656344285281,-0.486543515104331));
#3918=DIRECTION('',(-5.34960222791874E-17,0.486543515104331,0.873656344285281));
#3919=SURFACE_STYLE_FILL_AREA(#6711);
#3920=ORIENTED_EDGE('',*,*,#6712,.F.);
#3921=ORIENTED_EDGE('',*,*,#6710,.F.);
#3922=ORIENTED_EDGE('',*,*,#6713,.T.);
#3923=ORIENTED_EDGE('',*,*,#6714,.F.);
#3924=ORIENTED_EDGE('',*,*,#6715,.F.);
#3925=ORIENTED_EDGE('',*,*,#6716,.F.);
#3926=ORIENTED_EDGE('',*,*,#6717,.F.);
#3927=ORIENTED_EDGE('',*,*,#6718,.F.);
#3928=CARTESIAN_POINT('',(0.65,3.81586661996434,-4.27804165730568));
#3929=DIRECTION('',(1.0,0.0,6.12323399573676E-17));
#3930=DIRECTION('',(6.12323399573676E-17,0.0,-1.0));
#3931=SURFACE_STYLE_FILL_AREA(#6719);
#3932=ORIENTED_EDGE('',*,*,#6720,.F.);
#3933=ORIENTED_EDGE('',*,*,#6714,.T.);
#3934=ORIENTED_EDGE('',*,*,#6721,.T.);
#3935=ORIENTED_EDGE('',*,*,#6722,.T.);
#3936=CARTESIAN_POINT('',(0.65,4.02451192077553,-5.71326166853413));
#3937=DIRECTION('',(-2.40780248688852E-17,0.919442709375051,0.393223987285955));
#3938=DIRECTION('',(-5.62996285517763E-17,-0.393223987285955,0.919442709375051));
#3939=SURFACE_STYLE_FILL_AREA(#6723);
#3940=ORIENTED_EDGE('',*,*,#6724,.F.);
#3941=ORIENTED_EDGE('',*,*,#6725,.T.);
#3942=ORIENTED_EDGE('',*,*,#6726,.F.);
#3943=ORIENTED_EDGE('',*,*,#6716,.T.);
#3944=CARTESIAN_POINT('',(0.65,3.78289933019913,-5.76397932128521));
#3945=DIRECTION('',(2.43335113928411E-17,-0.917647046621385,-0.397396398860194));
#3946=DIRECTION('',(5.6189675919595E-17,0.397396398860194,-0.917647046621385));
#3947=SURFACE_STYLE_FILL_AREA(#6727);
#3948=ORIENTED_EDGE('',*,*,#6728,.T.);
#3949=ORIENTED_EDGE('',*,*,#6729,.F.);
#3950=ORIENTED_EDGE('',*,*,#6717,.T.);
#3951=ORIENTED_EDGE('',*,*,#6726,.T.);
#3952=CARTESIAN_POINT('',(0.65,3.77999999999999,-3.87));
#3953=DIRECTION('',(1.0,0.0,6.12323399573676E-17));
#3954=DIRECTION('',(6.12323399573676E-17,0.0,-1.0));
#3955=SURFACE_STYLE_FILL_AREA(#6730);
#3956=ORIENTED_EDGE('',*,*,#6731,.F.);
#3957=ORIENTED_EDGE('',*,*,#6718,.T.);
#3958=ORIENTED_EDGE('',*,*,#6729,.T.);
#3959=ORIENTED_EDGE('',*,*,#6732,.T.);
#3960=CARTESIAN_POINT('',(0.65,3.5211652420337,-2.82590729910197));
#3961=DIRECTION('',(-3.08762361195855E-17,-0.863559354576795,0.504247202394728));
#3962=DIRECTION('',(5.28777599728113E-17,-0.504247202394728,-0.863559354576795));
#3963=SURFACE_STYLE_FILL_AREA(#6733);
#3964=ORIENTED_EDGE('',*,*,#6734,.T.);
#3965=ORIENTED_EDGE('',*,*,#6721,.F.);
#3966=ORIENTED_EDGE('',*,*,#6713,.F.);
#3967=ORIENTED_EDGE('',*,*,#6709,.T.);
#3968=CARTESIAN_POINT('',(0.65,3.78,-3.87));
#3969=DIRECTION('',(1.0,0.0,6.12323399573676E-17));
#3970=DIRECTION('',(6.12323399573676E-17,0.0,-1.0));
#3971=SURFACE_STYLE_FILL_AREA(#6735);
#3972=ORIENTED_EDGE('',*,*,#6736,.F.);
#3973=ORIENTED_EDGE('',*,*,#6732,.F.);
#3974=ORIENTED_EDGE('',*,*,#6728,.F.);
#3975=ORIENTED_EDGE('',*,*,#6725,.F.);
#3976=ORIENTED_EDGE('',*,*,#6737,.F.);
#3977=ORIENTED_EDGE('',*,*,#6722,.F.);
#3978=ORIENTED_EDGE('',*,*,#6734,.F.);
#3979=ORIENTED_EDGE('',*,*,#6708,.F.);
#3980=CARTESIAN_POINT('',(1.85,3.81586661996434,-4.27804165730568));
#3981=DIRECTION('',(1.0,0.0,6.12323399573676E-17));
#3982=DIRECTION('',(6.12323399573676E-17,0.0,-1.0));
#3983=SURFACE_STYLE_FILL_AREA(#6738);
#3984=ORIENTED_EDGE('',*,*,#6739,.T.);
#3985=ORIENTED_EDGE('',*,*,#6740,.T.);
#3986=ORIENTED_EDGE('',*,*,#6741,.T.);
#3987=ORIENTED_EDGE('',*,*,#6742,.T.);
#3988=ORIENTED_EDGE('',*,*,#6743,.T.);
#3989=ORIENTED_EDGE('',*,*,#6744,.T.);
#3990=ORIENTED_EDGE('',*,*,#6745,.T.);
#3991=ORIENTED_EDGE('',*,*,#6746,.T.);
#3992=ORIENTED_EDGE('',*,*,#6747,.F.);
#3993=ORIENTED_EDGE('',*,*,#6748,.T.);
#3994=ORIENTED_EDGE('',*,*,#6749,.F.);
#3995=ORIENTED_EDGE('',*,*,#6750,.T.);
#3996=ORIENTED_EDGE('',*,*,#6720,.T.);
#3997=ORIENTED_EDGE('',*,*,#6737,.T.);
#3998=ORIENTED_EDGE('',*,*,#6724,.T.);
#3999=ORIENTED_EDGE('',*,*,#6715,.T.);
#4000=ORIENTED_EDGE('',*,*,#6707,.T.);
#4001=ORIENTED_EDGE('',*,*,#6712,.T.);
#4002=ORIENTED_EDGE('',*,*,#6731,.T.);
#4003=ORIENTED_EDGE('',*,*,#6736,.T.);
#4004=CARTESIAN_POINT('',(-2.8,3.8,-5.25));
#4005=DIRECTION('',(0.0,-1.0,0.0));
#4006=DIRECTION('',(6.12323399573676E-17,0.0,-1.0));
#4007=SURFACE_STYLE_FILL_AREA(#6751);
#4008=ORIENTED_EDGE('',*,*,#6739,.F.);
#4009=ORIENTED_EDGE('',*,*,#6752,.T.);
#4010=ORIENTED_EDGE('',*,*,#6753,.F.);
#4011=ORIENTED_EDGE('',*,*,#6754,.T.);
#4012=CARTESIAN_POINT('',(-1.85,3.75158591392868,-2.89336412122391));
#4013=DIRECTION('',(2.97921979209211E-17,0.873656344285281,-0.486543515104331));
#4014=DIRECTION('',(-5.34960222791874E-17,0.486543515104331,0.873656344285281));
#4015=SURFACE_STYLE_FILL_AREA(#6755);
#4016=ORIENTED_EDGE('',*,*,#6740,.F.);
#4017=ORIENTED_EDGE('',*,*,#6754,.F.);
#4018=ORIENTED_EDGE('',*,*,#6756,.T.);
#4019=ORIENTED_EDGE('',*,*,#6757,.F.);
#4020=ORIENTED_EDGE('',*,*,#6746,.F.);
#4021=ORIENTED_EDGE('',*,*,#6758,.F.);
#4022=ORIENTED_EDGE('',*,*,#6759,.F.);
#4023=ORIENTED_EDGE('',*,*,#6760,.F.);
#4024=CARTESIAN_POINT('',(-1.85,3.81586661996434,-4.27804165730568));
#4025=DIRECTION('',(1.0,0.0,6.12323399573676E-17));
#4026=DIRECTION('',(6.12323399573676E-17,0.0,-1.0));
#4027=SURFACE_STYLE_FILL_AREA(#6761);
#4028=ORIENTED_EDGE('',*,*,#6743,.F.);
#4029=ORIENTED_EDGE('',*,*,#6757,.T.);
#4030=ORIENTED_EDGE('',*,*,#6762,.T.);
#4031=ORIENTED_EDGE('',*,*,#6763,.T.);
#4032=CARTESIAN_POINT('',(-1.85,4.02451192077553,-5.71326166853413));
#4033=DIRECTION('',(-2.40780248688852E-17,0.919442709375051,0.393223987285955));
#4034=DIRECTION('',(-5.62996285517763E-17,-0.393223987285955,0.919442709375051));
#4035=SURFACE_STYLE_FILL_AREA(#6764);
#4036=ORIENTED_EDGE('',*,*,#6745,.F.);
#4037=ORIENTED_EDGE('',*,*,#6765,.T.);
#4038=ORIENTED_EDGE('',*,*,#6766,.F.);
#4039=ORIENTED_EDGE('',*,*,#6758,.T.);
#4040=CARTESIAN_POINT('',(-1.85,3.78289933019913,-5.76397932128521));
#4041=DIRECTION('',(2.43335113928411E-17,-0.917647046621385,-0.397396398860194));
#4042=DIRECTION('',(5.6189675919595E-17,0.397396398860194,-0.917647046621385));
#4043=SURFACE_STYLE_FILL_AREA(#6767);
#4044=ORIENTED_EDGE('',*,*,#6768,.T.);
#4045=ORIENTED_EDGE('',*,*,#6769,.F.);
#4046=ORIENTED_EDGE('',*,*,#6759,.T.);
#4047=ORIENTED_EDGE('',*,*,#6766,.T.);
#4048=CARTESIAN_POINT('',(-1.85,3.77999999999999,-3.87));
#4049=DIRECTION('',(1.0,0.0,6.12323399573676E-17));
#4050=DIRECTION('',(6.12323399573676E-17,0.0,-1.0));
#4051=SURFACE_STYLE_FILL_AREA(#6770);
#4052=ORIENTED_EDGE('',*,*,#6741,.F.);
#4053=ORIENTED_EDGE('',*,*,#6760,.T.);
#4054=ORIENTED_EDGE('',*,*,#6769,.T.);
#4055=ORIENTED_EDGE('',*,*,#6771,.T.);
#4056=CARTESIAN_POINT('',(-1.85,3.5211652420337,-2.82590729910197));
#4057=DIRECTION('',(-3.08762361195855E-17,-0.863559354576795,0.504247202394728));
#4058=DIRECTION('',(5.28777599728113E-17,-0.504247202394728,-0.863559354576795));
#4059=SURFACE_STYLE_FILL_AREA(#6772);
#4060=ORIENTED_EDGE('',*,*,#6773,.T.);
#4061=ORIENTED_EDGE('',*,*,#6762,.F.);
#4062=ORIENTED_EDGE('',*,*,#6756,.F.);
#4063=ORIENTED_EDGE('',*,*,#6753,.T.);
#4064=CARTESIAN_POINT('',(-1.85,3.78,-3.87));
#4065=DIRECTION('',(1.0,0.0,6.12323399573676E-17));
#4066=DIRECTION('',(6.12323399573676E-17,0.0,-1.0));
#4067=SURFACE_STYLE_FILL_AREA(#6774);
#4068=ORIENTED_EDGE('',*,*,#6742,.F.);
#4069=ORIENTED_EDGE('',*,*,#6771,.F.);
#4070=ORIENTED_EDGE('',*,*,#6768,.F.);
#4071=ORIENTED_EDGE('',*,*,#6765,.F.);
#4072=ORIENTED_EDGE('',*,*,#6744,.F.);
#4073=ORIENTED_EDGE('',*,*,#6763,.F.);
#4074=ORIENTED_EDGE('',*,*,#6773,.F.);
#4075=ORIENTED_EDGE('',*,*,#6752,.F.);
#4076=CARTESIAN_POINT('',(-0.65,3.81586661996434,-4.27804165730568));
#4077=DIRECTION('',(1.0,0.0,6.12323399573676E-17));
#4078=DIRECTION('',(6.12323399573676E-17,0.0,-1.0));
#4079=SURFACE_STYLE_FILL_AREA(#6775);
#4080=ORIENTED_EDGE('',*,*,#6776,.F.);
#4081=ORIENTED_EDGE('',*,*,#6681,.F.);
#4082=ORIENTED_EDGE('',*,*,#6777,.F.);
#4083=ORIENTED_EDGE('',*,*,#6778,.F.);
#4084=ORIENTED_EDGE('',*,*,#6779,.F.);
#4085=ORIENTED_EDGE('',*,*,#6748,.F.);
#4086=CARTESIAN_POINT('',(2.8,5.39,-5.19516996164045));
#4087=DIRECTION('',(1.0,0.0,6.12323399573676E-17));
#4088=DIRECTION('',(6.12323399573676E-17,0.0,-1.0));
#4089=SURFACE_STYLE_FILL_AREA(#6780);
#4090=ORIENTED_EDGE('',*,*,#6779,.T.);
#4091=ORIENTED_EDGE('',*,*,#6781,.F.);
#4092=ORIENTED_EDGE('',*,*,#6782,.T.);
#4093=ORIENTED_EDGE('',*,*,#6749,.T.);
#4094=CARTESIAN_POINT('',(-2.8,3.9,-0.4));
#4095=DIRECTION('',(-4.32978028117747E-17,-0.707106781186547,0.707106781186548));
#4096=DIRECTION('',(4.32978028117746E-17,-0.707106781186548,-0.707106781186547));
#4097=SURFACE_STYLE_FILL_AREA(#6783);
#4098=ORIENTED_EDGE('',*,*,#6778,.T.);
#4099=ORIENTED_EDGE('',*,*,#6784,.F.);
#4100=ORIENTED_EDGE('',*,*,#6785,.F.);
#4101=ORIENTED_EDGE('',*,*,#6781,.T.);
#4102=CARTESIAN_POINT('',(-2.8,5.39,-0.3));
#4103=DIRECTION('',(-6.12323399573676E-17,9.98402000562191E-17,1.0));
#4104=DIRECTION('',(-6.11344907125401E-33,-1.0,9.98402000562191E-17));
#4105=SURFACE_STYLE_FILL_AREA(#6786);
#4106=ORIENTED_EDGE('',*,*,#6777,.T.);
#4107=ORIENTED_EDGE('',*,*,#6680,.F.);
#4108=ORIENTED_EDGE('',*,*,#6787,.F.);
#4109=ORIENTED_EDGE('',*,*,#6784,.T.);
#4110=CARTESIAN_POINT('',(-2.8,6.88,-0.400000000000001));
#4111=DIRECTION('',(-4.32978028117747E-17,0.707106781186547,0.707106781186548));
#4112=DIRECTION('',(-4.32978028117747E-17,-0.707106781186548,0.707106781186547));
#4113=SURFACE_STYLE_FILL_AREA(#6788);
#4114=ORIENTED_EDGE('',*,*,#6789,.F.);
#4115=ORIENTED_EDGE('',*,*,#6750,.F.);
#4116=ORIENTED_EDGE('',*,*,#6782,.F.);
#4117=ORIENTED_EDGE('',*,*,#6785,.T.);
#4118=ORIENTED_EDGE('',*,*,#6787,.T.);
#4119=ORIENTED_EDGE('',*,*,#6679,.T.);
#4120=CARTESIAN_POINT('',(-2.8,5.39,-5.19516996164045));
#4121=DIRECTION('',(1.0,0.0,6.12323399573676E-17));
#4122=DIRECTION('',(6.12323399573676E-17,0.0,-1.0));
#4123=SURFACE_STYLE_FILL_AREA(#6790);
#4124=ORIENTED_EDGE('',*,*,#6791,.F.);
#4125=ORIENTED_EDGE('',*,*,#6792,.F.);
#4126=ORIENTED_EDGE('',*,*,#6793,.F.);
#4127=ORIENTED_EDGE('',*,*,#6794,.T.);
#4128=CARTESIAN_POINT('',(4.95,4.44,-9.1));
#4129=DIRECTION('',(1.0,0.0,0.0));
#4130=DIRECTION('',(0.0,1.0,0.0));
#4131=SURFACE_STYLE_FILL_AREA(#6795);
#4132=ORIENTED_EDGE('',*,*,#6796,.F.);
#4133=ORIENTED_EDGE('',*,*,#6794,.F.);
#4134=ORIENTED_EDGE('',*,*,#6797,.F.);
#4135=ORIENTED_EDGE('',*,*,#6798,.T.);
#4136=ORIENTED_EDGE('',*,*,#6386,.F.);
#4137=ORIENTED_EDGE('',*,*,#6799,.F.);
#4138=CARTESIAN_POINT('',(4.5875,2.44,-9.1));
#4139=DIRECTION('',(-1.225073682345E-15,-1.0,0.0));
#4140=DIRECTION('',(1.0,-1.225073682345E-15,0.0));
#4141=SURFACE_STYLE_FILL_AREA(#6800);
#4142=ORIENTED_EDGE('',*,*,#6387,.F.);
#4143=ORIENTED_EDGE('',*,*,#6798,.F.);
#4144=ORIENTED_EDGE('',*,*,#6801,.F.);
#4145=ORIENTED_EDGE('',*,*,#6802,.T.);
#4146=CARTESIAN_POINT('',(4.225,1.945,-9.1));
#4147=DIRECTION('',(1.0,-3.58859967555606E-15,0.0));
#4148=DIRECTION('',(3.58859967555606E-15,1.0,0.0));
#4149=SURFACE_STYLE_FILL_AREA(#6803);
#4150=ORIENTED_EDGE('',*,*,#6388,.F.);
#4151=ORIENTED_EDGE('',*,*,#6802,.F.);
#4152=ORIENTED_EDGE('',*,*,#6804,.F.);
#4153=ORIENTED_EDGE('',*,*,#6805,.T.);
#4154=CARTESIAN_POINT('',(0.0,1.45,-9.1));
#4155=DIRECTION('',(0.0,-1.0,0.0));
#4156=DIRECTION('',(1.0,0.0,0.0));
#4157=SURFACE_STYLE_FILL_AREA(#6806);
#4158=ORIENTED_EDGE('',*,*,#6389,.F.);
#4159=ORIENTED_EDGE('',*,*,#6805,.F.);
#4160=ORIENTED_EDGE('',*,*,#6807,.F.);
#4161=ORIENTED_EDGE('',*,*,#6808,.T.);
#4162=CARTESIAN_POINT('',(-4.225,1.945,-9.1));
#4163=DIRECTION('',(-1.0,0.0,0.0));
#4164=DIRECTION('',(0.0,-1.0,0.0));
#4165=SURFACE_STYLE_FILL_AREA(#6809);
#4166=ORIENTED_EDGE('',*,*,#6810,.F.);
#4167=ORIENTED_EDGE('',*,*,#6390,.F.);
#4168=ORIENTED_EDGE('',*,*,#6808,.F.);
#4169=ORIENTED_EDGE('',*,*,#6811,.F.);
#4170=ORIENTED_EDGE('',*,*,#6377,.T.);
#4171=ORIENTED_EDGE('',*,*,#6812,.F.);
#4172=CARTESIAN_POINT('',(-4.5875,2.44,-9.1));
#4173=DIRECTION('',(1.225073682345E-15,-1.0,0.0));
#4174=DIRECTION('',(1.0,1.225073682345E-15,0.0));
#4175=SURFACE_STYLE_FILL_AREA(#6813);
#4176=ORIENTED_EDGE('',*,*,#6403,.F.);
#4177=ORIENTED_EDGE('',*,*,#6373,.F.);
#4178=ORIENTED_EDGE('',*,*,#6814,.F.);
#4179=ORIENTED_EDGE('',*,*,#6815,.T.);
#4180=CARTESIAN_POINT('',(-4.225,7.085,-9.1));
#4181=DIRECTION('',(-1.0,0.0,0.0));
#4182=DIRECTION('',(0.0,-1.0,0.0));
#4183=SURFACE_STYLE_FILL_AREA(#6816);
#4184=ORIENTED_EDGE('',*,*,#6404,.F.);
#4185=ORIENTED_EDGE('',*,*,#6815,.F.);
#4186=ORIENTED_EDGE('',*,*,#6817,.F.);
#4187=ORIENTED_EDGE('',*,*,#6818,.T.);
#4188=CARTESIAN_POINT('',(-3.475,8.48,-9.1));
#4189=DIRECTION('',(-0.707106781186547,0.707106781186548,0.0));
#4190=DIRECTION('',(-0.707106781186548,-0.707106781186547,0.0));
#4191=SURFACE_STYLE_FILL_AREA(#6819);
#4192=ORIENTED_EDGE('',*,*,#6405,.F.);
#4193=ORIENTED_EDGE('',*,*,#6818,.F.);
#4194=ORIENTED_EDGE('',*,*,#6820,.F.);
#4195=ORIENTED_EDGE('',*,*,#6821,.T.);
#4196=CARTESIAN_POINT('',(1.33226762955019E-15,9.23,-9.1));
#4197=DIRECTION('',(0.0,1.0,0.0));
#4198=DIRECTION('',(-1.0,0.0,0.0));
#4199=SURFACE_STYLE_FILL_AREA(#6822);
#4200=ORIENTED_EDGE('',*,*,#6406,.F.);
#4201=ORIENTED_EDGE('',*,*,#6821,.F.);
#4202=ORIENTED_EDGE('',*,*,#6823,.F.);
#4203=ORIENTED_EDGE('',*,*,#6824,.T.);
#4204=CARTESIAN_POINT('',(3.475,8.48,-9.1));
#4205=DIRECTION('',(0.707106781186547,0.707106781186548,0.0));
#4206=DIRECTION('',(-0.707106781186548,0.707106781186547,0.0));
#4207=SURFACE_STYLE_FILL_AREA(#6825);
#4208=ORIENTED_EDGE('',*,*,#6407,.F.);
#4209=ORIENTED_EDGE('',*,*,#6824,.F.);
#4210=ORIENTED_EDGE('',*,*,#6826,.F.);
#4211=ORIENTED_EDGE('',*,*,#6827,.T.);
#4212=CARTESIAN_POINT('',(4.225,7.085,-9.1));
#4213=DIRECTION('',(1.0,0.0,0.0));
#4214=DIRECTION('',(0.0,1.0,0.0));
#4215=SURFACE_STYLE_FILL_AREA(#6828);
#4216=ORIENTED_EDGE('',*,*,#6367,.F.);
#4217=ORIENTED_EDGE('',*,*,#6408,.F.);
#4218=ORIENTED_EDGE('',*,*,#6827,.F.);
#4219=ORIENTED_EDGE('',*,*,#6829,.F.);
#4220=ORIENTED_EDGE('',*,*,#6792,.T.);
#4221=ORIENTED_EDGE('',*,*,#6830,.F.);
#4222=CARTESIAN_POINT('',(4.5875,6.44,-9.1));
#4223=DIRECTION('',(0.0,1.0,0.0));
#4224=DIRECTION('',(-1.0,0.0,0.0));
#4225=SURFACE_STYLE_FILL_AREA(#6831);
#4226=ORIENTED_EDGE('',*,*,#6678,.T.);
#4227=ORIENTED_EDGE('',*,*,#6776,.T.);
#4228=ORIENTED_EDGE('',*,*,#6747,.T.);
#4229=ORIENTED_EDGE('',*,*,#6789,.T.);
#4230=ORIENTED_EDGE('',*,*,#6378,.T.);
#4231=ORIENTED_EDGE('',*,*,#6811,.T.);
#4232=ORIENTED_EDGE('',*,*,#6807,.T.);
#4233=ORIENTED_EDGE('',*,*,#6804,.T.);
#4234=ORIENTED_EDGE('',*,*,#6801,.T.);
#4235=ORIENTED_EDGE('',*,*,#6797,.T.);
#4236=ORIENTED_EDGE('',*,*,#6793,.T.);
#4237=ORIENTED_EDGE('',*,*,#6829,.T.);
#4238=ORIENTED_EDGE('',*,*,#6826,.T.);
#4239=ORIENTED_EDGE('',*,*,#6823,.T.);
#4240=ORIENTED_EDGE('',*,*,#6820,.T.);
#4241=ORIENTED_EDGE('',*,*,#6817,.T.);
#4242=ORIENTED_EDGE('',*,*,#6814,.T.);
#4243=ORIENTED_EDGE('',*,*,#6372,.T.);
#4244=CARTESIAN_POINT('',(7.07767178198537E-16,5.03115200382381,-9.1));
#4245=DIRECTION('',(0.0,0.0,1.0));
#4246=DIRECTION('',(1.0,0.0,0.0));
#4247=SURFACE_STYLE_FILL_AREA(#6832);
#4248=ORIENTED_EDGE('',*,*,#6491,.F.);
#4249=ORIENTED_EDGE('',*,*,#6833,.F.);
#4250=ORIENTED_EDGE('',*,*,#6834,.F.);
#4251=ORIENTED_EDGE('',*,*,#6835,.F.);
#4252=CARTESIAN_POINT('',(-5.76844654404028,6.05,-14.3754068806243));
#4253=DIRECTION('',(-1.22464679914735E-16,-1.0,6.12323399573676E-17));
#4254=DIRECTION('',(-1.0,1.22464679914735E-16,0.0));
#4255=SURFACE_STYLE_FILL_AREA(#6836);
#4256=ORIENTED_EDGE('',*,*,#6490,.F.);
#4257=ORIENTED_EDGE('',*,*,#6837,.T.);
#4258=ORIENTED_EDGE('',*,*,#6838,.F.);
#4259=ORIENTED_EDGE('',*,*,#6833,.T.);
#4260=CARTESIAN_POINT('',(-5.795,6.05,-14.8));
#4261=DIRECTION('',(-7.49879891330929E-33,-6.12323399573676E-17,-1.0));
#4262=DIRECTION('',(1.0,-1.22464679914735E-16,0.0));
#4263=SURFACE_STYLE_FILL_AREA(#6839);
#4264=ORIENTED_EDGE('',*,*,#6492,.F.);
#4265=ORIENTED_EDGE('',*,*,#6835,.T.);
#4266=ORIENTED_EDGE('',*,*,#6840,.T.);
#4267=ORIENTED_EDGE('',*,*,#6841,.T.);
#4268=CARTESIAN_POINT('',(-5.845,6.05,-14.0834936490539));
#4269=DIRECTION('',(-0.866025403784445,1.36673693851175E-16,0.49999999999999));
#4270=DIRECTION('',(-0.49999999999999,8.20357802112073E-18,-0.866025403784444));
#4271=SURFACE_STYLE_FILL_AREA(#6842);
#4272=ORIENTED_EDGE('',*,*,#6843,.T.);
#4273=ORIENTED_EDGE('',*,*,#6840,.F.);
#4274=ORIENTED_EDGE('',*,*,#6834,.T.);
#4275=ORIENTED_EDGE('',*,*,#6838,.T.);
#4276=CARTESIAN_POINT('',(-5.97,6.05,-14.55));
#4277=DIRECTION('',(-1.0,1.22464679914735E-16,0.0));
#4278=DIRECTION('',(-7.49879891330929E-33,-6.12323399573676E-17,-1.0));
#4279=SURFACE_STYLE_FILL_AREA(#6844);
#4280=ORIENTED_EDGE('',*,*,#6493,.F.);
#4281=ORIENTED_EDGE('',*,*,#6841,.F.);
#4282=ORIENTED_EDGE('',*,*,#6843,.F.);
#4283=ORIENTED_EDGE('',*,*,#6837,.F.);
#4284=CARTESIAN_POINT('',(-5.76844654404028,4.75,-14.3754068806243));
#4285=DIRECTION('',(-1.22464679914735E-16,-1.0,6.12323399573676E-17));
#4286=DIRECTION('',(-1.0,1.22464679914735E-16,0.0));
#4287=SURFACE_STYLE_FILL_AREA(#6845);
#4288=ORIENTED_EDGE('',*,*,#6523,.F.);
#4289=ORIENTED_EDGE('',*,*,#6846,.F.);
#4290=ORIENTED_EDGE('',*,*,#6847,.F.);
#4291=ORIENTED_EDGE('',*,*,#6848,.F.);
#4292=CARTESIAN_POINT('',(5.76844654404028,4.75,-14.3754068806243));
#4293=DIRECTION('',(-0.0,1.0,6.12323399573676E-17));
#4294=DIRECTION('',(1.0,0.0,0.0));
#4295=SURFACE_STYLE_FILL_AREA(#6849);
#4296=ORIENTED_EDGE('',*,*,#6522,.F.);
#4297=ORIENTED_EDGE('',*,*,#6850,.T.);
#4298=ORIENTED_EDGE('',*,*,#6851,.F.);
#4299=ORIENTED_EDGE('',*,*,#6846,.T.);
#4300=CARTESIAN_POINT('',(5.795,4.75,-14.8));
#4301=DIRECTION('',(0.0,6.12323399573676E-17,-1.0));
#4302=DIRECTION('',(-1.0,0.0,0.0));
#4303=SURFACE_STYLE_FILL_AREA(#6852);
#4304=ORIENTED_EDGE('',*,*,#6524,.F.);
#4305=ORIENTED_EDGE('',*,*,#6848,.T.);
#4306=ORIENTED_EDGE('',*,*,#6853,.T.);
#4307=ORIENTED_EDGE('',*,*,#6854,.T.);
#4308=CARTESIAN_POINT('',(5.845,4.75,-14.0834936490539));
#4309=DIRECTION('',(0.866025403784445,-3.06161699786832E-17,0.49999999999999));
#4310=DIRECTION('',(0.49999999999999,5.30287619362457E-17,-0.866025403784444));
#4311=SURFACE_STYLE_FILL_AREA(#6855);
#4312=ORIENTED_EDGE('',*,*,#6856,.T.);
#4313=ORIENTED_EDGE('',*,*,#6853,.F.);
#4314=ORIENTED_EDGE('',*,*,#6847,.T.);
#4315=ORIENTED_EDGE('',*,*,#6851,.T.);
#4316=CARTESIAN_POINT('',(5.97,4.75,-14.55));
#4317=DIRECTION('',(1.0,0.0,0.0));
#4318=DIRECTION('',(0.0,6.12323399573676E-17,-1.0));
#4319=SURFACE_STYLE_FILL_AREA(#6857);
#4320=ORIENTED_EDGE('',*,*,#6525,.F.);
#4321=ORIENTED_EDGE('',*,*,#6854,.F.);
#4322=ORIENTED_EDGE('',*,*,#6856,.F.);
#4323=ORIENTED_EDGE('',*,*,#6850,.F.);
#4324=CARTESIAN_POINT('',(5.76844654404028,6.05,-14.3754068806243));
#4325=DIRECTION('',(-0.0,1.0,6.12323399573676E-17));
#4326=DIRECTION('',(1.0,0.0,0.0));
#4327=SURFACE_STYLE_FILL_AREA(#6858);
#4328=ORIENTED_EDGE('',*,*,#6514,.F.);
#4329=ORIENTED_EDGE('',*,*,#6859,.F.);
#4330=ORIENTED_EDGE('',*,*,#6860,.F.);
#4331=ORIENTED_EDGE('',*,*,#6861,.F.);
#4332=CARTESIAN_POINT('',(-5.76844654404028,8.55,-10.4754068806243));
#4333=DIRECTION('',(-1.22464679914735E-16,-1.0,6.12323399573676E-17));
#4334=DIRECTION('',(-1.0,1.22464679914735E-16,0.0));
#4335=SURFACE_STYLE_FILL_AREA(#6862);
#4336=ORIENTED_EDGE('',*,*,#6513,.F.);
#4337=ORIENTED_EDGE('',*,*,#6863,.T.);
#4338=ORIENTED_EDGE('',*,*,#6864,.F.);
#4339=ORIENTED_EDGE('',*,*,#6859,.T.);
#4340=CARTESIAN_POINT('',(-5.795,8.55,-10.9));
#4341=DIRECTION('',(-7.49879891330929E-33,-6.12323399573676E-17,-1.0));
#4342=DIRECTION('',(1.0,-1.22464679914735E-16,0.0));
#4343=SURFACE_STYLE_FILL_AREA(#6865);
#4344=ORIENTED_EDGE('',*,*,#6515,.F.);
#4345=ORIENTED_EDGE('',*,*,#6861,.T.);
#4346=ORIENTED_EDGE('',*,*,#6866,.T.);
#4347=ORIENTED_EDGE('',*,*,#6867,.T.);
#4348=CARTESIAN_POINT('',(-5.845,8.55,-10.1834936490539));
#4349=DIRECTION('',(-0.866025403784445,1.36673693851175E-16,0.49999999999999));
#4350=DIRECTION('',(-0.49999999999999,8.20357802112073E-18,-0.866025403784444));
#4351=SURFACE_STYLE_FILL_AREA(#6868);
#4352=ORIENTED_EDGE('',*,*,#6869,.T.);
#4353=ORIENTED_EDGE('',*,*,#6866,.F.);
#4354=ORIENTED_EDGE('',*,*,#6860,.T.);
#4355=ORIENTED_EDGE('',*,*,#6864,.T.);
#4356=CARTESIAN_POINT('',(-5.97,8.55,-10.65));
#4357=DIRECTION('',(-1.0,1.22464679914735E-16,0.0));
#4358=DIRECTION('',(-7.49879891330929E-33,-6.12323399573676E-17,-1.0));
#4359=SURFACE_STYLE_FILL_AREA(#6870);
#4360=ORIENTED_EDGE('',*,*,#6516,.F.);
#4361=ORIENTED_EDGE('',*,*,#6867,.F.);
#4362=ORIENTED_EDGE('',*,*,#6869,.F.);
#4363=ORIENTED_EDGE('',*,*,#6863,.F.);
#4364=CARTESIAN_POINT('',(-5.76844654404028,7.35,-10.4754068806243));
#4365=DIRECTION('',(-1.22464679914735E-16,-1.0,6.12323399573676E-17));
#4366=DIRECTION('',(-1.0,1.22464679914735E-16,0.0));
#4367=SURFACE_STYLE_FILL_AREA(#6871);
#4368=ORIENTED_EDGE('',*,*,#6504,.F.);
#4369=ORIENTED_EDGE('',*,*,#6872,.F.);
#4370=ORIENTED_EDGE('',*,*,#6873,.F.);
#4371=ORIENTED_EDGE('',*,*,#6874,.F.);
#4372=CARTESIAN_POINT('',(-5.76844654404028,3.6,-10.4754068806243));
#4373=DIRECTION('',(-1.22464679914735E-16,-1.0,6.12323399573676E-17));
#4374=DIRECTION('',(-1.0,1.22464679914735E-16,0.0));
#4375=SURFACE_STYLE_FILL_AREA(#6875);
#4376=ORIENTED_EDGE('',*,*,#6503,.F.);
#4377=ORIENTED_EDGE('',*,*,#6876,.T.);
#4378=ORIENTED_EDGE('',*,*,#6877,.F.);
#4379=ORIENTED_EDGE('',*,*,#6872,.T.);
#4380=CARTESIAN_POINT('',(-5.795,3.6,-10.9));
#4381=DIRECTION('',(-7.49879891330929E-33,-6.12323399573676E-17,-1.0));
#4382=DIRECTION('',(1.0,-1.22464679914735E-16,0.0));
#4383=SURFACE_STYLE_FILL_AREA(#6878);
#4384=ORIENTED_EDGE('',*,*,#6505,.F.);
#4385=ORIENTED_EDGE('',*,*,#6874,.T.);
#4386=ORIENTED_EDGE('',*,*,#6879,.T.);
#4387=ORIENTED_EDGE('',*,*,#6880,.T.);
#4388=CARTESIAN_POINT('',(-5.845,3.6,-10.1834936490539));
#4389=DIRECTION('',(-0.866025403784445,1.36673693851175E-16,0.49999999999999));
#4390=DIRECTION('',(-0.49999999999999,8.20357802112073E-18,-0.866025403784444));
#4391=SURFACE_STYLE_FILL_AREA(#6881);
#4392=ORIENTED_EDGE('',*,*,#6882,.T.);
#4393=ORIENTED_EDGE('',*,*,#6879,.F.);
#4394=ORIENTED_EDGE('',*,*,#6873,.T.);
#4395=ORIENTED_EDGE('',*,*,#6877,.T.);
#4396=CARTESIAN_POINT('',(-5.97,3.6,-10.65));
#4397=DIRECTION('',(-1.0,1.22464679914735E-16,0.0));
#4398=DIRECTION('',(-7.49879891330929E-33,-6.12323399573676E-17,-1.0));
#4399=SURFACE_STYLE_FILL_AREA(#6883);
#4400=ORIENTED_EDGE('',*,*,#6506,.F.);
#4401=ORIENTED_EDGE('',*,*,#6880,.F.);
#4402=ORIENTED_EDGE('',*,*,#6882,.F.);
#4403=ORIENTED_EDGE('',*,*,#6876,.F.);
#4404=CARTESIAN_POINT('',(-5.76844654404028,2.4,-10.4754068806243));
#4405=DIRECTION('',(-1.22464679914735E-16,-1.0,6.12323399573676E-17));
#4406=DIRECTION('',(-1.0,1.22464679914735E-16,0.0));
#4407=SURFACE_STYLE_FILL_AREA(#6884);
#4408=ORIENTED_EDGE('',*,*,#6546,.F.);
#4409=ORIENTED_EDGE('',*,*,#6885,.F.);
#4410=ORIENTED_EDGE('',*,*,#6886,.F.);
#4411=ORIENTED_EDGE('',*,*,#6887,.F.);
#4412=CARTESIAN_POINT('',(5.76844654404028,7.35,-10.4754068806243));
#4413=DIRECTION('',(-0.0,1.0,6.12323399573676E-17));
#4414=DIRECTION('',(1.0,0.0,0.0));
#4415=SURFACE_STYLE_FILL_AREA(#6888);
#4416=ORIENTED_EDGE('',*,*,#6545,.F.);
#4417=ORIENTED_EDGE('',*,*,#6889,.T.);
#4418=ORIENTED_EDGE('',*,*,#6890,.F.);
#4419=ORIENTED_EDGE('',*,*,#6885,.T.);
#4420=CARTESIAN_POINT('',(5.795,7.35,-10.9));
#4421=DIRECTION('',(0.0,6.12323399573676E-17,-1.0));
#4422=DIRECTION('',(-1.0,0.0,0.0));
#4423=SURFACE_STYLE_FILL_AREA(#6891);
#4424=ORIENTED_EDGE('',*,*,#6547,.F.);
#4425=ORIENTED_EDGE('',*,*,#6887,.T.);
#4426=ORIENTED_EDGE('',*,*,#6892,.T.);
#4427=ORIENTED_EDGE('',*,*,#6893,.T.);
#4428=CARTESIAN_POINT('',(5.845,7.35,-10.1834936490539));
#4429=DIRECTION('',(0.866025403784445,-3.06161699786832E-17,0.49999999999999));
#4430=DIRECTION('',(0.49999999999999,5.30287619362457E-17,-0.866025403784444));
#4431=SURFACE_STYLE_FILL_AREA(#6894);
#4432=ORIENTED_EDGE('',*,*,#6895,.T.);
#4433=ORIENTED_EDGE('',*,*,#6892,.F.);
#4434=ORIENTED_EDGE('',*,*,#6886,.T.);
#4435=ORIENTED_EDGE('',*,*,#6890,.T.);
#4436=CARTESIAN_POINT('',(5.97,7.35,-10.65));
#4437=DIRECTION('',(1.0,0.0,0.0));
#4438=DIRECTION('',(0.0,6.12323399573676E-17,-1.0));
#4439=SURFACE_STYLE_FILL_AREA(#6896);
#4440=ORIENTED_EDGE('',*,*,#6548,.F.);
#4441=ORIENTED_EDGE('',*,*,#6893,.F.);
#4442=ORIENTED_EDGE('',*,*,#6895,.F.);
#4443=ORIENTED_EDGE('',*,*,#6889,.F.);
#4444=CARTESIAN_POINT('',(5.76844654404028,8.55,-10.4754068806243));
#4445=DIRECTION('',(-0.0,1.0,6.12323399573676E-17));
#4446=DIRECTION('',(1.0,0.0,0.0));
#4447=SURFACE_STYLE_FILL_AREA(#6897);
#4448=ORIENTED_EDGE('',*,*,#6536,.F.);
#4449=ORIENTED_EDGE('',*,*,#6898,.F.);
#4450=ORIENTED_EDGE('',*,*,#6899,.F.);
#4451=ORIENTED_EDGE('',*,*,#6900,.F.);
#4452=CARTESIAN_POINT('',(5.76844654404028,2.4,-10.4754068806243));
#4453=DIRECTION('',(-0.0,1.0,6.12323399573676E-17));
#4454=DIRECTION('',(1.0,0.0,0.0));
#4455=SURFACE_STYLE_FILL_AREA(#6901);
#4456=ORIENTED_EDGE('',*,*,#6535,.F.);
#4457=ORIENTED_EDGE('',*,*,#6902,.T.);
#4458=ORIENTED_EDGE('',*,*,#6903,.F.);
#4459=ORIENTED_EDGE('',*,*,#6898,.T.);
#4460=CARTESIAN_POINT('',(5.795,2.4,-10.9));
#4461=DIRECTION('',(0.0,6.12323399573676E-17,-1.0));
#4462=DIRECTION('',(-1.0,0.0,0.0));
#4463=SURFACE_STYLE_FILL_AREA(#6904);
#4464=ORIENTED_EDGE('',*,*,#6537,.F.);
#4465=ORIENTED_EDGE('',*,*,#6900,.T.);
#4466=ORIENTED_EDGE('',*,*,#6905,.T.);
#4467=ORIENTED_EDGE('',*,*,#6906,.T.);
#4468=CARTESIAN_POINT('',(5.845,2.4,-10.1834936490539));
#4469=DIRECTION('',(0.866025403784445,-3.06161699786832E-17,0.49999999999999));
#4470=DIRECTION('',(0.49999999999999,5.30287619362457E-17,-0.866025403784444));
#4471=SURFACE_STYLE_FILL_AREA(#6907);
#4472=ORIENTED_EDGE('',*,*,#6908,.T.);
#4473=ORIENTED_EDGE('',*,*,#6905,.F.);
#4474=ORIENTED_EDGE('',*,*,#6899,.T.);
#4475=ORIENTED_EDGE('',*,*,#6903,.T.);
#4476=CARTESIAN_POINT('',(5.97,2.4,-10.65));
#4477=DIRECTION('',(1.0,0.0,0.0));
#4478=DIRECTION('',(0.0,6.12323399573676E-17,-1.0));
#4479=SURFACE_STYLE_FILL_AREA(#6909);
#4480=ORIENTED_EDGE('',*,*,#6538,.F.);
#4481=ORIENTED_EDGE('',*,*,#6906,.F.);
#4482=ORIENTED_EDGE('',*,*,#6908,.F.);
#4483=ORIENTED_EDGE('',*,*,#6902,.F.);
#4484=CARTESIAN_POINT('',(5.76844654404028,3.6,-10.4754068806243));
#4485=DIRECTION('',(-0.0,1.0,6.12323399573676E-17));
#4486=DIRECTION('',(1.0,0.0,0.0));
#4487=SURFACE_STYLE_FILL_AREA(#6910);
#4488=ORIENTED_EDGE('',*,*,#6432,.F.);
#4489=ORIENTED_EDGE('',*,*,#6911,.T.);
#4490=ORIENTED_EDGE('',*,*,#6912,.T.);
#4491=ORIENTED_EDGE('',*,*,#6913,.T.);
#4492=CARTESIAN_POINT('',(1.4,0.260488935532531,-1.02411470455669));
#4493=DIRECTION('',(1.0,0.0,6.12323399573676E-17));
#4494=DIRECTION('',(6.12323399573676E-17,0.0,-1.0));
#4495=SURFACE_STYLE_FILL_AREA(#6914);
#4496=ORIENTED_EDGE('',*,*,#6431,.F.);
#4497=ORIENTED_EDGE('',*,*,#6915,.T.);
#4498=ORIENTED_EDGE('',*,*,#6916,.F.);
#4499=ORIENTED_EDGE('',*,*,#6911,.F.);
#4500=CARTESIAN_POINT('',(1.4,0.225,-1.30000000000001));
#4501=DIRECTION('',(6.12323399573676E-17,0.0,-1.0));
#4502=DIRECTION('',(0.0,1.0,0.0));
#4503=SURFACE_STYLE_FILL_AREA(#6917);
#4504=ORIENTED_EDGE('',*,*,#6918,.T.);
#4505=ORIENTED_EDGE('',*,*,#6433,.F.);
#4506=ORIENTED_EDGE('',*,*,#6913,.F.);
#4507=ORIENTED_EDGE('',*,*,#6919,.T.);
#4508=CARTESIAN_POINT('',(1.4,0.175,-0.883493649053889));
#4509=DIRECTION('',(-3.06161699786837E-17,-0.86602540378444,0.499999999999998));
#4510=DIRECTION('',(5.30287619362454E-17,-0.499999999999998,-0.86602540378444));
#4511=SURFACE_STYLE_FILL_AREA(#6920);
#4512=ORIENTED_EDGE('',*,*,#6921,.T.);
#4513=ORIENTED_EDGE('',*,*,#6919,.F.);
#4514=ORIENTED_EDGE('',*,*,#6912,.F.);
#4515=ORIENTED_EDGE('',*,*,#6916,.T.);
#4516=CARTESIAN_POINT('',(1.4,0.05,-1.20000000000001));
#4517=DIRECTION('',(-5.0986165254255E-32,-1.0,8.32667268468811E-16));
#4518=DIRECTION('',(6.12323399573676E-17,-8.32667268468811E-16,-1.0));
#4519=SURFACE_STYLE_FILL_AREA(#6922);
#4520=ORIENTED_EDGE('',*,*,#6434,.F.);
#4521=ORIENTED_EDGE('',*,*,#6918,.F.);
#4522=ORIENTED_EDGE('',*,*,#6921,.F.);
#4523=ORIENTED_EDGE('',*,*,#6915,.F.);
#4524=CARTESIAN_POINT('',(2.4,0.260488935532531,-1.02411470455669));
#4525=DIRECTION('',(1.0,0.0,6.12323399573676E-17));
#4526=DIRECTION('',(6.12323399573676E-17,0.0,-1.0));
#4527=SURFACE_STYLE_FILL_AREA(#6923);
#4528=ORIENTED_EDGE('',*,*,#6428,.F.);
#4529=ORIENTED_EDGE('',*,*,#6924,.T.);
#4530=ORIENTED_EDGE('',*,*,#6925,.T.);
#4531=ORIENTED_EDGE('',*,*,#6926,.T.);
#4532=CARTESIAN_POINT('',(-2.4,0.260488935532531,-1.02411470455669));
#4533=DIRECTION('',(1.0,0.0,6.12323399573676E-17));
#4534=DIRECTION('',(6.12323399573676E-17,0.0,-1.0));
#4535=SURFACE_STYLE_FILL_AREA(#6927);
#4536=ORIENTED_EDGE('',*,*,#6427,.F.);
#4537=ORIENTED_EDGE('',*,*,#6928,.T.);
#4538=ORIENTED_EDGE('',*,*,#6929,.F.);
#4539=ORIENTED_EDGE('',*,*,#6924,.F.);
#4540=CARTESIAN_POINT('',(-2.4,0.225,-1.30000000000001));
#4541=DIRECTION('',(6.12323399573676E-17,0.0,-1.0));
#4542=DIRECTION('',(0.0,1.0,0.0));
#4543=SURFACE_STYLE_FILL_AREA(#6930);
#4544=ORIENTED_EDGE('',*,*,#6931,.T.);
#4545=ORIENTED_EDGE('',*,*,#6429,.F.);
#4546=ORIENTED_EDGE('',*,*,#6926,.F.);
#4547=ORIENTED_EDGE('',*,*,#6932,.T.);
#4548=CARTESIAN_POINT('',(-2.4,0.175,-0.883493649053889));
#4549=DIRECTION('',(-3.06161699786837E-17,-0.86602540378444,0.499999999999998));
#4550=DIRECTION('',(5.30287619362454E-17,-0.499999999999998,-0.86602540378444));
#4551=SURFACE_STYLE_FILL_AREA(#6933);
#4552=ORIENTED_EDGE('',*,*,#6934,.T.);
#4553=ORIENTED_EDGE('',*,*,#6932,.F.);
#4554=ORIENTED_EDGE('',*,*,#6925,.F.);
#4555=ORIENTED_EDGE('',*,*,#6929,.T.);
#4556=CARTESIAN_POINT('',(-2.4,0.05,-1.20000000000001));
#4557=DIRECTION('',(-5.0986165254255E-32,-1.0,8.32667268468811E-16));
#4558=DIRECTION('',(6.12323399573676E-17,-8.32667268468811E-16,-1.0));
#4559=SURFACE_STYLE_FILL_AREA(#6935);
#4560=ORIENTED_EDGE('',*,*,#6430,.F.);
#4561=ORIENTED_EDGE('',*,*,#6931,.F.);
#4562=ORIENTED_EDGE('',*,*,#6934,.F.);
#4563=ORIENTED_EDGE('',*,*,#6928,.F.);
#4564=CARTESIAN_POINT('',(-1.4,0.260488935532531,-1.02411470455669));
#4565=DIRECTION('',(1.0,0.0,6.12323399573676E-17));
#4566=DIRECTION('',(6.12323399573676E-17,0.0,-1.0));
#4567=SURFACE_STYLE_FILL_AREA(#6936);
#4568=ORIENTED_EDGE('',*,*,#6424,.F.);
#4569=ORIENTED_EDGE('',*,*,#6937,.F.);
#4570=ORIENTED_EDGE('',*,*,#6938,.T.);
#4571=ORIENTED_EDGE('',*,*,#6939,.T.);
#4572=CARTESIAN_POINT('',(3.85,-0.0999999999999996,-15.85));
#4573=DIRECTION('',(0.0,6.12323399573676E-17,-1.0));
#4574=DIRECTION('',(-1.0,0.0,0.0));
#4575=SURFACE_STYLE_FILL_AREA(#6940);
#4576=ORIENTED_EDGE('',*,*,#6423,.F.);
#4577=ORIENTED_EDGE('',*,*,#6941,.F.);
#4578=ORIENTED_EDGE('',*,*,#6942,.T.);
#4579=ORIENTED_EDGE('',*,*,#6937,.T.);
#4580=CARTESIAN_POINT('',(4.45,-0.0999999999999998,-11.4));
#4581=DIRECTION('',(1.0,-6.11070145369389E-33,9.97953280561938E-17));
#4582=DIRECTION('',(9.97953280561938E-17,6.12323399573676E-17,-1.0));
#4583=SURFACE_STYLE_FILL_AREA(#6943);
#4584=ORIENTED_EDGE('',*,*,#6426,.F.);
#4585=ORIENTED_EDGE('',*,*,#6944,.F.);
#4586=ORIENTED_EDGE('',*,*,#6945,.T.);
#4587=ORIENTED_EDGE('',*,*,#6941,.T.);
#4588=CARTESIAN_POINT('',(3.85,-0.1,-6.95));
#4589=DIRECTION('',(-0.0,1.0,6.12323399573676E-17));
#4590=DIRECTION('',(1.0,0.0,0.0));
#4591=SURFACE_STYLE_FILL_AREA(#6946);
#4592=ORIENTED_EDGE('',*,*,#6425,.F.);
#4593=ORIENTED_EDGE('',*,*,#6939,.F.);
#4594=ORIENTED_EDGE('',*,*,#6947,.T.);
#4595=ORIENTED_EDGE('',*,*,#6944,.T.);
#4596=CARTESIAN_POINT('',(3.25,-0.0999999999999998,-11.4));
#4597=DIRECTION('',(-1.0,6.11070145369389E-33,-9.97953280561938E-17));
#4598=DIRECTION('',(-9.97953280561938E-17,-6.12323399573676E-17,1.0));
#4599=SURFACE_STYLE_FILL_AREA(#6948);
#4600=ORIENTED_EDGE('',*,*,#6938,.F.);
#4601=ORIENTED_EDGE('',*,*,#6942,.F.);
#4602=ORIENTED_EDGE('',*,*,#6945,.F.);
#4603=ORIENTED_EDGE('',*,*,#6947,.F.);
#4604=CARTESIAN_POINT('',(3.85,-0.0999999999999998,-11.2229727840933));
#4605=DIRECTION('',(-0.0,1.0,6.12323399573676E-17));
#4606=DIRECTION('',(1.0,0.0,0.0));
#4607=SURFACE_STYLE_FILL_AREA(#6949);
#4608=ORIENTED_EDGE('',*,*,#6420,.F.);
#4609=ORIENTED_EDGE('',*,*,#6950,.F.);
#4610=ORIENTED_EDGE('',*,*,#6951,.T.);
#4611=ORIENTED_EDGE('',*,*,#6952,.T.);
#4612=CARTESIAN_POINT('',(-3.85,-0.0999999999999996,-15.85));
#4613=DIRECTION('',(0.0,6.12323399573676E-17,-1.0));
#4614=DIRECTION('',(-1.0,0.0,0.0));
#4615=SURFACE_STYLE_FILL_AREA(#6953);
#4616=ORIENTED_EDGE('',*,*,#6419,.F.);
#4617=ORIENTED_EDGE('',*,*,#6954,.F.);
#4618=ORIENTED_EDGE('',*,*,#6955,.T.);
#4619=ORIENTED_EDGE('',*,*,#6950,.T.);
#4620=CARTESIAN_POINT('',(-3.25,-0.0999999999999998,-11.4));
#4621=DIRECTION('',(1.0,-6.11070145369389E-33,9.97953280561938E-17));
#4622=DIRECTION('',(9.97953280561938E-17,6.12323399573676E-17,-1.0));
#4623=SURFACE_STYLE_FILL_AREA(#6956);
#4624=ORIENTED_EDGE('',*,*,#6422,.F.);
#4625=ORIENTED_EDGE('',*,*,#6957,.F.);
#4626=ORIENTED_EDGE('',*,*,#6958,.T.);
#4627=ORIENTED_EDGE('',*,*,#6954,.T.);
#4628=CARTESIAN_POINT('',(-3.85,-0.1,-6.95));
#4629=DIRECTION('',(-0.0,1.0,6.12323399573676E-17));
#4630=DIRECTION('',(1.0,0.0,0.0));
#4631=SURFACE_STYLE_FILL_AREA(#6959);
#4632=ORIENTED_EDGE('',*,*,#6421,.F.);
#4633=ORIENTED_EDGE('',*,*,#6952,.F.);
#4634=ORIENTED_EDGE('',*,*,#6960,.T.);
#4635=ORIENTED_EDGE('',*,*,#6957,.T.);
#4636=CARTESIAN_POINT('',(-4.45,-0.0999999999999998,-11.4));
#4637=DIRECTION('',(-1.0,6.11070145369389E-33,-9.97953280561938E-17));
#4638=DIRECTION('',(-9.97953280561938E-17,-6.12323399573676E-17,1.0));
#4639=SURFACE_STYLE_FILL_AREA(#6961);
#4640=ORIENTED_EDGE('',*,*,#6951,.F.);
#4641=ORIENTED_EDGE('',*,*,#6955,.F.);
#4642=ORIENTED_EDGE('',*,*,#6958,.F.);
#4643=ORIENTED_EDGE('',*,*,#6960,.F.);
#4644=CARTESIAN_POINT('',(-3.85,-0.0999999999999998,-11.2229727840933));
#4645=DIRECTION('',(-0.0,1.0,6.12323399573676E-17));
#4646=DIRECTION('',(1.0,0.0,0.0));
#4647=SURFACE_STYLE_FILL_AREA(#6962);
#4648=ORIENTED_EDGE('',*,*,#6416,.F.);
#4649=ORIENTED_EDGE('',*,*,#6963,.F.);
#4650=ORIENTED_EDGE('',*,*,#6964,.T.);
#4651=ORIENTED_EDGE('',*,*,#6965,.T.);
#4652=CARTESIAN_POINT('',(4.44089209850063E-16,-0.0999999999999996,-15.85));
#4653=DIRECTION('',(0.0,6.12323399573676E-17,-1.0));
#4654=DIRECTION('',(-1.0,0.0,0.0));
#4655=SURFACE_STYLE_FILL_AREA(#6966);
#4656=ORIENTED_EDGE('',*,*,#6415,.F.);
#4657=ORIENTED_EDGE('',*,*,#6967,.F.);
#4658=ORIENTED_EDGE('',*,*,#6968,.T.);
#4659=ORIENTED_EDGE('',*,*,#6963,.T.);
#4660=CARTESIAN_POINT('',(0.6,-0.1,-9.385));
#4661=DIRECTION('',(1.0,-4.73189468717015E-33,7.72777047302893E-17));
#4662=DIRECTION('',(7.72777047302893E-17,6.12323399573676E-17,-1.0));
#4663=SURFACE_STYLE_FILL_AREA(#6969);
#4664=ORIENTED_EDGE('',*,*,#6418,.F.);
#4665=ORIENTED_EDGE('',*,*,#6970,.F.);
#4666=ORIENTED_EDGE('',*,*,#6971,.T.);
#4667=ORIENTED_EDGE('',*,*,#6967,.T.);
#4668=CARTESIAN_POINT('',(-4.9960036108132E-16,-0.1,-2.92));
#4669=DIRECTION('',(-0.0,1.0,6.12323399573677E-17));
#4670=DIRECTION('',(1.0,0.0,0.0));
#4671=SURFACE_STYLE_FILL_AREA(#6972);
#4672=ORIENTED_EDGE('',*,*,#6417,.F.);
#4673=ORIENTED_EDGE('',*,*,#6965,.F.);
#4674=ORIENTED_EDGE('',*,*,#6973,.T.);
#4675=ORIENTED_EDGE('',*,*,#6970,.T.);
#4676=CARTESIAN_POINT('',(-0.6,-0.1,-9.385));
#4677=DIRECTION('',(-1.0,3.68036253446568E-33,-6.01048814568917E-17));
#4678=DIRECTION('',(-6.01048814568917E-17,-6.12323399573676E-17,1.0));
#4679=SURFACE_STYLE_FILL_AREA(#6974);
#4680=ORIENTED_EDGE('',*,*,#6964,.F.);
#4681=ORIENTED_EDGE('',*,*,#6968,.F.);
#4682=ORIENTED_EDGE('',*,*,#6971,.F.);
#4683=ORIENTED_EDGE('',*,*,#6973,.F.);
#4684=CARTESIAN_POINT('',(-5.55111512312578E-17,-0.1,-9.2095845966203));
#4685=DIRECTION('',(-0.0,1.0,6.12323399573676E-17));
#4686=DIRECTION('',(1.0,0.0,0.0));
#4687=SURFACE_STYLE_FILL_AREA(#6975);
#4688=ORIENTED_EDGE('',*,*,#6976,.F.);
#4689=ORIENTED_EDGE('',*,*,#6488,.F.);
#4690=ORIENTED_EDGE('',*,*,#6381,.F.);
#4691=ORIENTED_EDGE('',*,*,#6977,.F.);
#4692=CARTESIAN_POINT('',(-5.74,5.35,-8.095));
#4693=DIRECTION('',(1.0,0.0,0.0));
#4694=DIRECTION('',(0.0,0.0,-1.0));
#4695=SURFACE_STYLE_FILL_AREA(#6978);
#4696=ORIENTED_EDGE('',*,*,#6979,.F.);
#4697=ORIENTED_EDGE('',*,*,#6383,.F.);
#4698=ORIENTED_EDGE('',*,*,#6487,.T.);
#4699=ORIENTED_EDGE('',*,*,#6980,.F.);
#4700=CARTESIAN_POINT('',(5.74,5.35,-8.095));
#4701=DIRECTION('',(-1.0,0.0,0.0));
#4702=DIRECTION('',(0.0,0.0,1.0));
#4703=SURFACE_STYLE_FILL_AREA(#6981);
#4704=ORIENTED_EDGE('',*,*,#6363,.T.);
#4705=ORIENTED_EDGE('',*,*,#6982,.T.);
#4706=ORIENTED_EDGE('',*,*,#6983,.T.);
#4707=ORIENTED_EDGE('',*,*,#6984,.F.);
#4708=CARTESIAN_POINT('',(4.7,6.34,-0.4));
#4709=DIRECTION('',(0.0,0.0,1.0));
#4710=DIRECTION('',(1.0,0.0,0.0));
#4711=SURFACE_STYLE_FILL_AREA(#6985);
#4712=ORIENTED_EDGE('',*,*,#6799,.T.);
#4713=ORIENTED_EDGE('',*,*,#6385,.T.);
#4714=ORIENTED_EDGE('',*,*,#6986,.T.);
#4715=ORIENTED_EDGE('',*,*,#6987,.F.);
#4716=ORIENTED_EDGE('',*,*,#6988,.F.);
#4717=ORIENTED_EDGE('',*,*,#6989,.T.);
#4718=CARTESIAN_POINT('',(4.55,2.14,-0.4));
#4719=DIRECTION('',(1.0,1.61486985400023E-15,0.0));
#4720=DIRECTION('',(-1.61486985400023E-15,1.0,0.0));
#4721=SURFACE_STYLE_FILL_AREA(#6990);
#4722=ORIENTED_EDGE('',*,*,#6394,.T.);
#4723=ORIENTED_EDGE('',*,*,#6991,.T.);
#4724=ORIENTED_EDGE('',*,*,#6992,.F.);
#4725=ORIENTED_EDGE('',*,*,#6986,.F.);
#4726=CARTESIAN_POINT('',(4.05,1.59,-0.4));
#4727=DIRECTION('',(0.0,0.0,1.0));
#4728=DIRECTION('',(1.0,0.0,0.0));
#4729=SURFACE_STYLE_FILL_AREA(#6993);
#4730=ORIENTED_EDGE('',*,*,#6393,.T.);
#4731=ORIENTED_EDGE('',*,*,#6994,.T.);
#4732=ORIENTED_EDGE('',*,*,#6995,.F.);
#4733=ORIENTED_EDGE('',*,*,#6991,.F.);
#4734=CARTESIAN_POINT('',(1.77635683940025E-15,1.09,-0.4));
#4735=DIRECTION('',(1.09651656753102E-16,-1.0,0.0));
#4736=DIRECTION('',(1.0,1.09651656753102E-16,0.0));
#4737=SURFACE_STYLE_FILL_AREA(#6996);
#4738=ORIENTED_EDGE('',*,*,#6392,.T.);
#4739=ORIENTED_EDGE('',*,*,#6997,.T.);
#4740=ORIENTED_EDGE('',*,*,#6998,.F.);
#4741=ORIENTED_EDGE('',*,*,#6994,.F.);
#4742=CARTESIAN_POINT('',(-4.05,1.59,-0.4));
#4743=DIRECTION('',(0.0,0.0,1.0));
#4744=DIRECTION('',(1.0,0.0,0.0));
#4745=SURFACE_STYLE_FILL_AREA(#6999);
#4746=ORIENTED_EDGE('',*,*,#6370,.T.);
#4747=ORIENTED_EDGE('',*,*,#6327,.F.);
#4748=ORIENTED_EDGE('',*,*,#7000,.F.);
#4749=ORIENTED_EDGE('',*,*,#7001,.F.);
#4750=ORIENTED_EDGE('',*,*,#7002,.F.);
#4751=ORIENTED_EDGE('',*,*,#7003,.T.);
#4752=ORIENTED_EDGE('',*,*,#7004,.T.);
#4753=ORIENTED_EDGE('',*,*,#7005,.T.);
#4754=ORIENTED_EDGE('',*,*,#7006,.F.);
#4755=ORIENTED_EDGE('',*,*,#7007,.F.);
#4756=ORIENTED_EDGE('',*,*,#6334,.F.);
#4757=ORIENTED_EDGE('',*,*,#7008,.F.);
#4758=ORIENTED_EDGE('',*,*,#7009,.F.);
#4759=ORIENTED_EDGE('',*,*,#7010,.F.);
#4760=ORIENTED_EDGE('',*,*,#6812,.T.);
#4761=ORIENTED_EDGE('',*,*,#6376,.T.);
#4762=CARTESIAN_POINT('',(6.45317133063372E-16,4.87629322416808,-0.31));
#4763=DIRECTION('',(0.0,0.0,1.0));
#4764=DIRECTION('',(1.0,0.0,0.0));
#4765=SURFACE_STYLE_FILL_AREA(#7011);
#4766=ORIENTED_EDGE('',*,*,#6830,.T.);
#4767=ORIENTED_EDGE('',*,*,#6791,.T.);
#4768=ORIENTED_EDGE('',*,*,#6796,.T.);
#4769=ORIENTED_EDGE('',*,*,#6989,.F.);
#4770=ORIENTED_EDGE('',*,*,#7012,.F.);
#4771=ORIENTED_EDGE('',*,*,#7013,.F.);
#4772=ORIENTED_EDGE('',*,*,#6341,.F.);
#4773=ORIENTED_EDGE('',*,*,#7014,.F.);
#4774=ORIENTED_EDGE('',*,*,#7015,.F.);
#4775=ORIENTED_EDGE('',*,*,#7016,.T.);
#4776=ORIENTED_EDGE('',*,*,#7017,.T.);
#4777=ORIENTED_EDGE('',*,*,#7018,.T.);
#4778=ORIENTED_EDGE('',*,*,#7019,.F.);
#4779=ORIENTED_EDGE('',*,*,#7020,.F.);
#4780=ORIENTED_EDGE('',*,*,#6982,.F.);
#4781=ORIENTED_EDGE('',*,*,#6368,.F.);
#4782=CARTESIAN_POINT('',(6.45317133063372E-16,4.87629322416808,-0.31));
#4783=DIRECTION('',(0.0,0.0,1.0));
#4784=DIRECTION('',(1.0,0.0,0.0));
#4785=SURFACE_STYLE_FILL_AREA(#7021);
#4786=ORIENTED_EDGE('',*,*,#6391,.T.);
#4787=ORIENTED_EDGE('',*,*,#6810,.T.);
#4788=ORIENTED_EDGE('',*,*,#7010,.T.);
#4789=ORIENTED_EDGE('',*,*,#7022,.T.);
#4790=ORIENTED_EDGE('',*,*,#7023,.F.);
#4791=ORIENTED_EDGE('',*,*,#6997,.F.);
#4792=CARTESIAN_POINT('',(-4.55,2.14,-0.4));
#4793=DIRECTION('',(-1.0,0.0,0.0));
#4794=DIRECTION('',(0.0,-1.0,0.0));
#4795=SURFACE_STYLE_FILL_AREA(#7024);
#4796=ORIENTED_EDGE('',*,*,#6519,.T.);
#4797=ORIENTED_EDGE('',*,*,#7025,.F.);
#4798=ORIENTED_EDGE('',*,*,#7026,.F.);
#4799=ORIENTED_EDGE('',*,*,#7027,.F.);
#4800=CARTESIAN_POINT('',(0.0,7.95,-11.07));
#4801=DIRECTION('',(0.0,0.0,1.0));
#4802=DIRECTION('',(1.0,0.0,0.0));
#4803=SURFACE_STYLE_FILL_AREA(#7028);
#4804=ORIENTED_EDGE('',*,*,#6518,.T.);
#4805=ORIENTED_EDGE('',*,*,#7029,.T.);
#4806=ORIENTED_EDGE('',*,*,#7030,.F.);
#4807=ORIENTED_EDGE('',*,*,#7025,.T.);
#4808=CARTESIAN_POINT('',(0.0,8.65,-10.285));
#4809=DIRECTION('',(0.0,-1.0,0.0));
#4810=DIRECTION('',(0.0,0.0,-1.0));
#4811=SURFACE_STYLE_FILL_AREA(#7031);
#4812=ORIENTED_EDGE('',*,*,#6501,.T.);
#4813=ORIENTED_EDGE('',*,*,#7032,.T.);
#4814=ORIENTED_EDGE('',*,*,#7033,.F.);
#4815=ORIENTED_EDGE('',*,*,#7034,.T.);
#4816=CARTESIAN_POINT('',(0.0,2.3,-10.285));
#4817=DIRECTION('',(0.0,1.0,0.0));
#4818=DIRECTION('',(0.0,0.0,1.0));
#4819=SURFACE_STYLE_FILL_AREA(#7035);
#4820=ORIENTED_EDGE('',*,*,#6500,.T.);
#4821=ORIENTED_EDGE('',*,*,#7036,.F.);
#4822=ORIENTED_EDGE('',*,*,#7037,.F.);
#4823=ORIENTED_EDGE('',*,*,#7032,.F.);
#4824=CARTESIAN_POINT('',(0.0,3.0,-11.07));
#4825=DIRECTION('',(0.0,0.0,1.0));
#4826=DIRECTION('',(1.0,0.0,0.0));
#4827=SURFACE_STYLE_FILL_AREA(#7038);
#4828=ORIENTED_EDGE('',*,*,#6551,.T.);
#4829=ORIENTED_EDGE('',*,*,#7039,.T.);
#4830=ORIENTED_EDGE('',*,*,#7040,.F.);
#4831=ORIENTED_EDGE('',*,*,#7041,.T.);
#4832=CARTESIAN_POINT('',(0.0,8.65,-10.285));
#4833=DIRECTION('',(0.0,-1.0,0.0));
#4834=DIRECTION('',(0.0,0.0,-1.0));
#4835=SURFACE_STYLE_FILL_AREA(#7042);
#4836=ORIENTED_EDGE('',*,*,#6550,.T.);
#4837=ORIENTED_EDGE('',*,*,#7043,.F.);
#4838=ORIENTED_EDGE('',*,*,#7044,.F.);
#4839=ORIENTED_EDGE('',*,*,#7039,.F.);
#4840=CARTESIAN_POINT('',(0.0,7.95,-11.07));
#4841=DIRECTION('',(0.0,0.0,1.0));
#4842=DIRECTION('',(1.0,0.0,0.0));
#4843=SURFACE_STYLE_FILL_AREA(#7045);
#4844=ORIENTED_EDGE('',*,*,#6533,.T.);
#4845=ORIENTED_EDGE('',*,*,#7046,.T.);
#4846=ORIENTED_EDGE('',*,*,#7047,.F.);
#4847=ORIENTED_EDGE('',*,*,#7048,.T.);
#4848=CARTESIAN_POINT('',(0.0,2.3,-10.285));
#4849=DIRECTION('',(0.0,1.0,0.0));
#4850=DIRECTION('',(0.0,0.0,1.0));
#4851=SURFACE_STYLE_FILL_AREA(#7049);
#4852=ORIENTED_EDGE('',*,*,#6532,.T.);
#4853=ORIENTED_EDGE('',*,*,#7050,.F.);
#4854=ORIENTED_EDGE('',*,*,#7051,.F.);
#4855=ORIENTED_EDGE('',*,*,#7046,.F.);
#4856=CARTESIAN_POINT('',(0.0,3.0,-9.5));
#4857=DIRECTION('',(0.0,0.0,1.0));
#4858=DIRECTION('',(1.0,0.0,0.0));
#4859=SURFACE_STYLE_FILL_AREA(#7052);
#4860=ORIENTED_EDGE('',*,*,#6529,.T.);
#4861=ORIENTED_EDGE('',*,*,#7053,.T.);
#4862=ORIENTED_EDGE('',*,*,#7054,.F.);
#4863=ORIENTED_EDGE('',*,*,#7055,.T.);
#4864=CARTESIAN_POINT('',(0.0,6.2,-14.185));
#4865=DIRECTION('',(0.0,-1.0,0.0));
#4866=DIRECTION('',(0.0,0.0,-1.0));
#4867=SURFACE_STYLE_FILL_AREA(#7056);
#4868=ORIENTED_EDGE('',*,*,#6495,.T.);
#4869=ORIENTED_EDGE('',*,*,#7057,.T.);
#4870=ORIENTED_EDGE('',*,*,#7058,.F.);
#4871=ORIENTED_EDGE('',*,*,#7059,.T.);
#4872=CARTESIAN_POINT('',(0.0,6.2,-14.185));
#4873=DIRECTION('',(0.0,-1.0,0.0));
#4874=DIRECTION('',(0.0,0.0,-1.0));
#4875=SURFACE_STYLE_FILL_AREA(#7060);
#4876=ORIENTED_EDGE('',*,*,#6528,.T.);
#4877=ORIENTED_EDGE('',*,*,#7061,.F.);
#4878=ORIENTED_EDGE('',*,*,#7062,.F.);
#4879=ORIENTED_EDGE('',*,*,#7053,.F.);
#4880=CARTESIAN_POINT('',(0.0,5.4,-14.97));
#4881=DIRECTION('',(0.0,0.0,1.0));
#4882=DIRECTION('',(1.0,0.0,0.0));
#4883=SURFACE_STYLE_FILL_AREA(#7063);
#4884=ORIENTED_EDGE('',*,*,#6496,.T.);
#4885=ORIENTED_EDGE('',*,*,#7059,.F.);
#4886=ORIENTED_EDGE('',*,*,#7064,.F.);
#4887=ORIENTED_EDGE('',*,*,#7065,.F.);
#4888=CARTESIAN_POINT('',(0.0,5.4,-14.97));
#4889=DIRECTION('',(0.0,0.0,1.0));
#4890=DIRECTION('',(1.0,0.0,0.0));
#4891=SURFACE_STYLE_FILL_AREA(#7066);
#4892=ORIENTED_EDGE('',*,*,#6527,.T.);
#4893=ORIENTED_EDGE('',*,*,#7067,.T.);
#4894=ORIENTED_EDGE('',*,*,#7068,.F.);
#4895=ORIENTED_EDGE('',*,*,#7061,.T.);
#4896=CARTESIAN_POINT('',(0.0,4.6,-14.185));
#4897=DIRECTION('',(0.0,1.0,0.0));
#4898=DIRECTION('',(0.0,0.0,1.0));
#4899=SURFACE_STYLE_FILL_AREA(#7069);
#4900=ORIENTED_EDGE('',*,*,#6526,.T.);
#4901=ORIENTED_EDGE('',*,*,#7055,.F.);
#4902=ORIENTED_EDGE('',*,*,#7070,.F.);
#4903=ORIENTED_EDGE('',*,*,#7067,.F.);
#4904=CARTESIAN_POINT('',(0.0,5.4,-13.4));
#4905=DIRECTION('',(0.0,0.0,1.0));
#4906=DIRECTION('',(1.0,0.0,0.0));
#4907=SURFACE_STYLE_FILL_AREA(#7071);
#4908=ORIENTED_EDGE('',*,*,#6453,.T.);
#4909=ORIENTED_EDGE('',*,*,#7072,.T.);
#4910=ORIENTED_EDGE('',*,*,#7073,.T.);
#4911=ORIENTED_EDGE('',*,*,#7074,.T.);
#4912=CARTESIAN_POINT('',(-6.05,0.2,-0.409999999999996));
#4913=DIRECTION('',(-6.12323399573676E-17,0.0,1.0));
#4914=DIRECTION('',(0.0,-1.0,0.0));
#4915=SURFACE_STYLE_FILL_AREA(#7075);
#4916=ORIENTED_EDGE('',*,*,#6452,.T.);
#4917=ORIENTED_EDGE('',*,*,#7076,.F.);
#4918=ORIENTED_EDGE('',*,*,#7077,.F.);
#4919=ORIENTED_EDGE('',*,*,#7072,.F.);
#4920=CARTESIAN_POINT('',(-5.42,-0.4,-0.5115));
#4921=DIRECTION('',(1.0,0.0,0.0));
#4922=DIRECTION('',(0.0,6.12323399573676E-17,-1.0));
#4923=SURFACE_STYLE_FILL_AREA(#7078);
#4924=ORIENTED_EDGE('',*,*,#6451,.T.);
#4925=ORIENTED_EDGE('',*,*,#6976,.T.);
#4926=ORIENTED_EDGE('',*,*,#7079,.F.);
#4927=ORIENTED_EDGE('',*,*,#7080,.F.);
#4928=ORIENTED_EDGE('',*,*,#7081,.F.);
#4929=ORIENTED_EDGE('',*,*,#7076,.T.);
#4930=CARTESIAN_POINT('',(-5.97,-0.4,-0.613));
#4931=DIRECTION('',(0.0,6.12323399573676E-17,-1.0));
#4932=DIRECTION('',(-1.0,0.0,0.0));
#4933=SURFACE_STYLE_FILL_AREA(#7082);
#4934=ORIENTED_EDGE('',*,*,#6977,.T.);
#4935=ORIENTED_EDGE('',*,*,#6380,.T.);
#4936=ORIENTED_EDGE('',*,*,#6979,.T.);
#4937=ORIENTED_EDGE('',*,*,#7083,.T.);
#4938=ORIENTED_EDGE('',*,*,#7084,.F.);
#4939=ORIENTED_EDGE('',*,*,#7085,.F.);
#4940=ORIENTED_EDGE('',*,*,#7086,.F.);
#4941=ORIENTED_EDGE('',*,*,#7079,.T.);
#4942=CARTESIAN_POINT('',(-6.05,0.4,-0.204999999999998));
#4943=DIRECTION('',(-1.65808667493525E-32,-1.0,2.70786103567114E-16));
#4944=DIRECTION('',(6.12323399573676E-17,-2.70786103567114E-16,-1.0));
#4945=SURFACE_STYLE_FILL_AREA(#7087);
#4946=ORIENTED_EDGE('',*,*,#6980,.T.);
#4947=ORIENTED_EDGE('',*,*,#6486,.T.);
#4948=ORIENTED_EDGE('',*,*,#7088,.F.);
#4949=ORIENTED_EDGE('',*,*,#7089,.F.);
#4950=ORIENTED_EDGE('',*,*,#7090,.F.);
#4951=ORIENTED_EDGE('',*,*,#7083,.F.);
#4952=CARTESIAN_POINT('',(5.97,-0.4,-0.613000000000002));
#4953=DIRECTION('',(2.8260222445004E-15,6.12323399573676E-17,-1.0));
#4954=DIRECTION('',(-1.0,1.73043954802332E-31,-2.8260222445004E-15));
#4955=SURFACE_STYLE_FILL_AREA(#7091);
#4956=ORIENTED_EDGE('',*,*,#6485,.T.);
#4957=ORIENTED_EDGE('',*,*,#7092,.F.);
#4958=ORIENTED_EDGE('',*,*,#7093,.F.);
#4959=ORIENTED_EDGE('',*,*,#7088,.T.);
#4960=CARTESIAN_POINT('',(5.42,-0.4,-0.511499999999999));
#4961=DIRECTION('',(-1.0,0.0,0.0));
#4962=DIRECTION('',(0.0,-6.12323399573676E-17,1.0));
#4963=SURFACE_STYLE_FILL_AREA(#7094);
#4964=ORIENTED_EDGE('',*,*,#6484,.T.);
#4965=ORIENTED_EDGE('',*,*,#7095,.T.);
#4966=ORIENTED_EDGE('',*,*,#7096,.T.);
#4967=ORIENTED_EDGE('',*,*,#7092,.T.);
#4968=CARTESIAN_POINT('',(-6.05,0.2,-0.409999999999996));
#4969=DIRECTION('',(-6.12323399573676E-17,0.0,1.0));
#4970=DIRECTION('',(0.0,-1.0,0.0));
#4971=SURFACE_STYLE_FILL_AREA(#7097);
#4972=ORIENTED_EDGE('',*,*,#6483,.T.);
#4973=ORIENTED_EDGE('',*,*,#7098,.F.);
#4974=ORIENTED_EDGE('',*,*,#7099,.F.);
#4975=ORIENTED_EDGE('',*,*,#7095,.F.);
#4976=CARTESIAN_POINT('',(2.748,-0.4,-0.886500000000011));
#4977=DIRECTION('',(1.0,0.0,0.0));
#4978=DIRECTION('',(0.0,6.12323399573676E-17,-1.0));
#4979=SURFACE_STYLE_FILL_AREA(#7100);
#4980=ORIENTED_EDGE('',*,*,#6482,.T.);
#4981=ORIENTED_EDGE('',*,*,#7101,.F.);
#4982=ORIENTED_EDGE('',*,*,#7102,.F.);
#4983=ORIENTED_EDGE('',*,*,#7098,.T.);
#4984=CARTESIAN_POINT('',(1.899,-0.4,-1.363));
#4985=DIRECTION('',(0.0,6.12323399573676E-17,-1.0));
#4986=DIRECTION('',(-1.0,0.0,0.0));
#4987=SURFACE_STYLE_FILL_AREA(#7103);
#4988=ORIENTED_EDGE('',*,*,#6481,.T.);
#4989=ORIENTED_EDGE('',*,*,#7104,.F.);
#4990=ORIENTED_EDGE('',*,*,#7105,.F.);
#4991=ORIENTED_EDGE('',*,*,#7101,.T.);
#4992=CARTESIAN_POINT('',(1.05,-0.4,-0.8865));
#4993=DIRECTION('',(-1.0,0.0,0.0));
#4994=DIRECTION('',(0.0,-6.12323399573676E-17,1.0));
#4995=SURFACE_STYLE_FILL_AREA(#7106);
#4996=ORIENTED_EDGE('',*,*,#6480,.T.);
#4997=ORIENTED_EDGE('',*,*,#7107,.T.);
#4998=ORIENTED_EDGE('',*,*,#7108,.T.);
#4999=ORIENTED_EDGE('',*,*,#7104,.T.);
#5000=CARTESIAN_POINT('',(-6.05,0.2,-0.409999999999996));
#5001=DIRECTION('',(-6.12323399573676E-17,0.0,1.0));
#5002=DIRECTION('',(0.0,-1.0,0.0));
#5003=SURFACE_STYLE_FILL_AREA(#7109);
#5004=ORIENTED_EDGE('',*,*,#6479,.T.);
#5005=ORIENTED_EDGE('',*,*,#7110,.F.);
#5006=ORIENTED_EDGE('',*,*,#7111,.F.);
#5007=ORIENTED_EDGE('',*,*,#7107,.F.);
#5008=CARTESIAN_POINT('',(0.198999999999999,-0.4,-1.36280390031204));
#5009=DIRECTION('',(1.0,-6.24303274197558E-32,1.01956461999039E-15));
#5010=DIRECTION('',(1.01956461999039E-15,6.12323399573676E-17,-1.0));
#5011=SURFACE_STYLE_FILL_AREA(#7112);
#5012=ORIENTED_EDGE('',*,*,#6478,.T.);
#5013=ORIENTED_EDGE('',*,*,#7113,.F.);
#5014=ORIENTED_EDGE('',*,*,#7114,.F.);
#5015=ORIENTED_EDGE('',*,*,#7110,.T.);
#5016=CARTESIAN_POINT('',(0.249999999999997,-0.4,-2.813));
#5017=DIRECTION('',(-0.0,1.0,6.12323399573676E-17));
#5018=DIRECTION('',(1.0,0.0,0.0));
#5019=SURFACE_STYLE_FILL_AREA(#7115);
#5020=ORIENTED_EDGE('',*,*,#6477,.T.);
#5021=ORIENTED_EDGE('',*,*,#7116,.F.);
#5022=ORIENTED_EDGE('',*,*,#7117,.F.);
#5023=ORIENTED_EDGE('',*,*,#7113,.T.);
#5024=CARTESIAN_POINT('',(0.75,-0.4,-5.453));
#5025=DIRECTION('',(1.0,2.57505885122517E-33,-4.20539024479226E-17));
#5026=DIRECTION('',(-4.20539024479226E-17,6.12323399573676E-17,-1.0));
#5027=SURFACE_STYLE_FILL_AREA(#7118);
#5028=ORIENTED_EDGE('',*,*,#6476,.T.);
#5029=ORIENTED_EDGE('',*,*,#7119,.T.);
#5030=ORIENTED_EDGE('',*,*,#7120,.F.);
#5031=ORIENTED_EDGE('',*,*,#7116,.T.);
#5032=CARTESIAN_POINT('',(-6.05,0.2,-8.093));
#5033=DIRECTION('',(6.12323399573676E-17,0.0,-1.0));
#5034=DIRECTION('',(0.0,1.0,0.0));
#5035=SURFACE_STYLE_FILL_AREA(#7121);
#5036=ORIENTED_EDGE('',*,*,#6475,.T.);
#5037=ORIENTED_EDGE('',*,*,#7122,.F.);
#5038=ORIENTED_EDGE('',*,*,#7123,.F.);
#5039=ORIENTED_EDGE('',*,*,#7119,.F.);
#5040=CARTESIAN_POINT('',(3.22,-0.4,-7.378));
#5041=DIRECTION('',(-1.0,-3.80316384180948E-32,6.21103790000087E-16));
#5042=DIRECTION('',(6.21103790000087E-16,-6.12323399573676E-17,1.0));
#5043=SURFACE_STYLE_FILL_AREA(#7124);
#5044=ORIENTED_EDGE('',*,*,#6474,.T.);
#5045=ORIENTED_EDGE('',*,*,#7125,.F.);
#5046=ORIENTED_EDGE('',*,*,#7126,.F.);
#5047=ORIENTED_EDGE('',*,*,#7122,.T.);
#5048=CARTESIAN_POINT('',(3.87,-0.4,-6.663));
#5049=DIRECTION('',(-0.0,1.0,6.12323399573676E-17));
#5050=DIRECTION('',(1.0,0.0,0.0));
#5051=SURFACE_STYLE_FILL_AREA(#7127);
#5052=ORIENTED_EDGE('',*,*,#6473,.T.);
#5053=ORIENTED_EDGE('',*,*,#7128,.F.);
#5054=ORIENTED_EDGE('',*,*,#7129,.F.);
#5055=ORIENTED_EDGE('',*,*,#7125,.T.);
#5056=CARTESIAN_POINT('',(4.52,-0.4,-7.378));
#5057=DIRECTION('',(1.0,0.0,0.0));
#5058=DIRECTION('',(0.0,6.12323399573676E-17,-1.0));
#5059=SURFACE_STYLE_FILL_AREA(#7130);
#5060=ORIENTED_EDGE('',*,*,#6472,.T.);
#5061=ORIENTED_EDGE('',*,*,#6540,.T.);
#5062=ORIENTED_EDGE('',*,*,#7131,.T.);
#5063=ORIENTED_EDGE('',*,*,#7132,.T.);
#5064=ORIENTED_EDGE('',*,*,#7133,.F.);
#5065=ORIENTED_EDGE('',*,*,#7128,.T.);
#5066=CARTESIAN_POINT('',(-6.05,0.2,-8.093));
#5067=DIRECTION('',(6.12323399573676E-17,0.0,-1.0));
#5068=DIRECTION('',(0.0,1.0,0.0));
#5069=SURFACE_STYLE_FILL_AREA(#7134);
#5070=ORIENTED_EDGE('',*,*,#6543,.T.);
#5071=ORIENTED_EDGE('',*,*,#7135,.T.);
#5072=ORIENTED_EDGE('',*,*,#7136,.T.);
#5073=ORIENTED_EDGE('',*,*,#7131,.F.);
#5074=CARTESIAN_POINT('',(-6.05,0.4,-8.343));
#5075=DIRECTION('',(1.0,0.0,6.12323399573676E-17));
#5076=DIRECTION('',(6.12323399573676E-17,0.0,-1.0));
#5077=SURFACE_STYLE_FILL_AREA(#7137);
#5078=ORIENTED_EDGE('',*,*,#6542,.T.);
#5079=ORIENTED_EDGE('',*,*,#7138,.T.);
#5080=ORIENTED_EDGE('',*,*,#7139,.T.);
#5081=ORIENTED_EDGE('',*,*,#7135,.F.);
#5082=CARTESIAN_POINT('',(-6.05,0.4,-8.9315));
#5083=DIRECTION('',(-5.02079421509192E-33,-1.0,8.19957920698048E-17));
#5084=DIRECTION('',(6.12323399573676E-17,-8.19957920698048E-17,-1.0));
#5085=SURFACE_STYLE_FILL_AREA(#7140);
#5086=ORIENTED_EDGE('',*,*,#6411,.T.);
#5087=ORIENTED_EDGE('',*,*,#7141,.T.);
#5088=ORIENTED_EDGE('',*,*,#7142,.T.);
#5089=ORIENTED_EDGE('',*,*,#7143,.T.);
#5090=CARTESIAN_POINT('',(-6.05,0.4,-8.9315));
#5091=DIRECTION('',(-5.02079421509192E-33,-1.0,8.19957920698048E-17));
#5092=DIRECTION('',(6.12323399573676E-17,-8.19957920698048E-17,-1.0));
#5093=SURFACE_STYLE_FILL_AREA(#7144);
#5094=ORIENTED_EDGE('',*,*,#7145,.F.);
#5095=ORIENTED_EDGE('',*,*,#7146,.F.);
#5096=ORIENTED_EDGE('',*,*,#7147,.F.);
#5097=ORIENTED_EDGE('',*,*,#7148,.T.);
#5098=ORIENTED_EDGE('',*,*,#7149,.F.);
#5099=ORIENTED_EDGE('',*,*,#7150,.F.);
#5100=CARTESIAN_POINT('',(8.19601173047101,0.0763634245219915,-8.4));
#5101=DIRECTION('',(1.22464679914735E-16,0.0,-1.0));
#5102=DIRECTION('',(-1.0,0.0,-1.22464679914735E-16));
#5103=SURFACE_STYLE_FILL_AREA(#7151);
#5104=ORIENTED_EDGE('',*,*,#7152,.F.);
#5105=ORIENTED_EDGE('',*,*,#7153,.T.);
#5106=ORIENTED_EDGE('',*,*,#7154,.F.);
#5107=ORIENTED_EDGE('',*,*,#7146,.T.);
#5108=CARTESIAN_POINT('',(9.0,0.780000000000001,-9.4));
#5109=DIRECTION('',(-1.83697019872103E-16,1.70803542250024E-16,1.0));
#5110=DIRECTION('',(3.13761016949282E-32,1.0,-1.70803542250024E-16));
#5111=SURFACE_STYLE_FILL_AREA(#7155);
#5112=ORIENTED_EDGE('',*,*,#7156,.F.);
#5113=ORIENTED_EDGE('',*,*,#7150,.T.);
#5114=ORIENTED_EDGE('',*,*,#7157,.T.);
#5115=ORIENTED_EDGE('',*,*,#7158,.T.);
#5116=CARTESIAN_POINT('',(9.0,0.780000000000001,-11.4));
#5117=DIRECTION('',(1.83697019872103E-16,-1.70803542250024E-16,-1.0));
#5118=DIRECTION('',(-3.13761016949282E-32,-1.0,1.70803542250024E-16));
#5119=SURFACE_STYLE_FILL_AREA(#7159);
#5120=ORIENTED_EDGE('',*,*,#7160,.T.);
#5121=ORIENTED_EDGE('',*,*,#6359,.T.);
#5122=ORIENTED_EDGE('',*,*,#7161,.T.);
#5123=ORIENTED_EDGE('',*,*,#7162,.T.);
#5124=ORIENTED_EDGE('',*,*,#7163,.T.);
#5125=ORIENTED_EDGE('',*,*,#7157,.F.);
#5126=ORIENTED_EDGE('',*,*,#7149,.T.);
#5127=ORIENTED_EDGE('',*,*,#7164,.T.);
#5128=ORIENTED_EDGE('',*,*,#6354,.T.);
#5129=ORIENTED_EDGE('',*,*,#7165,.T.);
#5130=ORIENTED_EDGE('',*,*,#7166,.T.);
#5131=ORIENTED_EDGE('',*,*,#7167,.T.);
#5132=CARTESIAN_POINT('',(9.0,-1.90031937109711,-11.2874387061995));
#5133=DIRECTION('',(1.83089260526642E-16,-0.0812774843884494,-0.996691512220048));
#5134=DIRECTION('',(-1.49304316648595E-17,-0.996691512220048,0.0812774843884494));
#5135=SURFACE_STYLE_FILL_AREA(#7168);
#5136=ORIENTED_EDGE('',*,*,#7169,.T.);
#5137=ORIENTED_EDGE('',*,*,#7167,.F.);
#5138=ORIENTED_EDGE('',*,*,#7170,.T.);
#5139=ORIENTED_EDGE('',*,*,#7171,.T.);
#5140=CARTESIAN_POINT('',(9.0,-3.24,-10.6765316562891));
#5141=DIRECTION('',(-1.0,0.0,-1.83697019872103E-16));
#5142=DIRECTION('',(-1.83697019872103E-16,0.0,1.0));
#5143=SURFACE_STYLE_FILL_AREA(#7172);
#5144=ORIENTED_EDGE('',*,*,#7173,.T.);
#5145=ORIENTED_EDGE('',*,*,#7171,.F.);
#5146=ORIENTED_EDGE('',*,*,#7174,.T.);
#5147=ORIENTED_EDGE('',*,*,#7175,.T.);
#5148=CARTESIAN_POINT('',(9.0,-3.74,-10.4));
#5149=DIRECTION('',(4.148489665218E-32,-1.0,-2.25833258923109E-16));
#5150=DIRECTION('',(-1.83697019872103E-16,-2.25833258923109E-16,1.0));
#5151=SURFACE_STYLE_FILL_AREA(#7176);
#5152=ORIENTED_EDGE('',*,*,#7177,.T.);
#5153=ORIENTED_EDGE('',*,*,#7175,.F.);
#5154=ORIENTED_EDGE('',*,*,#7178,.T.);
#5155=ORIENTED_EDGE('',*,*,#7179,.T.);
#5156=CARTESIAN_POINT('',(9.0,-3.24,-10.1234683437109));
#5157=DIRECTION('',(-1.0,0.0,-1.83697019872103E-16));
#5158=DIRECTION('',(-1.83697019872103E-16,0.0,1.0));
#5159=SURFACE_STYLE_FILL_AREA(#7180);
#5160=ORIENTED_EDGE('',*,*,#7181,.T.);
#5161=ORIENTED_EDGE('',*,*,#7179,.F.);
#5162=ORIENTED_EDGE('',*,*,#7182,.T.);
#5163=ORIENTED_EDGE('',*,*,#7183,.T.);
#5164=ORIENTED_EDGE('',*,*,#6356,.T.);
#5165=ORIENTED_EDGE('',*,*,#7184,.T.);
#5166=ORIENTED_EDGE('',*,*,#7147,.T.);
#5167=ORIENTED_EDGE('',*,*,#7154,.T.);
#5168=ORIENTED_EDGE('',*,*,#7185,.T.);
#5169=ORIENTED_EDGE('',*,*,#7186,.T.);
#5170=ORIENTED_EDGE('',*,*,#7187,.T.);
#5171=ORIENTED_EDGE('',*,*,#6361,.T.);
#5172=CARTESIAN_POINT('',(9.0,-1.90031937109711,-9.51256129380045));
#5173=DIRECTION('',(-1.83089260526642E-16,-0.0812774843884497,0.996691512220048));
#5174=DIRECTION('',(-1.49304316648596E-17,0.996691512220048,0.0812774843884497));
#5175=SURFACE_STYLE_FILL_AREA(#7188);
#5176=ORIENTED_EDGE('',*,*,#6358,.T.);
#5177=ORIENTED_EDGE('',*,*,#7187,.F.);
#5178=ORIENTED_EDGE('',*,*,#7189,.T.);
#5179=ORIENTED_EDGE('',*,*,#7161,.F.);
#5180=CARTESIAN_POINT('',(6.34784591596503,-2.3951198516252,-8.4));
#5181=DIRECTION('',(1.22464679914735E-16,0.0,-1.0));
#5182=DIRECTION('',(-1.0,0.0,-1.22464679914735E-16));
#5183=SURFACE_STYLE_FILL_AREA(#7190);
#5184=ORIENTED_EDGE('',*,*,#7186,.F.);
#5185=ORIENTED_EDGE('',*,*,#7191,.T.);
#5186=ORIENTED_EDGE('',*,*,#7162,.F.);
#5187=ORIENTED_EDGE('',*,*,#7189,.F.);
#5188=CARTESIAN_POINT('',(6.40666932994649,-1.54577594552628,-8.4));
#5189=DIRECTION('',(-0.754709580222772,-0.656059028990508,-9.2425267170566E-17));
#5190=DIRECTION('',(-0.656059028990508,0.754709580222772,-8.03440589904946E-17));
#5191=SURFACE_STYLE_FILL_AREA(#7192);
#5192=ORIENTED_EDGE('',*,*,#7193,.F.);
#5193=ORIENTED_EDGE('',*,*,#7158,.F.);
#5194=ORIENTED_EDGE('',*,*,#7163,.F.);
#5195=ORIENTED_EDGE('',*,*,#7191,.F.);
#5196=ORIENTED_EDGE('',*,*,#7185,.F.);
#5197=ORIENTED_EDGE('',*,*,#7153,.F.);
#5198=CARTESIAN_POINT('',(8.33174694270083,0.102207797216415,-8.4));
#5199=DIRECTION('',(1.22464679914735E-16,0.0,-1.0));
#5200=DIRECTION('',(-1.0,0.0,-1.22464679914735E-16));
#5201=SURFACE_STYLE_FILL_AREA(#7194);
#5202=ORIENTED_EDGE('',*,*,#7166,.F.);
#5203=ORIENTED_EDGE('',*,*,#7195,.F.);
#5204=ORIENTED_EDGE('',*,*,#7182,.F.);
#5205=ORIENTED_EDGE('',*,*,#7178,.F.);
#5206=ORIENTED_EDGE('',*,*,#7174,.F.);
#5207=ORIENTED_EDGE('',*,*,#7170,.F.);
#5208=CARTESIAN_POINT('',(6.66488305123682,-3.44692104637925,-8.4));
#5209=DIRECTION('',(0.78386153614875,-0.620935658620538,9.59953521219294E-17));
#5210=DIRECTION('',(-0.620935658620538,-0.78386153614875,-7.60426866806095E-17));
#5211=SURFACE_STYLE_FILL_AREA(#7196);
#5212=ORIENTED_EDGE('',*,*,#6353,.T.);
#5213=ORIENTED_EDGE('',*,*,#7183,.F.);
#5214=ORIENTED_EDGE('',*,*,#7195,.T.);
#5215=ORIENTED_EDGE('',*,*,#7165,.F.);
#5216=CARTESIAN_POINT('',(6.35190572199955,-2.39494300968538,-8.4));
#5217=DIRECTION('',(1.22464679914735E-16,0.0,-1.0));
#5218=DIRECTION('',(-1.0,0.0,-1.22464679914735E-16));
#5219=SURFACE_STYLE_FILL_AREA(#7197);
#5220=ORIENTED_EDGE('',*,*,#7164,.F.);
#5221=ORIENTED_EDGE('',*,*,#7148,.F.);
#5222=ORIENTED_EDGE('',*,*,#7184,.F.);
#5223=ORIENTED_EDGE('',*,*,#6355,.T.);
#5224=CARTESIAN_POINT('',(6.62890705343561,-1.34415527550914,-8.4));
#5225=DIRECTION('',(0.754709580222772,0.656059028990507,9.2425267170566E-17));
#5226=DIRECTION('',(0.656059028990507,-0.754709580222772,8.03440589904945E-17));
#5227=SURFACE_STYLE_FILL_AREA(#7198);
#5228=ORIENTED_EDGE('',*,*,#7181,.F.);
#5229=ORIENTED_EDGE('',*,*,#6360,.T.);
#5230=ORIENTED_EDGE('',*,*,#7160,.F.);
#5231=ORIENTED_EDGE('',*,*,#7169,.F.);
#5232=ORIENTED_EDGE('',*,*,#7173,.F.);
#5233=ORIENTED_EDGE('',*,*,#7177,.F.);
#5234=CARTESIAN_POINT('',(6.35594349366161,-3.35378069758616,-8.4));
#5235=DIRECTION('',(-0.78386153614875,0.620935658620539,-9.59953521219294E-17));
#5236=DIRECTION('',(0.620935658620539,0.78386153614875,7.60426866806096E-17));
#5237=SURFACE_STYLE_FILL_AREA(#7199);
#5238=ORIENTED_EDGE('',*,*,#7200,.F.);
#5239=ORIENTED_EDGE('',*,*,#7201,.F.);
#5240=ORIENTED_EDGE('',*,*,#7202,.F.);
#5241=ORIENTED_EDGE('',*,*,#7203,.T.);
#5242=ORIENTED_EDGE('',*,*,#7204,.F.);
#5243=ORIENTED_EDGE('',*,*,#7205,.F.);
#5244=CARTESIAN_POINT('',(-8.19601173047101,0.0763634245219915,-12.4));
#5245=DIRECTION('',(0.0,0.0,1.0));
#5246=DIRECTION('',(1.0,0.0,0.0));
#5247=SURFACE_STYLE_FILL_AREA(#7206);
#5248=ORIENTED_EDGE('',*,*,#7207,.F.);
#5249=ORIENTED_EDGE('',*,*,#7208,.T.);
#5250=ORIENTED_EDGE('',*,*,#7209,.F.);
#5251=ORIENTED_EDGE('',*,*,#7201,.T.);
#5252=CARTESIAN_POINT('',(-9.0,0.780000000000001,-11.4));
#5253=DIRECTION('',(6.12323399573676E-17,1.70803542250024E-16,-1.0));
#5254=DIRECTION('',(-1.04587005649761E-32,1.0,1.70803542250024E-16));
#5255=SURFACE_STYLE_FILL_AREA(#7210);
#5256=ORIENTED_EDGE('',*,*,#7211,.F.);
#5257=ORIENTED_EDGE('',*,*,#7205,.T.);
#5258=ORIENTED_EDGE('',*,*,#7212,.T.);
#5259=ORIENTED_EDGE('',*,*,#7213,.T.);
#5260=CARTESIAN_POINT('',(-9.0,0.780000000000001,-9.4));
#5261=DIRECTION('',(-6.12323399573676E-17,-1.70803542250024E-16,1.0));
#5262=DIRECTION('',(1.04587005649761E-32,-1.0,-1.70803542250024E-16));
#5263=SURFACE_STYLE_FILL_AREA(#7214);
#5264=ORIENTED_EDGE('',*,*,#7215,.T.);
#5265=ORIENTED_EDGE('',*,*,#6349,.T.);
#5266=ORIENTED_EDGE('',*,*,#7216,.T.);
#5267=ORIENTED_EDGE('',*,*,#7217,.T.);
#5268=ORIENTED_EDGE('',*,*,#7218,.T.);
#5269=ORIENTED_EDGE('',*,*,#7212,.F.);
#5270=ORIENTED_EDGE('',*,*,#7204,.T.);
#5271=ORIENTED_EDGE('',*,*,#7219,.T.);
#5272=ORIENTED_EDGE('',*,*,#6344,.T.);
#5273=ORIENTED_EDGE('',*,*,#7220,.T.);
#5274=ORIENTED_EDGE('',*,*,#7221,.T.);
#5275=ORIENTED_EDGE('',*,*,#7222,.T.);
#5276=CARTESIAN_POINT('',(-9.0,-1.90031937109711,-9.51256129380046));
#5277=DIRECTION('',(-6.10297535088808E-17,-0.0812774843884494,0.996691512220048));
#5278=DIRECTION('',(4.97681055495317E-18,-0.996691512220048,-0.0812774843884494));
#5279=SURFACE_STYLE_FILL_AREA(#7223);
#5280=ORIENTED_EDGE('',*,*,#7224,.T.);
#5281=ORIENTED_EDGE('',*,*,#7222,.F.);
#5282=ORIENTED_EDGE('',*,*,#7225,.T.);
#5283=ORIENTED_EDGE('',*,*,#7226,.T.);
#5284=CARTESIAN_POINT('',(-9.0,-3.24,-10.1234683437109));
#5285=DIRECTION('',(1.0,0.0,6.12323399573676E-17));
#5286=DIRECTION('',(6.12323399573676E-17,0.0,-1.0));
#5287=SURFACE_STYLE_FILL_AREA(#7227);
#5288=ORIENTED_EDGE('',*,*,#7228,.T.);
#5289=ORIENTED_EDGE('',*,*,#7226,.F.);
#5290=ORIENTED_EDGE('',*,*,#7229,.T.);
#5291=ORIENTED_EDGE('',*,*,#7230,.T.);
#5292=CARTESIAN_POINT('',(-9.0,-3.74,-10.4));
#5293=DIRECTION('',(-1.382829888406E-32,-1.0,2.25833258923109E-16));
#5294=DIRECTION('',(6.12323399573676E-17,-2.25833258923109E-16,-1.0));
#5295=SURFACE_STYLE_FILL_AREA(#7231);
#5296=ORIENTED_EDGE('',*,*,#7232,.T.);
#5297=ORIENTED_EDGE('',*,*,#7230,.F.);
#5298=ORIENTED_EDGE('',*,*,#7233,.T.);
#5299=ORIENTED_EDGE('',*,*,#7234,.T.);
#5300=CARTESIAN_POINT('',(-9.0,-3.24,-10.6765316562891));
#5301=DIRECTION('',(1.0,0.0,6.12323399573676E-17));
#5302=DIRECTION('',(6.12323399573676E-17,0.0,-1.0));
#5303=SURFACE_STYLE_FILL_AREA(#7235);
#5304=ORIENTED_EDGE('',*,*,#7236,.T.);
#5305=ORIENTED_EDGE('',*,*,#7234,.F.);
#5306=ORIENTED_EDGE('',*,*,#7237,.T.);
#5307=ORIENTED_EDGE('',*,*,#7238,.T.);
#5308=ORIENTED_EDGE('',*,*,#6346,.T.);
#5309=ORIENTED_EDGE('',*,*,#7239,.T.);
#5310=ORIENTED_EDGE('',*,*,#7202,.T.);
#5311=ORIENTED_EDGE('',*,*,#7209,.T.);
#5312=ORIENTED_EDGE('',*,*,#7240,.T.);
#5313=ORIENTED_EDGE('',*,*,#7241,.T.);
#5314=ORIENTED_EDGE('',*,*,#7242,.T.);
#5315=ORIENTED_EDGE('',*,*,#6351,.T.);
#5316=CARTESIAN_POINT('',(-9.0,-1.90031937109711,-11.2874387061995));
#5317=DIRECTION('',(6.10297535088808E-17,-0.0812774843884497,-0.996691512220048));
#5318=DIRECTION('',(4.9768105549532E-18,0.996691512220048,-0.0812774843884497));
#5319=SURFACE_STYLE_FILL_AREA(#7243);
#5320=ORIENTED_EDGE('',*,*,#6348,.T.);
#5321=ORIENTED_EDGE('',*,*,#7242,.F.);
#5322=ORIENTED_EDGE('',*,*,#7244,.T.);
#5323=ORIENTED_EDGE('',*,*,#7216,.F.);
#5324=CARTESIAN_POINT('',(-6.34784591596503,-2.3951198516252,-12.4));
#5325=DIRECTION('',(0.0,0.0,1.0));
#5326=DIRECTION('',(1.0,0.0,0.0));
#5327=SURFACE_STYLE_FILL_AREA(#7245);
#5328=ORIENTED_EDGE('',*,*,#7241,.F.);
#5329=ORIENTED_EDGE('',*,*,#7246,.T.);
#5330=ORIENTED_EDGE('',*,*,#7217,.F.);
#5331=ORIENTED_EDGE('',*,*,#7244,.F.);
#5332=CARTESIAN_POINT('',(-6.4066693299465,-1.54577594552628,-12.4));
#5333=DIRECTION('',(0.754709580222772,-0.656059028990508,0.0));
#5334=DIRECTION('',(0.656059028990508,0.754709580222772,0.0));
#5335=SURFACE_STYLE_FILL_AREA(#7247);
#5336=ORIENTED_EDGE('',*,*,#7248,.F.);
#5337=ORIENTED_EDGE('',*,*,#7213,.F.);
#5338=ORIENTED_EDGE('',*,*,#7218,.F.);
#5339=ORIENTED_EDGE('',*,*,#7246,.F.);
#5340=ORIENTED_EDGE('',*,*,#7240,.F.);
#5341=ORIENTED_EDGE('',*,*,#7208,.F.);
#5342=CARTESIAN_POINT('',(-8.33174694270083,0.102207797216415,-12.4));
#5343=DIRECTION('',(0.0,0.0,1.0));
#5344=DIRECTION('',(1.0,0.0,0.0));
#5345=SURFACE_STYLE_FILL_AREA(#7249);
#5346=ORIENTED_EDGE('',*,*,#7221,.F.);
#5347=ORIENTED_EDGE('',*,*,#7250,.F.);
#5348=ORIENTED_EDGE('',*,*,#7237,.F.);
#5349=ORIENTED_EDGE('',*,*,#7233,.F.);
#5350=ORIENTED_EDGE('',*,*,#7229,.F.);
#5351=ORIENTED_EDGE('',*,*,#7225,.F.);
#5352=CARTESIAN_POINT('',(-6.66488305123682,-3.44692104637925,-12.4));
#5353=DIRECTION('',(-0.78386153614875,-0.620935658620538,0.0));
#5354=DIRECTION('',(0.620935658620538,-0.78386153614875,0.0));
#5355=SURFACE_STYLE_FILL_AREA(#7251);
#5356=ORIENTED_EDGE('',*,*,#6343,.T.);
#5357=ORIENTED_EDGE('',*,*,#7238,.F.);
#5358=ORIENTED_EDGE('',*,*,#7250,.T.);
#5359=ORIENTED_EDGE('',*,*,#7220,.F.);
#5360=CARTESIAN_POINT('',(-6.35190572199955,-2.39494300968538,-12.4));
#5361=DIRECTION('',(0.0,0.0,1.0));
#5362=DIRECTION('',(1.0,0.0,0.0));
#5363=SURFACE_STYLE_FILL_AREA(#7252);
#5364=ORIENTED_EDGE('',*,*,#7219,.F.);
#5365=ORIENTED_EDGE('',*,*,#7203,.F.);
#5366=ORIENTED_EDGE('',*,*,#7239,.F.);
#5367=ORIENTED_EDGE('',*,*,#6345,.T.);
#5368=CARTESIAN_POINT('',(-6.62890705343561,-1.34415527550914,-12.4));
#5369=DIRECTION('',(-0.754709580222772,0.656059028990507,0.0));
#5370=DIRECTION('',(-0.656059028990507,-0.754709580222772,0.0));
#5371=SURFACE_STYLE_FILL_AREA(#7253);
#5372=ORIENTED_EDGE('',*,*,#7236,.F.);
#5373=ORIENTED_EDGE('',*,*,#6350,.T.);
#5374=ORIENTED_EDGE('',*,*,#7215,.F.);
#5375=ORIENTED_EDGE('',*,*,#7224,.F.);
#5376=ORIENTED_EDGE('',*,*,#7228,.F.);
#5377=ORIENTED_EDGE('',*,*,#7232,.F.);
#5378=CARTESIAN_POINT('',(-6.35594349366161,-3.35378069758616,-12.4));
#5379=DIRECTION('',(0.78386153614875,0.620935658620539,0.0));
#5380=DIRECTION('',(-0.620935658620539,0.78386153614875,0.0));
#5381=SURFACE_STYLE_FILL_AREA(#7254);
#5382=ORIENTED_EDGE('',*,*,#7255,.F.);
#5383=ORIENTED_EDGE('',*,*,#7256,.F.);
#5384=ORIENTED_EDGE('',*,*,#7257,.T.);
#5385=ORIENTED_EDGE('',*,*,#7258,.F.);
#5386=CARTESIAN_POINT('',(4.72048327827952,6.59,-0.51));
#5387=DIRECTION('',(-1.22464679914735E-16,-1.0,6.12323399573676E-17));
#5388=DIRECTION('',(-1.0,1.22464679914735E-16,0.0));
#5389=SURFACE_STYLE_FILL_AREA(#7259);
#5390=ORIENTED_EDGE('',*,*,#7260,.F.);
#5391=ORIENTED_EDGE('',*,*,#7018,.F.);
#5392=ORIENTED_EDGE('',*,*,#7261,.T.);
#5393=ORIENTED_EDGE('',*,*,#7262,.T.);
#5394=ORIENTED_EDGE('',*,*,#7263,.T.);
#5395=ORIENTED_EDGE('',*,*,#7264,.T.);
#5396=ORIENTED_EDGE('',*,*,#7256,.T.);
#5397=CARTESIAN_POINT('',(6.05,6.185,-0.0117615752736935));
#5398=DIRECTION('',(1.22464679914735E-16,1.0,-2.16941458340517E-16));
#5399=DIRECTION('',(-6.12323399573677E-17,-2.16941458340517E-16,-1.0));
#5400=SURFACE_STYLE_FILL_AREA(#7265);
#5401=ORIENTED_EDGE('',*,*,#7266,.T.);
#5402=ORIENTED_EDGE('',*,*,#7267,.T.);
#5403=ORIENTED_EDGE('',*,*,#7268,.T.);
#5404=ORIENTED_EDGE('',*,*,#7269,.T.);
#5405=ORIENTED_EDGE('',*,*,#7263,.F.);
#5406=CARTESIAN_POINT('',(6.05,5.74754301676412,-2.58159644548049));
#5407=DIRECTION('',(1.07057613499968E-16,0.978147600733806,-0.207911690817759));
#5408=DIRECTION('',(-8.53561050831442E-17,-0.207911690817759,-0.978147600733806));
#5409=SURFACE_STYLE_FILL_AREA(#7270);
#5410=ORIENTED_EDGE('',*,*,#7271,.F.);
#5411=ORIENTED_EDGE('',*,*,#7258,.T.);
#5412=ORIENTED_EDGE('',*,*,#7272,.T.);
#5413=ORIENTED_EDGE('',*,*,#7273,.F.);
#5414=ORIENTED_EDGE('',*,*,#7274,.T.);
#5415=ORIENTED_EDGE('',*,*,#7275,.T.);
#5416=ORIENTED_EDGE('',*,*,#7016,.F.);
#5417=CARTESIAN_POINT('',(6.05,2.995,-0.0117615752736967));
#5418=DIRECTION('',(-1.22464679914735E-16,-1.0,-8.67765833362068E-16));
#5419=DIRECTION('',(6.12323399573675E-17,-8.67765833362068E-16,1.0));
#5420=SURFACE_STYLE_FILL_AREA(#7276);
#5421=ORIENTED_EDGE('',*,*,#7277,.T.);
#5422=ORIENTED_EDGE('',*,*,#7273,.T.);
#5423=ORIENTED_EDGE('',*,*,#7278,.T.);
#5424=ORIENTED_EDGE('',*,*,#7279,.T.);
#5425=ORIENTED_EDGE('',*,*,#7280,.T.);
#5426=CARTESIAN_POINT('',(6.05,3.43245698323587,-2.5815964454805));
#5427=DIRECTION('',(-1.32519452166496E-16,-0.978147600733806,-0.207911690817759));
#5428=DIRECTION('',(3.44324277500876E-17,-0.207911690817759,0.978147600733806));
#5429=SURFACE_STYLE_FILL_AREA(#7281);
#5430=ORIENTED_EDGE('',*,*,#7017,.F.);
#5431=ORIENTED_EDGE('',*,*,#7275,.F.);
#5432=ORIENTED_EDGE('',*,*,#7282,.F.);
#5433=ORIENTED_EDGE('',*,*,#7261,.F.);
#5434=CARTESIAN_POINT('',(4.72699689375218,6.59,-0.489999999999999));
#5435=DIRECTION('',(-1.22464679914735E-16,-1.0,6.12323399573676E-17));
#5436=DIRECTION('',(-1.0,1.22464679914735E-16,0.0));
#5437=SURFACE_STYLE_FILL_AREA(#7283);
#5438=ORIENTED_EDGE('',*,*,#7262,.F.);
#5439=ORIENTED_EDGE('',*,*,#7282,.T.);
#5440=ORIENTED_EDGE('',*,*,#7274,.F.);
#5441=ORIENTED_EDGE('',*,*,#7277,.F.);
#5442=ORIENTED_EDGE('',*,*,#7284,.F.);
#5443=ORIENTED_EDGE('',*,*,#7266,.F.);
#5444=CARTESIAN_POINT('',(3.9304025598945,6.59,-2.29009030156404));
#5445=DIRECTION('',(0.950843611066352,-1.35406667991559E-16,-0.309671482856107));
#5446=DIRECTION('',(0.309671482856107,2.02985602124114E-17,0.950843611066352));
#5447=SURFACE_STYLE_FILL_AREA(#7285);
#5448=ORIENTED_EDGE('',*,*,#7267,.F.);
#5449=ORIENTED_EDGE('',*,*,#7284,.T.);
#5450=ORIENTED_EDGE('',*,*,#7280,.F.);
#5451=ORIENTED_EDGE('',*,*,#7286,.F.);
#5452=CARTESIAN_POINT('',(3.26199509792558,6.59,-4.12732392827894));
#5453=DIRECTION('',(-0.371367835550231,-1.13739166858828E-17,-0.928485826880915));
#5454=DIRECTION('',(0.928485826880915,-1.36446441149983E-16,-0.371367835550231));
#5455=SURFACE_STYLE_FILL_AREA(#7287);
#5456=ORIENTED_EDGE('',*,*,#7268,.F.);
#5457=ORIENTED_EDGE('',*,*,#7286,.T.);
#5458=ORIENTED_EDGE('',*,*,#7279,.F.);
#5459=ORIENTED_EDGE('',*,*,#7288,.F.);
#5460=CARTESIAN_POINT('',(3.20000662380053,6.59,-3.83327471658333));
#5461=DIRECTION('',(-0.999999999697416,1.22463173551242E-16,-2.46001775988697E-05));
#5462=DIRECTION('',(2.46001775988697E-05,-6.12353525917152E-17,-0.999999999697416));
#5463=SURFACE_STYLE_FILL_AREA(#7289);
#5464=ORIENTED_EDGE('',*,*,#7269,.F.);
#5465=ORIENTED_EDGE('',*,*,#7288,.T.);
#5466=ORIENTED_EDGE('',*,*,#7278,.F.);
#5467=ORIENTED_EDGE('',*,*,#7272,.F.);
#5468=ORIENTED_EDGE('',*,*,#7257,.F.);
#5469=ORIENTED_EDGE('',*,*,#7264,.F.);
#5470=CARTESIAN_POINT('',(3.72253073637317,6.59,-1.95959036744001));
#5471=DIRECTION('',(-0.950843611066352,1.35406667991559E-16,0.309671482856107));
#5472=DIRECTION('',(-0.309671482856107,-2.02985602124113E-17,-0.950843611066352));
#5473=SURFACE_STYLE_FILL_AREA(#7290);
#5474=ORIENTED_EDGE('',*,*,#7291,.F.);
#5475=ORIENTED_EDGE('',*,*,#7292,.F.);
#5476=ORIENTED_EDGE('',*,*,#7293,.T.);
#5477=ORIENTED_EDGE('',*,*,#7294,.F.);
#5478=CARTESIAN_POINT('',(-4.72048327827952,2.59,-0.51));
#5479=DIRECTION('',(-0.0,1.0,6.12323399573676E-17));
#5480=DIRECTION('',(1.0,0.0,0.0));
#5481=SURFACE_STYLE_FILL_AREA(#7295);
#5482=ORIENTED_EDGE('',*,*,#7296,.F.);
#5483=ORIENTED_EDGE('',*,*,#7005,.F.);
#5484=ORIENTED_EDGE('',*,*,#7297,.T.);
#5485=ORIENTED_EDGE('',*,*,#7298,.T.);
#5486=ORIENTED_EDGE('',*,*,#7299,.T.);
#5487=ORIENTED_EDGE('',*,*,#7300,.T.);
#5488=ORIENTED_EDGE('',*,*,#7292,.T.);
#5489=CARTESIAN_POINT('',(-6.05,2.995,-0.0117615752736935));
#5490=DIRECTION('',(1.32838331279536E-32,-1.0,-2.16941458340517E-16));
#5491=DIRECTION('',(6.12323399573676E-17,2.16941458340517E-16,-1.0));
#5492=SURFACE_STYLE_FILL_AREA(#7301);
#5493=ORIENTED_EDGE('',*,*,#7302,.T.);
#5494=ORIENTED_EDGE('',*,*,#7303,.T.);
#5495=ORIENTED_EDGE('',*,*,#7304,.T.);
#5496=ORIENTED_EDGE('',*,*,#7305,.T.);
#5497=ORIENTED_EDGE('',*,*,#7299,.F.);
#5498=CARTESIAN_POINT('',(-6.05,3.43245698323587,-2.58159644548049));
#5499=DIRECTION('',(1.27309193332641E-17,-0.978147600733806,-0.207911690817759));
#5500=DIRECTION('',(5.98942664166159E-17,0.207911690817759,-0.978147600733806));
#5501=SURFACE_STYLE_FILL_AREA(#7306);
#5502=ORIENTED_EDGE('',*,*,#7307,.F.);
#5503=ORIENTED_EDGE('',*,*,#7294,.T.);
#5504=ORIENTED_EDGE('',*,*,#7308,.T.);
#5505=ORIENTED_EDGE('',*,*,#7309,.F.);
#5506=ORIENTED_EDGE('',*,*,#7310,.T.);
#5507=ORIENTED_EDGE('',*,*,#7311,.T.);
#5508=ORIENTED_EDGE('',*,*,#7003,.F.);
#5509=CARTESIAN_POINT('',(-6.05,6.185,-0.0117615752736967));
#5510=DIRECTION('',(5.31353325118146E-32,1.0,-8.67765833362068E-16));
#5511=DIRECTION('',(-6.12323399573676E-17,8.67765833362068E-16,1.0));
#5512=SURFACE_STYLE_FILL_AREA(#7312);
#5513=ORIENTED_EDGE('',*,*,#7313,.T.);
#5514=ORIENTED_EDGE('',*,*,#7309,.T.);
#5515=ORIENTED_EDGE('',*,*,#7314,.T.);
#5516=ORIENTED_EDGE('',*,*,#7315,.T.);
#5517=ORIENTED_EDGE('',*,*,#7316,.T.);
#5518=CARTESIAN_POINT('',(-6.05,5.74754301676413,-2.5815964454805));
#5519=DIRECTION('',(1.27309193332641E-17,0.978147600733806,-0.207911690817759));
#5520=DIRECTION('',(-5.98942664166159E-17,0.207911690817759,0.978147600733806));
#5521=SURFACE_STYLE_FILL_AREA(#7317);
#5522=ORIENTED_EDGE('',*,*,#7004,.F.);
#5523=ORIENTED_EDGE('',*,*,#7311,.F.);
#5524=ORIENTED_EDGE('',*,*,#7318,.F.);
#5525=ORIENTED_EDGE('',*,*,#7297,.F.);
#5526=CARTESIAN_POINT('',(-4.72699689375218,2.59,-0.489999999999999));
#5527=DIRECTION('',(-0.0,1.0,6.12323399573676E-17));
#5528=DIRECTION('',(1.0,0.0,0.0));
#5529=SURFACE_STYLE_FILL_AREA(#7319);
#5530=ORIENTED_EDGE('',*,*,#7298,.F.);
#5531=ORIENTED_EDGE('',*,*,#7318,.T.);
#5532=ORIENTED_EDGE('',*,*,#7310,.F.);
#5533=ORIENTED_EDGE('',*,*,#7313,.F.);
#5534=ORIENTED_EDGE('',*,*,#7320,.F.);
#5535=ORIENTED_EDGE('',*,*,#7302,.F.);
#5536=CARTESIAN_POINT('',(-3.9304025598945,2.59,-2.29009030156404));
#5537=DIRECTION('',(-0.950843611066352,1.89619095133473E-17,-0.309671482856107));
#5538=DIRECTION('',(-0.309671482856107,-5.82223792391059E-17,0.950843611066352));
#5539=SURFACE_STYLE_FILL_AREA(#7321);
#5540=ORIENTED_EDGE('',*,*,#7303,.F.);
#5541=ORIENTED_EDGE('',*,*,#7320,.T.);
#5542=ORIENTED_EDGE('',*,*,#7316,.F.);
#5543=ORIENTED_EDGE('',*,*,#7322,.F.);
#5544=CARTESIAN_POINT('',(-3.26199509792558,2.59,-4.12732392827894));
#5545=DIRECTION('',(0.371367835550231,5.68533597971698E-17,-0.928485826880915));
#5546=DIRECTION('',(-0.928485826880915,2.27397215556435E-17,-0.371367835550231));
#5547=SURFACE_STYLE_FILL_AREA(#7323);
#5548=ORIENTED_EDGE('',*,*,#7304,.F.);
#5549=ORIENTED_EDGE('',*,*,#7322,.T.);
#5550=ORIENTED_EDGE('',*,*,#7315,.F.);
#5551=ORIENTED_EDGE('',*,*,#7324,.F.);
#5552=CARTESIAN_POINT('',(-3.20000662380053,2.59,-3.83327471658333));
#5553=DIRECTION('',(0.999999999697416,1.50632643774561E-21,-2.46001775988697E-05));
#5554=DIRECTION('',(-2.46001775988697E-05,6.12323399388397E-17,-0.999999999697416));
#5555=SURFACE_STYLE_FILL_AREA(#7325);
#5556=ORIENTED_EDGE('',*,*,#7305,.F.);
#5557=ORIENTED_EDGE('',*,*,#7324,.T.);
#5558=ORIENTED_EDGE('',*,*,#7314,.F.);
#5559=ORIENTED_EDGE('',*,*,#7308,.F.);
#5560=ORIENTED_EDGE('',*,*,#7293,.F.);
#5561=ORIENTED_EDGE('',*,*,#7300,.F.);
#5562=CARTESIAN_POINT('',(-3.72253073637317,2.59,-1.95959036744001));
#5563=DIRECTION('',(0.950843611066352,-1.89619095133473E-17,0.309671482856107));
#5564=DIRECTION('',(0.309671482856107,5.82223792391059E-17,-0.950843611066352));
#5565=SURFACE_STYLE_FILL_AREA(#7326);
#5566=ORIENTED_EDGE('',*,*,#6549,.T.);
#5567=ORIENTED_EDGE('',*,*,#7327,.T.);
#5568=ORIENTED_EDGE('',*,*,#7328,.F.);
#5569=ORIENTED_EDGE('',*,*,#7043,.T.);
#5570=CARTESIAN_POINT('',(0.0,7.25,-10.285));
#5571=DIRECTION('',(0.0,1.0,0.0));
#5572=DIRECTION('',(0.0,0.0,1.0));
#5573=SURFACE_STYLE_FILL_AREA(#7329);
#5574=ORIENTED_EDGE('',*,*,#6552,.T.);
#5575=ORIENTED_EDGE('',*,*,#7041,.F.);
#5576=ORIENTED_EDGE('',*,*,#7330,.F.);
#5577=ORIENTED_EDGE('',*,*,#7327,.F.);
#5578=CARTESIAN_POINT('',(0.0,7.95,-9.5));
#5579=DIRECTION('',(0.0,0.0,1.0));
#5580=DIRECTION('',(1.0,0.0,0.0));
#5581=SURFACE_STYLE_FILL_AREA(#7331);
#5582=ORIENTED_EDGE('',*,*,#6517,.T.);
#5583=ORIENTED_EDGE('',*,*,#7332,.F.);
#5584=ORIENTED_EDGE('',*,*,#7333,.F.);
#5585=ORIENTED_EDGE('',*,*,#7029,.F.);
#5586=CARTESIAN_POINT('',(0.0,7.95,-9.5));
#5587=DIRECTION('',(0.0,0.0,1.0));
#5588=DIRECTION('',(1.0,0.0,0.0));
#5589=SURFACE_STYLE_FILL_AREA(#7334);
#5590=ORIENTED_EDGE('',*,*,#6531,.T.);
#5591=ORIENTED_EDGE('',*,*,#7335,.T.);
#5592=ORIENTED_EDGE('',*,*,#7336,.F.);
#5593=ORIENTED_EDGE('',*,*,#7050,.T.);
#5594=CARTESIAN_POINT('',(0.0,3.7,-10.285));
#5595=DIRECTION('',(0.0,-1.0,0.0));
#5596=DIRECTION('',(0.0,0.0,-1.0));
#5597=SURFACE_STYLE_FILL_AREA(#7337);
#5598=ORIENTED_EDGE('',*,*,#6499,.T.);
#5599=ORIENTED_EDGE('',*,*,#7338,.T.);
#5600=ORIENTED_EDGE('',*,*,#7339,.F.);
#5601=ORIENTED_EDGE('',*,*,#7036,.T.);
#5602=CARTESIAN_POINT('',(0.0,3.7,-10.285));
#5603=DIRECTION('',(0.0,-1.0,0.0));
#5604=DIRECTION('',(0.0,0.0,-1.0));
#5605=SURFACE_STYLE_FILL_AREA(#7340);
#5606=ORIENTED_EDGE('',*,*,#6534,.T.);
#5607=ORIENTED_EDGE('',*,*,#7048,.F.);
#5608=ORIENTED_EDGE('',*,*,#7341,.F.);
#5609=ORIENTED_EDGE('',*,*,#7335,.F.);
#5610=CARTESIAN_POINT('',(0.0,3.0,-11.07));
#5611=DIRECTION('',(0.0,0.0,1.0));
#5612=DIRECTION('',(1.0,0.0,0.0));
#5613=SURFACE_STYLE_FILL_AREA(#7342);
#5614=ORIENTED_EDGE('',*,*,#7014,.T.);
#5615=ORIENTED_EDGE('',*,*,#6340,.T.);
#5616=ORIENTED_EDGE('',*,*,#7343,.F.);
#5617=ORIENTED_EDGE('',*,*,#7344,.F.);
#5618=CARTESIAN_POINT('',(4.60715141731191,2.99,-0.4));
#5619=DIRECTION('',(0.0,1.0,0.0));
#5620=DIRECTION('',(-1.0,0.0,0.0));
#5621=SURFACE_STYLE_FILL_AREA(#7345);
#5622=ORIENTED_EDGE('',*,*,#6338,.T.);
#5623=ORIENTED_EDGE('',*,*,#7013,.T.);
#5624=ORIENTED_EDGE('',*,*,#7346,.T.);
#5625=ORIENTED_EDGE('',*,*,#7347,.F.);
#5626=CARTESIAN_POINT('',(4.69999999087494,2.84,-0.4));
#5627=DIRECTION('',(0.0,0.0,1.0));
#5628=DIRECTION('',(1.0,0.0,0.0));
#5629=SURFACE_STYLE_FILL_AREA(#7348);
#5630=ORIENTED_EDGE('',*,*,#7012,.T.);
#5631=ORIENTED_EDGE('',*,*,#6988,.T.);
#5632=ORIENTED_EDGE('',*,*,#7349,.F.);
#5633=ORIENTED_EDGE('',*,*,#7346,.F.);
#5634=CARTESIAN_POINT('',(4.625,2.69,-0.4));
#5635=DIRECTION('',(0.0,-1.0,0.0));
#5636=DIRECTION('',(1.0,0.0,0.0));
#5637=SURFACE_STYLE_FILL_AREA(#7350);
#5638=ORIENTED_EDGE('',*,*,#7009,.T.);
#5639=ORIENTED_EDGE('',*,*,#7351,.T.);
#5640=ORIENTED_EDGE('',*,*,#7352,.F.);
#5641=ORIENTED_EDGE('',*,*,#7022,.F.);
#5642=CARTESIAN_POINT('',(-4.625,2.69,-0.4));
#5643=DIRECTION('',(0.0,-1.0,0.0));
#5644=DIRECTION('',(1.0,0.0,0.0));
#5645=SURFACE_STYLE_FILL_AREA(#7353);
#5646=ORIENTED_EDGE('',*,*,#6333,.T.);
#5647=ORIENTED_EDGE('',*,*,#7354,.F.);
#5648=ORIENTED_EDGE('',*,*,#7351,.F.);
#5649=ORIENTED_EDGE('',*,*,#7008,.T.);
#5650=CARTESIAN_POINT('',(-4.7,2.84,-0.4));
#5651=DIRECTION('',(0.0,0.0,1.0));
#5652=DIRECTION('',(1.0,0.0,0.0));
#5653=SURFACE_STYLE_FILL_AREA(#7355);
#5654=ORIENTED_EDGE('',*,*,#7007,.T.);
#5655=ORIENTED_EDGE('',*,*,#7356,.T.);
#5656=ORIENTED_EDGE('',*,*,#7357,.F.);
#5657=ORIENTED_EDGE('',*,*,#6335,.F.);
#5658=CARTESIAN_POINT('',(-4.60715141731191,2.99,-0.4));
#5659=DIRECTION('',(1.19573502630058E-15,1.0,0.0));
#5660=DIRECTION('',(-1.0,1.19573502630058E-15,0.0));
#5661=SURFACE_STYLE_FILL_AREA(#7358);
#5662=ORIENTED_EDGE('',*,*,#7307,.T.);
#5663=ORIENTED_EDGE('',*,*,#7002,.T.);
#5664=ORIENTED_EDGE('',*,*,#7359,.T.);
#5665=ORIENTED_EDGE('',*,*,#7360,.F.);
#5666=ORIENTED_EDGE('',*,*,#7356,.F.);
#5667=ORIENTED_EDGE('',*,*,#7006,.T.);
#5668=ORIENTED_EDGE('',*,*,#7296,.T.);
#5669=ORIENTED_EDGE('',*,*,#7291,.T.);
#5670=CARTESIAN_POINT('',(-4.51430283462382,4.59,-0.4));
#5671=DIRECTION('',(-1.0,0.0,0.0));
#5672=DIRECTION('',(0.0,-1.0,0.0));
#5673=SURFACE_STYLE_FILL_AREA(#7361);
#5674=ORIENTED_EDGE('',*,*,#7001,.T.);
#5675=ORIENTED_EDGE('',*,*,#7362,.T.);
#5676=ORIENTED_EDGE('',*,*,#7363,.F.);
#5677=ORIENTED_EDGE('',*,*,#7359,.F.);
#5678=CARTESIAN_POINT('',(-4.60715141731191,6.19,-0.4));
#5679=DIRECTION('',(0.0,-1.0,0.0));
#5680=DIRECTION('',(1.0,0.0,0.0));
#5681=SURFACE_STYLE_FILL_AREA(#7364);
#5682=ORIENTED_EDGE('',*,*,#6326,.T.);
#5683=ORIENTED_EDGE('',*,*,#7365,.F.);
#5684=ORIENTED_EDGE('',*,*,#7362,.F.);
#5685=ORIENTED_EDGE('',*,*,#7000,.T.);
#5686=CARTESIAN_POINT('',(-4.7,6.34,-0.4));
#5687=DIRECTION('',(0.0,0.0,1.0));
#5688=DIRECTION('',(1.0,0.0,0.0));
#5689=SURFACE_STYLE_FILL_AREA(#7366);
#5690=ORIENTED_EDGE('',*,*,#6402,.T.);
#5691=ORIENTED_EDGE('',*,*,#7367,.T.);
#5692=ORIENTED_EDGE('',*,*,#7368,.F.);
#5693=ORIENTED_EDGE('',*,*,#6330,.F.);
#5694=CARTESIAN_POINT('',(-4.625,6.49,-0.4));
#5695=DIRECTION('',(0.0,1.0,0.0));
#5696=DIRECTION('',(-1.0,0.0,0.0));
#5697=SURFACE_STYLE_FILL_AREA(#7369);
#5698=ORIENTED_EDGE('',*,*,#6401,.T.);
#5699=ORIENTED_EDGE('',*,*,#7370,.T.);
#5700=ORIENTED_EDGE('',*,*,#7371,.F.);
#5701=ORIENTED_EDGE('',*,*,#7367,.F.);
#5702=CARTESIAN_POINT('',(-4.55,6.99,-0.4));
#5703=DIRECTION('',(-1.0,0.0,0.0));
#5704=DIRECTION('',(0.0,-1.0,0.0));
#5705=SURFACE_STYLE_FILL_AREA(#7372);
#5706=ORIENTED_EDGE('',*,*,#6400,.T.);
#5707=ORIENTED_EDGE('',*,*,#7373,.T.);
#5708=ORIENTED_EDGE('',*,*,#7374,.F.);
#5709=ORIENTED_EDGE('',*,*,#7370,.F.);
#5710=CARTESIAN_POINT('',(-3.575,8.49,-0.4));
#5711=DIRECTION('',(-0.716000139620041,0.69810013612954,0.0));
#5712=DIRECTION('',(-0.69810013612954,-0.716000139620041,0.0));
#5713=SURFACE_STYLE_FILL_AREA(#7375);
#5714=ORIENTED_EDGE('',*,*,#6399,.T.);
#5715=ORIENTED_EDGE('',*,*,#7376,.T.);
#5716=ORIENTED_EDGE('',*,*,#7377,.F.);
#5717=ORIENTED_EDGE('',*,*,#7373,.F.);
#5718=CARTESIAN_POINT('',(1.33226762955019E-15,9.49,-0.4));
#5719=DIRECTION('',(0.0,1.0,0.0));
#5720=DIRECTION('',(-1.0,0.0,0.0));
#5721=SURFACE_STYLE_FILL_AREA(#7378);
#5722=ORIENTED_EDGE('',*,*,#6398,.T.);
#5723=ORIENTED_EDGE('',*,*,#7379,.T.);
#5724=ORIENTED_EDGE('',*,*,#7380,.F.);
#5725=ORIENTED_EDGE('',*,*,#7376,.F.);
#5726=CARTESIAN_POINT('',(3.575,8.49,-0.4));
#5727=DIRECTION('',(0.716000139620041,0.69810013612954,0.0));
#5728=DIRECTION('',(-0.69810013612954,0.716000139620041,0.0));
#5729=SURFACE_STYLE_FILL_AREA(#7381);
#5730=ORIENTED_EDGE('',*,*,#6397,.T.);
#5731=ORIENTED_EDGE('',*,*,#7382,.T.);
#5732=ORIENTED_EDGE('',*,*,#7383,.F.);
#5733=ORIENTED_EDGE('',*,*,#7379,.F.);
#5734=CARTESIAN_POINT('',(4.55,6.99,-0.4));
#5735=DIRECTION('',(1.0,0.0,0.0));
#5736=DIRECTION('',(0.0,1.0,0.0));
#5737=SURFACE_STYLE_FILL_AREA(#7384);
#5738=ORIENTED_EDGE('',*,*,#6396,.T.);
#5739=ORIENTED_EDGE('',*,*,#6365,.T.);
#5740=ORIENTED_EDGE('',*,*,#7385,.F.);
#5741=ORIENTED_EDGE('',*,*,#7382,.F.);
#5742=CARTESIAN_POINT('',(4.625,6.49,-0.4));
#5743=DIRECTION('',(0.0,1.0,0.0));
#5744=DIRECTION('',(-1.0,0.0,0.0));
#5745=SURFACE_STYLE_FILL_AREA(#7386);
#5746=ORIENTED_EDGE('',*,*,#7020,.T.);
#5747=ORIENTED_EDGE('',*,*,#7387,.T.);
#5748=ORIENTED_EDGE('',*,*,#7388,.F.);
#5749=ORIENTED_EDGE('',*,*,#6983,.F.);
#5750=CARTESIAN_POINT('',(4.60715141731191,6.19,-0.4));
#5751=DIRECTION('',(0.0,-1.0,0.0));
#5752=DIRECTION('',(1.0,0.0,0.0));
#5753=SURFACE_STYLE_FILL_AREA(#7389);
#5754=ORIENTED_EDGE('',*,*,#7271,.T.);
#5755=ORIENTED_EDGE('',*,*,#7015,.T.);
#5756=ORIENTED_EDGE('',*,*,#7344,.T.);
#5757=ORIENTED_EDGE('',*,*,#7390,.F.);
#5758=ORIENTED_EDGE('',*,*,#7387,.F.);
#5759=ORIENTED_EDGE('',*,*,#7019,.T.);
#5760=ORIENTED_EDGE('',*,*,#7260,.T.);
#5761=ORIENTED_EDGE('',*,*,#7255,.T.);
#5762=CARTESIAN_POINT('',(4.51430283462381,4.59,-0.4));
#5763=DIRECTION('',(1.0,0.0,0.0));
#5764=DIRECTION('',(0.0,1.0,0.0));
#5765=SURFACE_STYLE_FILL_AREA(#7391);
#5766=ORIENTED_EDGE('',*,*,#6494,.T.);
#5767=ORIENTED_EDGE('',*,*,#7392,.F.);
#5768=ORIENTED_EDGE('',*,*,#7393,.F.);
#5769=ORIENTED_EDGE('',*,*,#7057,.F.);
#5770=CARTESIAN_POINT('',(0.0,5.4,-13.4));
#5771=DIRECTION('',(0.0,0.0,1.0));
#5772=DIRECTION('',(1.0,0.0,0.0));
#5773=SURFACE_STYLE_FILL_AREA(#7394);
#5774=ORIENTED_EDGE('',*,*,#6497,.T.);
#5775=ORIENTED_EDGE('',*,*,#7065,.T.);
#5776=ORIENTED_EDGE('',*,*,#7395,.F.);
#5777=ORIENTED_EDGE('',*,*,#7392,.T.);
#5778=CARTESIAN_POINT('',(0.0,4.6,-14.185));
#5779=DIRECTION('',(0.0,1.0,0.0));
#5780=DIRECTION('',(0.0,0.0,1.0));
#5781=SURFACE_STYLE_FILL_AREA(#7396);
#5782=ORIENTED_EDGE('',*,*,#6520,.T.);
#5783=ORIENTED_EDGE('',*,*,#7027,.T.);
#5784=ORIENTED_EDGE('',*,*,#7397,.F.);
#5785=ORIENTED_EDGE('',*,*,#7332,.T.);
#5786=CARTESIAN_POINT('',(0.0,7.25,-10.285));
#5787=DIRECTION('',(0.0,1.0,0.0));
#5788=DIRECTION('',(0.0,0.0,1.0));
#5789=SURFACE_STYLE_FILL_AREA(#7398);
#5790=ORIENTED_EDGE('',*,*,#6502,.T.);
#5791=ORIENTED_EDGE('',*,*,#7034,.F.);
#5792=ORIENTED_EDGE('',*,*,#7399,.F.);
#5793=ORIENTED_EDGE('',*,*,#7338,.F.);
#5794=CARTESIAN_POINT('',(0.0,3.0,-9.5));
#5795=DIRECTION('',(0.0,0.0,1.0));
#5796=DIRECTION('',(1.0,0.0,0.0));
#5797=SURFACE_STYLE_FILL_AREA(#7400);
#5798=ORIENTED_EDGE('',*,*,#6323,.T.);
#5799=ORIENTED_EDGE('',*,*,#7401,.F.);
#5800=CARTESIAN_POINT('',(-5.85,8.1,-13.7));
#5801=DIRECTION('',(0.0,0.0,1.0));
#5802=DIRECTION('',(-1.0,1.22464679914735E-16,0.0));
#5803=SURFACE_STYLE_FILL_AREA(#7402);
#5804=ORIENTED_EDGE('',*,*,#6320,.T.);
#5805=ORIENTED_EDGE('',*,*,#7403,.F.);
#5806=CARTESIAN_POINT('',(-5.85,2.5,-13.7));
#5807=DIRECTION('',(0.0,0.0,1.0));
#5808=DIRECTION('',(-1.0,1.22464679914735E-16,0.0));
#5809=SURFACE_STYLE_FILL_AREA(#7404);
#5810=ORIENTED_EDGE('',*,*,#6317,.T.);
#5811=ORIENTED_EDGE('',*,*,#7405,.F.);
#5812=CARTESIAN_POINT('',(5.85,8.1,-13.7));
#5813=DIRECTION('',(0.0,0.0,1.0));
#5814=DIRECTION('',(1.0,0.0,0.0));
#5815=SURFACE_STYLE_FILL_AREA(#7406);
#5816=ORIENTED_EDGE('',*,*,#6314,.T.);
#5817=ORIENTED_EDGE('',*,*,#7407,.F.);
#5818=CARTESIAN_POINT('',(5.85,2.5,-13.7));
#5819=DIRECTION('',(0.0,0.0,1.0));
#5820=DIRECTION('',(1.0,0.0,0.0));
#5821=SURFACE_STYLE_FILL_AREA(#7408);
#5822=ORIENTED_EDGE('',*,*,#7409,.F.);
#5823=ORIENTED_EDGE('',*,*,#7410,.F.);
#5824=ORIENTED_EDGE('',*,*,#7411,.T.);
#5825=ORIENTED_EDGE('',*,*,#7412,.T.);
#5826=CARTESIAN_POINT('',(-4.44089209850063E-16,7.8,-16.5));
#5827=DIRECTION('',(7.52693576017055E-17,-1.0,0.0));
#5828=DIRECTION('',(1.0,7.52693576017055E-17,0.0));
#5829=SURFACE_STYLE_FILL_AREA(#7413);
#5830=ORIENTED_EDGE('',*,*,#6309,.T.);
#5831=ORIENTED_EDGE('',*,*,#7414,.T.);
#5832=ORIENTED_EDGE('',*,*,#7410,.T.);
#5833=ORIENTED_EDGE('',*,*,#7415,.F.);
#5834=CARTESIAN_POINT('',(-2.95,8.3,-16.5));
#5835=DIRECTION('',(0.0,0.0,1.0));
#5836=DIRECTION('',(1.0,0.0,0.0));
#5837=SURFACE_STYLE_FILL_AREA(#7416);
#5838=ORIENTED_EDGE('',*,*,#7417,.F.);
#5839=ORIENTED_EDGE('',*,*,#6306,.F.);
#5840=ORIENTED_EDGE('',*,*,#7418,.T.);
#5841=ORIENTED_EDGE('',*,*,#6311,.T.);
#5842=CARTESIAN_POINT('',(-8.88178419700125E-16,8.8,-16.5));
#5843=DIRECTION('',(-1.50538715203411E-16,1.0,0.0));
#5844=DIRECTION('',(-1.0,-1.50538715203411E-16,0.0));
#5845=SURFACE_STYLE_FILL_AREA(#7419);
#5846=ORIENTED_EDGE('',*,*,#6304,.T.);
#5847=ORIENTED_EDGE('',*,*,#7420,.F.);
#5848=ORIENTED_EDGE('',*,*,#7412,.F.);
#5849=ORIENTED_EDGE('',*,*,#7421,.T.);
#5850=CARTESIAN_POINT('',(2.95,8.3,-16.5));
#5851=DIRECTION('',(0.0,0.0,1.0));
#5852=DIRECTION('',(1.0,0.0,0.0));
#5853=SURFACE_STYLE_FILL_AREA(#7422);
#5854=ORIENTED_EDGE('',*,*,#7411,.F.);
#5855=ORIENTED_EDGE('',*,*,#7414,.F.);
#5856=ORIENTED_EDGE('',*,*,#6312,.F.);
#5857=ORIENTED_EDGE('',*,*,#7418,.F.);
#5858=ORIENTED_EDGE('',*,*,#6305,.F.);
#5859=ORIENTED_EDGE('',*,*,#7421,.F.);
#5860=CARTESIAN_POINT('',(2.22044604925031E-16,8.3,-16.5));
#5861=DIRECTION('',(0.0,0.0,1.0));
#5862=DIRECTION('',(1.0,0.0,0.0));
#5863=SURFACE_STYLE_FILL_AREA(#7423);
#5864=ORIENTED_EDGE('',*,*,#7424,.F.);
#5865=ORIENTED_EDGE('',*,*,#7425,.F.);
#5866=ORIENTED_EDGE('',*,*,#7426,.T.);
#5867=ORIENTED_EDGE('',*,*,#7427,.T.);
#5868=CARTESIAN_POINT('',(-4.44089209850063E-16,3.8,-16.5));
#5869=DIRECTION('',(7.52693576017055E-17,-1.0,0.0));
#5870=DIRECTION('',(1.0,7.52693576017055E-17,0.0));
#5871=SURFACE_STYLE_FILL_AREA(#7428);
#5872=ORIENTED_EDGE('',*,*,#6299,.T.);
#5873=ORIENTED_EDGE('',*,*,#7429,.T.);
#5874=ORIENTED_EDGE('',*,*,#7425,.T.);
#5875=ORIENTED_EDGE('',*,*,#7430,.F.);
#5876=CARTESIAN_POINT('',(-2.95,4.3,-16.5));
#5877=DIRECTION('',(0.0,0.0,1.0));
#5878=DIRECTION('',(1.0,0.0,0.0));
#5879=SURFACE_STYLE_FILL_AREA(#7431);
#5880=ORIENTED_EDGE('',*,*,#7432,.F.);
#5881=ORIENTED_EDGE('',*,*,#6296,.F.);
#5882=ORIENTED_EDGE('',*,*,#7433,.T.);
#5883=ORIENTED_EDGE('',*,*,#6301,.T.);
#5884=CARTESIAN_POINT('',(-8.88178419700125E-16,4.8,-16.5));
#5885=DIRECTION('',(-1.50538715203411E-16,1.0,0.0));
#5886=DIRECTION('',(-1.0,-1.50538715203411E-16,0.0));
#5887=SURFACE_STYLE_FILL_AREA(#7434);
#5888=ORIENTED_EDGE('',*,*,#6294,.T.);
#5889=ORIENTED_EDGE('',*,*,#7435,.F.);
#5890=ORIENTED_EDGE('',*,*,#7427,.F.);
#5891=ORIENTED_EDGE('',*,*,#7436,.T.);
#5892=CARTESIAN_POINT('',(2.95,4.3,-16.5));
#5893=DIRECTION('',(0.0,0.0,1.0));
#5894=DIRECTION('',(1.0,0.0,0.0));
#5895=SURFACE_STYLE_FILL_AREA(#7437);
#5896=ORIENTED_EDGE('',*,*,#7426,.F.);
#5897=ORIENTED_EDGE('',*,*,#7429,.F.);
#5898=ORIENTED_EDGE('',*,*,#6302,.F.);
#5899=ORIENTED_EDGE('',*,*,#7433,.F.);
#5900=ORIENTED_EDGE('',*,*,#6295,.F.);
#5901=ORIENTED_EDGE('',*,*,#7436,.F.);
#5902=CARTESIAN_POINT('',(2.22044604925031E-16,4.3,-16.5));
#5903=DIRECTION('',(0.0,0.0,1.0));
#5904=DIRECTION('',(1.0,0.0,0.0));
#5905=SURFACE_STYLE_FILL_AREA(#7438);
#5906=ORIENTED_EDGE('',*,*,#6412,.T.);
#5907=ORIENTED_EDGE('',*,*,#7143,.F.);
#5908=ORIENTED_EDGE('',*,*,#7439,.F.);
#5909=ORIENTED_EDGE('',*,*,#7440,.F.);
#5910=ORIENTED_EDGE('',*,*,#7441,.F.);
#5911=ORIENTED_EDGE('',*,*,#7442,.F.);
#5912=ORIENTED_EDGE('',*,*,#7443,.F.);
#5913=ORIENTED_EDGE('',*,*,#6469,.T.);
#5914=CARTESIAN_POINT('',(5.72,-0.399999999999999,-12.0465));
#5915=DIRECTION('',(1.0,0.0,0.0));
#5916=DIRECTION('',(0.0,6.12323399573676E-17,-1.0));
#5917=SURFACE_STYLE_FILL_AREA(#7444);
#5918=ORIENTED_EDGE('',*,*,#7445,.F.);
#5919=ORIENTED_EDGE('',*,*,#7439,.T.);
#5920=ORIENTED_EDGE('',*,*,#7142,.F.);
#5921=ORIENTED_EDGE('',*,*,#7446,.F.);
#5922=CARTESIAN_POINT('',(0.0,-0.399999999999999,-16.0));
#5923=DIRECTION('',(0.0,6.12323399573676E-17,-1.0));
#5924=DIRECTION('',(-1.0,0.0,0.0));
#5925=SURFACE_STYLE_FILL_AREA(#7447);
#5926=ORIENTED_EDGE('',*,*,#6464,.T.);
#5927=ORIENTED_EDGE('',*,*,#7448,.F.);
#5928=ORIENTED_EDGE('',*,*,#7449,.F.);
#5929=ORIENTED_EDGE('',*,*,#7450,.F.);
#5930=CARTESIAN_POINT('',(-4.52,-0.4,-7.378));
#5931=DIRECTION('',(-1.0,0.0,0.0));
#5932=DIRECTION('',(0.0,-6.12323399573676E-17,1.0));
#5933=SURFACE_STYLE_FILL_AREA(#7451);
#5934=ORIENTED_EDGE('',*,*,#6463,.T.);
#5935=ORIENTED_EDGE('',*,*,#7452,.F.);
#5936=ORIENTED_EDGE('',*,*,#7453,.F.);
#5937=ORIENTED_EDGE('',*,*,#7448,.T.);
#5938=CARTESIAN_POINT('',(-3.87,-0.4,-6.663));
#5939=DIRECTION('',(-0.0,1.0,6.12323399573676E-17));
#5940=DIRECTION('',(1.0,0.0,0.0));
#5941=SURFACE_STYLE_FILL_AREA(#7454);
#5942=ORIENTED_EDGE('',*,*,#6462,.T.);
#5943=ORIENTED_EDGE('',*,*,#7455,.F.);
#5944=ORIENTED_EDGE('',*,*,#7456,.F.);
#5945=ORIENTED_EDGE('',*,*,#7452,.T.);
#5946=CARTESIAN_POINT('',(-3.22,-0.4,-7.378));
#5947=DIRECTION('',(1.0,0.0,0.0));
#5948=DIRECTION('',(0.0,6.12323399573676E-17,-1.0));
#5949=SURFACE_STYLE_FILL_AREA(#7457);
#5950=ORIENTED_EDGE('',*,*,#6460,.T.);
#5951=ORIENTED_EDGE('',*,*,#7458,.F.);
#5952=ORIENTED_EDGE('',*,*,#7459,.F.);
#5953=ORIENTED_EDGE('',*,*,#7460,.F.);
#5954=CARTESIAN_POINT('',(-0.75,-0.4,-5.453));
#5955=DIRECTION('',(-1.0,0.0,0.0));
#5956=DIRECTION('',(0.0,-6.12323399573676E-17,1.0));
#5957=SURFACE_STYLE_FILL_AREA(#7461);
#5958=ORIENTED_EDGE('',*,*,#6459,.T.);
#5959=ORIENTED_EDGE('',*,*,#7462,.F.);
#5960=ORIENTED_EDGE('',*,*,#7463,.F.);
#5961=ORIENTED_EDGE('',*,*,#7458,.T.);
#5962=CARTESIAN_POINT('',(-0.249999999999999,-0.4,-2.813));
#5963=DIRECTION('',(-0.0,1.0,6.12323399573676E-17));
#5964=DIRECTION('',(1.0,0.0,0.0));
#5965=SURFACE_STYLE_FILL_AREA(#7464);
#5966=ORIENTED_EDGE('',*,*,#6458,.T.);
#5967=ORIENTED_EDGE('',*,*,#7465,.F.);
#5968=ORIENTED_EDGE('',*,*,#7466,.F.);
#5969=ORIENTED_EDGE('',*,*,#7462,.T.);
#5970=CARTESIAN_POINT('',(-0.198999999999999,-0.4,-1.36280390031205));
#5971=DIRECTION('',(-1.0,-8.29431492862469E-32,1.35456442370151E-15));
#5972=DIRECTION('',(1.35456442370151E-15,-6.12323399573676E-17,1.0));
#5973=SURFACE_STYLE_FILL_AREA(#7467);
#5974=ORIENTED_EDGE('',*,*,#6455,.T.);
#5975=ORIENTED_EDGE('',*,*,#7468,.F.);
#5976=ORIENTED_EDGE('',*,*,#7469,.F.);
#5977=ORIENTED_EDGE('',*,*,#7470,.T.);
#5978=CARTESIAN_POINT('',(-1.899,-0.4,-1.363));
#5979=DIRECTION('',(0.0,6.12323399573676E-17,-1.0));
#5980=DIRECTION('',(-1.0,0.0,0.0));
#5981=SURFACE_STYLE_FILL_AREA(#7471);
#5982=ORIENTED_EDGE('',*,*,#6454,.T.);
#5983=ORIENTED_EDGE('',*,*,#7074,.F.);
#5984=ORIENTED_EDGE('',*,*,#7472,.F.);
#5985=ORIENTED_EDGE('',*,*,#7468,.T.);
#5986=CARTESIAN_POINT('',(-2.748,-0.4,-0.886500000000002));
#5987=DIRECTION('',(-1.0,0.0,0.0));
#5988=DIRECTION('',(0.0,-6.12323399573676E-17,1.0));
#5989=SURFACE_STYLE_FILL_AREA(#7473);
#5990=ORIENTED_EDGE('',*,*,#6468,.T.);
#5991=ORIENTED_EDGE('',*,*,#7474,.F.);
#5992=ORIENTED_EDGE('',*,*,#7475,.F.);
#5993=ORIENTED_EDGE('',*,*,#7476,.F.);
#5994=ORIENTED_EDGE('',*,*,#7477,.F.);
#5995=ORIENTED_EDGE('',*,*,#7446,.T.);
#5996=ORIENTED_EDGE('',*,*,#7141,.F.);
#5997=ORIENTED_EDGE('',*,*,#6410,.T.);
#5998=CARTESIAN_POINT('',(-5.72,-0.399999999999999,-12.0465));
#5999=DIRECTION('',(-1.0,0.0,0.0));
#6000=DIRECTION('',(0.0,-6.12323399573676E-17,1.0));
#6001=SURFACE_STYLE_FILL_AREA(#7478);
#6002=ORIENTED_EDGE('',*,*,#6456,.T.);
#6003=ORIENTED_EDGE('',*,*,#7470,.F.);
#6004=ORIENTED_EDGE('',*,*,#7479,.F.);
#6005=ORIENTED_EDGE('',*,*,#7480,.F.);
#6006=CARTESIAN_POINT('',(-1.05,-0.4,-0.886499999999999));
#6007=DIRECTION('',(1.0,0.0,0.0));
#6008=DIRECTION('',(0.0,6.12323399573676E-17,-1.0));
#6009=SURFACE_STYLE_FILL_AREA(#7481);
#6010=ORIENTED_EDGE('',*,*,#6510,.T.);
#6011=ORIENTED_EDGE('',*,*,#7482,.F.);
#6012=ORIENTED_EDGE('',*,*,#7483,.F.);
#6013=ORIENTED_EDGE('',*,*,#7484,.T.);
#6014=CARTESIAN_POINT('',(-6.05,0.4,-8.9315));
#6015=DIRECTION('',(-5.02079421509192E-33,-1.0,8.19957920698048E-17));
#6016=DIRECTION('',(6.12323399573676E-17,-8.19957920698048E-17,-1.0));
#6017=SURFACE_STYLE_FILL_AREA(#7485);
#6018=ORIENTED_EDGE('',*,*,#6511,.T.);
#6019=ORIENTED_EDGE('',*,*,#7484,.F.);
#6020=ORIENTED_EDGE('',*,*,#7486,.F.);
#6021=ORIENTED_EDGE('',*,*,#7487,.T.);
#6022=ORIENTED_EDGE('',*,*,#7474,.T.);
#6023=ORIENTED_EDGE('',*,*,#6467,.T.);
#6024=CARTESIAN_POINT('',(-6.05,0.2,-9.27));
#6025=DIRECTION('',(-6.12323399573676E-17,0.0,1.0));
#6026=DIRECTION('',(0.0,-1.0,0.0));
#6027=SURFACE_STYLE_FILL_AREA(#7488);
#6028=ORIENTED_EDGE('',*,*,#6470,.T.);
#6029=ORIENTED_EDGE('',*,*,#7443,.T.);
#6030=ORIENTED_EDGE('',*,*,#7489,.T.);
#6031=ORIENTED_EDGE('',*,*,#7490,.T.);
#6032=ORIENTED_EDGE('',*,*,#7138,.F.);
#6033=ORIENTED_EDGE('',*,*,#6541,.T.);
#6034=CARTESIAN_POINT('',(-6.05,0.2,-9.27));
#6035=DIRECTION('',(-6.12323399573676E-17,0.0,1.0));
#6036=DIRECTION('',(0.0,-1.0,0.0));
#6037=SURFACE_STYLE_FILL_AREA(#7491);
#6038=ORIENTED_EDGE('',*,*,#7207,.T.);
#6039=ORIENTED_EDGE('',*,*,#7200,.T.);
#6040=ORIENTED_EDGE('',*,*,#7211,.T.);
#6041=ORIENTED_EDGE('',*,*,#7248,.T.);
#6042=ORIENTED_EDGE('',*,*,#7475,.T.);
#6043=ORIENTED_EDGE('',*,*,#7487,.F.);
#6044=ORIENTED_EDGE('',*,*,#7492,.F.);
#6045=ORIENTED_EDGE('',*,*,#7493,.T.);
#6046=CARTESIAN_POINT('',(-6.05,0.0,-10.785));
#6047=DIRECTION('',(0.0,-1.0,0.0));
#6048=DIRECTION('',(6.12323399573676E-17,0.0,-1.0));
#6049=SURFACE_STYLE_FILL_AREA(#7494);
#6050=ORIENTED_EDGE('',*,*,#7152,.T.);
#6051=ORIENTED_EDGE('',*,*,#7145,.T.);
#6052=ORIENTED_EDGE('',*,*,#7156,.T.);
#6053=ORIENTED_EDGE('',*,*,#7193,.T.);
#6054=ORIENTED_EDGE('',*,*,#7442,.T.);
#6055=ORIENTED_EDGE('',*,*,#7495,.T.);
#6056=ORIENTED_EDGE('',*,*,#7496,.T.);
#6057=ORIENTED_EDGE('',*,*,#7489,.F.);
#6058=CARTESIAN_POINT('',(-6.05,0.0,-10.785));
#6059=DIRECTION('',(0.0,-1.0,0.0));
#6060=DIRECTION('',(6.12323399573676E-17,0.0,-1.0));
#6061=SURFACE_STYLE_FILL_AREA(#7497);
#6062=ORIENTED_EDGE('',*,*,#7440,.T.);
#6063=ORIENTED_EDGE('',*,*,#7445,.T.);
#6064=ORIENTED_EDGE('',*,*,#7477,.T.);
#6065=ORIENTED_EDGE('',*,*,#7498,.F.);
#6066=ORIENTED_EDGE('',*,*,#7499,.F.);
#6067=ORIENTED_EDGE('',*,*,#7500,.T.);
#6068=ORIENTED_EDGE('',*,*,#7501,.T.);
#6069=ORIENTED_EDGE('',*,*,#7502,.F.);
#6070=CARTESIAN_POINT('',(-6.05,0.15,-14.25));
#6071=DIRECTION('',(0.0,-1.0,0.0));
#6072=DIRECTION('',(6.12323399573676E-17,0.0,-1.0));
#6073=SURFACE_STYLE_FILL_AREA(#7503);
#6074=ORIENTED_EDGE('',*,*,#7476,.T.);
#6075=ORIENTED_EDGE('',*,*,#7493,.F.);
#6076=ORIENTED_EDGE('',*,*,#7504,.F.);
#6077=ORIENTED_EDGE('',*,*,#7498,.T.);
#6078=CARTESIAN_POINT('',(-6.05,0.075,-12.3));
#6079=DIRECTION('',(6.12323399573676E-17,1.1842378929335E-14,-1.0));
#6080=DIRECTION('',(-7.25136572505009E-31,1.0,1.1842378929335E-14));
#6081=SURFACE_STYLE_FILL_AREA(#7505);
#6082=ORIENTED_EDGE('',*,*,#7441,.T.);
#6083=ORIENTED_EDGE('',*,*,#7502,.T.);
#6084=ORIENTED_EDGE('',*,*,#7506,.T.);
#6085=ORIENTED_EDGE('',*,*,#7495,.F.);
#6086=CARTESIAN_POINT('',(-6.05,0.075,-12.3));
#6087=DIRECTION('',(6.12323399573676E-17,1.1842378929335E-14,-1.0));
#6088=DIRECTION('',(-7.25136572505009E-31,1.0,1.1842378929335E-14));
#6089=SURFACE_STYLE_FILL_AREA(#7507);
#6090=ORIENTED_EDGE('',*,*,#6465,.T.);
#6091=ORIENTED_EDGE('',*,*,#7450,.T.);
#6092=ORIENTED_EDGE('',*,*,#7508,.F.);
#6093=ORIENTED_EDGE('',*,*,#7509,.F.);
#6094=ORIENTED_EDGE('',*,*,#7510,.T.);
#6095=ORIENTED_EDGE('',*,*,#6508,.T.);
#6096=CARTESIAN_POINT('',(-6.05,0.2,-8.093));
#6097=DIRECTION('',(6.12323399573676E-17,0.0,-1.0));
#6098=DIRECTION('',(0.0,1.0,0.0));
#6099=SURFACE_STYLE_FILL_AREA(#7511);
#6100=ORIENTED_EDGE('',*,*,#6461,.T.);
#6101=ORIENTED_EDGE('',*,*,#7460,.T.);
#6102=ORIENTED_EDGE('',*,*,#7512,.F.);
#6103=ORIENTED_EDGE('',*,*,#7455,.T.);
#6104=CARTESIAN_POINT('',(-6.05,0.2,-8.093));
#6105=DIRECTION('',(6.12323399573676E-17,0.0,-1.0));
#6106=DIRECTION('',(0.0,1.0,0.0));
#6107=SURFACE_STYLE_FILL_AREA(#7513);
#6108=ORIENTED_EDGE('',*,*,#7449,.T.);
#6109=ORIENTED_EDGE('',*,*,#7453,.T.);
#6110=ORIENTED_EDGE('',*,*,#7456,.T.);
#6111=ORIENTED_EDGE('',*,*,#7512,.T.);
#6112=ORIENTED_EDGE('',*,*,#7459,.T.);
#6113=ORIENTED_EDGE('',*,*,#7463,.T.);
#6114=ORIENTED_EDGE('',*,*,#7466,.T.);
#6115=ORIENTED_EDGE('',*,*,#7514,.F.);
#6116=ORIENTED_EDGE('',*,*,#7479,.T.);
#6117=ORIENTED_EDGE('',*,*,#7469,.T.);
#6118=ORIENTED_EDGE('',*,*,#7472,.T.);
#6119=ORIENTED_EDGE('',*,*,#7073,.F.);
#6120=ORIENTED_EDGE('',*,*,#7077,.T.);
#6121=ORIENTED_EDGE('',*,*,#7081,.T.);
#6122=ORIENTED_EDGE('',*,*,#7515,.F.);
#6123=ORIENTED_EDGE('',*,*,#7508,.T.);
#6124=CARTESIAN_POINT('',(-6.05,0.0,-4.2515));
#6125=DIRECTION('',(0.0,-1.0,0.0));
#6126=DIRECTION('',(6.12323399573676E-17,0.0,-1.0));
#6127=SURFACE_STYLE_FILL_AREA(#7516);
#6128=ORIENTED_EDGE('',*,*,#6457,.T.);
#6129=ORIENTED_EDGE('',*,*,#7480,.T.);
#6130=ORIENTED_EDGE('',*,*,#7514,.T.);
#6131=ORIENTED_EDGE('',*,*,#7465,.T.);
#6132=CARTESIAN_POINT('',(-6.05,0.2,-0.409999999999996));
#6133=DIRECTION('',(-6.12323399573676E-17,0.0,1.0));
#6134=DIRECTION('',(0.0,-1.0,0.0));
#6135=SURFACE_STYLE_FILL_AREA(#7517);
#6136=ORIENTED_EDGE('',*,*,#7064,.T.);
#6137=ORIENTED_EDGE('',*,*,#7058,.T.);
#6138=ORIENTED_EDGE('',*,*,#7393,.T.);
#6139=ORIENTED_EDGE('',*,*,#7395,.T.);
#6140=ORIENTED_EDGE('',*,*,#7026,.T.);
#6141=ORIENTED_EDGE('',*,*,#7030,.T.);
#6142=ORIENTED_EDGE('',*,*,#7333,.T.);
#6143=ORIENTED_EDGE('',*,*,#7397,.T.);
#6144=ORIENTED_EDGE('',*,*,#7037,.T.);
#6145=ORIENTED_EDGE('',*,*,#7339,.T.);
#6146=ORIENTED_EDGE('',*,*,#7399,.T.);
#6147=ORIENTED_EDGE('',*,*,#7033,.T.);
#6148=ORIENTED_EDGE('',*,*,#6324,.T.);
#6149=ORIENTED_EDGE('',*,*,#7401,.T.);
#6150=ORIENTED_EDGE('',*,*,#6321,.T.);
#6151=ORIENTED_EDGE('',*,*,#7403,.T.);
#6152=ORIENTED_EDGE('',*,*,#7080,.T.);
#6153=ORIENTED_EDGE('',*,*,#7086,.T.);
#6154=ORIENTED_EDGE('',*,*,#7518,.T.);
#6155=ORIENTED_EDGE('',*,*,#7519,.T.);
#6156=ORIENTED_EDGE('',*,*,#7520,.F.);
#6157=ORIENTED_EDGE('',*,*,#7499,.T.);
#6158=ORIENTED_EDGE('',*,*,#7504,.T.);
#6159=ORIENTED_EDGE('',*,*,#7492,.T.);
#6160=ORIENTED_EDGE('',*,*,#7486,.T.);
#6161=ORIENTED_EDGE('',*,*,#7483,.T.);
#6162=ORIENTED_EDGE('',*,*,#7521,.T.);
#6163=ORIENTED_EDGE('',*,*,#7509,.T.);
#6164=ORIENTED_EDGE('',*,*,#7515,.T.);
#6165=CARTESIAN_POINT('',(-6.05,5.27347289354961,-8.10206888821991));
#6166=DIRECTION('',(1.0,0.0,6.12323399573676E-17));
#6167=DIRECTION('',(6.12323399573676E-17,0.0,-1.0));
#6168=SURFACE_STYLE_FILL_AREA(#7522);
#6169=ORIENTED_EDGE('',*,*,#7343,.T.);
#6170=ORIENTED_EDGE('',*,*,#6339,.T.);
#6171=ORIENTED_EDGE('',*,*,#7347,.T.);
#6172=ORIENTED_EDGE('',*,*,#7349,.T.);
#6173=ORIENTED_EDGE('',*,*,#6987,.T.);
#6174=ORIENTED_EDGE('',*,*,#6992,.T.);
#6175=ORIENTED_EDGE('',*,*,#6995,.T.);
#6176=ORIENTED_EDGE('',*,*,#6998,.T.);
#6177=ORIENTED_EDGE('',*,*,#7023,.T.);
#6178=ORIENTED_EDGE('',*,*,#7352,.T.);
#6179=ORIENTED_EDGE('',*,*,#7354,.T.);
#6180=ORIENTED_EDGE('',*,*,#6336,.T.);
#6181=ORIENTED_EDGE('',*,*,#7357,.T.);
#6182=ORIENTED_EDGE('',*,*,#7360,.T.);
#6183=ORIENTED_EDGE('',*,*,#7363,.T.);
#6184=ORIENTED_EDGE('',*,*,#7365,.T.);
#6185=ORIENTED_EDGE('',*,*,#6331,.T.);
#6186=ORIENTED_EDGE('',*,*,#7368,.T.);
#6187=ORIENTED_EDGE('',*,*,#7371,.T.);
#6188=ORIENTED_EDGE('',*,*,#7374,.T.);
#6189=ORIENTED_EDGE('',*,*,#7377,.T.);
#6190=ORIENTED_EDGE('',*,*,#7380,.T.);
#6191=ORIENTED_EDGE('',*,*,#7383,.T.);
#6192=ORIENTED_EDGE('',*,*,#7385,.T.);
#6193=ORIENTED_EDGE('',*,*,#6364,.T.);
#6194=ORIENTED_EDGE('',*,*,#6984,.T.);
#6195=ORIENTED_EDGE('',*,*,#7388,.T.);
#6196=ORIENTED_EDGE('',*,*,#7390,.T.);
#6197=ORIENTED_EDGE('',*,*,#7523,.T.);
#6198=ORIENTED_EDGE('',*,*,#7524,.F.);
#6199=ORIENTED_EDGE('',*,*,#7518,.F.);
#6200=ORIENTED_EDGE('',*,*,#7085,.T.);
#6201=CARTESIAN_POINT('',(-6.05,5.55,0.0));
#6202=DIRECTION('',(-6.12323399573676E-17,0.0,1.0));
#6203=DIRECTION('',(0.0,-1.0,0.0));
#6204=SURFACE_STYLE_FILL_AREA(#7525);
#6205=ORIENTED_EDGE('',*,*,#7526,.T.);
#6206=ORIENTED_EDGE('',*,*,#7527,.F.);
#6207=ORIENTED_EDGE('',*,*,#7519,.F.);
#6208=ORIENTED_EDGE('',*,*,#7524,.T.);
#6209=CARTESIAN_POINT('',(-6.05,10.7,-8.1));
#6210=DIRECTION('',(0.0,1.0,0.0));
#6211=DIRECTION('',(-6.12323399573676E-17,0.0,1.0));
#6212=SURFACE_STYLE_FILL_AREA(#7528);
#6213=ORIENTED_EDGE('',*,*,#6310,.T.);
#6214=ORIENTED_EDGE('',*,*,#7415,.T.);
#6215=ORIENTED_EDGE('',*,*,#7409,.T.);
#6216=ORIENTED_EDGE('',*,*,#7420,.T.);
#6217=ORIENTED_EDGE('',*,*,#6307,.T.);
#6218=ORIENTED_EDGE('',*,*,#7417,.T.);
#6219=ORIENTED_EDGE('',*,*,#6300,.T.);
#6220=ORIENTED_EDGE('',*,*,#7430,.T.);
#6221=ORIENTED_EDGE('',*,*,#7424,.T.);
#6222=ORIENTED_EDGE('',*,*,#7435,.T.);
#6223=ORIENTED_EDGE('',*,*,#6297,.T.);
#6224=ORIENTED_EDGE('',*,*,#7432,.T.);
#6225=ORIENTED_EDGE('',*,*,#7529,.T.);
#6226=ORIENTED_EDGE('',*,*,#7500,.F.);
#6227=ORIENTED_EDGE('',*,*,#7520,.T.);
#6228=ORIENTED_EDGE('',*,*,#7527,.T.);
#6229=CARTESIAN_POINT('',(-6.05,5.425,-16.2));
#6230=DIRECTION('',(6.12323399573676E-17,0.0,-1.0));
#6231=DIRECTION('',(0.0,1.0,0.0));
#6232=SURFACE_STYLE_FILL_AREA(#7530);
#6233=ORIENTED_EDGE('',*,*,#6509,.T.);
#6234=ORIENTED_EDGE('',*,*,#7510,.F.);
#6235=ORIENTED_EDGE('',*,*,#7521,.F.);
#6236=ORIENTED_EDGE('',*,*,#7482,.T.);
#6237=CARTESIAN_POINT('',(-6.05,0.4,-8.343));
#6238=DIRECTION('',(1.0,0.0,6.12323399573676E-17));
#6239=DIRECTION('',(6.12323399573676E-17,0.0,-1.0));
#6240=SURFACE_STYLE_FILL_AREA(#7531);
#6241=ORIENTED_EDGE('',*,*,#7129,.T.);
#6242=ORIENTED_EDGE('',*,*,#7133,.T.);
#6243=ORIENTED_EDGE('',*,*,#7532,.T.);
#6244=ORIENTED_EDGE('',*,*,#7089,.T.);
#6245=ORIENTED_EDGE('',*,*,#7093,.T.);
#6246=ORIENTED_EDGE('',*,*,#7096,.F.);
#6247=ORIENTED_EDGE('',*,*,#7099,.T.);
#6248=ORIENTED_EDGE('',*,*,#7102,.T.);
#6249=ORIENTED_EDGE('',*,*,#7105,.T.);
#6250=ORIENTED_EDGE('',*,*,#7108,.F.);
#6251=ORIENTED_EDGE('',*,*,#7111,.T.);
#6252=ORIENTED_EDGE('',*,*,#7114,.T.);
#6253=ORIENTED_EDGE('',*,*,#7117,.T.);
#6254=ORIENTED_EDGE('',*,*,#7120,.T.);
#6255=ORIENTED_EDGE('',*,*,#7123,.T.);
#6256=ORIENTED_EDGE('',*,*,#7126,.T.);
#6257=CARTESIAN_POINT('',(-6.05,0.0,-4.2515));
#6258=DIRECTION('',(0.0,-1.0,0.0));
#6259=DIRECTION('',(6.12323399573676E-17,0.0,-1.0));
#6260=SURFACE_STYLE_FILL_AREA(#7533);
#6261=ORIENTED_EDGE('',*,*,#7062,.T.);
#6262=ORIENTED_EDGE('',*,*,#7068,.T.);
#6263=ORIENTED_EDGE('',*,*,#7070,.T.);
#6264=ORIENTED_EDGE('',*,*,#7054,.T.);
#6265=ORIENTED_EDGE('',*,*,#7044,.T.);
#6266=ORIENTED_EDGE('',*,*,#7328,.T.);
#6267=ORIENTED_EDGE('',*,*,#7330,.T.);
#6268=ORIENTED_EDGE('',*,*,#7040,.T.);
#6269=ORIENTED_EDGE('',*,*,#7341,.T.);
#6270=ORIENTED_EDGE('',*,*,#7047,.T.);
#6271=ORIENTED_EDGE('',*,*,#7051,.T.);
#6272=ORIENTED_EDGE('',*,*,#7336,.T.);
#6273=ORIENTED_EDGE('',*,*,#7405,.T.);
#6274=ORIENTED_EDGE('',*,*,#6318,.T.);
#6275=ORIENTED_EDGE('',*,*,#7407,.T.);
#6276=ORIENTED_EDGE('',*,*,#6315,.T.);
#6277=ORIENTED_EDGE('',*,*,#7090,.T.);
#6278=ORIENTED_EDGE('',*,*,#7532,.F.);
#6279=ORIENTED_EDGE('',*,*,#7132,.F.);
#6280=ORIENTED_EDGE('',*,*,#7136,.F.);
#6281=ORIENTED_EDGE('',*,*,#7139,.F.);
#6282=ORIENTED_EDGE('',*,*,#7490,.F.);
#6283=ORIENTED_EDGE('',*,*,#7496,.F.);
#6284=ORIENTED_EDGE('',*,*,#7506,.F.);
#6285=ORIENTED_EDGE('',*,*,#7501,.F.);
#6286=ORIENTED_EDGE('',*,*,#7529,.F.);
#6287=ORIENTED_EDGE('',*,*,#7526,.F.);
#6288=ORIENTED_EDGE('',*,*,#7523,.F.);
#6289=ORIENTED_EDGE('',*,*,#7084,.T.);
#6290=CARTESIAN_POINT('',(6.05,5.27347289354961,-8.10206888821991));
#6291=DIRECTION('',(1.0,0.0,6.12323399573676E-17));
#6292=DIRECTION('',(6.12323399573676E-17,0.0,-1.0));
#6293=FILL_AREA_STYLE('',(#7534));
#6294=EDGE_CURVE('',#7535,#7536,#7537,.T.);
#6295=EDGE_CURVE('',#7535,#7538,#7539,.T.);
#6296=EDGE_CURVE('',#7538,#7540,#7541,.T.);
#6297=EDGE_CURVE('',#7536,#7540,#7542,.T.);
#6298=FILL_AREA_STYLE('',(#7543));
#6299=EDGE_CURVE('',#7544,#7545,#7546,.T.);
#6300=EDGE_CURVE('',#7547,#7544,#7548,.T.);
#6301=EDGE_CURVE('',#7549,#7547,#7550,.T.);
#6302=EDGE_CURVE('',#7549,#7545,#7551,.T.);
#6303=FILL_AREA_STYLE('',(#7552));
#6304=EDGE_CURVE('',#7553,#7554,#7555,.T.);
#6305=EDGE_CURVE('',#7553,#7556,#7557,.T.);
#6306=EDGE_CURVE('',#7556,#7558,#7559,.T.);
#6307=EDGE_CURVE('',#7554,#7558,#7560,.T.);
#6308=FILL_AREA_STYLE('',(#7561));
#6309=EDGE_CURVE('',#7562,#7563,#7564,.T.);
#6310=EDGE_CURVE('',#7565,#7562,#7566,.T.);
#6311=EDGE_CURVE('',#7567,#7565,#7568,.T.);
#6312=EDGE_CURVE('',#7567,#7563,#7569,.T.);
#6313=FILL_AREA_STYLE('',(#7570));
#6314=EDGE_CURVE('',#7571,#7572,#7573,.T.);
#6315=EDGE_CURVE('',#7572,#7571,#7574,.T.);
#6316=FILL_AREA_STYLE('',(#7575));
#6317=EDGE_CURVE('',#7576,#7577,#7578,.T.);
#6318=EDGE_CURVE('',#7577,#7576,#7579,.T.);
#6319=FILL_AREA_STYLE('',(#7580));
#6320=EDGE_CURVE('',#7581,#7582,#7583,.T.);
#6321=EDGE_CURVE('',#7582,#7581,#7584,.T.);
#6322=FILL_AREA_STYLE('',(#7585));
#6323=EDGE_CURVE('',#7586,#7587,#7588,.T.);
#6324=EDGE_CURVE('',#7587,#7586,#7589,.T.);
#6325=FILL_AREA_STYLE('',(#7590));
#6326=EDGE_CURVE('',#7591,#7592,#7593,.T.);
#6327=EDGE_CURVE('',#7591,#7594,#7595,.T.);
#6328=EDGE_CURVE('',#7594,#7596,#7597,.T.);
#6329=EDGE_CURVE('',#7596,#7598,#7599,.T.);
#6330=EDGE_CURVE('',#7598,#7600,#7601,.T.);
#6331=EDGE_CURVE('',#7592,#7600,#7602,.T.);
#6332=FILL_AREA_STYLE('',(#7603));
#6333=EDGE_CURVE('',#7604,#7605,#7606,.T.);
#6334=EDGE_CURVE('',#7604,#7607,#7608,.T.);
#6335=EDGE_CURVE('',#7607,#7609,#7610,.T.);
#6336=EDGE_CURVE('',#7605,#7609,#7611,.T.);
#6337=FILL_AREA_STYLE('',(#7612));
#6338=EDGE_CURVE('',#7613,#7614,#7615,.T.);
#6339=EDGE_CURVE('',#7616,#7613,#7617,.T.);
#6340=EDGE_CURVE('',#7618,#7616,#7619,.T.);
#6341=EDGE_CURVE('',#7618,#7614,#7620,.T.);
#6342=FILL_AREA_STYLE('',(#7621));
#6343=EDGE_CURVE('',#7622,#7623,#7624,.T.);
#6344=EDGE_CURVE('',#7625,#7622,#7626,.T.);
#6345=EDGE_CURVE('',#7627,#7625,#7628,.T.);
#6346=EDGE_CURVE('',#7623,#7627,#7629,.T.);
#6347=FILL_AREA_STYLE('',(#7630));
#6348=EDGE_CURVE('',#7631,#7632,#7633,.T.);
#6349=EDGE_CURVE('',#7634,#7631,#7635,.T.);
#6350=EDGE_CURVE('',#7636,#7634,#7637,.T.);
#6351=EDGE_CURVE('',#7632,#7636,#7638,.T.);
#6352=FILL_AREA_STYLE('',(#7639));
#6353=EDGE_CURVE('',#7640,#7641,#7642,.T.);
#6354=EDGE_CURVE('',#7643,#7640,#7644,.T.);
#6355=EDGE_CURVE('',#7645,#7643,#7646,.T.);
#6356=EDGE_CURVE('',#7641,#7645,#7647,.T.);
#6357=FILL_AREA_STYLE('',(#7648));
#6358=EDGE_CURVE('',#7649,#7650,#7651,.T.);
#6359=EDGE_CURVE('',#7652,#7649,#7653,.T.);
#6360=EDGE_CURVE('',#7654,#7652,#7655,.T.);
#6361=EDGE_CURVE('',#7650,#7654,#7656,.T.);
#6362=FILL_AREA_STYLE('',(#7657));
#6363=EDGE_CURVE('',#7658,#7659,#7660,.T.);
#6364=EDGE_CURVE('',#7661,#7658,#7662,.T.);
#6365=EDGE_CURVE('',#7663,#7661,#7664,.T.);
#6366=EDGE_CURVE('',#7663,#7665,#7666,.T.);
#6367=EDGE_CURVE('',#7665,#7667,#7668,.T.);
#6368=EDGE_CURVE('',#7667,#7659,#7669,.T.);
#6369=FILL_AREA_STYLE('',(#7670));
#6370=EDGE_CURVE('',#7671,#7594,#7672,.T.);
#6371=EDGE_CURVE('',#7673,#7671,#7674,.T.);
#6372=EDGE_CURVE('',#7675,#7673,#7676,.T.);
#6373=EDGE_CURVE('',#7675,#7677,#7678,.T.);
#6374=EDGE_CURVE('',#7596,#7677,#7679,.T.);
#6375=FILL_AREA_STYLE('',(#7680));
#6376=EDGE_CURVE('',#7681,#7671,#7682,.T.);
#6377=EDGE_CURVE('',#7683,#7681,#7684,.T.);
#6378=EDGE_CURVE('',#7673,#7683,#7685,.T.);
#6379=FILL_AREA_STYLE('',(#7686));
#6380=EDGE_CURVE('',#7687,#7688,#7689,.T.);
#6381=EDGE_CURVE('',#7687,#7690,#7691,.T.);
#6382=EDGE_CURVE('',#7690,#7692,#7693,.T.);
#6383=EDGE_CURVE('',#7692,#7688,#7694,.T.);
#6384=FILL_AREA_STYLE('',(#7695));
#6385=EDGE_CURVE('',#7696,#7697,#7698,.T.);
#6386=EDGE_CURVE('',#7696,#7699,#7700,.T.);
#6387=EDGE_CURVE('',#7699,#7701,#7702,.T.);
#6388=EDGE_CURVE('',#7701,#7703,#7704,.T.);
#6389=EDGE_CURVE('',#7703,#7705,#7706,.T.);
#6390=EDGE_CURVE('',#7705,#7707,#7708,.T.);
#6391=EDGE_CURVE('',#7709,#7707,#7710,.T.);
#6392=EDGE_CURVE('',#7711,#7709,#7712,.T.);
#6393=EDGE_CURVE('',#7713,#7711,#7714,.T.);
#6394=EDGE_CURVE('',#7697,#7713,#7715,.T.);
#6395=FILL_AREA_STYLE('',(#7716));
#6396=EDGE_CURVE('',#7717,#7663,#7718,.T.);
#6397=EDGE_CURVE('',#7719,#7717,#7720,.T.);
#6398=EDGE_CURVE('',#7721,#7719,#7722,.T.);
#6399=EDGE_CURVE('',#7723,#7721,#7724,.T.);
#6400=EDGE_CURVE('',#7725,#7723,#7726,.T.);
#6401=EDGE_CURVE('',#7727,#7725,#7728,.T.);
#6402=EDGE_CURVE('',#7598,#7727,#7729,.T.);
#6403=EDGE_CURVE('',#7677,#7730,#7731,.T.);
#6404=EDGE_CURVE('',#7730,#7732,#7733,.T.);
#6405=EDGE_CURVE('',#7732,#7734,#7735,.T.);
#6406=EDGE_CURVE('',#7734,#7736,#7737,.T.);
#6407=EDGE_CURVE('',#7736,#7738,#7739,.T.);
#6408=EDGE_CURVE('',#7738,#7665,#7740,.T.);
#6409=FILL_AREA_STYLE('',(#7741));
#6410=EDGE_CURVE('',#7742,#7743,#7744,.T.);
#6411=EDGE_CURVE('',#7745,#7742,#7746,.T.);
#6412=EDGE_CURVE('',#7747,#7745,#7748,.T.);
#6413=EDGE_CURVE('',#7747,#7743,#7749,.T.);
#6414=FILL_AREA_STYLE('',(#7750));
#6415=EDGE_CURVE('',#7751,#7752,#7753,.T.);
#6416=EDGE_CURVE('',#7752,#7754,#7755,.T.);
#6417=EDGE_CURVE('',#7754,#7756,#7757,.T.);
#6418=EDGE_CURVE('',#7756,#7751,#7758,.T.);
#6419=EDGE_CURVE('',#7759,#7760,#7761,.T.);
#6420=EDGE_CURVE('',#7760,#7762,#7763,.T.);
#6421=EDGE_CURVE('',#7762,#7764,#7765,.T.);
#6422=EDGE_CURVE('',#7764,#7759,#7766,.T.);
#6423=EDGE_CURVE('',#7767,#7768,#7769,.T.);
#6424=EDGE_CURVE('',#7768,#7770,#7771,.T.);
#6425=EDGE_CURVE('',#7770,#7772,#7773,.T.);
#6426=EDGE_CURVE('',#7772,#7767,#7774,.T.);
#6427=EDGE_CURVE('',#7775,#7776,#7777,.T.);
#6428=EDGE_CURVE('',#7776,#7778,#7779,.T.);
#6429=EDGE_CURVE('',#7778,#7780,#7781,.T.);
#6430=EDGE_CURVE('',#7780,#7775,#7782,.T.);
#6431=EDGE_CURVE('',#7783,#7784,#7785,.T.);
#6432=EDGE_CURVE('',#7784,#7786,#7787,.T.);
#6433=EDGE_CURVE('',#7786,#7788,#7789,.T.);
#6434=EDGE_CURVE('',#7788,#7783,#7790,.T.);
#6435=EDGE_CURVE('',#7791,#7792,#7793,.T.);
#6436=EDGE_CURVE('',#7792,#7794,#7795,.T.);
#6437=EDGE_CURVE('',#7794,#7796,#7797,.T.);
#6438=EDGE_CURVE('',#7796,#7791,#7798,.T.);
#6439=EDGE_CURVE('',#7799,#7800,#7801,.T.);
#6440=EDGE_CURVE('',#7800,#7802,#7803,.T.);
#6441=EDGE_CURVE('',#7802,#7804,#7805,.T.);
#6442=EDGE_CURVE('',#7804,#7799,#7806,.T.);
#6443=EDGE_CURVE('',#7807,#7808,#7809,.T.);
#6444=EDGE_CURVE('',#7808,#7810,#7811,.T.);
#6445=EDGE_CURVE('',#7810,#7812,#7813,.T.);
#6446=EDGE_CURVE('',#7812,#7807,#7814,.T.);
#6447=EDGE_CURVE('',#7815,#7816,#7817,.T.);
#6448=EDGE_CURVE('',#7816,#7818,#7819,.T.);
#6449=EDGE_CURVE('',#7818,#7820,#7821,.T.);
#6450=EDGE_CURVE('',#7820,#7815,#7822,.T.);
#6451=EDGE_CURVE('',#7823,#7824,#7825,.T.);
#6452=EDGE_CURVE('',#7826,#7823,#7827,.T.);
#6453=EDGE_CURVE('',#7828,#7826,#7829,.T.);
#6454=EDGE_CURVE('',#7830,#7828,#7831,.T.);
#6455=EDGE_CURVE('',#7832,#7830,#7833,.T.);
#6456=EDGE_CURVE('',#7834,#7832,#7835,.T.);
#6457=EDGE_CURVE('',#7836,#7834,#7837,.T.);
#6458=EDGE_CURVE('',#7838,#7836,#7839,.T.);
#6459=EDGE_CURVE('',#7840,#7838,#7841,.T.);
#6460=EDGE_CURVE('',#7842,#7840,#7843,.T.);
#6461=EDGE_CURVE('',#7844,#7842,#7845,.T.);
#6462=EDGE_CURVE('',#7846,#7844,#7847,.T.);
#6463=EDGE_CURVE('',#7848,#7846,#7849,.T.);
#6464=EDGE_CURVE('',#7850,#7848,#7851,.T.);
#6465=EDGE_CURVE('',#7852,#7850,#7853,.T.);
#6466=EDGE_CURVE('',#7852,#7854,#7855,.T.);
#6467=EDGE_CURVE('',#7856,#7854,#7857,.T.);
#6468=EDGE_CURVE('',#7743,#7856,#7858,.T.);
#6469=EDGE_CURVE('',#7859,#7747,#7860,.T.);
#6470=EDGE_CURVE('',#7861,#7859,#7862,.T.);
#6471=EDGE_CURVE('',#7863,#7861,#7864,.T.);
#6472=EDGE_CURVE('',#7865,#7863,#7866,.T.);
#6473=EDGE_CURVE('',#7867,#7865,#7868,.T.);
#6474=EDGE_CURVE('',#7869,#7867,#7870,.T.);
#6475=EDGE_CURVE('',#7871,#7869,#7872,.T.);
#6476=EDGE_CURVE('',#7873,#7871,#7874,.T.);
#6477=EDGE_CURVE('',#7875,#7873,#7876,.T.);
#6478=EDGE_CURVE('',#7877,#7875,#7878,.T.);
#6479=EDGE_CURVE('',#7879,#7877,#7880,.T.);
#6480=EDGE_CURVE('',#7881,#7879,#7882,.T.);
#6481=EDGE_CURVE('',#7883,#7881,#7884,.T.);
#6482=EDGE_CURVE('',#7885,#7883,#7886,.T.);
#6483=EDGE_CURVE('',#7887,#7885,#7888,.T.);
#6484=EDGE_CURVE('',#7889,#7887,#7890,.T.);
#6485=EDGE_CURVE('',#7891,#7889,#7892,.T.);
#6486=EDGE_CURVE('',#7893,#7891,#7894,.T.);
#6487=EDGE_CURVE('',#7692,#7893,#7895,.T.);
#6488=EDGE_CURVE('',#7690,#7824,#7896,.T.);
#6489=FILL_AREA_STYLE('',(#7897));
#6490=EDGE_CURVE('',#7898,#7899,#7900,.T.);
#6491=EDGE_CURVE('',#7899,#7901,#7902,.T.);
#6492=EDGE_CURVE('',#7901,#7903,#7904,.T.);
#6493=EDGE_CURVE('',#7903,#7898,#7905,.T.);
#6494=EDGE_CURVE('',#7906,#7907,#7908,.T.);
#6495=EDGE_CURVE('',#7909,#7906,#7910,.T.);
#6496=EDGE_CURVE('',#7911,#7909,#7912,.T.);
#6497=EDGE_CURVE('',#7907,#7911,#7913,.T.);
#6498=FILL_AREA_STYLE('',(#7914));
#6499=EDGE_CURVE('',#7915,#7916,#7917,.T.);
#6500=EDGE_CURVE('',#7918,#7915,#7919,.T.);
#6501=EDGE_CURVE('',#7920,#7918,#7921,.T.);
#6502=EDGE_CURVE('',#7916,#7920,#7922,.T.);
#6503=EDGE_CURVE('',#7923,#7924,#7925,.T.);
#6504=EDGE_CURVE('',#7924,#7926,#7927,.T.);
#6505=EDGE_CURVE('',#7926,#7928,#7929,.T.);
#6506=EDGE_CURVE('',#7928,#7923,#7930,.T.);
#6507=FILL_AREA_STYLE('',(#7931));
#6508=EDGE_CURVE('',#7932,#7852,#7933,.T.);
#6509=EDGE_CURVE('',#7934,#7932,#7935,.T.);
#6510=EDGE_CURVE('',#7936,#7934,#7937,.T.);
#6511=EDGE_CURVE('',#7854,#7936,#7938,.T.);
#6512=FILL_AREA_STYLE('',(#7939));
#6513=EDGE_CURVE('',#7940,#7941,#7942,.T.);
#6514=EDGE_CURVE('',#7941,#7943,#7944,.T.);
#6515=EDGE_CURVE('',#7943,#7945,#7946,.T.);
#6516=EDGE_CURVE('',#7945,#7940,#7947,.T.);
#6517=EDGE_CURVE('',#7948,#7949,#7950,.T.);
#6518=EDGE_CURVE('',#7951,#7948,#7952,.T.);
#6519=EDGE_CURVE('',#7953,#7951,#7954,.T.);
#6520=EDGE_CURVE('',#7949,#7953,#7955,.T.);
#6521=FILL_AREA_STYLE('',(#7956));
#6522=EDGE_CURVE('',#7957,#7958,#7959,.T.);
#6523=EDGE_CURVE('',#7958,#7960,#7961,.T.);
#6524=EDGE_CURVE('',#7960,#7962,#7963,.T.);
#6525=EDGE_CURVE('',#7962,#7957,#7964,.T.);
#6526=EDGE_CURVE('',#7965,#7966,#7967,.T.);
#6527=EDGE_CURVE('',#7968,#7965,#7969,.T.);
#6528=EDGE_CURVE('',#7970,#7968,#7971,.T.);
#6529=EDGE_CURVE('',#7966,#7970,#7972,.T.);
#6530=FILL_AREA_STYLE('',(#7973));
#6531=EDGE_CURVE('',#7974,#7975,#7976,.T.);
#6532=EDGE_CURVE('',#7977,#7974,#7978,.T.);
#6533=EDGE_CURVE('',#7979,#7977,#7980,.T.);
#6534=EDGE_CURVE('',#7975,#7979,#7981,.T.);
#6535=EDGE_CURVE('',#7982,#7983,#7984,.T.);
#6536=EDGE_CURVE('',#7983,#7985,#7986,.T.);
#6537=EDGE_CURVE('',#7985,#7987,#7988,.T.);
#6538=EDGE_CURVE('',#7987,#7982,#7989,.T.);
#6539=FILL_AREA_STYLE('',(#7990));
#6540=EDGE_CURVE('',#7863,#7991,#7992,.T.);
#6541=EDGE_CURVE('',#7993,#7861,#7994,.T.);
#6542=EDGE_CURVE('',#7995,#7993,#7996,.T.);
#6543=EDGE_CURVE('',#7991,#7995,#7997,.T.);
#6544=FILL_AREA_STYLE('',(#7998));
#6545=EDGE_CURVE('',#7999,#8000,#8001,.T.);
#6546=EDGE_CURVE('',#8000,#8002,#8003,.T.);
#6547=EDGE_CURVE('',#8002,#8004,#8005,.T.);
#6548=EDGE_CURVE('',#8004,#7999,#8006,.T.);
#6549=EDGE_CURVE('',#8007,#8008,#8009,.T.);
#6550=EDGE_CURVE('',#8010,#8007,#8011,.T.);
#6551=EDGE_CURVE('',#8012,#8010,#8013,.T.);
#6552=EDGE_CURVE('',#8008,#8012,#8014,.T.);
#6553=FILL_AREA_STYLE('',(#8015));
#6554=EDGE_CURVE('',#8016,#7816,#8017,.T.);
#6555=EDGE_CURVE('',#8018,#8016,#8019,.T.);
#6556=EDGE_CURVE('',#8020,#8018,#8021,.T.);
#6557=EDGE_CURVE('',#8020,#8022,#8023,.T.);
#6558=EDGE_CURVE('',#8022,#7818,#8024,.T.);
#6559=FILL_AREA_STYLE('',(#8025));
#6560=EDGE_CURVE('',#7815,#8026,#8027,.T.);
#6561=EDGE_CURVE('',#8016,#8026,#8028,.T.);
#6562=FILL_AREA_STYLE('',(#8029));
#6563=EDGE_CURVE('',#8030,#8031,#8032,.T.);
#6564=EDGE_CURVE('',#8022,#8031,#8033,.T.);
#6565=EDGE_CURVE('',#8020,#8030,#8034,.T.);
#6566=FILL_AREA_STYLE('',(#8035));
#6567=EDGE_CURVE('',#8031,#7820,#8036,.T.);
#6568=FILL_AREA_STYLE('',(#8037));
#6569=EDGE_CURVE('',#8026,#8038,#8039,.T.);
#6570=EDGE_CURVE('',#8018,#8038,#8040,.T.);
#6571=FILL_AREA_STYLE('',(#8041));
#6572=EDGE_CURVE('',#8038,#8030,#8042,.T.);
#6573=FILL_AREA_STYLE('',(#8043));
#6574=FILL_AREA_STYLE('',(#8044));
#6575=EDGE_CURVE('',#8045,#7808,#8046,.T.);
#6576=EDGE_CURVE('',#8047,#8045,#8048,.T.);
#6577=EDGE_CURVE('',#8049,#8047,#8050,.T.);
#6578=EDGE_CURVE('',#8049,#8051,#8052,.T.);
#6579=EDGE_CURVE('',#8051,#7810,#8053,.T.);
#6580=FILL_AREA_STYLE('',(#8054));
#6581=EDGE_CURVE('',#7807,#8055,#8056,.T.);
#6582=EDGE_CURVE('',#8045,#8055,#8057,.T.);
#6583=FILL_AREA_STYLE('',(#8058));
#6584=EDGE_CURVE('',#8059,#8060,#8061,.T.);
#6585=EDGE_CURVE('',#8051,#8060,#8062,.T.);
#6586=EDGE_CURVE('',#8049,#8059,#8063,.T.);
#6587=FILL_AREA_STYLE('',(#8064));
#6588=EDGE_CURVE('',#8060,#7812,#8065,.T.);
#6589=FILL_AREA_STYLE('',(#8066));
#6590=EDGE_CURVE('',#8055,#8067,#8068,.T.);
#6591=EDGE_CURVE('',#8047,#8067,#8069,.T.);
#6592=FILL_AREA_STYLE('',(#8070));
#6593=EDGE_CURVE('',#8067,#8059,#8071,.T.);
#6594=FILL_AREA_STYLE('',(#8072));
#6595=FILL_AREA_STYLE('',(#8073));
#6596=EDGE_CURVE('',#8074,#7800,#8075,.T.);
#6597=EDGE_CURVE('',#8076,#8074,#8077,.T.);
#6598=EDGE_CURVE('',#8078,#8076,#8079,.T.);
#6599=EDGE_CURVE('',#8078,#8080,#8081,.T.);
#6600=EDGE_CURVE('',#8080,#7802,#8082,.T.);
#6601=FILL_AREA_STYLE('',(#8083));
#6602=EDGE_CURVE('',#7799,#8084,#8085,.T.);
#6603=EDGE_CURVE('',#8074,#8084,#8086,.T.);
#6604=FILL_AREA_STYLE('',(#8087));
#6605=EDGE_CURVE('',#8088,#8089,#8090,.T.);
#6606=EDGE_CURVE('',#8080,#8089,#8091,.T.);
#6607=EDGE_CURVE('',#8078,#8088,#8092,.T.);
#6608=FILL_AREA_STYLE('',(#8093));
#6609=EDGE_CURVE('',#8089,#7804,#8094,.T.);
#6610=FILL_AREA_STYLE('',(#8095));
#6611=EDGE_CURVE('',#8084,#8096,#8097,.T.);
#6612=EDGE_CURVE('',#8076,#8096,#8098,.T.);
#6613=FILL_AREA_STYLE('',(#8099));
#6614=EDGE_CURVE('',#8096,#8088,#8100,.T.);
#6615=FILL_AREA_STYLE('',(#8101));
#6616=FILL_AREA_STYLE('',(#8102));
#6617=EDGE_CURVE('',#8103,#7792,#8104,.T.);
#6618=EDGE_CURVE('',#8105,#8103,#8106,.T.);
#6619=EDGE_CURVE('',#8107,#8105,#8108,.T.);
#6620=EDGE_CURVE('',#8107,#8109,#8110,.T.);
#6621=EDGE_CURVE('',#8109,#7794,#8111,.T.);
#6622=FILL_AREA_STYLE('',(#8112));
#6623=EDGE_CURVE('',#7791,#8113,#8114,.T.);
#6624=EDGE_CURVE('',#8103,#8113,#8115,.T.);
#6625=FILL_AREA_STYLE('',(#8116));
#6626=EDGE_CURVE('',#8117,#8118,#8119,.T.);
#6627=EDGE_CURVE('',#8109,#8118,#8120,.T.);
#6628=EDGE_CURVE('',#8107,#8117,#8121,.T.);
#6629=FILL_AREA_STYLE('',(#8122));
#6630=EDGE_CURVE('',#8118,#7796,#8123,.T.);
#6631=FILL_AREA_STYLE('',(#8124));
#6632=EDGE_CURVE('',#8113,#8125,#8126,.T.);
#6633=EDGE_CURVE('',#8105,#8125,#8127,.T.);
#6634=FILL_AREA_STYLE('',(#8128));
#6635=EDGE_CURVE('',#8125,#8117,#8129,.T.);
#6636=FILL_AREA_STYLE('',(#8130));
#6637=FILL_AREA_STYLE('',(#8131));
#6638=EDGE_CURVE('',#8132,#8133,#8134,.T.);
#6639=EDGE_CURVE('',#8132,#8135,#8136,.T.);
#6640=EDGE_CURVE('',#8137,#8135,#8138,.T.);
#6641=EDGE_CURVE('',#8137,#8133,#8139,.T.);
#6642=FILL_AREA_STYLE('',(#8140));
#6643=EDGE_CURVE('',#8133,#8141,#8142,.T.);
#6644=EDGE_CURVE('',#8137,#8143,#8144,.T.);
#6645=EDGE_CURVE('',#8145,#8143,#8146,.T.);
#6646=EDGE_CURVE('',#8147,#8145,#8148,.T.);
#6647=EDGE_CURVE('',#8149,#8147,#8150,.T.);
#6648=EDGE_CURVE('',#8151,#8149,#8152,.T.);
#6649=EDGE_CURVE('',#8141,#8151,#8153,.T.);
#6650=FILL_AREA_STYLE('',(#8154));
#6651=EDGE_CURVE('',#8145,#8155,#8156,.T.);
#6652=EDGE_CURVE('',#8143,#8157,#8158,.T.);
#6653=EDGE_CURVE('',#8157,#8155,#8159,.T.);
#6654=FILL_AREA_STYLE('',(#8160));
#6655=EDGE_CURVE('',#8161,#8147,#8162,.T.);
#6656=EDGE_CURVE('',#8161,#8163,#8164,.T.);
#6657=EDGE_CURVE('',#8149,#8163,#8165,.T.);
#6658=FILL_AREA_STYLE('',(#8166));
#6659=EDGE_CURVE('',#8163,#8167,#8168,.T.);
#6660=EDGE_CURVE('',#8151,#8167,#8169,.T.);
#6661=FILL_AREA_STYLE('',(#8170));
#6662=EDGE_CURVE('',#8141,#8171,#8172,.T.);
#6663=EDGE_CURVE('',#8167,#8171,#8173,.T.);
#6664=FILL_AREA_STYLE('',(#8174));
#6665=EDGE_CURVE('',#8135,#8157,#8175,.T.);
#6666=FILL_AREA_STYLE('',(#8176));
#6667=EDGE_CURVE('',#8171,#8132,#8177,.T.);
#6668=EDGE_CURVE('',#8155,#8161,#8178,.T.);
#6669=FILL_AREA_STYLE('',(#8179));
#6670=EDGE_CURVE('',#8180,#8181,#8182,.T.);
#6671=EDGE_CURVE('',#8181,#8183,#8184,.T.);
#6672=EDGE_CURVE('',#8183,#8185,#8186,.T.);
#6673=EDGE_CURVE('',#8185,#8180,#8187,.T.);
#6674=EDGE_CURVE('',#8188,#8189,#8190,.T.);
#6675=EDGE_CURVE('',#8189,#8191,#8192,.T.);
#6676=EDGE_CURVE('',#8191,#8193,#8194,.T.);
#6677=EDGE_CURVE('',#8193,#8188,#8195,.T.);
#6678=EDGE_CURVE('',#8196,#8197,#8198,.T.);
#6679=EDGE_CURVE('',#8199,#8196,#8200,.T.);
#6680=EDGE_CURVE('',#8199,#8201,#8202,.T.);
#6681=EDGE_CURVE('',#8201,#8197,#8203,.T.);
#6682=FILL_AREA_STYLE('',(#8204));
#6683=EDGE_CURVE('',#8180,#8205,#8206,.T.);
#6684=EDGE_CURVE('',#8207,#8205,#8208,.T.);
#6685=EDGE_CURVE('',#8207,#8181,#8209,.T.);
#6686=FILL_AREA_STYLE('',(#8210));
#6687=EDGE_CURVE('',#8207,#8211,#8212,.T.);
#6688=EDGE_CURVE('',#8188,#8211,#8213,.T.);
#6689=EDGE_CURVE('',#8214,#8193,#8215,.T.);
#6690=EDGE_CURVE('',#8216,#8214,#8217,.T.);
#6691=EDGE_CURVE('',#8183,#8216,#8218,.T.);
#6692=FILL_AREA_STYLE('',(#8219));
#6693=EDGE_CURVE('',#8211,#8220,#8221,.T.);
#6694=EDGE_CURVE('',#8220,#8189,#8222,.T.);
#6695=FILL_AREA_STYLE('',(#8223));
#6696=EDGE_CURVE('',#8191,#8224,#8225,.T.);
#6697=EDGE_CURVE('',#8214,#8224,#8226,.T.);
#6698=FILL_AREA_STYLE('',(#8227));
#6699=EDGE_CURVE('',#8224,#8228,#8229,.T.);
#6700=EDGE_CURVE('',#8216,#8228,#8230,.T.);
#6701=FILL_AREA_STYLE('',(#8231));
#6702=EDGE_CURVE('',#8228,#8185,#8232,.T.);
#6703=FILL_AREA_STYLE('',(#8233));
#6704=EDGE_CURVE('',#8205,#8220,#8234,.T.);
#6705=FILL_AREA_STYLE('',(#8235));
#6706=FILL_AREA_STYLE('',(#8236));
#6707=EDGE_CURVE('',#8237,#8238,#8239,.T.);
#6708=EDGE_CURVE('',#8237,#8240,#8241,.T.);
#6709=EDGE_CURVE('',#8242,#8240,#8243,.T.);
#6710=EDGE_CURVE('',#8242,#8238,#8244,.T.);
#6711=FILL_AREA_STYLE('',(#8245));
#6712=EDGE_CURVE('',#8238,#8246,#8247,.T.);
#6713=EDGE_CURVE('',#8242,#8248,#8249,.T.);
#6714=EDGE_CURVE('',#8250,#8248,#8251,.T.);
#6715=EDGE_CURVE('',#8252,#8250,#8253,.T.);
#6716=EDGE_CURVE('',#8254,#8252,#8255,.T.);
#6717=EDGE_CURVE('',#8256,#8254,#8257,.T.);
#6718=EDGE_CURVE('',#8246,#8256,#8258,.T.);
#6719=FILL_AREA_STYLE('',(#8259));
#6720=EDGE_CURVE('',#8250,#8260,#8261,.T.);
#6721=EDGE_CURVE('',#8248,#8262,#8263,.T.);
#6722=EDGE_CURVE('',#8262,#8260,#8264,.T.);
#6723=FILL_AREA_STYLE('',(#8265));
#6724=EDGE_CURVE('',#8266,#8252,#8267,.T.);
#6725=EDGE_CURVE('',#8266,#8268,#8269,.T.);
#6726=EDGE_CURVE('',#8254,#8268,#8270,.T.);
#6727=FILL_AREA_STYLE('',(#8271));
#6728=EDGE_CURVE('',#8268,#8272,#8273,.T.);
#6729=EDGE_CURVE('',#8256,#8272,#8274,.T.);
#6730=FILL_AREA_STYLE('',(#8275));
#6731=EDGE_CURVE('',#8246,#8276,#8277,.T.);
#6732=EDGE_CURVE('',#8272,#8276,#8278,.T.);
#6733=FILL_AREA_STYLE('',(#8279));
#6734=EDGE_CURVE('',#8240,#8262,#8280,.T.);
#6735=FILL_AREA_STYLE('',(#8281));
#6736=EDGE_CURVE('',#8276,#8237,#8282,.T.);
#6737=EDGE_CURVE('',#8260,#8266,#8283,.T.);
#6738=FILL_AREA_STYLE('',(#8284));
#6739=EDGE_CURVE('',#8285,#8286,#8287,.T.);
#6740=EDGE_CURVE('',#8286,#8288,#8289,.T.);
#6741=EDGE_CURVE('',#8288,#8290,#8291,.T.);
#6742=EDGE_CURVE('',#8290,#8285,#8292,.T.);
#6743=EDGE_CURVE('',#8293,#8294,#8295,.T.);
#6744=EDGE_CURVE('',#8294,#8296,#8297,.T.);
#6745=EDGE_CURVE('',#8296,#8298,#8299,.T.);
#6746=EDGE_CURVE('',#8298,#8293,#8300,.T.);
#6747=EDGE_CURVE('',#8301,#8302,#8303,.T.);
#6748=EDGE_CURVE('',#8301,#8304,#8305,.T.);
#6749=EDGE_CURVE('',#8306,#8304,#8307,.T.);
#6750=EDGE_CURVE('',#8306,#8302,#8308,.T.);
#6751=FILL_AREA_STYLE('',(#8309));
#6752=EDGE_CURVE('',#8285,#8310,#8311,.T.);
#6753=EDGE_CURVE('',#8312,#8310,#8313,.T.);
#6754=EDGE_CURVE('',#8312,#8286,#8314,.T.);
#6755=FILL_AREA_STYLE('',(#8315));
#6756=EDGE_CURVE('',#8312,#8316,#8317,.T.);
#6757=EDGE_CURVE('',#8293,#8316,#8318,.T.);
#6758=EDGE_CURVE('',#8319,#8298,#8320,.T.);
#6759=EDGE_CURVE('',#8321,#8319,#8322,.T.);
#6760=EDGE_CURVE('',#8288,#8321,#8323,.T.);
#6761=FILL_AREA_STYLE('',(#8324));
#6762=EDGE_CURVE('',#8316,#8325,#8326,.T.);
#6763=EDGE_CURVE('',#8325,#8294,#8327,.T.);
#6764=FILL_AREA_STYLE('',(#8328));
#6765=EDGE_CURVE('',#8296,#8329,#8330,.T.);
#6766=EDGE_CURVE('',#8319,#8329,#8331,.T.);
#6767=FILL_AREA_STYLE('',(#8332));
#6768=EDGE_CURVE('',#8329,#8333,#8334,.T.);
#6769=EDGE_CURVE('',#8321,#8333,#8335,.T.);
#6770=FILL_AREA_STYLE('',(#8336));
#6771=EDGE_CURVE('',#8333,#8290,#8337,.T.);
#6772=FILL_AREA_STYLE('',(#8338));
#6773=EDGE_CURVE('',#8310,#8325,#8339,.T.);
#6774=FILL_AREA_STYLE('',(#8340));
#6775=FILL_AREA_STYLE('',(#8341));
#6776=EDGE_CURVE('',#8197,#8301,#8342,.T.);
#6777=EDGE_CURVE('',#8343,#8201,#8344,.T.);
#6778=EDGE_CURVE('',#8345,#8343,#8346,.T.);
#6779=EDGE_CURVE('',#8304,#8345,#8347,.T.);
#6780=FILL_AREA_STYLE('',(#8348));
#6781=EDGE_CURVE('',#8349,#8345,#8350,.T.);
#6782=EDGE_CURVE('',#8349,#8306,#8351,.T.);
#6783=FILL_AREA_STYLE('',(#8352));
#6784=EDGE_CURVE('',#8353,#8343,#8354,.T.);
#6785=EDGE_CURVE('',#8349,#8353,#8355,.T.);
#6786=FILL_AREA_STYLE('',(#8356));
#6787=EDGE_CURVE('',#8353,#8199,#8357,.T.);
#6788=FILL_AREA_STYLE('',(#8358));
#6789=EDGE_CURVE('',#8302,#8196,#8359,.T.);
#6790=FILL_AREA_STYLE('',(#8360));
#6791=EDGE_CURVE('',#8361,#8362,#8363,.T.);
#6792=EDGE_CURVE('',#8364,#8361,#8365,.T.);
#6793=EDGE_CURVE('',#8366,#8364,#8367,.T.);
#6794=EDGE_CURVE('',#8366,#8362,#8368,.T.);
#6795=FILL_AREA_STYLE('',(#8369));
#6796=EDGE_CURVE('',#8362,#8370,#8371,.T.);
#6797=EDGE_CURVE('',#8372,#8366,#8373,.T.);
#6798=EDGE_CURVE('',#8372,#7699,#8374,.T.);
#6799=EDGE_CURVE('',#8370,#7696,#8375,.T.);
#6800=FILL_AREA_STYLE('',(#8376));
#6801=EDGE_CURVE('',#8377,#8372,#8378,.T.);
#6802=EDGE_CURVE('',#8377,#7701,#8379,.T.);
#6803=FILL_AREA_STYLE('',(#8380));
#6804=EDGE_CURVE('',#8381,#8377,#8382,.T.);
#6805=EDGE_CURVE('',#8381,#7703,#8383,.T.);
#6806=FILL_AREA_STYLE('',(#8384));
#6807=EDGE_CURVE('',#8385,#8381,#8386,.T.);
#6808=EDGE_CURVE('',#8385,#7705,#8387,.T.);
#6809=FILL_AREA_STYLE('',(#8388));
#6810=EDGE_CURVE('',#7707,#8389,#8390,.T.);
#6811=EDGE_CURVE('',#7683,#8385,#8391,.T.);
#6812=EDGE_CURVE('',#8389,#7681,#8392,.T.);
#6813=FILL_AREA_STYLE('',(#8393));
#6814=EDGE_CURVE('',#8394,#7675,#8395,.T.);
#6815=EDGE_CURVE('',#8394,#7730,#8396,.T.);
#6816=FILL_AREA_STYLE('',(#8397));
#6817=EDGE_CURVE('',#8398,#8394,#8399,.T.);
#6818=EDGE_CURVE('',#8398,#7732,#8400,.T.);
#6819=FILL_AREA_STYLE('',(#8401));
#6820=EDGE_CURVE('',#8402,#8398,#8403,.T.);
#6821=EDGE_CURVE('',#8402,#7734,#8404,.T.);
#6822=FILL_AREA_STYLE('',(#8405));
#6823=EDGE_CURVE('',#8406,#8402,#8407,.T.);
#6824=EDGE_CURVE('',#8406,#7736,#8408,.T.);
#6825=FILL_AREA_STYLE('',(#8409));
#6826=EDGE_CURVE('',#8410,#8406,#8411,.T.);
#6827=EDGE_CURVE('',#8410,#7738,#8412,.T.);
#6828=FILL_AREA_STYLE('',(#8413));
#6829=EDGE_CURVE('',#8364,#8410,#8414,.T.);
#6830=EDGE_CURVE('',#7667,#8361,#8415,.T.);
#6831=FILL_AREA_STYLE('',(#8416));
#6832=FILL_AREA_STYLE('',(#8417));
#6833=EDGE_CURVE('',#8418,#7899,#8419,.T.);
#6834=EDGE_CURVE('',#8420,#8418,#8421,.T.);
#6835=EDGE_CURVE('',#7901,#8420,#8422,.T.);
#6836=FILL_AREA_STYLE('',(#8423));
#6837=EDGE_CURVE('',#7898,#8424,#8425,.T.);
#6838=EDGE_CURVE('',#8418,#8424,#8426,.T.);
#6839=FILL_AREA_STYLE('',(#8427));
#6840=EDGE_CURVE('',#8420,#8428,#8429,.T.);
#6841=EDGE_CURVE('',#8428,#7903,#8430,.T.);
#6842=FILL_AREA_STYLE('',(#8431));
#6843=EDGE_CURVE('',#8424,#8428,#8432,.T.);
#6844=FILL_AREA_STYLE('',(#8433));
#6845=FILL_AREA_STYLE('',(#8434));
#6846=EDGE_CURVE('',#8435,#7958,#8436,.T.);
#6847=EDGE_CURVE('',#8437,#8435,#8438,.T.);
#6848=EDGE_CURVE('',#7960,#8437,#8439,.T.);
#6849=FILL_AREA_STYLE('',(#8440));
#6850=EDGE_CURVE('',#7957,#8441,#8442,.T.);
#6851=EDGE_CURVE('',#8435,#8441,#8443,.T.);
#6852=FILL_AREA_STYLE('',(#8444));
#6853=EDGE_CURVE('',#8437,#8445,#8446,.T.);
#6854=EDGE_CURVE('',#8445,#7962,#8447,.T.);
#6855=FILL_AREA_STYLE('',(#8448));
#6856=EDGE_CURVE('',#8441,#8445,#8449,.T.);
#6857=FILL_AREA_STYLE('',(#8450));
#6858=FILL_AREA_STYLE('',(#8451));
#6859=EDGE_CURVE('',#8452,#7941,#8453,.T.);
#6860=EDGE_CURVE('',#8454,#8452,#8455,.T.);
#6861=EDGE_CURVE('',#7943,#8454,#8456,.T.);
#6862=FILL_AREA_STYLE('',(#8457));
#6863=EDGE_CURVE('',#7940,#8458,#8459,.T.);
#6864=EDGE_CURVE('',#8452,#8458,#8460,.T.);
#6865=FILL_AREA_STYLE('',(#8461));
#6866=EDGE_CURVE('',#8454,#8462,#8463,.T.);
#6867=EDGE_CURVE('',#8462,#7945,#8464,.T.);
#6868=FILL_AREA_STYLE('',(#8465));
#6869=EDGE_CURVE('',#8458,#8462,#8466,.T.);
#6870=FILL_AREA_STYLE('',(#8467));
#6871=FILL_AREA_STYLE('',(#8468));
#6872=EDGE_CURVE('',#8469,#7924,#8470,.T.);
#6873=EDGE_CURVE('',#8471,#8469,#8472,.T.);
#6874=EDGE_CURVE('',#7926,#8471,#8473,.T.);
#6875=FILL_AREA_STYLE('',(#8474));
#6876=EDGE_CURVE('',#7923,#8475,#8476,.T.);
#6877=EDGE_CURVE('',#8469,#8475,#8477,.T.);
#6878=FILL_AREA_STYLE('',(#8478));
#6879=EDGE_CURVE('',#8471,#8479,#8480,.T.);
#6880=EDGE_CURVE('',#8479,#7928,#8481,.T.);
#6881=FILL_AREA_STYLE('',(#8482));
#6882=EDGE_CURVE('',#8475,#8479,#8483,.T.);
#6883=FILL_AREA_STYLE('',(#8484));
#6884=FILL_AREA_STYLE('',(#8485));
#6885=EDGE_CURVE('',#8486,#8000,#8487,.T.);
#6886=EDGE_CURVE('',#8488,#8486,#8489,.T.);
#6887=EDGE_CURVE('',#8002,#8488,#8490,.T.);
#6888=FILL_AREA_STYLE('',(#8491));
#6889=EDGE_CURVE('',#7999,#8492,#8493,.T.);
#6890=EDGE_CURVE('',#8486,#8492,#8494,.T.);
#6891=FILL_AREA_STYLE('',(#8495));
#6892=EDGE_CURVE('',#8488,#8496,#8497,.T.);
#6893=EDGE_CURVE('',#8496,#8004,#8498,.T.);
#6894=FILL_AREA_STYLE('',(#8499));
#6895=EDGE_CURVE('',#8492,#8496,#8500,.T.);
#6896=FILL_AREA_STYLE('',(#8501));
#6897=FILL_AREA_STYLE('',(#8502));
#6898=EDGE_CURVE('',#8503,#7983,#8504,.T.);
#6899=EDGE_CURVE('',#8505,#8503,#8506,.T.);
#6900=EDGE_CURVE('',#7985,#8505,#8507,.T.);
#6901=FILL_AREA_STYLE('',(#8508));
#6902=EDGE_CURVE('',#7982,#8509,#8510,.T.);
#6903=EDGE_CURVE('',#8503,#8509,#8511,.T.);
#6904=FILL_AREA_STYLE('',(#8512));
#6905=EDGE_CURVE('',#8505,#8513,#8514,.T.);
#6906=EDGE_CURVE('',#8513,#7987,#8515,.T.);
#6907=FILL_AREA_STYLE('',(#8516));
#6908=EDGE_CURVE('',#8509,#8513,#8517,.T.);
#6909=FILL_AREA_STYLE('',(#8518));
#6910=FILL_AREA_STYLE('',(#8519));
#6911=EDGE_CURVE('',#7784,#8520,#8521,.T.);
#6912=EDGE_CURVE('',#8520,#8522,#8523,.T.);
#6913=EDGE_CURVE('',#8522,#7786,#8524,.T.);
#6914=FILL_AREA_STYLE('',(#8525));
#6915=EDGE_CURVE('',#7783,#8526,#8527,.T.);
#6916=EDGE_CURVE('',#8520,#8526,#8528,.T.);
#6917=FILL_AREA_STYLE('',(#8529));
#6918=EDGE_CURVE('',#8530,#7788,#8531,.T.);
#6919=EDGE_CURVE('',#8522,#8530,#8532,.T.);
#6920=FILL_AREA_STYLE('',(#8533));
#6921=EDGE_CURVE('',#8526,#8530,#8534,.T.);
#6922=FILL_AREA_STYLE('',(#8535));
#6923=FILL_AREA_STYLE('',(#8536));
#6924=EDGE_CURVE('',#7776,#8537,#8538,.T.);
#6925=EDGE_CURVE('',#8537,#8539,#8540,.T.);
#6926=EDGE_CURVE('',#8539,#7778,#8541,.T.);
#6927=FILL_AREA_STYLE('',(#8542));
#6928=EDGE_CURVE('',#7775,#8543,#8544,.T.);
#6929=EDGE_CURVE('',#8537,#8543,#8545,.T.);
#6930=FILL_AREA_STYLE('',(#8546));
#6931=EDGE_CURVE('',#8547,#7780,#8548,.T.);
#6932=EDGE_CURVE('',#8539,#8547,#8549,.T.);
#6933=FILL_AREA_STYLE('',(#8550));
#6934=EDGE_CURVE('',#8543,#8547,#8551,.T.);
#6935=FILL_AREA_STYLE('',(#8552));
#6936=FILL_AREA_STYLE('',(#8553));
#6937=EDGE_CURVE('',#8554,#7768,#8555,.T.);
#6938=EDGE_CURVE('',#8554,#8556,#8557,.T.);
#6939=EDGE_CURVE('',#8556,#7770,#8558,.T.);
#6940=FILL_AREA_STYLE('',(#8559));
#6941=EDGE_CURVE('',#8560,#7767,#8561,.T.);
#6942=EDGE_CURVE('',#8560,#8554,#8562,.T.);
#6943=FILL_AREA_STYLE('',(#8563));
#6944=EDGE_CURVE('',#8564,#7772,#8565,.T.);
#6945=EDGE_CURVE('',#8564,#8560,#8566,.T.);
#6946=FILL_AREA_STYLE('',(#8567));
#6947=EDGE_CURVE('',#8556,#8564,#8568,.T.);
#6948=FILL_AREA_STYLE('',(#8569));
#6949=FILL_AREA_STYLE('',(#8570));
#6950=EDGE_CURVE('',#8571,#7760,#8572,.T.);
#6951=EDGE_CURVE('',#8571,#8573,#8574,.T.);
#6952=EDGE_CURVE('',#8573,#7762,#8575,.T.);
#6953=FILL_AREA_STYLE('',(#8576));
#6954=EDGE_CURVE('',#8577,#7759,#8578,.T.);
#6955=EDGE_CURVE('',#8577,#8571,#8579,.T.);
#6956=FILL_AREA_STYLE('',(#8580));
#6957=EDGE_CURVE('',#8581,#7764,#8582,.T.);
#6958=EDGE_CURVE('',#8581,#8577,#8583,.T.);
#6959=FILL_AREA_STYLE('',(#8584));
#6960=EDGE_CURVE('',#8573,#8581,#8585,.T.);
#6961=FILL_AREA_STYLE('',(#8586));
#6962=FILL_AREA_STYLE('',(#8587));
#6963=EDGE_CURVE('',#8588,#7752,#8589,.T.);
#6964=EDGE_CURVE('',#8588,#8590,#8591,.T.);
#6965=EDGE_CURVE('',#8590,#7754,#8592,.T.);
#6966=FILL_AREA_STYLE('',(#8593));
#6967=EDGE_CURVE('',#8594,#7751,#8595,.T.);
#6968=EDGE_CURVE('',#8594,#8588,#8596,.T.);
#6969=FILL_AREA_STYLE('',(#8597));
#6970=EDGE_CURVE('',#8598,#7756,#8599,.T.);
#6971=EDGE_CURVE('',#8598,#8594,#8600,.T.);
#6972=FILL_AREA_STYLE('',(#8601));
#6973=EDGE_CURVE('',#8590,#8598,#8602,.T.);
#6974=FILL_AREA_STYLE('',(#8603));
#6975=FILL_AREA_STYLE('',(#8604));
#6976=EDGE_CURVE('',#7824,#8605,#8606,.T.);
#6977=EDGE_CURVE('',#8605,#7687,#8607,.T.);
#6978=FILL_AREA_STYLE('',(#8608));
#6979=EDGE_CURVE('',#7688,#8609,#8610,.T.);
#6980=EDGE_CURVE('',#8609,#7893,#8611,.T.);
#6981=FILL_AREA_STYLE('',(#8612));
#6982=EDGE_CURVE('',#7659,#8613,#8614,.T.);
#6983=EDGE_CURVE('',#8613,#8615,#8616,.T.);
#6984=EDGE_CURVE('',#7658,#8615,#8617,.T.);
#6985=FILL_AREA_STYLE('',(#8618));
#6986=EDGE_CURVE('',#7697,#8619,#8620,.T.);
#6987=EDGE_CURVE('',#8621,#8619,#8622,.T.);
#6988=EDGE_CURVE('',#8623,#8621,#8624,.T.);
#6989=EDGE_CURVE('',#8623,#8370,#8625,.T.);
#6990=FILL_AREA_STYLE('',(#8626));
#6991=EDGE_CURVE('',#7713,#8627,#8628,.T.);
#6992=EDGE_CURVE('',#8619,#8627,#8629,.T.);
#6993=FILL_AREA_STYLE('',(#8630));
#6994=EDGE_CURVE('',#7711,#8631,#8632,.T.);
#6995=EDGE_CURVE('',#8627,#8631,#8633,.T.);
#6996=FILL_AREA_STYLE('',(#8634));
#6997=EDGE_CURVE('',#7709,#8635,#8636,.T.);
#6998=EDGE_CURVE('',#8631,#8635,#8637,.T.);
#6999=FILL_AREA_STYLE('',(#8638));
#7000=EDGE_CURVE('',#8639,#7591,#8640,.T.);
#7001=EDGE_CURVE('',#8641,#8639,#8642,.T.);
#7002=EDGE_CURVE('',#8643,#8641,#8644,.T.);
#7003=EDGE_CURVE('',#8643,#8645,#8646,.T.);
#7004=EDGE_CURVE('',#8645,#8647,#8648,.T.);
#7005=EDGE_CURVE('',#8647,#8649,#8650,.T.);
#7006=EDGE_CURVE('',#8651,#8649,#8652,.T.);
#7007=EDGE_CURVE('',#7607,#8651,#8653,.T.);
#7008=EDGE_CURVE('',#8654,#7604,#8655,.T.);
#7009=EDGE_CURVE('',#8656,#8654,#8657,.T.);
#7010=EDGE_CURVE('',#8389,#8656,#8658,.T.);
#7011=FILL_AREA_STYLE('',(#8659));
#7012=EDGE_CURVE('',#8660,#8623,#8661,.T.);
#7013=EDGE_CURVE('',#7614,#8660,#8662,.T.);
#7014=EDGE_CURVE('',#8663,#7618,#8664,.T.);
#7015=EDGE_CURVE('',#8665,#8663,#8666,.T.);
#7016=EDGE_CURVE('',#8665,#8667,#8668,.T.);
#7017=EDGE_CURVE('',#8667,#8669,#8670,.T.);
#7018=EDGE_CURVE('',#8669,#8671,#8672,.T.);
#7019=EDGE_CURVE('',#8673,#8671,#8674,.T.);
#7020=EDGE_CURVE('',#8613,#8673,#8675,.T.);
#7021=FILL_AREA_STYLE('',(#8676));
#7022=EDGE_CURVE('',#8656,#8677,#8678,.T.);
#7023=EDGE_CURVE('',#8635,#8677,#8679,.T.);
#7024=FILL_AREA_STYLE('',(#8680));
#7025=EDGE_CURVE('',#8681,#7951,#8682,.T.);
#7026=EDGE_CURVE('',#8683,#8681,#8684,.T.);
#7027=EDGE_CURVE('',#7953,#8683,#8685,.T.);
#7028=FILL_AREA_STYLE('',(#8686));
#7029=EDGE_CURVE('',#7948,#8687,#8688,.T.);
#7030=EDGE_CURVE('',#8681,#8687,#8689,.T.);
#7031=FILL_AREA_STYLE('',(#8690));
#7032=EDGE_CURVE('',#7918,#8691,#8692,.T.);
#7033=EDGE_CURVE('',#8693,#8691,#8694,.T.);
#7034=EDGE_CURVE('',#8693,#7920,#8695,.T.);
#7035=FILL_AREA_STYLE('',(#8696));
#7036=EDGE_CURVE('',#8697,#7915,#8698,.T.);
#7037=EDGE_CURVE('',#8691,#8697,#8699,.T.);
#7038=FILL_AREA_STYLE('',(#8700));
#7039=EDGE_CURVE('',#8010,#8701,#8702,.T.);
#7040=EDGE_CURVE('',#8703,#8701,#8704,.T.);
#7041=EDGE_CURVE('',#8703,#8012,#8705,.T.);
#7042=FILL_AREA_STYLE('',(#8706));
#7043=EDGE_CURVE('',#8707,#8007,#8708,.T.);
#7044=EDGE_CURVE('',#8701,#8707,#8709,.T.);
#7045=FILL_AREA_STYLE('',(#8710));
#7046=EDGE_CURVE('',#7977,#8711,#8712,.T.);
#7047=EDGE_CURVE('',#8713,#8711,#8714,.T.);
#7048=EDGE_CURVE('',#8713,#7979,#8715,.T.);
#7049=FILL_AREA_STYLE('',(#8716));
#7050=EDGE_CURVE('',#8717,#7974,#8718,.T.);
#7051=EDGE_CURVE('',#8711,#8717,#8719,.T.);
#7052=FILL_AREA_STYLE('',(#8720));
#7053=EDGE_CURVE('',#7970,#8721,#8722,.T.);
#7054=EDGE_CURVE('',#8723,#8721,#8724,.T.);
#7055=EDGE_CURVE('',#8723,#7966,#8725,.T.);
#7056=FILL_AREA_STYLE('',(#8726));
#7057=EDGE_CURVE('',#7906,#8727,#8728,.T.);
#7058=EDGE_CURVE('',#8729,#8727,#8730,.T.);
#7059=EDGE_CURVE('',#8729,#7909,#8731,.T.);
#7060=FILL_AREA_STYLE('',(#8732));
#7061=EDGE_CURVE('',#8733,#7968,#8734,.T.);
#7062=EDGE_CURVE('',#8721,#8733,#8735,.T.);
#7063=FILL_AREA_STYLE('',(#8736));
#7064=EDGE_CURVE('',#8737,#8729,#8738,.T.);
#7065=EDGE_CURVE('',#7911,#8737,#8739,.T.);
#7066=FILL_AREA_STYLE('',(#8740));
#7067=EDGE_CURVE('',#7965,#8741,#8742,.T.);
#7068=EDGE_CURVE('',#8733,#8741,#8743,.T.);
#7069=FILL_AREA_STYLE('',(#8744));
#7070=EDGE_CURVE('',#8741,#8723,#8745,.T.);
#7071=FILL_AREA_STYLE('',(#8746));
#7072=EDGE_CURVE('',#7826,#8747,#8748,.T.);
#7073=EDGE_CURVE('',#8747,#8749,#8750,.T.);
#7074=EDGE_CURVE('',#8749,#7828,#8751,.T.);
#7075=FILL_AREA_STYLE('',(#8752));
#7076=EDGE_CURVE('',#8753,#7823,#8754,.T.);
#7077=EDGE_CURVE('',#8747,#8753,#8755,.T.);
#7078=FILL_AREA_STYLE('',(#8756));
#7079=EDGE_CURVE('',#8757,#8605,#8758,.T.);
#7080=EDGE_CURVE('',#8759,#8757,#8760,.T.);
#7081=EDGE_CURVE('',#8753,#8759,#8761,.T.);
#7082=FILL_AREA_STYLE('',(#8762));
#7083=EDGE_CURVE('',#8609,#8763,#8764,.T.);
#7084=EDGE_CURVE('',#8765,#8763,#8766,.T.);
#7085=EDGE_CURVE('',#8767,#8765,#8768,.T.);
#7086=EDGE_CURVE('',#8757,#8767,#8769,.T.);
#7087=FILL_AREA_STYLE('',(#8770));
#7088=EDGE_CURVE('',#8771,#7891,#8772,.T.);
#7089=EDGE_CURVE('',#8773,#8771,#8774,.T.);
#7090=EDGE_CURVE('',#8763,#8773,#8775,.T.);
#7091=FILL_AREA_STYLE('',(#8776));
#7092=EDGE_CURVE('',#8777,#7889,#8778,.T.);
#7093=EDGE_CURVE('',#8771,#8777,#8779,.T.);
#7094=FILL_AREA_STYLE('',(#8780));
#7095=EDGE_CURVE('',#7887,#8781,#8782,.T.);
#7096=EDGE_CURVE('',#8781,#8777,#8783,.T.);
#7097=FILL_AREA_STYLE('',(#8784));
#7098=EDGE_CURVE('',#8785,#7885,#8786,.T.);
#7099=EDGE_CURVE('',#8781,#8785,#8787,.T.);
#7100=FILL_AREA_STYLE('',(#8788));
#7101=EDGE_CURVE('',#8789,#7883,#8790,.T.);
#7102=EDGE_CURVE('',#8785,#8789,#8791,.T.);
#7103=FILL_AREA_STYLE('',(#8792));
#7104=EDGE_CURVE('',#8793,#7881,#8794,.T.);
#7105=EDGE_CURVE('',#8789,#8793,#8795,.T.);
#7106=FILL_AREA_STYLE('',(#8796));
#7107=EDGE_CURVE('',#7879,#8797,#8798,.T.);
#7108=EDGE_CURVE('',#8797,#8793,#8799,.T.);
#7109=FILL_AREA_STYLE('',(#8800));
#7110=EDGE_CURVE('',#8801,#7877,#8802,.T.);
#7111=EDGE_CURVE('',#8797,#8801,#8803,.T.);
#7112=FILL_AREA_STYLE('',(#8804));
#7113=EDGE_CURVE('',#8805,#7875,#8806,.T.);
#7114=EDGE_CURVE('',#8801,#8805,#8807,.T.);
#7115=FILL_AREA_STYLE('',(#8808));
#7116=EDGE_CURVE('',#8809,#7873,#8810,.T.);
#7117=EDGE_CURVE('',#8805,#8809,#8811,.T.);
#7118=FILL_AREA_STYLE('',(#8812));
#7119=EDGE_CURVE('',#7871,#8813,#8814,.T.);
#7120=EDGE_CURVE('',#8809,#8813,#8815,.T.);
#7121=FILL_AREA_STYLE('',(#8816));
#7122=EDGE_CURVE('',#8817,#7869,#8818,.T.);
#7123=EDGE_CURVE('',#8813,#8817,#8819,.T.);
#7124=FILL_AREA_STYLE('',(#8820));
#7125=EDGE_CURVE('',#8821,#7867,#8822,.T.);
#7126=EDGE_CURVE('',#8817,#8821,#8823,.T.);
#7127=FILL_AREA_STYLE('',(#8824));
#7128=EDGE_CURVE('',#8825,#7865,#8826,.T.);
#7129=EDGE_CURVE('',#8821,#8825,#8827,.T.);
#7130=FILL_AREA_STYLE('',(#8828));
#7131=EDGE_CURVE('',#7991,#8829,#8830,.T.);
#7132=EDGE_CURVE('',#8829,#8831,#8832,.T.);
#7133=EDGE_CURVE('',#8825,#8831,#8833,.T.);
#7134=FILL_AREA_STYLE('',(#8834));
#7135=EDGE_CURVE('',#7995,#8835,#8836,.T.);
#7136=EDGE_CURVE('',#8835,#8829,#8837,.T.);
#7137=FILL_AREA_STYLE('',(#8838));
#7138=EDGE_CURVE('',#7993,#8839,#8840,.T.);
#7139=EDGE_CURVE('',#8839,#8835,#8841,.T.);
#7140=FILL_AREA_STYLE('',(#8842));
#7141=EDGE_CURVE('',#7742,#8843,#8844,.T.);
#7142=EDGE_CURVE('',#8843,#8845,#8846,.T.);
#7143=EDGE_CURVE('',#8845,#7745,#8847,.T.);
#7144=FILL_AREA_STYLE('',(#8848));
#7145=EDGE_CURVE('',#8849,#8850,#8851,.T.);
#7146=EDGE_CURVE('',#8852,#8849,#8853,.T.);
#7147=EDGE_CURVE('',#8854,#8852,#8855,.T.);
#7148=EDGE_CURVE('',#8854,#8856,#8857,.T.);
#7149=EDGE_CURVE('',#8858,#8856,#8859,.T.);
#7150=EDGE_CURVE('',#8850,#8858,#8860,.T.);
#7151=FILL_AREA_STYLE('',(#8861));
#7152=EDGE_CURVE('',#8862,#8849,#8863,.T.);
#7153=EDGE_CURVE('',#8862,#8864,#8865,.T.);
#7154=EDGE_CURVE('',#8852,#8864,#8866,.T.);
#7155=FILL_AREA_STYLE('',(#8867));
#7156=EDGE_CURVE('',#8850,#8868,#8869,.T.);
#7157=EDGE_CURVE('',#8858,#8870,#8871,.T.);
#7158=EDGE_CURVE('',#8870,#8868,#8872,.T.);
#7159=FILL_AREA_STYLE('',(#8873));
#7160=EDGE_CURVE('',#8874,#7652,#8875,.T.);
#7161=EDGE_CURVE('',#7649,#8876,#8877,.T.);
#7162=EDGE_CURVE('',#8876,#8878,#8879,.T.);
#7163=EDGE_CURVE('',#8878,#8870,#8880,.T.);
#7164=EDGE_CURVE('',#8856,#7643,#8881,.T.);
#7165=EDGE_CURVE('',#7640,#8882,#8883,.T.);
#7166=EDGE_CURVE('',#8882,#8884,#8885,.T.);
#7167=EDGE_CURVE('',#8884,#8874,#8886,.T.);
#7168=FILL_AREA_STYLE('',(#8887));
#7169=EDGE_CURVE('',#8888,#8874,#8889,.T.);
#7170=EDGE_CURVE('',#8884,#8890,#8891,.T.);
#7171=EDGE_CURVE('',#8890,#8888,#8892,.T.);
#7172=FILL_AREA_STYLE('',(#8893));
#7173=EDGE_CURVE('',#8894,#8888,#8895,.T.);
#7174=EDGE_CURVE('',#8890,#8896,#8897,.T.);
#7175=EDGE_CURVE('',#8896,#8894,#8898,.T.);
#7176=FILL_AREA_STYLE('',(#8899));
#7177=EDGE_CURVE('',#8900,#8894,#8901,.T.);
#7178=EDGE_CURVE('',#8896,#8902,#8903,.T.);
#7179=EDGE_CURVE('',#8902,#8900,#8904,.T.);
#7180=FILL_AREA_STYLE('',(#8905));
#7181=EDGE_CURVE('',#7654,#8900,#8906,.T.);
#7182=EDGE_CURVE('',#8902,#8907,#8908,.T.);
#7183=EDGE_CURVE('',#8907,#7641,#8909,.T.);
#7184=EDGE_CURVE('',#7645,#8854,#8910,.T.);
#7185=EDGE_CURVE('',#8864,#8911,#8912,.T.);
#7186=EDGE_CURVE('',#8911,#8913,#8914,.T.);
#7187=EDGE_CURVE('',#8913,#7650,#8915,.T.);
#7188=FILL_AREA_STYLE('',(#8916));
#7189=EDGE_CURVE('',#8913,#8876,#8917,.T.);
#7190=FILL_AREA_STYLE('',(#8918));
#7191=EDGE_CURVE('',#8911,#8878,#8919,.T.);
#7192=FILL_AREA_STYLE('',(#8920));
#7193=EDGE_CURVE('',#8868,#8862,#8921,.T.);
#7194=FILL_AREA_STYLE('',(#8922));
#7195=EDGE_CURVE('',#8907,#8882,#8923,.T.);
#7196=FILL_AREA_STYLE('',(#8924));
#7197=FILL_AREA_STYLE('',(#8925));
#7198=FILL_AREA_STYLE('',(#8926));
#7199=FILL_AREA_STYLE('',(#8927));
#7200=EDGE_CURVE('',#8928,#8929,#8930,.T.);
#7201=EDGE_CURVE('',#8931,#8928,#8932,.T.);
#7202=EDGE_CURVE('',#8933,#8931,#8934,.T.);
#7203=EDGE_CURVE('',#8933,#8935,#8936,.T.);
#7204=EDGE_CURVE('',#8937,#8935,#8938,.T.);
#7205=EDGE_CURVE('',#8929,#8937,#8939,.T.);
#7206=FILL_AREA_STYLE('',(#8940));
#7207=EDGE_CURVE('',#8941,#8928,#8942,.T.);
#7208=EDGE_CURVE('',#8941,#8943,#8944,.T.);
#7209=EDGE_CURVE('',#8931,#8943,#8945,.T.);
#7210=FILL_AREA_STYLE('',(#8946));
#7211=EDGE_CURVE('',#8929,#8947,#8948,.T.);
#7212=EDGE_CURVE('',#8937,#8949,#8950,.T.);
#7213=EDGE_CURVE('',#8949,#8947,#8951,.T.);
#7214=FILL_AREA_STYLE('',(#8952));
#7215=EDGE_CURVE('',#8953,#7634,#8954,.T.);
#7216=EDGE_CURVE('',#7631,#8955,#8956,.T.);
#7217=EDGE_CURVE('',#8955,#8957,#8958,.T.);
#7218=EDGE_CURVE('',#8957,#8949,#8959,.T.);
#7219=EDGE_CURVE('',#8935,#7625,#8960,.T.);
#7220=EDGE_CURVE('',#7622,#8961,#8962,.T.);
#7221=EDGE_CURVE('',#8961,#8963,#8964,.T.);
#7222=EDGE_CURVE('',#8963,#8953,#8965,.T.);
#7223=FILL_AREA_STYLE('',(#8966));
#7224=EDGE_CURVE('',#8967,#8953,#8968,.T.);
#7225=EDGE_CURVE('',#8963,#8969,#8970,.T.);
#7226=EDGE_CURVE('',#8969,#8967,#8971,.T.);
#7227=FILL_AREA_STYLE('',(#8972));
#7228=EDGE_CURVE('',#8973,#8967,#8974,.T.);
#7229=EDGE_CURVE('',#8969,#8975,#8976,.T.);
#7230=EDGE_CURVE('',#8975,#8973,#8977,.T.);
#7231=FILL_AREA_STYLE('',(#8978));
#7232=EDGE_CURVE('',#8979,#8973,#8980,.T.);
#7233=EDGE_CURVE('',#8975,#8981,#8982,.T.);
#7234=EDGE_CURVE('',#8981,#8979,#8983,.T.);
#7235=FILL_AREA_STYLE('',(#8984));
#7236=EDGE_CURVE('',#7636,#8979,#8985,.T.);
#7237=EDGE_CURVE('',#8981,#8986,#8987,.T.);
#7238=EDGE_CURVE('',#8986,#7623,#8988,.T.);
#7239=EDGE_CURVE('',#7627,#8933,#8989,.T.);
#7240=EDGE_CURVE('',#8943,#8990,#8991,.T.);
#7241=EDGE_CURVE('',#8990,#8992,#8993,.T.);
#7242=EDGE_CURVE('',#8992,#7632,#8994,.T.);
#7243=FILL_AREA_STYLE('',(#8995));
#7244=EDGE_CURVE('',#8992,#8955,#8996,.T.);
#7245=FILL_AREA_STYLE('',(#8997));
#7246=EDGE_CURVE('',#8990,#8957,#8998,.T.);
#7247=FILL_AREA_STYLE('',(#8999));
#7248=EDGE_CURVE('',#8947,#8941,#9000,.T.);
#7249=FILL_AREA_STYLE('',(#9001));
#7250=EDGE_CURVE('',#8986,#8961,#9002,.T.);
#7251=FILL_AREA_STYLE('',(#9003));
#7252=FILL_AREA_STYLE('',(#9004));
#7253=FILL_AREA_STYLE('',(#9005));
#7254=FILL_AREA_STYLE('',(#9006));
#7255=EDGE_CURVE('',#9007,#9008,#9009,.T.);
#7256=EDGE_CURVE('',#9010,#9007,#9011,.T.);
#7257=EDGE_CURVE('',#9010,#9012,#9013,.T.);
#7258=EDGE_CURVE('',#9008,#9012,#9014,.T.);
#7259=FILL_AREA_STYLE('',(#9015));
#7260=EDGE_CURVE('',#8671,#9007,#9016,.T.);
#7261=EDGE_CURVE('',#8669,#9017,#9018,.T.);
#7262=EDGE_CURVE('',#9017,#9019,#9020,.T.);
#7263=EDGE_CURVE('',#9019,#9021,#9022,.T.);
#7264=EDGE_CURVE('',#9021,#9010,#9023,.T.);
#7265=FILL_AREA_STYLE('',(#9024));
#7266=EDGE_CURVE('',#9019,#9025,#9026,.T.);
#7267=EDGE_CURVE('',#9025,#9027,#9028,.T.);
#7268=EDGE_CURVE('',#9027,#9029,#9030,.T.);
#7269=EDGE_CURVE('',#9029,#9021,#9031,.T.);
#7270=FILL_AREA_STYLE('',(#9032));
#7271=EDGE_CURVE('',#9008,#8665,#9033,.T.);
#7272=EDGE_CURVE('',#9012,#9034,#9035,.T.);
#7273=EDGE_CURVE('',#9036,#9034,#9037,.T.);
#7274=EDGE_CURVE('',#9036,#9038,#9039,.T.);
#7275=EDGE_CURVE('',#9038,#8667,#9040,.T.);
#7276=FILL_AREA_STYLE('',(#9041));
#7277=EDGE_CURVE('',#9042,#9036,#9043,.T.);
#7278=EDGE_CURVE('',#9034,#9044,#9045,.T.);
#7279=EDGE_CURVE('',#9044,#9046,#9047,.T.);
#7280=EDGE_CURVE('',#9046,#9042,#9048,.T.);
#7281=FILL_AREA_STYLE('',(#9049));
#7282=EDGE_CURVE('',#9017,#9038,#9050,.T.);
#7283=FILL_AREA_STYLE('',(#9051));
#7284=EDGE_CURVE('',#9025,#9042,#9052,.T.);
#7285=FILL_AREA_STYLE('',(#9053));
#7286=EDGE_CURVE('',#9027,#9046,#9054,.T.);
#7287=FILL_AREA_STYLE('',(#9055));
#7288=EDGE_CURVE('',#9029,#9044,#9056,.T.);
#7289=FILL_AREA_STYLE('',(#9057));
#7290=FILL_AREA_STYLE('',(#9058));
#7291=EDGE_CURVE('',#9059,#9060,#9061,.T.);
#7292=EDGE_CURVE('',#9062,#9059,#9063,.T.);
#7293=EDGE_CURVE('',#9062,#9064,#9065,.T.);
#7294=EDGE_CURVE('',#9060,#9064,#9066,.T.);
#7295=FILL_AREA_STYLE('',(#9067));
#7296=EDGE_CURVE('',#8649,#9059,#9068,.T.);
#7297=EDGE_CURVE('',#8647,#9069,#9070,.T.);
#7298=EDGE_CURVE('',#9069,#9071,#9072,.T.);
#7299=EDGE_CURVE('',#9071,#9073,#9074,.T.);
#7300=EDGE_CURVE('',#9073,#9062,#9075,.T.);
#7301=FILL_AREA_STYLE('',(#9076));
#7302=EDGE_CURVE('',#9071,#9077,#9078,.T.);
#7303=EDGE_CURVE('',#9077,#9079,#9080,.T.);
#7304=EDGE_CURVE('',#9079,#9081,#9082,.T.);
#7305=EDGE_CURVE('',#9081,#9073,#9083,.T.);
#7306=FILL_AREA_STYLE('',(#9084));
#7307=EDGE_CURVE('',#9060,#8643,#9085,.T.);
#7308=EDGE_CURVE('',#9064,#9086,#9087,.T.);
#7309=EDGE_CURVE('',#9088,#9086,#9089,.T.);
#7310=EDGE_CURVE('',#9088,#9090,#9091,.T.);
#7311=EDGE_CURVE('',#9090,#8645,#9092,.T.);
#7312=FILL_AREA_STYLE('',(#9093));
#7313=EDGE_CURVE('',#9094,#9088,#9095,.T.);
#7314=EDGE_CURVE('',#9086,#9096,#9097,.T.);
#7315=EDGE_CURVE('',#9096,#9098,#9099,.T.);
#7316=EDGE_CURVE('',#9098,#9094,#9100,.T.);
#7317=FILL_AREA_STYLE('',(#9101));
#7318=EDGE_CURVE('',#9069,#9090,#9102,.T.);
#7319=FILL_AREA_STYLE('',(#9103));
#7320=EDGE_CURVE('',#9077,#9094,#9104,.T.);
#7321=FILL_AREA_STYLE('',(#9105));
#7322=EDGE_CURVE('',#9079,#9098,#9106,.T.);
#7323=FILL_AREA_STYLE('',(#9107));
#7324=EDGE_CURVE('',#9081,#9096,#9108,.T.);
#7325=FILL_AREA_STYLE('',(#9109));
#7326=FILL_AREA_STYLE('',(#9110));
#7327=EDGE_CURVE('',#8008,#9111,#9112,.T.);
#7328=EDGE_CURVE('',#8707,#9111,#9113,.T.);
#7329=FILL_AREA_STYLE('',(#9114));
#7330=EDGE_CURVE('',#9111,#8703,#9115,.T.);
#7331=FILL_AREA_STYLE('',(#9116));
#7332=EDGE_CURVE('',#9117,#7949,#9118,.T.);
#7333=EDGE_CURVE('',#8687,#9117,#9119,.T.);
#7334=FILL_AREA_STYLE('',(#9120));
#7335=EDGE_CURVE('',#7975,#9121,#9122,.T.);
#7336=EDGE_CURVE('',#8717,#9121,#9123,.T.);
#7337=FILL_AREA_STYLE('',(#9124));
#7338=EDGE_CURVE('',#7916,#9125,#9126,.T.);
#7339=EDGE_CURVE('',#8697,#9125,#9127,.T.);
#7340=FILL_AREA_STYLE('',(#9128));
#7341=EDGE_CURVE('',#9121,#8713,#9129,.T.);
#7342=FILL_AREA_STYLE('',(#9130));
#7343=EDGE_CURVE('',#9131,#7616,#9132,.T.);
#7344=EDGE_CURVE('',#8663,#9131,#9133,.T.);
#7345=FILL_AREA_STYLE('',(#9134));
#7346=EDGE_CURVE('',#8660,#9135,#9136,.T.);
#7347=EDGE_CURVE('',#7613,#9135,#9137,.T.);
#7348=FILL_AREA_STYLE('',(#9138));
#7349=EDGE_CURVE('',#9135,#8621,#9139,.T.);
#7350=FILL_AREA_STYLE('',(#9140));
#7351=EDGE_CURVE('',#8654,#9141,#9142,.T.);
#7352=EDGE_CURVE('',#8677,#9141,#9143,.T.);
#7353=FILL_AREA_STYLE('',(#9144));
#7354=EDGE_CURVE('',#9141,#7605,#9145,.T.);
#7355=FILL_AREA_STYLE('',(#9146));
#7356=EDGE_CURVE('',#8651,#9147,#9148,.T.);
#7357=EDGE_CURVE('',#7609,#9147,#9149,.T.);
#7358=FILL_AREA_STYLE('',(#9150));
#7359=EDGE_CURVE('',#8641,#9151,#9152,.T.);
#7360=EDGE_CURVE('',#9147,#9151,#9153,.T.);
#7361=FILL_AREA_STYLE('',(#9154));
#7362=EDGE_CURVE('',#8639,#9155,#9156,.T.);
#7363=EDGE_CURVE('',#9151,#9155,#9157,.T.);
#7364=FILL_AREA_STYLE('',(#9158));
#7365=EDGE_CURVE('',#9155,#7592,#9159,.T.);
#7366=FILL_AREA_STYLE('',(#9160));
#7367=EDGE_CURVE('',#7727,#9161,#9162,.T.);
#7368=EDGE_CURVE('',#7600,#9161,#9163,.T.);
#7369=FILL_AREA_STYLE('',(#9164));
#7370=EDGE_CURVE('',#7725,#9165,#9166,.T.);
#7371=EDGE_CURVE('',#9161,#9165,#9167,.T.);
#7372=FILL_AREA_STYLE('',(#9168));
#7373=EDGE_CURVE('',#7723,#9169,#9170,.T.);
#7374=EDGE_CURVE('',#9165,#9169,#9171,.T.);
#7375=FILL_AREA_STYLE('',(#9172));
#7376=EDGE_CURVE('',#7721,#9173,#9174,.T.);
#7377=EDGE_CURVE('',#9169,#9173,#9175,.T.);
#7378=FILL_AREA_STYLE('',(#9176));
#7379=EDGE_CURVE('',#7719,#9177,#9178,.T.);
#7380=EDGE_CURVE('',#9173,#9177,#9179,.T.);
#7381=FILL_AREA_STYLE('',(#9180));
#7382=EDGE_CURVE('',#7717,#9181,#9182,.T.);
#7383=EDGE_CURVE('',#9177,#9181,#9183,.T.);
#7384=FILL_AREA_STYLE('',(#9184));
#7385=EDGE_CURVE('',#9181,#7661,#9185,.T.);
#7386=FILL_AREA_STYLE('',(#9186));
#7387=EDGE_CURVE('',#8673,#9187,#9188,.T.);
#7388=EDGE_CURVE('',#8615,#9187,#9189,.T.);
#7389=FILL_AREA_STYLE('',(#9190));
#7390=EDGE_CURVE('',#9187,#9131,#9191,.T.);
#7391=FILL_AREA_STYLE('',(#9192));
#7392=EDGE_CURVE('',#9193,#7907,#9194,.T.);
#7393=EDGE_CURVE('',#8727,#9193,#9195,.T.);
#7394=FILL_AREA_STYLE('',(#9196));
#7395=EDGE_CURVE('',#9193,#8737,#9197,.T.);
#7396=FILL_AREA_STYLE('',(#9198));
#7397=EDGE_CURVE('',#9117,#8683,#9199,.T.);
#7398=FILL_AREA_STYLE('',(#9200));
#7399=EDGE_CURVE('',#9125,#8693,#9201,.T.);
#7400=FILL_AREA_STYLE('',(#9202));
#7401=EDGE_CURVE('',#7586,#7587,#9203,.T.);
#7402=FILL_AREA_STYLE('',(#9204));
#7403=EDGE_CURVE('',#7581,#7582,#9205,.T.);
#7404=FILL_AREA_STYLE('',(#9206));
#7405=EDGE_CURVE('',#7576,#7577,#9207,.T.);
#7406=FILL_AREA_STYLE('',(#9208));
#7407=EDGE_CURVE('',#7571,#7572,#9209,.T.);
#7408=FILL_AREA_STYLE('',(#9210));
#7409=EDGE_CURVE('',#9211,#9212,#9213,.T.);
#7410=EDGE_CURVE('',#9214,#9211,#9215,.T.);
#7411=EDGE_CURVE('',#9214,#9216,#9217,.T.);
#7412=EDGE_CURVE('',#9216,#9212,#9218,.T.);
#7413=FILL_AREA_STYLE('',(#9219));
#7414=EDGE_CURVE('',#7563,#9214,#9220,.T.);
#7415=EDGE_CURVE('',#7562,#9211,#9221,.T.);
#7416=FILL_AREA_STYLE('',(#9222));
#7417=EDGE_CURVE('',#7558,#7565,#9223,.T.);
#7418=EDGE_CURVE('',#7556,#7567,#9224,.T.);
#7419=FILL_AREA_STYLE('',(#9225));
#7420=EDGE_CURVE('',#9212,#7554,#9226,.T.);
#7421=EDGE_CURVE('',#9216,#7553,#9227,.T.);
#7422=FILL_AREA_STYLE('',(#9228));
#7423=FILL_AREA_STYLE('',(#9229));
#7424=EDGE_CURVE('',#9230,#9231,#9232,.T.);
#7425=EDGE_CURVE('',#9233,#9230,#9234,.T.);
#7426=EDGE_CURVE('',#9233,#9235,#9236,.T.);
#7427=EDGE_CURVE('',#9235,#9231,#9237,.T.);
#7428=FILL_AREA_STYLE('',(#9238));
#7429=EDGE_CURVE('',#7545,#9233,#9239,.T.);
#7430=EDGE_CURVE('',#7544,#9230,#9240,.T.);
#7431=FILL_AREA_STYLE('',(#9241));
#7432=EDGE_CURVE('',#7540,#7547,#9242,.T.);
#7433=EDGE_CURVE('',#7538,#7549,#9243,.T.);
#7434=FILL_AREA_STYLE('',(#9244));
#7435=EDGE_CURVE('',#9231,#7536,#9245,.T.);
#7436=EDGE_CURVE('',#9235,#7535,#9246,.T.);
#7437=FILL_AREA_STYLE('',(#9247));
#7438=FILL_AREA_STYLE('',(#9248));
#7439=EDGE_CURVE('',#9249,#8845,#9250,.T.);
#7440=EDGE_CURVE('',#9251,#9249,#9252,.T.);
#7441=EDGE_CURVE('',#9253,#9251,#9254,.T.);
#7442=EDGE_CURVE('',#9255,#9253,#9256,.T.);
#7443=EDGE_CURVE('',#7859,#9255,#9257,.T.);
#7444=FILL_AREA_STYLE('',(#9258));
#7445=EDGE_CURVE('',#9249,#9259,#9260,.T.);
#7446=EDGE_CURVE('',#9259,#8843,#9261,.T.);
#7447=FILL_AREA_STYLE('',(#9262));
#7448=EDGE_CURVE('',#9263,#7848,#9264,.T.);
#7449=EDGE_CURVE('',#9265,#9263,#9266,.T.);
#7450=EDGE_CURVE('',#7850,#9265,#9267,.T.);
#7451=FILL_AREA_STYLE('',(#9268));
#7452=EDGE_CURVE('',#9269,#7846,#9270,.T.);
#7453=EDGE_CURVE('',#9263,#9269,#9271,.T.);
#7454=FILL_AREA_STYLE('',(#9272));
#7455=EDGE_CURVE('',#9273,#7844,#9274,.T.);
#7456=EDGE_CURVE('',#9269,#9273,#9275,.T.);
#7457=FILL_AREA_STYLE('',(#9276));
#7458=EDGE_CURVE('',#9277,#7840,#9278,.T.);
#7459=EDGE_CURVE('',#9279,#9277,#9280,.T.);
#7460=EDGE_CURVE('',#7842,#9279,#9281,.T.);
#7461=FILL_AREA_STYLE('',(#9282));
#7462=EDGE_CURVE('',#9283,#7838,#9284,.T.);
#7463=EDGE_CURVE('',#9277,#9283,#9285,.T.);
#7464=FILL_AREA_STYLE('',(#9286));
#7465=EDGE_CURVE('',#9287,#7836,#9288,.T.);
#7466=EDGE_CURVE('',#9283,#9287,#9289,.T.);
#7467=FILL_AREA_STYLE('',(#9290));
#7468=EDGE_CURVE('',#9291,#7830,#9292,.T.);
#7469=EDGE_CURVE('',#9293,#9291,#9294,.T.);
#7470=EDGE_CURVE('',#9293,#7832,#9295,.T.);
#7471=FILL_AREA_STYLE('',(#9296));
#7472=EDGE_CURVE('',#9291,#8749,#9297,.T.);
#7473=FILL_AREA_STYLE('',(#9298));
#7474=EDGE_CURVE('',#9299,#7856,#9300,.T.);
#7475=EDGE_CURVE('',#9301,#9299,#9302,.T.);
#7476=EDGE_CURVE('',#9303,#9301,#9304,.T.);
#7477=EDGE_CURVE('',#9259,#9303,#9305,.T.);
#7478=FILL_AREA_STYLE('',(#9306));
#7479=EDGE_CURVE('',#9307,#9293,#9308,.T.);
#7480=EDGE_CURVE('',#7834,#9307,#9309,.T.);
#7481=FILL_AREA_STYLE('',(#9310));
#7482=EDGE_CURVE('',#9311,#7934,#9312,.T.);
#7483=EDGE_CURVE('',#9313,#9311,#9314,.T.);
#7484=EDGE_CURVE('',#9313,#7936,#9315,.T.);
#7485=FILL_AREA_STYLE('',(#9316));
#7486=EDGE_CURVE('',#9317,#9313,#9318,.T.);
#7487=EDGE_CURVE('',#9317,#9299,#9319,.T.);
#7488=FILL_AREA_STYLE('',(#9320));
#7489=EDGE_CURVE('',#9255,#9321,#9322,.T.);
#7490=EDGE_CURVE('',#9321,#8839,#9323,.T.);
#7491=FILL_AREA_STYLE('',(#9324));
#7492=EDGE_CURVE('',#9325,#9317,#9326,.T.);
#7493=EDGE_CURVE('',#9325,#9301,#9327,.T.);
#7494=FILL_AREA_STYLE('',(#9328));
#7495=EDGE_CURVE('',#9253,#9329,#9330,.T.);
#7496=EDGE_CURVE('',#9329,#9321,#9331,.T.);
#7497=FILL_AREA_STYLE('',(#9332));
#7498=EDGE_CURVE('',#9333,#9303,#9334,.T.);
#7499=EDGE_CURVE('',#9335,#9333,#9336,.T.);
#7500=EDGE_CURVE('',#9335,#9337,#9338,.T.);
#7501=EDGE_CURVE('',#9337,#9339,#9340,.T.);
#7502=EDGE_CURVE('',#9251,#9339,#9341,.T.);
#7503=FILL_AREA_STYLE('',(#9342));
#7504=EDGE_CURVE('',#9333,#9325,#9343,.T.);
#7505=FILL_AREA_STYLE('',(#9344));
#7506=EDGE_CURVE('',#9339,#9329,#9345,.T.);
#7507=FILL_AREA_STYLE('',(#9346));
#7508=EDGE_CURVE('',#9347,#9265,#9348,.T.);
#7509=EDGE_CURVE('',#9349,#9347,#9350,.T.);
#7510=EDGE_CURVE('',#9349,#7932,#9351,.T.);
#7511=FILL_AREA_STYLE('',(#9352));
#7512=EDGE_CURVE('',#9273,#9279,#9353,.T.);
#7513=FILL_AREA_STYLE('',(#9354));
#7514=EDGE_CURVE('',#9307,#9287,#9355,.T.);
#7515=EDGE_CURVE('',#9347,#8759,#9356,.T.);
#7516=FILL_AREA_STYLE('',(#9357));
#7517=FILL_AREA_STYLE('',(#9358));
#7518=EDGE_CURVE('',#8767,#9359,#9360,.T.);
#7519=EDGE_CURVE('',#9359,#9361,#9362,.T.);
#7520=EDGE_CURVE('',#9335,#9361,#9363,.T.);
#7521=EDGE_CURVE('',#9311,#9349,#9364,.T.);
#7522=FILL_AREA_STYLE('',(#9365));
#7523=EDGE_CURVE('',#8765,#9366,#9367,.T.);
#7524=EDGE_CURVE('',#9359,#9366,#9368,.T.);
#7525=FILL_AREA_STYLE('',(#9369));
#7526=EDGE_CURVE('',#9366,#9370,#9371,.T.);
#7527=EDGE_CURVE('',#9361,#9370,#9372,.T.);
#7528=FILL_AREA_STYLE('',(#9373));
#7529=EDGE_CURVE('',#9370,#9337,#9374,.T.);
#7530=FILL_AREA_STYLE('',(#9375));
#7531=FILL_AREA_STYLE('',(#9376));
#7532=EDGE_CURVE('',#8831,#8773,#9377,.T.);
#7533=FILL_AREA_STYLE('',(#9378));
#7534=FILL_AREA_STYLE_COLOUR('',#9379);
#7535=VERTEX_POINT('',#9380);
#7536=VERTEX_POINT('',#9381);
#7537=LINE('',#9382,#9383);
#7538=VERTEX_POINT('',#9384);
#7539=CIRCLE('',#9385,0.500000000000001);
#7540=VERTEX_POINT('',#9386);
#7541=LINE('',#9387,#9388);
#7542=CIRCLE('',#9389,0.500000000000001);
#7543=FILL_AREA_STYLE_COLOUR('',#9390);
#7544=VERTEX_POINT('',#9391);
#7545=VERTEX_POINT('',#9392);
#7546=LINE('',#9393,#9394);
#7547=VERTEX_POINT('',#9395);
#7548=CIRCLE('',#9396,0.5);
#7549=VERTEX_POINT('',#9397);
#7550=LINE('',#9398,#9399);
#7551=CIRCLE('',#9400,0.5);
#7552=FILL_AREA_STYLE_COLOUR('',#9401);
#7553=VERTEX_POINT('',#9402);
#7554=VERTEX_POINT('',#9403);
#7555=LINE('',#9404,#9405);
#7556=VERTEX_POINT('',#9406);
#7557=CIRCLE('',#9407,0.500000000000001);
#7558=VERTEX_POINT('',#9408);
#7559=LINE('',#9409,#9410);
#7560=CIRCLE('',#9411,0.500000000000001);
#7561=FILL_AREA_STYLE_COLOUR('',#9412);
#7562=VERTEX_POINT('',#9413);
#7563=VERTEX_POINT('',#9414);
#7564=LINE('',#9415,#9416);
#7565=VERTEX_POINT('',#9417);
#7566=CIRCLE('',#9418,0.5);
#7567=VERTEX_POINT('',#9419);
#7568=LINE('',#9420,#9421);
#7569=CIRCLE('',#9422,0.5);
#7570=FILL_AREA_STYLE_COLOUR('',#9423);
#7571=VERTEX_POINT('',#9424);
#7572=VERTEX_POINT('',#9425);
#7573=CIRCLE('',#9426,0.6);
#7574=CIRCLE('',#9427,0.565685424949238);
#7575=FILL_AREA_STYLE_COLOUR('',#9428);
#7576=VERTEX_POINT('',#9429);
#7577=VERTEX_POINT('',#9430);
#7578=CIRCLE('',#9431,0.6);
#7579=CIRCLE('',#9432,0.565685424949238);
#7580=FILL_AREA_STYLE_COLOUR('',#9433);
#7581=VERTEX_POINT('',#9434);
#7582=VERTEX_POINT('',#9435);
#7583=CIRCLE('',#9436,0.6);
#7584=CIRCLE('',#9437,0.565685424949238);
#7585=FILL_AREA_STYLE_COLOUR('',#9438);
#7586=VERTEX_POINT('',#9439);
#7587=VERTEX_POINT('',#9440);
#7588=CIRCLE('',#9441,0.6);
#7589=CIRCLE('',#9442,0.565685424949238);
#7590=FILL_AREA_STYLE_COLOUR('',#9443);
#7591=VERTEX_POINT('',#9444);
#7592=VERTEX_POINT('',#9445);
#7593=LINE('',#9446,#9447);
#7594=VERTEX_POINT('',#9448);
#7595=CIRCLE('',#9449,0.15);
#7596=VERTEX_POINT('',#9450);
#7597=LINE('',#9451,#9452);
#7598=VERTEX_POINT('',#9453);
#7599=CIRCLE('',#9454,0.15);
#7600=VERTEX_POINT('',#9455);
#7601=LINE('',#9456,#9457);
#7602=CIRCLE('',#9458,0.15);
#7603=FILL_AREA_STYLE_COLOUR('',#9459);
#7604=VERTEX_POINT('',#9460);
#7605=VERTEX_POINT('',#9461);
#7606=LINE('',#9462,#9463);
#7607=VERTEX_POINT('',#9464);
#7608=CIRCLE('',#9465,0.15);
#7609=VERTEX_POINT('',#9466);
#7610=LINE('',#9467,#9468);
#7611=CIRCLE('',#9469,0.15);
#7612=FILL_AREA_STYLE_COLOUR('',#9470);
#7613=VERTEX_POINT('',#9471);
#7614=VERTEX_POINT('',#9472);
#7615=LINE('',#9473,#9474);
#7616=VERTEX_POINT('',#9475);
#7617=CIRCLE('',#9476,0.15);
#7618=VERTEX_POINT('',#9477);
#7619=LINE('',#9478,#9479);
#7620=CIRCLE('',#9480,0.15);
#7621=FILL_AREA_STYLE_COLOUR('',#9481);
#7622=VERTEX_POINT('',#9482);
#7623=VERTEX_POINT('',#9483);
#7624=LINE('',#9484,#9485);
#7625=VERTEX_POINT('',#9486);
#7626=ELLIPSE('',#9487,0.901525089017591,0.898542404277256);
#7627=VERTEX_POINT('',#9488);
#7628=LINE('',#9489,#9490);
#7629=ELLIPSE('',#9491,0.901525089017591,0.898542404277256);
#7630=FILL_AREA_STYLE_COLOUR('',#9492);
#7631=VERTEX_POINT('',#9493);
#7632=VERTEX_POINT('',#9494);
#7633=LINE('',#9495,#9496);
#7634=VERTEX_POINT('',#9497);
#7635=ELLIPSE('',#9498,0.60361283221562,0.601615786536412);
#7636=VERTEX_POINT('',#9499);
#7637=LINE('',#9500,#9501);
#7638=ELLIPSE('',#9502,0.60361283221562,0.601615786536412);
#7639=FILL_AREA_STYLE_COLOUR('',#9503);
#7640=VERTEX_POINT('',#9504);
#7641=VERTEX_POINT('',#9505);
#7642=LINE('',#9506,#9507);
#7643=VERTEX_POINT('',#9508);
#7644=ELLIPSE('',#9509,0.901525089017591,0.898542404277256);
#7645=VERTEX_POINT('',#9510);
#7646=LINE('',#9511,#9512);
#7647=ELLIPSE('',#9513,0.901525089017591,0.898542404277256);
#7648=FILL_AREA_STYLE_COLOUR('',#9514);
#7649=VERTEX_POINT('',#9515);
#7650=VERTEX_POINT('',#9516);
#7651=LINE('',#9517,#9518);
#7652=VERTEX_POINT('',#9519);
#7653=ELLIPSE('',#9520,0.60361283221562,0.601615786536412);
#7654=VERTEX_POINT('',#9521);
#7655=LINE('',#9522,#9523);
#7656=ELLIPSE('',#9524,0.60361283221562,0.601615786536412);
#7657=FILL_AREA_STYLE_COLOUR('',#9525);
#7658=VERTEX_POINT('',#9526);
#7659=VERTEX_POINT('',#9527);
#7660=LINE('',#9528,#9529);
#7661=VERTEX_POINT('',#9530);
#7662=CIRCLE('',#9531,0.150000000000001);
#7663=VERTEX_POINT('',#9532);
#7664=LINE('',#9533,#9534);
#7665=VERTEX_POINT('',#9535);
#7666=CIRCLE('',#9536,0.150000000000001);
#7667=VERTEX_POINT('',#9537);
#7668=LINE('',#9538,#9539);
#7669=CIRCLE('',#9540,0.150000000000001);
#7670=FILL_AREA_STYLE_COLOUR('',#9541);
#7671=VERTEX_POINT('',#9542);
#7672=LINE('',#9543,#9544);
#7673=VERTEX_POINT('',#9545);
#7674=LINE('',#9546,#9547);
#7675=VERTEX_POINT('',#9548);
#7676=LINE('',#9549,#9550);
#7677=VERTEX_POINT('',#9551);
#7678=LINE('',#9552,#9553);
#7679=LINE('',#9554,#9555);
#7680=FILL_AREA_STYLE_COLOUR('',#9556);
#7681=VERTEX_POINT('',#9557);
#7682=LINE('',#9558,#9559);
#7683=VERTEX_POINT('',#9560);
#7684=LINE('',#9561,#9562);
#7685=LINE('',#9563,#9564);
#7686=FILL_AREA_STYLE_COLOUR('',#9565);
#7687=VERTEX_POINT('',#9566);
#7688=VERTEX_POINT('',#9567);
#7689=LINE('',#9568,#9569);
#7690=VERTEX_POINT('',#9570);
#7691=LINE('',#9571,#9572);
#7692=VERTEX_POINT('',#9573);
#7693=LINE('',#9574,#9575);
#7694=LINE('',#9576,#9577);
#7695=FILL_AREA_STYLE_COLOUR('',#9578);
#7696=VERTEX_POINT('',#9579);
#7697=VERTEX_POINT('',#9580);
#7698=LINE('',#9581,#9582);
#7699=VERTEX_POINT('',#9583);
#7700=LINE('',#9584,#9585);
#7701=VERTEX_POINT('',#9586);
#7702=LINE('',#9587,#9588);
#7703=VERTEX_POINT('',#9589);
#7704=LINE('',#9590,#9591);
#7705=VERTEX_POINT('',#9592);
#7706=LINE('',#9593,#9594);
#7707=VERTEX_POINT('',#9595);
#7708=LINE('',#9596,#9597);
#7709=VERTEX_POINT('',#9598);
#7710=LINE('',#9599,#9600);
#7711=VERTEX_POINT('',#9601);
#7712=CIRCLE('',#9602,0.5);
#7713=VERTEX_POINT('',#9603);
#7714=LINE('',#9604,#9605);
#7715=CIRCLE('',#9606,0.500000000000001);
#7716=FILL_AREA_STYLE_COLOUR('',#9607);
#7717=VERTEX_POINT('',#9608);
#7718=LINE('',#9609,#9610);
#7719=VERTEX_POINT('',#9611);
#7720=LINE('',#9612,#9613);
#7721=VERTEX_POINT('',#9614);
#7722=LINE('',#9615,#9616);
#7723=VERTEX_POINT('',#9617);
#7724=LINE('',#9618,#9619);
#7725=VERTEX_POINT('',#9620);
#7726=LINE('',#9621,#9622);
#7727=VERTEX_POINT('',#9623);
#7728=LINE('',#9624,#9625);
#7729=LINE('',#9626,#9627);
#7730=VERTEX_POINT('',#9628);
#7731=LINE('',#9629,#9630);
#7732=VERTEX_POINT('',#9631);
#7733=LINE('',#9632,#9633);
#7734=VERTEX_POINT('',#9634);
#7735=LINE('',#9635,#9636);
#7736=VERTEX_POINT('',#9637);
#7737=LINE('',#9638,#9639);
#7738=VERTEX_POINT('',#9640);
#7739=LINE('',#9641,#9642);
#7740=LINE('',#9643,#9644);
#7741=FILL_AREA_STYLE_COLOUR('',#9645);
#7742=VERTEX_POINT('',#9646);
#7743=VERTEX_POINT('',#9647);
#7744=LINE('',#9648,#9649);
#7745=VERTEX_POINT('',#9650);
#7746=LINE('',#9651,#9652);
#7747=VERTEX_POINT('',#9653);
#7748=LINE('',#9654,#9655);
#7749=LINE('',#9656,#9657);
#7750=FILL_AREA_STYLE_COLOUR('',#9658);
#7751=VERTEX_POINT('',#9659);
#7752=VERTEX_POINT('',#9660);
#7753=LINE('',#9661,#9662);
#7754=VERTEX_POINT('',#9663);
#7755=LINE('',#9664,#9665);
#7756=VERTEX_POINT('',#9666);
#7757=LINE('',#9667,#9668);
#7758=CIRCLE('',#9669,0.6);
#7759=VERTEX_POINT('',#9670);
#7760=VERTEX_POINT('',#9671);
#7761=LINE('',#9672,#9673);
#7762=VERTEX_POINT('',#9674);
#7763=LINE('',#9675,#9676);
#7764=VERTEX_POINT('',#9677);
#7765=LINE('',#9678,#9679);
#7766=CIRCLE('',#9680,0.6);
#7767=VERTEX_POINT('',#9681);
#7768=VERTEX_POINT('',#9682);
#7769=LINE('',#9683,#9684);
#7770=VERTEX_POINT('',#9685);
#7771=LINE('',#9686,#9687);
#7772=VERTEX_POINT('',#9688);
#7773=LINE('',#9689,#9690);
#7774=CIRCLE('',#9691,0.6);
#7775=VERTEX_POINT('',#9692);
#7776=VERTEX_POINT('',#9693);
#7777=LINE('',#9694,#9695);
#7778=VERTEX_POINT('',#9696);
#7779=LINE('',#9697,#9698);
#7780=VERTEX_POINT('',#9699);
#7781=LINE('',#9700,#9701);
#7782=LINE('',#9702,#9703);
#7783=VERTEX_POINT('',#9704);
#7784=VERTEX_POINT('',#9705);
#7785=LINE('',#9706,#9707);
#7786=VERTEX_POINT('',#9708);
#7787=LINE('',#9709,#9710);
#7788=VERTEX_POINT('',#9711);
#7789=LINE('',#9712,#9713);
#7790=LINE('',#9714,#9715);
#7791=VERTEX_POINT('',#9716);
#7792=VERTEX_POINT('',#9717);
#7793=LINE('',#9718,#9719);
#7794=VERTEX_POINT('',#9720);
#7795=LINE('',#9721,#9722);
#7796=VERTEX_POINT('',#9723);
#7797=LINE('',#9724,#9725);
#7798=LINE('',#9726,#9727);
#7799=VERTEX_POINT('',#9728);
#7800=VERTEX_POINT('',#9729);
#7801=LINE('',#9730,#9731);
#7802=VERTEX_POINT('',#9732);
#7803=LINE('',#9733,#9734);
#7804=VERTEX_POINT('',#9735);
#7805=LINE('',#9736,#9737);
#7806=LINE('',#9738,#9739);
#7807=VERTEX_POINT('',#9740);
#7808=VERTEX_POINT('',#9741);
#7809=LINE('',#9742,#9743);
#7810=VERTEX_POINT('',#9744);
#7811=LINE('',#9745,#9746);
#7812=VERTEX_POINT('',#9747);
#7813=LINE('',#9748,#9749);
#7814=LINE('',#9750,#9751);
#7815=VERTEX_POINT('',#9752);
#7816=VERTEX_POINT('',#9753);
#7817=LINE('',#9754,#9755);
#7818=VERTEX_POINT('',#9756);
#7819=LINE('',#9757,#9758);
#7820=VERTEX_POINT('',#9759);
#7821=LINE('',#9760,#9761);
#7822=LINE('',#9762,#9763);
#7823=VERTEX_POINT('',#9764);
#7824=VERTEX_POINT('',#9765);
#7825=LINE('',#9766,#9767);
#7826=VERTEX_POINT('',#9768);
#7827=LINE('',#9769,#9770);
#7828=VERTEX_POINT('',#9771);
#7829=LINE('',#9772,#9773);
#7830=VERTEX_POINT('',#9774);
#7831=LINE('',#9775,#9776);
#7832=VERTEX_POINT('',#9777);
#7833=LINE('',#9778,#9779);
#7834=VERTEX_POINT('',#9780);
#7835=LINE('',#9781,#9782);
#7836=VERTEX_POINT('',#9783);
#7837=LINE('',#9784,#9785);
#7838=VERTEX_POINT('',#9786);
#7839=LINE('',#9787,#9788);
#7840=VERTEX_POINT('',#9789);
#7841=CIRCLE('',#9790,0.500000000000001);
#7842=VERTEX_POINT('',#9791);
#7843=LINE('',#9792,#9793);
#7844=VERTEX_POINT('',#9794);
#7845=LINE('',#9795,#9796);
#7846=VERTEX_POINT('',#9797);
#7847=LINE('',#9798,#9799);
#7848=VERTEX_POINT('',#9800);
#7849=CIRCLE('',#9801,0.65);
#7850=VERTEX_POINT('',#9802);
#7851=LINE('',#9803,#9804);
#7852=VERTEX_POINT('',#9805);
#7853=LINE('',#9806,#9807);
#7854=VERTEX_POINT('',#9808);
#7855=LINE('',#9809,#9810);
#7856=VERTEX_POINT('',#9811);
#7857=LINE('',#9812,#9813);
#7858=LINE('',#9814,#9815);
#7859=VERTEX_POINT('',#9816);
#7860=LINE('',#9817,#9818);
#7861=VERTEX_POINT('',#9819);
#7862=LINE('',#9820,#9821);
#7863=VERTEX_POINT('',#9822);
#7864=LINE('',#9823,#9824);
#7865=VERTEX_POINT('',#9825);
#7866=LINE('',#9826,#9827);
#7867=VERTEX_POINT('',#9828);
#7868=LINE('',#9829,#9830);
#7869=VERTEX_POINT('',#9831);
#7870=CIRCLE('',#9832,0.65);
#7871=VERTEX_POINT('',#9833);
#7872=LINE('',#9834,#9835);
#7873=VERTEX_POINT('',#9836);
#7874=LINE('',#9837,#9838);
#7875=VERTEX_POINT('',#9839);
#7876=LINE('',#9840,#9841);
#7877=VERTEX_POINT('',#9842);
#7878=CIRCLE('',#9843,0.500000000000002);
#7879=VERTEX_POINT('',#9844);
#7880=LINE('',#9845,#9846);
#7881=VERTEX_POINT('',#9847);
#7882=LINE('',#9848,#9849);
#7883=VERTEX_POINT('',#9850);
#7884=LINE('',#9851,#9852);
#7885=VERTEX_POINT('',#9853);
#7886=LINE('',#9854,#9855);
#7887=VERTEX_POINT('',#9856);
#7888=LINE('',#9857,#9858);
#7889=VERTEX_POINT('',#9859);
#7890=LINE('',#9860,#9861);
#7891=VERTEX_POINT('',#9862);
#7892=LINE('',#9863,#9864);
#7893=VERTEX_POINT('',#9865);
#7894=LINE('',#9866,#9867);
#7895=LINE('',#9868,#9869);
#7896=LINE('',#9870,#9871);
#7897=FILL_AREA_STYLE_COLOUR('',#9872);
#7898=VERTEX_POINT('',#9873);
#7899=VERTEX_POINT('',#9874);
#7900=LINE('',#9875,#9876);
#7901=VERTEX_POINT('',#9877);
#7902=LINE('',#9878,#9879);
#7903=VERTEX_POINT('',#9880);
#7904=LINE('',#9881,#9882);
#7905=LINE('',#9883,#9884);
#7906=VERTEX_POINT('',#9885);
#7907=VERTEX_POINT('',#9886);
#7908=LINE('',#9887,#9888);
#7909=VERTEX_POINT('',#9889);
#7910=LINE('',#9890,#9891);
#7911=VERTEX_POINT('',#9892);
#7912=LINE('',#9893,#9894);
#7913=LINE('',#9895,#9896);
#7914=FILL_AREA_STYLE_COLOUR('',#9897);
#7915=VERTEX_POINT('',#9898);
#7916=VERTEX_POINT('',#9899);
#7917=LINE('',#9900,#9901);
#7918=VERTEX_POINT('',#9902);
#7919=LINE('',#9903,#9904);
#7920=VERTEX_POINT('',#9905);
#7921=LINE('',#9906,#9907);
#7922=LINE('',#9908,#9909);
#7923=VERTEX_POINT('',#9910);
#7924=VERTEX_POINT('',#9911);
#7925=LINE('',#9912,#9913);
#7926=VERTEX_POINT('',#9914);
#7927=LINE('',#9915,#9916);
#7928=VERTEX_POINT('',#9917);
#7929=LINE('',#9918,#9919);
#7930=LINE('',#9920,#9921);
#7931=FILL_AREA_STYLE_COLOUR('',#9922);
#7932=VERTEX_POINT('',#9923);
#7933=LINE('',#9924,#9925);
#7934=VERTEX_POINT('',#9926);
#7935=CIRCLE('',#9927,0.25);
#7936=VERTEX_POINT('',#9928);
#7937=LINE('',#9929,#9930);
#7938=LINE('',#9931,#9932);
#7939=FILL_AREA_STYLE_COLOUR('',#9933);
#7940=VERTEX_POINT('',#9934);
#7941=VERTEX_POINT('',#9935);
#7942=LINE('',#9936,#9937);
#7943=VERTEX_POINT('',#9938);
#7944=LINE('',#9939,#9940);
#7945=VERTEX_POINT('',#9941);
#7946=LINE('',#9942,#9943);
#7947=LINE('',#9944,#9945);
#7948=VERTEX_POINT('',#9946);
#7949=VERTEX_POINT('',#9947);
#7950=LINE('',#9948,#9949);
#7951=VERTEX_POINT('',#9950);
#7952=LINE('',#9951,#9952);
#7953=VERTEX_POINT('',#9953);
#7954=LINE('',#9954,#9955);
#7955=LINE('',#9956,#9957);
#7956=FILL_AREA_STYLE_COLOUR('',#9958);
#7957=VERTEX_POINT('',#9959);
#7958=VERTEX_POINT('',#9960);
#7959=LINE('',#9961,#9962);
#7960=VERTEX_POINT('',#9963);
#7961=LINE('',#9964,#9965);
#7962=VERTEX_POINT('',#9966);
#7963=LINE('',#9967,#9968);
#7964=LINE('',#9969,#9970);
#7965=VERTEX_POINT('',#9971);
#7966=VERTEX_POINT('',#9972);
#7967=LINE('',#9973,#9974);
#7968=VERTEX_POINT('',#9975);
#7969=LINE('',#9976,#9977);
#7970=VERTEX_POINT('',#9978);
#7971=LINE('',#9979,#9980);
#7972=LINE('',#9981,#9982);
#7973=FILL_AREA_STYLE_COLOUR('',#9983);
#7974=VERTEX_POINT('',#9984);
#7975=VERTEX_POINT('',#9985);
#7976=LINE('',#9986,#9987);
#7977=VERTEX_POINT('',#9988);
#7978=LINE('',#9989,#9990);
#7979=VERTEX_POINT('',#9991);
#7980=LINE('',#9992,#9993);
#7981=LINE('',#9994,#9995);
#7982=VERTEX_POINT('',#9996);
#7983=VERTEX_POINT('',#9997);
#7984=LINE('',#9998,#9999);
#7985=VERTEX_POINT('',#10000);
#7986=LINE('',#10001,#10002);
#7987=VERTEX_POINT('',#10003);
#7988=LINE('',#10004,#10005);
#7989=LINE('',#10006,#10007);
#7990=FILL_AREA_STYLE_COLOUR('',#10008);
#7991=VERTEX_POINT('',#10009);
#7992=LINE('',#10010,#10011);
#7993=VERTEX_POINT('',#10012);
#7994=LINE('',#10013,#10014);
#7995=VERTEX_POINT('',#10015);
#7996=LINE('',#10016,#10017);
#7997=CIRCLE('',#10018,0.25);
#7998=FILL_AREA_STYLE_COLOUR('',#10019);
#7999=VERTEX_POINT('',#10020);
#8000=VERTEX_POINT('',#10021);
#8001=LINE('',#10022,#10023);
#8002=VERTEX_POINT('',#10024);
#8003=LINE('',#10025,#10026);
#8004=VERTEX_POINT('',#10027);
#8005=LINE('',#10028,#10029);
#8006=LINE('',#10030,#10031);
#8007=VERTEX_POINT('',#10032);
#8008=VERTEX_POINT('',#10033);
#8009=LINE('',#10034,#10035);
#8010=VERTEX_POINT('',#10036);
#8011=LINE('',#10037,#10038);
#8012=VERTEX_POINT('',#10039);
#8013=LINE('',#10040,#10041);
#8014=LINE('',#10042,#10043);
#8015=FILL_AREA_STYLE_COLOUR('',#10044);
#8016=VERTEX_POINT('',#10045);
#8017=LINE('',#10046,#10047);
#8018=VERTEX_POINT('',#10048);
#8019=LINE('',#10049,#10050);
#8020=VERTEX_POINT('',#10051);
#8021=LINE('',#10052,#10053);
#8022=VERTEX_POINT('',#10054);
#8023=LINE('',#10055,#10056);
#8024=LINE('',#10057,#10058);
#8025=FILL_AREA_STYLE_COLOUR('',#10059);
#8026=VERTEX_POINT('',#10060);
#8027=LINE('',#10061,#10062);
#8028=LINE('',#10063,#10064);
#8029=FILL_AREA_STYLE_COLOUR('',#10065);
#8030=VERTEX_POINT('',#10066);
#8031=VERTEX_POINT('',#10067);
#8032=LINE('',#10068,#10069);
#8033=LINE('',#10070,#10071);
#8034=LINE('',#10072,#10073);
#8035=FILL_AREA_STYLE_COLOUR('',#10074);
#8036=LINE('',#10075,#10076);
#8037=FILL_AREA_STYLE_COLOUR('',#10077);
#8038=VERTEX_POINT('',#10078);
#8039=LINE('',#10079,#10080);
#8040=LINE('',#10081,#10082);
#8041=FILL_AREA_STYLE_COLOUR('',#10083);
#8042=LINE('',#10084,#10085);
#8043=FILL_AREA_STYLE_COLOUR('',#10086);
#8044=FILL_AREA_STYLE_COLOUR('',#10087);
#8045=VERTEX_POINT('',#10088);
#8046=LINE('',#10089,#10090);
#8047=VERTEX_POINT('',#10091);
#8048=LINE('',#10092,#10093);
#8049=VERTEX_POINT('',#10094);
#8050=LINE('',#10095,#10096);
#8051=VERTEX_POINT('',#10097);
#8052=LINE('',#10098,#10099);
#8053=LINE('',#10100,#10101);
#8054=FILL_AREA_STYLE_COLOUR('',#10102);
#8055=VERTEX_POINT('',#10103);
#8056=LINE('',#10104,#10105);
#8057=LINE('',#10106,#10107);
#8058=FILL_AREA_STYLE_COLOUR('',#10108);
#8059=VERTEX_POINT('',#10109);
#8060=VERTEX_POINT('',#10110);
#8061=LINE('',#10111,#10112);
#8062=LINE('',#10113,#10114);
#8063=LINE('',#10115,#10116);
#8064=FILL_AREA_STYLE_COLOUR('',#10117);
#8065=LINE('',#10118,#10119);
#8066=FILL_AREA_STYLE_COLOUR('',#10120);
#8067=VERTEX_POINT('',#10121);
#8068=LINE('',#10122,#10123);
#8069=LINE('',#10124,#10125);
#8070=FILL_AREA_STYLE_COLOUR('',#10126);
#8071=LINE('',#10127,#10128);
#8072=FILL_AREA_STYLE_COLOUR('',#10129);
#8073=FILL_AREA_STYLE_COLOUR('',#10130);
#8074=VERTEX_POINT('',#10131);
#8075=LINE('',#10132,#10133);
#8076=VERTEX_POINT('',#10134);
#8077=LINE('',#10135,#10136);
#8078=VERTEX_POINT('',#10137);
#8079=LINE('',#10138,#10139);
#8080=VERTEX_POINT('',#10140);
#8081=LINE('',#10141,#10142);
#8082=LINE('',#10143,#10144);
#8083=FILL_AREA_STYLE_COLOUR('',#10145);
#8084=VERTEX_POINT('',#10146);
#8085=LINE('',#10147,#10148);
#8086=LINE('',#10149,#10150);
#8087=FILL_AREA_STYLE_COLOUR('',#10151);
#8088=VERTEX_POINT('',#10152);
#8089=VERTEX_POINT('',#10153);
#8090=LINE('',#10154,#10155);
#8091=LINE('',#10156,#10157);
#8092=LINE('',#10158,#10159);
#8093=FILL_AREA_STYLE_COLOUR('',#10160);
#8094=LINE('',#10161,#10162);
#8095=FILL_AREA_STYLE_COLOUR('',#10163);
#8096=VERTEX_POINT('',#10164);
#8097=LINE('',#10165,#10166);
#8098=LINE('',#10167,#10168);
#8099=FILL_AREA_STYLE_COLOUR('',#10169);
#8100=LINE('',#10170,#10171);
#8101=FILL_AREA_STYLE_COLOUR('',#10172);
#8102=FILL_AREA_STYLE_COLOUR('',#10173);
#8103=VERTEX_POINT('',#10174);
#8104=LINE('',#10175,#10176);
#8105=VERTEX_POINT('',#10177);
#8106=LINE('',#10178,#10179);
#8107=VERTEX_POINT('',#10180);
#8108=LINE('',#10181,#10182);
#8109=VERTEX_POINT('',#10183);
#8110=LINE('',#10184,#10185);
#8111=LINE('',#10186,#10187);
#8112=FILL_AREA_STYLE_COLOUR('',#10188);
#8113=VERTEX_POINT('',#10189);
#8114=LINE('',#10190,#10191);
#8115=LINE('',#10192,#10193);
#8116=FILL_AREA_STYLE_COLOUR('',#10194);
#8117=VERTEX_POINT('',#10195);
#8118=VERTEX_POINT('',#10196);
#8119=LINE('',#10197,#10198);
#8120=LINE('',#10199,#10200);
#8121=LINE('',#10201,#10202);
#8122=FILL_AREA_STYLE_COLOUR('',#10203);
#8123=LINE('',#10204,#10205);
#8124=FILL_AREA_STYLE_COLOUR('',#10206);
#8125=VERTEX_POINT('',#10207);
#8126=LINE('',#10208,#10209);
#8127=LINE('',#10210,#10211);
#8128=FILL_AREA_STYLE_COLOUR('',#10212);
#8129=LINE('',#10213,#10214);
#8130=FILL_AREA_STYLE_COLOUR('',#10215);
#8131=FILL_AREA_STYLE_COLOUR('',#10216);
#8132=VERTEX_POINT('',#10217);
#8133=VERTEX_POINT('',#10218);
#8134=LINE('',#10219,#10220);
#8135=VERTEX_POINT('',#10221);
#8136=LINE('',#10222,#10223);
#8137=VERTEX_POINT('',#10224);
#8138=LINE('',#10225,#10226);
#8139=LINE('',#10227,#10228);
#8140=FILL_AREA_STYLE_COLOUR('',#10229);
#8141=VERTEX_POINT('',#10230);
#8142=LINE('',#10231,#10232);
#8143=VERTEX_POINT('',#10233);
#8144=CIRCLE('',#10234,0.499999999999999);
#8145=VERTEX_POINT('',#10235);
#8146=LINE('',#10236,#10237);
#8147=VERTEX_POINT('',#10238);
#8148=LINE('',#10239,#10240);
#8149=VERTEX_POINT('',#10241);
#8150=LINE('',#10242,#10243);
#8151=VERTEX_POINT('',#10244);
#8152=CIRCLE('',#10245,0.749999999999994);
#8153=LINE('',#10246,#10247);
#8154=FILL_AREA_STYLE_COLOUR('',#10248);
#8155=VERTEX_POINT('',#10249);
#8156=LINE('',#10250,#10251);
#8157=VERTEX_POINT('',#10252);
#8158=LINE('',#10253,#10254);
#8159=LINE('',#10255,#10256);
#8160=FILL_AREA_STYLE_COLOUR('',#10257);
#8161=VERTEX_POINT('',#10258);
#8162=LINE('',#10259,#10260);
#8163=VERTEX_POINT('',#10261);
#8164=LINE('',#10262,#10263);
#8165=LINE('',#10264,#10265);
#8166=FILL_AREA_STYLE_COLOUR('',#10266);
#8167=VERTEX_POINT('',#10267);
#8168=CIRCLE('',#10268,0.749999999999994);
#8169=LINE('',#10269,#10270);
#8170=FILL_AREA_STYLE_COLOUR('',#10271);
#8171=VERTEX_POINT('',#10272);
#8172=LINE('',#10273,#10274);
#8173=LINE('',#10275,#10276);
#8174=FILL_AREA_STYLE_COLOUR('',#10277);
#8175=CIRCLE('',#10278,0.499999999999999);
#8176=FILL_AREA_STYLE_COLOUR('',#10279);
#8177=LINE('',#10280,#10281);
#8178=LINE('',#10282,#10283);
#8179=FILL_AREA_STYLE_COLOUR('',#10284);
#8180=VERTEX_POINT('',#10285);
#8181=VERTEX_POINT('',#10286);
#8182=LINE('',#10287,#10288);
#8183=VERTEX_POINT('',#10289);
#8184=LINE('',#10290,#10291);
#8185=VERTEX_POINT('',#10292);
#8186=LINE('',#10293,#10294);
#8187=LINE('',#10295,#10296);
#8188=VERTEX_POINT('',#10297);
#8189=VERTEX_POINT('',#10298);
#8190=LINE('',#10299,#10300);
#8191=VERTEX_POINT('',#10301);
#8192=LINE('',#10302,#10303);
#8193=VERTEX_POINT('',#10304);
#8194=LINE('',#10305,#10306);
#8195=LINE('',#10307,#10308);
#8196=VERTEX_POINT('',#10309);
#8197=VERTEX_POINT('',#10310);
#8198=LINE('',#10311,#10312);
#8199=VERTEX_POINT('',#10313);
#8200=LINE('',#10314,#10315);
#8201=VERTEX_POINT('',#10316);
#8202=LINE('',#10317,#10318);
#8203=LINE('',#10319,#10320);
#8204=FILL_AREA_STYLE_COLOUR('',#10321);
#8205=VERTEX_POINT('',#10322);
#8206=LINE('',#10323,#10324);
#8207=VERTEX_POINT('',#10325);
#8208=LINE('',#10326,#10327);
#8209=LINE('',#10328,#10329);
#8210=FILL_AREA_STYLE_COLOUR('',#10330);
#8211=VERTEX_POINT('',#10331);
#8212=CIRCLE('',#10332,0.499999999999999);
#8213=LINE('',#10333,#10334);
#8214=VERTEX_POINT('',#10335);
#8215=LINE('',#10336,#10337);
#8216=VERTEX_POINT('',#10338);
#8217=CIRCLE('',#10339,0.749999999999994);
#8218=LINE('',#10340,#10341);
#8219=FILL_AREA_STYLE_COLOUR('',#10342);
#8220=VERTEX_POINT('',#10343);
#8221=LINE('',#10344,#10345);
#8222=LINE('',#10346,#10347);
#8223=FILL_AREA_STYLE_COLOUR('',#10348);
#8224=VERTEX_POINT('',#10349);
#8225=LINE('',#10350,#10351);
#8226=LINE('',#10352,#10353);
#8227=FILL_AREA_STYLE_COLOUR('',#10354);
#8228=VERTEX_POINT('',#10355);
#8229=CIRCLE('',#10356,0.749999999999994);
#8230=LINE('',#10357,#10358);
#8231=FILL_AREA_STYLE_COLOUR('',#10359);
#8232=LINE('',#10360,#10361);
#8233=FILL_AREA_STYLE_COLOUR('',#10362);
#8234=CIRCLE('',#10363,0.499999999999999);
#8235=FILL_AREA_STYLE_COLOUR('',#10364);
#8236=FILL_AREA_STYLE_COLOUR('',#10365);
#8237=VERTEX_POINT('',#10366);
#8238=VERTEX_POINT('',#10367);
#8239=LINE('',#10368,#10369);
#8240=VERTEX_POINT('',#10370);
#8241=LINE('',#10371,#10372);
#8242=VERTEX_POINT('',#10373);
#8243=LINE('',#10374,#10375);
#8244=LINE('',#10376,#10377);
#8245=FILL_AREA_STYLE_COLOUR('',#10378);
#8246=VERTEX_POINT('',#10379);
#8247=LINE('',#10380,#10381);
#8248=VERTEX_POINT('',#10382);
#8249=CIRCLE('',#10383,0.499999999999999);
#8250=VERTEX_POINT('',#10384);
#8251=LINE('',#10385,#10386);
#8252=VERTEX_POINT('',#10387);
#8253=LINE('',#10388,#10389);
#8254=VERTEX_POINT('',#10390);
#8255=LINE('',#10391,#10392);
#8256=VERTEX_POINT('',#10393);
#8257=CIRCLE('',#10394,0.749999999999994);
#8258=LINE('',#10395,#10396);
#8259=FILL_AREA_STYLE_COLOUR('',#10397);
#8260=VERTEX_POINT('',#10398);
#8261=LINE('',#10399,#10400);
#8262=VERTEX_POINT('',#10401);
#8263=LINE('',#10402,#10403);
#8264=LINE('',#10404,#10405);
#8265=FILL_AREA_STYLE_COLOUR('',#10406);
#8266=VERTEX_POINT('',#10407);
#8267=LINE('',#10408,#10409);
#8268=VERTEX_POINT('',#10410);
#8269=LINE('',#10411,#10412);
#8270=LINE('',#10413,#10414);
#8271=FILL_AREA_STYLE_COLOUR('',#10415);
#8272=VERTEX_POINT('',#10416);
#8273=CIRCLE('',#10417,0.749999999999994);
#8274=LINE('',#10418,#10419);
#8275=FILL_AREA_STYLE_COLOUR('',#10420);
#8276=VERTEX_POINT('',#10421);
#8277=LINE('',#10422,#10423);
#8278=LINE('',#10424,#10425);
#8279=FILL_AREA_STYLE_COLOUR('',#10426);
#8280=CIRCLE('',#10427,0.499999999999999);
#8281=FILL_AREA_STYLE_COLOUR('',#10428);
#8282=LINE('',#10429,#10430);
#8283=LINE('',#10431,#10432);
#8284=FILL_AREA_STYLE_COLOUR('',#10433);
#8285=VERTEX_POINT('',#10434);
#8286=VERTEX_POINT('',#10435);
#8287=LINE('',#10436,#10437);
#8288=VERTEX_POINT('',#10438);
#8289=LINE('',#10439,#10440);
#8290=VERTEX_POINT('',#10441);
#8291=LINE('',#10442,#10443);
#8292=LINE('',#10444,#10445);
#8293=VERTEX_POINT('',#10446);
#8294=VERTEX_POINT('',#10447);
#8295=LINE('',#10448,#10449);
#8296=VERTEX_POINT('',#10450);
#8297=LINE('',#10451,#10452);
#8298=VERTEX_POINT('',#10453);
#8299=LINE('',#10454,#10455);
#8300=LINE('',#10456,#10457);
#8301=VERTEX_POINT('',#10458);
#8302=VERTEX_POINT('',#10459);
#8303=LINE('',#10460,#10461);
#8304=VERTEX_POINT('',#10462);
#8305=LINE('',#10463,#10464);
#8306=VERTEX_POINT('',#10465);
#8307=LINE('',#10466,#10467);
#8308=LINE('',#10468,#10469);
#8309=FILL_AREA_STYLE_COLOUR('',#10470);
#8310=VERTEX_POINT('',#10471);
#8311=LINE('',#10472,#10473);
#8312=VERTEX_POINT('',#10474);
#8313=LINE('',#10475,#10476);
#8314=LINE('',#10477,#10478);
#8315=FILL_AREA_STYLE_COLOUR('',#10479);
#8316=VERTEX_POINT('',#10480);
#8317=CIRCLE('',#10481,0.499999999999999);
#8318=LINE('',#10482,#10483);
#8319=VERTEX_POINT('',#10484);
#8320=LINE('',#10485,#10486);
#8321=VERTEX_POINT('',#10487);
#8322=CIRCLE('',#10488,0.749999999999994);
#8323=LINE('',#10489,#10490);
#8324=FILL_AREA_STYLE_COLOUR('',#10491);
#8325=VERTEX_POINT('',#10492);
#8326=LINE('',#10493,#10494);
#8327=LINE('',#10495,#10496);
#8328=FILL_AREA_STYLE_COLOUR('',#10497);
#8329=VERTEX_POINT('',#10498);
#8330=LINE('',#10499,#10500);
#8331=LINE('',#10501,#10502);
#8332=FILL_AREA_STYLE_COLOUR('',#10503);
#8333=VERTEX_POINT('',#10504);
#8334=CIRCLE('',#10505,0.749999999999994);
#8335=LINE('',#10506,#10507);
#8336=FILL_AREA_STYLE_COLOUR('',#10508);
#8337=LINE('',#10509,#10510);
#8338=FILL_AREA_STYLE_COLOUR('',#10511);
#8339=CIRCLE('',#10512,0.499999999999999);
#8340=FILL_AREA_STYLE_COLOUR('',#10513);
#8341=FILL_AREA_STYLE_COLOUR('',#10514);
#8342=LINE('',#10515,#10516);
#8343=VERTEX_POINT('',#10517);
#8344=LINE('',#10518,#10519);
#8345=VERTEX_POINT('',#10520);
#8346=LINE('',#10521,#10522);
#8347=LINE('',#10523,#10524);
#8348=FILL_AREA_STYLE_COLOUR('',#10525);
#8349=VERTEX_POINT('',#10526);
#8350=LINE('',#10527,#10528);
#8351=LINE('',#10529,#10530);
#8352=FILL_AREA_STYLE_COLOUR('',#10531);
#8353=VERTEX_POINT('',#10532);
#8354=LINE('',#10533,#10534);
#8355=LINE('',#10535,#10536);
#8356=FILL_AREA_STYLE_COLOUR('',#10537);
#8357=LINE('',#10538,#10539);
#8358=FILL_AREA_STYLE_COLOUR('',#10540);
#8359=LINE('',#10541,#10542);
#8360=FILL_AREA_STYLE_COLOUR('',#10543);
#8361=VERTEX_POINT('',#10544);
#8362=VERTEX_POINT('',#10545);
#8363=LINE('',#10546,#10547);
#8364=VERTEX_POINT('',#10548);
#8365=LINE('',#10549,#10550);
#8366=VERTEX_POINT('',#10551);
#8367=LINE('',#10552,#10553);
#8368=LINE('',#10554,#10555);
#8369=FILL_AREA_STYLE_COLOUR('',#10556);
#8370=VERTEX_POINT('',#10557);
#8371=LINE('',#10558,#10559);
#8372=VERTEX_POINT('',#10560);
#8373=LINE('',#10561,#10562);
#8374=LINE('',#10563,#10564);
#8375=LINE('',#10565,#10566);
#8376=FILL_AREA_STYLE_COLOUR('',#10567);
#8377=VERTEX_POINT('',#10568);
#8378=LINE('',#10569,#10570);
#8379=LINE('',#10571,#10572);
#8380=FILL_AREA_STYLE_COLOUR('',#10573);
#8381=VERTEX_POINT('',#10574);
#8382=LINE('',#10575,#10576);
#8383=LINE('',#10577,#10578);
#8384=FILL_AREA_STYLE_COLOUR('',#10579);
#8385=VERTEX_POINT('',#10580);
#8386=LINE('',#10581,#10582);
#8387=LINE('',#10583,#10584);
#8388=FILL_AREA_STYLE_COLOUR('',#10585);
#8389=VERTEX_POINT('',#10586);
#8390=LINE('',#10587,#10588);
#8391=LINE('',#10589,#10590);
#8392=LINE('',#10591,#10592);
#8393=FILL_AREA_STYLE_COLOUR('',#10593);
#8394=VERTEX_POINT('',#10594);
#8395=LINE('',#10595,#10596);
#8396=LINE('',#10597,#10598);
#8397=FILL_AREA_STYLE_COLOUR('',#10599);
#8398=VERTEX_POINT('',#10600);
#8399=LINE('',#10601,#10602);
#8400=LINE('',#10603,#10604);
#8401=FILL_AREA_STYLE_COLOUR('',#10605);
#8402=VERTEX_POINT('',#10606);
#8403=LINE('',#10607,#10608);
#8404=LINE('',#10609,#10610);
#8405=FILL_AREA_STYLE_COLOUR('',#10611);
#8406=VERTEX_POINT('',#10612);
#8407=LINE('',#10613,#10614);
#8408=LINE('',#10615,#10616);
#8409=FILL_AREA_STYLE_COLOUR('',#10617);
#8410=VERTEX_POINT('',#10618);
#8411=LINE('',#10619,#10620);
#8412=LINE('',#10621,#10622);
#8413=FILL_AREA_STYLE_COLOUR('',#10623);
#8414=LINE('',#10624,#10625);
#8415=LINE('',#10626,#10627);
#8416=FILL_AREA_STYLE_COLOUR('',#10628);
#8417=FILL_AREA_STYLE_COLOUR('',#10629);
#8418=VERTEX_POINT('',#10630);
#8419=LINE('',#10631,#10632);
#8420=VERTEX_POINT('',#10633);
#8421=LINE('',#10634,#10635);
#8422=LINE('',#10636,#10637);
#8423=FILL_AREA_STYLE_COLOUR('',#10638);
#8424=VERTEX_POINT('',#10639);
#8425=LINE('',#10640,#10641);
#8426=LINE('',#10642,#10643);
#8427=FILL_AREA_STYLE_COLOUR('',#10644);
#8428=VERTEX_POINT('',#10645);
#8429=LINE('',#10646,#10647);
#8430=LINE('',#10648,#10649);
#8431=FILL_AREA_STYLE_COLOUR('',#10650);
#8432=LINE('',#10651,#10652);
#8433=FILL_AREA_STYLE_COLOUR('',#10653);
#8434=FILL_AREA_STYLE_COLOUR('',#10654);
#8435=VERTEX_POINT('',#10655);
#8436=LINE('',#10656,#10657);
#8437=VERTEX_POINT('',#10658);
#8438=LINE('',#10659,#10660);
#8439=LINE('',#10661,#10662);
#8440=FILL_AREA_STYLE_COLOUR('',#10663);
#8441=VERTEX_POINT('',#10664);
#8442=LINE('',#10665,#10666);
#8443=LINE('',#10667,#10668);
#8444=FILL_AREA_STYLE_COLOUR('',#10669);
#8445=VERTEX_POINT('',#10670);
#8446=LINE('',#10671,#10672);
#8447=LINE('',#10673,#10674);
#8448=FILL_AREA_STYLE_COLOUR('',#10675);
#8449=LINE('',#10676,#10677);
#8450=FILL_AREA_STYLE_COLOUR('',#10678);
#8451=FILL_AREA_STYLE_COLOUR('',#10679);
#8452=VERTEX_POINT('',#10680);
#8453=LINE('',#10681,#10682);
#8454=VERTEX_POINT('',#10683);
#8455=LINE('',#10684,#10685);
#8456=LINE('',#10686,#10687);
#8457=FILL_AREA_STYLE_COLOUR('',#10688);
#8458=VERTEX_POINT('',#10689);
#8459=LINE('',#10690,#10691);
#8460=LINE('',#10692,#10693);
#8461=FILL_AREA_STYLE_COLOUR('',#10694);
#8462=VERTEX_POINT('',#10695);
#8463=LINE('',#10696,#10697);
#8464=LINE('',#10698,#10699);
#8465=FILL_AREA_STYLE_COLOUR('',#10700);
#8466=LINE('',#10701,#10702);
#8467=FILL_AREA_STYLE_COLOUR('',#10703);
#8468=FILL_AREA_STYLE_COLOUR('',#10704);
#8469=VERTEX_POINT('',#10705);
#8470=LINE('',#10706,#10707);
#8471=VERTEX_POINT('',#10708);
#8472=LINE('',#10709,#10710);
#8473=LINE('',#10711,#10712);
#8474=FILL_AREA_STYLE_COLOUR('',#10713);
#8475=VERTEX_POINT('',#10714);
#8476=LINE('',#10715,#10716);
#8477=LINE('',#10717,#10718);
#8478=FILL_AREA_STYLE_COLOUR('',#10719);
#8479=VERTEX_POINT('',#10720);
#8480=LINE('',#10721,#10722);
#8481=LINE('',#10723,#10724);
#8482=FILL_AREA_STYLE_COLOUR('',#10725);
#8483=LINE('',#10726,#10727);
#8484=FILL_AREA_STYLE_COLOUR('',#10728);
#8485=FILL_AREA_STYLE_COLOUR('',#10729);
#8486=VERTEX_POINT('',#10730);
#8487=LINE('',#10731,#10732);
#8488=VERTEX_POINT('',#10733);
#8489=LINE('',#10734,#10735);
#8490=LINE('',#10736,#10737);
#8491=FILL_AREA_STYLE_COLOUR('',#10738);
#8492=VERTEX_POINT('',#10739);
#8493=LINE('',#10740,#10741);
#8494=LINE('',#10742,#10743);
#8495=FILL_AREA_STYLE_COLOUR('',#10744);
#8496=VERTEX_POINT('',#10745);
#8497=LINE('',#10746,#10747);
#8498=LINE('',#10748,#10749);
#8499=FILL_AREA_STYLE_COLOUR('',#10750);
#8500=LINE('',#10751,#10752);
#8501=FILL_AREA_STYLE_COLOUR('',#10753);
#8502=FILL_AREA_STYLE_COLOUR('',#10754);
#8503=VERTEX_POINT('',#10755);
#8504=LINE('',#10756,#10757);
#8505=VERTEX_POINT('',#10758);
#8506=LINE('',#10759,#10760);
#8507=LINE('',#10761,#10762);
#8508=FILL_AREA_STYLE_COLOUR('',#10763);
#8509=VERTEX_POINT('',#10764);
#8510=LINE('',#10765,#10766);
#8511=LINE('',#10767,#10768);
#8512=FILL_AREA_STYLE_COLOUR('',#10769);
#8513=VERTEX_POINT('',#10770);
#8514=LINE('',#10771,#10772);
#8515=LINE('',#10773,#10774);
#8516=FILL_AREA_STYLE_COLOUR('',#10775);
#8517=LINE('',#10776,#10777);
#8518=FILL_AREA_STYLE_COLOUR('',#10778);
#8519=FILL_AREA_STYLE_COLOUR('',#10779);
#8520=VERTEX_POINT('',#10780);
#8521=LINE('',#10781,#10782);
#8522=VERTEX_POINT('',#10783);
#8523=LINE('',#10784,#10785);
#8524=LINE('',#10786,#10787);
#8525=FILL_AREA_STYLE_COLOUR('',#10788);
#8526=VERTEX_POINT('',#10789);
#8527=LINE('',#10790,#10791);
#8528=LINE('',#10792,#10793);
#8529=FILL_AREA_STYLE_COLOUR('',#10794);
#8530=VERTEX_POINT('',#10795);
#8531=LINE('',#10796,#10797);
#8532=LINE('',#10798,#10799);
#8533=FILL_AREA_STYLE_COLOUR('',#10800);
#8534=LINE('',#10801,#10802);
#8535=FILL_AREA_STYLE_COLOUR('',#10803);
#8536=FILL_AREA_STYLE_COLOUR('',#10804);
#8537=VERTEX_POINT('',#10805);
#8538=LINE('',#10806,#10807);
#8539=VERTEX_POINT('',#10808);
#8540=LINE('',#10809,#10810);
#8541=LINE('',#10811,#10812);
#8542=FILL_AREA_STYLE_COLOUR('',#10813);
#8543=VERTEX_POINT('',#10814);
#8544=LINE('',#10815,#10816);
#8545=LINE('',#10817,#10818);
#8546=FILL_AREA_STYLE_COLOUR('',#10819);
#8547=VERTEX_POINT('',#10820);
#8548=LINE('',#10821,#10822);
#8549=LINE('',#10823,#10824);
#8550=FILL_AREA_STYLE_COLOUR('',#10825);
#8551=LINE('',#10826,#10827);
#8552=FILL_AREA_STYLE_COLOUR('',#10828);
#8553=FILL_AREA_STYLE_COLOUR('',#10829);
#8554=VERTEX_POINT('',#10830);
#8555=LINE('',#10831,#10832);
#8556=VERTEX_POINT('',#10833);
#8557=LINE('',#10834,#10835);
#8558=LINE('',#10836,#10837);
#8559=FILL_AREA_STYLE_COLOUR('',#10838);
#8560=VERTEX_POINT('',#10839);
#8561=LINE('',#10840,#10841);
#8562=LINE('',#10842,#10843);
#8563=FILL_AREA_STYLE_COLOUR('',#10844);
#8564=VERTEX_POINT('',#10845);
#8565=LINE('',#10846,#10847);
#8566=CIRCLE('',#10848,0.6);
#8567=FILL_AREA_STYLE_COLOUR('',#10849);
#8568=LINE('',#10850,#10851);
#8569=FILL_AREA_STYLE_COLOUR('',#10852);
#8570=FILL_AREA_STYLE_COLOUR('',#10853);
#8571=VERTEX_POINT('',#10854);
#8572=LINE('',#10855,#10856);
#8573=VERTEX_POINT('',#10857);
#8574=LINE('',#10858,#10859);
#8575=LINE('',#10860,#10861);
#8576=FILL_AREA_STYLE_COLOUR('',#10862);
#8577=VERTEX_POINT('',#10863);
#8578=LINE('',#10864,#10865);
#8579=LINE('',#10866,#10867);
#8580=FILL_AREA_STYLE_COLOUR('',#10868);
#8581=VERTEX_POINT('',#10869);
#8582=LINE('',#10870,#10871);
#8583=CIRCLE('',#10872,0.6);
#8584=FILL_AREA_STYLE_COLOUR('',#10873);
#8585=LINE('',#10874,#10875);
#8586=FILL_AREA_STYLE_COLOUR('',#10876);
#8587=FILL_AREA_STYLE_COLOUR('',#10877);
#8588=VERTEX_POINT('',#10878);
#8589=LINE('',#10879,#10880);
#8590=VERTEX_POINT('',#10881);
#8591=LINE('',#10882,#10883);
#8592=LINE('',#10884,#10885);
#8593=FILL_AREA_STYLE_COLOUR('',#10886);
#8594=VERTEX_POINT('',#10887);
#8595=LINE('',#10888,#10889);
#8596=LINE('',#10890,#10891);
#8597=FILL_AREA_STYLE_COLOUR('',#10892);
#8598=VERTEX_POINT('',#10893);
#8599=LINE('',#10894,#10895);
#8600=CIRCLE('',#10896,0.6);
#8601=FILL_AREA_STYLE_COLOUR('',#10897);
#8602=LINE('',#10898,#10899);
#8603=FILL_AREA_STYLE_COLOUR('',#10900);
#8604=FILL_AREA_STYLE_COLOUR('',#10901);
#8605=VERTEX_POINT('',#10902);
#8606=LINE('',#10903,#10904);
#8607=LINE('',#10905,#10906);
#8608=FILL_AREA_STYLE_COLOUR('',#10907);
#8609=VERTEX_POINT('',#10908);
#8610=LINE('',#10909,#10910);
#8611=LINE('',#10911,#10912);
#8612=FILL_AREA_STYLE_COLOUR('',#10913);
#8613=VERTEX_POINT('',#10914);
#8614=CIRCLE('',#10915,0.150000000000001);
#8615=VERTEX_POINT('',#10916);
#8616=LINE('',#10917,#10918);
#8617=CIRCLE('',#10919,0.150000000000001);
#8618=FILL_AREA_STYLE_COLOUR('',#10920);
#8619=VERTEX_POINT('',#10921);
#8620=LINE('',#10922,#10923);
#8621=VERTEX_POINT('',#10924);
#8622=LINE('',#10925,#10926);
#8623=VERTEX_POINT('',#10927);
#8624=LINE('',#10928,#10929);
#8625=LINE('',#10930,#10931);
#8626=FILL_AREA_STYLE_COLOUR('',#10932);
#8627=VERTEX_POINT('',#10933);
#8628=LINE('',#10934,#10935);
#8629=CIRCLE('',#10936,0.500000000000001);
#8630=FILL_AREA_STYLE_COLOUR('',#10937);
#8631=VERTEX_POINT('',#10938);
#8632=LINE('',#10939,#10940);
#8633=LINE('',#10941,#10942);
#8634=FILL_AREA_STYLE_COLOUR('',#10943);
#8635=VERTEX_POINT('',#10944);
#8636=LINE('',#10945,#10946);
#8637=CIRCLE('',#10947,0.5);
#8638=FILL_AREA_STYLE_COLOUR('',#10948);
#8639=VERTEX_POINT('',#10949);
#8640=CIRCLE('',#10950,0.15);
#8641=VERTEX_POINT('',#10951);
#8642=LINE('',#10952,#10953);
#8643=VERTEX_POINT('',#10954);
#8644=LINE('',#10955,#10956);
#8645=VERTEX_POINT('',#10957);
#8646=LINE('',#10958,#10959);
#8647=VERTEX_POINT('',#10960);
#8648=LINE('',#10961,#10962);
#8649=VERTEX_POINT('',#10963);
#8650=LINE('',#10964,#10965);
#8651=VERTEX_POINT('',#10966);
#8652=LINE('',#10967,#10968);
#8653=LINE('',#10969,#10970);
#8654=VERTEX_POINT('',#10971);
#8655=CIRCLE('',#10972,0.15);
#8656=VERTEX_POINT('',#10973);
#8657=LINE('',#10974,#10975);
#8658=LINE('',#10976,#10977);
#8659=FILL_AREA_STYLE_COLOUR('',#10978);
#8660=VERTEX_POINT('',#10979);
#8661=LINE('',#10980,#10981);
#8662=CIRCLE('',#10982,0.15);
#8663=VERTEX_POINT('',#10983);
#8664=LINE('',#10984,#10985);
#8665=VERTEX_POINT('',#10986);
#8666=LINE('',#10987,#10988);
#8667=VERTEX_POINT('',#10989);
#8668=LINE('',#10990,#10991);
#8669=VERTEX_POINT('',#10992);
#8670=LINE('',#10993,#10994);
#8671=VERTEX_POINT('',#10995);
#8672=LINE('',#10996,#10997);
#8673=VERTEX_POINT('',#10998);
#8674=LINE('',#10999,#11000);
#8675=LINE('',#11001,#11002);
#8676=FILL_AREA_STYLE_COLOUR('',#11003);
#8677=VERTEX_POINT('',#11004);
#8678=LINE('',#11005,#11006);
#8679=LINE('',#11007,#11008);
#8680=FILL_AREA_STYLE_COLOUR('',#11009);
#8681=VERTEX_POINT('',#11010);
#8682=LINE('',#11011,#11012);
#8683=VERTEX_POINT('',#11013);
#8684=LINE('',#11014,#11015);
#8685=LINE('',#11016,#11017);
#8686=FILL_AREA_STYLE_COLOUR('',#11018);
#8687=VERTEX_POINT('',#11019);
#8688=LINE('',#11020,#11021);
#8689=LINE('',#11022,#11023);
#8690=FILL_AREA_STYLE_COLOUR('',#11024);
#8691=VERTEX_POINT('',#11025);
#8692=LINE('',#11026,#11027);
#8693=VERTEX_POINT('',#11028);
#8694=LINE('',#11029,#11030);
#8695=LINE('',#11031,#11032);
#8696=FILL_AREA_STYLE_COLOUR('',#11033);
#8697=VERTEX_POINT('',#11034);
#8698=LINE('',#11035,#11036);
#8699=LINE('',#11037,#11038);
#8700=FILL_AREA_STYLE_COLOUR('',#11039);
#8701=VERTEX_POINT('',#11040);
#8702=LINE('',#11041,#11042);
#8703=VERTEX_POINT('',#11043);
#8704=LINE('',#11044,#11045);
#8705=LINE('',#11046,#11047);
#8706=FILL_AREA_STYLE_COLOUR('',#11048);
#8707=VERTEX_POINT('',#11049);
#8708=LINE('',#11050,#11051);
#8709=LINE('',#11052,#11053);
#8710=FILL_AREA_STYLE_COLOUR('',#11054);
#8711=VERTEX_POINT('',#11055);
#8712=LINE('',#11056,#11057);
#8713=VERTEX_POINT('',#11058);
#8714=LINE('',#11059,#11060);
#8715=LINE('',#11061,#11062);
#8716=FILL_AREA_STYLE_COLOUR('',#11063);
#8717=VERTEX_POINT('',#11064);
#8718=LINE('',#11065,#11066);
#8719=LINE('',#11067,#11068);
#8720=FILL_AREA_STYLE_COLOUR('',#11069);
#8721=VERTEX_POINT('',#11070);
#8722=LINE('',#11071,#11072);
#8723=VERTEX_POINT('',#11073);
#8724=LINE('',#11074,#11075);
#8725=LINE('',#11076,#11077);
#8726=FILL_AREA_STYLE_COLOUR('',#11078);
#8727=VERTEX_POINT('',#11079);
#8728=LINE('',#11080,#11081);
#8729=VERTEX_POINT('',#11082);
#8730=LINE('',#11083,#11084);
#8731=LINE('',#11085,#11086);
#8732=FILL_AREA_STYLE_COLOUR('',#11087);
#8733=VERTEX_POINT('',#11088);
#8734=LINE('',#11089,#11090);
#8735=LINE('',#11091,#11092);
#8736=FILL_AREA_STYLE_COLOUR('',#11093);
#8737=VERTEX_POINT('',#11094);
#8738=LINE('',#11095,#11096);
#8739=LINE('',#11097,#11098);
#8740=FILL_AREA_STYLE_COLOUR('',#11099);
#8741=VERTEX_POINT('',#11100);
#8742=LINE('',#11101,#11102);
#8743=LINE('',#11103,#11104);
#8744=FILL_AREA_STYLE_COLOUR('',#11105);
#8745=LINE('',#11106,#11107);
#8746=FILL_AREA_STYLE_COLOUR('',#11108);
#8747=VERTEX_POINT('',#11109);
#8748=LINE('',#11110,#11111);
#8749=VERTEX_POINT('',#11112);
#8750=LINE('',#11113,#11114);
#8751=LINE('',#11115,#11116);
#8752=FILL_AREA_STYLE_COLOUR('',#11117);
#8753=VERTEX_POINT('',#11118);
#8754=LINE('',#11119,#11120);
#8755=LINE('',#11121,#11122);
#8756=FILL_AREA_STYLE_COLOUR('',#11123);
#8757=VERTEX_POINT('',#11124);
#8758=LINE('',#11125,#11126);
#8759=VERTEX_POINT('',#11127);
#8760=LINE('',#11128,#11129);
#8761=LINE('',#11130,#11131);
#8762=FILL_AREA_STYLE_COLOUR('',#11132);
#8763=VERTEX_POINT('',#11133);
#8764=LINE('',#11134,#11135);
#8765=VERTEX_POINT('',#11136);
#8766=LINE('',#11137,#11138);
#8767=VERTEX_POINT('',#11139);
#8768=LINE('',#11140,#11141);
#8769=LINE('',#11142,#11143);
#8770=FILL_AREA_STYLE_COLOUR('',#11144);
#8771=VERTEX_POINT('',#11145);
#8772=LINE('',#11146,#11147);
#8773=VERTEX_POINT('',#11148);
#8774=LINE('',#11149,#11150);
#8775=LINE('',#11151,#11152);
#8776=FILL_AREA_STYLE_COLOUR('',#11153);
#8777=VERTEX_POINT('',#11154);
#8778=LINE('',#11155,#11156);
#8779=LINE('',#11157,#11158);
#8780=FILL_AREA_STYLE_COLOUR('',#11159);
#8781=VERTEX_POINT('',#11160);
#8782=LINE('',#11161,#11162);
#8783=LINE('',#11163,#11164);
#8784=FILL_AREA_STYLE_COLOUR('',#11165);
#8785=VERTEX_POINT('',#11166);
#8786=LINE('',#11167,#11168);
#8787=LINE('',#11169,#11170);
#8788=FILL_AREA_STYLE_COLOUR('',#11171);
#8789=VERTEX_POINT('',#11172);
#8790=LINE('',#11173,#11174);
#8791=LINE('',#11175,#11176);
#8792=FILL_AREA_STYLE_COLOUR('',#11177);
#8793=VERTEX_POINT('',#11178);
#8794=LINE('',#11179,#11180);
#8795=LINE('',#11181,#11182);
#8796=FILL_AREA_STYLE_COLOUR('',#11183);
#8797=VERTEX_POINT('',#11184);
#8798=LINE('',#11185,#11186);
#8799=LINE('',#11187,#11188);
#8800=FILL_AREA_STYLE_COLOUR('',#11189);
#8801=VERTEX_POINT('',#11190);
#8802=LINE('',#11191,#11192);
#8803=LINE('',#11193,#11194);
#8804=FILL_AREA_STYLE_COLOUR('',#11195);
#8805=VERTEX_POINT('',#11196);
#8806=LINE('',#11197,#11198);
#8807=CIRCLE('',#11199,0.500000000000002);
#8808=FILL_AREA_STYLE_COLOUR('',#11200);
#8809=VERTEX_POINT('',#11201);
#8810=LINE('',#11202,#11203);
#8811=LINE('',#11204,#11205);
#8812=FILL_AREA_STYLE_COLOUR('',#11206);
#8813=VERTEX_POINT('',#11207);
#8814=LINE('',#11208,#11209);
#8815=LINE('',#11210,#11211);
#8816=FILL_AREA_STYLE_COLOUR('',#11212);
#8817=VERTEX_POINT('',#11213);
#8818=LINE('',#11214,#11215);
#8819=LINE('',#11216,#11217);
#8820=FILL_AREA_STYLE_COLOUR('',#11218);
#8821=VERTEX_POINT('',#11219);
#8822=LINE('',#11220,#11221);
#8823=CIRCLE('',#11222,0.65);
#8824=FILL_AREA_STYLE_COLOUR('',#11223);
#8825=VERTEX_POINT('',#11224);
#8826=LINE('',#11225,#11226);
#8827=LINE('',#11227,#11228);
#8828=FILL_AREA_STYLE_COLOUR('',#11229);
#8829=VERTEX_POINT('',#11230);
#8830=LINE('',#11231,#11232);
#8831=VERTEX_POINT('',#11233);
#8832=LINE('',#11234,#11235);
#8833=LINE('',#11236,#11237);
#8834=FILL_AREA_STYLE_COLOUR('',#11238);
#8835=VERTEX_POINT('',#11239);
#8836=LINE('',#11240,#11241);
#8837=CIRCLE('',#11242,0.25);
#8838=FILL_AREA_STYLE_COLOUR('',#11243);
#8839=VERTEX_POINT('',#11244);
#8840=LINE('',#11245,#11246);
#8841=LINE('',#11247,#11248);
#8842=FILL_AREA_STYLE_COLOUR('',#11249);
#8843=VERTEX_POINT('',#11250);
#8844=LINE('',#11251,#11252);
#8845=VERTEX_POINT('',#11253);
#8846=LINE('',#11254,#11255);
#8847=LINE('',#11256,#11257);
#8848=FILL_AREA_STYLE_COLOUR('',#11258);
#8849=VERTEX_POINT('',#11259);
#8850=VERTEX_POINT('',#11260);
#8851=LINE('',#11261,#11262);
#8852=VERTEX_POINT('',#11263);
#8853=CIRCLE('',#11264,2.18586806765227);
#8854=VERTEX_POINT('',#11265);
#8855=ELLIPSE('',#11266,2.19312399157833,2.18586806765227);
#8856=VERTEX_POINT('',#11267);
#8857=LINE('',#11268,#11269);
#8858=VERTEX_POINT('',#11270);
#8859=ELLIPSE('',#11271,2.19312399157833,2.18586806765227);
#8860=CIRCLE('',#11272,2.18586806765227);
#8861=FILL_AREA_STYLE_COLOUR('',#11273);
#8862=VERTEX_POINT('',#11274);
#8863=LINE('',#11275,#11276);
#8864=VERTEX_POINT('',#11277);
#8865=CIRCLE('',#11278,2.60949752846318);
#8866=LINE('',#11279,#11280);
#8867=FILL_AREA_STYLE_COLOUR('',#11281);
#8868=VERTEX_POINT('',#11282);
#8869=LINE('',#11283,#11284);
#8870=VERTEX_POINT('',#11285);
#8871=LINE('',#11286,#11287);
#8872=CIRCLE('',#11288,2.60949752846318);
#8873=FILL_AREA_STYLE_COLOUR('',#11289);
#8874=VERTEX_POINT('',#11290);
#8875=LINE('',#11291,#11292);
#8876=VERTEX_POINT('',#11293);
#8877=ELLIPSE('',#11294,0.60361283221562,0.601615786536412);
#8878=VERTEX_POINT('',#11295);
#8879=LINE('',#11296,#11297);
#8880=ELLIPSE('',#11298,2.61815967776303,2.60949752846318);
#8881=LINE('',#11299,#11300);
#8882=VERTEX_POINT('',#11301);
#8883=ELLIPSE('',#11302,0.901525089017591,0.898542404277256);
#8884=VERTEX_POINT('',#11303);
#8885=LINE('',#11304,#11305);
#8886=LINE('',#11306,#11307);
#8887=FILL_AREA_STYLE_COLOUR('',#11308);
#8888=VERTEX_POINT('',#11309);
#8889=ELLIPSE('',#11310,0.637867757176335,0.5);
#8890=VERTEX_POINT('',#11311);
#8891=ELLIPSE('',#11312,0.637867757176335,0.5);
#8892=LINE('',#11313,#11314);
#8893=FILL_AREA_STYLE_COLOUR('',#11315);
#8894=VERTEX_POINT('',#11316);
#8895=LINE('',#11317,#11318);
#8896=VERTEX_POINT('',#11319);
#8897=LINE('',#11320,#11321);
#8898=LINE('',#11322,#11323);
#8899=FILL_AREA_STYLE_COLOUR('',#11324);
#8900=VERTEX_POINT('',#11325);
#8901=ELLIPSE('',#11326,0.637867757176335,0.5);
#8902=VERTEX_POINT('',#11327);
#8903=ELLIPSE('',#11328,0.637867757176335,0.5);
#8904=LINE('',#11329,#11330);
#8905=FILL_AREA_STYLE_COLOUR('',#11331);
#8906=LINE('',#11332,#11333);
#8907=VERTEX_POINT('',#11334);
#8908=LINE('',#11335,#11336);
#8909=ELLIPSE('',#11337,0.901525089017591,0.898542404277256);
#8910=LINE('',#11338,#11339);
#8911=VERTEX_POINT('',#11340);
#8912=ELLIPSE('',#11341,2.61815967776303,2.60949752846318);
#8913=VERTEX_POINT('',#11342);
#8914=LINE('',#11343,#11344);
#8915=ELLIPSE('',#11345,0.60361283221562,0.601615786536412);
#8916=FILL_AREA_STYLE_COLOUR('',#11346);
#8917=LINE('',#11347,#11348);
#8918=FILL_AREA_STYLE_COLOUR('',#11349);
#8919=LINE('',#11350,#11351);
#8920=FILL_AREA_STYLE_COLOUR('',#11352);
#8921=LINE('',#11353,#11354);
#8922=FILL_AREA_STYLE_COLOUR('',#11355);
#8923=LINE('',#11356,#11357);
#8924=FILL_AREA_STYLE_COLOUR('',#11358);
#8925=FILL_AREA_STYLE_COLOUR('',#11359);
#8926=FILL_AREA_STYLE_COLOUR('',#11360);
#8927=FILL_AREA_STYLE_COLOUR('',#11361);
#8928=VERTEX_POINT('',#11362);
#8929=VERTEX_POINT('',#11363);
#8930=LINE('',#11364,#11365);
#8931=VERTEX_POINT('',#11366);
#8932=CIRCLE('',#11367,2.18586806765227);
#8933=VERTEX_POINT('',#11368);
#8934=ELLIPSE('',#11369,2.19312399157833,2.18586806765227);
#8935=VERTEX_POINT('',#11370);
#8936=LINE('',#11371,#11372);
#8937=VERTEX_POINT('',#11373);
#8938=ELLIPSE('',#11374,2.19312399157833,2.18586806765227);
#8939=CIRCLE('',#11375,2.18586806765227);
#8940=FILL_AREA_STYLE_COLOUR('',#11376);
#8941=VERTEX_POINT('',#11377);
#8942=LINE('',#11378,#11379);
#8943=VERTEX_POINT('',#11380);
#8944=CIRCLE('',#11381,2.60949752846318);
#8945=LINE('',#11382,#11383);
#8946=FILL_AREA_STYLE_COLOUR('',#11384);
#8947=VERTEX_POINT('',#11385);
#8948=LINE('',#11386,#11387);
#8949=VERTEX_POINT('',#11388);
#8950=LINE('',#11389,#11390);
#8951=CIRCLE('',#11391,2.60949752846318);
#8952=FILL_AREA_STYLE_COLOUR('',#11392);
#8953=VERTEX_POINT('',#11393);
#8954=LINE('',#11394,#11395);
#8955=VERTEX_POINT('',#11396);
#8956=ELLIPSE('',#11397,0.60361283221562,0.601615786536412);
#8957=VERTEX_POINT('',#11398);
#8958=LINE('',#11399,#11400);
#8959=ELLIPSE('',#11401,2.61815967776303,2.60949752846318);
#8960=LINE('',#11402,#11403);
#8961=VERTEX_POINT('',#11404);
#8962=ELLIPSE('',#11405,0.901525089017591,0.898542404277256);
#8963=VERTEX_POINT('',#11406);
#8964=LINE('',#11407,#11408);
#8965=LINE('',#11409,#11410);
#8966=FILL_AREA_STYLE_COLOUR('',#11411);
#8967=VERTEX_POINT('',#11412);
#8968=ELLIPSE('',#11413,0.637867757176335,0.5);
#8969=VERTEX_POINT('',#11414);
#8970=ELLIPSE('',#11415,0.637867757176335,0.5);
#8971=LINE('',#11416,#11417);
#8972=FILL_AREA_STYLE_COLOUR('',#11418);
#8973=VERTEX_POINT('',#11419);
#8974=LINE('',#11420,#11421);
#8975=VERTEX_POINT('',#11422);
#8976=LINE('',#11423,#11424);
#8977=LINE('',#11425,#11426);
#8978=FILL_AREA_STYLE_COLOUR('',#11427);
#8979=VERTEX_POINT('',#11428);
#8980=ELLIPSE('',#11429,0.637867757176335,0.5);
#8981=VERTEX_POINT('',#11430);
#8982=ELLIPSE('',#11431,0.637867757176335,0.5);
#8983=LINE('',#11432,#11433);
#8984=FILL_AREA_STYLE_COLOUR('',#11434);
#8985=LINE('',#11435,#11436);
#8986=VERTEX_POINT('',#11437);
#8987=LINE('',#11438,#11439);
#8988=ELLIPSE('',#11440,0.901525089017591,0.898542404277256);
#8989=LINE('',#11441,#11442);
#8990=VERTEX_POINT('',#11443);
#8991=ELLIPSE('',#11444,2.61815967776303,2.60949752846318);
#8992=VERTEX_POINT('',#11445);
#8993=LINE('',#11446,#11447);
#8994=ELLIPSE('',#11448,0.60361283221562,0.601615786536412);
#8995=FILL_AREA_STYLE_COLOUR('',#11449);
#8996=LINE('',#11450,#11451);
#8997=FILL_AREA_STYLE_COLOUR('',#11452);
#8998=LINE('',#11453,#11454);
#8999=FILL_AREA_STYLE_COLOUR('',#11455);
#9000=LINE('',#11456,#11457);
#9001=FILL_AREA_STYLE_COLOUR('',#11458);
#9002=LINE('',#11459,#11460);
#9003=FILL_AREA_STYLE_COLOUR('',#11461);
#9004=FILL_AREA_STYLE_COLOUR('',#11462);
#9005=FILL_AREA_STYLE_COLOUR('',#11463);
#9006=FILL_AREA_STYLE_COLOUR('',#11464);
#9007=VERTEX_POINT('',#11465);
#9008=VERTEX_POINT('',#11466);
#9009=LINE('',#11467,#11468);
#9010=VERTEX_POINT('',#11469);
#9011=CIRCLE('',#11470,0.5);
#9012=VERTEX_POINT('',#11471);
#9013=LINE('',#11472,#11473);
#9014=CIRCLE('',#11474,0.5);
#9015=FILL_AREA_STYLE_COLOUR('',#11475);
#9016=LINE('',#11476,#11477);
#9017=VERTEX_POINT('',#11478);
#9018=CIRCLE('',#11479,0.2);
#9019=VERTEX_POINT('',#11480);
#9020=LINE('',#11481,#11482);
#9021=VERTEX_POINT('',#11483);
#9022=LINE('',#11484,#11485);
#9023=LINE('',#11486,#11487);
#9024=FILL_AREA_STYLE_COLOUR('',#11488);
#9025=VERTEX_POINT('',#11489);
#9026=LINE('',#11490,#11491);
#9027=VERTEX_POINT('',#11492);
#9028=LINE('',#11493,#11494);
#9029=VERTEX_POINT('',#11495);
#9030=LINE('',#11496,#11497);
#9031=LINE('',#11498,#11499);
#9032=FILL_AREA_STYLE_COLOUR('',#11500);
#9033=LINE('',#11501,#11502);
#9034=VERTEX_POINT('',#11503);
#9035=LINE('',#11504,#11505);
#9036=VERTEX_POINT('',#11506);
#9037=LINE('',#11507,#11508);
#9038=VERTEX_POINT('',#11509);
#9039=LINE('',#11510,#11511);
#9040=CIRCLE('',#11512,0.2);
#9041=FILL_AREA_STYLE_COLOUR('',#11513);
#9042=VERTEX_POINT('',#11514);
#9043=LINE('',#11515,#11516);
#9044=VERTEX_POINT('',#11517);
#9045=LINE('',#11518,#11519);
#9046=VERTEX_POINT('',#11520);
#9047=LINE('',#11521,#11522);
#9048=LINE('',#11523,#11524);
#9049=FILL_AREA_STYLE_COLOUR('',#11525);
#9050=LINE('',#11526,#11527);
#9051=FILL_AREA_STYLE_COLOUR('',#11528);
#9052=LINE('',#11529,#11530);
#9053=FILL_AREA_STYLE_COLOUR('',#11531);
#9054=LINE('',#11532,#11533);
#9055=FILL_AREA_STYLE_COLOUR('',#11534);
#9056=LINE('',#11535,#11536);
#9057=FILL_AREA_STYLE_COLOUR('',#11537);
#9058=FILL_AREA_STYLE_COLOUR('',#11538);
#9059=VERTEX_POINT('',#11539);
#9060=VERTEX_POINT('',#11540);
#9061=LINE('',#11541,#11542);
#9062=VERTEX_POINT('',#11543);
#9063=CIRCLE('',#11544,0.5);
#9064=VERTEX_POINT('',#11545);
#9065=LINE('',#11546,#11547);
#9066=CIRCLE('',#11548,0.5);
#9067=FILL_AREA_STYLE_COLOUR('',#11549);
#9068=LINE('',#11550,#11551);
#9069=VERTEX_POINT('',#11552);
#9070=CIRCLE('',#11553,0.2);
#9071=VERTEX_POINT('',#11554);
#9072=LINE('',#11555,#11556);
#9073=VERTEX_POINT('',#11557);
#9074=LINE('',#11558,#11559);
#9075=LINE('',#11560,#11561);
#9076=FILL_AREA_STYLE_COLOUR('',#11562);
#9077=VERTEX_POINT('',#11563);
#9078=LINE('',#11564,#11565);
#9079=VERTEX_POINT('',#11566);
#9080=LINE('',#11567,#11568);
#9081=VERTEX_POINT('',#11569);
#9082=LINE('',#11570,#11571);
#9083=LINE('',#11572,#11573);
#9084=FILL_AREA_STYLE_COLOUR('',#11574);
#9085=LINE('',#11575,#11576);
#9086=VERTEX_POINT('',#11577);
#9087=LINE('',#11578,#11579);
#9088=VERTEX_POINT('',#11580);
#9089=LINE('',#11581,#11582);
#9090=VERTEX_POINT('',#11583);
#9091=LINE('',#11584,#11585);
#9092=CIRCLE('',#11586,0.2);
#9093=FILL_AREA_STYLE_COLOUR('',#11587);
#9094=VERTEX_POINT('',#11588);
#9095=LINE('',#11589,#11590);
#9096=VERTEX_POINT('',#11591);
#9097=LINE('',#11592,#11593);
#9098=VERTEX_POINT('',#11594);
#9099=LINE('',#11595,#11596);
#9100=LINE('',#11597,#11598);
#9101=FILL_AREA_STYLE_COLOUR('',#11599);
#9102=LINE('',#11600,#11601);
#9103=FILL_AREA_STYLE_COLOUR('',#11602);
#9104=LINE('',#11603,#11604);
#9105=FILL_AREA_STYLE_COLOUR('',#11605);
#9106=LINE('',#11606,#11607);
#9107=FILL_AREA_STYLE_COLOUR('',#11608);
#9108=LINE('',#11609,#11610);
#9109=FILL_AREA_STYLE_COLOUR('',#11611);
#9110=FILL_AREA_STYLE_COLOUR('',#11612);
#9111=VERTEX_POINT('',#11613);
#9112=LINE('',#11614,#11615);
#9113=LINE('',#11616,#11617);
#9114=FILL_AREA_STYLE_COLOUR('',#11618);
#9115=LINE('',#11619,#11620);
#9116=FILL_AREA_STYLE_COLOUR('',#11621);
#9117=VERTEX_POINT('',#11622);
#9118=LINE('',#11623,#11624);
#9119=LINE('',#11625,#11626);
#9120=FILL_AREA_STYLE_COLOUR('',#11627);
#9121=VERTEX_POINT('',#11628);
#9122=LINE('',#11629,#11630);
#9123=LINE('',#11631,#11632);
#9124=FILL_AREA_STYLE_COLOUR('',#11633);
#9125=VERTEX_POINT('',#11634);
#9126=LINE('',#11635,#11636);
#9127=LINE('',#11637,#11638);
#9128=FILL_AREA_STYLE_COLOUR('',#11639);
#9129=LINE('',#11640,#11641);
#9130=FILL_AREA_STYLE_COLOUR('',#11642);
#9131=VERTEX_POINT('',#11643);
#9132=LINE('',#11644,#11645);
#9133=LINE('',#11646,#11647);
#9134=FILL_AREA_STYLE_COLOUR('',#11648);
#9135=VERTEX_POINT('',#11649);
#9136=LINE('',#11650,#11651);
#9137=CIRCLE('',#11652,0.15);
#9138=FILL_AREA_STYLE_COLOUR('',#11653);
#9139=LINE('',#11654,#11655);
#9140=FILL_AREA_STYLE_COLOUR('',#11656);
#9141=VERTEX_POINT('',#11657);
#9142=LINE('',#11658,#11659);
#9143=LINE('',#11660,#11661);
#9144=FILL_AREA_STYLE_COLOUR('',#11662);
#9145=CIRCLE('',#11663,0.15);
#9146=FILL_AREA_STYLE_COLOUR('',#11664);
#9147=VERTEX_POINT('',#11665);
#9148=LINE('',#11666,#11667);
#9149=LINE('',#11668,#11669);
#9150=FILL_AREA_STYLE_COLOUR('',#11670);
#9151=VERTEX_POINT('',#11671);
#9152=LINE('',#11672,#11673);
#9153=LINE('',#11674,#11675);
#9154=FILL_AREA_STYLE_COLOUR('',#11676);
#9155=VERTEX_POINT('',#11677);
#9156=LINE('',#11678,#11679);
#9157=LINE('',#11680,#11681);
#9158=FILL_AREA_STYLE_COLOUR('',#11682);
#9159=CIRCLE('',#11683,0.15);
#9160=FILL_AREA_STYLE_COLOUR('',#11684);
#9161=VERTEX_POINT('',#11685);
#9162=LINE('',#11686,#11687);
#9163=LINE('',#11688,#11689);
#9164=FILL_AREA_STYLE_COLOUR('',#11690);
#9165=VERTEX_POINT('',#11691);
#9166=LINE('',#11692,#11693);
#9167=LINE('',#11694,#11695);
#9168=FILL_AREA_STYLE_COLOUR('',#11696);
#9169=VERTEX_POINT('',#11697);
#9170=LINE('',#11698,#11699);
#9171=LINE('',#11700,#11701);
#9172=FILL_AREA_STYLE_COLOUR('',#11702);
#9173=VERTEX_POINT('',#11703);
#9174=LINE('',#11704,#11705);
#9175=LINE('',#11706,#11707);
#9176=FILL_AREA_STYLE_COLOUR('',#11708);
#9177=VERTEX_POINT('',#11709);
#9178=LINE('',#11710,#11711);
#9179=LINE('',#11712,#11713);
#9180=FILL_AREA_STYLE_COLOUR('',#11714);
#9181=VERTEX_POINT('',#11715);
#9182=LINE('',#11716,#11717);
#9183=LINE('',#11718,#11719);
#9184=FILL_AREA_STYLE_COLOUR('',#11720);
#9185=LINE('',#11721,#11722);
#9186=FILL_AREA_STYLE_COLOUR('',#11723);
#9187=VERTEX_POINT('',#11724);
#9188=LINE('',#11725,#11726);
#9189=LINE('',#11727,#11728);
#9190=FILL_AREA_STYLE_COLOUR('',#11729);
#9191=LINE('',#11730,#11731);
#9192=FILL_AREA_STYLE_COLOUR('',#11732);
#9193=VERTEX_POINT('',#11733);
#9194=LINE('',#11734,#11735);
#9195=LINE('',#11736,#11737);
#9196=FILL_AREA_STYLE_COLOUR('',#11738);
#9197=LINE('',#11739,#11740);
#9198=FILL_AREA_STYLE_COLOUR('',#11741);
#9199=LINE('',#11742,#11743);
#9200=FILL_AREA_STYLE_COLOUR('',#11744);
#9201=LINE('',#11745,#11746);
#9202=FILL_AREA_STYLE_COLOUR('',#11747);
#9203=CIRCLE('',#11748,0.565685424949238);
#9204=FILL_AREA_STYLE_COLOUR('',#11749);
#9205=CIRCLE('',#11750,0.565685424949238);
#9206=FILL_AREA_STYLE_COLOUR('',#11751);
#9207=CIRCLE('',#11752,0.565685424949238);
#9208=FILL_AREA_STYLE_COLOUR('',#11753);
#9209=CIRCLE('',#11754,0.565685424949238);
#9210=FILL_AREA_STYLE_COLOUR('',#11755);
#9211=VERTEX_POINT('',#11756);
#9212=VERTEX_POINT('',#11757);
#9213=LINE('',#11758,#11759);
#9214=VERTEX_POINT('',#11760);
#9215=LINE('',#11761,#11762);
#9216=VERTEX_POINT('',#11763);
#9217=LINE('',#11764,#11765);
#9218=LINE('',#11766,#11767);
#9219=FILL_AREA_STYLE_COLOUR('',#11768);
#9220=CIRCLE('',#11769,0.5);
#9221=CIRCLE('',#11770,0.5);
#9222=FILL_AREA_STYLE_COLOUR('',#11771);
#9223=LINE('',#11772,#11773);
#9224=LINE('',#11774,#11775);
#9225=FILL_AREA_STYLE_COLOUR('',#11776);
#9226=CIRCLE('',#11777,0.500000000000001);
#9227=CIRCLE('',#11778,0.500000000000001);
#9228=FILL_AREA_STYLE_COLOUR('',#11779);
#9229=FILL_AREA_STYLE_COLOUR('',#11780);
#9230=VERTEX_POINT('',#11781);
#9231=VERTEX_POINT('',#11782);
#9232=LINE('',#11783,#11784);
#9233=VERTEX_POINT('',#11785);
#9234=LINE('',#11786,#11787);
#9235=VERTEX_POINT('',#11788);
#9236=LINE('',#11789,#11790);
#9237=LINE('',#11791,#11792);
#9238=FILL_AREA_STYLE_COLOUR('',#11793);
#9239=CIRCLE('',#11794,0.5);
#9240=CIRCLE('',#11795,0.5);
#9241=FILL_AREA_STYLE_COLOUR('',#11796);
#9242=LINE('',#11797,#11798);
#9243=LINE('',#11799,#11800);
#9244=FILL_AREA_STYLE_COLOUR('',#11801);
#9245=CIRCLE('',#11802,0.500000000000001);
#9246=CIRCLE('',#11803,0.500000000000001);
#9247=FILL_AREA_STYLE_COLOUR('',#11804);
#9248=FILL_AREA_STYLE_COLOUR('',#11805);
#9249=VERTEX_POINT('',#11806);
#9250=LINE('',#11807,#11808);
#9251=VERTEX_POINT('',#11809);
#9252=LINE('',#11810,#11811);
#9253=VERTEX_POINT('',#11812);
#9254=LINE('',#11813,#11814);
#9255=VERTEX_POINT('',#11815);
#9256=LINE('',#11816,#11817);
#9257=LINE('',#11818,#11819);
#9258=FILL_AREA_STYLE_COLOUR('',#11820);
#9259=VERTEX_POINT('',#11821);
#9260=LINE('',#11822,#11823);
#9261=LINE('',#11824,#11825);
#9262=FILL_AREA_STYLE_COLOUR('',#11826);
#9263=VERTEX_POINT('',#11827);
#9264=LINE('',#11828,#11829);
#9265=VERTEX_POINT('',#11830);
#9266=LINE('',#11831,#11832);
#9267=LINE('',#11833,#11834);
#9268=FILL_AREA_STYLE_COLOUR('',#11835);
#9269=VERTEX_POINT('',#11836);
#9270=LINE('',#11837,#11838);
#9271=CIRCLE('',#11839,0.65);
#9272=FILL_AREA_STYLE_COLOUR('',#11840);
#9273=VERTEX_POINT('',#11841);
#9274=LINE('',#11842,#11843);
#9275=LINE('',#11844,#11845);
#9276=FILL_AREA_STYLE_COLOUR('',#11846);
#9277=VERTEX_POINT('',#11847);
#9278=LINE('',#11848,#11849);
#9279=VERTEX_POINT('',#11850);
#9280=LINE('',#11851,#11852);
#9281=LINE('',#11853,#11854);
#9282=FILL_AREA_STYLE_COLOUR('',#11855);
#9283=VERTEX_POINT('',#11856);
#9284=LINE('',#11857,#11858);
#9285=CIRCLE('',#11859,0.500000000000001);
#9286=FILL_AREA_STYLE_COLOUR('',#11860);
#9287=VERTEX_POINT('',#11861);
#9288=LINE('',#11862,#11863);
#9289=LINE('',#11864,#11865);
#9290=FILL_AREA_STYLE_COLOUR('',#11866);
#9291=VERTEX_POINT('',#11867);
#9292=LINE('',#11868,#11869);
#9293=VERTEX_POINT('',#11870);
#9294=LINE('',#11871,#11872);
#9295=LINE('',#11873,#11874);
#9296=FILL_AREA_STYLE_COLOUR('',#11875);
#9297=LINE('',#11876,#11877);
#9298=FILL_AREA_STYLE_COLOUR('',#11878);
#9299=VERTEX_POINT('',#11879);
#9300=LINE('',#11880,#11881);
#9301=VERTEX_POINT('',#11882);
#9302=LINE('',#11883,#11884);
#9303=VERTEX_POINT('',#11885);
#9304=LINE('',#11886,#11887);
#9305=LINE('',#11888,#11889);
#9306=FILL_AREA_STYLE_COLOUR('',#11890);
#9307=VERTEX_POINT('',#11891);
#9308=LINE('',#11892,#11893);
#9309=LINE('',#11894,#11895);
#9310=FILL_AREA_STYLE_COLOUR('',#11896);
#9311=VERTEX_POINT('',#11897);
#9312=LINE('',#11898,#11899);
#9313=VERTEX_POINT('',#11900);
#9314=LINE('',#11901,#11902);
#9315=LINE('',#11903,#11904);
#9316=FILL_AREA_STYLE_COLOUR('',#11905);
#9317=VERTEX_POINT('',#11906);
#9318=LINE('',#11907,#11908);
#9319=LINE('',#11909,#11910);
#9320=FILL_AREA_STYLE_COLOUR('',#11911);
#9321=VERTEX_POINT('',#11912);
#9322=LINE('',#11913,#11914);
#9323=LINE('',#11915,#11916);
#9324=FILL_AREA_STYLE_COLOUR('',#11917);
#9325=VERTEX_POINT('',#11918);
#9326=LINE('',#11919,#11920);
#9327=LINE('',#11921,#11922);
#9328=FILL_AREA_STYLE_COLOUR('',#11923);
#9329=VERTEX_POINT('',#11924);
#9330=LINE('',#11925,#11926);
#9331=LINE('',#11927,#11928);
#9332=FILL_AREA_STYLE_COLOUR('',#11929);
#9333=VERTEX_POINT('',#11930);
#9334=LINE('',#11931,#11932);
#9335=VERTEX_POINT('',#11933);
#9336=LINE('',#11934,#11935);
#9337=VERTEX_POINT('',#11936);
#9338=LINE('',#11937,#11938);
#9339=VERTEX_POINT('',#11939);
#9340=LINE('',#11940,#11941);
#9341=LINE('',#11942,#11943);
#9342=FILL_AREA_STYLE_COLOUR('',#11944);
#9343=LINE('',#11945,#11946);
#9344=FILL_AREA_STYLE_COLOUR('',#11947);
#9345=LINE('',#11948,#11949);
#9346=FILL_AREA_STYLE_COLOUR('',#11950);
#9347=VERTEX_POINT('',#11951);
#9348=LINE('',#11952,#11953);
#9349=VERTEX_POINT('',#11954);
#9350=LINE('',#11955,#11956);
#9351=LINE('',#11957,#11958);
#9352=FILL_AREA_STYLE_COLOUR('',#11959);
#9353=LINE('',#11960,#11961);
#9354=FILL_AREA_STYLE_COLOUR('',#11962);
#9355=LINE('',#11963,#11964);
#9356=LINE('',#11965,#11966);
#9357=FILL_AREA_STYLE_COLOUR('',#11967);
#9358=FILL_AREA_STYLE_COLOUR('',#11968);
#9359=VERTEX_POINT('',#11969);
#9360=LINE('',#11970,#11971);
#9361=VERTEX_POINT('',#11972);
#9362=LINE('',#11973,#11974);
#9363=LINE('',#11975,#11976);
#9364=CIRCLE('',#11977,0.25);
#9365=FILL_AREA_STYLE_COLOUR('',#11978);
#9366=VERTEX_POINT('',#11979);
#9367=LINE('',#11980,#11981);
#9368=LINE('',#11982,#11983);
#9369=FILL_AREA_STYLE_COLOUR('',#11984);
#9370=VERTEX_POINT('',#11985);
#9371=LINE('',#11986,#11987);
#9372=LINE('',#11988,#11989);
#9373=FILL_AREA_STYLE_COLOUR('',#11990);
#9374=LINE('',#11991,#11992);
#9375=FILL_AREA_STYLE_COLOUR('',#11993);
#9376=FILL_AREA_STYLE_COLOUR('',#11994);
#9377=LINE('',#11995,#11996);
#9378=FILL_AREA_STYLE_COLOUR('',#11997);
#9379=COLOUR_RGB('',0.705882370471954,0.705882370471954,0.705882370471954);
#9380=CARTESIAN_POINT('',(3.45,4.3,-16.5));
#9381=CARTESIAN_POINT('',(3.45,4.3,-16.2));
#9382=CARTESIAN_POINT('',(3.45,4.3,-16.5));
#9383=VECTOR('',#11998,1.0);
#9384=CARTESIAN_POINT('',(2.95,4.8,-16.5));
#9385=AXIS2_PLACEMENT_3D('',#11999,#12000,#12001);
#9386=CARTESIAN_POINT('',(2.95,4.8,-16.2));
#9387=CARTESIAN_POINT('',(2.95,4.8,-16.5));
#9388=VECTOR('',#12002,1.0);
#9389=AXIS2_PLACEMENT_3D('',#12003,#12004,#12005);
#9390=COLOUR_RGB('',0.705882370471954,0.705882370471954,0.705882370471954);
#9391=CARTESIAN_POINT('',(-3.45,4.3,-16.2));
#9392=CARTESIAN_POINT('',(-3.45,4.3,-16.5));
#9393=CARTESIAN_POINT('',(-3.45,4.3,-16.5));
#9394=VECTOR('',#12006,1.0);
#9395=CARTESIAN_POINT('',(-2.95,4.8,-16.2));
#9396=AXIS2_PLACEMENT_3D('',#12007,#12008,#12009);
#9397=CARTESIAN_POINT('',(-2.95,4.8,-16.5));
#9398=CARTESIAN_POINT('',(-2.95,4.8,-16.5));
#9399=VECTOR('',#12010,1.0);
#9400=AXIS2_PLACEMENT_3D('',#12011,#12012,#12013);
#9401=COLOUR_RGB('',0.705882370471954,0.705882370471954,0.705882370471954);
#9402=CARTESIAN_POINT('',(3.45,8.3,-16.5));
#9403=CARTESIAN_POINT('',(3.45,8.3,-16.2));
#9404=CARTESIAN_POINT('',(3.45,8.3,-16.5));
#9405=VECTOR('',#12014,1.0);
#9406=CARTESIAN_POINT('',(2.95,8.8,-16.5));
#9407=AXIS2_PLACEMENT_3D('',#12015,#12016,#12017);
#9408=CARTESIAN_POINT('',(2.95,8.8,-16.2));
#9409=CARTESIAN_POINT('',(2.95,8.8,-16.5));
#9410=VECTOR('',#12018,1.0);
#9411=AXIS2_PLACEMENT_3D('',#12019,#12020,#12021);
#9412=COLOUR_RGB('',0.705882370471954,0.705882370471954,0.705882370471954);
#9413=CARTESIAN_POINT('',(-3.45,8.3,-16.2));
#9414=CARTESIAN_POINT('',(-3.45,8.3,-16.5));
#9415=CARTESIAN_POINT('',(-3.45,8.3,-16.5));
#9416=VECTOR('',#12022,1.0);
#9417=CARTESIAN_POINT('',(-2.95,8.8,-16.2));
#9418=AXIS2_PLACEMENT_3D('',#12023,#12024,#12025);
#9419=CARTESIAN_POINT('',(-2.95,8.8,-16.5));
#9420=CARTESIAN_POINT('',(-2.95,8.8,-16.5));
#9421=VECTOR('',#12026,1.0);
#9422=AXIS2_PLACEMENT_3D('',#12027,#12028,#12029);
#9423=COLOUR_RGB('',0.705882370471954,0.705882370471954,0.705882370471954);
#9424=CARTESIAN_POINT('',(6.05,2.5,-14.2656854249492));
#9425=CARTESIAN_POINT('',(6.05,2.5,-13.1343145750508));
#9426=AXIS2_PLACEMENT_3D('',#12030,#12031,#12032);
#9427=AXIS2_PLACEMENT_3D('',#12033,#12034,#12035);
#9428=COLOUR_RGB('',0.705882370471954,0.705882370471954,0.705882370471954);
#9429=CARTESIAN_POINT('',(6.05,8.1,-14.2656854249492));
#9430=CARTESIAN_POINT('',(6.05,8.1,-13.1343145750508));
#9431=AXIS2_PLACEMENT_3D('',#12036,#12037,#12038);
#9432=AXIS2_PLACEMENT_3D('',#12039,#12040,#12041);
#9433=COLOUR_RGB('',0.705882370471954,0.705882370471954,0.705882370471954);
#9434=CARTESIAN_POINT('',(-6.05,2.5,-14.2656854249492));
#9435=CARTESIAN_POINT('',(-6.05,2.5,-13.1343145750508));
#9436=AXIS2_PLACEMENT_3D('',#12042,#12043,#12044);
#9437=AXIS2_PLACEMENT_3D('',#12045,#12046,#12047);
#9438=COLOUR_RGB('',0.705882370471954,0.705882370471954,0.705882370471954);
#9439=CARTESIAN_POINT('',(-6.05,8.1,-14.2656854249492));
#9440=CARTESIAN_POINT('',(-6.05,8.1,-13.1343145750508));
#9441=AXIS2_PLACEMENT_3D('',#12048,#12049,#12050);
#9442=AXIS2_PLACEMENT_3D('',#12051,#12052,#12053);
#9443=COLOUR_RGB('',0.705882370471954,0.705882370471954,0.705882370471954);
#9444=CARTESIAN_POINT('',(-4.85,6.34,-0.31));
#9445=CARTESIAN_POINT('',(-4.85,6.34,-6.8886382452039E-18));
#9446=CARTESIAN_POINT('',(-4.85,6.34,-0.155));
#9447=VECTOR('',#12054,1.0);
#9448=CARTESIAN_POINT('',(-4.81180339887499,6.44,-0.31));
#9449=AXIS2_PLACEMENT_3D('',#12055,#12056,#12057);
#9450=CARTESIAN_POINT('',(-4.81180339887499,6.44,-0.300000000000001));
#9451=CARTESIAN_POINT('',(-4.81180339887499,6.44,-0.305000000000001));
#9452=VECTOR('',#12058,1.0);
#9453=CARTESIAN_POINT('',(-4.7,6.49,-0.300000000000001));
#9454=AXIS2_PLACEMENT_3D('',#12059,#12060,#12061);
#9455=CARTESIAN_POINT('',(-4.7,6.49,5.55111512312578E-17));
#9456=CARTESIAN_POINT('',(-4.7,6.49,-0.4));
#9457=VECTOR('',#12062,1.0);
#9458=AXIS2_PLACEMENT_3D('',#12063,#12064,#12065);
#9459=COLOUR_RGB('',0.705882370471954,0.705882370471954,0.705882370471954);
#9460=CARTESIAN_POINT('',(-4.85,2.84,-0.31));
#9461=CARTESIAN_POINT('',(-4.85,2.84,-6.88863824520388E-18));
#9462=CARTESIAN_POINT('',(-4.85,2.84,-0.155));
#9463=VECTOR('',#12066,1.0);
#9464=CARTESIAN_POINT('',(-4.7,2.99,-0.31));
#9465=AXIS2_PLACEMENT_3D('',#12067,#12068,#12069);
#9466=CARTESIAN_POINT('',(-4.7,2.99,5.55111512312578E-17));
#9467=CARTESIAN_POINT('',(-4.7,2.99,-0.4));
#9468=VECTOR('',#12070,1.0);
#9469=AXIS2_PLACEMENT_3D('',#12071,#12072,#12073);
#9470=COLOUR_RGB('',0.705882370471954,0.705882370471954,0.705882370471954);
#9471=CARTESIAN_POINT('',(4.84999999087494,2.84,6.8886381055167E-18));
#9472=CARTESIAN_POINT('',(4.84999999087494,2.84,-0.31));
#9473=CARTESIAN_POINT('',(4.84999999087494,2.84,-0.155));
#9474=VECTOR('',#12074,1.0);
#9475=CARTESIAN_POINT('',(4.7,2.99,6.66133814775094E-16));
#9476=AXIS2_PLACEMENT_3D('',#12075,#12076,#12077);
#9477=CARTESIAN_POINT('',(4.7,2.99,-0.31));
#9478=CARTESIAN_POINT('',(4.7,2.99,-0.4));
#9479=VECTOR('',#12078,1.0);
#9480=AXIS2_PLACEMENT_3D('',#12079,#12080,#12081);
#9481=COLOUR_RGB('',0.705882370471954,0.705882370471954,0.705882370471954);
#9482=CARTESIAN_POINT('',(-7.25044812627681,-2.39494300968538,-9.55289650742535));
#9483=CARTESIAN_POINT('',(-7.25044812627681,-2.39494300968538,-11.2471034925747));
#9484=CARTESIAN_POINT('',(-7.25044812627681,-2.39494300968538,-10.4));
#9485=VECTOR('',#12082,1.0);
#9486=CARTESIAN_POINT('',(-7.02082039324994,-1.79500000000001,-9.50397278528484));
#9487=AXIS2_PLACEMENT_3D('',#12083,#12084,#12085);
#9488=CARTESIAN_POINT('',(-7.02082039324994,-1.79500000000001,-11.2960272147152));
#9489=CARTESIAN_POINT('',(-7.02082039324994,-1.79500000000001,-12.4));
#9490=VECTOR('',#12086,1.0);
#9491=AXIS2_PLACEMENT_3D('',#12087,#12088,#12089);
#9492=COLOUR_RGB('',0.705882370471954,0.705882370471954,0.705882370471954);
#9493=CARTESIAN_POINT('',(-6.94946170250144,-2.3951198516252,-9.55291092840499));
#9494=CARTESIAN_POINT('',(-6.94946170250144,-2.3951198516252,-11.247089071595));
#9495=CARTESIAN_POINT('',(-6.94946170250144,-2.3951198516252,-10.4));
#9496=VECTOR('',#12090,1.0);
#9497=CARTESIAN_POINT('',(-6.82031692168925,-2.76756139517233,-9.5832825241998));
#9498=AXIS2_PLACEMENT_3D('',#12091,#12092,#12093);
#9499=CARTESIAN_POINT('',(-6.82031692168925,-2.76756139517233,-11.2167174758002));
#9500=CARTESIAN_POINT('',(-6.82031692168925,-2.76756139517233,-12.4));
#9501=VECTOR('',#12094,1.0);
#9502=AXIS2_PLACEMENT_3D('',#12095,#12096,#12097);
#9503=COLOUR_RGB('',0.705882370471954,0.705882370471954,0.705882370471954);
#9504=CARTESIAN_POINT('',(7.25044812627681,-2.39494300968538,-11.2471034925746));
#9505=CARTESIAN_POINT('',(7.25044812627681,-2.39494300968538,-9.55289650742535));
#9506=CARTESIAN_POINT('',(7.25044812627681,-2.39494300968538,-10.4));
#9507=VECTOR('',#12098,1.0);
#9508=CARTESIAN_POINT('',(7.02082039324994,-1.79500000000001,-11.2960272147152));
#9509=AXIS2_PLACEMENT_3D('',#12099,#12100,#12101);
#9510=CARTESIAN_POINT('',(7.02082039324994,-1.79500000000001,-9.50397278528484));
#9511=CARTESIAN_POINT('',(7.02082039324994,-1.79500000000001,-8.4));
#9512=VECTOR('',#12102,1.0);
#9513=AXIS2_PLACEMENT_3D('',#12103,#12104,#12105);
#9514=COLOUR_RGB('',0.705882370471954,0.705882370471954,0.705882370471954);
#9515=CARTESIAN_POINT('',(6.94946170250144,-2.3951198516252,-11.247089071595));
#9516=CARTESIAN_POINT('',(6.94946170250144,-2.3951198516252,-9.55291092840499));
#9517=CARTESIAN_POINT('',(6.94946170250144,-2.3951198516252,-10.4));
#9518=VECTOR('',#12106,1.0);
#9519=CARTESIAN_POINT('',(6.82031692168925,-2.76756139517233,-11.2167174758002));
#9520=AXIS2_PLACEMENT_3D('',#12107,#12108,#12109);
#9521=CARTESIAN_POINT('',(6.82031692168925,-2.76756139517233,-9.5832825241998));
#9522=CARTESIAN_POINT('',(6.82031692168925,-2.76756139517233,-8.4));
#9523=VECTOR('',#12110,1.0);
#9524=AXIS2_PLACEMENT_3D('',#12111,#12112,#12113);
#9525=COLOUR_RGB('',0.705882370471954,0.705882370471954,0.705882370471954);
#9526=CARTESIAN_POINT('',(4.85,6.34,6.8886382452039E-18));
#9527=CARTESIAN_POINT('',(4.85,6.34,-0.31));
#9528=CARTESIAN_POINT('',(4.85,6.34,-0.155));
#9529=VECTOR('',#12114,1.0);
#9530=CARTESIAN_POINT('',(4.7,6.49,6.66133814775094E-16));
#9531=AXIS2_PLACEMENT_3D('',#12115,#12116,#12117);
#9532=CARTESIAN_POINT('',(4.7,6.49,-0.300000000000001));
#9533=CARTESIAN_POINT('',(4.7,6.49,-0.4));
#9534=VECTOR('',#12118,1.0);
#9535=CARTESIAN_POINT('',(4.81180339887499,6.44,-0.300000000000001));
#9536=AXIS2_PLACEMENT_3D('',#12119,#12120,#12121);
#9537=CARTESIAN_POINT('',(4.81180339887499,6.44,-0.31));
#9538=CARTESIAN_POINT('',(4.81180339887499,6.44,-0.305000000000001));
#9539=VECTOR('',#12122,1.0);
#9540=AXIS2_PLACEMENT_3D('',#12123,#12124,#12125);
#9541=COLOUR_RGB('',0.196078434586525,0.196078434586525,0.196078434586525);
#9542=CARTESIAN_POINT('',(-4.95,6.44,-0.31));
#9543=CARTESIAN_POINT('',(-2.29375,6.44,-0.31));
#9544=VECTOR('',#12126,1.0);
#9545=CARTESIAN_POINT('',(-4.95,6.44,-9.1));
#9546=CARTESIAN_POINT('',(-4.95,6.44,-9.1));
#9547=VECTOR('',#12127,1.0);
#9548=CARTESIAN_POINT('',(-4.225,6.44,-9.1));
#9549=CARTESIAN_POINT('',(-4.225,6.44,-9.1));
#9550=VECTOR('',#12128,1.0);
#9551=CARTESIAN_POINT('',(-4.225,6.44,-0.300000000000001));
#9552=CARTESIAN_POINT('',(-4.225,6.44,-9.1));
#9553=VECTOR('',#12129,1.0);
#9554=CARTESIAN_POINT('',(-2.29375,6.44,-0.300000000000001));
#9555=VECTOR('',#12130,1.0);
#9556=COLOUR_RGB('',0.196078434586525,0.196078434586525,0.196078434586525);
#9557=CARTESIAN_POINT('',(-4.95,2.44,-0.31));
#9558=CARTESIAN_POINT('',(-4.95,4.65814661208404,-0.31));
#9559=VECTOR('',#12131,1.0);
#9560=CARTESIAN_POINT('',(-4.95,2.44,-9.1));
#9561=CARTESIAN_POINT('',(-4.95,2.44,-9.1));
#9562=VECTOR('',#12132,1.0);
#9563=CARTESIAN_POINT('',(-4.95,6.44,-9.1));
#9564=VECTOR('',#12133,1.0);
#9565=COLOUR_RGB('',0.196078434586525,0.196078434586525,0.196078434586525);
#9566=CARTESIAN_POINT('',(-5.74,0.4,-0.300000000000001));
#9567=CARTESIAN_POINT('',(5.74,0.4,-0.300000000000001));
#9568=CARTESIAN_POINT('',(-3.025,0.4,-0.300000000000001));
#9569=VECTOR('',#12134,1.0);
#9570=CARTESIAN_POINT('',(-5.74,0.3,-0.300000000000001));
#9571=CARTESIAN_POINT('',(-5.74,5.35,-0.300000000000001));
#9572=VECTOR('',#12135,1.0);
#9573=CARTESIAN_POINT('',(5.74,0.3,-0.300000000000001));
#9574=CARTESIAN_POINT('',(0.0,0.3,-0.300000000000001));
#9575=VECTOR('',#12136,1.0);
#9576=CARTESIAN_POINT('',(5.74,5.35,-0.300000000000001));
#9577=VECTOR('',#12137,1.0);
#9578=COLOUR_RGB('',0.196078434586525,0.196078434586525,0.196078434586525);
#9579=CARTESIAN_POINT('',(4.55,2.44,-0.300000000000001));
#9580=CARTESIAN_POINT('',(4.55,1.59,-0.300000000000001));
#9581=CARTESIAN_POINT('',(4.55,3.745,-0.300000000000001));
#9582=VECTOR('',#12138,1.0);
#9583=CARTESIAN_POINT('',(4.225,2.44,-0.300000000000001));
#9584=CARTESIAN_POINT('',(2.29375,2.44,-0.300000000000001));
#9585=VECTOR('',#12139,1.0);
#9586=CARTESIAN_POINT('',(4.225,1.45,-0.300000000000001));
#9587=CARTESIAN_POINT('',(4.22500000000001,3.64749999999999,-0.300000000000001));
#9588=VECTOR('',#12140,1.0);
#9589=CARTESIAN_POINT('',(-4.225,1.45,-0.300000000000001));
#9590=CARTESIAN_POINT('',(0.0,1.45,-0.300000000000001));
#9591=VECTOR('',#12141,1.0);
#9592=CARTESIAN_POINT('',(-4.225,2.44,-0.300000000000001));
#9593=CARTESIAN_POINT('',(-4.225,3.6475,-0.300000000000001));
#9594=VECTOR('',#12142,1.0);
#9595=CARTESIAN_POINT('',(-4.55,2.44,-0.300000000000001));
#9596=CARTESIAN_POINT('',(-2.29375,2.44,-0.300000000000001));
#9597=VECTOR('',#12143,1.0);
#9598=CARTESIAN_POINT('',(-4.55,1.59,-0.300000000000001));
#9599=CARTESIAN_POINT('',(-4.55,3.745,-0.300000000000001));
#9600=VECTOR('',#12144,1.0);
#9601=CARTESIAN_POINT('',(-4.05,1.09,-0.300000000000001));
#9602=AXIS2_PLACEMENT_3D('',#12145,#12146,#12147);
#9603=CARTESIAN_POINT('',(4.05,1.09,-0.300000000000001));
#9604=CARTESIAN_POINT('',(1.12173644858423E-15,1.09,-0.300000000000001));
#9605=VECTOR('',#12148,1.0);
#9606=AXIS2_PLACEMENT_3D('',#12149,#12150,#12151);
#9607=COLOUR_RGB('',0.196078434586525,0.196078434586525,0.196078434586525);
#9608=CARTESIAN_POINT('',(4.55,6.49,-0.300000000000001));
#9609=CARTESIAN_POINT('',(2.3125,6.49,-0.300000000000001));
#9610=VECTOR('',#12152,1.0);
#9611=CARTESIAN_POINT('',(4.55,7.49,-0.300000000000001));
#9612=CARTESIAN_POINT('',(4.55,6.17,-0.300000000000001));
#9613=VECTOR('',#12153,1.0);
#9614=CARTESIAN_POINT('',(2.6,9.49,-0.300000000000001));
#9615=CARTESIAN_POINT('',(3.48862143543736,8.57859339955143,-0.300000000000001));
#9616=VECTOR('',#12154,1.0);
#9617=CARTESIAN_POINT('',(-2.6,9.49,-0.300000000000001));
#9618=CARTESIAN_POINT('',(6.66133814775094E-16,9.49,-0.300000000000001));
#9619=VECTOR('',#12155,1.0);
#9620=CARTESIAN_POINT('',(-4.55,7.49,-0.300000000000001));
#9621=CARTESIAN_POINT('',(-3.48862143543736,8.57859339955143,-0.300000000000001));
#9622=VECTOR('',#12156,1.0);
#9623=CARTESIAN_POINT('',(-4.55,6.49,-0.300000000000001));
#9624=CARTESIAN_POINT('',(-4.55,6.17,-0.300000000000001));
#9625=VECTOR('',#12157,1.0);
#9626=CARTESIAN_POINT('',(-2.3125,6.49,-0.300000000000001));
#9627=VECTOR('',#12158,1.0);
#9628=CARTESIAN_POINT('',(-4.225,7.73,-0.300000000000001));
#9629=CARTESIAN_POINT('',(-4.225,6.2175,-0.300000000000001));
#9630=VECTOR('',#12159,1.0);
#9631=CARTESIAN_POINT('',(-2.725,9.23,-0.300000000000001));
#9632=CARTESIAN_POINT('',(-3.38875,8.56625,-0.300000000000001));
#9633=VECTOR('',#12160,1.0);
#9634=CARTESIAN_POINT('',(2.725,9.23,-0.300000000000001));
#9635=CARTESIAN_POINT('',(6.66133814775094E-16,9.23,-0.300000000000001));
#9636=VECTOR('',#12161,1.0);
#9637=CARTESIAN_POINT('',(4.225,7.73,-0.300000000000001));
#9638=CARTESIAN_POINT('',(3.38875,8.56625,-0.300000000000002));
#9639=VECTOR('',#12162,1.0);
#9640=CARTESIAN_POINT('',(4.225,6.44,-0.300000000000001));
#9641=CARTESIAN_POINT('',(4.225,6.2175,-0.300000000000001));
#9642=VECTOR('',#12163,1.0);
#9643=CARTESIAN_POINT('',(2.29375,6.44,-0.300000000000001));
#9644=VECTOR('',#12164,1.0);
#9645=COLOUR_RGB('',0.196078434586525,0.196078434586525,0.196078434586525);
#9646=CARTESIAN_POINT('',(-5.72,0.400000000000001,-15.89));
#9647=CARTESIAN_POINT('',(-5.72,0.3,-15.89));
#9648=CARTESIAN_POINT('',(-5.72,2.475,-15.89));
#9649=VECTOR('',#12165,1.0);
#9650=CARTESIAN_POINT('',(5.72,0.400000000000001,-15.89));
#9651=CARTESIAN_POINT('',(-3.025,0.399999999999999,-15.89));
#9652=VECTOR('',#12166,1.0);
#9653=CARTESIAN_POINT('',(5.72,0.3,-15.89));
#9654=CARTESIAN_POINT('',(5.72,2.475,-15.89));
#9655=VECTOR('',#12167,1.0);
#9656=CARTESIAN_POINT('',(0.0,0.3,-15.89));
#9657=VECTOR('',#12168,1.0);
#9658=COLOUR_RGB('',0.196078434586525,0.196078434586525,0.196078434586525);
#9659=CARTESIAN_POINT('',(0.599999999999999,0.3,-2.92));
#9660=CARTESIAN_POINT('',(0.6,0.3,-15.85));
#9661=CARTESIAN_POINT('',(0.6,0.3,-8.74));
#9662=VECTOR('',#12169,1.0);
#9663=CARTESIAN_POINT('',(-0.6,0.3,-15.85));
#9664=CARTESIAN_POINT('',(2.22044604925031E-16,0.3,-15.85));
#9665=VECTOR('',#12170,1.0);
#9666=CARTESIAN_POINT('',(-0.6,0.3,-2.92));
#9667=CARTESIAN_POINT('',(-0.6,0.3,-8.74));
#9668=VECTOR('',#12171,1.0);
#9669=AXIS2_PLACEMENT_3D('',#12172,#12173,#12174);
#9670=CARTESIAN_POINT('',(-3.25,0.3,-6.95));
#9671=CARTESIAN_POINT('',(-3.25,0.3,-15.85));
#9672=CARTESIAN_POINT('',(-3.25,0.3,-9.7475));
#9673=VECTOR('',#12175,1.0);
#9674=CARTESIAN_POINT('',(-4.45,0.3,-15.85));
#9675=CARTESIAN_POINT('',(-1.925,0.3,-15.85));
#9676=VECTOR('',#12176,1.0);
#9677=CARTESIAN_POINT('',(-4.45,0.3,-6.95));
#9678=CARTESIAN_POINT('',(-4.45,0.3,-9.7475));
#9679=VECTOR('',#12177,1.0);
#9680=AXIS2_PLACEMENT_3D('',#12178,#12179,#12180);
#9681=CARTESIAN_POINT('',(4.45,0.3,-6.95));
#9682=CARTESIAN_POINT('',(4.45,0.3,-15.85));
#9683=CARTESIAN_POINT('',(4.45,0.3,-9.7475));
#9684=VECTOR('',#12181,1.0);
#9685=CARTESIAN_POINT('',(3.25,0.3,-15.85));
#9686=CARTESIAN_POINT('',(1.925,0.3,-15.85));
#9687=VECTOR('',#12182,1.0);
#9688=CARTESIAN_POINT('',(3.25,0.3,-6.95));
#9689=CARTESIAN_POINT('',(3.25,0.3,-9.7475));
#9690=VECTOR('',#12183,1.0);
#9691=AXIS2_PLACEMENT_3D('',#12184,#12185,#12186);
#9692=CARTESIAN_POINT('',(-1.4,0.3,-1.30000000000001));
#9693=CARTESIAN_POINT('',(-2.4,0.3,-1.30000000000001));
#9694=CARTESIAN_POINT('',(-1.2,0.3,-1.30000000000001));
#9695=VECTOR('',#12187,1.0);
#9696=CARTESIAN_POINT('',(-2.4,0.3,-0.666987298107778));
#9697=CARTESIAN_POINT('',(-2.4,0.3,-4.55955735227835));
#9698=VECTOR('',#12188,1.0);
#9699=CARTESIAN_POINT('',(-1.4,0.3,-0.666987298107778));
#9700=CARTESIAN_POINT('',(-1.2,0.3,-0.666987298107778));
#9701=VECTOR('',#12189,1.0);
#9702=CARTESIAN_POINT('',(-1.4,0.3,-4.55955735227835));
#9703=VECTOR('',#12190,1.0);
#9704=CARTESIAN_POINT('',(2.4,0.3,-1.30000000000001));
#9705=CARTESIAN_POINT('',(1.4,0.3,-1.30000000000001));
#9706=CARTESIAN_POINT('',(0.7,0.3,-1.30000000000001));
#9707=VECTOR('',#12191,1.0);
#9708=CARTESIAN_POINT('',(1.4,0.3,-0.666987298107778));
#9709=CARTESIAN_POINT('',(1.4,0.3,-4.55955735227835));
#9710=VECTOR('',#12192,1.0);
#9711=CARTESIAN_POINT('',(2.4,0.3,-0.666987298107778));
#9712=CARTESIAN_POINT('',(0.7,0.3,-0.666987298107778));
#9713=VECTOR('',#12193,1.0);
#9714=CARTESIAN_POINT('',(2.4,0.3,-4.55955735227835));
#9715=VECTOR('',#12194,1.0);
#9716=CARTESIAN_POINT('',(-0.94,0.3,-12.975));
#9717=CARTESIAN_POINT('',(-0.94,0.3,-13.225));
#9718=CARTESIAN_POINT('',(-0.94,0.3,-10.66));
#9719=VECTOR('',#12195,1.0);
#9720=CARTESIAN_POINT('',(-1.56,0.3,-13.225));
#9721=CARTESIAN_POINT('',(-0.625,0.3,-13.225));
#9722=VECTOR('',#12196,1.0);
#9723=CARTESIAN_POINT('',(-1.56,0.3,-12.975));
#9724=CARTESIAN_POINT('',(-1.56,0.3,-10.66));
#9725=VECTOR('',#12197,1.0);
#9726=CARTESIAN_POINT('',(-0.625,0.3,-12.975));
#9727=VECTOR('',#12198,1.0);
#9728=CARTESIAN_POINT('',(1.56,0.3,-12.975));
#9729=CARTESIAN_POINT('',(1.56,0.3,-13.225));
#9730=CARTESIAN_POINT('',(1.56,0.3,-10.66));
#9731=VECTOR('',#12199,1.0);
#9732=CARTESIAN_POINT('',(0.94,0.3,-13.225));
#9733=CARTESIAN_POINT('',(0.625,0.3,-13.225));
#9734=VECTOR('',#12200,1.0);
#9735=CARTESIAN_POINT('',(0.94,0.3,-12.975));
#9736=CARTESIAN_POINT('',(0.94,0.3,-10.66));
#9737=VECTOR('',#12201,1.0);
#9738=CARTESIAN_POINT('',(0.625,0.3,-12.975));
#9739=VECTOR('',#12202,1.0);
#9740=CARTESIAN_POINT('',(-0.94,0.3,-14.975));
#9741=CARTESIAN_POINT('',(-0.94,0.3,-15.225));
#9742=CARTESIAN_POINT('',(-0.94,0.3,-11.66));
#9743=VECTOR('',#12203,1.0);
#9744=CARTESIAN_POINT('',(-1.56,0.3,-15.225));
#9745=CARTESIAN_POINT('',(-0.625,0.3,-15.225));
#9746=VECTOR('',#12204,1.0);
#9747=CARTESIAN_POINT('',(-1.56,0.3,-14.975));
#9748=CARTESIAN_POINT('',(-1.56,0.3,-11.66));
#9749=VECTOR('',#12205,1.0);
#9750=CARTESIAN_POINT('',(-0.625,0.3,-14.975));
#9751=VECTOR('',#12206,1.0);
#9752=CARTESIAN_POINT('',(1.56,0.3,-14.975));
#9753=CARTESIAN_POINT('',(1.56,0.3,-15.225));
#9754=CARTESIAN_POINT('',(1.56,0.3,-11.66));
#9755=VECTOR('',#12207,1.0);
#9756=CARTESIAN_POINT('',(0.94,0.3,-15.225));
#9757=CARTESIAN_POINT('',(0.625,0.3,-15.225));
#9758=VECTOR('',#12208,1.0);
#9759=CARTESIAN_POINT('',(0.94,0.3,-14.975));
#9760=CARTESIAN_POINT('',(0.94,0.3,-11.66));
#9761=VECTOR('',#12209,1.0);
#9762=CARTESIAN_POINT('',(0.625,0.3,-14.975));
#9763=VECTOR('',#12210,1.0);
#9764=CARTESIAN_POINT('',(-5.42,0.3,-0.613));
#9765=CARTESIAN_POINT('',(-5.74,0.3,-0.613));
#9766=CARTESIAN_POINT('',(-2.985,0.3,-0.613));
#9767=VECTOR('',#12211,1.0);
#9768=CARTESIAN_POINT('',(-5.42,0.3,-0.410000000000001));
#9769=CARTESIAN_POINT('',(-5.42,0.3,-4.30325));
#9770=VECTOR('',#12212,1.0);
#9771=CARTESIAN_POINT('',(-2.748,0.3,-0.410000000000005));
#9772=CARTESIAN_POINT('',(-3.025,0.3,-0.409999999999996));
#9773=VECTOR('',#12213,1.0);
#9774=CARTESIAN_POINT('',(-2.748,0.3,-1.363));
#9775=CARTESIAN_POINT('',(-2.748,0.3,-4.49075));
#9776=VECTOR('',#12214,1.0);
#9777=CARTESIAN_POINT('',(-1.05,0.3,-1.363));
#9778=CARTESIAN_POINT('',(-0.9495,0.3,-1.363));
#9779=VECTOR('',#12215,1.0);
#9780=CARTESIAN_POINT('',(-1.05,0.3,-0.41));
#9781=CARTESIAN_POINT('',(-1.05,0.3,-4.49075));
#9782=VECTOR('',#12216,1.0);
#9783=CARTESIAN_POINT('',(-0.198999999999998,0.3,-0.41));
#9784=CARTESIAN_POINT('',(-3.025,0.3,-0.409999999999996));
#9785=VECTOR('',#12217,1.0);
#9786=CARTESIAN_POINT('',(-0.199000000000001,0.3,-2.3156078006241));
#9787=CARTESIAN_POINT('',(-0.199000000000004,0.3,-4.72890195015602));
#9788=VECTOR('',#12218,1.0);
#9789=CARTESIAN_POINT('',(-0.75,0.3,-2.813));
#9790=AXIS2_PLACEMENT_3D('',#12219,#12220,#12221);
#9791=CARTESIAN_POINT('',(-0.75,0.3,-8.093));
#9792=CARTESIAN_POINT('',(-0.75,0.3,-6.774));
#9793=VECTOR('',#12222,1.0);
#9794=CARTESIAN_POINT('',(-3.22,0.3,-8.093));
#9795=CARTESIAN_POINT('',(-3.025,0.3,-8.093));
#9796=VECTOR('',#12223,1.0);
#9797=CARTESIAN_POINT('',(-3.22,0.3,-6.663));
#9798=CARTESIAN_POINT('',(-3.22,0.3,-7.7365));
#9799=VECTOR('',#12224,1.0);
#9800=CARTESIAN_POINT('',(-4.52,0.3,-6.663));
#9801=AXIS2_PLACEMENT_3D('',#12225,#12226,#12227);
#9802=CARTESIAN_POINT('',(-4.52,0.3,-8.093));
#9803=CARTESIAN_POINT('',(-4.52,0.3,-7.7365));
#9804=VECTOR('',#12228,1.0);
#9805=CARTESIAN_POINT('',(-5.74,0.3,-8.093));
#9806=CARTESIAN_POINT('',(-3.025,0.3,-8.093));
#9807=VECTOR('',#12229,1.0);
#9808=CARTESIAN_POINT('',(-5.74,0.3,-9.27));
#9809=CARTESIAN_POINT('',(-5.74,0.3,-8.095));
#9810=VECTOR('',#12230,1.0);
#9811=CARTESIAN_POINT('',(-5.72,0.3,-9.27));
#9812=CARTESIAN_POINT('',(-3.025,0.3,-9.27));
#9813=VECTOR('',#12231,1.0);
#9814=CARTESIAN_POINT('',(-5.72,0.3,-10.07075));
#9815=VECTOR('',#12232,1.0);
#9816=CARTESIAN_POINT('',(5.72,0.3,-9.27));
#9817=CARTESIAN_POINT('',(5.72,0.3,-10.07075));
#9818=VECTOR('',#12233,1.0);
#9819=CARTESIAN_POINT('',(5.74,0.3,-9.27));
#9820=CARTESIAN_POINT('',(-3.025,0.3,-9.27));
#9821=VECTOR('',#12234,1.0);
#9822=CARTESIAN_POINT('',(5.74,0.3,-8.093));
#9823=CARTESIAN_POINT('',(5.74,0.3,-8.095));
#9824=VECTOR('',#12235,1.0);
#9825=CARTESIAN_POINT('',(4.52,0.3,-8.093));
#9826=CARTESIAN_POINT('',(-3.025,0.3,-8.093));
#9827=VECTOR('',#12236,1.0);
#9828=CARTESIAN_POINT('',(4.52,0.3,-6.663));
#9829=CARTESIAN_POINT('',(4.52,0.3,-7.7365));
#9830=VECTOR('',#12237,1.0);
#9831=CARTESIAN_POINT('',(3.22,0.3,-6.663));
#9832=AXIS2_PLACEMENT_3D('',#12238,#12239,#12240);
#9833=CARTESIAN_POINT('',(3.22,0.3,-8.093));
#9834=CARTESIAN_POINT('',(3.22,0.3,-7.7365));
#9835=VECTOR('',#12241,1.0);
#9836=CARTESIAN_POINT('',(0.75,0.3,-8.093));
#9837=CARTESIAN_POINT('',(-3.025,0.3,-8.093));
#9838=VECTOR('',#12242,1.0);
#9839=CARTESIAN_POINT('',(0.75,0.3,-2.813));
#9840=CARTESIAN_POINT('',(0.75,0.3,-6.774));
#9841=VECTOR('',#12243,1.0);
#9842=CARTESIAN_POINT('',(0.199000000000001,0.3,-2.31560780062409));
#9843=AXIS2_PLACEMENT_3D('',#12244,#12245,#12246);
#9844=CARTESIAN_POINT('',(0.198999999999998,0.3,-0.409999999999997));
#9845=CARTESIAN_POINT('',(0.199000000000002,0.3,-4.72890195015602));
#9846=VECTOR('',#12247,1.0);
#9847=CARTESIAN_POINT('',(1.05,0.3,-0.409999999999997));
#9848=CARTESIAN_POINT('',(-3.025,0.3,-0.409999999999996));
#9849=VECTOR('',#12248,1.0);
#9850=CARTESIAN_POINT('',(1.05,0.3,-1.363));
#9851=CARTESIAN_POINT('',(1.05,0.3,-4.49075));
#9852=VECTOR('',#12249,1.0);
#9853=CARTESIAN_POINT('',(2.748,0.3,-1.363));
#9854=CARTESIAN_POINT('',(0.9495,0.3,-1.363));
#9855=VECTOR('',#12250,1.0);
#9856=CARTESIAN_POINT('',(2.748,0.3,-0.41000000000002));
#9857=CARTESIAN_POINT('',(2.748,0.3,-4.49075000000001));
#9858=VECTOR('',#12251,1.0);
#9859=CARTESIAN_POINT('',(5.42,0.3,-0.409999999999996));
#9860=CARTESIAN_POINT('',(-3.025,0.3,-0.409999999999996));
#9861=VECTOR('',#12252,1.0);
#9862=CARTESIAN_POINT('',(5.42,0.3,-0.613000000000003));
#9863=CARTESIAN_POINT('',(5.42,0.3,-4.30325));
#9864=VECTOR('',#12253,1.0);
#9865=CARTESIAN_POINT('',(5.74,0.3,-0.613000000000002));
#9866=CARTESIAN_POINT('',(2.98499999999999,0.3,-0.61300000000001));
#9867=VECTOR('',#12254,1.0);
#9868=CARTESIAN_POINT('',(5.74,0.3,-8.095));
#9869=VECTOR('',#12255,1.0);
#9870=CARTESIAN_POINT('',(-5.74,0.3,-8.095));
#9871=VECTOR('',#12256,1.0);
#9872=COLOUR_RGB('',0.196078434586525,0.196078434586525,0.196078434586525);
#9873=CARTESIAN_POINT('',(-5.74,4.75,-14.8));
#9874=CARTESIAN_POINT('',(-5.74,6.05,-14.8));
#9875=CARTESIAN_POINT('',(-5.74,5.7,-14.8));
#9876=VECTOR('',#12257,1.0);
#9877=CARTESIAN_POINT('',(-5.74,6.05,-13.9016283142592));
#9878=CARTESIAN_POINT('',(-5.74,6.05,-11.2352034403121));
#9879=VECTOR('',#12258,1.0);
#9880=CARTESIAN_POINT('',(-5.74,4.75,-13.9016283142592));
#9881=CARTESIAN_POINT('',(-5.74,5.7,-13.9016283142592));
#9882=VECTOR('',#12259,1.0);
#9883=CARTESIAN_POINT('',(-5.74,4.75,-11.2352034403121));
#9884=VECTOR('',#12260,1.0);
#9885=CARTESIAN_POINT('',(-5.74,6.2,-13.4));
#9886=CARTESIAN_POINT('',(-5.74,4.6,-13.4));
#9887=CARTESIAN_POINT('',(-5.74,5.375,-13.4));
#9888=VECTOR('',#12261,1.0);
#9889=CARTESIAN_POINT('',(-5.74,6.2,-14.97));
#9890=CARTESIAN_POINT('',(-5.74,6.2,-11.14));
#9891=VECTOR('',#12262,1.0);
#9892=CARTESIAN_POINT('',(-5.74,4.6,-14.97));
#9893=CARTESIAN_POINT('',(-5.74,5.375,-14.97));
#9894=VECTOR('',#12263,1.0);
#9895=CARTESIAN_POINT('',(-5.74,4.6,-11.14));
#9896=VECTOR('',#12264,1.0);
#9897=COLOUR_RGB('',0.196078434586525,0.196078434586525,0.196078434586525);
#9898=CARTESIAN_POINT('',(-5.74,3.7,-11.07));
#9899=CARTESIAN_POINT('',(-5.74,3.7,-9.5));
#9900=CARTESIAN_POINT('',(-5.74,3.7,-9.19));
#9901=VECTOR('',#12265,1.0);
#9902=CARTESIAN_POINT('',(-5.74,2.3,-11.07));
#9903=CARTESIAN_POINT('',(-5.74,4.175,-11.07));
#9904=VECTOR('',#12266,1.0);
#9905=CARTESIAN_POINT('',(-5.74,2.3,-9.5));
#9906=CARTESIAN_POINT('',(-5.74,2.3,-9.19));
#9907=VECTOR('',#12267,1.0);
#9908=CARTESIAN_POINT('',(-5.74,4.175,-9.5));
#9909=VECTOR('',#12268,1.0);
#9910=CARTESIAN_POINT('',(-5.74,2.4,-10.9));
#9911=CARTESIAN_POINT('',(-5.74,3.6,-10.9));
#9912=CARTESIAN_POINT('',(-5.74,4.475,-10.9));
#9913=VECTOR('',#12269,1.0);
#9914=CARTESIAN_POINT('',(-5.74,3.6,-10.0016283142592));
#9915=CARTESIAN_POINT('',(-5.74,3.6,-9.28520344031214));
#9916=VECTOR('',#12270,1.0);
#9917=CARTESIAN_POINT('',(-5.74,2.4,-10.0016283142592));
#9918=CARTESIAN_POINT('',(-5.74,4.475,-10.0016283142592));
#9919=VECTOR('',#12271,1.0);
#9920=CARTESIAN_POINT('',(-5.74,2.4,-9.28520344031214));
#9921=VECTOR('',#12272,1.0);
#9922=COLOUR_RGB('',0.196078434586525,0.196078434586525,0.196078434586525);
#9923=CARTESIAN_POINT('',(-5.74,0.4,-8.093));
#9924=CARTESIAN_POINT('',(-5.74,2.775,-8.093));
#9925=VECTOR('',#12273,1.0);
#9926=CARTESIAN_POINT('',(-5.74,0.4,-8.593));
#9927=AXIS2_PLACEMENT_3D('',#12274,#12275,#12276);
#9928=CARTESIAN_POINT('',(-5.74,0.4,-9.27));
#9929=CARTESIAN_POINT('',(-5.74,0.4,-8.51325));
#9930=VECTOR('',#12277,1.0);
#9931=CARTESIAN_POINT('',(-5.74,2.775,-9.27));
#9932=VECTOR('',#12278,1.0);
#9933=COLOUR_RGB('',0.196078434586525,0.196078434586525,0.196078434586525);
#9934=CARTESIAN_POINT('',(-5.74,7.35,-10.9));
#9935=CARTESIAN_POINT('',(-5.74,8.55,-10.9));
#9936=CARTESIAN_POINT('',(-5.74,6.95,-10.9));
#9937=VECTOR('',#12279,1.0);
#9938=CARTESIAN_POINT('',(-5.74,8.55,-10.0016283142592));
#9939=CARTESIAN_POINT('',(-5.74,8.55,-9.28520344031214));
#9940=VECTOR('',#12280,1.0);
#9941=CARTESIAN_POINT('',(-5.74,7.35,-10.0016283142592));
#9942=CARTESIAN_POINT('',(-5.74,6.95,-10.0016283142592));
#9943=VECTOR('',#12281,1.0);
#9944=CARTESIAN_POINT('',(-5.74,7.35,-9.28520344031214));
#9945=VECTOR('',#12282,1.0);
#9946=CARTESIAN_POINT('',(-5.74,8.65,-9.5));
#9947=CARTESIAN_POINT('',(-5.74,7.25,-9.5));
#9948=CARTESIAN_POINT('',(-5.74,6.65,-9.5));
#9949=VECTOR('',#12283,1.0);
#9950=CARTESIAN_POINT('',(-5.74,8.65,-11.07));
#9951=CARTESIAN_POINT('',(-5.74,8.65,-9.19));
#9952=VECTOR('',#12284,1.0);
#9953=CARTESIAN_POINT('',(-5.74,7.25,-11.07));
#9954=CARTESIAN_POINT('',(-5.74,6.65,-11.07));
#9955=VECTOR('',#12285,1.0);
#9956=CARTESIAN_POINT('',(-5.74,7.25,-9.19));
#9957=VECTOR('',#12286,1.0);
#9958=COLOUR_RGB('',0.196078434586525,0.196078434586525,0.196078434586525);
#9959=CARTESIAN_POINT('',(5.74,6.05,-14.8));
#9960=CARTESIAN_POINT('',(5.74,4.75,-14.8));
#9961=CARTESIAN_POINT('',(5.74,5.05,-14.8));
#9962=VECTOR('',#12287,1.0);
#9963=CARTESIAN_POINT('',(5.74,4.75,-13.9016283142592));
#9964=CARTESIAN_POINT('',(5.74,4.75,-11.2352034403121));
#9965=VECTOR('',#12288,1.0);
#9966=CARTESIAN_POINT('',(5.74,6.05,-13.9016283142592));
#9967=CARTESIAN_POINT('',(5.74,5.05,-13.9016283142592));
#9968=VECTOR('',#12289,1.0);
#9969=CARTESIAN_POINT('',(5.74,6.05,-11.2352034403121));
#9970=VECTOR('',#12290,1.0);
#9971=CARTESIAN_POINT('',(5.74,4.6,-13.4));
#9972=CARTESIAN_POINT('',(5.74,6.2,-13.4));
#9973=CARTESIAN_POINT('',(5.74,5.375,-13.4));
#9974=VECTOR('',#12291,1.0);
#9975=CARTESIAN_POINT('',(5.74,4.6,-14.97));
#9976=CARTESIAN_POINT('',(5.74,4.6,-11.14));
#9977=VECTOR('',#12292,1.0);
#9978=CARTESIAN_POINT('',(5.74,6.2,-14.97));
#9979=CARTESIAN_POINT('',(5.74,5.375,-14.97));
#9980=VECTOR('',#12293,1.0);
#9981=CARTESIAN_POINT('',(5.74,6.2,-11.14));
#9982=VECTOR('',#12294,1.0);
#9983=COLOUR_RGB('',0.196078434586525,0.196078434586525,0.196078434586525);
#9984=CARTESIAN_POINT('',(5.74,3.7,-9.5));
#9985=CARTESIAN_POINT('',(5.74,3.7,-11.07));
#9986=CARTESIAN_POINT('',(5.74,3.7,-9.19));
#9987=VECTOR('',#12295,1.0);
#9988=CARTESIAN_POINT('',(5.74,2.3,-9.5));
#9989=CARTESIAN_POINT('',(5.74,4.175,-9.5));
#9990=VECTOR('',#12296,1.0);
#9991=CARTESIAN_POINT('',(5.74,2.3,-11.07));
#9992=CARTESIAN_POINT('',(5.74,2.3,-9.19));
#9993=VECTOR('',#12297,1.0);
#9994=CARTESIAN_POINT('',(5.74,4.175,-11.07));
#9995=VECTOR('',#12298,1.0);
#9996=CARTESIAN_POINT('',(5.74,3.6,-10.9));
#9997=CARTESIAN_POINT('',(5.74,2.4,-10.9));
#9998=CARTESIAN_POINT('',(5.74,3.875,-10.9));
#9999=VECTOR('',#12299,1.0);
#10000=CARTESIAN_POINT('',(5.74,2.4,-10.0016283142592));
#10001=CARTESIAN_POINT('',(5.74,2.4,-9.28520344031214));
#10002=VECTOR('',#12300,1.0);
#10003=CARTESIAN_POINT('',(5.74,3.6,-10.0016283142592));
#10004=CARTESIAN_POINT('',(5.74,3.875,-10.0016283142592));
#10005=VECTOR('',#12301,1.0);
#10006=CARTESIAN_POINT('',(5.74,3.6,-9.28520344031214));
#10007=VECTOR('',#12302,1.0);
#10008=COLOUR_RGB('',0.196078434586525,0.196078434586525,0.196078434586525);
#10009=CARTESIAN_POINT('',(5.74,0.4,-8.093));
#10010=CARTESIAN_POINT('',(5.74,2.775,-8.093));
#10011=VECTOR('',#12303,1.0);
#10012=CARTESIAN_POINT('',(5.74,0.4,-9.27));
#10013=CARTESIAN_POINT('',(5.74,2.775,-9.27));
#10014=VECTOR('',#12304,1.0);
#10015=CARTESIAN_POINT('',(5.74,0.4,-8.593));
#10016=CARTESIAN_POINT('',(5.74,0.4,-8.51325));
#10017=VECTOR('',#12305,1.0);
#10018=AXIS2_PLACEMENT_3D('',#12306,#12307,#12308);
#10019=COLOUR_RGB('',0.196078434586525,0.196078434586525,0.196078434586525);
#10020=CARTESIAN_POINT('',(5.74,8.55,-10.9));
#10021=CARTESIAN_POINT('',(5.74,7.35,-10.9));
#10022=CARTESIAN_POINT('',(5.74,6.35,-10.9));
#10023=VECTOR('',#12309,1.0);
#10024=CARTESIAN_POINT('',(5.74,7.35,-10.0016283142592));
#10025=CARTESIAN_POINT('',(5.74,7.35,-9.28520344031214));
#10026=VECTOR('',#12310,1.0);
#10027=CARTESIAN_POINT('',(5.74,8.55,-10.0016283142592));
#10028=CARTESIAN_POINT('',(5.74,6.35,-10.0016283142592));
#10029=VECTOR('',#12311,1.0);
#10030=CARTESIAN_POINT('',(5.74,8.55,-9.28520344031214));
#10031=VECTOR('',#12312,1.0);
#10032=CARTESIAN_POINT('',(5.74,7.25,-11.07));
#10033=CARTESIAN_POINT('',(5.74,7.25,-9.5));
#10034=CARTESIAN_POINT('',(5.74,7.25,-9.19));
#10035=VECTOR('',#12313,1.0);
#10036=CARTESIAN_POINT('',(5.74,8.65,-11.07));
#10037=CARTESIAN_POINT('',(5.74,6.65,-11.07));
#10038=VECTOR('',#12314,1.0);
#10039=CARTESIAN_POINT('',(5.74,8.65,-9.5));
#10040=CARTESIAN_POINT('',(5.74,8.65,-9.19));
#10041=VECTOR('',#12315,1.0);
#10042=CARTESIAN_POINT('',(5.74,6.65,-9.5));
#10043=VECTOR('',#12316,1.0);
#10044=COLOUR_RGB('',0.705882370471954,0.705882370471954,0.705882370471954);
#10045=CARTESIAN_POINT('',(1.56,-2.3041218929228,-15.225));
#10046=CARTESIAN_POINT('',(1.56,-2.3041218929228,-15.225));
#10047=VECTOR('',#12317,1.0);
#10048=CARTESIAN_POINT('',(1.45,-3.2,-15.225));
#10049=CARTESIAN_POINT('',(1.45,-3.2,-15.225));
#10050=VECTOR('',#12318,1.0);
#10051=CARTESIAN_POINT('',(1.05,-3.2,-15.225));
#10052=CARTESIAN_POINT('',(1.05,-3.2,-15.225));
#10053=VECTOR('',#12319,1.0);
#10054=CARTESIAN_POINT('',(0.94,-2.3041218929228,-15.225));
#10055=CARTESIAN_POINT('',(1.05,-3.2,-15.225));
#10056=VECTOR('',#12320,1.0);
#10057=CARTESIAN_POINT('',(0.94,-2.3041218929228,-15.225));
#10058=VECTOR('',#12321,1.0);
#10059=COLOUR_RGB('',0.705882370471954,0.705882370471954,0.705882370471954);
#10060=CARTESIAN_POINT('',(1.56,-2.3041218929228,-14.975));
#10061=CARTESIAN_POINT('',(1.56,-2.3041218929228,-14.975));
#10062=VECTOR('',#12322,1.0);
#10063=CARTESIAN_POINT('',(1.56,-2.3041218929228,-15.225));
#10064=VECTOR('',#12323,1.0);
#10065=COLOUR_RGB('',0.705882370471954,0.705882370471954,0.705882370471954);
#10066=CARTESIAN_POINT('',(1.05,-3.2,-14.975));
#10067=CARTESIAN_POINT('',(0.94,-2.3041218929228,-14.975));
#10068=CARTESIAN_POINT('',(1.05,-3.2,-14.975));
#10069=VECTOR('',#12324,1.0);
#10070=CARTESIAN_POINT('',(0.94,-2.3041218929228,-15.225));
#10071=VECTOR('',#12325,1.0);
#10072=CARTESIAN_POINT('',(1.05,-3.2,-15.225));
#10073=VECTOR('',#12326,1.0);
#10074=COLOUR_RGB('',0.705882370471954,0.705882370471954,0.705882370471954);
#10075=CARTESIAN_POINT('',(0.94,-2.3041218929228,-14.975));
#10076=VECTOR('',#12327,1.0);
#10077=COLOUR_RGB('',0.705882370471954,0.705882370471954,0.705882370471954);
#10078=CARTESIAN_POINT('',(1.45,-3.2,-14.975));
#10079=CARTESIAN_POINT('',(1.45,-3.2,-14.975));
#10080=VECTOR('',#12328,0.999999999999999);
#10081=CARTESIAN_POINT('',(1.45,-3.2,-15.225));
#10082=VECTOR('',#12329,1.0);
#10083=COLOUR_RGB('',0.705882370471954,0.705882370471954,0.705882370471954);
#10084=CARTESIAN_POINT('',(1.05,-3.2,-14.975));
#10085=VECTOR('',#12330,1.0);
#10086=COLOUR_RGB('',0.705882370471954,0.705882370471954,0.705882370471954);
#10087=COLOUR_RGB('',0.705882370471954,0.705882370471954,0.705882370471954);
#10088=CARTESIAN_POINT('',(-0.94,-2.3041218929228,-15.225));
#10089=CARTESIAN_POINT('',(-0.94,-2.3041218929228,-15.225));
#10090=VECTOR('',#12331,1.0);
#10091=CARTESIAN_POINT('',(-1.05,-3.2,-15.225));
#10092=CARTESIAN_POINT('',(-1.05,-3.2,-15.225));
#10093=VECTOR('',#12332,1.0);
#10094=CARTESIAN_POINT('',(-1.45,-3.2,-15.225));
#10095=CARTESIAN_POINT('',(-1.45,-3.2,-15.225));
#10096=VECTOR('',#12333,1.0);
#10097=CARTESIAN_POINT('',(-1.56,-2.3041218929228,-15.225));
#10098=CARTESIAN_POINT('',(-1.45,-3.2,-15.225));
#10099=VECTOR('',#12334,1.0);
#10100=CARTESIAN_POINT('',(-1.56,-2.3041218929228,-15.225));
#10101=VECTOR('',#12335,1.0);
#10102=COLOUR_RGB('',0.705882370471954,0.705882370471954,0.705882370471954);
#10103=CARTESIAN_POINT('',(-0.94,-2.3041218929228,-14.975));
#10104=CARTESIAN_POINT('',(-0.94,-2.3041218929228,-14.975));
#10105=VECTOR('',#12336,1.0);
#10106=CARTESIAN_POINT('',(-0.94,-2.3041218929228,-15.225));
#10107=VECTOR('',#12337,1.0);
#10108=COLOUR_RGB('',0.705882370471954,0.705882370471954,0.705882370471954);
#10109=CARTESIAN_POINT('',(-1.45,-3.2,-14.975));
#10110=CARTESIAN_POINT('',(-1.56,-2.3041218929228,-14.975));
#10111=CARTESIAN_POINT('',(-1.45,-3.2,-14.975));
#10112=VECTOR('',#12338,1.0);
#10113=CARTESIAN_POINT('',(-1.56,-2.3041218929228,-15.225));
#10114=VECTOR('',#12339,1.0);
#10115=CARTESIAN_POINT('',(-1.45,-3.2,-15.225));
#10116=VECTOR('',#12340,1.0);
#10117=COLOUR_RGB('',0.705882370471954,0.705882370471954,0.705882370471954);
#10118=CARTESIAN_POINT('',(-1.56,-2.3041218929228,-14.975));
#10119=VECTOR('',#12341,1.0);
#10120=COLOUR_RGB('',0.705882370471954,0.705882370471954,0.705882370471954);
#10121=CARTESIAN_POINT('',(-1.05,-3.2,-14.975));
#10122=CARTESIAN_POINT('',(-1.05,-3.2,-14.975));
#10123=VECTOR('',#12342,1.0);
#10124=CARTESIAN_POINT('',(-1.05,-3.2,-15.225));
#10125=VECTOR('',#12343,1.0);
#10126=COLOUR_RGB('',0.705882370471954,0.705882370471954,0.705882370471954);
#10127=CARTESIAN_POINT('',(-1.45,-3.2,-14.975));
#10128=VECTOR('',#12344,1.0);
#10129=COLOUR_RGB('',0.705882370471954,0.705882370471954,0.705882370471954);
#10130=COLOUR_RGB('',0.705882370471954,0.705882370471954,0.705882370471954);
#10131=CARTESIAN_POINT('',(1.56,-2.3041218929228,-13.225));
#10132=CARTESIAN_POINT('',(1.56,-2.3041218929228,-13.225));
#10133=VECTOR('',#12345,1.0);
#10134=CARTESIAN_POINT('',(1.45,-3.2,-13.225));
#10135=CARTESIAN_POINT('',(1.45,-3.2,-13.225));
#10136=VECTOR('',#12346,1.0);
#10137=CARTESIAN_POINT('',(1.05,-3.2,-13.225));
#10138=CARTESIAN_POINT('',(1.05,-3.2,-13.225));
#10139=VECTOR('',#12347,1.0);
#10140=CARTESIAN_POINT('',(0.94,-2.3041218929228,-13.225));
#10141=CARTESIAN_POINT('',(1.05,-3.2,-13.225));
#10142=VECTOR('',#12348,1.0);
#10143=CARTESIAN_POINT('',(0.94,-2.3041218929228,-13.225));
#10144=VECTOR('',#12349,1.0);
#10145=COLOUR_RGB('',0.705882370471954,0.705882370471954,0.705882370471954);
#10146=CARTESIAN_POINT('',(1.56,-2.3041218929228,-12.975));
#10147=CARTESIAN_POINT('',(1.56,-2.3041218929228,-12.975));
#10148=VECTOR('',#12350,1.0);
#10149=CARTESIAN_POINT('',(1.56,-2.3041218929228,-13.225));
#10150=VECTOR('',#12351,1.0);
#10151=COLOUR_RGB('',0.705882370471954,0.705882370471954,0.705882370471954);
#10152=CARTESIAN_POINT('',(1.05,-3.2,-12.975));
#10153=CARTESIAN_POINT('',(0.94,-2.3041218929228,-12.975));
#10154=CARTESIAN_POINT('',(1.05,-3.2,-12.975));
#10155=VECTOR('',#12352,1.0);
#10156=CARTESIAN_POINT('',(0.94,-2.3041218929228,-13.225));
#10157=VECTOR('',#12353,1.0);
#10158=CARTESIAN_POINT('',(1.05,-3.2,-13.225));
#10159=VECTOR('',#12354,1.0);
#10160=COLOUR_RGB('',0.705882370471954,0.705882370471954,0.705882370471954);
#10161=CARTESIAN_POINT('',(0.94,-2.3041218929228,-12.975));
#10162=VECTOR('',#12355,1.0);
#10163=COLOUR_RGB('',0.705882370471954,0.705882370471954,0.705882370471954);
#10164=CARTESIAN_POINT('',(1.45,-3.2,-12.975));
#10165=CARTESIAN_POINT('',(1.45,-3.2,-12.975));
#10166=VECTOR('',#12356,1.0);
#10167=CARTESIAN_POINT('',(1.45,-3.2,-13.225));
#10168=VECTOR('',#12357,1.0);
#10169=COLOUR_RGB('',0.705882370471954,0.705882370471954,0.705882370471954);
#10170=CARTESIAN_POINT('',(1.05,-3.2,-12.975));
#10171=VECTOR('',#12358,1.0);
#10172=COLOUR_RGB('',0.705882370471954,0.705882370471954,0.705882370471954);
#10173=COLOUR_RGB('',0.705882370471954,0.705882370471954,0.705882370471954);
#10174=CARTESIAN_POINT('',(-0.94,-2.3041218929228,-13.225));
#10175=CARTESIAN_POINT('',(-0.94,-2.3041218929228,-13.225));
#10176=VECTOR('',#12359,1.0);
#10177=CARTESIAN_POINT('',(-1.05,-3.2,-13.225));
#10178=CARTESIAN_POINT('',(-1.05,-3.2,-13.225));
#10179=VECTOR('',#12360,1.0);
#10180=CARTESIAN_POINT('',(-1.45,-3.2,-13.225));
#10181=CARTESIAN_POINT('',(-1.45,-3.2,-13.225));
#10182=VECTOR('',#12361,1.0);
#10183=CARTESIAN_POINT('',(-1.56,-2.3041218929228,-13.225));
#10184=CARTESIAN_POINT('',(-1.45,-3.2,-13.225));
#10185=VECTOR('',#12362,1.0);
#10186=CARTESIAN_POINT('',(-1.56,-2.3041218929228,-13.225));
#10187=VECTOR('',#12363,1.0);
#10188=COLOUR_RGB('',0.705882370471954,0.705882370471954,0.705882370471954);
#10189=CARTESIAN_POINT('',(-0.94,-2.3041218929228,-12.975));
#10190=CARTESIAN_POINT('',(-0.94,-2.3041218929228,-12.975));
#10191=VECTOR('',#12364,1.0);
#10192=CARTESIAN_POINT('',(-0.94,-2.3041218929228,-13.225));
#10193=VECTOR('',#12365,1.0);
#10194=COLOUR_RGB('',0.705882370471954,0.705882370471954,0.705882370471954);
#10195=CARTESIAN_POINT('',(-1.45,-3.2,-12.975));
#10196=CARTESIAN_POINT('',(-1.56,-2.3041218929228,-12.975));
#10197=CARTESIAN_POINT('',(-1.45,-3.2,-12.975));
#10198=VECTOR('',#12366,1.0);
#10199=CARTESIAN_POINT('',(-1.56,-2.3041218929228,-13.225));
#10200=VECTOR('',#12367,1.0);
#10201=CARTESIAN_POINT('',(-1.45,-3.2,-13.225));
#10202=VECTOR('',#12368,1.0);
#10203=COLOUR_RGB('',0.705882370471954,0.705882370471954,0.705882370471954);
#10204=CARTESIAN_POINT('',(-1.56,-2.3041218929228,-12.975));
#10205=VECTOR('',#12369,1.0);
#10206=COLOUR_RGB('',0.705882370471954,0.705882370471954,0.705882370471954);
#10207=CARTESIAN_POINT('',(-1.05,-3.2,-12.975));
#10208=CARTESIAN_POINT('',(-1.05,-3.2,-12.975));
#10209=VECTOR('',#12370,1.0);
#10210=CARTESIAN_POINT('',(-1.05,-3.2,-13.225));
#10211=VECTOR('',#12371,1.0);
#10212=COLOUR_RGB('',0.705882370471954,0.705882370471954,0.705882370471954);
#10213=CARTESIAN_POINT('',(-1.45,-3.2,-12.975));
#10214=VECTOR('',#12372,1.0);
#10215=COLOUR_RGB('',0.705882370471954,0.705882370471954,0.705882370471954);
#10216=COLOUR_RGB('',1.0,1.0,0.0);
#10217=CARTESIAN_POINT('',(0.65,6.98,-2.80642991670592));
#10218=CARTESIAN_POINT('',(1.85,6.98,-2.80642991670592));
#10219=CARTESIAN_POINT('',(-0.474999999999999,6.98,-2.80642991670592));
#10220=VECTOR('',#12373,1.0);
#10221=CARTESIAN_POINT('',(0.65,7.43682817214264,-3.62672824244783));
#10222=CARTESIAN_POINT('',(0.65,7.43682817214264,-3.62672824244783));
#10223=VECTOR('',#12374,1.0);
#10224=CARTESIAN_POINT('',(1.85,7.43682817214264,-3.62672824244783));
#10225=CARTESIAN_POINT('',(1.85,7.43682817214264,-3.62672824244783));
#10226=VECTOR('',#12375,1.0);
#10227=CARTESIAN_POINT('',(1.85,7.43682817214264,-3.62672824244783));
#10228=VECTOR('',#12376,1.0);
#10229=COLOUR_RGB('',1.0,1.0,0.0);
#10230=CARTESIAN_POINT('',(1.85,6.98,-2.3483828577577));
#10231=CARTESIAN_POINT('',(1.85,6.98,-4.76402082865284));
#10232=VECTOR('',#12377,1.0);
#10233=CARTESIAN_POINT('',(1.85,7.45972135468753,-4.06661199364298));
#10234=AXIS2_PLACEMENT_3D('',#12378,#12379,#12380);
#10235=CARTESIAN_POINT('',(1.85,6.98,-5.18830425138975));
#10236=CARTESIAN_POINT('',(1.85,6.05125480376141,-7.35991134342527));
#10237=VECTOR('',#12381,0.999999999999999);
#10238=CARTESIAN_POINT('',(1.85,6.98,-5.80346729647326));
#10239=CARTESIAN_POINT('',(1.85,6.98,-4.76402082865284));
#10240=VECTOR('',#12382,1.0);
#10241=CARTESIAN_POINT('',(1.85,7.68823528496604,-4.16804729914514));
#10242=CARTESIAN_POINT('',(1.85,7.68823528496604,-4.16804729914514));
#10243=VECTOR('',#12383,1.0);
#10244=CARTESIAN_POINT('',(1.85,7.6476695159326,-3.49181459820395));
#10245=AXIS2_PLACEMENT_3D('',#12384,#12385,#12386);
#10246=CARTESIAN_POINT('',(1.85,6.87,-2.16));
#10247=VECTOR('',#12387,0.999999999999999);
#10248=COLOUR_RGB('',1.0,1.0,0.0);
#10249=CARTESIAN_POINT('',(0.65,6.98,-5.18830425138975));
#10250=CARTESIAN_POINT('',(-0.475,6.98,-5.18830425138975));
#10251=VECTOR('',#12388,1.0);
#10252=CARTESIAN_POINT('',(0.65,7.45972135468753,-4.06661199364298));
#10253=CARTESIAN_POINT('',(1.85,7.45972135468753,-4.06661199364298));
#10254=VECTOR('',#12389,1.0);
#10255=CARTESIAN_POINT('',(0.65,6.05125480376141,-7.35991134342527));
#10256=VECTOR('',#12390,0.999999999999999);
#10257=COLOUR_RGB('',1.0,1.0,0.0);
#10258=CARTESIAN_POINT('',(0.65,6.98,-5.80346729647326));
#10259=CARTESIAN_POINT('',(-0.475,6.98,-5.80346729647326));
#10260=VECTOR('',#12391,1.0);
#10261=CARTESIAN_POINT('',(0.65,7.68823528496604,-4.16804729914514));
#10262=CARTESIAN_POINT('',(0.65,7.68823528496604,-4.16804729914514));
#10263=VECTOR('',#12392,1.0);
#10264=CARTESIAN_POINT('',(1.85,7.68823528496604,-4.16804729914514));
#10265=VECTOR('',#12393,1.0);
#10266=COLOUR_RGB('',1.0,1.0,0.0);
#10267=CARTESIAN_POINT('',(0.65,7.6476695159326,-3.49181459820395));
#10268=AXIS2_PLACEMENT_3D('',#12394,#12395,#12396);
#10269=CARTESIAN_POINT('',(1.85,7.6476695159326,-3.49181459820395));
#10270=VECTOR('',#12397,1.0);
#10271=COLOUR_RGB('',1.0,1.0,0.0);
#10272=CARTESIAN_POINT('',(0.65,6.98,-2.3483828577577));
#10273=CARTESIAN_POINT('',(-0.474999999999999,6.98,-2.3483828577577));
#10274=VECTOR('',#12398,1.0);
#10275=CARTESIAN_POINT('',(0.65,6.87,-2.16));
#10276=VECTOR('',#12399,0.999999999999999);
#10277=COLOUR_RGB('',1.0,1.0,0.0);
#10278=AXIS2_PLACEMENT_3D('',#12400,#12401,#12402);
#10279=COLOUR_RGB('',1.0,1.0,0.0);
#10280=CARTESIAN_POINT('',(0.65,6.98,-4.76402082865284));
#10281=VECTOR('',#12403,1.0);
#10282=CARTESIAN_POINT('',(0.65,6.98,-4.76402082865284));
#10283=VECTOR('',#12404,1.0);
#10284=COLOUR_RGB('',0.196078434586525,0.196078434586525,0.196078434586525);
#10285=CARTESIAN_POINT('',(-1.85,6.98,-2.80642991670592));
#10286=CARTESIAN_POINT('',(-0.65,6.98,-2.80642991670592));
#10287=CARTESIAN_POINT('',(-1.725,6.98,-2.80642991670592));
#10288=VECTOR('',#12405,1.0);
#10289=CARTESIAN_POINT('',(-0.65,6.98,-2.3483828577577));
#10290=CARTESIAN_POINT('',(-0.65,6.98,-4.76402082865284));
#10291=VECTOR('',#12406,1.0);
#10292=CARTESIAN_POINT('',(-1.85,6.98,-2.3483828577577));
#10293=CARTESIAN_POINT('',(-1.725,6.98,-2.3483828577577));
#10294=VECTOR('',#12407,1.0);
#10295=CARTESIAN_POINT('',(-1.85,6.98,-4.76402082865284));
#10296=VECTOR('',#12408,1.0);
#10297=CARTESIAN_POINT('',(-0.65,6.98,-5.18830425138975));
#10298=CARTESIAN_POINT('',(-1.85,6.98,-5.18830425138975));
#10299=CARTESIAN_POINT('',(-1.725,6.98,-5.18830425138975));
#10300=VECTOR('',#12409,1.0);
#10301=CARTESIAN_POINT('',(-1.85,6.98,-5.80346729647326));
#10302=CARTESIAN_POINT('',(-1.85,6.98,-4.76402082865284));
#10303=VECTOR('',#12410,1.0);
#10304=CARTESIAN_POINT('',(-0.65,6.98,-5.80346729647326));
#10305=CARTESIAN_POINT('',(-1.725,6.98,-5.80346729647326));
#10306=VECTOR('',#12411,1.0);
#10307=CARTESIAN_POINT('',(-0.65,6.98,-4.76402082865284));
#10308=VECTOR('',#12412,1.0);
#10309=CARTESIAN_POINT('',(-2.8,6.98,-9.1));
#10310=CARTESIAN_POINT('',(2.8,6.98,-9.1));
#10311=CARTESIAN_POINT('',(-1.4,6.98,-9.1));
#10312=VECTOR('',#12413,1.0);
#10313=CARTESIAN_POINT('',(-2.8,6.98,-0.500000000000001));
#10314=CARTESIAN_POINT('',(-2.8,6.98,-0.500000000000001));
#10315=VECTOR('',#12414,1.0);
#10316=CARTESIAN_POINT('',(2.8,6.98,-0.5));
#10317=CARTESIAN_POINT('',(-2.8,6.98,-0.500000000000001));
#10318=VECTOR('',#12415,1.0);
#10319=CARTESIAN_POINT('',(2.8,6.98,-0.5));
#10320=VECTOR('',#12416,1.0);
#10321=COLOUR_RGB('',1.0,1.0,0.0);
#10322=CARTESIAN_POINT('',(-1.85,7.43682817214264,-3.62672824244783));
#10323=CARTESIAN_POINT('',(-1.85,7.43682817214264,-3.62672824244783));
#10324=VECTOR('',#12417,1.0);
#10325=CARTESIAN_POINT('',(-0.65,7.43682817214264,-3.62672824244783));
#10326=CARTESIAN_POINT('',(-0.65,7.43682817214264,-3.62672824244783));
#10327=VECTOR('',#12418,1.0);
#10328=CARTESIAN_POINT('',(-0.65,7.43682817214264,-3.62672824244783));
#10329=VECTOR('',#12419,1.0);
#10330=COLOUR_RGB('',1.0,1.0,0.0);
#10331=CARTESIAN_POINT('',(-0.65,7.45972135468753,-4.06661199364298));
#10332=AXIS2_PLACEMENT_3D('',#12420,#12421,#12422);
#10333=CARTESIAN_POINT('',(-0.65,6.05125480376141,-7.35991134342527));
#10334=VECTOR('',#12423,1.0);
#10335=CARTESIAN_POINT('',(-0.65,7.68823528496604,-4.16804729914514));
#10336=CARTESIAN_POINT('',(-0.65,7.68823528496604,-4.16804729914514));
#10337=VECTOR('',#12424,1.0);
#10338=CARTESIAN_POINT('',(-0.65,7.6476695159326,-3.49181459820395));
#10339=AXIS2_PLACEMENT_3D('',#12425,#12426,#12427);
#10340=CARTESIAN_POINT('',(-0.65,6.87,-2.16));
#10341=VECTOR('',#12428,1.0);
#10342=COLOUR_RGB('',1.0,1.0,0.0);
#10343=CARTESIAN_POINT('',(-1.85,7.45972135468753,-4.06661199364298));
#10344=CARTESIAN_POINT('',(-0.65,7.45972135468753,-4.06661199364298));
#10345=VECTOR('',#12429,1.0);
#10346=CARTESIAN_POINT('',(-1.85,6.05125480376141,-7.35991134342527));
#10347=VECTOR('',#12430,0.999999999999999);
#10348=COLOUR_RGB('',1.0,1.0,0.0);
#10349=CARTESIAN_POINT('',(-1.85,7.68823528496604,-4.16804729914514));
#10350=CARTESIAN_POINT('',(-1.85,7.68823528496604,-4.16804729914514));
#10351=VECTOR('',#12431,1.0);
#10352=CARTESIAN_POINT('',(-0.65,7.68823528496604,-4.16804729914514));
#10353=VECTOR('',#12432,1.0);
#10354=COLOUR_RGB('',1.0,1.0,0.0);
#10355=CARTESIAN_POINT('',(-1.85,7.6476695159326,-3.49181459820395));
#10356=AXIS2_PLACEMENT_3D('',#12433,#12434,#12435);
#10357=CARTESIAN_POINT('',(-0.65,7.6476695159326,-3.49181459820395));
#10358=VECTOR('',#12436,1.0);
#10359=COLOUR_RGB('',1.0,1.0,0.0);
#10360=CARTESIAN_POINT('',(-1.85,6.87,-2.16));
#10361=VECTOR('',#12437,0.999999999999999);
#10362=COLOUR_RGB('',1.0,1.0,0.0);
#10363=AXIS2_PLACEMENT_3D('',#12438,#12439,#12440);
#10364=COLOUR_RGB('',1.0,1.0,0.0);
#10365=COLOUR_RGB('',1.0,1.0,0.0);
#10366=CARTESIAN_POINT('',(1.85,3.8,-2.80642991670592));
#10367=CARTESIAN_POINT('',(0.65,3.8,-2.80642991670592));
#10368=CARTESIAN_POINT('',(-1.075,3.8,-2.80642991670592));
#10369=VECTOR('',#12441,1.0);
#10370=CARTESIAN_POINT('',(1.85,3.34317182785736,-3.62672824244783));
#10371=CARTESIAN_POINT('',(1.85,3.34317182785736,-3.62672824244783));
#10372=VECTOR('',#12442,1.0);
#10373=CARTESIAN_POINT('',(0.65,3.34317182785736,-3.62672824244783));
#10374=CARTESIAN_POINT('',(0.65,3.34317182785736,-3.62672824244783));
#10375=VECTOR('',#12443,1.0);
#10376=CARTESIAN_POINT('',(0.65,3.34317182785736,-3.62672824244783));
#10377=VECTOR('',#12444,1.0);
#10378=COLOUR_RGB('',1.0,1.0,0.0);
#10379=CARTESIAN_POINT('',(0.65,3.8,-2.3483828577577));
#10380=CARTESIAN_POINT('',(0.65,3.8,-4.76402082865284));
#10381=VECTOR('',#12445,1.0);
#10382=CARTESIAN_POINT('',(0.65,3.32027864531247,-4.06661199364298));
#10383=AXIS2_PLACEMENT_3D('',#12446,#12447,#12448);
#10384=CARTESIAN_POINT('',(0.65,3.8,-5.18830425138975));
#10385=CARTESIAN_POINT('',(0.65,4.72874519623859,-7.35991134342527));
#10386=VECTOR('',#12449,1.0);
#10387=CARTESIAN_POINT('',(0.65,3.8,-5.80346729647326));
#10388=CARTESIAN_POINT('',(0.65,3.8,-4.76402082865284));
#10389=VECTOR('',#12450,1.0);
#10390=CARTESIAN_POINT('',(0.65,3.09176471503396,-4.16804729914514));
#10391=CARTESIAN_POINT('',(0.65,3.09176471503396,-4.16804729914514));
#10392=VECTOR('',#12451,1.0);
#10393=CARTESIAN_POINT('',(0.65,3.1323304840674,-3.49181459820395));
#10394=AXIS2_PLACEMENT_3D('',#12452,#12453,#12454);
#10395=CARTESIAN_POINT('',(0.65,3.91,-2.16));
#10396=VECTOR('',#12455,1.0);
#10397=COLOUR_RGB('',1.0,1.0,0.0);
#10398=CARTESIAN_POINT('',(1.85,3.8,-5.18830425138975));
#10399=CARTESIAN_POINT('',(-1.075,3.8,-5.18830425138974));
#10400=VECTOR('',#12456,1.0);
#10401=CARTESIAN_POINT('',(1.85,3.32027864531247,-4.06661199364298));
#10402=CARTESIAN_POINT('',(0.65,3.32027864531247,-4.06661199364298));
#10403=VECTOR('',#12457,1.0);
#10404=CARTESIAN_POINT('',(1.85,4.72874519623859,-7.35991134342527));
#10405=VECTOR('',#12458,0.999999999999999);
#10406=COLOUR_RGB('',1.0,1.0,0.0);
#10407=CARTESIAN_POINT('',(1.85,3.8,-5.80346729647326));
#10408=CARTESIAN_POINT('',(-1.075,3.8,-5.80346729647326));
#10409=VECTOR('',#12459,1.0);
#10410=CARTESIAN_POINT('',(1.85,3.09176471503396,-4.16804729914514));
#10411=CARTESIAN_POINT('',(1.85,3.09176471503396,-4.16804729914514));
#10412=VECTOR('',#12460,1.0);
#10413=CARTESIAN_POINT('',(0.65,3.09176471503396,-4.16804729914514));
#10414=VECTOR('',#12461,1.0);
#10415=COLOUR_RGB('',1.0,1.0,0.0);
#10416=CARTESIAN_POINT('',(1.85,3.1323304840674,-3.49181459820395));
#10417=AXIS2_PLACEMENT_3D('',#12462,#12463,#12464);
#10418=CARTESIAN_POINT('',(0.65,3.1323304840674,-3.49181459820395));
#10419=VECTOR('',#12465,1.0);
#10420=COLOUR_RGB('',1.0,1.0,0.0);
#10421=CARTESIAN_POINT('',(1.85,3.8,-2.3483828577577));
#10422=CARTESIAN_POINT('',(-1.075,3.8,-2.3483828577577));
#10423=VECTOR('',#12466,1.0);
#10424=CARTESIAN_POINT('',(1.85,3.91,-2.16));
#10425=VECTOR('',#12467,0.999999999999999);
#10426=COLOUR_RGB('',1.0,1.0,0.0);
#10427=AXIS2_PLACEMENT_3D('',#12468,#12469,#12470);
#10428=COLOUR_RGB('',1.0,1.0,0.0);
#10429=CARTESIAN_POINT('',(1.85,3.8,-4.76402082865284));
#10430=VECTOR('',#12471,1.0);
#10431=CARTESIAN_POINT('',(1.85,3.8,-4.76402082865284));
#10432=VECTOR('',#12472,1.0);
#10433=COLOUR_RGB('',0.196078434586525,0.196078434586525,0.196078434586525);
#10434=CARTESIAN_POINT('',(-0.65,3.8,-2.80642991670592));
#10435=CARTESIAN_POINT('',(-1.85,3.8,-2.80642991670592));
#10436=CARTESIAN_POINT('',(-2.325,3.8,-2.80642991670592));
#10437=VECTOR('',#12473,1.0);
#10438=CARTESIAN_POINT('',(-1.85,3.8,-2.3483828577577));
#10439=CARTESIAN_POINT('',(-1.85,3.8,-4.76402082865284));
#10440=VECTOR('',#12474,1.0);
#10441=CARTESIAN_POINT('',(-0.65,3.8,-2.3483828577577));
#10442=CARTESIAN_POINT('',(-2.325,3.8,-2.3483828577577));
#10443=VECTOR('',#12475,1.0);
#10444=CARTESIAN_POINT('',(-0.65,3.8,-4.76402082865284));
#10445=VECTOR('',#12476,1.0);
#10446=CARTESIAN_POINT('',(-1.85,3.8,-5.18830425138974));
#10447=CARTESIAN_POINT('',(-0.65,3.8,-5.18830425138975));
#10448=CARTESIAN_POINT('',(-2.325,3.8,-5.18830425138974));
#10449=VECTOR('',#12477,1.0);
#10450=CARTESIAN_POINT('',(-0.65,3.8,-5.80346729647326));
#10451=CARTESIAN_POINT('',(-0.65,3.8,-4.76402082865284));
#10452=VECTOR('',#12478,1.0);
#10453=CARTESIAN_POINT('',(-1.85,3.8,-5.80346729647326));
#10454=CARTESIAN_POINT('',(-2.325,3.8,-5.80346729647326));
#10455=VECTOR('',#12479,1.0);
#10456=CARTESIAN_POINT('',(-1.85,3.8,-4.76402082865284));
#10457=VECTOR('',#12480,1.0);
#10458=CARTESIAN_POINT('',(2.8,3.8,-9.1));
#10459=CARTESIAN_POINT('',(-2.8,3.8,-9.1));
#10460=CARTESIAN_POINT('',(-1.4,3.8,-9.1));
#10461=VECTOR('',#12481,1.0);
#10462=CARTESIAN_POINT('',(2.8,3.8,-0.499999999999999));
#10463=CARTESIAN_POINT('',(2.8,3.8,-0.499999999999999));
#10464=VECTOR('',#12482,1.0);
#10465=CARTESIAN_POINT('',(-2.8,3.8,-0.5));
#10466=CARTESIAN_POINT('',(-2.8,3.8,-0.5));
#10467=VECTOR('',#12483,1.0);
#10468=CARTESIAN_POINT('',(-2.8,3.8,-0.5));
#10469=VECTOR('',#12484,1.0);
#10470=COLOUR_RGB('',1.0,1.0,0.0);
#10471=CARTESIAN_POINT('',(-0.65,3.34317182785736,-3.62672824244783));
#10472=CARTESIAN_POINT('',(-0.65,3.34317182785736,-3.62672824244783));
#10473=VECTOR('',#12485,1.0);
#10474=CARTESIAN_POINT('',(-1.85,3.34317182785736,-3.62672824244783));
#10475=CARTESIAN_POINT('',(-1.85,3.34317182785736,-3.62672824244783));
#10476=VECTOR('',#12486,1.0);
#10477=CARTESIAN_POINT('',(-1.85,3.34317182785736,-3.62672824244783));
#10478=VECTOR('',#12487,1.0);
#10479=COLOUR_RGB('',1.0,1.0,0.0);
#10480=CARTESIAN_POINT('',(-1.85,3.32027864531247,-4.06661199364298));
#10481=AXIS2_PLACEMENT_3D('',#12488,#12489,#12490);
#10482=CARTESIAN_POINT('',(-1.85,4.72874519623859,-7.35991134342527));
#10483=VECTOR('',#12491,1.0);
#10484=CARTESIAN_POINT('',(-1.85,3.09176471503396,-4.16804729914514));
#10485=CARTESIAN_POINT('',(-1.85,3.09176471503396,-4.16804729914514));
#10486=VECTOR('',#12492,1.0);
#10487=CARTESIAN_POINT('',(-1.85,3.1323304840674,-3.49181459820395));
#10488=AXIS2_PLACEMENT_3D('',#12493,#12494,#12495);
#10489=CARTESIAN_POINT('',(-1.85,3.91,-2.16));
#10490=VECTOR('',#12496,1.0);
#10491=COLOUR_RGB('',1.0,1.0,0.0);
#10492=CARTESIAN_POINT('',(-0.65,3.32027864531247,-4.06661199364298));
#10493=CARTESIAN_POINT('',(-1.85,3.32027864531247,-4.06661199364298));
#10494=VECTOR('',#12497,1.0);
#10495=CARTESIAN_POINT('',(-0.65,4.72874519623859,-7.35991134342527));
#10496=VECTOR('',#12498,1.0);
#10497=COLOUR_RGB('',1.0,1.0,0.0);
#10498=CARTESIAN_POINT('',(-0.65,3.09176471503396,-4.16804729914514));
#10499=CARTESIAN_POINT('',(-0.65,3.09176471503396,-4.16804729914514));
#10500=VECTOR('',#12499,1.0);
#10501=CARTESIAN_POINT('',(-1.85,3.09176471503396,-4.16804729914514));
#10502=VECTOR('',#12500,1.0);
#10503=COLOUR_RGB('',1.0,1.0,0.0);
#10504=CARTESIAN_POINT('',(-0.65,3.1323304840674,-3.49181459820395));
#10505=AXIS2_PLACEMENT_3D('',#12501,#12502,#12503);
#10506=CARTESIAN_POINT('',(-1.85,3.1323304840674,-3.49181459820395));
#10507=VECTOR('',#12504,1.0);
#10508=COLOUR_RGB('',1.0,1.0,0.0);
#10509=CARTESIAN_POINT('',(-0.65,3.91,-2.16));
#10510=VECTOR('',#12505,1.0);
#10511=COLOUR_RGB('',1.0,1.0,0.0);
#10512=AXIS2_PLACEMENT_3D('',#12506,#12507,#12508);
#10513=COLOUR_RGB('',1.0,1.0,0.0);
#10514=COLOUR_RGB('',0.196078434586525,0.196078434586525,0.196078434586525);
#10515=CARTESIAN_POINT('',(2.8,5.2105760019119,-9.1));
#10516=VECTOR('',#12509,1.0);
#10517=CARTESIAN_POINT('',(2.8,6.78,-0.3));
#10518=CARTESIAN_POINT('',(2.8,6.78,-0.3));
#10519=VECTOR('',#12510,1.0);
#10520=CARTESIAN_POINT('',(2.8,4.0,-0.3));
#10521=CARTESIAN_POINT('',(2.8,4.0,-0.3));
#10522=VECTOR('',#12511,1.0);
#10523=CARTESIAN_POINT('',(2.8,4.0,-0.3));
#10524=VECTOR('',#12512,1.0);
#10525=COLOUR_RGB('',0.196078434586525,0.196078434586525,0.196078434586525);
#10526=CARTESIAN_POINT('',(-2.8,4.0,-0.3));
#10527=CARTESIAN_POINT('',(-2.8,4.0,-0.3));
#10528=VECTOR('',#12513,1.0);
#10529=CARTESIAN_POINT('',(-2.8,4.0,-0.3));
#10530=VECTOR('',#12514,1.0);
#10531=COLOUR_RGB('',0.196078434586525,0.196078434586525,0.196078434586525);
#10532=CARTESIAN_POINT('',(-2.8,6.78,-0.3));
#10533=CARTESIAN_POINT('',(-2.8,6.78,-0.3));
#10534=VECTOR('',#12515,1.0);
#10535=CARTESIAN_POINT('',(-2.8,4.0,-0.3));
#10536=VECTOR('',#12516,1.0);
#10537=COLOUR_RGB('',0.196078434586525,0.196078434586525,0.196078434586525);
#10538=CARTESIAN_POINT('',(-2.8,6.78,-0.3));
#10539=VECTOR('',#12517,1.0);
#10540=COLOUR_RGB('',0.196078434586525,0.196078434586525,0.196078434586525);
#10541=CARTESIAN_POINT('',(-2.8,5.2105760019119,-9.1));
#10542=VECTOR('',#12518,1.0);
#10543=COLOUR_RGB('',0.196078434586525,0.196078434586525,0.196078434586525);
#10544=CARTESIAN_POINT('',(4.95,6.44,-0.31));
#10545=CARTESIAN_POINT('',(4.95,2.44,-0.31));
#10546=CARTESIAN_POINT('',(4.95,4.65814661208404,-0.31));
#10547=VECTOR('',#12519,1.0);
#10548=CARTESIAN_POINT('',(4.95,6.44,-9.1));
#10549=CARTESIAN_POINT('',(4.95,6.44,-9.1));
#10550=VECTOR('',#12520,1.0);
#10551=CARTESIAN_POINT('',(4.95,2.44,-9.1));
#10552=CARTESIAN_POINT('',(4.95,2.44,-9.1));
#10553=VECTOR('',#12521,1.0);
#10554=CARTESIAN_POINT('',(4.95,2.44,-9.1));
#10555=VECTOR('',#12522,1.0);
#10556=COLOUR_RGB('',0.196078434586525,0.196078434586525,0.196078434586525);
#10557=CARTESIAN_POINT('',(4.55,2.44,-0.31));
#10558=CARTESIAN_POINT('',(2.29375,2.44,-0.31));
#10559=VECTOR('',#12523,1.0);
#10560=CARTESIAN_POINT('',(4.225,2.44,-9.1));
#10561=CARTESIAN_POINT('',(4.225,2.44,-9.1));
#10562=VECTOR('',#12524,1.0);
#10563=CARTESIAN_POINT('',(4.225,2.44,-9.1));
#10564=VECTOR('',#12525,1.0);
#10565=CARTESIAN_POINT('',(4.55,2.44,-4.75));
#10566=VECTOR('',#12526,1.0);
#10567=COLOUR_RGB('',0.196078434586525,0.196078434586525,0.196078434586525);
#10568=CARTESIAN_POINT('',(4.225,1.45,-9.1));
#10569=CARTESIAN_POINT('',(4.225,1.45,-9.1));
#10570=VECTOR('',#12527,1.0);
#10571=CARTESIAN_POINT('',(4.225,1.45,-9.1));
#10572=VECTOR('',#12528,1.0);
#10573=COLOUR_RGB('',0.196078434586525,0.196078434586525,0.196078434586525);
#10574=CARTESIAN_POINT('',(-4.225,1.45,-9.1));
#10575=CARTESIAN_POINT('',(-4.225,1.45,-9.1));
#10576=VECTOR('',#12529,1.0);
#10577=CARTESIAN_POINT('',(-4.225,1.45,-9.1));
#10578=VECTOR('',#12530,1.0);
#10579=COLOUR_RGB('',0.196078434586525,0.196078434586525,0.196078434586525);
#10580=CARTESIAN_POINT('',(-4.225,2.44,-9.1));
#10581=CARTESIAN_POINT('',(-4.225,2.44,-9.1));
#10582=VECTOR('',#12531,1.0);
#10583=CARTESIAN_POINT('',(-4.225,2.44,-9.1));
#10584=VECTOR('',#12532,1.0);
#10585=COLOUR_RGB('',0.196078434586525,0.196078434586525,0.196078434586525);
#10586=CARTESIAN_POINT('',(-4.55,2.44,-0.31));
#10587=CARTESIAN_POINT('',(-4.55,2.44,-4.75));
#10588=VECTOR('',#12533,1.0);
#10589=CARTESIAN_POINT('',(-4.95,2.44,-9.1));
#10590=VECTOR('',#12534,1.0);
#10591=CARTESIAN_POINT('',(-2.29375,2.44,-0.31));
#10592=VECTOR('',#12535,1.0);
#10593=COLOUR_RGB('',0.196078434586525,0.196078434586525,0.196078434586525);
#10594=CARTESIAN_POINT('',(-4.225,7.73,-9.1));
#10595=CARTESIAN_POINT('',(-4.225,7.73,-9.1));
#10596=VECTOR('',#12536,1.0);
#10597=CARTESIAN_POINT('',(-4.225,7.73,-9.1));
#10598=VECTOR('',#12537,1.0);
#10599=COLOUR_RGB('',0.196078434586525,0.196078434586525,0.196078434586525);
#10600=CARTESIAN_POINT('',(-2.725,9.23,-9.1));
#10601=CARTESIAN_POINT('',(-2.725,9.23,-9.1));
#10602=VECTOR('',#12538,1.0);
#10603=CARTESIAN_POINT('',(-2.725,9.23,-9.1));
#10604=VECTOR('',#12539,1.0);
#10605=COLOUR_RGB('',0.196078434586525,0.196078434586525,0.196078434586525);
#10606=CARTESIAN_POINT('',(2.725,9.23,-9.1));
#10607=CARTESIAN_POINT('',(2.725,9.23,-9.1));
#10608=VECTOR('',#12540,1.0);
#10609=CARTESIAN_POINT('',(2.725,9.23,-9.1));
#10610=VECTOR('',#12541,1.0);
#10611=COLOUR_RGB('',0.196078434586525,0.196078434586525,0.196078434586525);
#10612=CARTESIAN_POINT('',(4.225,7.73,-9.1));
#10613=CARTESIAN_POINT('',(4.225,7.73,-9.1));
#10614=VECTOR('',#12542,1.0);
#10615=CARTESIAN_POINT('',(4.225,7.73,-9.1));
#10616=VECTOR('',#12543,1.0);
#10617=COLOUR_RGB('',0.196078434586525,0.196078434586525,0.196078434586525);
#10618=CARTESIAN_POINT('',(4.225,6.44,-9.1));
#10619=CARTESIAN_POINT('',(4.225,6.44,-9.1));
#10620=VECTOR('',#12544,1.0);
#10621=CARTESIAN_POINT('',(4.225,6.44,-9.1));
#10622=VECTOR('',#12545,1.0);
#10623=COLOUR_RGB('',0.196078434586525,0.196078434586525,0.196078434586525);
#10624=CARTESIAN_POINT('',(4.95,6.44,-9.1));
#10625=VECTOR('',#12546,1.0);
#10626=CARTESIAN_POINT('',(2.29375,6.44,-0.31));
#10627=VECTOR('',#12547,1.0);
#10628=COLOUR_RGB('',0.196078434586525,0.196078434586525,0.196078434586525);
#10629=COLOUR_RGB('',0.196078434586525,0.196078434586525,0.196078434586525);
#10630=CARTESIAN_POINT('',(-5.97,6.05,-14.8));
#10631=CARTESIAN_POINT('',(-5.97,6.05,-14.8));
#10632=VECTOR('',#12548,1.0);
#10633=CARTESIAN_POINT('',(-5.97,6.05,-14.3));
#10634=CARTESIAN_POINT('',(-5.97,6.05,-14.3));
#10635=VECTOR('',#12549,1.0);
#10636=CARTESIAN_POINT('',(-5.72,6.05,-13.8669872981078));
#10637=VECTOR('',#12550,1.0);
#10638=COLOUR_RGB('',0.196078434586525,0.196078434586525,0.196078434586525);
#10639=CARTESIAN_POINT('',(-5.97,4.75,-14.8));
#10640=CARTESIAN_POINT('',(-5.97,4.75,-14.8));
#10641=VECTOR('',#12551,1.0);
#10642=CARTESIAN_POINT('',(-5.97,6.05,-14.8));
#10643=VECTOR('',#12552,1.0);
#10644=COLOUR_RGB('',0.196078434586525,0.196078434586525,0.196078434586525);
#10645=CARTESIAN_POINT('',(-5.97,4.75,-14.3));
#10646=CARTESIAN_POINT('',(-5.97,6.05,-14.3));
#10647=VECTOR('',#12553,1.0);
#10648=CARTESIAN_POINT('',(-5.72,4.75,-13.8669872981078));
#10649=VECTOR('',#12554,1.0);
#10650=COLOUR_RGB('',0.196078434586525,0.196078434586525,0.196078434586525);
#10651=CARTESIAN_POINT('',(-5.97,4.75,-14.3));
#10652=VECTOR('',#12555,1.0);
#10653=COLOUR_RGB('',0.196078434586525,0.196078434586525,0.196078434586525);
#10654=COLOUR_RGB('',0.196078434586525,0.196078434586525,0.196078434586525);
#10655=CARTESIAN_POINT('',(5.97,4.75,-14.8));
#10656=CARTESIAN_POINT('',(5.97,4.75,-14.8));
#10657=VECTOR('',#12556,1.0);
#10658=CARTESIAN_POINT('',(5.97,4.75,-14.3));
#10659=CARTESIAN_POINT('',(5.97,4.75,-14.3));
#10660=VECTOR('',#12557,1.0);
#10661=CARTESIAN_POINT('',(5.72,4.75,-13.8669872981078));
#10662=VECTOR('',#12558,1.0);
#10663=COLOUR_RGB('',0.196078434586525,0.196078434586525,0.196078434586525);
#10664=CARTESIAN_POINT('',(5.97,6.05,-14.8));
#10665=CARTESIAN_POINT('',(5.97,6.05,-14.8));
#10666=VECTOR('',#12559,1.0);
#10667=CARTESIAN_POINT('',(5.97,4.75,-14.8));
#10668=VECTOR('',#12560,1.0);
#10669=COLOUR_RGB('',0.196078434586525,0.196078434586525,0.196078434586525);
#10670=CARTESIAN_POINT('',(5.97,6.05,-14.3));
#10671=CARTESIAN_POINT('',(5.97,4.75,-14.3));
#10672=VECTOR('',#12561,1.0);
#10673=CARTESIAN_POINT('',(5.72,6.05,-13.8669872981078));
#10674=VECTOR('',#12562,1.0);
#10675=COLOUR_RGB('',0.196078434586525,0.196078434586525,0.196078434586525);
#10676=CARTESIAN_POINT('',(5.97,6.05,-14.3));
#10677=VECTOR('',#12563,1.0);
#10678=COLOUR_RGB('',0.196078434586525,0.196078434586525,0.196078434586525);
#10679=COLOUR_RGB('',0.196078434586525,0.196078434586525,0.196078434586525);
#10680=CARTESIAN_POINT('',(-5.97,8.55,-10.9));
#10681=CARTESIAN_POINT('',(-5.97,8.55,-10.9));
#10682=VECTOR('',#12564,1.0);
#10683=CARTESIAN_POINT('',(-5.97,8.55,-10.4));
#10684=CARTESIAN_POINT('',(-5.97,8.55,-10.4));
#10685=VECTOR('',#12565,1.0);
#10686=CARTESIAN_POINT('',(-5.72,8.55,-9.96698729810778));
#10687=VECTOR('',#12566,1.0);
#10688=COLOUR_RGB('',0.196078434586525,0.196078434586525,0.196078434586525);
#10689=CARTESIAN_POINT('',(-5.97,7.35,-10.9));
#10690=CARTESIAN_POINT('',(-5.97,7.35,-10.9));
#10691=VECTOR('',#12567,1.0);
#10692=CARTESIAN_POINT('',(-5.97,8.55,-10.9));
#10693=VECTOR('',#12568,1.0);
#10694=COLOUR_RGB('',0.196078434586525,0.196078434586525,0.196078434586525);
#10695=CARTESIAN_POINT('',(-5.97,7.35,-10.4));
#10696=CARTESIAN_POINT('',(-5.97,8.55,-10.4));
#10697=VECTOR('',#12569,1.0);
#10698=CARTESIAN_POINT('',(-5.72,7.35,-9.96698729810778));
#10699=VECTOR('',#12570,1.0);
#10700=COLOUR_RGB('',0.196078434586525,0.196078434586525,0.196078434586525);
#10701=CARTESIAN_POINT('',(-5.97,7.35,-10.4));
#10702=VECTOR('',#12571,1.0);
#10703=COLOUR_RGB('',0.196078434586525,0.196078434586525,0.196078434586525);
#10704=COLOUR_RGB('',0.196078434586525,0.196078434586525,0.196078434586525);
#10705=CARTESIAN_POINT('',(-5.97,3.6,-10.9));
#10706=CARTESIAN_POINT('',(-5.97,3.6,-10.9));
#10707=VECTOR('',#12572,1.0);
#10708=CARTESIAN_POINT('',(-5.97,3.6,-10.4));
#10709=CARTESIAN_POINT('',(-5.97,3.6,-10.4));
#10710=VECTOR('',#12573,1.0);
#10711=CARTESIAN_POINT('',(-5.72,3.6,-9.96698729810778));
#10712=VECTOR('',#12574,1.0);
#10713=COLOUR_RGB('',0.196078434586525,0.196078434586525,0.196078434586525);
#10714=CARTESIAN_POINT('',(-5.97,2.4,-10.9));
#10715=CARTESIAN_POINT('',(-5.97,2.4,-10.9));
#10716=VECTOR('',#12575,1.0);
#10717=CARTESIAN_POINT('',(-5.97,3.6,-10.9));
#10718=VECTOR('',#12576,1.0);
#10719=COLOUR_RGB('',0.196078434586525,0.196078434586525,0.196078434586525);
#10720=CARTESIAN_POINT('',(-5.97,2.4,-10.4));
#10721=CARTESIAN_POINT('',(-5.97,3.6,-10.4));
#10722=VECTOR('',#12577,1.0);
#10723=CARTESIAN_POINT('',(-5.72,2.4,-9.96698729810778));
#10724=VECTOR('',#12578,1.0);
#10725=COLOUR_RGB('',0.196078434586525,0.196078434586525,0.196078434586525);
#10726=CARTESIAN_POINT('',(-5.97,2.4,-10.4));
#10727=VECTOR('',#12579,1.0);
#10728=COLOUR_RGB('',0.196078434586525,0.196078434586525,0.196078434586525);
#10729=COLOUR_RGB('',0.196078434586525,0.196078434586525,0.196078434586525);
#10730=CARTESIAN_POINT('',(5.97,7.35,-10.9));
#10731=CARTESIAN_POINT('',(5.97,7.35,-10.9));
#10732=VECTOR('',#12580,1.0);
#10733=CARTESIAN_POINT('',(5.97,7.35,-10.4));
#10734=CARTESIAN_POINT('',(5.97,7.35,-10.4));
#10735=VECTOR('',#12581,1.0);
#10736=CARTESIAN_POINT('',(5.72,7.35,-9.96698729810778));
#10737=VECTOR('',#12582,1.0);
#10738=COLOUR_RGB('',0.196078434586525,0.196078434586525,0.196078434586525);
#10739=CARTESIAN_POINT('',(5.97,8.55,-10.9));
#10740=CARTESIAN_POINT('',(5.97,8.55,-10.9));
#10741=VECTOR('',#12583,1.0);
#10742=CARTESIAN_POINT('',(5.97,7.35,-10.9));
#10743=VECTOR('',#12584,1.0);
#10744=COLOUR_RGB('',0.196078434586525,0.196078434586525,0.196078434586525);
#10745=CARTESIAN_POINT('',(5.97,8.55,-10.4));
#10746=CARTESIAN_POINT('',(5.97,7.35,-10.4));
#10747=VECTOR('',#12585,1.0);
#10748=CARTESIAN_POINT('',(5.72,8.55,-9.96698729810778));
#10749=VECTOR('',#12586,1.0);
#10750=COLOUR_RGB('',0.196078434586525,0.196078434586525,0.196078434586525);
#10751=CARTESIAN_POINT('',(5.97,8.55,-10.4));
#10752=VECTOR('',#12587,1.0);
#10753=COLOUR_RGB('',0.196078434586525,0.196078434586525,0.196078434586525);
#10754=COLOUR_RGB('',0.196078434586525,0.196078434586525,0.196078434586525);
#10755=CARTESIAN_POINT('',(5.97,2.4,-10.9));
#10756=CARTESIAN_POINT('',(5.97,2.4,-10.9));
#10757=VECTOR('',#12588,1.0);
#10758=CARTESIAN_POINT('',(5.97,2.4,-10.4));
#10759=CARTESIAN_POINT('',(5.97,2.4,-10.4));
#10760=VECTOR('',#12589,1.0);
#10761=CARTESIAN_POINT('',(5.72,2.4,-9.96698729810778));
#10762=VECTOR('',#12590,1.0);
#10763=COLOUR_RGB('',0.196078434586525,0.196078434586525,0.196078434586525);
#10764=CARTESIAN_POINT('',(5.97,3.6,-10.9));
#10765=CARTESIAN_POINT('',(5.97,3.6,-10.9));
#10766=VECTOR('',#12591,1.0);
#10767=CARTESIAN_POINT('',(5.97,2.4,-10.9));
#10768=VECTOR('',#12592,1.0);
#10769=COLOUR_RGB('',0.196078434586525,0.196078434586525,0.196078434586525);
#10770=CARTESIAN_POINT('',(5.97,3.6,-10.4));
#10771=CARTESIAN_POINT('',(5.97,2.4,-10.4));
#10772=VECTOR('',#12593,1.0);
#10773=CARTESIAN_POINT('',(5.72,3.6,-9.96698729810778));
#10774=VECTOR('',#12594,1.0);
#10775=COLOUR_RGB('',0.196078434586525,0.196078434586525,0.196078434586525);
#10776=CARTESIAN_POINT('',(5.97,3.6,-10.4));
#10777=VECTOR('',#12595,1.0);
#10778=COLOUR_RGB('',0.196078434586525,0.196078434586525,0.196078434586525);
#10779=COLOUR_RGB('',0.196078434586525,0.196078434586525,0.196078434586525);
#10780=CARTESIAN_POINT('',(1.4,0.0499999999999999,-1.30000000000001));
#10781=CARTESIAN_POINT('',(1.4,0.4,-1.30000000000001));
#10782=VECTOR('',#12596,1.0);
#10783=CARTESIAN_POINT('',(1.4,0.0500000000000001,-1.1));
#10784=CARTESIAN_POINT('',(1.4,0.0499999999999999,-1.30000000000001));
#10785=VECTOR('',#12597,1.0);
#10786=CARTESIAN_POINT('',(1.4,0.0500000000000001,-1.1));
#10787=VECTOR('',#12598,1.0);
#10788=COLOUR_RGB('',0.196078434586525,0.196078434586525,0.196078434586525);
#10789=CARTESIAN_POINT('',(2.4,0.0499999999999999,-1.30000000000001));
#10790=CARTESIAN_POINT('',(2.4,0.4,-1.30000000000001));
#10791=VECTOR('',#12599,1.0);
#10792=CARTESIAN_POINT('',(1.4,0.0499999999999999,-1.30000000000001));
#10793=VECTOR('',#12600,1.0);
#10794=COLOUR_RGB('',0.196078434586525,0.196078434586525,0.196078434586525);
#10795=CARTESIAN_POINT('',(2.4,0.0500000000000001,-1.1));
#10796=CARTESIAN_POINT('',(2.4,0.0500000000000001,-1.1));
#10797=VECTOR('',#12601,0.999999999999999);
#10798=CARTESIAN_POINT('',(1.4,0.0500000000000001,-1.1));
#10799=VECTOR('',#12602,1.0);
#10800=COLOUR_RGB('',0.196078434586525,0.196078434586525,0.196078434586525);
#10801=CARTESIAN_POINT('',(2.4,0.0499999999999999,-1.30000000000001));
#10802=VECTOR('',#12603,1.0);
#10803=COLOUR_RGB('',0.196078434586525,0.196078434586525,0.196078434586525);
#10804=COLOUR_RGB('',0.196078434586525,0.196078434586525,0.196078434586525);
#10805=CARTESIAN_POINT('',(-2.4,0.0499999999999999,-1.30000000000001));
#10806=CARTESIAN_POINT('',(-2.4,0.4,-1.30000000000001));
#10807=VECTOR('',#12604,1.0);
#10808=CARTESIAN_POINT('',(-2.4,0.0500000000000001,-1.1));
#10809=CARTESIAN_POINT('',(-2.4,0.0499999999999999,-1.30000000000001));
#10810=VECTOR('',#12605,1.0);
#10811=CARTESIAN_POINT('',(-2.4,0.0500000000000001,-1.1));
#10812=VECTOR('',#12606,1.0);
#10813=COLOUR_RGB('',0.196078434586525,0.196078434586525,0.196078434586525);
#10814=CARTESIAN_POINT('',(-1.4,0.0499999999999999,-1.30000000000001));
#10815=CARTESIAN_POINT('',(-1.4,0.4,-1.30000000000001));
#10816=VECTOR('',#12607,1.0);
#10817=CARTESIAN_POINT('',(-2.4,0.0499999999999999,-1.30000000000001));
#10818=VECTOR('',#12608,1.0);
#10819=COLOUR_RGB('',0.196078434586525,0.196078434586525,0.196078434586525);
#10820=CARTESIAN_POINT('',(-1.4,0.0500000000000001,-1.1));
#10821=CARTESIAN_POINT('',(-1.4,0.0500000000000001,-1.1));
#10822=VECTOR('',#12609,1.0);
#10823=CARTESIAN_POINT('',(-2.4,0.0500000000000001,-1.1));
#10824=VECTOR('',#12610,1.0);
#10825=COLOUR_RGB('',0.196078434586525,0.196078434586525,0.196078434586525);
#10826=CARTESIAN_POINT('',(-1.4,0.0499999999999999,-1.30000000000001));
#10827=VECTOR('',#12611,1.0);
#10828=COLOUR_RGB('',0.196078434586525,0.196078434586525,0.196078434586525);
#10829=COLOUR_RGB('',0.196078434586525,0.196078434586525,0.196078434586525);
#10830=CARTESIAN_POINT('',(4.45,-0.0999999999999996,-15.85));
#10831=CARTESIAN_POINT('',(4.45,-0.0999999999999996,-15.85));
#10832=VECTOR('',#12612,1.0);
#10833=CARTESIAN_POINT('',(3.25,-0.0999999999999996,-15.85));
#10834=CARTESIAN_POINT('',(4.45,-0.0999999999999996,-15.85));
#10835=VECTOR('',#12613,1.0);
#10836=CARTESIAN_POINT('',(3.25,-0.0999999999999996,-15.85));
#10837=VECTOR('',#12614,1.0);
#10838=COLOUR_RGB('',0.196078434586525,0.196078434586525,0.196078434586525);
#10839=CARTESIAN_POINT('',(4.45,-0.1,-6.95));
#10840=CARTESIAN_POINT('',(4.45,-0.1,-6.95));
#10841=VECTOR('',#12615,1.0);
#10842=CARTESIAN_POINT('',(4.45,-0.1,-6.95));
#10843=VECTOR('',#12616,1.0);
#10844=COLOUR_RGB('',0.196078434586525,0.196078434586525,0.196078434586525);
#10845=CARTESIAN_POINT('',(3.25,-0.1,-6.95));
#10846=CARTESIAN_POINT('',(3.25,-0.1,-6.95));
#10847=VECTOR('',#12617,1.0);
#10848=AXIS2_PLACEMENT_3D('',#12618,#12619,#12620);
#10849=COLOUR_RGB('',0.196078434586525,0.196078434586525,0.196078434586525);
#10850=CARTESIAN_POINT('',(3.25,-0.0999999999999996,-15.85));
#10851=VECTOR('',#12621,1.0);
#10852=COLOUR_RGB('',0.196078434586525,0.196078434586525,0.196078434586525);
#10853=COLOUR_RGB('',0.196078434586525,0.196078434586525,0.196078434586525);
#10854=CARTESIAN_POINT('',(-3.25,-0.0999999999999996,-15.85));
#10855=CARTESIAN_POINT('',(-3.25,-0.0999999999999996,-15.85));
#10856=VECTOR('',#12622,1.0);
#10857=CARTESIAN_POINT('',(-4.45,-0.0999999999999996,-15.85));
#10858=CARTESIAN_POINT('',(-3.25,-0.0999999999999996,-15.85));
#10859=VECTOR('',#12623,1.0);
#10860=CARTESIAN_POINT('',(-4.45,-0.0999999999999996,-15.85));
#10861=VECTOR('',#12624,1.0);
#10862=COLOUR_RGB('',0.196078434586525,0.196078434586525,0.196078434586525);
#10863=CARTESIAN_POINT('',(-3.25,-0.1,-6.95));
#10864=CARTESIAN_POINT('',(-3.25,-0.1,-6.95));
#10865=VECTOR('',#12625,1.0);
#10866=CARTESIAN_POINT('',(-3.25,-0.1,-6.95));
#10867=VECTOR('',#12626,1.0);
#10868=COLOUR_RGB('',0.196078434586525,0.196078434586525,0.196078434586525);
#10869=CARTESIAN_POINT('',(-4.45,-0.1,-6.95));
#10870=CARTESIAN_POINT('',(-4.45,-0.1,-6.95));
#10871=VECTOR('',#12627,1.0);
#10872=AXIS2_PLACEMENT_3D('',#12628,#12629,#12630);
#10873=COLOUR_RGB('',0.196078434586525,0.196078434586525,0.196078434586525);
#10874=CARTESIAN_POINT('',(-4.45,-0.0999999999999996,-15.85));
#10875=VECTOR('',#12631,1.0);
#10876=COLOUR_RGB('',0.196078434586525,0.196078434586525,0.196078434586525);
#10877=COLOUR_RGB('',0.196078434586525,0.196078434586525,0.196078434586525);
#10878=CARTESIAN_POINT('',(0.6,-0.0999999999999996,-15.85));
#10879=CARTESIAN_POINT('',(0.6,-0.0999999999999996,-15.85));
#10880=VECTOR('',#12632,1.0);
#10881=CARTESIAN_POINT('',(-0.6,-0.0999999999999996,-15.85));
#10882=CARTESIAN_POINT('',(0.6,-0.0999999999999996,-15.85));
#10883=VECTOR('',#12633,1.0);
#10884=CARTESIAN_POINT('',(-0.6,-0.0999999999999996,-15.85));
#10885=VECTOR('',#12634,1.0);
#10886=COLOUR_RGB('',0.196078434586525,0.196078434586525,0.196078434586525);
#10887=CARTESIAN_POINT('',(0.599999999999999,-0.1,-2.92));
#10888=CARTESIAN_POINT('',(0.599999999999999,-0.1,-2.92));
#10889=VECTOR('',#12635,1.0);
#10890=CARTESIAN_POINT('',(0.599999999999999,-0.1,-2.92));
#10891=VECTOR('',#12636,1.0);
#10892=COLOUR_RGB('',0.196078434586525,0.196078434586525,0.196078434586525);
#10893=CARTESIAN_POINT('',(-0.6,-0.1,-2.92));
#10894=CARTESIAN_POINT('',(-0.6,-0.1,-2.92));
#10895=VECTOR('',#12637,1.0);
#10896=AXIS2_PLACEMENT_3D('',#12638,#12639,#12640);
#10897=COLOUR_RGB('',0.196078434586525,0.196078434586525,0.196078434586525);
#10898=CARTESIAN_POINT('',(-0.6,-0.0999999999999996,-15.85));
#10899=VECTOR('',#12641,1.0);
#10900=COLOUR_RGB('',0.196078434586525,0.196078434586525,0.196078434586525);
#10901=COLOUR_RGB('',0.196078434586525,0.196078434586525,0.196078434586525);
#10902=CARTESIAN_POINT('',(-5.74,0.4,-0.613));
#10903=CARTESIAN_POINT('',(-5.74,2.475,-0.613));
#10904=VECTOR('',#12642,1.0);
#10905=CARTESIAN_POINT('',(-5.74,0.399999999999999,-4.15));
#10906=VECTOR('',#12643,1.0);
#10907=COLOUR_RGB('',0.196078434586525,0.196078434586525,0.196078434586525);
#10908=CARTESIAN_POINT('',(5.74,0.4,-0.613000000000002));
#10909=CARTESIAN_POINT('',(5.74,0.399999999999999,-4.15));
#10910=VECTOR('',#12644,1.0);
#10911=CARTESIAN_POINT('',(5.74,2.475,-0.613000000000002));
#10912=VECTOR('',#12645,1.0);
#10913=COLOUR_RGB('',0.705882370471954,0.705882370471954,0.705882370471954);
#10914=CARTESIAN_POINT('',(4.7,6.19,-0.31));
#10915=AXIS2_PLACEMENT_3D('',#12646,#12647,#12648);
#10916=CARTESIAN_POINT('',(4.7,6.19,6.66133814775094E-16));
#10917=CARTESIAN_POINT('',(4.7,6.19,-0.4));
#10918=VECTOR('',#12649,1.0);
#10919=AXIS2_PLACEMENT_3D('',#12650,#12651,#12652);
#10920=COLOUR_RGB('',0.705882370471954,0.705882370471954,0.705882370471954);
#10921=CARTESIAN_POINT('',(4.55,1.59,6.66133814775094E-16));
#10922=CARTESIAN_POINT('',(4.55,1.59,-0.4));
#10923=VECTOR('',#12653,1.0);
#10924=CARTESIAN_POINT('',(4.55,2.69,6.66133814775094E-16));
#10925=CARTESIAN_POINT('',(4.55,3.84500000000001,6.38378239159465E-16));
#10926=VECTOR('',#12654,1.0);
#10927=CARTESIAN_POINT('',(4.55,2.69,-0.31));
#10928=CARTESIAN_POINT('',(4.55,2.69,-0.4));
#10929=VECTOR('',#12655,1.0);
#10930=CARTESIAN_POINT('',(4.55,3.50814661208405,-0.31));
#10931=VECTOR('',#12656,1.0);
#10932=COLOUR_RGB('',0.705882370471954,0.705882370471954,0.705882370471954);
#10933=CARTESIAN_POINT('',(4.05,1.09,6.10622663543836E-16));
#10934=CARTESIAN_POINT('',(4.05,1.09,-0.4));
#10935=VECTOR('',#12657,1.0);
#10936=AXIS2_PLACEMENT_3D('',#12658,#12659,#12660);
#10937=COLOUR_RGB('',0.705882370471954,0.705882370471954,0.705882370471954);
#10938=CARTESIAN_POINT('',(-4.05,1.09,1.11022302462516E-16));
#10939=CARTESIAN_POINT('',(-4.05,1.09,-0.4));
#10940=VECTOR('',#12661,1.0);
#10941=CARTESIAN_POINT('',(-3.025,1.09,1.94289029309402E-16));
#10942=VECTOR('',#12662,1.0);
#10943=COLOUR_RGB('',0.705882370471954,0.705882370471954,0.705882370471954);
#10944=CARTESIAN_POINT('',(-4.55,1.59,1.11022302462516E-16));
#10945=CARTESIAN_POINT('',(-4.55,1.59,-0.4));
#10946=VECTOR('',#12663,1.0);
#10947=AXIS2_PLACEMENT_3D('',#12664,#12665,#12666);
#10948=COLOUR_RGB('',0.705882370471954,0.705882370471954,0.705882370471954);
#10949=CARTESIAN_POINT('',(-4.7,6.19,-0.31));
#10950=AXIS2_PLACEMENT_3D('',#12667,#12668,#12669);
#10951=CARTESIAN_POINT('',(-4.51430283462382,6.19,-0.31));
#10952=CARTESIAN_POINT('',(-2.30357570865595,6.19,-0.31));
#10953=VECTOR('',#12670,1.0);
#10954=CARTESIAN_POINT('',(-4.51430283462382,6.185,-0.31));
#10955=CARTESIAN_POINT('',(-4.51430283462382,4.73314661208404,-0.31));
#10956=VECTOR('',#12671,1.0);
#10957=CARTESIAN_POINT('',(-4.63981891488137,6.185,-0.31));
#10958=CARTESIAN_POINT('',(-3.025,6.185,-0.31));
#10959=VECTOR('',#12672,1.0);
#10960=CARTESIAN_POINT('',(-4.63981891488137,2.995,-0.31));
#10961=CARTESIAN_POINT('',(-4.63981891488137,4.59,-0.31));
#10962=VECTOR('',#12673,1.0);
#10963=CARTESIAN_POINT('',(-4.51430283462382,2.995,-0.31));
#10964=CARTESIAN_POINT('',(-3.025,2.995,-0.31));
#10965=VECTOR('',#12674,1.0);
#10966=CARTESIAN_POINT('',(-4.51430283462382,2.99,-0.31));
#10967=CARTESIAN_POINT('',(-4.51430283462382,4.73314661208404,-0.31));
#10968=VECTOR('',#12675,1.0);
#10969=CARTESIAN_POINT('',(-2.30357570865595,2.99,-0.31));
#10970=VECTOR('',#12676,1.0);
#10971=CARTESIAN_POINT('',(-4.7,2.69,-0.31));
#10972=AXIS2_PLACEMENT_3D('',#12677,#12678,#12679);
#10973=CARTESIAN_POINT('',(-4.55,2.69,-0.31));
#10974=CARTESIAN_POINT('',(-2.3125,2.69,-0.31));
#10975=VECTOR('',#12680,1.0);
#10976=CARTESIAN_POINT('',(-4.55,3.50814661208404,-0.31));
#10977=VECTOR('',#12681,1.0);
#10978=COLOUR_RGB('',0.705882370471954,0.705882370471954,0.705882370471954);
#10979=CARTESIAN_POINT('',(4.7,2.69,-0.31));
#10980=CARTESIAN_POINT('',(2.3125,2.69,-0.31));
#10981=VECTOR('',#12682,1.0);
#10982=AXIS2_PLACEMENT_3D('',#12683,#12684,#12685);
#10983=CARTESIAN_POINT('',(4.51430283462381,2.99,-0.31));
#10984=CARTESIAN_POINT('',(2.30357570865595,2.99,-0.31));
#10985=VECTOR('',#12686,1.0);
#10986=CARTESIAN_POINT('',(4.51430283462381,2.995,-0.31));
#10987=CARTESIAN_POINT('',(4.51430283462381,4.73314661208404,-0.31));
#10988=VECTOR('',#12687,1.0);
#10989=CARTESIAN_POINT('',(4.63981891488137,2.995,-0.31));
#10990=CARTESIAN_POINT('',(3.025,2.995,-0.31));
#10991=VECTOR('',#12688,1.0);
#10992=CARTESIAN_POINT('',(4.63981891488137,6.185,-0.31));
#10993=CARTESIAN_POINT('',(4.63981891488137,4.59,-0.31));
#10994=VECTOR('',#12689,1.0);
#10995=CARTESIAN_POINT('',(4.51430283462381,6.185,-0.31));
#10996=CARTESIAN_POINT('',(3.025,6.185,-0.31));
#10997=VECTOR('',#12690,1.0);
#10998=CARTESIAN_POINT('',(4.51430283462381,6.19,-0.31));
#10999=CARTESIAN_POINT('',(4.51430283462381,4.73314661208404,-0.31));
#11000=VECTOR('',#12691,1.0);
#11001=CARTESIAN_POINT('',(2.30357570865595,6.19,-0.31));
#11002=VECTOR('',#12692,1.0);
#11003=COLOUR_RGB('',0.705882370471954,0.705882370471954,0.705882370471954);
#11004=CARTESIAN_POINT('',(-4.55,2.69,1.11022302462516E-16));
#11005=CARTESIAN_POINT('',(-4.55,2.69,-0.4));
#11006=VECTOR('',#12693,1.0);
#11007=CARTESIAN_POINT('',(-4.55,3.845,8.32667268468867E-17));
#11008=VECTOR('',#12694,1.0);
#11009=COLOUR_RGB('',0.705882370471954,0.705882370471954,0.705882370471954);
#11010=CARTESIAN_POINT('',(-6.05,8.65,-11.07));
#11011=CARTESIAN_POINT('',(0.0,8.65,-11.07));
#11012=VECTOR('',#12695,1.0);
#11013=CARTESIAN_POINT('',(-6.05,7.25,-11.07));
#11014=CARTESIAN_POINT('',(-6.05,6.6117364467748,-11.07));
#11015=VECTOR('',#12696,1.0);
#11016=CARTESIAN_POINT('',(0.0,7.25,-11.07));
#11017=VECTOR('',#12697,1.0);
#11018=COLOUR_RGB('',0.705882370471954,0.705882370471954,0.705882370471954);
#11019=CARTESIAN_POINT('',(-6.05,8.65,-9.5));
#11020=CARTESIAN_POINT('',(0.0,8.65,-9.5));
#11021=VECTOR('',#12698,1.0);
#11022=CARTESIAN_POINT('',(-6.05,8.65,-9.19353444410996));
#11023=VECTOR('',#12699,1.0);
#11024=COLOUR_RGB('',0.705882370471954,0.705882370471954,0.705882370471954);
#11025=CARTESIAN_POINT('',(-6.05,2.3,-11.07));
#11026=CARTESIAN_POINT('',(0.0,2.3,-11.07));
#11027=VECTOR('',#12700,1.0);
#11028=CARTESIAN_POINT('',(-6.05,2.3,-9.5));
#11029=CARTESIAN_POINT('',(-6.05,2.3,-9.19353444410996));
#11030=VECTOR('',#12701,1.0);
#11031=CARTESIAN_POINT('',(0.0,2.3,-9.5));
#11032=VECTOR('',#12702,1.0);
#11033=COLOUR_RGB('',0.705882370471954,0.705882370471954,0.705882370471954);
#11034=CARTESIAN_POINT('',(-6.05,3.7,-11.07));
#11035=CARTESIAN_POINT('',(0.0,3.7,-11.07));
#11036=VECTOR('',#12703,1.0);
#11037=CARTESIAN_POINT('',(-6.05,4.1367364467748,-11.07));
#11038=VECTOR('',#12704,1.0);
#11039=COLOUR_RGB('',0.705882370471954,0.705882370471954,0.705882370471954);
#11040=CARTESIAN_POINT('',(6.05,8.65,-11.07));
#11041=CARTESIAN_POINT('',(0.0,8.65,-11.07));
#11042=VECTOR('',#12705,1.0);
#11043=CARTESIAN_POINT('',(6.05,8.65,-9.5));
#11044=CARTESIAN_POINT('',(6.05,8.65,-9.19353444410996));
#11045=VECTOR('',#12706,1.0);
#11046=CARTESIAN_POINT('',(0.0,8.65,-9.5));
#11047=VECTOR('',#12707,1.0);
#11048=COLOUR_RGB('',0.705882370471954,0.705882370471954,0.705882370471954);
#11049=CARTESIAN_POINT('',(6.05,7.25,-11.07));
#11050=CARTESIAN_POINT('',(0.0,7.25,-11.07));
#11051=VECTOR('',#12708,1.0);
#11052=CARTESIAN_POINT('',(6.05,6.6117364467748,-11.07));
#11053=VECTOR('',#12709,1.0);
#11054=COLOUR_RGB('',0.705882370471954,0.705882370471954,0.705882370471954);
#11055=CARTESIAN_POINT('',(6.05,2.3,-9.5));
#11056=CARTESIAN_POINT('',(0.0,2.3,-9.5));
#11057=VECTOR('',#12710,1.0);
#11058=CARTESIAN_POINT('',(6.05,2.3,-11.07));
#11059=CARTESIAN_POINT('',(6.05,2.3,-9.19353444410996));
#11060=VECTOR('',#12711,1.0);
#11061=CARTESIAN_POINT('',(0.0,2.3,-11.07));
#11062=VECTOR('',#12712,1.0);
#11063=COLOUR_RGB('',0.705882370471954,0.705882370471954,0.705882370471954);
#11064=CARTESIAN_POINT('',(6.05,3.7,-9.5));
#11065=CARTESIAN_POINT('',(0.0,3.7,-9.5));
#11066=VECTOR('',#12713,1.0);
#11067=CARTESIAN_POINT('',(6.05,4.1367364467748,-9.5));
#11068=VECTOR('',#12714,1.0);
#11069=COLOUR_RGB('',0.705882370471954,0.705882370471954,0.705882370471954);
#11070=CARTESIAN_POINT('',(6.05,6.2,-14.97));
#11071=CARTESIAN_POINT('',(0.0,6.2,-14.97));
#11072=VECTOR('',#12715,1.0);
#11073=CARTESIAN_POINT('',(6.05,6.2,-13.4));
#11074=CARTESIAN_POINT('',(6.05,6.2,-11.14353444411));
#11075=VECTOR('',#12716,1.0);
#11076=CARTESIAN_POINT('',(0.0,6.2,-13.4));
#11077=VECTOR('',#12717,1.0);
#11078=COLOUR_RGB('',0.705882370471954,0.705882370471954,0.705882370471954);
#11079=CARTESIAN_POINT('',(-6.05,6.2,-13.4));
#11080=CARTESIAN_POINT('',(0.0,6.2,-13.4));
#11081=VECTOR('',#12718,1.0);
#11082=CARTESIAN_POINT('',(-6.05,6.2,-14.97));
#11083=CARTESIAN_POINT('',(-6.05,6.2,-11.14353444411));
#11084=VECTOR('',#12719,1.0);
#11085=CARTESIAN_POINT('',(0.0,6.2,-14.97));
#11086=VECTOR('',#12720,1.0);
#11087=COLOUR_RGB('',0.705882370471954,0.705882370471954,0.705882370471954);
#11088=CARTESIAN_POINT('',(6.05,4.6,-14.97));
#11089=CARTESIAN_POINT('',(0.0,4.6,-14.97));
#11090=VECTOR('',#12721,1.0);
#11091=CARTESIAN_POINT('',(6.05,5.3367364467748,-14.97));
#11092=VECTOR('',#12722,1.0);
#11093=COLOUR_RGB('',0.705882370471954,0.705882370471954,0.705882370471954);
#11094=CARTESIAN_POINT('',(-6.05,4.6,-14.97));
#11095=CARTESIAN_POINT('',(-6.05,5.3367364467748,-14.97));
#11096=VECTOR('',#12723,1.0);
#11097=CARTESIAN_POINT('',(0.0,4.6,-14.97));
#11098=VECTOR('',#12724,1.0);
#11099=COLOUR_RGB('',0.705882370471954,0.705882370471954,0.705882370471954);
#11100=CARTESIAN_POINT('',(6.05,4.6,-13.4));
#11101=CARTESIAN_POINT('',(0.0,4.6,-13.4));
#11102=VECTOR('',#12725,1.0);
#11103=CARTESIAN_POINT('',(6.05,4.6,-11.14353444411));
#11104=VECTOR('',#12726,1.0);
#11105=COLOUR_RGB('',0.705882370471954,0.705882370471954,0.705882370471954);
#11106=CARTESIAN_POINT('',(6.05,5.3367364467748,-13.4));
#11107=VECTOR('',#12727,1.0);
#11108=COLOUR_RGB('',0.705882370471954,0.705882370471954,0.705882370471954);
#11109=CARTESIAN_POINT('',(-5.42,0.0,-0.409999999999996));
#11110=CARTESIAN_POINT('',(-5.42,-0.1,-0.410000000000001));
#11111=VECTOR('',#12728,1.0);
#11112=CARTESIAN_POINT('',(-2.748,0.0,-0.410000000000005));
#11113=CARTESIAN_POINT('',(-6.05,0.0,-0.409999999999996));
#11114=VECTOR('',#12729,1.0);
#11115=CARTESIAN_POINT('',(-2.748,-0.1,-0.410000000000005));
#11116=VECTOR('',#12730,1.0);
#11117=COLOUR_RGB('',0.705882370471954,0.705882370471954,0.705882370471954);
#11118=CARTESIAN_POINT('',(-5.42,0.0,-0.613));
#11119=CARTESIAN_POINT('',(-5.42,-0.4,-0.613));
#11120=VECTOR('',#12731,1.0);
#11121=CARTESIAN_POINT('',(-5.42,0.0,-2.3815));
#11122=VECTOR('',#12732,1.0);
#11123=COLOUR_RGB('',0.705882370471954,0.705882370471954,0.705882370471954);
#11124=CARTESIAN_POINT('',(-6.05,0.4,-0.613));
#11125=CARTESIAN_POINT('',(-6.52,0.4,-0.613));
#11126=VECTOR('',#12733,1.0);
#11127=CARTESIAN_POINT('',(-6.05,0.0,-0.613));
#11128=CARTESIAN_POINT('',(-6.05,2.4367364467748,-0.613));
#11129=VECTOR('',#12734,1.0);
#11130=CARTESIAN_POINT('',(-6.01,0.0,-0.613));
#11131=VECTOR('',#12735,1.0);
#11132=COLOUR_RGB('',0.705882370471954,0.705882370471954,0.705882370471954);
#11133=CARTESIAN_POINT('',(6.05,0.4,-0.613000000000001));
#11134=CARTESIAN_POINT('',(5.42,0.4,-0.613000000000003));
#11135=VECTOR('',#12736,1.0);
#11136=CARTESIAN_POINT('',(6.05,0.4,7.40911313484149E-16));
#11137=CARTESIAN_POINT('',(6.05,0.4,-7.1505941666151));
#11138=VECTOR('',#12737,1.0);
#11139=CARTESIAN_POINT('',(-6.05,0.4,0.0));
#11140=CARTESIAN_POINT('',(-6.05,0.4,0.0));
#11141=VECTOR('',#12738,1.0);
#11142=CARTESIAN_POINT('',(-6.05,0.4,-0.409999999999996));
#11143=VECTOR('',#12739,1.0);
#11144=COLOUR_RGB('',0.705882370471954,0.705882370471954,0.705882370471954);
#11145=CARTESIAN_POINT('',(5.42,0.0,-0.613000000000003));
#11146=CARTESIAN_POINT('',(5.42,-0.4,-0.613000000000003));
#11147=VECTOR('',#12740,1.0);
#11148=CARTESIAN_POINT('',(6.05,0.0,-0.613000000000001));
#11149=CARTESIAN_POINT('',(-0.0400000000000052,0.0,-0.613000000000018));
#11150=VECTOR('',#12741,1.0);
#11151=CARTESIAN_POINT('',(6.05,2.4367364467748,-0.613000000000001));
#11152=VECTOR('',#12742,1.0);
#11153=COLOUR_RGB('',0.705882370471954,0.705882370471954,0.705882370471954);
#11154=CARTESIAN_POINT('',(5.42,0.0,-0.409999999999996));
#11155=CARTESIAN_POINT('',(5.42,-0.1,-0.409999999999996));
#11156=VECTOR('',#12743,1.0);
#11157=CARTESIAN_POINT('',(5.42,0.0,-2.3815));
#11158=VECTOR('',#12744,1.0);
#11159=COLOUR_RGB('',0.705882370471954,0.705882370471954,0.705882370471954);
#11160=CARTESIAN_POINT('',(2.748,0.0,-0.409999999999995));
#11161=CARTESIAN_POINT('',(2.748,-0.1,-0.41000000000002));
#11162=VECTOR('',#12745,1.0);
#11163=CARTESIAN_POINT('',(-6.05,0.0,-0.409999999999996));
#11164=VECTOR('',#12746,1.0);
#11165=COLOUR_RGB('',0.705882370471954,0.705882370471954,0.705882370471954);
#11166=CARTESIAN_POINT('',(2.748,0.0,-1.363));
#11167=CARTESIAN_POINT('',(2.748,-0.4,-1.363));
#11168=VECTOR('',#12747,1.0);
#11169=CARTESIAN_POINT('',(2.748,0.0,-2.569));
#11170=VECTOR('',#12748,1.0);
#11171=COLOUR_RGB('',0.705882370471954,0.705882370471954,0.705882370471954);
#11172=CARTESIAN_POINT('',(1.05,0.0,-1.363));
#11173=CARTESIAN_POINT('',(1.05,-0.4,-1.363));
#11174=VECTOR('',#12749,1.0);
#11175=CARTESIAN_POINT('',(-2.0755,0.0,-1.363));
#11176=VECTOR('',#12750,1.0);
#11177=COLOUR_RGB('',0.705882370471954,0.705882370471954,0.705882370471954);
#11178=CARTESIAN_POINT('',(1.05,0.0,-0.409999999999997));
#11179=CARTESIAN_POINT('',(1.05,-0.1,-0.409999999999997));
#11180=VECTOR('',#12751,1.0);
#11181=CARTESIAN_POINT('',(1.05,0.0,-2.569));
#11182=VECTOR('',#12752,1.0);
#11183=COLOUR_RGB('',0.705882370471954,0.705882370471954,0.705882370471954);
#11184=CARTESIAN_POINT('',(0.198999999999998,0.0,-0.409999999999995));
#11185=CARTESIAN_POINT('',(0.198999999999998,-0.0999999999999999,-0.409999999999997));
#11186=VECTOR('',#12753,1.0);
#11187=CARTESIAN_POINT('',(-6.05,0.0,-0.409999999999996));
#11188=VECTOR('',#12754,1.0);
#11189=COLOUR_RGB('',0.705882370471954,0.705882370471954,0.705882370471954);
#11190=CARTESIAN_POINT('',(0.199000000000001,0.0,-2.31560780062409));
#11191=CARTESIAN_POINT('',(0.199000000000001,-0.4,-2.31560780062409));
#11192=VECTOR('',#12755,1.0);
#11193=CARTESIAN_POINT('',(0.199,0.0,-2.80715195015602));
#11194=VECTOR('',#12756,1.0);
#11195=COLOUR_RGB('',0.705882370471954,0.705882370471954,0.705882370471954);
#11196=CARTESIAN_POINT('',(0.75,0.0,-2.813));
#11197=CARTESIAN_POINT('',(0.75,-0.4,-2.813));
#11198=VECTOR('',#12757,1.0);
#11199=AXIS2_PLACEMENT_3D('',#12758,#12759,#12760);
#11200=COLOUR_RGB('',0.705882370471954,0.705882370471954,0.705882370471954);
#11201=CARTESIAN_POINT('',(0.75,0.0,-8.093));
#11202=CARTESIAN_POINT('',(0.75,-0.0999999999999999,-8.093));
#11203=VECTOR('',#12761,1.0);
#11204=CARTESIAN_POINT('',(0.75,0.0,-4.85225));
#11205=VECTOR('',#12762,1.0);
#11206=COLOUR_RGB('',0.705882370471954,0.705882370471954,0.705882370471954);
#11207=CARTESIAN_POINT('',(3.22,0.0,-8.093));
#11208=CARTESIAN_POINT('',(3.22,-0.0999999999999999,-8.093));
#11209=VECTOR('',#12763,1.0);
#11210=CARTESIAN_POINT('',(-6.05,0.0,-8.093));
#11211=VECTOR('',#12764,1.0);
#11212=COLOUR_RGB('',0.705882370471954,0.705882370471954,0.705882370471954);
#11213=CARTESIAN_POINT('',(3.22,0.0,-6.663));
#11214=CARTESIAN_POINT('',(3.22,-0.4,-6.663));
#11215=VECTOR('',#12765,1.0);
#11216=CARTESIAN_POINT('',(3.22,0.0,-5.81475));
#11217=VECTOR('',#12766,1.0);
#11218=COLOUR_RGB('',0.705882370471954,0.705882370471954,0.705882370471954);
#11219=CARTESIAN_POINT('',(4.52,0.0,-6.663));
#11220=CARTESIAN_POINT('',(4.52,-0.4,-6.663));
#11221=VECTOR('',#12767,1.0);
#11222=AXIS2_PLACEMENT_3D('',#12768,#12769,#12770);
#11223=COLOUR_RGB('',0.705882370471954,0.705882370471954,0.705882370471954);
#11224=CARTESIAN_POINT('',(4.52,0.0,-8.093));
#11225=CARTESIAN_POINT('',(4.52,-0.0999999999999999,-8.093));
#11226=VECTOR('',#12771,1.0);
#11227=CARTESIAN_POINT('',(4.52,0.0,-5.81475));
#11228=VECTOR('',#12772,1.0);
#11229=COLOUR_RGB('',0.705882370471954,0.705882370471954,0.705882370471954);
#11230=CARTESIAN_POINT('',(6.05,0.4,-8.093));
#11231=CARTESIAN_POINT('',(-6.05,0.4,-8.093));
#11232=VECTOR('',#12773,1.0);
#11233=CARTESIAN_POINT('',(6.05,0.0,-8.093));
#11234=CARTESIAN_POINT('',(6.05,0.4,-8.093));
#11235=VECTOR('',#12774,1.0);
#11236=CARTESIAN_POINT('',(-6.05,0.0,-8.093));
#11237=VECTOR('',#12775,1.0);
#11238=COLOUR_RGB('',0.705882370471954,0.705882370471954,0.705882370471954);
#11239=CARTESIAN_POINT('',(6.05,0.4,-8.593));
#11240=CARTESIAN_POINT('',(-6.05,0.4,-8.593));
#11241=VECTOR('',#12776,1.0);
#11242=AXIS2_PLACEMENT_3D('',#12777,#12778,#12779);
#11243=COLOUR_RGB('',0.705882370471954,0.705882370471954,0.705882370471954);
#11244=CARTESIAN_POINT('',(6.05,0.4,-9.27));
#11245=CARTESIAN_POINT('',(-6.05,0.4,-9.27));
#11246=VECTOR('',#12780,1.0);
#11247=CARTESIAN_POINT('',(6.05,0.4,-9.27));
#11248=VECTOR('',#12781,1.0);
#11249=COLOUR_RGB('',0.705882370471954,0.705882370471954,0.705882370471954);
#11250=CARTESIAN_POINT('',(-5.72,0.400000000000001,-16.0));
#11251=CARTESIAN_POINT('',(-5.72,0.4,-8.093));
#11252=VECTOR('',#12782,1.0);
#11253=CARTESIAN_POINT('',(5.72,0.400000000000001,-16.0));
#11254=CARTESIAN_POINT('',(5.72,0.400000000000001,-16.0));
#11255=VECTOR('',#12783,1.0);
#11256=CARTESIAN_POINT('',(5.72,0.4,-8.093));
#11257=VECTOR('',#12784,1.0);
#11258=COLOUR_RGB('',0.705882370471954,0.705882370471954,0.705882370471954);
#11259=CARTESIAN_POINT('',(6.01147795033001,0.0,-9.4));
#11260=CARTESIAN_POINT('',(6.01147795033001,0.0,-11.4));
#11261=CARTESIAN_POINT('',(6.01147795033001,0.0,-10.4));
#11262=VECTOR('',#12785,1.0);
#11263=CARTESIAN_POINT('',(6.09306858452667,-0.52,-9.4));
#11264=AXIS2_PLACEMENT_3D('',#12786,#12787,#12788);
#11265=CARTESIAN_POINT('',(6.23699371362129,-0.893310551018264,-9.43044246099262));
#11266=AXIS2_PLACEMENT_3D('',#12789,#12790,#12791);
#11267=CARTESIAN_POINT('',(6.23699371362129,-0.893310551018264,-11.3695575390074));
#11268=CARTESIAN_POINT('',(6.23699371362129,-0.893310551018264,-8.4));
#11269=VECTOR('',#12792,1.0);
#11270=CARTESIAN_POINT('',(6.09306858452667,-0.52,-11.4));
#11271=AXIS2_PLACEMENT_3D('',#12793,#12794,#12795);
#11272=AXIS2_PLACEMENT_3D('',#12796,#12797,#12798);
#11273=COLOUR_RGB('',0.705882370471954,0.705882370471954,0.705882370471954);
#11274=CARTESIAN_POINT('',(5.72425180037676,0.0,-9.4));
#11275=CARTESIAN_POINT('',(1.475,0.0,-9.4));
#11276=VECTOR('',#12799,1.0);
#11277=CARTESIAN_POINT('',(5.79751435508411,-0.52,-9.4));
#11278=AXIS2_PLACEMENT_3D('',#12800,#12801,#12802);
#11279=CARTESIAN_POINT('',(9.0,-0.52,-9.4));
#11280=VECTOR('',#12803,1.0);
#11281=COLOUR_RGB('',0.705882370471954,0.705882370471954,0.705882370471954);
#11282=CARTESIAN_POINT('',(5.72425180037676,0.0,-11.4));
#11283=CARTESIAN_POINT('',(1.475,0.0,-11.4));
#11284=VECTOR('',#12804,1.0);
#11285=CARTESIAN_POINT('',(5.79751435508411,-0.52,-11.4));
#11286=CARTESIAN_POINT('',(9.0,-0.52,-11.4));
#11287=VECTOR('',#12805,1.0);
#11288=AXIS2_PLACEMENT_3D('',#12806,#12807,#12808);
#11289=COLOUR_RGB('',0.705882370471954,0.705882370471954,0.705882370471954);
#11290=CARTESIAN_POINT('',(6.41388286962235,-3.28063874219423,-11.1748774123991));
#11291=CARTESIAN_POINT('',(7.16348771745163,-2.33434680458932,-11.2520449484347));
#11292=VECTOR('',#12809,1.0);
#11293=CARTESIAN_POINT('',(6.80275782033853,-2.00142363133714,-11.2791939285201));
#11294=AXIS2_PLACEMENT_3D('',#12810,#12811,#12812);
#11295=CARTESIAN_POINT('',(6.01058083955446,-1.09012825971542,-11.3535075897002));
#11296=CARTESIAN_POINT('',(7.10934344533324,-2.35411004843916,-11.2504333096038));
#11297=VECTOR('',#12813,1.0);
#11298=AXIS2_PLACEMENT_3D('',#12814,#12815,#12816);
#11299=CARTESIAN_POINT('',(7.33432222223546,-2.15564259967096,-11.2666177907307));
#11300=VECTOR('',#12817,1.0);
#11301=CARTESIAN_POINT('',(7.05547538253388,-2.95384209275849,-11.2015267911156));
#11302=AXIS2_PLACEMENT_3D('',#12818,#12819,#12820);
#11303=CARTESIAN_POINT('',(6.79660352392815,-3.28063874219423,-11.1748774123991));
#11304=CARTESIAN_POINT('',(7.43598709012686,-2.4734887944811,-11.2406982972667));
#11305=VECTOR('',#12821,1.0);
#11306=CARTESIAN_POINT('',(9.0,-3.28063874219423,-11.1748774123991));
#11307=VECTOR('',#12822,1.0);
#11308=COLOUR_RGB('',0.705882370471954,0.705882370471954,0.705882370471954);
#11309=CARTESIAN_POINT('',(6.05,-3.74,-10.6765316562891));
#11310=AXIS2_PLACEMENT_3D('',#12823,#12824,#12825);
#11311=CARTESIAN_POINT('',(6.43272065430581,-3.74,-10.6765316562891));
#11312=AXIS2_PLACEMENT_3D('',#12826,#12827,#12828);
#11313=CARTESIAN_POINT('',(9.0,-3.74,-10.6765316562891));
#11314=VECTOR('',#12829,1.0);
#11315=COLOUR_RGB('',0.705882370471954,0.705882370471954,0.705882370471954);
#11316=CARTESIAN_POINT('',(6.05,-3.74,-10.1234683437109));
#11317=CARTESIAN_POINT('',(6.05,-3.74,-9.4));
#11318=VECTOR('',#12830,1.0);
#11319=CARTESIAN_POINT('',(6.43272065430581,-3.74,-10.1234683437109));
#11320=CARTESIAN_POINT('',(6.43272065430581,-3.74,-9.4));
#11321=VECTOR('',#12831,1.0);
#11322=CARTESIAN_POINT('',(9.0,-3.74,-10.1234683437109));
#11323=VECTOR('',#12832,1.0);
#11324=COLOUR_RGB('',0.705882370471954,0.705882370471954,0.705882370471954);
#11325=CARTESIAN_POINT('',(6.41388286962235,-3.28063874219423,-9.62512258760091));
#11326=AXIS2_PLACEMENT_3D('',#12833,#12834,#12835);
#11327=CARTESIAN_POINT('',(6.79660352392815,-3.28063874219423,-9.62512258760091));
#11328=AXIS2_PLACEMENT_3D('',#12836,#12837,#12838);
#11329=CARTESIAN_POINT('',(9.0,-3.28063874219423,-9.62512258760091));
#11330=VECTOR('',#12839,1.0);
#11331=COLOUR_RGB('',0.705882370471954,0.705882370471954,0.705882370471954);
#11332=CARTESIAN_POINT('',(7.24254730335958,-2.23454295599932,-9.53981631892215));
#11333=VECTOR('',#12840,1.0);
#11334=CARTESIAN_POINT('',(7.05547538253388,-2.95384209275849,-9.59847320888437));
#11335=CARTESIAN_POINT('',(7.51504667603481,-2.3736849458911,-9.55116297009009));
#11336=VECTOR('',#12841,1.0);
#11337=AXIS2_PLACEMENT_3D('',#12842,#12843,#12844);
#11338=CARTESIAN_POINT('',(7.2538732709028,-2.0630966676638,-9.52583534000059));
#11339=VECTOR('',#12845,1.0);
#11340=CARTESIAN_POINT('',(6.01058083955446,-1.09012825971542,-9.44649241029977));
#11341=AXIS2_PLACEMENT_3D('',#12846,#12847,#12848);
#11342=CARTESIAN_POINT('',(6.80275782033853,-2.00142363133714,-9.52080607147992));
#11343=CARTESIAN_POINT('',(7.02889449400058,-2.261564116432,-9.5420198211275));
#11344=VECTOR('',#12849,1.0);
#11345=AXIS2_PLACEMENT_3D('',#12850,#12851,#12852);
#11346=COLOUR_RGB('',0.705882370471954,0.705882370471954,0.705882370471954);
#11347=CARTESIAN_POINT('',(6.80275782033853,-2.00142363133714,-8.4));
#11348=VECTOR('',#12853,1.0);
#11349=COLOUR_RGB('',0.705882370471954,0.705882370471954,0.705882370471954);
#11350=CARTESIAN_POINT('',(6.01058083955446,-1.09012825971542,-8.4));
#11351=VECTOR('',#12854,1.0);
#11352=COLOUR_RGB('',0.705882370471954,0.705882370471954,0.705882370471954);
#11353=CARTESIAN_POINT('',(5.72425180037676,0.0,-10.4));
#11354=VECTOR('',#12855,1.0);
#11355=COLOUR_RGB('',0.705882370471954,0.705882370471954,0.705882370471954);
#11356=CARTESIAN_POINT('',(7.05547538253388,-2.95384209275849,-8.4));
#11357=VECTOR('',#12856,1.0);
#11358=COLOUR_RGB('',0.705882370471954,0.705882370471954,0.705882370471954);
#11359=COLOUR_RGB('',0.705882370471954,0.705882370471954,0.705882370471954);
#11360=COLOUR_RGB('',0.705882370471954,0.705882370471954,0.705882370471954);
#11361=COLOUR_RGB('',0.705882370471954,0.705882370471954,0.705882370471954);
#11362=CARTESIAN_POINT('',(-6.01147795033001,0.0,-11.4));
#11363=CARTESIAN_POINT('',(-6.01147795033001,0.0,-9.4));
#11364=CARTESIAN_POINT('',(-6.01147795033001,0.0,-10.4));
#11365=VECTOR('',#12857,1.0);
#11366=CARTESIAN_POINT('',(-6.09306858452667,-0.52,-11.4));
#11367=AXIS2_PLACEMENT_3D('',#12858,#12859,#12860);
#11368=CARTESIAN_POINT('',(-6.23699371362129,-0.893310551018264,-11.3695575390074));
#11369=AXIS2_PLACEMENT_3D('',#12861,#12862,#12863);
#11370=CARTESIAN_POINT('',(-6.23699371362129,-0.893310551018264,-9.43044246099262));
#11371=CARTESIAN_POINT('',(-6.23699371362129,-0.893310551018264,-12.4));
#11372=VECTOR('',#12864,1.0);
#11373=CARTESIAN_POINT('',(-6.09306858452667,-0.52,-9.4));
#11374=AXIS2_PLACEMENT_3D('',#12865,#12866,#12867);
#11375=AXIS2_PLACEMENT_3D('',#12868,#12869,#12870);
#11376=COLOUR_RGB('',0.705882370471954,0.705882370471954,0.705882370471954);
#11377=CARTESIAN_POINT('',(-5.72425180037676,0.0,-11.4));
#11378=CARTESIAN_POINT('',(-7.525,0.0,-11.4));
#11379=VECTOR('',#12871,1.0);
#11380=CARTESIAN_POINT('',(-5.79751435508411,-0.52,-11.4));
#11381=AXIS2_PLACEMENT_3D('',#12872,#12873,#12874);
#11382=CARTESIAN_POINT('',(-9.0,-0.52,-11.4));
#11383=VECTOR('',#12875,1.0);
#11384=COLOUR_RGB('',0.705882370471954,0.705882370471954,0.705882370471954);
#11385=CARTESIAN_POINT('',(-5.72425180037676,0.0,-9.4));
#11386=CARTESIAN_POINT('',(-7.525,0.0,-9.4));
#11387=VECTOR('',#12876,1.0);
#11388=CARTESIAN_POINT('',(-5.79751435508411,-0.52,-9.4));
#11389=CARTESIAN_POINT('',(-9.0,-0.52,-9.4));
#11390=VECTOR('',#12877,1.0);
#11391=AXIS2_PLACEMENT_3D('',#12878,#12879,#12880);
#11392=COLOUR_RGB('',0.705882370471954,0.705882370471954,0.705882370471954);
#11393=CARTESIAN_POINT('',(-6.41388286962235,-3.28063874219423,-9.62512258760091));
#11394=CARTESIAN_POINT('',(-7.16348771745163,-2.33434680458932,-9.54795505156533));
#11395=VECTOR('',#12881,1.0);
#11396=CARTESIAN_POINT('',(-6.80275782033853,-2.00142363133714,-9.52080607147992));
#11397=AXIS2_PLACEMENT_3D('',#12882,#12883,#12884);
#11398=CARTESIAN_POINT('',(-6.01058083955446,-1.09012825971542,-9.44649241029977));
#11399=CARTESIAN_POINT('',(-7.10934344533324,-2.35411004843916,-9.54956669039618));
#11400=VECTOR('',#12885,1.0);
#11401=AXIS2_PLACEMENT_3D('',#12886,#12887,#12888);
#11402=CARTESIAN_POINT('',(-7.33432222223546,-2.15564259967096,-9.53338220926927));
#11403=VECTOR('',#12889,1.0);
#11404=CARTESIAN_POINT('',(-7.05547538253388,-2.95384209275849,-9.59847320888437));
#11405=AXIS2_PLACEMENT_3D('',#12890,#12891,#12892);
#11406=CARTESIAN_POINT('',(-6.79660352392815,-3.28063874219423,-9.62512258760091));
#11407=CARTESIAN_POINT('',(-7.43598709012686,-2.4734887944811,-9.55930170273327));
#11408=VECTOR('',#12893,1.0);
#11409=CARTESIAN_POINT('',(-9.0,-3.28063874219423,-9.62512258760091));
#11410=VECTOR('',#12894,1.0);
#11411=COLOUR_RGB('',0.705882370471954,0.705882370471954,0.705882370471954);
#11412=CARTESIAN_POINT('',(-6.05,-3.74,-10.1234683437109));
#11413=AXIS2_PLACEMENT_3D('',#12895,#12896,#12897);
#11414=CARTESIAN_POINT('',(-6.43272065430581,-3.74,-10.1234683437109));
#11415=AXIS2_PLACEMENT_3D('',#12898,#12899,#12900);
#11416=CARTESIAN_POINT('',(-9.0,-3.74,-10.1234683437109));
#11417=VECTOR('',#12901,1.0);
#11418=COLOUR_RGB('',0.705882370471954,0.705882370471954,0.705882370471954);
#11419=CARTESIAN_POINT('',(-6.05,-3.74,-10.6765316562891));
#11420=CARTESIAN_POINT('',(-6.05,-3.74,-11.4));
#11421=VECTOR('',#12902,1.0);
#11422=CARTESIAN_POINT('',(-6.43272065430581,-3.74,-10.6765316562891));
#11423=CARTESIAN_POINT('',(-6.43272065430581,-3.74,-11.4));
#11424=VECTOR('',#12903,1.0);
#11425=CARTESIAN_POINT('',(-9.0,-3.74,-10.6765316562891));
#11426=VECTOR('',#12904,1.0);
#11427=COLOUR_RGB('',0.705882370471954,0.705882370471954,0.705882370471954);
#11428=CARTESIAN_POINT('',(-6.41388286962235,-3.28063874219423,-11.1748774123991));
#11429=AXIS2_PLACEMENT_3D('',#12905,#12906,#12907);
#11430=CARTESIAN_POINT('',(-6.79660352392815,-3.28063874219423,-11.1748774123991));
#11431=AXIS2_PLACEMENT_3D('',#12908,#12909,#12910);
#11432=CARTESIAN_POINT('',(-9.0,-3.28063874219423,-11.1748774123991));
#11433=VECTOR('',#12911,1.0);
#11434=COLOUR_RGB('',0.705882370471954,0.705882370471954,0.705882370471954);
#11435=CARTESIAN_POINT('',(-7.24254730335959,-2.23454295599932,-11.2601836810778));
#11436=VECTOR('',#12912,1.0);
#11437=CARTESIAN_POINT('',(-7.05547538253388,-2.95384209275849,-11.2015267911156));
#11438=CARTESIAN_POINT('',(-7.51504667603481,-2.3736849458911,-11.2488370299099));
#11439=VECTOR('',#12913,1.0);
#11440=AXIS2_PLACEMENT_3D('',#12914,#12915,#12916);
#11441=CARTESIAN_POINT('',(-7.2538732709028,-2.0630966676638,-11.2741646599994));
#11442=VECTOR('',#12917,1.0);
#11443=CARTESIAN_POINT('',(-6.01058083955446,-1.09012825971542,-11.3535075897002));
#11444=AXIS2_PLACEMENT_3D('',#12918,#12919,#12920);
#11445=CARTESIAN_POINT('',(-6.80275782033853,-2.00142363133714,-11.2791939285201));
#11446=CARTESIAN_POINT('',(-7.02889449400058,-2.261564116432,-11.2579801788725));
#11447=VECTOR('',#12921,1.0);
#11448=AXIS2_PLACEMENT_3D('',#12922,#12923,#12924);
#11449=COLOUR_RGB('',0.705882370471954,0.705882370471954,0.705882370471954);
#11450=CARTESIAN_POINT('',(-6.80275782033853,-2.00142363133714,-12.4));
#11451=VECTOR('',#12925,1.0);
#11452=COLOUR_RGB('',0.705882370471954,0.705882370471954,0.705882370471954);
#11453=CARTESIAN_POINT('',(-6.01058083955446,-1.09012825971542,-12.4));
#11454=VECTOR('',#12926,1.0);
#11455=COLOUR_RGB('',0.705882370471954,0.705882370471954,0.705882370471954);
#11456=CARTESIAN_POINT('',(-5.72425180037676,0.0,-10.4));
#11457=VECTOR('',#12927,1.0);
#11458=COLOUR_RGB('',0.705882370471954,0.705882370471954,0.705882370471954);
#11459=CARTESIAN_POINT('',(-7.05547538253388,-2.95384209275849,-12.4));
#11460=VECTOR('',#12928,1.0);
#11461=COLOUR_RGB('',0.705882370471954,0.705882370471954,0.705882370471954);
#11462=COLOUR_RGB('',0.705882370471954,0.705882370471954,0.705882370471954);
#11463=COLOUR_RGB('',0.705882370471954,0.705882370471954,0.705882370471954);
#11464=COLOUR_RGB('',0.705882370471954,0.705882370471954,0.705882370471954);
#11465=CARTESIAN_POINT('',(4.51430283462381,6.185,-0.0544897096069787));
#11466=CARTESIAN_POINT('',(4.51430283462381,2.995,-0.0544897096069781));
#11467=CARTESIAN_POINT('',(4.51430283462381,4.59,-0.0544897096069786));
#11468=VECTOR('',#12929,1.0);
#11469=CARTESIAN_POINT('',(4.24506147274635,6.185,-0.355164258571947));
#11470=AXIS2_PLACEMENT_3D('',#12930,#12931,#12932);
#11471=CARTESIAN_POINT('',(4.24506147274635,2.995,-0.355164258571947));
#11472=CARTESIAN_POINT('',(4.24506147274635,6.59,-0.355164258571947));
#11473=VECTOR('',#12933,1.0);
#11474=AXIS2_PLACEMENT_3D('',#12934,#12935,#12936);
#11475=COLOUR_RGB('',0.705882370471954,0.705882370471954,0.705882370471954);
#11476=CARTESIAN_POINT('',(4.51430283462381,6.185,-0.205880787636847));
#11477=VECTOR('',#12937,1.0);
#11478=CARTESIAN_POINT('',(4.53682817153891,6.185,-0.428065703428778));
#11479=AXIS2_PLACEMENT_3D('',#12938,#12939,#12940);
#11480=CARTESIAN_POINT('',(4.50573951631229,6.185,-0.523523150547389));
#11481=CARTESIAN_POINT('',(4.3674594503798,6.185,-0.948110897591694));
#11482=VECTOR('',#12941,1.0);
#11483=CARTESIAN_POINT('',(4.19023021855979,6.185,-0.523523150547389));
#11484=CARTESIAN_POINT('',(6.05,6.185,-0.523523150547389));
#11485=VECTOR('',#12942,1.0);
#11486=CARTESIAN_POINT('',(4.12089699695918,6.185,-0.736410208101265));
#11487=VECTOR('',#12943,1.0);
#11488=COLOUR_RGB('',0.705882370471954,0.705882370471954,0.705882370471954);
#11489=CARTESIAN_POINT('',(3.32397694825009,5.41371901409606,-4.1521148996993));
#11490=CARTESIAN_POINT('',(4.00841543493337,5.86041990399249,-2.05055244316171));
#11491=VECTOR('',#12944,1.0);
#11492=CARTESIAN_POINT('',(3.20001324760107,5.4242579813872,-4.10253295685858));
#11493=CARTESIAN_POINT('',(4.13685002759746,5.34461134184814,-4.47724093535283));
#11494=VECTOR('',#12945,1.0);
#11495=CARTESIAN_POINT('',(3.2,5.53872319289566,-3.56401647630808));
#11496=CARTESIAN_POINT('',(3.19998845599263,5.63846859124736,-3.09475127194072));
#11497=VECTOR('',#12946,1.0);
#11498=CARTESIAN_POINT('',(3.75914718931644,5.90365233102918,-1.84715986521907));
#11499=VECTOR('',#12947,1.0);
#11500=COLOUR_RGB('',0.705882370471954,0.705882370471954,0.705882370471954);
#11501=CARTESIAN_POINT('',(4.51430283462381,2.995,-0.205880787636849));
#11502=VECTOR('',#12948,1.0);
#11503=CARTESIAN_POINT('',(4.19023021855979,2.995,-0.523523150547391));
#11504=CARTESIAN_POINT('',(4.12089699695918,2.995,-0.736410208101268));
#11505=VECTOR('',#12949,1.0);
#11506=CARTESIAN_POINT('',(4.50573951631229,2.995,-0.523523150547391));
#11507=CARTESIAN_POINT('',(6.05,2.995,-0.523523150547391));
#11508=VECTOR('',#12950,1.0);
#11509=CARTESIAN_POINT('',(4.53682817153891,2.995,-0.428065703428777));
#11510=CARTESIAN_POINT('',(4.3674594503798,2.995,-0.948110897591696));
#11511=VECTOR('',#12951,1.0);
#11512=AXIS2_PLACEMENT_3D('',#12952,#12953,#12954);
#11513=COLOUR_RGB('',0.705882370471954,0.705882370471954,0.705882370471954);
#11514=CARTESIAN_POINT('',(3.32397694825009,3.76628098590394,-4.1521148996993));
#11515=CARTESIAN_POINT('',(3.88815364960427,3.39806932122243,-2.41981521537746));
#11516=VECTOR('',#12955,1.0);
#11517=CARTESIAN_POINT('',(3.2,3.64127680710434,-3.56401647630808));
#11518=CARTESIAN_POINT('',(3.63888540398734,3.35483689418573,-2.21642263743481));
#11519=VECTOR('',#12956,1.0);
#11520=CARTESIAN_POINT('',(3.20001324760107,3.7557420186128,-4.10253295685858));
#11521=CARTESIAN_POINT('',(3.19999846178628,3.62798595105998,-3.50148791478102));
#11522=VECTOR('',#12957,1.0);
#11523=CARTESIAN_POINT('',(4.28252548321509,3.84777348414397,-4.53550696061598));
#11524=VECTOR('',#12958,1.0);
#11525=COLOUR_RGB('',0.705882370471954,0.705882370471954,0.705882370471954);
#11526=CARTESIAN_POINT('',(4.53682817153891,6.59,-0.428065703428778));
#11527=VECTOR('',#12959,1.0);
#11528=COLOUR_RGB('',0.705882370471954,0.705882370471954,0.705882370471954);
#11529=CARTESIAN_POINT('',(3.32397694825009,6.59,-4.1521148996993));
#11530=VECTOR('',#12960,1.0);
#11531=COLOUR_RGB('',0.705882370471954,0.705882370471954,0.705882370471954);
#11532=CARTESIAN_POINT('',(3.20001324760107,6.59,-4.10253295685858));
#11533=VECTOR('',#12961,1.0);
#11534=COLOUR_RGB('',0.705882370471954,0.705882370471954,0.705882370471954);
#11535=CARTESIAN_POINT('',(3.2,6.59,-3.56401647630808));
#11536=VECTOR('',#12962,1.0);
#11537=COLOUR_RGB('',0.705882370471954,0.705882370471954,0.705882370471954);
#11538=COLOUR_RGB('',0.705882370471954,0.705882370471954,0.705882370471954);
#11539=CARTESIAN_POINT('',(-4.51430283462382,2.995,-0.0544897096069759));
#11540=CARTESIAN_POINT('',(-4.51430283462382,6.185,-0.0544897096069756));
#11541=CARTESIAN_POINT('',(-4.51430283462382,4.59,-0.0544897096069757));
#11542=VECTOR('',#12963,1.0);
#11543=CARTESIAN_POINT('',(-4.24506147274635,2.995,-0.355164258571947));
#11544=AXIS2_PLACEMENT_3D('',#12964,#12965,#12966);
#11545=CARTESIAN_POINT('',(-4.24506147274635,6.185,-0.355164258571947));
#11546=CARTESIAN_POINT('',(-4.24506147274635,2.59,-0.355164258571947));
#11547=VECTOR('',#12967,1.0);
#11548=AXIS2_PLACEMENT_3D('',#12968,#12969,#12970);
#11549=COLOUR_RGB('',0.705882370471954,0.705882370471954,0.705882370471954);
#11550=CARTESIAN_POINT('',(-4.51430283462382,2.995,-0.205880787636847));
#11551=VECTOR('',#12971,1.0);
#11552=CARTESIAN_POINT('',(-4.53682817153891,2.995,-0.428065703428778));
#11553=AXIS2_PLACEMENT_3D('',#12972,#12973,#12974);
#11554=CARTESIAN_POINT('',(-4.50573951631229,2.995,-0.523523150547389));
#11555=CARTESIAN_POINT('',(-4.3674594503798,2.995,-0.948110897591694));
#11556=VECTOR('',#12975,1.0);
#11557=CARTESIAN_POINT('',(-4.19023021855979,2.995,-0.523523150547389));
#11558=CARTESIAN_POINT('',(-6.05,2.995,-0.523523150547389));
#11559=VECTOR('',#12976,1.0);
#11560=CARTESIAN_POINT('',(-4.12089699695918,2.995,-0.736410208101265));
#11561=VECTOR('',#12977,1.0);
#11562=COLOUR_RGB('',0.705882370471954,0.705882370471954,0.705882370471954);
#11563=CARTESIAN_POINT('',(-3.32397694825009,3.76628098590394,-4.1521148996993));
#11564=CARTESIAN_POINT('',(-4.00841543493337,3.31958009600751,-2.05055244316171));
#11565=VECTOR('',#12978,1.0);
#11566=CARTESIAN_POINT('',(-3.20001324760107,3.7557420186128,-4.10253295685858));
#11567=CARTESIAN_POINT('',(-4.13685002759746,3.83538865815186,-4.47724093535283));
#11568=VECTOR('',#12979,1.0);
#11569=CARTESIAN_POINT('',(-3.2,3.64127680710434,-3.56401647630808));
#11570=CARTESIAN_POINT('',(-3.19998845599263,3.54153140875264,-3.09475127194072));
#11571=VECTOR('',#12980,1.0);
#11572=CARTESIAN_POINT('',(-3.75914718931644,3.27634766897082,-1.84715986521907));
#11573=VECTOR('',#12981,1.0);
#11574=COLOUR_RGB('',0.705882370471954,0.705882370471954,0.705882370471954);
#11575=CARTESIAN_POINT('',(-4.51430283462382,6.185,-0.205880787636849));
#11576=VECTOR('',#12982,1.0);
#11577=CARTESIAN_POINT('',(-4.19023021855979,6.185,-0.523523150547391));
#11578=CARTESIAN_POINT('',(-4.12089699695918,6.185,-0.736410208101268));
#11579=VECTOR('',#12983,1.0);
#11580=CARTESIAN_POINT('',(-4.50573951631229,6.185,-0.523523150547391));
#11581=CARTESIAN_POINT('',(-6.05,6.185,-0.523523150547391));
#11582=VECTOR('',#12984,1.0);
#11583=CARTESIAN_POINT('',(-4.53682817153891,6.185,-0.428065703428777));
#11584=CARTESIAN_POINT('',(-4.3674594503798,6.185,-0.948110897591696));
#11585=VECTOR('',#12985,1.0);
#11586=AXIS2_PLACEMENT_3D('',#12986,#12987,#12988);
#11587=COLOUR_RGB('',0.705882370471954,0.705882370471954,0.705882370471954);
#11588=CARTESIAN_POINT('',(-3.32397694825009,5.41371901409606,-4.1521148996993));
#11589=CARTESIAN_POINT('',(-3.88815364960427,5.78193067877757,-2.41981521537746));
#11590=VECTOR('',#12989,1.0);
#11591=CARTESIAN_POINT('',(-3.2,5.53872319289566,-3.56401647630808));
#11592=CARTESIAN_POINT('',(-3.63888540398734,5.82516310581426,-2.21642263743481));
#11593=VECTOR('',#12990,1.0);
#11594=CARTESIAN_POINT('',(-3.20001324760107,5.4242579813872,-4.10253295685858));
#11595=CARTESIAN_POINT('',(-3.19999846178628,5.55201404894002,-3.50148791478102));
#11596=VECTOR('',#12991,1.0);
#11597=CARTESIAN_POINT('',(-4.28252548321509,5.33222651585603,-4.53550696061598));
#11598=VECTOR('',#12992,1.0);
#11599=COLOUR_RGB('',0.705882370471954,0.705882370471954,0.705882370471954);
#11600=CARTESIAN_POINT('',(-4.53682817153891,2.59,-0.428065703428778));
#11601=VECTOR('',#12993,1.0);
#11602=COLOUR_RGB('',0.705882370471954,0.705882370471954,0.705882370471954);
#11603=CARTESIAN_POINT('',(-3.32397694825009,2.59,-4.1521148996993));
#11604=VECTOR('',#12994,1.0);
#11605=COLOUR_RGB('',0.705882370471954,0.705882370471954,0.705882370471954);
#11606=CARTESIAN_POINT('',(-3.20001324760107,2.59,-4.10253295685858));
#11607=VECTOR('',#12995,1.0);
#11608=COLOUR_RGB('',0.705882370471954,0.705882370471954,0.705882370471954);
#11609=CARTESIAN_POINT('',(-3.2,2.59,-3.56401647630808));
#11610=VECTOR('',#12996,1.0);
#11611=COLOUR_RGB('',0.705882370471954,0.705882370471954,0.705882370471954);
#11612=COLOUR_RGB('',0.705882370471954,0.705882370471954,0.705882370471954);
#11613=CARTESIAN_POINT('',(6.05,7.25,-9.5));
#11614=CARTESIAN_POINT('',(0.0,7.25,-9.5));
#11615=VECTOR('',#12997,1.0);
#11616=CARTESIAN_POINT('',(6.05,7.25,-9.19353444410996));
#11617=VECTOR('',#12998,1.0);
#11618=COLOUR_RGB('',0.705882370471954,0.705882370471954,0.705882370471954);
#11619=CARTESIAN_POINT('',(6.05,6.6117364467748,-9.5));
#11620=VECTOR('',#12999,1.0);
#11621=COLOUR_RGB('',0.705882370471954,0.705882370471954,0.705882370471954);
#11622=CARTESIAN_POINT('',(-6.05,7.25,-9.5));
#11623=CARTESIAN_POINT('',(0.0,7.25,-9.5));
#11624=VECTOR('',#13000,1.0);
#11625=CARTESIAN_POINT('',(-6.05,6.6117364467748,-9.5));
#11626=VECTOR('',#13001,1.0);
#11627=COLOUR_RGB('',0.705882370471954,0.705882370471954,0.705882370471954);
#11628=CARTESIAN_POINT('',(6.05,3.7,-11.07));
#11629=CARTESIAN_POINT('',(0.0,3.7,-11.07));
#11630=VECTOR('',#13002,1.0);
#11631=CARTESIAN_POINT('',(6.05,3.7,-9.19353444410996));
#11632=VECTOR('',#13003,1.0);
#11633=COLOUR_RGB('',0.705882370471954,0.705882370471954,0.705882370471954);
#11634=CARTESIAN_POINT('',(-6.05,3.7,-9.5));
#11635=CARTESIAN_POINT('',(0.0,3.7,-9.5));
#11636=VECTOR('',#13004,1.0);
#11637=CARTESIAN_POINT('',(-6.05,3.7,-9.19353444410996));
#11638=VECTOR('',#13005,1.0);
#11639=COLOUR_RGB('',0.705882370471954,0.705882370471954,0.705882370471954);
#11640=CARTESIAN_POINT('',(6.05,4.1367364467748,-11.07));
#11641=VECTOR('',#13006,1.0);
#11642=COLOUR_RGB('',0.705882370471954,0.705882370471954,0.705882370471954);
#11643=CARTESIAN_POINT('',(4.51430283462381,2.99,6.66133814775094E-16));
#11644=CARTESIAN_POINT('',(-0.721424291344047,2.99,3.33066907387547E-16));
#11645=VECTOR('',#13007,1.0);
#11646=CARTESIAN_POINT('',(4.51430283462381,2.99,-0.4));
#11647=VECTOR('',#13008,1.0);
#11648=COLOUR_RGB('',0.705882370471954,0.705882370471954,0.705882370471954);
#11649=CARTESIAN_POINT('',(4.7,2.69,6.66133814775094E-16));
#11650=CARTESIAN_POINT('',(4.7,2.69,-0.4));
#11651=VECTOR('',#13009,1.0);
#11652=AXIS2_PLACEMENT_3D('',#13010,#13011,#13012);
#11653=COLOUR_RGB('',0.705882370471954,0.705882370471954,0.705882370471954);
#11654=CARTESIAN_POINT('',(-0.7125,2.69,3.33066907387547E-16));
#11655=VECTOR('',#13013,1.0);
#11656=COLOUR_RGB('',0.705882370471954,0.705882370471954,0.705882370471954);
#11657=CARTESIAN_POINT('',(-4.7,2.69,5.55111512312578E-17));
#11658=CARTESIAN_POINT('',(-4.7,2.69,-0.4));
#11659=VECTOR('',#13014,1.0);
#11660=CARTESIAN_POINT('',(-5.3375,2.69,5.55111512312578E-17));
#11661=VECTOR('',#13015,1.0);
#11662=COLOUR_RGB('',0.705882370471954,0.705882370471954,0.705882370471954);
#11663=AXIS2_PLACEMENT_3D('',#13016,#13017,#13018);
#11664=COLOUR_RGB('',0.705882370471954,0.705882370471954,0.705882370471954);
#11665=CARTESIAN_POINT('',(-4.51430283462382,2.99,1.11022302462516E-16));
#11666=CARTESIAN_POINT('',(-4.51430283462382,2.99,-0.4));
#11667=VECTOR('',#13019,1.0);
#11668=CARTESIAN_POINT('',(-5.32857570865596,2.99,5.55111512312578E-17));
#11669=VECTOR('',#13020,1.0);
#11670=COLOUR_RGB('',0.705882370471954,0.705882370471954,0.705882370471954);
#11671=CARTESIAN_POINT('',(-4.51430283462382,6.19,1.11022302462516E-16));
#11672=CARTESIAN_POINT('',(-4.51430283462382,6.19,-0.4));
#11673=VECTOR('',#13021,1.0);
#11674=CARTESIAN_POINT('',(-4.51430283462382,5.07,8.32667268468867E-17));
#11675=VECTOR('',#13022,1.0);
#11676=COLOUR_RGB('',0.705882370471954,0.705882370471954,0.705882370471954);
#11677=CARTESIAN_POINT('',(-4.7,6.19,5.55111512312578E-17));
#11678=CARTESIAN_POINT('',(-4.7,6.19,-0.4));
#11679=VECTOR('',#13023,1.0);
#11680=CARTESIAN_POINT('',(-5.32857570865595,6.19,5.55111512312578E-17));
#11681=VECTOR('',#13024,1.0);
#11682=COLOUR_RGB('',0.705882370471954,0.705882370471954,0.705882370471954);
#11683=AXIS2_PLACEMENT_3D('',#13025,#13026,#13027);
#11684=COLOUR_RGB('',0.705882370471954,0.705882370471954,0.705882370471954);
#11685=CARTESIAN_POINT('',(-4.55,6.49,1.11022302462516E-16));
#11686=CARTESIAN_POINT('',(-4.55,6.49,-0.4));
#11687=VECTOR('',#13028,1.0);
#11688=CARTESIAN_POINT('',(-5.3375,6.49,5.55111512312578E-17));
#11689=VECTOR('',#13029,1.0);
#11690=COLOUR_RGB('',0.705882370471954,0.705882370471954,0.705882370471954);
#11691=CARTESIAN_POINT('',(-4.55,7.49,1.11022302462516E-16));
#11692=CARTESIAN_POINT('',(-4.55,7.49,-0.4));
#11693=VECTOR('',#13030,1.0);
#11694=CARTESIAN_POINT('',(-4.55,6.27,8.32667268468867E-17));
#11695=VECTOR('',#13031,1.0);
#11696=COLOUR_RGB('',0.705882370471954,0.705882370471954,0.705882370471954);
#11697=CARTESIAN_POINT('',(-2.6,9.49,2.22044604925031E-16));
#11698=CARTESIAN_POINT('',(-2.6,9.49,-0.4));
#11699=VECTOR('',#13032,1.0);
#11700=CARTESIAN_POINT('',(-4.91285245113746,7.11784363985902,1.11022302462516E-16));
#11701=VECTOR('',#13033,1.0);
#11702=COLOUR_RGB('',0.705882370471954,0.705882370471954,0.705882370471954);
#11703=CARTESIAN_POINT('',(2.6,9.49,5.55111512312578E-16));
#11704=CARTESIAN_POINT('',(2.6,9.49,-0.4));
#11705=VECTOR('',#13034,1.0);
#11706=CARTESIAN_POINT('',(-3.025,9.49,1.94289029309402E-16));
#11707=VECTOR('',#13035,1.0);
#11708=COLOUR_RGB('',0.705882370471954,0.705882370471954,0.705882370471954);
#11709=CARTESIAN_POINT('',(4.55,7.49,6.66133814775094E-16));
#11710=CARTESIAN_POINT('',(4.55,7.49,-0.4));
#11711=VECTOR('',#13036,1.0);
#11712=CARTESIAN_POINT('',(1.96442246074976,10.141874399231,4.9960036108132E-16));
#11713=VECTOR('',#13037,1.0);
#11714=COLOUR_RGB('',0.705882370471954,0.705882370471954,0.705882370471954);
#11715=CARTESIAN_POINT('',(4.55,6.49,6.66133814775094E-16));
#11716=CARTESIAN_POINT('',(4.55,6.49,-0.4));
#11717=VECTOR('',#13038,1.0);
#11718=CARTESIAN_POINT('',(4.55,6.27,6.38378239159465E-16));
#11719=VECTOR('',#13039,1.0);
#11720=COLOUR_RGB('',0.705882370471954,0.705882370471954,0.705882370471954);
#11721=CARTESIAN_POINT('',(-0.712499999999999,6.49,3.33066907387547E-16));
#11722=VECTOR('',#13040,1.0);
#11723=COLOUR_RGB('',0.705882370471954,0.705882370471954,0.705882370471954);
#11724=CARTESIAN_POINT('',(4.51430283462381,6.19,6.66133814775094E-16));
#11725=CARTESIAN_POINT('',(4.51430283462381,6.19,-0.4));
#11726=VECTOR('',#13041,1.0);
#11727=CARTESIAN_POINT('',(-0.721424291344047,6.19,3.33066907387547E-16));
#11728=VECTOR('',#13042,1.0);
#11729=COLOUR_RGB('',0.705882370471954,0.705882370471954,0.705882370471954);
#11730=CARTESIAN_POINT('',(4.51430283462381,5.07,6.38378239159465E-16));
#11731=VECTOR('',#13043,1.0);
#11732=COLOUR_RGB('',0.705882370471954,0.705882370471954,0.705882370471954);
#11733=CARTESIAN_POINT('',(-6.05,4.6,-13.4));
#11734=CARTESIAN_POINT('',(0.0,4.6,-13.4));
#11735=VECTOR('',#13044,1.0);
#11736=CARTESIAN_POINT('',(-6.05,5.3367364467748,-13.4));
#11737=VECTOR('',#13045,1.0);
#11738=COLOUR_RGB('',0.705882370471954,0.705882370471954,0.705882370471954);
#11739=CARTESIAN_POINT('',(-6.05,4.6,-11.14353444411));
#11740=VECTOR('',#13046,1.0);
#11741=COLOUR_RGB('',0.705882370471954,0.705882370471954,0.705882370471954);
#11742=CARTESIAN_POINT('',(-6.05,7.25,-9.19353444410996));
#11743=VECTOR('',#13047,1.0);
#11744=COLOUR_RGB('',0.705882370471954,0.705882370471954,0.705882370471954);
#11745=CARTESIAN_POINT('',(-6.05,4.1367364467748,-9.5));
#11746=VECTOR('',#13048,1.0);
#11747=COLOUR_RGB('',0.705882370471954,0.705882370471954,0.705882370471954);
#11748=AXIS2_PLACEMENT_3D('',#13049,#13050,#13051);
#11749=COLOUR_RGB('',0.705882370471954,0.705882370471954,0.705882370471954);
#11750=AXIS2_PLACEMENT_3D('',#13052,#13053,#13054);
#11751=COLOUR_RGB('',0.705882370471954,0.705882370471954,0.705882370471954);
#11752=AXIS2_PLACEMENT_3D('',#13055,#13056,#13057);
#11753=COLOUR_RGB('',0.705882370471954,0.705882370471954,0.705882370471954);
#11754=AXIS2_PLACEMENT_3D('',#13058,#13059,#13060);
#11755=COLOUR_RGB('',0.705882370471954,0.705882370471954,0.705882370471954);
#11756=CARTESIAN_POINT('',(-2.95,7.8,-16.2));
#11757=CARTESIAN_POINT('',(2.95,7.8,-16.2));
#11758=CARTESIAN_POINT('',(-3.025,7.8,-16.2));
#11759=VECTOR('',#13061,1.0);
#11760=CARTESIAN_POINT('',(-2.95,7.8,-16.5));
#11761=CARTESIAN_POINT('',(-2.95,7.8,-16.5));
#11762=VECTOR('',#13062,1.0);
#11763=CARTESIAN_POINT('',(2.95,7.8,-16.5));
#11764=CARTESIAN_POINT('',(-2.95,7.8,-16.5));
#11765=VECTOR('',#13063,1.0);
#11766=CARTESIAN_POINT('',(2.95,7.8,-16.5));
#11767=VECTOR('',#13064,1.0);
#11768=COLOUR_RGB('',0.705882370471954,0.705882370471954,0.705882370471954);
#11769=AXIS2_PLACEMENT_3D('',#13065,#13066,#13067);
#11770=AXIS2_PLACEMENT_3D('',#13068,#13069,#13070);
#11771=COLOUR_RGB('',0.705882370471954,0.705882370471954,0.705882370471954);
#11772=CARTESIAN_POINT('',(-3.025,8.8,-16.2));
#11773=VECTOR('',#13071,1.0);
#11774=CARTESIAN_POINT('',(2.95,8.8,-16.5));
#11775=VECTOR('',#13072,1.0);
#11776=COLOUR_RGB('',0.705882370471954,0.705882370471954,0.705882370471954);
#11777=AXIS2_PLACEMENT_3D('',#13073,#13074,#13075);
#11778=AXIS2_PLACEMENT_3D('',#13076,#13077,#13078);
#11779=COLOUR_RGB('',0.705882370471954,0.705882370471954,0.705882370471954);
#11780=COLOUR_RGB('',0.705882370471954,0.705882370471954,0.705882370471954);
#11781=CARTESIAN_POINT('',(-2.95,3.8,-16.2));
#11782=CARTESIAN_POINT('',(2.95,3.8,-16.2));
#11783=CARTESIAN_POINT('',(-3.025,3.8,-16.2));
#11784=VECTOR('',#13079,1.0);
#11785=CARTESIAN_POINT('',(-2.95,3.8,-16.5));
#11786=CARTESIAN_POINT('',(-2.95,3.8,-16.5));
#11787=VECTOR('',#13080,1.0);
#11788=CARTESIAN_POINT('',(2.95,3.8,-16.5));
#11789=CARTESIAN_POINT('',(-2.95,3.8,-16.5));
#11790=VECTOR('',#13081,1.0);
#11791=CARTESIAN_POINT('',(2.95,3.8,-16.5));
#11792=VECTOR('',#13082,1.0);
#11793=COLOUR_RGB('',0.705882370471954,0.705882370471954,0.705882370471954);
#11794=AXIS2_PLACEMENT_3D('',#13083,#13084,#13085);
#11795=AXIS2_PLACEMENT_3D('',#13086,#13087,#13088);
#11796=COLOUR_RGB('',0.705882370471954,0.705882370471954,0.705882370471954);
#11797=CARTESIAN_POINT('',(-3.025,4.8,-16.2));
#11798=VECTOR('',#13089,1.0);
#11799=CARTESIAN_POINT('',(2.95,4.8,-16.5));
#11800=VECTOR('',#13090,1.0);
#11801=COLOUR_RGB('',0.705882370471954,0.705882370471954,0.705882370471954);
#11802=AXIS2_PLACEMENT_3D('',#13091,#13092,#13093);
#11803=AXIS2_PLACEMENT_3D('',#13094,#13095,#13096);
#11804=COLOUR_RGB('',0.705882370471954,0.705882370471954,0.705882370471954);
#11805=COLOUR_RGB('',0.705882370471954,0.705882370471954,0.705882370471954);
#11806=CARTESIAN_POINT('',(5.72,0.15,-16.0));
#11807=CARTESIAN_POINT('',(5.72,-0.399999999999999,-16.0));
#11808=VECTOR('',#13097,1.0);
#11809=CARTESIAN_POINT('',(5.72,0.15,-12.3));
#11810=CARTESIAN_POINT('',(5.72,0.15,-13.14825));
#11811=VECTOR('',#13098,1.0);
#11812=CARTESIAN_POINT('',(5.72,0.0,-12.3));
#11813=CARTESIAN_POINT('',(5.72,-0.162499999999998,-12.3));
#11814=VECTOR('',#13099,1.0);
#11815=CARTESIAN_POINT('',(5.72,0.0,-9.27));
#11816=CARTESIAN_POINT('',(5.72,0.0,-11.41575));
#11817=VECTOR('',#13100,1.0);
#11818=CARTESIAN_POINT('',(5.72,-0.0999999999999997,-9.27));
#11819=VECTOR('',#13101,1.0);
#11820=COLOUR_RGB('',0.705882370471954,0.705882370471954,0.705882370471954);
#11821=CARTESIAN_POINT('',(-5.72,0.15,-16.0));
#11822=CARTESIAN_POINT('',(-3.025,0.15,-16.0));
#11823=VECTOR('',#13102,1.0);
#11824=CARTESIAN_POINT('',(-5.72,-0.399999999999999,-16.0));
#11825=VECTOR('',#13103,1.0);
#11826=COLOUR_RGB('',0.705882370471954,0.705882370471954,0.705882370471954);
#11827=CARTESIAN_POINT('',(-4.52,0.0,-6.663));
#11828=CARTESIAN_POINT('',(-4.52,-0.4,-6.663));
#11829=VECTOR('',#13104,1.0);
#11830=CARTESIAN_POINT('',(-4.52,0.0,-8.093));
#11831=CARTESIAN_POINT('',(-4.52,0.0,-5.81475));
#11832=VECTOR('',#13105,1.0);
#11833=CARTESIAN_POINT('',(-4.52,-0.0999999999999999,-8.093));
#11834=VECTOR('',#13106,1.0);
#11835=COLOUR_RGB('',0.705882370471954,0.705882370471954,0.705882370471954);
#11836=CARTESIAN_POINT('',(-3.22,0.0,-6.663));
#11837=CARTESIAN_POINT('',(-3.22,-0.4,-6.663));
#11838=VECTOR('',#13107,1.0);
#11839=AXIS2_PLACEMENT_3D('',#13108,#13109,#13110);
#11840=COLOUR_RGB('',0.705882370471954,0.705882370471954,0.705882370471954);
#11841=CARTESIAN_POINT('',(-3.22,0.0,-8.093));
#11842=CARTESIAN_POINT('',(-3.22,-0.0999999999999999,-8.093));
#11843=VECTOR('',#13111,1.0);
#11844=CARTESIAN_POINT('',(-3.22,0.0,-5.81475));
#11845=VECTOR('',#13112,1.0);
#11846=COLOUR_RGB('',0.705882370471954,0.705882370471954,0.705882370471954);
#11847=CARTESIAN_POINT('',(-0.75,0.0,-2.813));
#11848=CARTESIAN_POINT('',(-0.75,-0.4,-2.813));
#11849=VECTOR('',#13113,1.0);
#11850=CARTESIAN_POINT('',(-0.75,0.0,-8.093));
#11851=CARTESIAN_POINT('',(-0.75,0.0,-4.85225));
#11852=VECTOR('',#13114,1.0);
#11853=CARTESIAN_POINT('',(-0.75,-0.0999999999999999,-8.093));
#11854=VECTOR('',#13115,1.0);
#11855=COLOUR_RGB('',0.705882370471954,0.705882370471954,0.705882370471954);
#11856=CARTESIAN_POINT('',(-0.199000000000001,0.0,-2.3156078006241));
#11857=CARTESIAN_POINT('',(-0.199000000000001,-0.4,-2.3156078006241));
#11858=VECTOR('',#13116,1.0);
#11859=AXIS2_PLACEMENT_3D('',#13117,#13118,#13119);
#11860=COLOUR_RGB('',0.705882370471954,0.705882370471954,0.705882370471954);
#11861=CARTESIAN_POINT('',(-0.198999999999998,0.0,-0.41));
#11862=CARTESIAN_POINT('',(-0.198999999999998,-0.0999999999999999,-0.41));
#11863=VECTOR('',#13120,1.0);
#11864=CARTESIAN_POINT('',(-0.199000000000001,0.0,-2.80715195015603));
#11865=VECTOR('',#13121,1.0);
#11866=COLOUR_RGB('',0.705882370471954,0.705882370471954,0.705882370471954);
#11867=CARTESIAN_POINT('',(-2.748,0.0,-1.363));
#11868=CARTESIAN_POINT('',(-2.748,-0.4,-1.363));
#11869=VECTOR('',#13122,1.0);
#11870=CARTESIAN_POINT('',(-1.05,0.0,-1.363));
#11871=CARTESIAN_POINT('',(-3.9745,0.0,-1.363));
#11872=VECTOR('',#13123,1.0);
#11873=CARTESIAN_POINT('',(-1.05,-0.4,-1.363));
#11874=VECTOR('',#13124,1.0);
#11875=COLOUR_RGB('',0.705882370471954,0.705882370471954,0.705882370471954);
#11876=CARTESIAN_POINT('',(-2.748,0.0,-2.569));
#11877=VECTOR('',#13125,1.0);
#11878=COLOUR_RGB('',0.705882370471954,0.705882370471954,0.705882370471954);
#11879=CARTESIAN_POINT('',(-5.72,0.0,-9.27));
#11880=CARTESIAN_POINT('',(-5.72,-0.0999999999999997,-9.27));
#11881=VECTOR('',#13126,1.0);
#11882=CARTESIAN_POINT('',(-5.72,0.0,-12.3));
#11883=CARTESIAN_POINT('',(-5.72,0.0,-11.41575));
#11884=VECTOR('',#13127,1.0);
#11885=CARTESIAN_POINT('',(-5.72,0.15,-12.3));
#11886=CARTESIAN_POINT('',(-5.72,-0.162499999999998,-12.3));
#11887=VECTOR('',#13128,1.0);
#11888=CARTESIAN_POINT('',(-5.72,0.15,-13.14825));
#11889=VECTOR('',#13129,1.0);
#11890=COLOUR_RGB('',0.705882370471954,0.705882370471954,0.705882370471954);
#11891=CARTESIAN_POINT('',(-1.05,0.0,-0.409999999999995));
#11892=CARTESIAN_POINT('',(-1.05,0.0,-2.569));
#11893=VECTOR('',#13130,1.0);
#11894=CARTESIAN_POINT('',(-1.05,-0.1,-0.41));
#11895=VECTOR('',#13131,1.0);
#11896=COLOUR_RGB('',0.705882370471954,0.705882370471954,0.705882370471954);
#11897=CARTESIAN_POINT('',(-6.05,0.4,-8.593));
#11898=CARTESIAN_POINT('',(-6.05,0.4,-8.593));
#11899=VECTOR('',#13132,1.0);
#11900=CARTESIAN_POINT('',(-6.05,0.4,-9.27));
#11901=CARTESIAN_POINT('',(-6.05,0.4,-9.27));
#11902=VECTOR('',#13133,1.0);
#11903=CARTESIAN_POINT('',(-6.05,0.4,-9.27));
#11904=VECTOR('',#13134,1.0);
#11905=COLOUR_RGB('',0.705882370471954,0.705882370471954,0.705882370471954);
#11906=CARTESIAN_POINT('',(-6.05,0.0,-9.27));
#11907=CARTESIAN_POINT('',(-6.05,0.0,-9.27));
#11908=VECTOR('',#13135,1.0);
#11909=CARTESIAN_POINT('',(-6.05,0.0,-9.27));
#11910=VECTOR('',#13136,1.0);
#11911=COLOUR_RGB('',0.705882370471954,0.705882370471954,0.705882370471954);
#11912=CARTESIAN_POINT('',(6.05,0.0,-9.27));
#11913=CARTESIAN_POINT('',(-6.05,0.0,-9.27));
#11914=VECTOR('',#13137,1.0);
#11915=CARTESIAN_POINT('',(6.05,0.0,-9.27));
#11916=VECTOR('',#13138,1.0);
#11917=COLOUR_RGB('',0.705882370471954,0.705882370471954,0.705882370471954);
#11918=CARTESIAN_POINT('',(-6.05,0.0,-12.3));
#11919=CARTESIAN_POINT('',(-6.05,0.0,-12.3));
#11920=VECTOR('',#13139,1.0);
#11921=CARTESIAN_POINT('',(-6.05,0.0,-12.3));
#11922=VECTOR('',#13140,1.0);
#11923=COLOUR_RGB('',0.705882370471954,0.705882370471954,0.705882370471954);
#11924=CARTESIAN_POINT('',(6.05,0.0,-12.3));
#11925=CARTESIAN_POINT('',(-6.05,0.0,-12.3));
#11926=VECTOR('',#13141,1.0);
#11927=CARTESIAN_POINT('',(6.05,0.0,-12.3));
#11928=VECTOR('',#13142,1.0);
#11929=COLOUR_RGB('',0.705882370471954,0.705882370471954,0.705882370471954);
#11930=CARTESIAN_POINT('',(-6.05,0.15,-12.3));
#11931=CARTESIAN_POINT('',(-6.05,0.15,-12.3));
#11932=VECTOR('',#13143,1.0);
#11933=CARTESIAN_POINT('',(-6.05,0.15,-16.2));
#11934=CARTESIAN_POINT('',(-6.05,0.15,-16.2));
#11935=VECTOR('',#13144,1.0);
#11936=CARTESIAN_POINT('',(6.05,0.15,-16.2));
#11937=CARTESIAN_POINT('',(-6.05,0.15,-16.2));
#11938=VECTOR('',#13145,1.0);
#11939=CARTESIAN_POINT('',(6.05,0.15,-12.3));
#11940=CARTESIAN_POINT('',(6.05,0.15,-16.2));
#11941=VECTOR('',#13146,1.0);
#11942=CARTESIAN_POINT('',(-6.05,0.15,-12.3));
#11943=VECTOR('',#13147,1.0);
#11944=COLOUR_RGB('',0.705882370471954,0.705882370471954,0.705882370471954);
#11945=CARTESIAN_POINT('',(-6.05,0.15,-12.3));
#11946=VECTOR('',#13148,1.0);
#11947=COLOUR_RGB('',0.705882370471954,0.705882370471954,0.705882370471954);
#11948=CARTESIAN_POINT('',(6.05,0.15,-12.3));
#11949=VECTOR('',#13149,1.0);
#11950=COLOUR_RGB('',0.705882370471954,0.705882370471954,0.705882370471954);
#11951=CARTESIAN_POINT('',(-6.05,0.0,-8.093));
#11952=CARTESIAN_POINT('',(-6.05,0.0,-8.093));
#11953=VECTOR('',#13150,1.0);
#11954=CARTESIAN_POINT('',(-6.05,0.4,-8.093));
#11955=CARTESIAN_POINT('',(-6.05,0.4,-8.093));
#11956=VECTOR('',#13151,1.0);
#11957=CARTESIAN_POINT('',(-6.05,0.4,-8.093));
#11958=VECTOR('',#13152,1.0);
#11959=COLOUR_RGB('',0.705882370471954,0.705882370471954,0.705882370471954);
#11960=CARTESIAN_POINT('',(-6.05,0.0,-8.093));
#11961=VECTOR('',#13153,1.0);
#11962=COLOUR_RGB('',0.705882370471954,0.705882370471954,0.705882370471954);
#11963=CARTESIAN_POINT('',(-6.05,0.0,-0.409999999999996));
#11964=VECTOR('',#13154,1.0);
#11965=CARTESIAN_POINT('',(-6.05,0.0,-8.093));
#11966=VECTOR('',#13155,1.0);
#11967=COLOUR_RGB('',0.705882370471954,0.705882370471954,0.705882370471954);
#11968=COLOUR_RGB('',0.705882370471954,0.705882370471954,0.705882370471954);
#11969=CARTESIAN_POINT('',(-6.05,10.7,0.0));
#11970=CARTESIAN_POINT('',(-6.05,0.4,0.0));
#11971=VECTOR('',#13156,1.0);
#11972=CARTESIAN_POINT('',(-6.05,10.7,-16.2));
#11973=CARTESIAN_POINT('',(-6.05,10.7,0.0));
#11974=VECTOR('',#13157,1.0);
#11975=CARTESIAN_POINT('',(-6.05,0.15,-16.2));
#11976=VECTOR('',#13158,1.0);
#11977=AXIS2_PLACEMENT_3D('',#13159,#13160,#13161);
#11978=COLOUR_RGB('',0.705882370471954,0.705882370471954,0.705882370471954);
#11979=CARTESIAN_POINT('',(6.05,10.7,7.40911313484149E-16));
#11980=CARTESIAN_POINT('',(6.05,0.4,7.40911313484149E-16));
#11981=VECTOR('',#13162,1.0);
#11982=CARTESIAN_POINT('',(-6.05,10.7,0.0));
#11983=VECTOR('',#13163,1.0);
#11984=COLOUR_RGB('',0.705882370471954,0.705882370471954,0.705882370471954);
#11985=CARTESIAN_POINT('',(6.05,10.7,-16.2));
#11986=CARTESIAN_POINT('',(6.05,10.7,7.40911313484149E-16));
#11987=VECTOR('',#13164,1.0);
#11988=CARTESIAN_POINT('',(-6.05,10.7,-16.2));
#11989=VECTOR('',#13165,1.0);
#11990=COLOUR_RGB('',0.705882370471954,0.705882370471954,0.705882370471954);
#11991=CARTESIAN_POINT('',(6.05,0.15,-16.2));
#11992=VECTOR('',#13166,1.0);
#11993=COLOUR_RGB('',0.705882370471954,0.705882370471954,0.705882370471954);
#11994=COLOUR_RGB('',0.705882370471954,0.705882370471954,0.705882370471954);
#11995=CARTESIAN_POINT('',(6.05,0.0,-8.093));
#11996=VECTOR('',#13167,1.0);
#11997=COLOUR_RGB('',0.705882370471954,0.705882370471954,0.705882370471954);
#11998=DIRECTION('',(0.0,0.0,1.0));
#11999=CARTESIAN_POINT('',(2.95,4.3,-16.5));
#12000=DIRECTION('',(0.0,0.0,1.0));
#12001=DIRECTION('',(1.0,0.0,0.0));
#12002=DIRECTION('',(0.0,0.0,1.0));
#12003=CARTESIAN_POINT('',(2.95,4.3,-16.2));
#12004=DIRECTION('',(-6.12323399573676E-17,-0.0,1.0));
#12005=DIRECTION('',(1.0,0.0,6.12323399573676E-17));
#12006=DIRECTION('',(-0.0,-0.0,-1.0));
#12007=CARTESIAN_POINT('',(-2.95,4.3,-16.2));
#12008=DIRECTION('',(-6.12323399573676E-17,-0.0,1.0));
#12009=DIRECTION('',(1.0,0.0,6.12323399573676E-17));
#12010=DIRECTION('',(0.0,0.0,1.0));
#12011=CARTESIAN_POINT('',(-2.95,4.3,-16.5));
#12012=DIRECTION('',(0.0,0.0,1.0));
#12013=DIRECTION('',(1.0,0.0,0.0));
#12014=DIRECTION('',(0.0,0.0,1.0));
#12015=CARTESIAN_POINT('',(2.95,8.3,-16.5));
#12016=DIRECTION('',(0.0,0.0,1.0));
#12017=DIRECTION('',(1.0,0.0,0.0));
#12018=DIRECTION('',(0.0,0.0,1.0));
#12019=CARTESIAN_POINT('',(2.95,8.3,-16.2));
#12020=DIRECTION('',(-6.12323399573676E-17,-0.0,1.0));
#12021=DIRECTION('',(1.0,0.0,6.12323399573676E-17));
#12022=DIRECTION('',(-0.0,-0.0,-1.0));
#12023=CARTESIAN_POINT('',(-2.95,8.3,-16.2));
#12024=DIRECTION('',(-6.12323399573676E-17,-0.0,1.0));
#12025=DIRECTION('',(1.0,0.0,6.12323399573676E-17));
#12026=DIRECTION('',(0.0,0.0,1.0));
#12027=CARTESIAN_POINT('',(-2.95,8.3,-16.5));
#12028=DIRECTION('',(0.0,0.0,1.0));
#12029=DIRECTION('',(1.0,0.0,0.0));
#12030=CARTESIAN_POINT('',(5.85,2.5,-13.7));
#12031=DIRECTION('',(0.0,-1.0,0.0));
#12032=DIRECTION('',(0.0,0.0,1.0));
#12033=CARTESIAN_POINT('',(6.05,2.5,-13.7));
#12034=DIRECTION('',(-1.0,0.0,-6.12323399573676E-17));
#12035=DIRECTION('',(-6.12323399573676E-17,0.0,1.0));
#12036=CARTESIAN_POINT('',(5.85,8.1,-13.7));
#12037=DIRECTION('',(0.0,-1.0,0.0));
#12038=DIRECTION('',(0.0,0.0,1.0));
#12039=CARTESIAN_POINT('',(6.05,8.1,-13.7));
#12040=DIRECTION('',(-1.0,0.0,-6.12323399573676E-17));
#12041=DIRECTION('',(-6.12323399573676E-17,0.0,1.0));
#12042=CARTESIAN_POINT('',(-5.85,2.5,-13.7));
#12043=DIRECTION('',(-0.0,1.0,0.0));
#12044=DIRECTION('',(0.0,0.0,-1.0));
#12045=CARTESIAN_POINT('',(-6.05,2.5,-13.7));
#12046=DIRECTION('',(1.0,0.0,6.12323399573676E-17));
#12047=DIRECTION('',(6.12323399573676E-17,0.0,-1.0));
#12048=CARTESIAN_POINT('',(-5.85,8.1,-13.7));
#12049=DIRECTION('',(-0.0,1.0,0.0));
#12050=DIRECTION('',(0.0,0.0,-1.0));
#12051=CARTESIAN_POINT('',(-6.05,8.1,-13.7));
#12052=DIRECTION('',(1.0,0.0,6.12323399573676E-17));
#12053=DIRECTION('',(6.12323399573676E-17,0.0,-1.0));
#12054=DIRECTION('',(-0.0,0.0,1.0));
#12055=CARTESIAN_POINT('',(-4.7,6.34,-0.31));
#12056=DIRECTION('',(0.0,0.0,-1.0));
#12057=DIRECTION('',(1.0,0.0,0.0));
#12058=DIRECTION('',(-0.0,0.0,1.0));
#12059=CARTESIAN_POINT('',(-4.7,6.34,-0.300000000000001));
#12060=DIRECTION('',(0.0,0.0,-1.0));
#12061=DIRECTION('',(1.0,0.0,0.0));
#12062=DIRECTION('',(0.0,0.0,1.0));
#12063=CARTESIAN_POINT('',(-4.7,6.34,0.0));
#12064=DIRECTION('',(6.12323399573676E-17,0.0,-1.0));
#12065=DIRECTION('',(1.0,0.0,6.12323399573676E-17));
#12066=DIRECTION('',(-0.0,0.0,1.0));
#12067=CARTESIAN_POINT('',(-4.7,2.84,-0.31));
#12068=DIRECTION('',(0.0,0.0,-1.0));
#12069=DIRECTION('',(1.0,0.0,0.0));
#12070=DIRECTION('',(0.0,0.0,1.0));
#12071=CARTESIAN_POINT('',(-4.7,2.84,0.0));
#12072=DIRECTION('',(6.12323399573676E-17,0.0,-1.0));
#12073=DIRECTION('',(1.0,0.0,6.12323399573676E-17));
#12074=DIRECTION('',(-0.0,-0.0,-1.0));
#12075=CARTESIAN_POINT('',(4.69999999087494,2.84,0.0));
#12076=DIRECTION('',(6.12323399573676E-17,0.0,-1.0));
#12077=DIRECTION('',(1.0,0.0,6.12323399573676E-17));
#12078=DIRECTION('',(0.0,0.0,1.0));
#12079=CARTESIAN_POINT('',(4.69999999087494,2.84,-0.31));
#12080=DIRECTION('',(0.0,0.0,-1.0));
#12081=DIRECTION('',(1.0,0.0,0.0));
#12082=DIRECTION('',(-0.0,-0.0,-1.0));
#12083=CARTESIAN_POINT('',(-6.35190572199955,-2.39494300968538,-9.55289650742535));
#12084=DIRECTION('',(-6.10297535088808E-17,-0.0812774843884494,0.996691512220048));
#12085=DIRECTION('',(0.0,0.996691512220048,0.0812774843884494));
#12086=DIRECTION('',(0.0,0.0,1.0));
#12087=CARTESIAN_POINT('',(-6.35190572199955,-2.39494300968538,-11.2471034925747));
#12088=DIRECTION('',(6.10297535088808E-17,-0.0812774843884497,-0.996691512220048));
#12089=DIRECTION('',(0.0,0.996691512220048,-0.0812774843884497));
#12090=DIRECTION('',(-0.0,0.0,-1.0));
#12091=CARTESIAN_POINT('',(-6.34784591596503,-2.3951198516252,-9.55291092840499));
#12092=DIRECTION('',(6.10297535088808E-17,0.0812774843884494,-0.996691512220048));
#12093=DIRECTION('',(0.0,0.996691512220048,0.0812774843884494));
#12094=DIRECTION('',(0.0,0.0,1.0));
#12095=CARTESIAN_POINT('',(-6.34784591596503,-2.3951198516252,-11.247089071595));
#12096=DIRECTION('',(-6.10297535088808E-17,0.0812774843884497,0.996691512220048));
#12097=DIRECTION('',(0.0,0.996691512220047,-0.0812774843884497));
#12098=DIRECTION('',(-1.22464679914735E-16,-0.0,1.0));
#12099=CARTESIAN_POINT('',(6.35190572199955,-2.39494300968538,-11.2471034925746));
#12100=DIRECTION('',(1.83089260526642E-16,-0.0812774843884494,-0.996691512220048));
#12101=DIRECTION('',(9.95362110990635E-18,0.996691512220048,-0.0812774843884494));
#12102=DIRECTION('',(1.22464679914735E-16,0.0,-1.0));
#12103=CARTESIAN_POINT('',(6.35190572199955,-2.39494300968538,-9.55289650742535));
#12104=DIRECTION('',(-1.83089260526642E-16,-0.0812774843884497,0.996691512220048));
#12105=DIRECTION('',(-9.95362110990639E-18,0.996691512220048,0.0812774843884497));
#12106=DIRECTION('',(-1.22464679914735E-16,0.0,1.0));
#12107=CARTESIAN_POINT('',(6.34784591596503,-2.3951198516252,-11.247089071595));
#12108=DIRECTION('',(-1.83089260526642E-16,0.0812774843884494,0.996691512220048));
#12109=DIRECTION('',(9.95362110990635E-18,0.996691512220048,-0.0812774843884494));
#12110=DIRECTION('',(1.22464679914735E-16,0.0,-1.0));
#12111=CARTESIAN_POINT('',(6.34784591596503,-2.3951198516252,-9.55291092840499));
#12112=DIRECTION('',(1.83089260526642E-16,0.0812774843884497,-0.996691512220048));
#12113=DIRECTION('',(-9.95362110990639E-18,0.996691512220047,0.0812774843884497));
#12114=DIRECTION('',(-0.0,-0.0,-1.0));
#12115=CARTESIAN_POINT('',(4.7,6.34,0.0));
#12116=DIRECTION('',(6.12323399573676E-17,0.0,-1.0));
#12117=DIRECTION('',(1.0,0.0,6.12323399573676E-17));
#12118=DIRECTION('',(0.0,0.0,1.0));
#12119=CARTESIAN_POINT('',(4.7,6.34,-0.300000000000001));
#12120=DIRECTION('',(0.0,0.0,-1.0));
#12121=DIRECTION('',(1.0,0.0,0.0));
#12122=DIRECTION('',(-0.0,-0.0,-1.0));
#12123=CARTESIAN_POINT('',(4.7,6.34,-0.31));
#12124=DIRECTION('',(0.0,0.0,-1.0));
#12125=DIRECTION('',(1.0,0.0,0.0));
#12126=DIRECTION('',(1.0,1.53134210293125E-15,-0.0));
#12127=DIRECTION('',(0.0,0.0,1.0));
#12128=DIRECTION('',(-1.0,-1.53134210293125E-15,0.0));
#12129=DIRECTION('',(0.0,0.0,1.0));
#12130=DIRECTION('',(1.0,1.53134210293125E-15,-0.0));
#12131=DIRECTION('',(0.0,1.0,-0.0));
#12132=DIRECTION('',(0.0,0.0,1.0));
#12133=DIRECTION('',(0.0,-1.0,0.0));
#12134=DIRECTION('',(1.0,-1.65808667493525E-32,0.0));
#12135=DIRECTION('',(0.0,-1.0,0.0));
#12136=DIRECTION('',(1.0,0.0,0.0));
#12137=DIRECTION('',(0.0,1.0,0.0));
#12138=DIRECTION('',(1.61486985400023E-15,-1.0,0.0));
#12139=DIRECTION('',(-1.0,1.225073682345E-15,0.0));
#12140=DIRECTION('',(-3.58859967555606E-15,-1.0,0.0));
#12141=DIRECTION('',(-1.0,0.0,0.0));
#12142=DIRECTION('',(0.0,1.0,-0.0));
#12143=DIRECTION('',(-1.0,-1.225073682345E-15,0.0));
#12144=DIRECTION('',(0.0,1.0,-0.0));
#12145=CARTESIAN_POINT('',(-4.05,1.59,-0.300000000000001));
#12146=DIRECTION('',(0.0,0.0,-1.0));
#12147=DIRECTION('',(1.0,0.0,0.0));
#12148=DIRECTION('',(-1.0,-1.09651656753102E-16,0.0));
#12149=CARTESIAN_POINT('',(4.05,1.59,-0.300000000000001));
#12150=DIRECTION('',(0.0,0.0,-1.0));
#12151=DIRECTION('',(1.0,0.0,0.0));
#12152=DIRECTION('',(1.0,0.0,0.0));
#12153=DIRECTION('',(0.0,-1.0,0.0));
#12154=DIRECTION('',(0.69810013612954,-0.716000139620041,0.0));
#12155=DIRECTION('',(1.0,0.0,0.0));
#12156=DIRECTION('',(0.69810013612954,0.716000139620041,-0.0));
#12157=DIRECTION('',(0.0,1.0,-0.0));
#12158=DIRECTION('',(1.0,0.0,0.0));
#12159=DIRECTION('',(0.0,1.0,-0.0));
#12160=DIRECTION('',(0.707106781186548,0.707106781186547,-0.0));
#12161=DIRECTION('',(1.0,0.0,0.0));
#12162=DIRECTION('',(0.707106781186548,-0.707106781186547,0.0));
#12163=DIRECTION('',(0.0,-1.0,0.0));
#12164=DIRECTION('',(1.0,0.0,0.0));
#12165=DIRECTION('',(0.0,-1.0,0.0));
#12166=DIRECTION('',(-1.0,5.02079421509192E-33,0.0));
#12167=DIRECTION('',(0.0,1.0,0.0));
#12168=DIRECTION('',(-1.0,0.0,0.0));
#12169=DIRECTION('',(7.72777047302893E-17,0.0,-1.0));
#12170=DIRECTION('',(-1.0,0.0,0.0));
#12171=DIRECTION('',(-6.01048814568917E-17,0.0,1.0));
#12172=CARTESIAN_POINT('',(-4.9960036108132E-16,0.299999999999999,-2.92));
#12173=DIRECTION('',(-0.0,1.0,0.0));
#12174=DIRECTION('',(1.0,0.0,0.0));
#12175=DIRECTION('',(9.97953280561938E-17,0.0,-1.0));
#12176=DIRECTION('',(-1.0,0.0,0.0));
#12177=DIRECTION('',(-9.97953280561938E-17,0.0,1.0));
#12178=CARTESIAN_POINT('',(-3.85,0.3,-6.95));
#12179=DIRECTION('',(-0.0,1.0,0.0));
#12180=DIRECTION('',(1.0,0.0,0.0));
#12181=DIRECTION('',(9.97953280561938E-17,0.0,-1.0));
#12182=DIRECTION('',(-1.0,0.0,0.0));
#12183=DIRECTION('',(-9.97953280561938E-17,0.0,1.0));
#12184=CARTESIAN_POINT('',(3.85,0.3,-6.95));
#12185=DIRECTION('',(-0.0,1.0,0.0));
#12186=DIRECTION('',(1.0,0.0,0.0));
#12187=DIRECTION('',(-1.0,0.0,-6.12323399573676E-17));
#12188=DIRECTION('',(-6.12323399573676E-17,0.0,1.0));
#12189=DIRECTION('',(1.0,-0.0,6.12323399573676E-17));
#12190=DIRECTION('',(6.12323399573676E-17,0.0,-1.0));
#12191=DIRECTION('',(-1.0,0.0,-6.12323399573676E-17));
#12192=DIRECTION('',(-6.12323399573676E-17,0.0,1.0));
#12193=DIRECTION('',(1.0,-0.0,6.12323399573676E-17));
#12194=DIRECTION('',(6.12323399573676E-17,0.0,-1.0));
#12195=DIRECTION('',(0.0,0.0,-1.0));
#12196=DIRECTION('',(-1.0,0.0,0.0));
#12197=DIRECTION('',(0.0,-0.0,1.0));
#12198=DIRECTION('',(1.0,0.0,0.0));
#12199=DIRECTION('',(0.0,0.0,-1.0));
#12200=DIRECTION('',(-1.0,0.0,0.0));
#12201=DIRECTION('',(0.0,-0.0,1.0));
#12202=DIRECTION('',(1.0,0.0,0.0));
#12203=DIRECTION('',(0.0,0.0,-1.0));
#12204=DIRECTION('',(-1.0,0.0,0.0));
#12205=DIRECTION('',(0.0,-0.0,1.0));
#12206=DIRECTION('',(1.0,0.0,0.0));
#12207=DIRECTION('',(0.0,0.0,-1.0));
#12208=DIRECTION('',(-1.0,0.0,0.0));
#12209=DIRECTION('',(0.0,-0.0,1.0));
#12210=DIRECTION('',(1.0,0.0,0.0));
#12211=DIRECTION('',(-1.0,0.0,0.0));
#12212=DIRECTION('',(0.0,0.0,-1.0));
#12213=DIRECTION('',(-1.0,0.0,-6.12323399573676E-17));
#12214=DIRECTION('',(0.0,-0.0,1.0));
#12215=DIRECTION('',(-1.0,0.0,0.0));
#12216=DIRECTION('',(0.0,0.0,-1.0));
#12217=DIRECTION('',(-1.0,0.0,-6.12323399573676E-17));
#12218=DIRECTION('',(1.35456442370151E-15,-0.0,1.0));
#12219=CARTESIAN_POINT('',(-0.249999999999999,0.3,-2.813));
#12220=DIRECTION('',(-0.0,1.0,0.0));
#12221=DIRECTION('',(1.0,0.0,0.0));
#12222=DIRECTION('',(0.0,-0.0,1.0));
#12223=DIRECTION('',(1.0,-0.0,6.12323399573676E-17));
#12224=DIRECTION('',(0.0,0.0,-1.0));
#12225=CARTESIAN_POINT('',(-3.87,0.3,-6.663));
#12226=DIRECTION('',(-0.0,1.0,0.0));
#12227=DIRECTION('',(1.0,0.0,0.0));
#12228=DIRECTION('',(0.0,-0.0,1.0));
#12229=DIRECTION('',(1.0,-0.0,6.12323399573676E-17));
#12230=DIRECTION('',(0.0,0.0,-1.0));
#12231=DIRECTION('',(-1.0,0.0,-6.12323399573676E-17));
#12232=DIRECTION('',(0.0,-0.0,1.0));
#12233=DIRECTION('',(0.0,0.0,-1.0));
#12234=DIRECTION('',(-1.0,0.0,-6.12323399573676E-17));
#12235=DIRECTION('',(0.0,0.0,-1.0));
#12236=DIRECTION('',(1.0,-0.0,6.12323399573676E-17));
#12237=DIRECTION('',(0.0,0.0,-1.0));
#12238=CARTESIAN_POINT('',(3.87,0.3,-6.663));
#12239=DIRECTION('',(-0.0,1.0,0.0));
#12240=DIRECTION('',(1.0,0.0,0.0));
#12241=DIRECTION('',(6.21103790000087E-16,-0.0,1.0));
#12242=DIRECTION('',(1.0,-0.0,6.12323399573676E-17));
#12243=DIRECTION('',(-4.20539024479226E-17,0.0,-1.0));
#12244=CARTESIAN_POINT('',(0.249999999999997,0.3,-2.813));
#12245=DIRECTION('',(-0.0,1.0,0.0));
#12246=DIRECTION('',(1.0,0.0,0.0));
#12247=DIRECTION('',(1.01956461999039E-15,0.0,-1.0));
#12248=DIRECTION('',(-1.0,0.0,-6.12323399573676E-17));
#12249=DIRECTION('',(0.0,-0.0,1.0));
#12250=DIRECTION('',(-1.0,0.0,0.0));
#12251=DIRECTION('',(0.0,0.0,-1.0));
#12252=DIRECTION('',(-1.0,0.0,-6.12323399573676E-17));
#12253=DIRECTION('',(0.0,-0.0,1.0));
#12254=DIRECTION('',(-1.0,0.0,-2.8260222445004E-15));
#12255=DIRECTION('',(0.0,0.0,-1.0));
#12256=DIRECTION('',(0.0,0.0,-1.0));
#12257=DIRECTION('',(0.0,1.0,-6.12323399573676E-17));
#12258=DIRECTION('',(-0.0,6.12323399573676E-17,1.0));
#12259=DIRECTION('',(0.0,-1.0,2.73347387702355E-16));
#12260=DIRECTION('',(0.0,-6.12323399573676E-17,-1.0));
#12261=DIRECTION('',(0.0,-1.0,0.0));
#12262=DIRECTION('',(-0.0,0.0,1.0));
#12263=DIRECTION('',(0.0,1.0,0.0));
#12264=DIRECTION('',(0.0,0.0,-1.0));
#12265=DIRECTION('',(-0.0,0.0,1.0));
#12266=DIRECTION('',(0.0,1.0,0.0));
#12267=DIRECTION('',(0.0,0.0,-1.0));
#12268=DIRECTION('',(0.0,-1.0,0.0));
#12269=DIRECTION('',(0.0,1.0,-6.12323399573676E-17));
#12270=DIRECTION('',(-0.0,6.12323399573676E-17,1.0));
#12271=DIRECTION('',(0.0,-1.0,2.73347387702355E-16));
#12272=DIRECTION('',(0.0,-6.12323399573676E-17,-1.0));
#12273=DIRECTION('',(0.0,-1.0,0.0));
#12274=CARTESIAN_POINT('',(-5.74,0.4,-8.343));
#12275=DIRECTION('',(1.0,0.0,0.0));
#12276=DIRECTION('',(0.0,0.0,-1.0));
#12277=DIRECTION('',(-0.0,8.19957920698048E-17,1.0));
#12278=DIRECTION('',(0.0,1.0,-0.0));
#12279=DIRECTION('',(0.0,1.0,-6.12323399573676E-17));
#12280=DIRECTION('',(-0.0,6.12323399573676E-17,1.0));
#12281=DIRECTION('',(0.0,-1.0,2.73347387702355E-16));
#12282=DIRECTION('',(0.0,-6.12323399573676E-17,-1.0));
#12283=DIRECTION('',(0.0,-1.0,0.0));
#12284=DIRECTION('',(-0.0,0.0,1.0));
#12285=DIRECTION('',(0.0,1.0,0.0));
#12286=DIRECTION('',(0.0,0.0,-1.0));
#12287=DIRECTION('',(-0.0,-1.0,-6.12323399573676E-17));
#12288=DIRECTION('',(0.0,-6.12323399573676E-17,1.0));
#12289=DIRECTION('',(0.0,1.0,6.12323399573676E-17));
#12290=DIRECTION('',(0.0,6.12323399573676E-17,-1.0));
#12291=DIRECTION('',(0.0,1.0,-0.0));
#12292=DIRECTION('',(0.0,-0.0,1.0));
#12293=DIRECTION('',(0.0,-1.0,0.0));
#12294=DIRECTION('',(-0.0,-0.0,-1.0));
#12295=DIRECTION('',(-0.0,-0.0,-1.0));
#12296=DIRECTION('',(0.0,1.0,-0.0));
#12297=DIRECTION('',(0.0,-0.0,1.0));
#12298=DIRECTION('',(0.0,-1.0,0.0));
#12299=DIRECTION('',(-0.0,-1.0,-6.12323399573676E-17));
#12300=DIRECTION('',(0.0,-6.12323399573676E-17,1.0));
#12301=DIRECTION('',(0.0,1.0,6.12323399573676E-17));
#12302=DIRECTION('',(0.0,6.12323399573676E-17,-1.0));
#12303=DIRECTION('',(0.0,1.0,0.0));
#12304=DIRECTION('',(0.0,-1.0,0.0));
#12305=DIRECTION('',(-0.0,-8.19957920698048E-17,-1.0));
#12306=CARTESIAN_POINT('',(5.74,0.4,-8.343));
#12307=DIRECTION('',(-1.0,0.0,0.0));
#12308=DIRECTION('',(0.0,0.0,-1.0));
#12309=DIRECTION('',(-0.0,-1.0,-6.12323399573676E-17));
#12310=DIRECTION('',(0.0,-6.12323399573676E-17,1.0));
#12311=DIRECTION('',(0.0,1.0,6.12323399573676E-17));
#12312=DIRECTION('',(0.0,6.12323399573676E-17,-1.0));
#12313=DIRECTION('',(0.0,-0.0,1.0));
#12314=DIRECTION('',(0.0,-1.0,0.0));
#12315=DIRECTION('',(-0.0,-0.0,-1.0));
#12316=DIRECTION('',(0.0,1.0,-0.0));
#12317=DIRECTION('',(0.0,1.0,0.0));
#12318=DIRECTION('',(0.121869343405148,0.992546151641322,0.0));
#12319=DIRECTION('',(1.0,0.0,0.0));
#12320=DIRECTION('',(-0.121869343405148,0.992546151641322,0.0));
#12321=DIRECTION('',(0.0,1.0,0.0));
#12322=DIRECTION('',(-0.0,-1.0,-0.0));
#12323=DIRECTION('',(0.0,0.0,1.0));
#12324=DIRECTION('',(-0.121869343405148,0.992546151641322,0.0));
#12325=DIRECTION('',(0.0,0.0,1.0));
#12326=DIRECTION('',(0.0,0.0,1.0));
#12327=DIRECTION('',(0.0,1.0,0.0));
#12328=DIRECTION('',(-0.121869343405148,-0.992546151641322,-0.0));
#12329=DIRECTION('',(0.0,0.0,1.0));
#12330=DIRECTION('',(-1.0,-0.0,-0.0));
#12331=DIRECTION('',(0.0,1.0,0.0));
#12332=DIRECTION('',(0.121869343405148,0.992546151641322,0.0));
#12333=DIRECTION('',(1.0,0.0,0.0));
#12334=DIRECTION('',(-0.121869343405148,0.992546151641322,0.0));
#12335=DIRECTION('',(0.0,1.0,0.0));
#12336=DIRECTION('',(-0.0,-1.0,-0.0));
#12337=DIRECTION('',(0.0,0.0,1.0));
#12338=DIRECTION('',(-0.121869343405148,0.992546151641322,0.0));
#12339=DIRECTION('',(0.0,0.0,1.0));
#12340=DIRECTION('',(0.0,0.0,1.0));
#12341=DIRECTION('',(0.0,1.0,0.0));
#12342=DIRECTION('',(-0.121869343405148,-0.992546151641322,-0.0));
#12343=DIRECTION('',(0.0,0.0,1.0));
#12344=DIRECTION('',(-1.0,-0.0,-0.0));
#12345=DIRECTION('',(0.0,1.0,0.0));
#12346=DIRECTION('',(0.121869343405148,0.992546151641322,0.0));
#12347=DIRECTION('',(1.0,0.0,0.0));
#12348=DIRECTION('',(-0.121869343405148,0.992546151641322,0.0));
#12349=DIRECTION('',(0.0,1.0,0.0));
#12350=DIRECTION('',(-0.0,-1.0,-0.0));
#12351=DIRECTION('',(0.0,0.0,1.0));
#12352=DIRECTION('',(-0.121869343405148,0.992546151641322,0.0));
#12353=DIRECTION('',(0.0,0.0,1.0));
#12354=DIRECTION('',(0.0,0.0,1.0));
#12355=DIRECTION('',(0.0,1.0,0.0));
#12356=DIRECTION('',(-0.121869343405148,-0.992546151641322,-0.0));
#12357=DIRECTION('',(0.0,0.0,1.0));
#12358=DIRECTION('',(-1.0,-0.0,-0.0));
#12359=DIRECTION('',(0.0,1.0,0.0));
#12360=DIRECTION('',(0.121869343405148,0.992546151641322,0.0));
#12361=DIRECTION('',(1.0,0.0,0.0));
#12362=DIRECTION('',(-0.121869343405148,0.992546151641322,0.0));
#12363=DIRECTION('',(0.0,1.0,0.0));
#12364=DIRECTION('',(-0.0,-1.0,-0.0));
#12365=DIRECTION('',(0.0,0.0,1.0));
#12366=DIRECTION('',(-0.121869343405148,0.992546151641322,0.0));
#12367=DIRECTION('',(0.0,0.0,1.0));
#12368=DIRECTION('',(0.0,0.0,1.0));
#12369=DIRECTION('',(0.0,1.0,0.0));
#12370=DIRECTION('',(-0.121869343405148,-0.992546151641322,-0.0));
#12371=DIRECTION('',(0.0,0.0,1.0));
#12372=DIRECTION('',(-1.0,-0.0,-0.0));
#12373=DIRECTION('',(1.0,0.0,-2.81134653392646E-16));
#12374=DIRECTION('',(6.08837356265475E-18,0.486543515104331,-0.873656344285281));
#12375=DIRECTION('',(-1.0,1.22464679914735E-16,6.12323399573676E-17));
#12376=DIRECTION('',(-6.08837356265475E-18,-0.486543515104331,0.873656344285281));
#12377=DIRECTION('',(6.12323399573676E-17,-0.0,1.0));
#12378=CARTESIAN_POINT('',(1.85,7.0,-3.87));
#12379=DIRECTION('',(-1.0,1.22464679914735E-16,6.12323399573676E-17));
#12380=DIRECTION('',(-6.12323399573676E-17,7.49879891330929E-33,-1.0));
#12381=DIRECTION('',(1.04455678289547E-16,0.393223987285955,0.919442709375051));
#12382=DIRECTION('',(6.12323399573676E-17,-0.0,1.0));
#12383=DIRECTION('',(-1.04856698705277E-16,-0.397396398860194,-0.917647046621385));
#12384=CARTESIAN_POINT('',(1.85,7.00000000000001,-3.87));
#12385=DIRECTION('',(-1.0,1.22464679914735E-16,6.12323399573676E-17));
#12386=DIRECTION('',(-6.12323399573676E-17,7.49879891330929E-33,-1.0));
#12387=DIRECTION('',(8.87471226635977E-18,0.504247202394728,-0.863559354576795));
#12388=DIRECTION('',(-1.0,0.0,-2.25116562307513E-16));
#12389=DIRECTION('',(-1.0,1.22464679914735E-16,6.12323399573676E-17));
#12390=DIRECTION('',(-1.04455678289547E-16,-0.393223987285955,-0.919442709375051));
#12391=DIRECTION('',(1.0,-0.0,2.21556714401239E-16));
#12392=DIRECTION('',(1.04856698705277E-16,0.397396398860194,0.917647046621385));
#12393=DIRECTION('',(-1.0,1.22464679914735E-16,6.12323399573676E-17));
#12394=CARTESIAN_POINT('',(0.65,7.00000000000001,-3.87));
#12395=DIRECTION('',(1.0,-1.22464679914735E-16,-6.12323399573676E-17));
#12396=DIRECTION('',(-6.12323399573676E-17,7.49879891330929E-33,-1.0));
#12397=DIRECTION('',(-1.0,1.22464679914735E-16,6.12323399573676E-17));
#12398=DIRECTION('',(-1.0,0.0,2.7096185247301E-16));
#12399=DIRECTION('',(-8.87471226635977E-18,-0.504247202394728,0.863559354576795));
#12400=CARTESIAN_POINT('',(0.65,7.0,-3.87));
#12401=DIRECTION('',(-1.0,1.22464679914735E-16,6.12323399573676E-17));
#12402=DIRECTION('',(-6.12323399573676E-17,7.49879891330929E-33,-1.0));
#12403=DIRECTION('',(-6.12323399573676E-17,0.0,-1.0));
#12404=DIRECTION('',(-6.12323399573676E-17,0.0,-1.0));
#12405=DIRECTION('',(1.0,0.0,-2.81134653392646E-16));
#12406=DIRECTION('',(6.12323399573676E-17,-0.0,1.0));
#12407=DIRECTION('',(-1.0,0.0,2.7096185247301E-16));
#12408=DIRECTION('',(-6.12323399573676E-17,0.0,-1.0));
#12409=DIRECTION('',(-1.0,0.0,-2.25116562307513E-16));
#12410=DIRECTION('',(-6.12323399573676E-17,0.0,-1.0));
#12411=DIRECTION('',(1.0,-0.0,2.21556714401239E-16));
#12412=DIRECTION('',(6.12323399573676E-17,-0.0,1.0));
#12413=DIRECTION('',(1.0,0.0,0.0));
#12414=DIRECTION('',(6.12323399573676E-17,0.0,-1.0));
#12415=DIRECTION('',(1.0,0.0,6.12323399573676E-17));
#12416=DIRECTION('',(6.12323399573676E-17,0.0,-1.0));
#12417=DIRECTION('',(6.08837356265475E-18,0.486543515104331,-0.873656344285281));
#12418=DIRECTION('',(-1.0,1.22464679914735E-16,6.12323399573676E-17));
#12419=DIRECTION('',(-6.08837356265475E-18,-0.486543515104331,0.873656344285281));
#12420=CARTESIAN_POINT('',(-0.65,7.0,-3.87));
#12421=DIRECTION('',(-1.0,1.22464679914735E-16,6.12323399573676E-17));
#12422=DIRECTION('',(-6.12323399573676E-17,7.49879891330929E-33,-1.0));
#12423=DIRECTION('',(1.04455678289547E-16,0.393223987285955,0.919442709375051));
#12424=DIRECTION('',(-1.04856698705277E-16,-0.397396398860194,-0.917647046621385));
#12425=CARTESIAN_POINT('',(-0.65,7.00000000000001,-3.87));
#12426=DIRECTION('',(-1.0,1.22464679914735E-16,6.12323399573676E-17));
#12427=DIRECTION('',(-6.12323399573676E-17,7.49879891330929E-33,-1.0));
#12428=DIRECTION('',(8.87471226635977E-18,0.504247202394728,-0.863559354576795));
#12429=DIRECTION('',(-1.0,1.22464679914735E-16,6.12323399573676E-17));
#12430=DIRECTION('',(-1.04455678289547E-16,-0.393223987285955,-0.919442709375051));
#12431=DIRECTION('',(1.04856698705277E-16,0.397396398860194,0.917647046621385));
#12432=DIRECTION('',(-1.0,1.22464679914735E-16,6.12323399573676E-17));
#12433=CARTESIAN_POINT('',(-1.85,7.00000000000001,-3.87));
#12434=DIRECTION('',(1.0,-1.22464679914735E-16,-6.12323399573676E-17));
#12435=DIRECTION('',(-6.12323399573676E-17,7.49879891330929E-33,-1.0));
#12436=DIRECTION('',(-1.0,1.22464679914735E-16,6.12323399573676E-17));
#12437=DIRECTION('',(-8.87471226635977E-18,-0.504247202394728,0.863559354576795));
#12438=CARTESIAN_POINT('',(-1.85,7.0,-3.87));
#12439=DIRECTION('',(-1.0,1.22464679914735E-16,6.12323399573676E-17));
#12440=DIRECTION('',(-6.12323399573676E-17,7.49879891330929E-33,-1.0));
#12441=DIRECTION('',(-1.0,-0.0,-6.12323399573676E-17));
#12442=DIRECTION('',(5.34960222791874E-17,-0.486543515104331,-0.873656344285281));
#12443=DIRECTION('',(1.0,0.0,6.12323399573676E-17));
#12444=DIRECTION('',(-5.34960222791874E-17,0.486543515104331,0.873656344285281));
#12445=DIRECTION('',(-6.12323399573676E-17,0.0,1.0));
#12446=CARTESIAN_POINT('',(0.65,3.78,-3.87));
#12447=DIRECTION('',(1.0,0.0,6.12323399573676E-17));
#12448=DIRECTION('',(6.12323399573676E-17,0.0,-1.0));
#12449=DIRECTION('',(-5.62996285517763E-17,-0.393223987285955,0.919442709375051));
#12450=DIRECTION('',(-6.12323399573676E-17,0.0,1.0));
#12451=DIRECTION('',(5.6189675919595E-17,0.397396398860194,-0.917647046621385));
#12452=CARTESIAN_POINT('',(0.65,3.77999999999999,-3.87));
#12453=DIRECTION('',(1.0,0.0,6.12323399573676E-17));
#12454=DIRECTION('',(6.12323399573676E-17,0.0,-1.0));
#12455=DIRECTION('',(5.28777599728113E-17,-0.504247202394728,-0.863559354576795));
#12456=DIRECTION('',(1.0,0.0,6.12323399573676E-17));
#12457=DIRECTION('',(1.0,0.0,6.12323399573676E-17));
#12458=DIRECTION('',(5.62996285517763E-17,0.393223987285955,-0.919442709375051));
#12459=DIRECTION('',(-1.0,-0.0,-6.12323399573676E-17));
#12460=DIRECTION('',(-5.6189675919595E-17,-0.397396398860194,0.917647046621385));
#12461=DIRECTION('',(1.0,0.0,6.12323399573676E-17));
#12462=CARTESIAN_POINT('',(1.85,3.77999999999999,-3.87));
#12463=DIRECTION('',(-1.0,-0.0,-6.12323399573676E-17));
#12464=DIRECTION('',(6.12323399573676E-17,0.0,-1.0));
#12465=DIRECTION('',(1.0,0.0,6.12323399573676E-17));
#12466=DIRECTION('',(1.0,0.0,6.12323399573676E-17));
#12467=DIRECTION('',(-5.28777599728113E-17,0.504247202394728,0.863559354576795));
#12468=CARTESIAN_POINT('',(1.85,3.78,-3.87));
#12469=DIRECTION('',(1.0,0.0,6.12323399573676E-17));
#12470=DIRECTION('',(6.12323399573676E-17,0.0,-1.0));
#12471=DIRECTION('',(6.12323399573676E-17,0.0,-1.0));
#12472=DIRECTION('',(6.12323399573676E-17,0.0,-1.0));
#12473=DIRECTION('',(-1.0,-0.0,-6.12323399573676E-17));
#12474=DIRECTION('',(-6.12323399573676E-17,0.0,1.0));
#12475=DIRECTION('',(1.0,0.0,6.12323399573676E-17));
#12476=DIRECTION('',(6.12323399573676E-17,0.0,-1.0));
#12477=DIRECTION('',(1.0,0.0,6.12323399573676E-17));
#12478=DIRECTION('',(6.12323399573676E-17,0.0,-1.0));
#12479=DIRECTION('',(-1.0,-0.0,-6.12323399573676E-17));
#12480=DIRECTION('',(-6.12323399573676E-17,0.0,1.0));
#12481=DIRECTION('',(-1.0,0.0,0.0));
#12482=DIRECTION('',(-6.12323399573676E-17,0.0,1.0));
#12483=DIRECTION('',(1.0,0.0,6.12323399573676E-17));
#12484=DIRECTION('',(6.12323399573676E-17,0.0,-1.0));
#12485=DIRECTION('',(5.34960222791874E-17,-0.486543515104331,-0.873656344285281));
#12486=DIRECTION('',(1.0,0.0,6.12323399573676E-17));
#12487=DIRECTION('',(-5.34960222791874E-17,0.486543515104331,0.873656344285281));
#12488=CARTESIAN_POINT('',(-1.85,3.78,-3.87));
#12489=DIRECTION('',(1.0,0.0,6.12323399573676E-17));
#12490=DIRECTION('',(6.12323399573676E-17,0.0,-1.0));
#12491=DIRECTION('',(-5.62996285517763E-17,-0.393223987285955,0.919442709375051));
#12492=DIRECTION('',(5.6189675919595E-17,0.397396398860194,-0.917647046621385));
#12493=CARTESIAN_POINT('',(-1.85,3.77999999999999,-3.87));
#12494=DIRECTION('',(1.0,0.0,6.12323399573676E-17));
#12495=DIRECTION('',(6.12323399573676E-17,0.0,-1.0));
#12496=DIRECTION('',(5.28777599728113E-17,-0.504247202394728,-0.863559354576795));
#12497=DIRECTION('',(1.0,0.0,6.12323399573676E-17));
#12498=DIRECTION('',(5.62996285517763E-17,0.393223987285955,-0.919442709375051));
#12499=DIRECTION('',(-5.6189675919595E-17,-0.397396398860194,0.917647046621385));
#12500=DIRECTION('',(1.0,0.0,6.12323399573676E-17));
#12501=CARTESIAN_POINT('',(-0.65,3.77999999999999,-3.87));
#12502=DIRECTION('',(-1.0,-0.0,-6.12323399573676E-17));
#12503=DIRECTION('',(6.12323399573676E-17,0.0,-1.0));
#12504=DIRECTION('',(1.0,0.0,6.12323399573676E-17));
#12505=DIRECTION('',(-5.28777599728113E-17,0.504247202394728,0.863559354576795));
#12506=CARTESIAN_POINT('',(-0.65,3.78,-3.87));
#12507=DIRECTION('',(1.0,0.0,6.12323399573676E-17));
#12508=DIRECTION('',(6.12323399573676E-17,0.0,-1.0));
#12509=DIRECTION('',(0.0,-1.0,0.0));
#12510=DIRECTION('',(4.32978028117747E-17,0.707106781186548,-0.707106781186547));
#12511=DIRECTION('',(6.11344907125401E-33,1.0,-9.98402000562191E-17));
#12512=DIRECTION('',(-4.32978028117746E-17,0.707106781186548,0.707106781186547));
#12513=DIRECTION('',(1.0,0.0,6.12323399573676E-17));
#12514=DIRECTION('',(4.32978028117746E-17,-0.707106781186548,-0.707106781186547));
#12515=DIRECTION('',(1.0,0.0,6.12323399573676E-17));
#12516=DIRECTION('',(6.11344907125401E-33,1.0,-9.98402000562191E-17));
#12517=DIRECTION('',(4.32978028117747E-17,0.707106781186548,-0.707106781186547));
#12518=DIRECTION('',(0.0,1.0,0.0));
#12519=DIRECTION('',(0.0,-1.0,0.0));
#12520=DIRECTION('',(0.0,0.0,1.0));
#12521=DIRECTION('',(0.0,1.0,0.0));
#12522=DIRECTION('',(0.0,0.0,1.0));
#12523=DIRECTION('',(-1.0,1.225073682345E-15,0.0));
#12524=DIRECTION('',(1.0,-1.225073682345E-15,0.0));
#12525=DIRECTION('',(0.0,0.0,1.0));
#12526=DIRECTION('',(-0.0,0.0,1.0));
#12527=DIRECTION('',(3.58859967555606E-15,1.0,0.0));
#12528=DIRECTION('',(0.0,0.0,1.0));
#12529=DIRECTION('',(1.0,0.0,0.0));
#12530=DIRECTION('',(0.0,0.0,1.0));
#12531=DIRECTION('',(0.0,-1.0,0.0));
#12532=DIRECTION('',(0.0,0.0,1.0));
#12533=DIRECTION('',(-0.0,-0.0,-1.0));
#12534=DIRECTION('',(1.0,1.225073682345E-15,0.0));
#12535=DIRECTION('',(-1.0,-1.225073682345E-15,0.0));
#12536=DIRECTION('',(0.0,-1.0,0.0));
#12537=DIRECTION('',(0.0,0.0,1.0));
#12538=DIRECTION('',(-0.707106781186548,-0.707106781186547,0.0));
#12539=DIRECTION('',(0.0,0.0,1.0));
#12540=DIRECTION('',(-1.0,0.0,0.0));
#12541=DIRECTION('',(0.0,0.0,1.0));
#12542=DIRECTION('',(-0.707106781186548,0.707106781186547,0.0));
#12543=DIRECTION('',(0.0,0.0,1.0));
#12544=DIRECTION('',(0.0,1.0,0.0));
#12545=DIRECTION('',(0.0,0.0,1.0));
#12546=DIRECTION('',(-1.0,0.0,0.0));
#12547=DIRECTION('',(1.0,0.0,0.0));
#12548=DIRECTION('',(1.0,-1.22464679914735E-16,0.0));
#12549=DIRECTION('',(-7.49879891330929E-33,-6.12323399573676E-17,-1.0));
#12550=DIRECTION('',(-0.49999999999999,8.20357802112072E-18,-0.866025403784445));
#12551=DIRECTION('',(-1.0,1.22464679914735E-16,0.0));
#12552=DIRECTION('',(-1.22464679914735E-16,-1.0,6.12323399573676E-17));
#12553=DIRECTION('',(-1.22464679914735E-16,-1.0,6.12323399573676E-17));
#12554=DIRECTION('',(0.49999999999999,-8.20357802112072E-18,0.866025403784445));
#12555=DIRECTION('',(7.49879891330929E-33,6.12323399573676E-17,1.0));
#12556=DIRECTION('',(-1.0,0.0,0.0));
#12557=DIRECTION('',(0.0,6.12323399573676E-17,-1.0));
#12558=DIRECTION('',(0.49999999999999,5.30287619362457E-17,-0.866025403784445));
#12559=DIRECTION('',(1.0,0.0,0.0));
#12560=DIRECTION('',(0.0,1.0,6.12323399573676E-17));
#12561=DIRECTION('',(0.0,1.0,6.12323399573676E-17));
#12562=DIRECTION('',(-0.49999999999999,-5.30287619362457E-17,0.866025403784445));
#12563=DIRECTION('',(0.0,-6.12323399573676E-17,1.0));
#12564=DIRECTION('',(1.0,-1.22464679914735E-16,0.0));
#12565=DIRECTION('',(-7.49879891330929E-33,-6.12323399573676E-17,-1.0));
#12566=DIRECTION('',(-0.49999999999999,8.20357802112072E-18,-0.866025403784445));
#12567=DIRECTION('',(-1.0,1.22464679914735E-16,0.0));
#12568=DIRECTION('',(-1.22464679914735E-16,-1.0,6.12323399573676E-17));
#12569=DIRECTION('',(-1.22464679914735E-16,-1.0,6.12323399573676E-17));
#12570=DIRECTION('',(0.49999999999999,-8.20357802112072E-18,0.866025403784445));
#12571=DIRECTION('',(7.49879891330929E-33,6.12323399573676E-17,1.0));
#12572=DIRECTION('',(1.0,-1.22464679914735E-16,0.0));
#12573=DIRECTION('',(-7.49879891330929E-33,-6.12323399573676E-17,-1.0));
#12574=DIRECTION('',(-0.49999999999999,8.20357802112072E-18,-0.866025403784445));
#12575=DIRECTION('',(-1.0,1.22464679914735E-16,0.0));
#12576=DIRECTION('',(-1.22464679914735E-16,-1.0,6.12323399573676E-17));
#12577=DIRECTION('',(-1.22464679914735E-16,-1.0,6.12323399573676E-17));
#12578=DIRECTION('',(0.49999999999999,-8.20357802112072E-18,0.866025403784445));
#12579=DIRECTION('',(7.49879891330929E-33,6.12323399573676E-17,1.0));
#12580=DIRECTION('',(-1.0,0.0,0.0));
#12581=DIRECTION('',(0.0,6.12323399573676E-17,-1.0));
#12582=DIRECTION('',(0.49999999999999,5.30287619362457E-17,-0.866025403784445));
#12583=DIRECTION('',(1.0,0.0,0.0));
#12584=DIRECTION('',(0.0,1.0,6.12323399573676E-17));
#12585=DIRECTION('',(0.0,1.0,6.12323399573676E-17));
#12586=DIRECTION('',(-0.49999999999999,-5.30287619362457E-17,0.866025403784445));
#12587=DIRECTION('',(0.0,-6.12323399573676E-17,1.0));
#12588=DIRECTION('',(-1.0,0.0,0.0));
#12589=DIRECTION('',(0.0,6.12323399573676E-17,-1.0));
#12590=DIRECTION('',(0.49999999999999,5.30287619362457E-17,-0.866025403784445));
#12591=DIRECTION('',(1.0,0.0,0.0));
#12592=DIRECTION('',(0.0,1.0,6.12323399573676E-17));
#12593=DIRECTION('',(0.0,1.0,6.12323399573676E-17));
#12594=DIRECTION('',(-0.49999999999999,-5.30287619362457E-17,0.866025403784445));
#12595=DIRECTION('',(0.0,-6.12323399573676E-17,1.0));
#12596=DIRECTION('',(0.0,-1.0,0.0));
#12597=DIRECTION('',(-6.12323399573676E-17,8.32667268468811E-16,1.0));
#12598=DIRECTION('',(-5.30287619362454E-17,0.499999999999998,0.86602540378444));
#12599=DIRECTION('',(0.0,-1.0,0.0));
#12600=DIRECTION('',(1.0,0.0,6.12323399573676E-17));
#12601=DIRECTION('',(-5.30287619362454E-17,0.499999999999998,0.86602540378444));
#12602=DIRECTION('',(1.0,0.0,6.12323399573676E-17));
#12603=DIRECTION('',(-6.12323399573676E-17,8.32667268468811E-16,1.0));
#12604=DIRECTION('',(0.0,-1.0,0.0));
#12605=DIRECTION('',(-6.12323399573676E-17,8.32667268468811E-16,1.0));
#12606=DIRECTION('',(-5.30287619362454E-17,0.499999999999998,0.86602540378444));
#12607=DIRECTION('',(0.0,-1.0,0.0));
#12608=DIRECTION('',(1.0,0.0,6.12323399573676E-17));
#12609=DIRECTION('',(-5.30287619362454E-17,0.499999999999998,0.86602540378444));
#12610=DIRECTION('',(1.0,0.0,6.12323399573676E-17));
#12611=DIRECTION('',(-6.12323399573676E-17,8.32667268468811E-16,1.0));
#12612=DIRECTION('',(0.0,1.0,6.12323399573676E-17));
#12613=DIRECTION('',(-1.0,0.0,0.0));
#12614=DIRECTION('',(0.0,1.0,6.12323399573676E-17));
#12615=DIRECTION('',(0.0,1.0,6.12323399573676E-17));
#12616=DIRECTION('',(9.97953280561938E-17,6.12323399573676E-17,-1.0));
#12617=DIRECTION('',(0.0,1.0,6.12323399573676E-17));
#12618=CARTESIAN_POINT('',(3.85,-0.1,-6.95));
#12619=DIRECTION('',(-0.0,1.0,6.12323399573676E-17));
#12620=DIRECTION('',(1.0,0.0,0.0));
#12621=DIRECTION('',(-9.97953280561938E-17,-6.12323399573676E-17,1.0));
#12622=DIRECTION('',(0.0,1.0,6.12323399573676E-17));
#12623=DIRECTION('',(-1.0,0.0,0.0));
#12624=DIRECTION('',(0.0,1.0,6.12323399573676E-17));
#12625=DIRECTION('',(0.0,1.0,6.12323399573676E-17));
#12626=DIRECTION('',(9.97953280561938E-17,6.12323399573676E-17,-1.0));
#12627=DIRECTION('',(0.0,1.0,6.12323399573676E-17));
#12628=CARTESIAN_POINT('',(-3.85,-0.1,-6.95));
#12629=DIRECTION('',(-0.0,1.0,6.12323399573676E-17));
#12630=DIRECTION('',(1.0,0.0,0.0));
#12631=DIRECTION('',(-9.97953280561938E-17,-6.12323399573676E-17,1.0));
#12632=DIRECTION('',(0.0,1.0,6.12323399573676E-17));
#12633=DIRECTION('',(-1.0,0.0,0.0));
#12634=DIRECTION('',(0.0,1.0,6.12323399573676E-17));
#12635=DIRECTION('',(0.0,1.0,6.12323399573676E-17));
#12636=DIRECTION('',(7.72777047302893E-17,6.12323399573676E-17,-1.0));
#12637=DIRECTION('',(0.0,1.0,6.12323399573676E-17));
#12638=CARTESIAN_POINT('',(-4.9960036108132E-16,-0.1,-2.92));
#12639=DIRECTION('',(-0.0,1.0,6.12323399573677E-17));
#12640=DIRECTION('',(1.0,0.0,0.0));
#12641=DIRECTION('',(-6.01048814568917E-17,-6.12323399573676E-17,1.0));
#12642=DIRECTION('',(-0.0,1.0,6.12323399573676E-17));
#12643=DIRECTION('',(-0.0,2.70786103567114E-16,1.0));
#12644=DIRECTION('',(-0.0,-2.70786103567114E-16,-1.0));
#12645=DIRECTION('',(-0.0,-1.0,-6.12323399573676E-17));
#12646=CARTESIAN_POINT('',(4.7,6.34,-0.31));
#12647=DIRECTION('',(0.0,0.0,-1.0));
#12648=DIRECTION('',(1.0,0.0,0.0));
#12649=DIRECTION('',(0.0,0.0,1.0));
#12650=CARTESIAN_POINT('',(4.7,6.34,0.0));
#12651=DIRECTION('',(6.12323399573676E-17,0.0,-1.0));
#12652=DIRECTION('',(1.0,0.0,6.12323399573676E-17));
#12653=DIRECTION('',(0.0,0.0,1.0));
#12654=DIRECTION('',(1.61486985400023E-15,-1.0,9.88822598870466E-32));
#12655=DIRECTION('',(0.0,0.0,1.0));
#12656=DIRECTION('',(1.61486985400023E-15,-1.0,0.0));
#12657=DIRECTION('',(0.0,0.0,1.0));
#12658=CARTESIAN_POINT('',(4.05,1.59,0.0));
#12659=DIRECTION('',(6.12323399573677E-17,0.0,-1.0));
#12660=DIRECTION('',(1.0,0.0,6.12323399573676E-17));
#12661=DIRECTION('',(0.0,0.0,1.0));
#12662=DIRECTION('',(-1.0,-1.09651656753102E-16,-6.12323399573676E-17));
#12663=DIRECTION('',(0.0,0.0,1.0));
#12664=CARTESIAN_POINT('',(-4.05,1.59,0.0));
#12665=DIRECTION('',(6.12323399573676E-17,0.0,-1.0));
#12666=DIRECTION('',(1.0,0.0,6.12323399573676E-17));
#12667=CARTESIAN_POINT('',(-4.7,6.34,-0.31));
#12668=DIRECTION('',(0.0,0.0,-1.0));
#12669=DIRECTION('',(1.0,0.0,0.0));
#12670=DIRECTION('',(-1.0,0.0,0.0));
#12671=DIRECTION('',(0.0,1.0,-0.0));
#12672=DIRECTION('',(-1.0,5.31353325118146E-32,0.0));
#12673=DIRECTION('',(0.0,-1.0,-6.12323399573676E-17));
#12674=DIRECTION('',(1.0,1.32838331279536E-32,-0.0));
#12675=DIRECTION('',(0.0,1.0,-0.0));
#12676=DIRECTION('',(1.0,-1.19573502630058E-15,0.0));
#12677=CARTESIAN_POINT('',(-4.7,2.84,-0.31));
#12678=DIRECTION('',(0.0,0.0,-1.0));
#12679=DIRECTION('',(1.0,0.0,0.0));
#12680=DIRECTION('',(-1.0,0.0,0.0));
#12681=DIRECTION('',(0.0,1.0,-0.0));
#12682=DIRECTION('',(-1.0,0.0,0.0));
#12683=CARTESIAN_POINT('',(4.69999999087494,2.84,-0.31));
#12684=DIRECTION('',(0.0,0.0,-1.0));
#12685=DIRECTION('',(1.0,0.0,0.0));
#12686=DIRECTION('',(1.0,0.0,0.0));
#12687=DIRECTION('',(0.0,-1.0,0.0));
#12688=DIRECTION('',(1.0,-1.22464679914735E-16,0.0));
#12689=DIRECTION('',(1.22464679914735E-16,1.0,-6.12323399573676E-17));
#12690=DIRECTION('',(-1.0,1.22464679914735E-16,0.0));
#12691=DIRECTION('',(0.0,-1.0,0.0));
#12692=DIRECTION('',(-1.0,0.0,0.0));
#12693=DIRECTION('',(0.0,0.0,1.0));
#12694=DIRECTION('',(0.0,1.0,0.0));
#12695=DIRECTION('',(1.0,0.0,0.0));
#12696=DIRECTION('',(0.0,1.0,0.0));
#12697=DIRECTION('',(-1.0,0.0,0.0));
#12698=DIRECTION('',(-1.0,0.0,0.0));
#12699=DIRECTION('',(-6.12323399573676E-17,0.0,1.0));
#12700=DIRECTION('',(-1.0,0.0,0.0));
#12701=DIRECTION('',(6.12323399573676E-17,0.0,-1.0));
#12702=DIRECTION('',(1.0,0.0,0.0));
#12703=DIRECTION('',(1.0,0.0,0.0));
#12704=DIRECTION('',(0.0,1.0,0.0));
#12705=DIRECTION('',(1.0,0.0,0.0));
#12706=DIRECTION('',(6.12323399573676E-17,0.0,-1.0));
#12707=DIRECTION('',(-1.0,0.0,0.0));
#12708=DIRECTION('',(-1.0,0.0,0.0));
#12709=DIRECTION('',(0.0,-1.0,0.0));
#12710=DIRECTION('',(1.0,0.0,0.0));
#12711=DIRECTION('',(-6.12323399573676E-17,0.0,1.0));
#12712=DIRECTION('',(-1.0,0.0,0.0));
#12713=DIRECTION('',(-1.0,0.0,0.0));
#12714=DIRECTION('',(0.0,1.0,0.0));
#12715=DIRECTION('',(1.0,0.0,0.0));
#12716=DIRECTION('',(6.12323399573676E-17,0.0,-1.0));
#12717=DIRECTION('',(-1.0,0.0,0.0));
#12718=DIRECTION('',(-1.0,0.0,0.0));
#12719=DIRECTION('',(-6.12323399573676E-17,0.0,1.0));
#12720=DIRECTION('',(1.0,0.0,0.0));
#12721=DIRECTION('',(-1.0,0.0,0.0));
#12722=DIRECTION('',(0.0,-1.0,0.0));
#12723=DIRECTION('',(0.0,1.0,0.0));
#12724=DIRECTION('',(-1.0,0.0,0.0));
#12725=DIRECTION('',(1.0,0.0,0.0));
#12726=DIRECTION('',(-6.12323399573676E-17,0.0,1.0));
#12727=DIRECTION('',(0.0,1.0,0.0));
#12728=DIRECTION('',(0.0,-1.0,0.0));
#12729=DIRECTION('',(1.0,0.0,6.12323399573676E-17));
#12730=DIRECTION('',(0.0,1.0,0.0));
#12731=DIRECTION('',(0.0,1.0,6.12323399573676E-17));
#12732=DIRECTION('',(0.0,0.0,-1.0));
#12733=DIRECTION('',(1.0,0.0,0.0));
#12734=DIRECTION('',(-3.74939945665464E-33,1.0,6.12323399573676E-17));
#12735=DIRECTION('',(-1.0,-0.0,-0.0));
#12736=DIRECTION('',(1.0,-1.73043954802332E-31,2.8260222445004E-15));
#12737=DIRECTION('',(6.12323399573676E-17,6.12323399573676E-17,-1.0));
#12738=DIRECTION('',(1.0,0.0,6.12323399573676E-17));
#12739=DIRECTION('',(-6.12323399573676E-17,2.70786103567114E-16,1.0));
#12740=DIRECTION('',(0.0,1.0,6.12323399573676E-17));
#12741=DIRECTION('',(-1.0,-0.0,-2.8260222445004E-15));
#12742=DIRECTION('',(3.74939945665464E-33,-1.0,-6.12323399573676E-17));
#12743=DIRECTION('',(0.0,1.0,0.0));
#12744=DIRECTION('',(0.0,0.0,1.0));
#12745=DIRECTION('',(0.0,-1.0,0.0));
#12746=DIRECTION('',(1.0,0.0,6.12323399573676E-17));
#12747=DIRECTION('',(0.0,1.0,6.12323399573676E-17));
#12748=DIRECTION('',(0.0,0.0,-1.0));
#12749=DIRECTION('',(0.0,1.0,6.12323399573676E-17));
#12750=DIRECTION('',(-1.0,-0.0,-0.0));
#12751=DIRECTION('',(0.0,1.0,0.0));
#12752=DIRECTION('',(0.0,0.0,1.0));
#12753=DIRECTION('',(-6.24303274197558E-32,-1.0,-3.82275503221626E-48));
#12754=DIRECTION('',(1.0,0.0,6.12323399573676E-17));
#12755=DIRECTION('',(0.0,1.0,6.12323399573676E-17));
#12756=DIRECTION('',(1.01956461999039E-15,0.0,-1.0));
#12757=DIRECTION('',(0.0,1.0,6.12323399573676E-17));
#12758=CARTESIAN_POINT('',(0.249999999999997,-1.11022302462516E-16,-2.813));
#12759=DIRECTION('',(-0.0,1.0,0.0));
#12760=DIRECTION('',(1.0,0.0,0.0));
#12761=DIRECTION('',(-2.57505885122517E-33,1.0,-1.57676878988448E-49));
#12762=DIRECTION('',(-4.20539024479226E-17,-0.0,-1.0));
#12763=DIRECTION('',(3.80316384180948E-32,-1.0,2.32876621275247E-48));
#12764=DIRECTION('',(1.0,0.0,6.12323399573676E-17));
#12765=DIRECTION('',(0.0,1.0,6.12323399573676E-17));
#12766=DIRECTION('',(6.21103790000087E-16,0.0,1.0));
#12767=DIRECTION('',(0.0,1.0,6.12323399573676E-17));
#12768=CARTESIAN_POINT('',(3.87,1.66533453693773E-16,-6.663));
#12769=DIRECTION('',(-0.0,1.0,0.0));
#12770=DIRECTION('',(1.0,0.0,0.0));
#12771=DIRECTION('',(-0.0,1.0,0.0));
#12772=DIRECTION('',(0.0,0.0,-1.0));
#12773=DIRECTION('',(1.0,0.0,6.12323399573676E-17));
#12774=DIRECTION('',(0.0,-1.0,0.0));
#12775=DIRECTION('',(1.0,0.0,6.12323399573676E-17));
#12776=DIRECTION('',(1.0,0.0,6.12323399573676E-17));
#12777=CARTESIAN_POINT('',(6.05,0.4,-8.343));
#12778=DIRECTION('',(1.0,0.0,6.12323399573676E-17));
#12779=DIRECTION('',(6.12323399573676E-17,0.0,-1.0));
#12780=DIRECTION('',(1.0,0.0,6.12323399573676E-17));
#12781=DIRECTION('',(-6.12323399573676E-17,8.19957920698048E-17,1.0));
#12782=DIRECTION('',(0.0,6.12323399573676E-17,-1.0));
#12783=DIRECTION('',(1.0,0.0,0.0));
#12784=DIRECTION('',(0.0,-6.12323399573676E-17,1.0));
#12785=DIRECTION('',(1.22464679914735E-16,0.0,-1.0));
#12786=CARTESIAN_POINT('',(8.19601173047101,0.0763634245219915,-9.4));
#12787=DIRECTION('',(1.83697019872103E-16,-1.70803542250024E-16,-1.0));
#12788=DIRECTION('',(-1.0,-1.04587005649761E-32,-1.83697019872103E-16));
#12789=CARTESIAN_POINT('',(8.19601173047101,0.0763634245219915,-9.35136818330231));
#12790=DIRECTION('',(1.83089260526642E-16,0.0812774843884498,-0.996691512220048));
#12791=DIRECTION('',(-9.95362110990639E-18,0.996691512220048,0.0812774843884497));
#12792=DIRECTION('',(1.22464679914735E-16,0.0,-1.0));
#12793=CARTESIAN_POINT('',(8.19601173047101,0.0763634245219915,-11.4486318166977));
#12794=DIRECTION('',(-1.83089260526642E-16,0.0812774843884494,0.996691512220048));
#12795=DIRECTION('',(9.95362110990635E-18,0.996691512220048,-0.0812774843884494));
#12796=CARTESIAN_POINT('',(8.19601173047101,0.0763634245219915,-11.4));
#12797=DIRECTION('',(-1.83697019872103E-16,1.70803542250024E-16,1.0));
#12798=DIRECTION('',(-1.0,-1.04587005649761E-32,-1.83697019872103E-16));
#12799=DIRECTION('',(1.0,0.0,1.83697019872103E-16));
#12800=CARTESIAN_POINT('',(8.33174694270083,0.102207797216415,-9.4));
#12801=DIRECTION('',(-1.83697019872103E-16,1.70803542250024E-16,1.0));
#12802=DIRECTION('',(-1.0,-1.04587005649761E-32,-1.83697019872103E-16));
#12803=DIRECTION('',(-1.0,0.0,-1.83697019872103E-16));
#12804=DIRECTION('',(-1.0,-0.0,-1.83697019872103E-16));
#12805=DIRECTION('',(-1.0,0.0,-1.83697019872103E-16));
#12806=CARTESIAN_POINT('',(8.33174694270083,0.102207797216415,-11.4));
#12807=DIRECTION('',(1.83697019872103E-16,-1.70803542250024E-16,-1.0));
#12808=DIRECTION('',(-1.0,-1.04587005649761E-32,-1.83697019872103E-16));
#12809=DIRECTION('',(0.619670963353316,0.782265000402796,-0.0637915850374286));
#12810=CARTESIAN_POINT('',(6.34784591596503,-2.3951198516252,-11.247089071595));
#12811=DIRECTION('',(-1.83089260526642E-16,0.0812774843884494,0.996691512220048));
#12812=DIRECTION('',(9.95362110990635E-18,0.996691512220048,-0.0812774843884494));
#12813=DIRECTION('',(-0.654820061163724,0.753284310777277,-0.0614282885512794));
#12814=CARTESIAN_POINT('',(8.33174694270083,0.102207797216415,-11.4507393550608));
#12815=DIRECTION('',(1.83089260526642E-16,-0.0812774843884494,-0.996691512220048));
#12816=DIRECTION('',(9.95362110990634E-18,0.996691512220048,-0.0812774843884494));
#12817=DIRECTION('',(0.654820061163724,-0.753284310777277,0.0614282885512794));
#12818=CARTESIAN_POINT('',(6.35190572199955,-2.39494300968538,-11.2471034925746));
#12819=DIRECTION('',(1.83089260526642E-16,-0.0812774843884494,-0.996691512220048));
#12820=DIRECTION('',(9.95362110990635E-18,0.996691512220048,-0.0812774843884494));
#12821=DIRECTION('',(-0.619670963353315,-0.782265000402796,0.0637915850374286));
#12822=DIRECTION('',(-1.0,0.0,-1.83697019872103E-16));
#12823=CARTESIAN_POINT('',(6.4460748359151,-3.24,-10.6765316562891));
#12824=DIRECTION('',(0.78386153614875,-0.620935658620539,9.59953521219294E-17));
#12825=DIRECTION('',(0.620935658620539,0.78386153614875,1.14064030020914E-16));
#12826=CARTESIAN_POINT('',(6.8287954902209,-3.24,-10.6765316562891));
#12827=DIRECTION('',(-0.78386153614875,0.620935658620538,-9.59953521219294E-17));
#12828=DIRECTION('',(0.620935658620538,0.78386153614875,1.14064030020914E-16));
#12829=DIRECTION('',(-1.0,0.0,-1.83697019872103E-16));
#12830=DIRECTION('',(3.01358421859017E-16,2.25833258923109E-16,-1.0));
#12831=DIRECTION('',(-3.01358421859017E-16,-2.25833258923109E-16,1.0));
#12832=DIRECTION('',(-1.0,0.0,-1.83697019872103E-16));
#12833=CARTESIAN_POINT('',(6.4460748359151,-3.24,-10.1234683437109));
#12834=DIRECTION('',(0.78386153614875,-0.620935658620539,9.59953521219294E-17));
#12835=DIRECTION('',(0.620935658620539,0.78386153614875,1.14064030020914E-16));
#12836=CARTESIAN_POINT('',(6.8287954902209,-3.24,-10.1234683437109));
#12837=DIRECTION('',(-0.78386153614875,0.620935658620538,-9.59953521219294E-17));
#12838=DIRECTION('',(0.620935658620538,0.78386153614875,1.14064030020914E-16));
#12839=DIRECTION('',(-1.0,0.0,-1.83697019872103E-16));
#12840=DIRECTION('',(-0.619670963353316,-0.782265000402796,-0.0637915850374291));
#12841=DIRECTION('',(0.619670963353315,0.782265000402796,0.0637915850374291));
#12842=CARTESIAN_POINT('',(6.35190572199955,-2.39494300968538,-9.55289650742535));
#12843=DIRECTION('',(-1.83089260526642E-16,-0.0812774843884497,0.996691512220048));
#12844=DIRECTION('',(-9.95362110990639E-18,0.996691512220048,0.0812774843884497));
#12845=DIRECTION('',(-0.654820061163724,0.753284310777277,0.0614282885512794));
#12846=CARTESIAN_POINT('',(8.33174694270083,0.102207797216415,-9.34926064493919));
#12847=DIRECTION('',(-1.83089260526642E-16,-0.0812774843884497,0.996691512220048));
#12848=DIRECTION('',(-9.95362110990639E-18,0.996691512220048,0.0812774843884498));
#12849=DIRECTION('',(0.654820061163724,-0.753284310777277,-0.0614282885512794));
#12850=CARTESIAN_POINT('',(6.34784591596503,-2.3951198516252,-9.55291092840499));
#12851=DIRECTION('',(1.83089260526642E-16,0.0812774843884497,-0.996691512220048));
#12852=DIRECTION('',(-9.95362110990639E-18,0.996691512220047,0.0812774843884497));
#12853=DIRECTION('',(1.22464679914735E-16,0.0,-1.0));
#12854=DIRECTION('',(1.22464679914735E-16,0.0,-1.0));
#12855=DIRECTION('',(-1.22464679914735E-16,-0.0,1.0));
#12856=DIRECTION('',(1.22464679914735E-16,0.0,-1.0));
#12857=DIRECTION('',(-0.0,0.0,1.0));
#12858=CARTESIAN_POINT('',(-8.19601173047101,0.0763634245219915,-11.4));
#12859=DIRECTION('',(-6.12323399573676E-17,-1.70803542250024E-16,1.0));
#12860=DIRECTION('',(1.0,-1.04587005649761E-32,6.12323399573676E-17));
#12861=CARTESIAN_POINT('',(-8.19601173047101,0.0763634245219915,-11.4486318166977));
#12862=DIRECTION('',(-6.10297535088808E-17,0.0812774843884498,0.996691512220048));
#12863=DIRECTION('',(0.0,0.996691512220048,-0.0812774843884497));
#12864=DIRECTION('',(0.0,0.0,1.0));
#12865=CARTESIAN_POINT('',(-8.19601173047101,0.0763634245219915,-9.35136818330231));
#12866=DIRECTION('',(6.10297535088808E-17,0.0812774843884494,-0.996691512220048));
#12867=DIRECTION('',(0.0,0.996691512220048,0.0812774843884494));
#12868=CARTESIAN_POINT('',(-8.19601173047101,0.0763634245219915,-9.4));
#12869=DIRECTION('',(6.12323399573676E-17,1.70803542250024E-16,-1.0));
#12870=DIRECTION('',(1.0,-1.04587005649761E-32,6.12323399573676E-17));
#12871=DIRECTION('',(-1.0,-0.0,-6.12323399573676E-17));
#12872=CARTESIAN_POINT('',(-8.33174694270083,0.102207797216415,-11.4));
#12873=DIRECTION('',(6.12323399573676E-17,1.70803542250024E-16,-1.0));
#12874=DIRECTION('',(1.0,-1.04587005649761E-32,6.12323399573676E-17));
#12875=DIRECTION('',(1.0,0.0,6.12323399573676E-17));
#12876=DIRECTION('',(1.0,0.0,6.12323399573676E-17));
#12877=DIRECTION('',(1.0,0.0,6.12323399573676E-17));
#12878=CARTESIAN_POINT('',(-8.33174694270083,0.102207797216415,-9.4));
#12879=DIRECTION('',(-6.12323399573676E-17,-1.70803542250024E-16,1.0));
#12880=DIRECTION('',(1.0,-1.04587005649761E-32,6.12323399573676E-17));
#12881=DIRECTION('',(-0.619670963353316,0.782265000402796,0.0637915850374287));
#12882=CARTESIAN_POINT('',(-6.34784591596503,-2.3951198516252,-9.55291092840499));
#12883=DIRECTION('',(6.10297535088808E-17,0.0812774843884494,-0.996691512220048));
#12884=DIRECTION('',(0.0,0.996691512220048,0.0812774843884494));
#12885=DIRECTION('',(0.654820061163724,0.753284310777277,0.0614282885512793));
#12886=CARTESIAN_POINT('',(-8.33174694270083,0.102207797216415,-9.34926064493919));
#12887=DIRECTION('',(-6.10297535088808E-17,-0.0812774843884494,0.996691512220048));
#12888=DIRECTION('',(0.0,0.996691512220048,0.0812774843884494));
#12889=DIRECTION('',(-0.654820061163724,-0.753284310777277,-0.0614282885512793));
#12890=CARTESIAN_POINT('',(-6.35190572199955,-2.39494300968538,-9.55289650742535));
#12891=DIRECTION('',(-6.10297535088808E-17,-0.0812774843884494,0.996691512220048));
#12892=DIRECTION('',(0.0,0.996691512220048,0.0812774843884494));
#12893=DIRECTION('',(0.619670963353315,-0.782265000402796,-0.0637915850374287));
#12894=DIRECTION('',(1.0,0.0,6.12323399573676E-17));
#12895=CARTESIAN_POINT('',(-6.4460748359151,-3.24,-10.1234683437109));
#12896=DIRECTION('',(-0.78386153614875,-0.620935658620539,2.41545984755561E-33));
#12897=DIRECTION('',(-0.620935658620539,0.78386153614875,-3.80213433403048E-17));
#12898=CARTESIAN_POINT('',(-6.8287954902209,-3.24,-10.1234683437109));
#12899=DIRECTION('',(0.78386153614875,0.620935658620538,0.0));
#12900=DIRECTION('',(-0.620935658620538,0.78386153614875,-3.80213433403048E-17));
#12901=DIRECTION('',(1.0,0.0,6.12323399573676E-17));
#12902=DIRECTION('',(-1.78893741944282E-16,2.25833258923109E-16,1.0));
#12903=DIRECTION('',(1.78893741944282E-16,-2.25833258923109E-16,-1.0));
#12904=DIRECTION('',(1.0,0.0,6.12323399573676E-17));
#12905=CARTESIAN_POINT('',(-6.4460748359151,-3.24,-10.6765316562891));
#12906=DIRECTION('',(-0.78386153614875,-0.620935658620539,2.41545984755561E-33));
#12907=DIRECTION('',(-0.620935658620539,0.78386153614875,-3.80213433403048E-17));
#12908=CARTESIAN_POINT('',(-6.8287954902209,-3.24,-10.6765316562891));
#12909=DIRECTION('',(0.78386153614875,0.620935658620538,0.0));
#12910=DIRECTION('',(-0.620935658620538,0.78386153614875,-3.80213433403048E-17));
#12911=DIRECTION('',(1.0,0.0,6.12323399573676E-17));
#12912=DIRECTION('',(0.619670963353316,-0.782265000402796,0.063791585037429));
#12913=DIRECTION('',(-0.619670963353315,0.782265000402796,-0.0637915850374291));
#12914=CARTESIAN_POINT('',(-6.35190572199955,-2.39494300968538,-11.2471034925747));
#12915=DIRECTION('',(6.10297535088808E-17,-0.0812774843884497,-0.996691512220048));
#12916=DIRECTION('',(0.0,0.996691512220048,-0.0812774843884497));
#12917=DIRECTION('',(0.654820061163724,0.753284310777277,-0.0614282885512795));
#12918=CARTESIAN_POINT('',(-8.33174694270083,0.102207797216415,-11.4507393550608));
#12919=DIRECTION('',(6.10297535088808E-17,-0.0812774843884497,-0.996691512220048));
#12920=DIRECTION('',(0.0,0.996691512220048,-0.0812774843884498));
#12921=DIRECTION('',(-0.654820061163724,-0.753284310777277,0.0614282885512795));
#12922=CARTESIAN_POINT('',(-6.34784591596503,-2.3951198516252,-11.247089071595));
#12923=DIRECTION('',(-6.10297535088808E-17,0.0812774843884497,0.996691512220048));
#12924=DIRECTION('',(0.0,0.996691512220047,-0.0812774843884497));
#12925=DIRECTION('',(0.0,0.0,1.0));
#12926=DIRECTION('',(0.0,0.0,1.0));
#12927=DIRECTION('',(-0.0,-0.0,-1.0));
#12928=DIRECTION('',(0.0,0.0,1.0));
#12929=DIRECTION('',(-1.22464679914735E-16,-1.0,6.12323399573676E-17));
#12930=CARTESIAN_POINT('',(4.72048327827952,6.185,-0.51));
#12931=DIRECTION('',(1.22464679914735E-16,1.0,-2.16941458340517E-16));
#12932=DIRECTION('',(-1.0,1.22464679914735E-16,5.34801985020208E-48));
#12933=DIRECTION('',(-1.22464679914735E-16,-1.0,6.12323399573676E-17));
#12934=CARTESIAN_POINT('',(4.72048327827952,2.995,-0.51));
#12935=DIRECTION('',(-1.22464679914735E-16,-1.0,-8.67765833362068E-16));
#12936=DIRECTION('',(-1.0,1.22464679914735E-16,4.27841588016167E-47));
#12937=DIRECTION('',(-0.0,2.16941458340517E-16,1.0));
#12938=CARTESIAN_POINT('',(4.72699689375218,6.185,-0.489999999999999));
#12939=DIRECTION('',(-1.22464679914735E-16,-1.0,2.16941458340517E-16));
#12940=DIRECTION('',(-1.0,1.22464679914735E-16,3.3425124063763E-48));
#12941=DIRECTION('',(-0.309671482856107,-1.68353580611803E-16,-0.950843611066352));
#12942=DIRECTION('',(-1.0,1.22464679914735E-16,6.12323399573676E-17));
#12943=DIRECTION('',(0.309671482856107,1.68353580611803E-16,0.950843611066352));
#12944=DIRECTION('',(-0.303534197669218,-0.198102530542797,-0.931999129955519));
#12945=DIRECTION('',(-0.925606578735068,0.0786918864690391,0.370216218453902));
#12946=DIRECTION('',(-2.40626046962492E-05,0.207911690757568,0.978147600450628));
#12947=DIRECTION('',(0.303534197669218,0.198102530542797,0.931999129955519));
#12948=DIRECTION('',(0.0,8.67765833362068E-16,-1.0));
#12949=DIRECTION('',(-0.309671482856107,8.63033417580686E-16,-0.950843611066352));
#12950=DIRECTION('',(-1.0,1.22464679914735E-16,6.12323399573676E-17));
#12951=DIRECTION('',(0.309671482856107,-8.63033417580686E-16,0.950843611066352));
#12952=CARTESIAN_POINT('',(4.72699689375218,2.995,-0.489999999999999));
#12953=DIRECTION('',(1.22464679914735E-16,1.0,8.67765833362068E-16));
#12954=DIRECTION('',(-1.0,1.22464679914735E-16,5.34801985020209E-47));
#12955=DIRECTION('',(0.303534197669218,-0.198102530542797,0.931999129955519));
#12956=DIRECTION('',(-0.303534197669218,0.198102530542797,-0.931999129955519));
#12957=DIRECTION('',(2.40626046963001E-05,0.207911690757568,-0.978147600450628));
#12958=DIRECTION('',(0.925606578735068,0.0786918864690389,-0.370216218453902));
#12959=DIRECTION('',(-1.22464679914735E-16,-1.0,6.12323399573676E-17));
#12960=DIRECTION('',(-1.22464679914735E-16,-1.0,6.12323399573676E-17));
#12961=DIRECTION('',(-1.22464679914735E-16,-1.0,6.12323399573676E-17));
#12962=DIRECTION('',(-1.22464679914735E-16,-1.0,6.12323399573676E-17));
#12963=DIRECTION('',(0.0,1.0,6.12323399573676E-17));
#12964=CARTESIAN_POINT('',(-4.72048327827952,2.995,-0.51));
#12965=DIRECTION('',(1.32838331279536E-32,-1.0,-2.16941458340517E-16));
#12966=DIRECTION('',(1.0,1.32838331279536E-32,2.88181413113033E-48));
#12967=DIRECTION('',(0.0,1.0,6.12323399573676E-17));
#12968=CARTESIAN_POINT('',(-4.72048327827952,6.185,-0.51));
#12969=DIRECTION('',(5.31353325118146E-32,1.0,-8.67765833362068E-16));
#12970=DIRECTION('',(1.0,-5.31353325118146E-32,4.61090260980854E-47));
#12971=DIRECTION('',(0.0,-2.16941458340517E-16,1.0));
#12972=CARTESIAN_POINT('',(-4.72699689375218,2.995,-0.489999999999999));
#12973=DIRECTION('',(-1.32838331279536E-32,1.0,2.16941458340517E-16));
#12974=DIRECTION('',(1.0,1.32838331279536E-32,2.88181413113033E-48));
#12975=DIRECTION('',(0.309671482856107,2.06277399638498E-16,-0.950843611066352));
#12976=DIRECTION('',(1.0,0.0,6.12323399573676E-17));
#12977=DIRECTION('',(-0.309671482856107,-2.06277399638498E-16,0.950843611066352));
#12978=DIRECTION('',(0.303534197669218,0.198102530542797,-0.931999129955519));
#12979=DIRECTION('',(0.925606578735068,-0.078691886469039,0.370216218453902));
#12980=DIRECTION('',(2.40626046962746E-05,-0.207911690757568,0.978147600450628));
#12981=DIRECTION('',(-0.303534197669218,-0.198102530542797,0.931999129955519));
#12982=DIRECTION('',(-0.0,-8.67765833362068E-16,-1.0));
#12983=DIRECTION('',(0.309671482856107,-8.25109598553991E-16,-0.950843611066352));
#12984=DIRECTION('',(1.0,0.0,6.12323399573676E-17));
#12985=DIRECTION('',(-0.309671482856107,8.25109598553991E-16,0.950843611066352));
#12986=CARTESIAN_POINT('',(-4.72699689375218,6.185,-0.489999999999999));
#12987=DIRECTION('',(-5.31353325118146E-32,-1.0,8.67765833362068E-16));
#12988=DIRECTION('',(1.0,-5.31353325118146E-32,4.61090260980854E-47));
#12989=DIRECTION('',(-0.303534197669218,0.198102530542797,0.931999129955519));
#12990=DIRECTION('',(0.303534197669218,-0.198102530542797,-0.931999129955519));
#12991=DIRECTION('',(-2.40626046962746E-05,-0.207911690757568,-0.978147600450628));
#12992=DIRECTION('',(-0.925606578735068,-0.078691886469039,-0.370216218453902));
#12993=DIRECTION('',(0.0,1.0,6.12323399573676E-17));
#12994=DIRECTION('',(0.0,1.0,6.12323399573676E-17));
#12995=DIRECTION('',(0.0,1.0,6.12323399573676E-17));
#12996=DIRECTION('',(0.0,1.0,6.12323399573676E-17));
#12997=DIRECTION('',(1.0,0.0,0.0));
#12998=DIRECTION('',(-6.12323399573676E-17,0.0,1.0));
#12999=DIRECTION('',(0.0,1.0,0.0));
#13000=DIRECTION('',(1.0,0.0,0.0));
#13001=DIRECTION('',(0.0,-1.0,0.0));
#13002=DIRECTION('',(1.0,0.0,0.0));
#13003=DIRECTION('',(6.12323399573676E-17,0.0,-1.0));
#13004=DIRECTION('',(-1.0,0.0,0.0));
#13005=DIRECTION('',(-6.12323399573676E-17,0.0,1.0));
#13006=DIRECTION('',(0.0,-1.0,0.0));
#13007=DIRECTION('',(1.0,-0.0,6.12323399573676E-17));
#13008=DIRECTION('',(0.0,0.0,1.0));
#13009=DIRECTION('',(0.0,0.0,1.0));
#13010=CARTESIAN_POINT('',(4.69999999087494,2.84,0.0));
#13011=DIRECTION('',(6.12323399573676E-17,0.0,-1.0));
#13012=DIRECTION('',(1.0,0.0,6.12323399573676E-17));
#13013=DIRECTION('',(-1.0,-0.0,-6.12323399573676E-17));
#13014=DIRECTION('',(0.0,0.0,1.0));
#13015=DIRECTION('',(-1.0,-0.0,-6.12323399573676E-17));
#13016=CARTESIAN_POINT('',(-4.7,2.84,0.0));
#13017=DIRECTION('',(6.12323399573676E-17,0.0,-1.0));
#13018=DIRECTION('',(1.0,0.0,6.12323399573676E-17));
#13019=DIRECTION('',(0.0,0.0,1.0));
#13020=DIRECTION('',(1.0,-1.19573502630058E-15,6.12323399573676E-17));
#13021=DIRECTION('',(0.0,0.0,1.0));
#13022=DIRECTION('',(0.0,1.0,0.0));
#13023=DIRECTION('',(0.0,0.0,1.0));
#13024=DIRECTION('',(-1.0,-0.0,-6.12323399573676E-17));
#13025=CARTESIAN_POINT('',(-4.7,6.34,0.0));
#13026=DIRECTION('',(6.12323399573676E-17,0.0,-1.0));
#13027=DIRECTION('',(1.0,0.0,6.12323399573676E-17));
#13028=DIRECTION('',(0.0,0.0,1.0));
#13029=DIRECTION('',(1.0,-0.0,6.12323399573676E-17));
#13030=DIRECTION('',(0.0,0.0,1.0));
#13031=DIRECTION('',(0.0,1.0,0.0));
#13032=DIRECTION('',(0.0,0.0,1.0));
#13033=DIRECTION('',(0.69810013612954,0.716000139620041,4.27463048597686E-17));
#13034=DIRECTION('',(0.0,0.0,1.0));
#13035=DIRECTION('',(1.0,-0.0,6.12323399573676E-17));
#13036=DIRECTION('',(0.0,0.0,1.0));
#13037=DIRECTION('',(0.69810013612954,-0.716000139620041,4.27463048597686E-17));
#13038=DIRECTION('',(0.0,0.0,1.0));
#13039=DIRECTION('',(0.0,-1.0,0.0));
#13040=DIRECTION('',(1.0,-0.0,6.12323399573676E-17));
#13041=DIRECTION('',(0.0,0.0,1.0));
#13042=DIRECTION('',(-1.0,-0.0,-6.12323399573676E-17));
#13043=DIRECTION('',(0.0,-1.0,0.0));
#13044=DIRECTION('',(1.0,0.0,0.0));
#13045=DIRECTION('',(0.0,-1.0,0.0));
#13046=DIRECTION('',(6.12323399573676E-17,0.0,-1.0));
#13047=DIRECTION('',(6.12323399573676E-17,0.0,-1.0));
#13048=DIRECTION('',(0.0,-1.0,0.0));
#13049=CARTESIAN_POINT('',(-6.05,8.1,-13.7));
#13050=DIRECTION('',(1.0,0.0,6.12323399573676E-17));
#13051=DIRECTION('',(6.12323399573676E-17,0.0,-1.0));
#13052=CARTESIAN_POINT('',(-6.05,2.5,-13.7));
#13053=DIRECTION('',(1.0,0.0,6.12323399573676E-17));
#13054=DIRECTION('',(6.12323399573676E-17,0.0,-1.0));
#13055=CARTESIAN_POINT('',(6.05,8.1,-13.7));
#13056=DIRECTION('',(-1.0,0.0,-6.12323399573676E-17));
#13057=DIRECTION('',(-6.12323399573676E-17,0.0,1.0));
#13058=CARTESIAN_POINT('',(6.05,2.5,-13.7));
#13059=DIRECTION('',(-1.0,0.0,-6.12323399573676E-17));
#13060=DIRECTION('',(-6.12323399573676E-17,0.0,1.0));
#13061=DIRECTION('',(1.0,7.52693576017055E-17,6.12323399573676E-17));
#13062=DIRECTION('',(0.0,0.0,1.0));
#13063=DIRECTION('',(1.0,7.52693576017055E-17,0.0));
#13064=DIRECTION('',(0.0,0.0,1.0));
#13065=CARTESIAN_POINT('',(-2.95,8.3,-16.5));
#13066=DIRECTION('',(0.0,0.0,1.0));
#13067=DIRECTION('',(1.0,0.0,0.0));
#13068=CARTESIAN_POINT('',(-2.95,8.3,-16.2));
#13069=DIRECTION('',(-6.12323399573676E-17,-0.0,1.0));
#13070=DIRECTION('',(1.0,0.0,6.12323399573676E-17));
#13071=DIRECTION('',(-1.0,-1.50538715203411E-16,-6.12323399573676E-17));
#13072=DIRECTION('',(-1.0,-1.50538715203411E-16,0.0));
#13073=CARTESIAN_POINT('',(2.95,8.3,-16.2));
#13074=DIRECTION('',(-6.12323399573676E-17,-0.0,1.0));
#13075=DIRECTION('',(1.0,0.0,6.12323399573676E-17));
#13076=CARTESIAN_POINT('',(2.95,8.3,-16.5));
#13077=DIRECTION('',(0.0,0.0,1.0));
#13078=DIRECTION('',(1.0,0.0,0.0));
#13079=DIRECTION('',(1.0,7.52693576017055E-17,6.12323399573676E-17));
#13080=DIRECTION('',(0.0,0.0,1.0));
#13081=DIRECTION('',(1.0,7.52693576017055E-17,0.0));
#13082=DIRECTION('',(0.0,0.0,1.0));
#13083=CARTESIAN_POINT('',(-2.95,4.3,-16.5));
#13084=DIRECTION('',(0.0,0.0,1.0));
#13085=DIRECTION('',(1.0,0.0,0.0));
#13086=CARTESIAN_POINT('',(-2.95,4.3,-16.2));
#13087=DIRECTION('',(-6.12323399573676E-17,-0.0,1.0));
#13088=DIRECTION('',(1.0,0.0,6.12323399573676E-17));
#13089=DIRECTION('',(-1.0,-1.50538715203411E-16,-6.12323399573676E-17));
#13090=DIRECTION('',(-1.0,-1.50538715203411E-16,0.0));
#13091=CARTESIAN_POINT('',(2.95,4.3,-16.2));
#13092=DIRECTION('',(-6.12323399573676E-17,-0.0,1.0));
#13093=DIRECTION('',(1.0,0.0,6.12323399573676E-17));
#13094=CARTESIAN_POINT('',(2.95,4.3,-16.5));
#13095=DIRECTION('',(0.0,0.0,1.0));
#13096=DIRECTION('',(1.0,0.0,0.0));
#13097=DIRECTION('',(0.0,1.0,6.12323399573676E-17));
#13098=DIRECTION('',(0.0,0.0,-1.0));
#13099=DIRECTION('',(-0.0,1.0,1.1842378929335E-14));
#13100=DIRECTION('',(0.0,0.0,-1.0));
#13101=DIRECTION('',(0.0,-1.0,0.0));
#13102=DIRECTION('',(-1.0,-0.0,-0.0));
#13103=DIRECTION('',(0.0,1.0,6.12323399573676E-17));
#13104=DIRECTION('',(0.0,1.0,6.12323399573676E-17));
#13105=DIRECTION('',(0.0,0.0,1.0));
#13106=DIRECTION('',(-0.0,-1.0,-0.0));
#13107=DIRECTION('',(0.0,1.0,6.12323399573676E-17));
#13108=CARTESIAN_POINT('',(-3.87,1.66533453693773E-16,-6.663));
#13109=DIRECTION('',(-0.0,1.0,0.0));
#13110=DIRECTION('',(1.0,0.0,0.0));
#13111=DIRECTION('',(-0.0,1.0,0.0));
#13112=DIRECTION('',(0.0,0.0,-1.0));
#13113=DIRECTION('',(0.0,1.0,6.12323399573676E-17));
#13114=DIRECTION('',(0.0,0.0,1.0));
#13115=DIRECTION('',(-0.0,-1.0,-0.0));
#13116=DIRECTION('',(0.0,1.0,6.12323399573676E-17));
#13117=CARTESIAN_POINT('',(-0.249999999999999,-1.11022302462516E-16,-2.813));
#13118=DIRECTION('',(-0.0,1.0,0.0));
#13119=DIRECTION('',(1.0,0.0,0.0));
#13120=DIRECTION('',(-8.29431492862469E-32,1.0,-5.07880311423017E-48));
#13121=DIRECTION('',(1.35456442370151E-15,0.0,1.0));
#13122=DIRECTION('',(0.0,1.0,6.12323399573676E-17));
#13123=DIRECTION('',(-1.0,-0.0,-0.0));
#13124=DIRECTION('',(0.0,1.0,6.12323399573676E-17));
#13125=DIRECTION('',(0.0,0.0,1.0));
#13126=DIRECTION('',(0.0,1.0,0.0));
#13127=DIRECTION('',(0.0,0.0,1.0));
#13128=DIRECTION('',(-0.0,-1.0,-1.1842378929335E-14));
#13129=DIRECTION('',(0.0,0.0,1.0));
#13130=DIRECTION('',(0.0,0.0,-1.0));
#13131=DIRECTION('',(0.0,-1.0,0.0));
#13132=DIRECTION('',(1.0,0.0,6.12323399573676E-17));
#13133=DIRECTION('',(-6.12323399573676E-17,8.19957920698048E-17,1.0));
#13134=DIRECTION('',(1.0,0.0,6.12323399573676E-17));
#13135=DIRECTION('',(0.0,1.0,0.0));
#13136=DIRECTION('',(1.0,0.0,6.12323399573676E-17));
#13137=DIRECTION('',(1.0,0.0,6.12323399573676E-17));
#13138=DIRECTION('',(0.0,1.0,0.0));
#13139=DIRECTION('',(-6.12323399573676E-17,0.0,1.0));
#13140=DIRECTION('',(1.0,0.0,6.12323399573676E-17));
#13141=DIRECTION('',(1.0,0.0,6.12323399573676E-17));
#13142=DIRECTION('',(-6.12323399573676E-17,0.0,1.0));
#13143=DIRECTION('',(1.0,0.0,6.12323399573676E-17));
#13144=DIRECTION('',(-6.12323399573676E-17,0.0,1.0));
#13145=DIRECTION('',(1.0,0.0,6.12323399573676E-17));
#13146=DIRECTION('',(-6.12323399573676E-17,0.0,1.0));
#13147=DIRECTION('',(1.0,0.0,6.12323399573676E-17));
#13148=DIRECTION('',(7.25136572505009E-31,-1.0,-1.1842378929335E-14));
#13149=DIRECTION('',(7.25136572505009E-31,-1.0,-1.1842378929335E-14));
#13150=DIRECTION('',(1.0,0.0,6.12323399573676E-17));
#13151=DIRECTION('',(0.0,-1.0,0.0));
#13152=DIRECTION('',(1.0,0.0,6.12323399573676E-17));
#13153=DIRECTION('',(1.0,0.0,6.12323399573676E-17));
#13154=DIRECTION('',(1.0,0.0,6.12323399573676E-17));
#13155=DIRECTION('',(-6.12323399573676E-17,0.0,1.0));
#13156=DIRECTION('',(0.0,1.0,0.0));
#13157=DIRECTION('',(6.12323399573676E-17,0.0,-1.0));
#13158=DIRECTION('',(0.0,1.0,0.0));
#13159=CARTESIAN_POINT('',(-6.05,0.4,-8.343));
#13160=DIRECTION('',(1.0,0.0,6.12323399573676E-17));
#13161=DIRECTION('',(6.12323399573676E-17,0.0,-1.0));
#13162=DIRECTION('',(0.0,1.0,0.0));
#13163=DIRECTION('',(1.0,0.0,6.12323399573676E-17));
#13164=DIRECTION('',(6.12323399573676E-17,0.0,-1.0));
#13165=DIRECTION('',(1.0,0.0,6.12323399573676E-17));
#13166=DIRECTION('',(0.0,-1.0,0.0));
#13167=DIRECTION('',(-6.12323399573676E-17,0.0,1.0));
ENDSEC;
END-ISO-10303-21;
