ISO-10303-21;
HEADER;
FILE_DESCRIPTION(('Open CASCADE Model'),'2;1');
FILE_NAME('Open CASCADE Shape Model','2026-09-30T23:47:58',('Author'),(
    'Open CASCADE'),'Open CASCADE STEP processor 7.9','Open CASCADE 7.9'
  ,'Unknown');
FILE_SCHEMA(('AUTOMOTIVE_DESIGN { 1 0 10303 214 1 1 1 1 }'));
ENDSEC;
DATA;
#1 = APPLICATION_PROTOCOL_DEFINITION('international standard',
  'automotive_design',2000,#2);
#2 = APPLICATION_CONTEXT(
  'core data for automotive mechanical design processes');
#3 = SHAPE_DEFINITION_REPRESENTATION(#4,#10);
#4 = PRODUCT_DEFINITION_SHAPE('','',#5);
#5 = PRODUCT_DEFINITION('design','',#6,#9);
#6 = PRODUCT_DEFINITION_FORMATION('','',#7);
#7 = PRODUCT('XF-508PVS-A_with_ATOF_10A','XF-508PVS-A_with_ATOF_10A','',
  (#8));
#8 = PRODUCT_CONTEXT('',#2,'mechanical');
#9 = PRODUCT_DEFINITION_CONTEXT('part definition',#2,'design');
#10 = SHAPE_REPRESENTATION('',(#11,#15,#19,#23,#27,#31),#35);
#11 = AXIS2_PLACEMENT_3D('',#12,#13,#14);
#12 = CARTESIAN_POINT('',(0.,0.,0.));
#13 = DIRECTION('',(0.,0.,1.));
#14 = DIRECTION('',(1.,0.,-0.));
#15 = AXIS2_PLACEMENT_3D('',#16,#17,#18);
#16 = CARTESIAN_POINT('',(0.,0.,0.));
#17 = DIRECTION('',(0.,0.,1.));
#18 = DIRECTION('',(1.,0.,-0.));
#19 = AXIS2_PLACEMENT_3D('',#20,#21,#22);
#20 = CARTESIAN_POINT('',(0.,0.,0.));
#21 = DIRECTION('',(0.,0.,1.));
#22 = DIRECTION('',(1.,0.,-0.));
#23 = AXIS2_PLACEMENT_3D('',#24,#25,#26);
#24 = CARTESIAN_POINT('',(0.,0.,0.));
#25 = DIRECTION('',(0.,0.,1.));
#26 = DIRECTION('',(1.,0.,-0.));
#27 = AXIS2_PLACEMENT_3D('',#28,#29,#30);
#28 = CARTESIAN_POINT('',(0.,0.,0.));
#29 = DIRECTION('',(0.,0.,1.));
#30 = DIRECTION('',(1.,0.,-0.));
#31 = AXIS2_PLACEMENT_3D('',#32,#33,#34);
#32 = CARTESIAN_POINT('',(0.,0.,0.));
#33 = DIRECTION('',(0.,0.,1.));
#34 = DIRECTION('',(1.,0.,-0.));
#35 = ( GEOMETRIC_REPRESENTATION_CONTEXT(3) 
GLOBAL_UNCERTAINTY_ASSIGNED_CONTEXT((#39)) GLOBAL_UNIT_ASSIGNED_CONTEXT(
(#36,#37,#38)) REPRESENTATION_CONTEXT('Context #1',
  '3D Context with UNIT and UNCERTAINTY') );
#36 = ( LENGTH_UNIT() NAMED_UNIT(*) SI_UNIT(.MILLI.,.METRE.) );
#37 = ( NAMED_UNIT(*) PLANE_ANGLE_UNIT() SI_UNIT($,.RADIAN.) );
#38 = ( NAMED_UNIT(*) SI_UNIT($,.STERADIAN.) SOLID_ANGLE_UNIT() );
#39 = UNCERTAINTY_MEASURE_WITH_UNIT(LENGTH_MEASURE(1.E-05),#36,
  'distance_accuracy_value','confusion accuracy');
#40 = PRODUCT_RELATED_PRODUCT_CATEGORY('part',$,(#7));
#41 = SHAPE_DEFINITION_REPRESENTATION(#42,#48);
#42 = PRODUCT_DEFINITION_SHAPE('','',#43);
#43 = PRODUCT_DEFINITION('design','',#44,#47);
#44 = PRODUCT_DEFINITION_FORMATION('','',#45);
#45 = PRODUCT('holder_body','holder_body','',(#46));
#46 = PRODUCT_CONTEXT('',#2,'mechanical');
#47 = PRODUCT_DEFINITION_CONTEXT('part definition',#2,'design');
#48 = ADVANCED_BREP_SHAPE_REPRESENTATION('',(#11,#49),#2913);
#49 = MANIFOLD_SOLID_BREP('',#50);
#50 = CLOSED_SHELL('',(#51,#417,#493,#547,#601,#633,#707,#761,#815,#868,
    #921,#975,#1029,#1061,#1137,#1186,#1235,#1262,#1338,#1388,#1442,
    #1491,#1540,#1594,#1644,#1671,#2126,#2481,#2528,#2555,#2582,#2589,
    #2636,#2683,#2730,#2777,#2824,#2851,#2878,#2885,#2892,#2899,#2906));
#51 = ADVANCED_FACE('',(#52,#171),#66,.T.);
#52 = FACE_BOUND('',#53,.T.);
#53 = EDGE_LOOP('',(#54,#89,#117,#145));
#54 = ORIENTED_EDGE('',*,*,#55,.T.);
#55 = EDGE_CURVE('',#56,#58,#60,.T.);
#56 = VERTEX_POINT('',#57);
#57 = CARTESIAN_POINT('',(8.8,-2.325,8.5));
#58 = VERTEX_POINT('',#59);
#59 = CARTESIAN_POINT('',(-8.8,-2.325,8.5));
#60 = SURFACE_CURVE('',#61,(#65,#77),.PCURVE_S1.);
#61 = LINE('',#62,#63);
#62 = CARTESIAN_POINT('',(8.5,-2.325,8.5));
#63 = VECTOR('',#64,1.);
#64 = DIRECTION('',(-1.,0.,0.));
#65 = PCURVE('',#66,#71);
#66 = PLANE('',#67);
#67 = AXIS2_PLACEMENT_3D('',#68,#69,#70);
#68 = CARTESIAN_POINT('',(-9.905,-3.365,8.5));
#69 = DIRECTION('',(0.,0.,1.));
#70 = DIRECTION('',(1.,0.,0.));
#71 = DEFINITIONAL_REPRESENTATION('',(#72),#76);
#72 = LINE('',#73,#74);
#73 = CARTESIAN_POINT('',(18.405,1.04));
#74 = VECTOR('',#75,1.);
#75 = DIRECTION('',(-1.,0.));
#76 = ( GEOMETRIC_REPRESENTATION_CONTEXT(2) 
PARAMETRIC_REPRESENTATION_CONTEXT() REPRESENTATION_CONTEXT('2D SPACE',''
  ) );
#77 = PCURVE('',#78,#83);
#78 = PLANE('',#79);
#79 = AXIS2_PLACEMENT_3D('',#80,#81,#82);
#80 = CARTESIAN_POINT('',(8.5,-2.175,8.35));
#81 = DIRECTION('',(0.,0.707106781187,0.707106781187));
#82 = DIRECTION('',(1.,-0.,-0.));
#83 = DEFINITIONAL_REPRESENTATION('',(#84),#88);
#84 = LINE('',#85,#86);
#85 = CARTESIAN_POINT('',(-0.,-0.212132034356));
#86 = VECTOR('',#87,1.);
#87 = DIRECTION('',(-1.,0.));
#88 = ( GEOMETRIC_REPRESENTATION_CONTEXT(2) 
PARAMETRIC_REPRESENTATION_CONTEXT() REPRESENTATION_CONTEXT('2D SPACE',''
  ) );
#89 = ORIENTED_EDGE('',*,*,#90,.T.);
#90 = EDGE_CURVE('',#58,#91,#93,.T.);
#91 = VERTEX_POINT('',#92);
#92 = CARTESIAN_POINT('',(-8.8,2.325,8.5));
#93 = SURFACE_CURVE('',#94,(#98,#105),.PCURVE_S1.);
#94 = LINE('',#95,#96);
#95 = CARTESIAN_POINT('',(-8.8,-2.025,8.5));
#96 = VECTOR('',#97,1.);
#97 = DIRECTION('',(0.,1.,0.));
#98 = PCURVE('',#66,#99);
#99 = DEFINITIONAL_REPRESENTATION('',(#100),#104);
#100 = LINE('',#101,#102);
#101 = CARTESIAN_POINT('',(1.105,1.34));
#102 = VECTOR('',#103,1.);
#103 = DIRECTION('',(0.,1.));
#104 = ( GEOMETRIC_REPRESENTATION_CONTEXT(2) 
PARAMETRIC_REPRESENTATION_CONTEXT() REPRESENTATION_CONTEXT('2D SPACE',''
  ) );
#105 = PCURVE('',#106,#111);
#106 = PLANE('',#107);
#107 = AXIS2_PLACEMENT_3D('',#108,#109,#110);
#108 = CARTESIAN_POINT('',(-8.65,-2.025,8.35));
#109 = DIRECTION('',(0.707106781187,0.,0.707106781187));
#110 = DIRECTION('',(0.,-1.,-0.));
#111 = DEFINITIONAL_REPRESENTATION('',(#112),#116);
#112 = LINE('',#113,#114);
#113 = CARTESIAN_POINT('',(-0.,-0.212132034356));
#114 = VECTOR('',#115,1.);
#115 = DIRECTION('',(-1.,0.));
#116 = ( GEOMETRIC_REPRESENTATION_CONTEXT(2) 
PARAMETRIC_REPRESENTATION_CONTEXT() REPRESENTATION_CONTEXT('2D SPACE',''
  ) );
#117 = ORIENTED_EDGE('',*,*,#118,.F.);
#118 = EDGE_CURVE('',#119,#91,#121,.T.);
#119 = VERTEX_POINT('',#120);
#120 = CARTESIAN_POINT('',(8.8,2.325,8.5));
#121 = SURFACE_CURVE('',#122,(#126,#133),.PCURVE_S1.);
#122 = LINE('',#123,#124);
#123 = CARTESIAN_POINT('',(8.5,2.325,8.5));
#124 = VECTOR('',#125,1.);
#125 = DIRECTION('',(-1.,0.,0.));
#126 = PCURVE('',#66,#127);
#127 = DEFINITIONAL_REPRESENTATION('',(#128),#132);
#128 = LINE('',#129,#130);
#129 = CARTESIAN_POINT('',(18.405,5.69));
#130 = VECTOR('',#131,1.);
#131 = DIRECTION('',(-1.,0.));
#132 = ( GEOMETRIC_REPRESENTATION_CONTEXT(2) 
PARAMETRIC_REPRESENTATION_CONTEXT() REPRESENTATION_CONTEXT('2D SPACE',''
  ) );
#133 = PCURVE('',#134,#139);
#134 = PLANE('',#135);
#135 = AXIS2_PLACEMENT_3D('',#136,#137,#138);
#136 = CARTESIAN_POINT('',(8.5,2.175,8.35));
#137 = DIRECTION('',(0.,0.707106781187,-0.707106781187));
#138 = DIRECTION('',(1.,-0.,-0.));
#139 = DEFINITIONAL_REPRESENTATION('',(#140),#144);
#140 = LINE('',#141,#142);
#141 = CARTESIAN_POINT('',(-0.,-0.212132034356));
#142 = VECTOR('',#143,1.);
#143 = DIRECTION('',(-1.,0.));
#144 = ( GEOMETRIC_REPRESENTATION_CONTEXT(2) 
PARAMETRIC_REPRESENTATION_CONTEXT() REPRESENTATION_CONTEXT('2D SPACE',''
  ) );
#145 = ORIENTED_EDGE('',*,*,#146,.F.);
#146 = EDGE_CURVE('',#56,#119,#147,.T.);
#147 = SURFACE_CURVE('',#148,(#152,#159),.PCURVE_S1.);
#148 = LINE('',#149,#150);
#149 = CARTESIAN_POINT('',(8.8,-2.025,8.5));
#150 = VECTOR('',#151,1.);
#151 = DIRECTION('',(0.,1.,0.));
#152 = PCURVE('',#66,#153);
#153 = DEFINITIONAL_REPRESENTATION('',(#154),#158);
#154 = LINE('',#155,#156);
#155 = CARTESIAN_POINT('',(18.705,1.34));
#156 = VECTOR('',#157,1.);
#157 = DIRECTION('',(0.,1.));
#158 = ( GEOMETRIC_REPRESENTATION_CONTEXT(2) 
PARAMETRIC_REPRESENTATION_CONTEXT() REPRESENTATION_CONTEXT('2D SPACE',''
  ) );
#159 = PCURVE('',#160,#165);
#160 = PLANE('',#161);
#161 = AXIS2_PLACEMENT_3D('',#162,#163,#164);
#162 = CARTESIAN_POINT('',(8.65,-2.025,8.35));
#163 = DIRECTION('',(0.707106781187,0.,-0.707106781187));
#164 = DIRECTION('',(-0.,-1.,-0.));
#165 = DEFINITIONAL_REPRESENTATION('',(#166),#170);
#166 = LINE('',#167,#168);
#167 = CARTESIAN_POINT('',(-0.,-0.212132034356));
#168 = VECTOR('',#169,1.);
#169 = DIRECTION('',(-1.,0.));
#170 = ( GEOMETRIC_REPRESENTATION_CONTEXT(2) 
PARAMETRIC_REPRESENTATION_CONTEXT() REPRESENTATION_CONTEXT('2D SPACE',''
  ) );
#171 = FACE_BOUND('',#172,.T.);
#172 = EDGE_LOOP('',(#173,#203,#236,#264,#297,#325,#358,#386));
#173 = ORIENTED_EDGE('',*,*,#174,.F.);
#174 = EDGE_CURVE('',#175,#177,#179,.T.);
#175 = VERTEX_POINT('',#176);
#176 = CARTESIAN_POINT('',(-9.605,-2.765,8.5));
#177 = VERTEX_POINT('',#178);
#178 = CARTESIAN_POINT('',(-9.605,2.765,8.5));
#179 = SURFACE_CURVE('',#180,(#184,#191),.PCURVE_S1.);
#180 = LINE('',#181,#182);
#181 = CARTESIAN_POINT('',(-9.605,-2.765,8.5));
#182 = VECTOR('',#183,1.);
#183 = DIRECTION('',(0.,1.,0.));
#184 = PCURVE('',#66,#185);
#185 = DEFINITIONAL_REPRESENTATION('',(#186),#190);
#186 = LINE('',#187,#188);
#187 = CARTESIAN_POINT('',(0.3,0.6));
#188 = VECTOR('',#189,1.);
#189 = DIRECTION('',(0.,1.));
#190 = ( GEOMETRIC_REPRESENTATION_CONTEXT(2) 
PARAMETRIC_REPRESENTATION_CONTEXT() REPRESENTATION_CONTEXT('2D SPACE',''
  ) );
#191 = PCURVE('',#192,#197);
#192 = CYLINDRICAL_SURFACE('',#193,0.3);
#193 = AXIS2_PLACEMENT_3D('',#194,#195,#196);
#194 = CARTESIAN_POINT('',(-9.605,-2.765,8.2));
#195 = DIRECTION('',(0.,1.,0.));
#196 = DIRECTION('',(-1.,0.,0.));
#197 = DEFINITIONAL_REPRESENTATION('',(#198),#202);
#198 = LINE('',#199,#200);
#199 = CARTESIAN_POINT('',(1.570796326795,0.));
#200 = VECTOR('',#201,1.);
#201 = DIRECTION('',(0.,1.));
#202 = ( GEOMETRIC_REPRESENTATION_CONTEXT(2) 
PARAMETRIC_REPRESENTATION_CONTEXT() REPRESENTATION_CONTEXT('2D SPACE',''
  ) );
#203 = ORIENTED_EDGE('',*,*,#204,.F.);
#204 = EDGE_CURVE('',#205,#175,#207,.T.);
#205 = VERTEX_POINT('',#206);
#206 = CARTESIAN_POINT('',(-9.305,-3.065,8.5));
#207 = SURFACE_CURVE('',#208,(#213,#224),.PCURVE_S1.);
#208 = CIRCLE('',#209,0.3);
#209 = AXIS2_PLACEMENT_3D('',#210,#211,#212);
#210 = CARTESIAN_POINT('',(-9.305,-2.765,8.5));
#211 = DIRECTION('',(-0.,-0.,-1.));
#212 = DIRECTION('',(0.,-1.,0.));
#213 = PCURVE('',#66,#214);
#214 = DEFINITIONAL_REPRESENTATION('',(#215),#223);
#215 = ( BOUNDED_CURVE() B_SPLINE_CURVE(2,(#216,#217,#218,#219,#220,#221
,#222),.UNSPECIFIED.,.T.,.F.) B_SPLINE_CURVE_WITH_KNOTS((1,2,2,2,2,1),(
    -2.094395102393,0.,2.094395102393,4.188790204786,6.28318530718,
8.377580409573),.UNSPECIFIED.) CURVE() GEOMETRIC_REPRESENTATION_ITEM() 
RATIONAL_B_SPLINE_CURVE((1.,0.5,1.,0.5,1.,0.5,1.)) REPRESENTATION_ITEM(
  '') );
#216 = CARTESIAN_POINT('',(0.6,0.3));
#217 = CARTESIAN_POINT('',(8.038475772934E-02,0.3));
#218 = CARTESIAN_POINT('',(0.340192378865,0.75));
#219 = CARTESIAN_POINT('',(0.6,1.2));
#220 = CARTESIAN_POINT('',(0.859807621135,0.75));
#221 = CARTESIAN_POINT('',(1.119615242271,0.3));
#222 = CARTESIAN_POINT('',(0.6,0.3));
#223 = ( GEOMETRIC_REPRESENTATION_CONTEXT(2) 
PARAMETRIC_REPRESENTATION_CONTEXT() REPRESENTATION_CONTEXT('2D SPACE',''
  ) );
#224 = PCURVE('',#225,#230);
#225 = TOROIDAL_SURFACE('',#226,0.3,0.3);
#226 = AXIS2_PLACEMENT_3D('',#227,#228,#229);
#227 = CARTESIAN_POINT('',(-9.305,-2.765,8.2));
#228 = DIRECTION('',(0.,0.,1.));
#229 = DIRECTION('',(0.,-1.,0.));
#230 = DEFINITIONAL_REPRESENTATION('',(#231),#235);
#231 = LINE('',#232,#233);
#232 = CARTESIAN_POINT('',(-0.,1.570796326795));
#233 = VECTOR('',#234,1.);
#234 = DIRECTION('',(-1.,0.));
#235 = ( GEOMETRIC_REPRESENTATION_CONTEXT(2) 
PARAMETRIC_REPRESENTATION_CONTEXT() REPRESENTATION_CONTEXT('2D SPACE',''
  ) );
#236 = ORIENTED_EDGE('',*,*,#237,.F.);
#237 = EDGE_CURVE('',#238,#205,#240,.T.);
#238 = VERTEX_POINT('',#239);
#239 = CARTESIAN_POINT('',(9.305,-3.065,8.5));
#240 = SURFACE_CURVE('',#241,(#245,#252),.PCURVE_S1.);
#241 = LINE('',#242,#243);
#242 = CARTESIAN_POINT('',(9.305,-3.065,8.5));
#243 = VECTOR('',#244,1.);
#244 = DIRECTION('',(-1.,-0.,-0.));
#245 = PCURVE('',#66,#246);
#246 = DEFINITIONAL_REPRESENTATION('',(#247),#251);
#247 = LINE('',#248,#249);
#248 = CARTESIAN_POINT('',(19.21,0.3));
#249 = VECTOR('',#250,1.);
#250 = DIRECTION('',(-1.,-0.));
#251 = ( GEOMETRIC_REPRESENTATION_CONTEXT(2) 
PARAMETRIC_REPRESENTATION_CONTEXT() REPRESENTATION_CONTEXT('2D SPACE',''
  ) );
#252 = PCURVE('',#253,#258);
#253 = CYLINDRICAL_SURFACE('',#254,0.3);
#254 = AXIS2_PLACEMENT_3D('',#255,#256,#257);
#255 = CARTESIAN_POINT('',(9.305,-3.065,8.2));
#256 = DIRECTION('',(-1.,-0.,-0.));
#257 = DIRECTION('',(0.,-1.,0.));
#258 = DEFINITIONAL_REPRESENTATION('',(#259),#263);
#259 = LINE('',#260,#261);
#260 = CARTESIAN_POINT('',(1.570796326795,0.));
#261 = VECTOR('',#262,1.);
#262 = DIRECTION('',(0.,1.));
#263 = ( GEOMETRIC_REPRESENTATION_CONTEXT(2) 
PARAMETRIC_REPRESENTATION_CONTEXT() REPRESENTATION_CONTEXT('2D SPACE',''
  ) );
#264 = ORIENTED_EDGE('',*,*,#265,.F.);
#265 = EDGE_CURVE('',#266,#238,#268,.T.);
#266 = VERTEX_POINT('',#267);
#267 = CARTESIAN_POINT('',(9.605,-2.765,8.5));
#268 = SURFACE_CURVE('',#269,(#274,#285),.PCURVE_S1.);
#269 = CIRCLE('',#270,0.3);
#270 = AXIS2_PLACEMENT_3D('',#271,#272,#273);
#271 = CARTESIAN_POINT('',(9.305,-2.765,8.5));
#272 = DIRECTION('',(0.,-0.,-1.));
#273 = DIRECTION('',(1.,0.,-0.));
#274 = PCURVE('',#66,#275);
#275 = DEFINITIONAL_REPRESENTATION('',(#276),#284);
#276 = ( BOUNDED_CURVE() B_SPLINE_CURVE(2,(#277,#278,#279,#280,#281,#282
,#283),.UNSPECIFIED.,.T.,.F.) B_SPLINE_CURVE_WITH_KNOTS((1,2,2,2,2,1),(
    -2.094395102393,0.,2.094395102393,4.188790204786,6.28318530718,
8.377580409573),.UNSPECIFIED.) CURVE() GEOMETRIC_REPRESENTATION_ITEM() 
RATIONAL_B_SPLINE_CURVE((1.,0.5,1.,0.5,1.,0.5,1.)) REPRESENTATION_ITEM(
  '') );
#277 = CARTESIAN_POINT('',(19.51,0.6));
#278 = CARTESIAN_POINT('',(19.51,8.038475772934E-02));
#279 = CARTESIAN_POINT('',(19.06,0.340192378865));
#280 = CARTESIAN_POINT('',(18.61,0.6));
#281 = CARTESIAN_POINT('',(19.06,0.859807621135));
#282 = CARTESIAN_POINT('',(19.51,1.119615242271));
#283 = CARTESIAN_POINT('',(19.51,0.6));
#284 = ( GEOMETRIC_REPRESENTATION_CONTEXT(2) 
PARAMETRIC_REPRESENTATION_CONTEXT() REPRESENTATION_CONTEXT('2D SPACE',''
  ) );
#285 = PCURVE('',#286,#291);
#286 = TOROIDAL_SURFACE('',#287,0.3,0.3);
#287 = AXIS2_PLACEMENT_3D('',#288,#289,#290);
#288 = CARTESIAN_POINT('',(9.305,-2.765,8.2));
#289 = DIRECTION('',(0.,0.,1.));
#290 = DIRECTION('',(1.,0.,-0.));
#291 = DEFINITIONAL_REPRESENTATION('',(#292),#296);
#292 = LINE('',#293,#294);
#293 = CARTESIAN_POINT('',(-0.,1.570796326795));
#294 = VECTOR('',#295,1.);
#295 = DIRECTION('',(-1.,0.));
#296 = ( GEOMETRIC_REPRESENTATION_CONTEXT(2) 
PARAMETRIC_REPRESENTATION_CONTEXT() REPRESENTATION_CONTEXT('2D SPACE',''
  ) );
#297 = ORIENTED_EDGE('',*,*,#298,.F.);
#298 = EDGE_CURVE('',#299,#266,#301,.T.);
#299 = VERTEX_POINT('',#300);
#300 = CARTESIAN_POINT('',(9.605,2.765,8.5));
#301 = SURFACE_CURVE('',#302,(#306,#313),.PCURVE_S1.);
#302 = LINE('',#303,#304);
#303 = CARTESIAN_POINT('',(9.605,2.765,8.5));
#304 = VECTOR('',#305,1.);
#305 = DIRECTION('',(-0.,-1.,-0.));
#306 = PCURVE('',#66,#307);
#307 = DEFINITIONAL_REPRESENTATION('',(#308),#312);
#308 = LINE('',#309,#310);
#309 = CARTESIAN_POINT('',(19.51,6.13));
#310 = VECTOR('',#311,1.);
#311 = DIRECTION('',(-0.,-1.));
#312 = ( GEOMETRIC_REPRESENTATION_CONTEXT(2) 
PARAMETRIC_REPRESENTATION_CONTEXT() REPRESENTATION_CONTEXT('2D SPACE',''
  ) );
#313 = PCURVE('',#314,#319);
#314 = CYLINDRICAL_SURFACE('',#315,0.3);
#315 = AXIS2_PLACEMENT_3D('',#316,#317,#318);
#316 = CARTESIAN_POINT('',(9.605,2.765,8.2));
#317 = DIRECTION('',(-0.,-1.,-0.));
#318 = DIRECTION('',(1.,0.,-0.));
#319 = DEFINITIONAL_REPRESENTATION('',(#320),#324);
#320 = LINE('',#321,#322);
#321 = CARTESIAN_POINT('',(1.570796326795,0.));
#322 = VECTOR('',#323,1.);
#323 = DIRECTION('',(0.,1.));
#324 = ( GEOMETRIC_REPRESENTATION_CONTEXT(2) 
PARAMETRIC_REPRESENTATION_CONTEXT() REPRESENTATION_CONTEXT('2D SPACE',''
  ) );
#325 = ORIENTED_EDGE('',*,*,#326,.F.);
#326 = EDGE_CURVE('',#327,#299,#329,.T.);
#327 = VERTEX_POINT('',#328);
#328 = CARTESIAN_POINT('',(9.305,3.065,8.5));
#329 = SURFACE_CURVE('',#330,(#335,#346),.PCURVE_S1.);
#330 = CIRCLE('',#331,0.3);
#331 = AXIS2_PLACEMENT_3D('',#332,#333,#334);
#332 = CARTESIAN_POINT('',(9.305,2.765,8.5));
#333 = DIRECTION('',(-0.,0.,-1.));
#334 = DIRECTION('',(-2.960594732334E-15,1.,0.));
#335 = PCURVE('',#66,#336);
#336 = DEFINITIONAL_REPRESENTATION('',(#337),#345);
#337 = ( BOUNDED_CURVE() B_SPLINE_CURVE(2,(#338,#339,#340,#341,#342,#343
,#344),.UNSPECIFIED.,.T.,.F.) B_SPLINE_CURVE_WITH_KNOTS((1,2,2,2,2,1),(
    -2.094395102393,0.,2.094395102393,4.188790204786,6.28318530718,
8.377580409573),.UNSPECIFIED.) CURVE() GEOMETRIC_REPRESENTATION_ITEM() 
RATIONAL_B_SPLINE_CURVE((1.,0.5,1.,0.5,1.,0.5,1.)) REPRESENTATION_ITEM(
  '') );
#338 = CARTESIAN_POINT('',(19.21,6.43));
#339 = CARTESIAN_POINT('',(19.729615242271,6.43));
#340 = CARTESIAN_POINT('',(19.469807621135,5.98));
#341 = CARTESIAN_POINT('',(19.21,5.53));
#342 = CARTESIAN_POINT('',(18.950192378865,5.98));
#343 = CARTESIAN_POINT('',(18.690384757729,6.43));
#344 = CARTESIAN_POINT('',(19.21,6.43));
#345 = ( GEOMETRIC_REPRESENTATION_CONTEXT(2) 
PARAMETRIC_REPRESENTATION_CONTEXT() REPRESENTATION_CONTEXT('2D SPACE',''
  ) );
#346 = PCURVE('',#347,#352);
#347 = TOROIDAL_SURFACE('',#348,0.3,0.3);
#348 = AXIS2_PLACEMENT_3D('',#349,#350,#351);
#349 = CARTESIAN_POINT('',(9.305,2.765,8.2));
#350 = DIRECTION('',(0.,0.,1.));
#351 = DIRECTION('',(-2.960594732334E-15,1.,0.));
#352 = DEFINITIONAL_REPRESENTATION('',(#353),#357);
#353 = LINE('',#354,#355);
#354 = CARTESIAN_POINT('',(-0.,1.570796326795));
#355 = VECTOR('',#356,1.);
#356 = DIRECTION('',(-1.,0.));
#357 = ( GEOMETRIC_REPRESENTATION_CONTEXT(2) 
PARAMETRIC_REPRESENTATION_CONTEXT() REPRESENTATION_CONTEXT('2D SPACE',''
  ) );
#358 = ORIENTED_EDGE('',*,*,#359,.F.);
#359 = EDGE_CURVE('',#360,#327,#362,.T.);
#360 = VERTEX_POINT('',#361);
#361 = CARTESIAN_POINT('',(-9.305,3.065,8.5));
#362 = SURFACE_CURVE('',#363,(#367,#374),.PCURVE_S1.);
#363 = LINE('',#364,#365);
#364 = CARTESIAN_POINT('',(-9.305,3.065,8.5));
#365 = VECTOR('',#366,1.);
#366 = DIRECTION('',(1.,0.,0.));
#367 = PCURVE('',#66,#368);
#368 = DEFINITIONAL_REPRESENTATION('',(#369),#373);
#369 = LINE('',#370,#371);
#370 = CARTESIAN_POINT('',(0.6,6.43));
#371 = VECTOR('',#372,1.);
#372 = DIRECTION('',(1.,0.));
#373 = ( GEOMETRIC_REPRESENTATION_CONTEXT(2) 
PARAMETRIC_REPRESENTATION_CONTEXT() REPRESENTATION_CONTEXT('2D SPACE',''
  ) );
#374 = PCURVE('',#375,#380);
#375 = CYLINDRICAL_SURFACE('',#376,0.3);
#376 = AXIS2_PLACEMENT_3D('',#377,#378,#379);
#377 = CARTESIAN_POINT('',(-9.305,3.065,8.2));
#378 = DIRECTION('',(1.,0.,0.));
#379 = DIRECTION('',(-0.,1.,0.));
#380 = DEFINITIONAL_REPRESENTATION('',(#381),#385);
#381 = LINE('',#382,#383);
#382 = CARTESIAN_POINT('',(1.570796326795,0.));
#383 = VECTOR('',#384,1.);
#384 = DIRECTION('',(0.,1.));
#385 = ( GEOMETRIC_REPRESENTATION_CONTEXT(2) 
PARAMETRIC_REPRESENTATION_CONTEXT() REPRESENTATION_CONTEXT('2D SPACE',''
  ) );
#386 = ORIENTED_EDGE('',*,*,#387,.F.);
#387 = EDGE_CURVE('',#177,#360,#388,.T.);
#388 = SURFACE_CURVE('',#389,(#394,#405),.PCURVE_S1.);
#389 = CIRCLE('',#390,0.3);
#390 = AXIS2_PLACEMENT_3D('',#391,#392,#393);
#391 = CARTESIAN_POINT('',(-9.305,2.765,8.5));
#392 = DIRECTION('',(-0.,0.,-1.));
#393 = DIRECTION('',(-1.,0.,0.));
#394 = PCURVE('',#66,#395);
#395 = DEFINITIONAL_REPRESENTATION('',(#396),#404);
#396 = ( BOUNDED_CURVE() B_SPLINE_CURVE(2,(#397,#398,#399,#400,#401,#402
,#403),.UNSPECIFIED.,.T.,.F.) B_SPLINE_CURVE_WITH_KNOTS((1,2,2,2,2,1),(
    -2.094395102393,0.,2.094395102393,4.188790204786,6.28318530718,
8.377580409573),.UNSPECIFIED.) CURVE() GEOMETRIC_REPRESENTATION_ITEM() 
RATIONAL_B_SPLINE_CURVE((1.,0.5,1.,0.5,1.,0.5,1.)) REPRESENTATION_ITEM(
  '') );
#397 = CARTESIAN_POINT('',(0.3,6.13));
#398 = CARTESIAN_POINT('',(0.3,6.649615242271));
#399 = CARTESIAN_POINT('',(0.75,6.389807621135));
#400 = CARTESIAN_POINT('',(1.2,6.13));
#401 = CARTESIAN_POINT('',(0.75,5.870192378865));
#402 = CARTESIAN_POINT('',(0.3,5.610384757729));
#403 = CARTESIAN_POINT('',(0.3,6.13));
#404 = ( GEOMETRIC_REPRESENTATION_CONTEXT(2) 
PARAMETRIC_REPRESENTATION_CONTEXT() REPRESENTATION_CONTEXT('2D SPACE',''
  ) );
#405 = PCURVE('',#406,#411);
#406 = TOROIDAL_SURFACE('',#407,0.3,0.3);
#407 = AXIS2_PLACEMENT_3D('',#408,#409,#410);
#408 = CARTESIAN_POINT('',(-9.305,2.765,8.2));
#409 = DIRECTION('',(0.,0.,1.));
#410 = DIRECTION('',(-1.,0.,0.));
#411 = DEFINITIONAL_REPRESENTATION('',(#412),#416);
#412 = LINE('',#413,#414);
#413 = CARTESIAN_POINT('',(-0.,1.570796326795));
#414 = VECTOR('',#415,1.);
#415 = DIRECTION('',(-1.,0.));
#416 = ( GEOMETRIC_REPRESENTATION_CONTEXT(2) 
PARAMETRIC_REPRESENTATION_CONTEXT() REPRESENTATION_CONTEXT('2D SPACE',''
  ) );
#417 = ADVANCED_FACE('',(#418),#78,.T.);
#418 = FACE_BOUND('',#419,.F.);
#419 = EDGE_LOOP('',(#420,#443,#444,#467));
#420 = ORIENTED_EDGE('',*,*,#421,.F.);
#421 = EDGE_CURVE('',#56,#422,#424,.T.);
#422 = VERTEX_POINT('',#423);
#423 = CARTESIAN_POINT('',(8.5,-2.025,8.2));
#424 = SURFACE_CURVE('',#425,(#429,#436),.PCURVE_S1.);
#425 = LINE('',#426,#427);
#426 = CARTESIAN_POINT('',(8.6,-2.125,8.3));
#427 = VECTOR('',#428,1.);
#428 = DIRECTION('',(-0.57735026919,0.57735026919,-0.57735026919));
#429 = PCURVE('',#78,#430);
#430 = DEFINITIONAL_REPRESENTATION('',(#431),#435);
#431 = LINE('',#432,#433);
#432 = CARTESIAN_POINT('',(0.1,7.071067811865E-02));
#433 = VECTOR('',#434,1.);
#434 = DIRECTION('',(-0.57735026919,0.816496580928));
#435 = ( GEOMETRIC_REPRESENTATION_CONTEXT(2) 
PARAMETRIC_REPRESENTATION_CONTEXT() REPRESENTATION_CONTEXT('2D SPACE',''
  ) );
#436 = PCURVE('',#160,#437);
#437 = DEFINITIONAL_REPRESENTATION('',(#438),#442);
#438 = LINE('',#439,#440);
#439 = CARTESIAN_POINT('',(0.1,7.071067811865E-02));
#440 = VECTOR('',#441,1.);
#441 = DIRECTION('',(-0.57735026919,0.816496580928));
#442 = ( GEOMETRIC_REPRESENTATION_CONTEXT(2) 
PARAMETRIC_REPRESENTATION_CONTEXT() REPRESENTATION_CONTEXT('2D SPACE',''
  ) );
#443 = ORIENTED_EDGE('',*,*,#55,.T.);
#444 = ORIENTED_EDGE('',*,*,#445,.T.);
#445 = EDGE_CURVE('',#58,#446,#448,.T.);
#446 = VERTEX_POINT('',#447);
#447 = CARTESIAN_POINT('',(-8.5,-2.025,8.2));
#448 = SURFACE_CURVE('',#449,(#453,#460),.PCURVE_S1.);
#449 = LINE('',#450,#451);
#450 = CARTESIAN_POINT('',(-5.766666666667,0.708333333333,5.466666666667
    ));
#451 = VECTOR('',#452,1.);
#452 = DIRECTION('',(0.57735026919,0.57735026919,-0.57735026919));
#453 = PCURVE('',#78,#454);
#454 = DEFINITIONAL_REPRESENTATION('',(#455),#459);
#455 = LINE('',#456,#457);
#456 = CARTESIAN_POINT('',(-14.26666666666,4.077649104842));
#457 = VECTOR('',#458,1.);
#458 = DIRECTION('',(0.57735026919,0.816496580928));
#459 = ( GEOMETRIC_REPRESENTATION_CONTEXT(2) 
PARAMETRIC_REPRESENTATION_CONTEXT() REPRESENTATION_CONTEXT('2D SPACE',''
  ) );
#460 = PCURVE('',#106,#461);
#461 = DEFINITIONAL_REPRESENTATION('',(#462),#466);
#462 = LINE('',#463,#464);
#463 = CARTESIAN_POINT('',(-2.733333333333,4.077649104842));
#464 = VECTOR('',#465,1.);
#465 = DIRECTION('',(-0.57735026919,0.816496580928));
#466 = ( GEOMETRIC_REPRESENTATION_CONTEXT(2) 
PARAMETRIC_REPRESENTATION_CONTEXT() REPRESENTATION_CONTEXT('2D SPACE',''
  ) );
#467 = ORIENTED_EDGE('',*,*,#468,.F.);
#468 = EDGE_CURVE('',#422,#446,#469,.T.);
#469 = SURFACE_CURVE('',#470,(#474,#481),.PCURVE_S1.);
#470 = LINE('',#471,#472);
#471 = CARTESIAN_POINT('',(8.5,-2.025,8.2));
#472 = VECTOR('',#473,1.);
#473 = DIRECTION('',(-1.,0.,0.));
#474 = PCURVE('',#78,#475);
#475 = DEFINITIONAL_REPRESENTATION('',(#476),#480);
#476 = LINE('',#477,#478);
#477 = CARTESIAN_POINT('',(-0.,0.212132034356));
#478 = VECTOR('',#479,1.);
#479 = DIRECTION('',(-1.,0.));
#480 = ( GEOMETRIC_REPRESENTATION_CONTEXT(2) 
PARAMETRIC_REPRESENTATION_CONTEXT() REPRESENTATION_CONTEXT('2D SPACE',''
  ) );
#481 = PCURVE('',#482,#487);
#482 = PLANE('',#483);
#483 = AXIS2_PLACEMENT_3D('',#484,#485,#486);
#484 = CARTESIAN_POINT('',(-8.5,-2.025,1.6));
#485 = DIRECTION('',(0.,1.,0.));
#486 = DIRECTION('',(0.,0.,1.));
#487 = DEFINITIONAL_REPRESENTATION('',(#488),#492);
#488 = LINE('',#489,#490);
#489 = CARTESIAN_POINT('',(6.6,17.));
#490 = VECTOR('',#491,1.);
#491 = DIRECTION('',(0.,-1.));
#492 = ( GEOMETRIC_REPRESENTATION_CONTEXT(2) 
PARAMETRIC_REPRESENTATION_CONTEXT() REPRESENTATION_CONTEXT('2D SPACE',''
  ) );
#493 = ADVANCED_FACE('',(#494),#160,.F.);
#494 = FACE_BOUND('',#495,.T.);
#495 = EDGE_LOOP('',(#496,#497,#498,#521));
#496 = ORIENTED_EDGE('',*,*,#421,.F.);
#497 = ORIENTED_EDGE('',*,*,#146,.T.);
#498 = ORIENTED_EDGE('',*,*,#499,.T.);
#499 = EDGE_CURVE('',#119,#500,#502,.T.);
#500 = VERTEX_POINT('',#501);
#501 = CARTESIAN_POINT('',(8.5,2.025,8.2));
#502 = SURFACE_CURVE('',#503,(#507,#514),.PCURVE_S1.);
#503 = LINE('',#504,#505);
#504 = CARTESIAN_POINT('',(7.925,1.45,7.625));
#505 = VECTOR('',#506,1.);
#506 = DIRECTION('',(-0.57735026919,-0.57735026919,-0.57735026919));
#507 = PCURVE('',#160,#508);
#508 = DEFINITIONAL_REPRESENTATION('',(#509),#513);
#509 = LINE('',#510,#511);
#510 = CARTESIAN_POINT('',(-3.475,1.02530483272));
#511 = VECTOR('',#512,1.);
#512 = DIRECTION('',(0.57735026919,0.816496580928));
#513 = ( GEOMETRIC_REPRESENTATION_CONTEXT(2) 
PARAMETRIC_REPRESENTATION_CONTEXT() REPRESENTATION_CONTEXT('2D SPACE',''
  ) );
#514 = PCURVE('',#134,#515);
#515 = DEFINITIONAL_REPRESENTATION('',(#516),#520);
#516 = LINE('',#517,#518);
#517 = CARTESIAN_POINT('',(-0.575,1.02530483272));
#518 = VECTOR('',#519,1.);
#519 = DIRECTION('',(-0.57735026919,0.816496580928));
#520 = ( GEOMETRIC_REPRESENTATION_CONTEXT(2) 
PARAMETRIC_REPRESENTATION_CONTEXT() REPRESENTATION_CONTEXT('2D SPACE',''
  ) );
#521 = ORIENTED_EDGE('',*,*,#522,.F.);
#522 = EDGE_CURVE('',#422,#500,#523,.T.);
#523 = SURFACE_CURVE('',#524,(#528,#535),.PCURVE_S1.);
#524 = LINE('',#525,#526);
#525 = CARTESIAN_POINT('',(8.5,-2.025,8.2));
#526 = VECTOR('',#527,1.);
#527 = DIRECTION('',(0.,1.,0.));
#528 = PCURVE('',#160,#529);
#529 = DEFINITIONAL_REPRESENTATION('',(#530),#534);
#530 = LINE('',#531,#532);
#531 = CARTESIAN_POINT('',(-0.,0.212132034356));
#532 = VECTOR('',#533,1.);
#533 = DIRECTION('',(-1.,0.));
#534 = ( GEOMETRIC_REPRESENTATION_CONTEXT(2) 
PARAMETRIC_REPRESENTATION_CONTEXT() REPRESENTATION_CONTEXT('2D SPACE',''
  ) );
#535 = PCURVE('',#536,#541);
#536 = PLANE('',#537);
#537 = AXIS2_PLACEMENT_3D('',#538,#539,#540);
#538 = CARTESIAN_POINT('',(8.5,-2.025,1.6));
#539 = DIRECTION('',(1.,0.,0.));
#540 = DIRECTION('',(0.,0.,1.));
#541 = DEFINITIONAL_REPRESENTATION('',(#542),#546);
#542 = LINE('',#543,#544);
#543 = CARTESIAN_POINT('',(6.6,0.));
#544 = VECTOR('',#545,1.);
#545 = DIRECTION('',(0.,-1.));
#546 = ( GEOMETRIC_REPRESENTATION_CONTEXT(2) 
PARAMETRIC_REPRESENTATION_CONTEXT() REPRESENTATION_CONTEXT('2D SPACE',''
  ) );
#547 = ADVANCED_FACE('',(#548),#106,.T.);
#548 = FACE_BOUND('',#549,.F.);
#549 = EDGE_LOOP('',(#550,#551,#552,#575));
#550 = ORIENTED_EDGE('',*,*,#445,.F.);
#551 = ORIENTED_EDGE('',*,*,#90,.T.);
#552 = ORIENTED_EDGE('',*,*,#553,.T.);
#553 = EDGE_CURVE('',#91,#554,#556,.T.);
#554 = VERTEX_POINT('',#555);
#555 = CARTESIAN_POINT('',(-8.5,2.025,8.2));
#556 = SURFACE_CURVE('',#557,(#561,#568),.PCURVE_S1.);
#557 = LINE('',#558,#559);
#558 = CARTESIAN_POINT('',(-5.091666666667,-1.383333333333,
    4.791666666667));
#559 = VECTOR('',#560,1.);
#560 = DIRECTION('',(0.57735026919,-0.57735026919,-0.57735026919));
#561 = PCURVE('',#106,#562);
#562 = DEFINITIONAL_REPRESENTATION('',(#563),#567);
#563 = LINE('',#564,#565);
#564 = CARTESIAN_POINT('',(-0.641666666667,5.032243259444));
#565 = VECTOR('',#566,1.);
#566 = DIRECTION('',(0.57735026919,0.816496580928));
#567 = ( GEOMETRIC_REPRESENTATION_CONTEXT(2) 
PARAMETRIC_REPRESENTATION_CONTEXT() REPRESENTATION_CONTEXT('2D SPACE',''
  ) );
#568 = PCURVE('',#134,#569);
#569 = DEFINITIONAL_REPRESENTATION('',(#570),#574);
#570 = LINE('',#571,#572);
#571 = CARTESIAN_POINT('',(-13.59166666666,5.032243259444));
#572 = VECTOR('',#573,1.);
#573 = DIRECTION('',(0.57735026919,0.816496580928));
#574 = ( GEOMETRIC_REPRESENTATION_CONTEXT(2) 
PARAMETRIC_REPRESENTATION_CONTEXT() REPRESENTATION_CONTEXT('2D SPACE',''
  ) );
#575 = ORIENTED_EDGE('',*,*,#576,.F.);
#576 = EDGE_CURVE('',#446,#554,#577,.T.);
#577 = SURFACE_CURVE('',#578,(#582,#589),.PCURVE_S1.);
#578 = LINE('',#579,#580);
#579 = CARTESIAN_POINT('',(-8.5,-2.025,8.2));
#580 = VECTOR('',#581,1.);
#581 = DIRECTION('',(0.,1.,0.));
#582 = PCURVE('',#106,#583);
#583 = DEFINITIONAL_REPRESENTATION('',(#584),#588);
#584 = LINE('',#585,#586);
#585 = CARTESIAN_POINT('',(-0.,0.212132034356));
#586 = VECTOR('',#587,1.);
#587 = DIRECTION('',(-1.,0.));
#588 = ( GEOMETRIC_REPRESENTATION_CONTEXT(2) 
PARAMETRIC_REPRESENTATION_CONTEXT() REPRESENTATION_CONTEXT('2D SPACE',''
  ) );
#589 = PCURVE('',#590,#595);
#590 = PLANE('',#591);
#591 = AXIS2_PLACEMENT_3D('',#592,#593,#594);
#592 = CARTESIAN_POINT('',(-8.5,-2.025,1.6));
#593 = DIRECTION('',(1.,0.,0.));
#594 = DIRECTION('',(0.,0.,1.));
#595 = DEFINITIONAL_REPRESENTATION('',(#596),#600);
#596 = LINE('',#597,#598);
#597 = CARTESIAN_POINT('',(6.6,0.));
#598 = VECTOR('',#599,1.);
#599 = DIRECTION('',(0.,-1.));
#600 = ( GEOMETRIC_REPRESENTATION_CONTEXT(2) 
PARAMETRIC_REPRESENTATION_CONTEXT() REPRESENTATION_CONTEXT('2D SPACE',''
  ) );
#601 = ADVANCED_FACE('',(#602),#134,.F.);
#602 = FACE_BOUND('',#603,.T.);
#603 = EDGE_LOOP('',(#604,#605,#606,#607));
#604 = ORIENTED_EDGE('',*,*,#499,.F.);
#605 = ORIENTED_EDGE('',*,*,#118,.T.);
#606 = ORIENTED_EDGE('',*,*,#553,.T.);
#607 = ORIENTED_EDGE('',*,*,#608,.F.);
#608 = EDGE_CURVE('',#500,#554,#609,.T.);
#609 = SURFACE_CURVE('',#610,(#614,#621),.PCURVE_S1.);
#610 = LINE('',#611,#612);
#611 = CARTESIAN_POINT('',(8.5,2.025,8.2));
#612 = VECTOR('',#613,1.);
#613 = DIRECTION('',(-1.,0.,0.));
#614 = PCURVE('',#134,#615);
#615 = DEFINITIONAL_REPRESENTATION('',(#616),#620);
#616 = LINE('',#617,#618);
#617 = CARTESIAN_POINT('',(-0.,0.212132034356));
#618 = VECTOR('',#619,1.);
#619 = DIRECTION('',(-1.,0.));
#620 = ( GEOMETRIC_REPRESENTATION_CONTEXT(2) 
PARAMETRIC_REPRESENTATION_CONTEXT() REPRESENTATION_CONTEXT('2D SPACE',''
  ) );
#621 = PCURVE('',#622,#627);
#622 = PLANE('',#623);
#623 = AXIS2_PLACEMENT_3D('',#624,#625,#626);
#624 = CARTESIAN_POINT('',(-8.5,2.025,1.6));
#625 = DIRECTION('',(0.,1.,0.));
#626 = DIRECTION('',(0.,0.,1.));
#627 = DEFINITIONAL_REPRESENTATION('',(#628),#632);
#628 = LINE('',#629,#630);
#629 = CARTESIAN_POINT('',(6.6,17.));
#630 = VECTOR('',#631,1.);
#631 = DIRECTION('',(0.,-1.));
#632 = ( GEOMETRIC_REPRESENTATION_CONTEXT(2) 
PARAMETRIC_REPRESENTATION_CONTEXT() REPRESENTATION_CONTEXT('2D SPACE',''
  ) );
#633 = ADVANCED_FACE('',(#634),#192,.T.);
#634 = FACE_BOUND('',#635,.T.);
#635 = EDGE_LOOP('',(#636,#658,#659,#681));
#636 = ORIENTED_EDGE('',*,*,#637,.T.);
#637 = EDGE_CURVE('',#638,#175,#640,.T.);
#638 = VERTEX_POINT('',#639);
#639 = CARTESIAN_POINT('',(-9.905,-2.765,8.2));
#640 = SURFACE_CURVE('',#641,(#646,#652),.PCURVE_S1.);
#641 = CIRCLE('',#642,0.3);
#642 = AXIS2_PLACEMENT_3D('',#643,#644,#645);
#643 = CARTESIAN_POINT('',(-9.605,-2.765,8.2));
#644 = DIRECTION('',(0.,1.,0.));
#645 = DIRECTION('',(-1.,0.,0.));
#646 = PCURVE('',#192,#647);
#647 = DEFINITIONAL_REPRESENTATION('',(#648),#651);
#648 = B_SPLINE_CURVE_WITH_KNOTS('',1,(#649,#650),.UNSPECIFIED.,.F.,.F.,
  (2,2),(0.,1.570796326795),.PIECEWISE_BEZIER_KNOTS.);
#649 = CARTESIAN_POINT('',(0.,0.));
#650 = CARTESIAN_POINT('',(1.570796326795,0.));
#651 = ( GEOMETRIC_REPRESENTATION_CONTEXT(2) 
PARAMETRIC_REPRESENTATION_CONTEXT() REPRESENTATION_CONTEXT('2D SPACE',''
  ) );
#652 = PCURVE('',#225,#653);
#653 = DEFINITIONAL_REPRESENTATION('',(#654),#657);
#654 = B_SPLINE_CURVE_WITH_KNOTS('',1,(#655,#656),.UNSPECIFIED.,.F.,.F.,
  (2,2),(0.,1.570796326795),.PIECEWISE_BEZIER_KNOTS.);
#655 = CARTESIAN_POINT('',(-1.570796326795,0.));
#656 = CARTESIAN_POINT('',(-1.570796326795,1.570796326795));
#657 = ( GEOMETRIC_REPRESENTATION_CONTEXT(2) 
PARAMETRIC_REPRESENTATION_CONTEXT() REPRESENTATION_CONTEXT('2D SPACE',''
  ) );
#658 = ORIENTED_EDGE('',*,*,#174,.T.);
#659 = ORIENTED_EDGE('',*,*,#660,.F.);
#660 = EDGE_CURVE('',#661,#177,#663,.T.);
#661 = VERTEX_POINT('',#662);
#662 = CARTESIAN_POINT('',(-9.905,2.765,8.2));
#663 = SURFACE_CURVE('',#664,(#669,#675),.PCURVE_S1.);
#664 = CIRCLE('',#665,0.3);
#665 = AXIS2_PLACEMENT_3D('',#666,#667,#668);
#666 = CARTESIAN_POINT('',(-9.605,2.765,8.2));
#667 = DIRECTION('',(0.,1.,0.));
#668 = DIRECTION('',(-1.,0.,0.));
#669 = PCURVE('',#192,#670);
#670 = DEFINITIONAL_REPRESENTATION('',(#671),#674);
#671 = B_SPLINE_CURVE_WITH_KNOTS('',1,(#672,#673),.UNSPECIFIED.,.F.,.F.,
  (2,2),(0.,1.570796326795),.PIECEWISE_BEZIER_KNOTS.);
#672 = CARTESIAN_POINT('',(0.,5.53));
#673 = CARTESIAN_POINT('',(1.570796326795,5.53));
#674 = ( GEOMETRIC_REPRESENTATION_CONTEXT(2) 
PARAMETRIC_REPRESENTATION_CONTEXT() REPRESENTATION_CONTEXT('2D SPACE',''
  ) );
#675 = PCURVE('',#406,#676);
#676 = DEFINITIONAL_REPRESENTATION('',(#677),#680);
#677 = B_SPLINE_CURVE_WITH_KNOTS('',1,(#678,#679),.UNSPECIFIED.,.F.,.F.,
  (2,2),(0.,1.570796326795),.PIECEWISE_BEZIER_KNOTS.);
#678 = CARTESIAN_POINT('',(0.,0.));
#679 = CARTESIAN_POINT('',(0.,1.570796326795));
#680 = ( GEOMETRIC_REPRESENTATION_CONTEXT(2) 
PARAMETRIC_REPRESENTATION_CONTEXT() REPRESENTATION_CONTEXT('2D SPACE',''
  ) );
#681 = ORIENTED_EDGE('',*,*,#682,.F.);
#682 = EDGE_CURVE('',#638,#661,#683,.T.);
#683 = SURFACE_CURVE('',#684,(#688,#695),.PCURVE_S1.);
#684 = LINE('',#685,#686);
#685 = CARTESIAN_POINT('',(-9.905,-2.765,8.2));
#686 = VECTOR('',#687,1.);
#687 = DIRECTION('',(0.,1.,0.));
#688 = PCURVE('',#192,#689);
#689 = DEFINITIONAL_REPRESENTATION('',(#690),#694);
#690 = LINE('',#691,#692);
#691 = CARTESIAN_POINT('',(0.,0.));
#692 = VECTOR('',#693,1.);
#693 = DIRECTION('',(0.,1.));
#694 = ( GEOMETRIC_REPRESENTATION_CONTEXT(2) 
PARAMETRIC_REPRESENTATION_CONTEXT() REPRESENTATION_CONTEXT('2D SPACE',''
  ) );
#695 = PCURVE('',#696,#701);
#696 = PLANE('',#697);
#697 = AXIS2_PLACEMENT_3D('',#698,#699,#700);
#698 = CARTESIAN_POINT('',(-9.905,-3.365,1.13));
#699 = DIRECTION('',(1.,0.,0.));
#700 = DIRECTION('',(0.,0.,1.));
#701 = DEFINITIONAL_REPRESENTATION('',(#702),#706);
#702 = LINE('',#703,#704);
#703 = CARTESIAN_POINT('',(7.07,-0.6));
#704 = VECTOR('',#705,1.);
#705 = DIRECTION('',(0.,-1.));
#706 = ( GEOMETRIC_REPRESENTATION_CONTEXT(2) 
PARAMETRIC_REPRESENTATION_CONTEXT() REPRESENTATION_CONTEXT('2D SPACE',''
  ) );
#707 = ADVANCED_FACE('',(#708),#225,.T.);
#708 = FACE_BOUND('',#709,.F.);
#709 = EDGE_LOOP('',(#710,#732,#759,#760));
#710 = ORIENTED_EDGE('',*,*,#711,.F.);
#711 = EDGE_CURVE('',#712,#205,#714,.T.);
#712 = VERTEX_POINT('',#713);
#713 = CARTESIAN_POINT('',(-9.305,-3.365,8.2));
#714 = SURFACE_CURVE('',#715,(#720,#726),.PCURVE_S1.);
#715 = CIRCLE('',#716,0.3);
#716 = AXIS2_PLACEMENT_3D('',#717,#718,#719);
#717 = CARTESIAN_POINT('',(-9.305,-3.065,8.2));
#718 = DIRECTION('',(-1.,-0.,0.));
#719 = DIRECTION('',(0.,-1.,0.));
#720 = PCURVE('',#225,#721);
#721 = DEFINITIONAL_REPRESENTATION('',(#722),#725);
#722 = B_SPLINE_CURVE_WITH_KNOTS('',1,(#723,#724),.UNSPECIFIED.,.F.,.F.,
  (2,2),(0.,1.570796326795),.PIECEWISE_BEZIER_KNOTS.);
#723 = CARTESIAN_POINT('',(0.,0.));
#724 = CARTESIAN_POINT('',(0.,1.570796326795));
#725 = ( GEOMETRIC_REPRESENTATION_CONTEXT(2) 
PARAMETRIC_REPRESENTATION_CONTEXT() REPRESENTATION_CONTEXT('2D SPACE',''
  ) );
#726 = PCURVE('',#253,#727);
#727 = DEFINITIONAL_REPRESENTATION('',(#728),#731);
#728 = B_SPLINE_CURVE_WITH_KNOTS('',1,(#729,#730),.UNSPECIFIED.,.F.,.F.,
  (2,2),(0.,1.570796326795),.PIECEWISE_BEZIER_KNOTS.);
#729 = CARTESIAN_POINT('',(0.,18.61));
#730 = CARTESIAN_POINT('',(1.570796326795,18.61));
#731 = ( GEOMETRIC_REPRESENTATION_CONTEXT(2) 
PARAMETRIC_REPRESENTATION_CONTEXT() REPRESENTATION_CONTEXT('2D SPACE',''
  ) );
#732 = ORIENTED_EDGE('',*,*,#733,.T.);
#733 = EDGE_CURVE('',#712,#638,#734,.T.);
#734 = SURFACE_CURVE('',#735,(#740,#747),.PCURVE_S1.);
#735 = CIRCLE('',#736,0.6);
#736 = AXIS2_PLACEMENT_3D('',#737,#738,#739);
#737 = CARTESIAN_POINT('',(-9.305,-2.765,8.2));
#738 = DIRECTION('',(-0.,-0.,-1.));
#739 = DIRECTION('',(0.,-1.,0.));
#740 = PCURVE('',#225,#741);
#741 = DEFINITIONAL_REPRESENTATION('',(#742),#746);
#742 = LINE('',#743,#744);
#743 = CARTESIAN_POINT('',(-0.,0.));
#744 = VECTOR('',#745,1.);
#745 = DIRECTION('',(-1.,0.));
#746 = ( GEOMETRIC_REPRESENTATION_CONTEXT(2) 
PARAMETRIC_REPRESENTATION_CONTEXT() REPRESENTATION_CONTEXT('2D SPACE',''
  ) );
#747 = PCURVE('',#748,#753);
#748 = CYLINDRICAL_SURFACE('',#749,0.6);
#749 = AXIS2_PLACEMENT_3D('',#750,#751,#752);
#750 = CARTESIAN_POINT('',(-9.305,-2.765,1.13));
#751 = DIRECTION('',(0.,0.,1.));
#752 = DIRECTION('',(-1.,-0.,0.));
#753 = DEFINITIONAL_REPRESENTATION('',(#754),#758);
#754 = LINE('',#755,#756);
#755 = CARTESIAN_POINT('',(1.570796326795,7.07));
#756 = VECTOR('',#757,1.);
#757 = DIRECTION('',(-1.,-0.));
#758 = ( GEOMETRIC_REPRESENTATION_CONTEXT(2) 
PARAMETRIC_REPRESENTATION_CONTEXT() REPRESENTATION_CONTEXT('2D SPACE',''
  ) );
#759 = ORIENTED_EDGE('',*,*,#637,.T.);
#760 = ORIENTED_EDGE('',*,*,#204,.F.);
#761 = ADVANCED_FACE('',(#762),#406,.T.);
#762 = FACE_BOUND('',#763,.F.);
#763 = EDGE_LOOP('',(#764,#765,#794,#814));
#764 = ORIENTED_EDGE('',*,*,#660,.F.);
#765 = ORIENTED_EDGE('',*,*,#766,.T.);
#766 = EDGE_CURVE('',#661,#767,#769,.T.);
#767 = VERTEX_POINT('',#768);
#768 = CARTESIAN_POINT('',(-9.305,3.365,8.2));
#769 = SURFACE_CURVE('',#770,(#775,#782),.PCURVE_S1.);
#770 = CIRCLE('',#771,0.6);
#771 = AXIS2_PLACEMENT_3D('',#772,#773,#774);
#772 = CARTESIAN_POINT('',(-9.305,2.765,8.2));
#773 = DIRECTION('',(-0.,0.,-1.));
#774 = DIRECTION('',(-1.,0.,0.));
#775 = PCURVE('',#406,#776);
#776 = DEFINITIONAL_REPRESENTATION('',(#777),#781);
#777 = LINE('',#778,#779);
#778 = CARTESIAN_POINT('',(-0.,0.));
#779 = VECTOR('',#780,1.);
#780 = DIRECTION('',(-1.,0.));
#781 = ( GEOMETRIC_REPRESENTATION_CONTEXT(2) 
PARAMETRIC_REPRESENTATION_CONTEXT() REPRESENTATION_CONTEXT('2D SPACE',''
  ) );
#782 = PCURVE('',#783,#788);
#783 = CYLINDRICAL_SURFACE('',#784,0.6);
#784 = AXIS2_PLACEMENT_3D('',#785,#786,#787);
#785 = CARTESIAN_POINT('',(-9.305,2.765,1.13));
#786 = DIRECTION('',(0.,0.,1.));
#787 = DIRECTION('',(-1.,-0.,0.));
#788 = DEFINITIONAL_REPRESENTATION('',(#789),#793);
#789 = LINE('',#790,#791);
#790 = CARTESIAN_POINT('',(-0.,7.07));
#791 = VECTOR('',#792,1.);
#792 = DIRECTION('',(-1.,0.));
#793 = ( GEOMETRIC_REPRESENTATION_CONTEXT(2) 
PARAMETRIC_REPRESENTATION_CONTEXT() REPRESENTATION_CONTEXT('2D SPACE',''
  ) );
#794 = ORIENTED_EDGE('',*,*,#795,.T.);
#795 = EDGE_CURVE('',#767,#360,#796,.T.);
#796 = SURFACE_CURVE('',#797,(#802,#808),.PCURVE_S1.);
#797 = CIRCLE('',#798,0.3);
#798 = AXIS2_PLACEMENT_3D('',#799,#800,#801);
#799 = CARTESIAN_POINT('',(-9.305,3.065,8.2));
#800 = DIRECTION('',(1.,6.123233995737E-17,-0.));
#801 = DIRECTION('',(-6.123233995737E-17,1.,0.));
#802 = PCURVE('',#406,#803);
#803 = DEFINITIONAL_REPRESENTATION('',(#804),#807);
#804 = B_SPLINE_CURVE_WITH_KNOTS('',1,(#805,#806),.UNSPECIFIED.,.F.,.F.,
  (2,2),(0.,1.570796326795),.PIECEWISE_BEZIER_KNOTS.);
#805 = CARTESIAN_POINT('',(-1.570796326795,0.));
#806 = CARTESIAN_POINT('',(-1.570796326795,1.570796326795));
#807 = ( GEOMETRIC_REPRESENTATION_CONTEXT(2) 
PARAMETRIC_REPRESENTATION_CONTEXT() REPRESENTATION_CONTEXT('2D SPACE',''
  ) );
#808 = PCURVE('',#375,#809);
#809 = DEFINITIONAL_REPRESENTATION('',(#810),#813);
#810 = B_SPLINE_CURVE_WITH_KNOTS('',1,(#811,#812),.UNSPECIFIED.,.F.,.F.,
  (2,2),(0.,1.570796326795),.PIECEWISE_BEZIER_KNOTS.);
#811 = CARTESIAN_POINT('',(0.,0.));
#812 = CARTESIAN_POINT('',(1.570796326795,0.));
#813 = ( GEOMETRIC_REPRESENTATION_CONTEXT(2) 
PARAMETRIC_REPRESENTATION_CONTEXT() REPRESENTATION_CONTEXT('2D SPACE',''
  ) );
#814 = ORIENTED_EDGE('',*,*,#387,.F.);
#815 = ADVANCED_FACE('',(#816),#253,.T.);
#816 = FACE_BOUND('',#817,.T.);
#817 = EDGE_LOOP('',(#818,#840,#841,#842));
#818 = ORIENTED_EDGE('',*,*,#819,.T.);
#819 = EDGE_CURVE('',#820,#238,#822,.T.);
#820 = VERTEX_POINT('',#821);
#821 = CARTESIAN_POINT('',(9.305,-3.365,8.2));
#822 = SURFACE_CURVE('',#823,(#828,#834),.PCURVE_S1.);
#823 = CIRCLE('',#824,0.3);
#824 = AXIS2_PLACEMENT_3D('',#825,#826,#827);
#825 = CARTESIAN_POINT('',(9.305,-3.065,8.2));
#826 = DIRECTION('',(-1.,-6.123233995737E-17,0.));
#827 = DIRECTION('',(6.123233995737E-17,-1.,-0.));
#828 = PCURVE('',#253,#829);
#829 = DEFINITIONAL_REPRESENTATION('',(#830),#833);
#830 = B_SPLINE_CURVE_WITH_KNOTS('',1,(#831,#832),.UNSPECIFIED.,.F.,.F.,
  (2,2),(0.,1.570796326795),.PIECEWISE_BEZIER_KNOTS.);
#831 = CARTESIAN_POINT('',(0.,0.));
#832 = CARTESIAN_POINT('',(1.570796326795,0.));
#833 = ( GEOMETRIC_REPRESENTATION_CONTEXT(2) 
PARAMETRIC_REPRESENTATION_CONTEXT() REPRESENTATION_CONTEXT('2D SPACE',''
  ) );
#834 = PCURVE('',#286,#835);
#835 = DEFINITIONAL_REPRESENTATION('',(#836),#839);
#836 = B_SPLINE_CURVE_WITH_KNOTS('',1,(#837,#838),.UNSPECIFIED.,.F.,.F.,
  (2,2),(0.,1.570796326795),.PIECEWISE_BEZIER_KNOTS.);
#837 = CARTESIAN_POINT('',(-1.570796326795,0.));
#838 = CARTESIAN_POINT('',(-1.570796326795,1.570796326795));
#839 = ( GEOMETRIC_REPRESENTATION_CONTEXT(2) 
PARAMETRIC_REPRESENTATION_CONTEXT() REPRESENTATION_CONTEXT('2D SPACE',''
  ) );
#840 = ORIENTED_EDGE('',*,*,#237,.T.);
#841 = ORIENTED_EDGE('',*,*,#711,.F.);
#842 = ORIENTED_EDGE('',*,*,#843,.F.);
#843 = EDGE_CURVE('',#820,#712,#844,.T.);
#844 = SURFACE_CURVE('',#845,(#849,#856),.PCURVE_S1.);
#845 = LINE('',#846,#847);
#846 = CARTESIAN_POINT('',(9.305,-3.365,8.2));
#847 = VECTOR('',#848,1.);
#848 = DIRECTION('',(-1.,-0.,-0.));
#849 = PCURVE('',#253,#850);
#850 = DEFINITIONAL_REPRESENTATION('',(#851),#855);
#851 = LINE('',#852,#853);
#852 = CARTESIAN_POINT('',(0.,0.));
#853 = VECTOR('',#854,1.);
#854 = DIRECTION('',(0.,1.));
#855 = ( GEOMETRIC_REPRESENTATION_CONTEXT(2) 
PARAMETRIC_REPRESENTATION_CONTEXT() REPRESENTATION_CONTEXT('2D SPACE',''
  ) );
#856 = PCURVE('',#857,#862);
#857 = PLANE('',#858);
#858 = AXIS2_PLACEMENT_3D('',#859,#860,#861);
#859 = CARTESIAN_POINT('',(-9.905,-3.365,1.13));
#860 = DIRECTION('',(0.,1.,0.));
#861 = DIRECTION('',(0.,0.,1.));
#862 = DEFINITIONAL_REPRESENTATION('',(#863),#867);
#863 = LINE('',#864,#865);
#864 = CARTESIAN_POINT('',(7.07,19.21));
#865 = VECTOR('',#866,1.);
#866 = DIRECTION('',(-0.,-1.));
#867 = ( GEOMETRIC_REPRESENTATION_CONTEXT(2) 
PARAMETRIC_REPRESENTATION_CONTEXT() REPRESENTATION_CONTEXT('2D SPACE',''
  ) );
#868 = ADVANCED_FACE('',(#869),#375,.T.);
#869 = FACE_BOUND('',#870,.T.);
#870 = EDGE_LOOP('',(#871,#872,#873,#895));
#871 = ORIENTED_EDGE('',*,*,#795,.T.);
#872 = ORIENTED_EDGE('',*,*,#359,.T.);
#873 = ORIENTED_EDGE('',*,*,#874,.F.);
#874 = EDGE_CURVE('',#875,#327,#877,.T.);
#875 = VERTEX_POINT('',#876);
#876 = CARTESIAN_POINT('',(9.305,3.365,8.2));
#877 = SURFACE_CURVE('',#878,(#883,#889),.PCURVE_S1.);
#878 = CIRCLE('',#879,0.3);
#879 = AXIS2_PLACEMENT_3D('',#880,#881,#882);
#880 = CARTESIAN_POINT('',(9.305,3.065,8.2));
#881 = DIRECTION('',(1.,0.,0.));
#882 = DIRECTION('',(-0.,1.,0.));
#883 = PCURVE('',#375,#884);
#884 = DEFINITIONAL_REPRESENTATION('',(#885),#888);
#885 = B_SPLINE_CURVE_WITH_KNOTS('',1,(#886,#887),.UNSPECIFIED.,.F.,.F.,
  (2,2),(0.,1.570796326795),.PIECEWISE_BEZIER_KNOTS.);
#886 = CARTESIAN_POINT('',(0.,18.61));
#887 = CARTESIAN_POINT('',(1.570796326795,18.61));
#888 = ( GEOMETRIC_REPRESENTATION_CONTEXT(2) 
PARAMETRIC_REPRESENTATION_CONTEXT() REPRESENTATION_CONTEXT('2D SPACE',''
  ) );
#889 = PCURVE('',#347,#890);
#890 = DEFINITIONAL_REPRESENTATION('',(#891),#894);
#891 = B_SPLINE_CURVE_WITH_KNOTS('',1,(#892,#893),.UNSPECIFIED.,.F.,.F.,
  (2,2),(0.,1.570796326795),.PIECEWISE_BEZIER_KNOTS.);
#892 = CARTESIAN_POINT('',(0.,0.));
#893 = CARTESIAN_POINT('',(0.,1.570796326795));
#894 = ( GEOMETRIC_REPRESENTATION_CONTEXT(2) 
PARAMETRIC_REPRESENTATION_CONTEXT() REPRESENTATION_CONTEXT('2D SPACE',''
  ) );
#895 = ORIENTED_EDGE('',*,*,#896,.F.);
#896 = EDGE_CURVE('',#767,#875,#897,.T.);
#897 = SURFACE_CURVE('',#898,(#902,#909),.PCURVE_S1.);
#898 = LINE('',#899,#900);
#899 = CARTESIAN_POINT('',(-9.305,3.365,8.2));
#900 = VECTOR('',#901,1.);
#901 = DIRECTION('',(1.,0.,0.));
#902 = PCURVE('',#375,#903);
#903 = DEFINITIONAL_REPRESENTATION('',(#904),#908);
#904 = LINE('',#905,#906);
#905 = CARTESIAN_POINT('',(0.,0.));
#906 = VECTOR('',#907,1.);
#907 = DIRECTION('',(0.,1.));
#908 = ( GEOMETRIC_REPRESENTATION_CONTEXT(2) 
PARAMETRIC_REPRESENTATION_CONTEXT() REPRESENTATION_CONTEXT('2D SPACE',''
  ) );
#909 = PCURVE('',#910,#915);
#910 = PLANE('',#911);
#911 = AXIS2_PLACEMENT_3D('',#912,#913,#914);
#912 = CARTESIAN_POINT('',(-9.905,3.365,1.13));
#913 = DIRECTION('',(0.,1.,0.));
#914 = DIRECTION('',(0.,0.,1.));
#915 = DEFINITIONAL_REPRESENTATION('',(#916),#920);
#916 = LINE('',#917,#918);
#917 = CARTESIAN_POINT('',(7.07,0.6));
#918 = VECTOR('',#919,1.);
#919 = DIRECTION('',(0.,1.));
#920 = ( GEOMETRIC_REPRESENTATION_CONTEXT(2) 
PARAMETRIC_REPRESENTATION_CONTEXT() REPRESENTATION_CONTEXT('2D SPACE',''
  ) );
#921 = ADVANCED_FACE('',(#922),#286,.T.);
#922 = FACE_BOUND('',#923,.F.);
#923 = EDGE_LOOP('',(#924,#946,#973,#974));
#924 = ORIENTED_EDGE('',*,*,#925,.F.);
#925 = EDGE_CURVE('',#926,#266,#928,.T.);
#926 = VERTEX_POINT('',#927);
#927 = CARTESIAN_POINT('',(9.905,-2.765,8.2));
#928 = SURFACE_CURVE('',#929,(#934,#940),.PCURVE_S1.);
#929 = CIRCLE('',#930,0.3);
#930 = AXIS2_PLACEMENT_3D('',#931,#932,#933);
#931 = CARTESIAN_POINT('',(9.605,-2.765,8.2));
#932 = DIRECTION('',(0.,-1.,-0.));
#933 = DIRECTION('',(1.,0.,-0.));
#934 = PCURVE('',#286,#935);
#935 = DEFINITIONAL_REPRESENTATION('',(#936),#939);
#936 = B_SPLINE_CURVE_WITH_KNOTS('',1,(#937,#938),.UNSPECIFIED.,.F.,.F.,
  (2,2),(0.,1.570796326795),.PIECEWISE_BEZIER_KNOTS.);
#937 = CARTESIAN_POINT('',(0.,0.));
#938 = CARTESIAN_POINT('',(0.,1.570796326795));
#939 = ( GEOMETRIC_REPRESENTATION_CONTEXT(2) 
PARAMETRIC_REPRESENTATION_CONTEXT() REPRESENTATION_CONTEXT('2D SPACE',''
  ) );
#940 = PCURVE('',#314,#941);
#941 = DEFINITIONAL_REPRESENTATION('',(#942),#945);
#942 = B_SPLINE_CURVE_WITH_KNOTS('',1,(#943,#944),.UNSPECIFIED.,.F.,.F.,
  (2,2),(0.,1.570796326795),.PIECEWISE_BEZIER_KNOTS.);
#943 = CARTESIAN_POINT('',(0.,5.53));
#944 = CARTESIAN_POINT('',(1.570796326795,5.53));
#945 = ( GEOMETRIC_REPRESENTATION_CONTEXT(2) 
PARAMETRIC_REPRESENTATION_CONTEXT() REPRESENTATION_CONTEXT('2D SPACE',''
  ) );
#946 = ORIENTED_EDGE('',*,*,#947,.T.);
#947 = EDGE_CURVE('',#926,#820,#948,.T.);
#948 = SURFACE_CURVE('',#949,(#954,#961),.PCURVE_S1.);
#949 = CIRCLE('',#950,0.6);
#950 = AXIS2_PLACEMENT_3D('',#951,#952,#953);
#951 = CARTESIAN_POINT('',(9.305,-2.765,8.2));
#952 = DIRECTION('',(0.,-0.,-1.));
#953 = DIRECTION('',(1.,0.,-0.));
#954 = PCURVE('',#286,#955);
#955 = DEFINITIONAL_REPRESENTATION('',(#956),#960);
#956 = LINE('',#957,#958);
#957 = CARTESIAN_POINT('',(-0.,0.));
#958 = VECTOR('',#959,1.);
#959 = DIRECTION('',(-1.,0.));
#960 = ( GEOMETRIC_REPRESENTATION_CONTEXT(2) 
PARAMETRIC_REPRESENTATION_CONTEXT() REPRESENTATION_CONTEXT('2D SPACE',''
  ) );
#961 = PCURVE('',#962,#967);
#962 = CYLINDRICAL_SURFACE('',#963,0.6);
#963 = AXIS2_PLACEMENT_3D('',#964,#965,#966);
#964 = CARTESIAN_POINT('',(9.305,-2.765,1.13));
#965 = DIRECTION('',(0.,0.,1.));
#966 = DIRECTION('',(1.,0.,-0.));
#967 = DEFINITIONAL_REPRESENTATION('',(#968),#972);
#968 = LINE('',#969,#970);
#969 = CARTESIAN_POINT('',(-0.,7.07));
#970 = VECTOR('',#971,1.);
#971 = DIRECTION('',(-1.,0.));
#972 = ( GEOMETRIC_REPRESENTATION_CONTEXT(2) 
PARAMETRIC_REPRESENTATION_CONTEXT() REPRESENTATION_CONTEXT('2D SPACE',''
  ) );
#973 = ORIENTED_EDGE('',*,*,#819,.T.);
#974 = ORIENTED_EDGE('',*,*,#265,.F.);
#975 = ADVANCED_FACE('',(#976),#347,.T.);
#976 = FACE_BOUND('',#977,.F.);
#977 = EDGE_LOOP('',(#978,#979,#1008,#1028));
#978 = ORIENTED_EDGE('',*,*,#874,.F.);
#979 = ORIENTED_EDGE('',*,*,#980,.T.);
#980 = EDGE_CURVE('',#875,#981,#983,.T.);
#981 = VERTEX_POINT('',#982);
#982 = CARTESIAN_POINT('',(9.905,2.765,8.2));
#983 = SURFACE_CURVE('',#984,(#989,#996),.PCURVE_S1.);
#984 = CIRCLE('',#985,0.6);
#985 = AXIS2_PLACEMENT_3D('',#986,#987,#988);
#986 = CARTESIAN_POINT('',(9.305,2.765,8.2));
#987 = DIRECTION('',(-0.,0.,-1.));
#988 = DIRECTION('',(-2.960594732334E-15,1.,0.));
#989 = PCURVE('',#347,#990);
#990 = DEFINITIONAL_REPRESENTATION('',(#991),#995);
#991 = LINE('',#992,#993);
#992 = CARTESIAN_POINT('',(-0.,0.));
#993 = VECTOR('',#994,1.);
#994 = DIRECTION('',(-1.,0.));
#995 = ( GEOMETRIC_REPRESENTATION_CONTEXT(2) 
PARAMETRIC_REPRESENTATION_CONTEXT() REPRESENTATION_CONTEXT('2D SPACE',''
  ) );
#996 = PCURVE('',#997,#1002);
#997 = CYLINDRICAL_SURFACE('',#998,0.6);
#998 = AXIS2_PLACEMENT_3D('',#999,#1000,#1001);
#999 = CARTESIAN_POINT('',(9.305,2.765,1.13));
#1000 = DIRECTION('',(0.,0.,1.));
#1001 = DIRECTION('',(1.,0.,-0.));
#1002 = DEFINITIONAL_REPRESENTATION('',(#1003),#1007);
#1003 = LINE('',#1004,#1005);
#1004 = CARTESIAN_POINT('',(1.570796326795,7.07));
#1005 = VECTOR('',#1006,1.);
#1006 = DIRECTION('',(-1.,-0.));
#1007 = ( GEOMETRIC_REPRESENTATION_CONTEXT(2) 
PARAMETRIC_REPRESENTATION_CONTEXT() REPRESENTATION_CONTEXT('2D SPACE',''
  ) );
#1008 = ORIENTED_EDGE('',*,*,#1009,.T.);
#1009 = EDGE_CURVE('',#981,#299,#1010,.T.);
#1010 = SURFACE_CURVE('',#1011,(#1016,#1022),.PCURVE_S1.);
#1011 = CIRCLE('',#1012,0.3);
#1012 = AXIS2_PLACEMENT_3D('',#1013,#1014,#1015);
#1013 = CARTESIAN_POINT('',(9.605,2.765,8.2));
#1014 = DIRECTION('',(3.021827072291E-15,-1.,0.));
#1015 = DIRECTION('',(1.,3.021827072291E-15,0.));
#1016 = PCURVE('',#347,#1017);
#1017 = DEFINITIONAL_REPRESENTATION('',(#1018),#1021);
#1018 = B_SPLINE_CURVE_WITH_KNOTS('',1,(#1019,#1020),.UNSPECIFIED.,.F.,
  .F.,(2,2),(0.,1.570796326795),.PIECEWISE_BEZIER_KNOTS.);
#1019 = CARTESIAN_POINT('',(-1.570796326795,0.));
#1020 = CARTESIAN_POINT('',(-1.570796326795,1.570796326795));
#1021 = ( GEOMETRIC_REPRESENTATION_CONTEXT(2) 
PARAMETRIC_REPRESENTATION_CONTEXT() REPRESENTATION_CONTEXT('2D SPACE',''
  ) );
#1022 = PCURVE('',#314,#1023);
#1023 = DEFINITIONAL_REPRESENTATION('',(#1024),#1027);
#1024 = B_SPLINE_CURVE_WITH_KNOTS('',1,(#1025,#1026),.UNSPECIFIED.,.F.,
  .F.,(2,2),(0.,1.570796326795),.PIECEWISE_BEZIER_KNOTS.);
#1025 = CARTESIAN_POINT('',(0.,0.));
#1026 = CARTESIAN_POINT('',(1.570796326795,0.));
#1027 = ( GEOMETRIC_REPRESENTATION_CONTEXT(2) 
PARAMETRIC_REPRESENTATION_CONTEXT() REPRESENTATION_CONTEXT('2D SPACE',''
  ) );
#1028 = ORIENTED_EDGE('',*,*,#326,.F.);
#1029 = ADVANCED_FACE('',(#1030),#314,.T.);
#1030 = FACE_BOUND('',#1031,.T.);
#1031 = EDGE_LOOP('',(#1032,#1033,#1034,#1035));
#1032 = ORIENTED_EDGE('',*,*,#1009,.T.);
#1033 = ORIENTED_EDGE('',*,*,#298,.T.);
#1034 = ORIENTED_EDGE('',*,*,#925,.F.);
#1035 = ORIENTED_EDGE('',*,*,#1036,.F.);
#1036 = EDGE_CURVE('',#981,#926,#1037,.T.);
#1037 = SURFACE_CURVE('',#1038,(#1042,#1049),.PCURVE_S1.);
#1038 = LINE('',#1039,#1040);
#1039 = CARTESIAN_POINT('',(9.905,2.765,8.2));
#1040 = VECTOR('',#1041,1.);
#1041 = DIRECTION('',(-0.,-1.,-0.));
#1042 = PCURVE('',#314,#1043);
#1043 = DEFINITIONAL_REPRESENTATION('',(#1044),#1048);
#1044 = LINE('',#1045,#1046);
#1045 = CARTESIAN_POINT('',(0.,0.));
#1046 = VECTOR('',#1047,1.);
#1047 = DIRECTION('',(0.,1.));
#1048 = ( GEOMETRIC_REPRESENTATION_CONTEXT(2) 
PARAMETRIC_REPRESENTATION_CONTEXT() REPRESENTATION_CONTEXT('2D SPACE',''
  ) );
#1049 = PCURVE('',#1050,#1055);
#1050 = PLANE('',#1051);
#1051 = AXIS2_PLACEMENT_3D('',#1052,#1053,#1054);
#1052 = CARTESIAN_POINT('',(9.905,-3.365,1.13));
#1053 = DIRECTION('',(1.,0.,0.));
#1054 = DIRECTION('',(0.,0.,1.));
#1055 = DEFINITIONAL_REPRESENTATION('',(#1056),#1060);
#1056 = LINE('',#1057,#1058);
#1057 = CARTESIAN_POINT('',(7.07,-6.13));
#1058 = VECTOR('',#1059,1.);
#1059 = DIRECTION('',(-0.,1.));
#1060 = ( GEOMETRIC_REPRESENTATION_CONTEXT(2) 
PARAMETRIC_REPRESENTATION_CONTEXT() REPRESENTATION_CONTEXT('2D SPACE',''
  ) );
#1061 = ADVANCED_FACE('',(#1062),#482,.T.);
#1062 = FACE_BOUND('',#1063,.T.);
#1063 = EDGE_LOOP('',(#1064,#1087,#1115,#1136));
#1064 = ORIENTED_EDGE('',*,*,#1065,.F.);
#1065 = EDGE_CURVE('',#1066,#422,#1068,.T.);
#1066 = VERTEX_POINT('',#1067);
#1067 = CARTESIAN_POINT('',(8.5,-2.025,1.6));
#1068 = SURFACE_CURVE('',#1069,(#1073,#1080),.PCURVE_S1.);
#1069 = LINE('',#1070,#1071);
#1070 = CARTESIAN_POINT('',(8.5,-2.025,1.6));
#1071 = VECTOR('',#1072,1.);
#1072 = DIRECTION('',(0.,0.,1.));
#1073 = PCURVE('',#482,#1074);
#1074 = DEFINITIONAL_REPRESENTATION('',(#1075),#1079);
#1075 = LINE('',#1076,#1077);
#1076 = CARTESIAN_POINT('',(0.,17.));
#1077 = VECTOR('',#1078,1.);
#1078 = DIRECTION('',(1.,0.));
#1079 = ( GEOMETRIC_REPRESENTATION_CONTEXT(2) 
PARAMETRIC_REPRESENTATION_CONTEXT() REPRESENTATION_CONTEXT('2D SPACE',''
  ) );
#1080 = PCURVE('',#536,#1081);
#1081 = DEFINITIONAL_REPRESENTATION('',(#1082),#1086);
#1082 = LINE('',#1083,#1084);
#1083 = CARTESIAN_POINT('',(0.,0.));
#1084 = VECTOR('',#1085,1.);
#1085 = DIRECTION('',(1.,0.));
#1086 = ( GEOMETRIC_REPRESENTATION_CONTEXT(2) 
PARAMETRIC_REPRESENTATION_CONTEXT() REPRESENTATION_CONTEXT('2D SPACE',''
  ) );
#1087 = ORIENTED_EDGE('',*,*,#1088,.F.);
#1088 = EDGE_CURVE('',#1089,#1066,#1091,.T.);
#1089 = VERTEX_POINT('',#1090);
#1090 = CARTESIAN_POINT('',(-8.5,-2.025,1.6));
#1091 = SURFACE_CURVE('',#1092,(#1096,#1103),.PCURVE_S1.);
#1092 = LINE('',#1093,#1094);
#1093 = CARTESIAN_POINT('',(-8.5,-2.025,1.6));
#1094 = VECTOR('',#1095,1.);
#1095 = DIRECTION('',(1.,0.,0.));
#1096 = PCURVE('',#482,#1097);
#1097 = DEFINITIONAL_REPRESENTATION('',(#1098),#1102);
#1098 = LINE('',#1099,#1100);
#1099 = CARTESIAN_POINT('',(0.,0.));
#1100 = VECTOR('',#1101,1.);
#1101 = DIRECTION('',(0.,1.));
#1102 = ( GEOMETRIC_REPRESENTATION_CONTEXT(2) 
PARAMETRIC_REPRESENTATION_CONTEXT() REPRESENTATION_CONTEXT('2D SPACE',''
  ) );
#1103 = PCURVE('',#1104,#1109);
#1104 = PLANE('',#1105);
#1105 = AXIS2_PLACEMENT_3D('',#1106,#1107,#1108);
#1106 = CARTESIAN_POINT('',(-8.5,-2.025,1.6));
#1107 = DIRECTION('',(0.,0.,1.));
#1108 = DIRECTION('',(1.,0.,0.));
#1109 = DEFINITIONAL_REPRESENTATION('',(#1110),#1114);
#1110 = LINE('',#1111,#1112);
#1111 = CARTESIAN_POINT('',(0.,0.));
#1112 = VECTOR('',#1113,1.);
#1113 = DIRECTION('',(1.,0.));
#1114 = ( GEOMETRIC_REPRESENTATION_CONTEXT(2) 
PARAMETRIC_REPRESENTATION_CONTEXT() REPRESENTATION_CONTEXT('2D SPACE',''
  ) );
#1115 = ORIENTED_EDGE('',*,*,#1116,.T.);
#1116 = EDGE_CURVE('',#1089,#446,#1117,.T.);
#1117 = SURFACE_CURVE('',#1118,(#1122,#1129),.PCURVE_S1.);
#1118 = LINE('',#1119,#1120);
#1119 = CARTESIAN_POINT('',(-8.5,-2.025,1.6));
#1120 = VECTOR('',#1121,1.);
#1121 = DIRECTION('',(0.,0.,1.));
#1122 = PCURVE('',#482,#1123);
#1123 = DEFINITIONAL_REPRESENTATION('',(#1124),#1128);
#1124 = LINE('',#1125,#1126);
#1125 = CARTESIAN_POINT('',(0.,0.));
#1126 = VECTOR('',#1127,1.);
#1127 = DIRECTION('',(1.,0.));
#1128 = ( GEOMETRIC_REPRESENTATION_CONTEXT(2) 
PARAMETRIC_REPRESENTATION_CONTEXT() REPRESENTATION_CONTEXT('2D SPACE',''
  ) );
#1129 = PCURVE('',#590,#1130);
#1130 = DEFINITIONAL_REPRESENTATION('',(#1131),#1135);
#1131 = LINE('',#1132,#1133);
#1132 = CARTESIAN_POINT('',(0.,0.));
#1133 = VECTOR('',#1134,1.);
#1134 = DIRECTION('',(1.,0.));
#1135 = ( GEOMETRIC_REPRESENTATION_CONTEXT(2) 
PARAMETRIC_REPRESENTATION_CONTEXT() REPRESENTATION_CONTEXT('2D SPACE',''
  ) );
#1136 = ORIENTED_EDGE('',*,*,#468,.F.);
#1137 = ADVANCED_FACE('',(#1138),#536,.F.);
#1138 = FACE_BOUND('',#1139,.F.);
#1139 = EDGE_LOOP('',(#1140,#1141,#1164,#1185));
#1140 = ORIENTED_EDGE('',*,*,#1065,.F.);
#1141 = ORIENTED_EDGE('',*,*,#1142,.T.);
#1142 = EDGE_CURVE('',#1066,#1143,#1145,.T.);
#1143 = VERTEX_POINT('',#1144);
#1144 = CARTESIAN_POINT('',(8.5,2.025,1.6));
#1145 = SURFACE_CURVE('',#1146,(#1150,#1157),.PCURVE_S1.);
#1146 = LINE('',#1147,#1148);
#1147 = CARTESIAN_POINT('',(8.5,-2.025,1.6));
#1148 = VECTOR('',#1149,1.);
#1149 = DIRECTION('',(0.,1.,0.));
#1150 = PCURVE('',#536,#1151);
#1151 = DEFINITIONAL_REPRESENTATION('',(#1152),#1156);
#1152 = LINE('',#1153,#1154);
#1153 = CARTESIAN_POINT('',(0.,0.));
#1154 = VECTOR('',#1155,1.);
#1155 = DIRECTION('',(0.,-1.));
#1156 = ( GEOMETRIC_REPRESENTATION_CONTEXT(2) 
PARAMETRIC_REPRESENTATION_CONTEXT() REPRESENTATION_CONTEXT('2D SPACE',''
  ) );
#1157 = PCURVE('',#1104,#1158);
#1158 = DEFINITIONAL_REPRESENTATION('',(#1159),#1163);
#1159 = LINE('',#1160,#1161);
#1160 = CARTESIAN_POINT('',(17.,0.));
#1161 = VECTOR('',#1162,1.);
#1162 = DIRECTION('',(0.,1.));
#1163 = ( GEOMETRIC_REPRESENTATION_CONTEXT(2) 
PARAMETRIC_REPRESENTATION_CONTEXT() REPRESENTATION_CONTEXT('2D SPACE',''
  ) );
#1164 = ORIENTED_EDGE('',*,*,#1165,.T.);
#1165 = EDGE_CURVE('',#1143,#500,#1166,.T.);
#1166 = SURFACE_CURVE('',#1167,(#1171,#1178),.PCURVE_S1.);
#1167 = LINE('',#1168,#1169);
#1168 = CARTESIAN_POINT('',(8.5,2.025,1.6));
#1169 = VECTOR('',#1170,1.);
#1170 = DIRECTION('',(0.,0.,1.));
#1171 = PCURVE('',#536,#1172);
#1172 = DEFINITIONAL_REPRESENTATION('',(#1173),#1177);
#1173 = LINE('',#1174,#1175);
#1174 = CARTESIAN_POINT('',(0.,-4.05));
#1175 = VECTOR('',#1176,1.);
#1176 = DIRECTION('',(1.,0.));
#1177 = ( GEOMETRIC_REPRESENTATION_CONTEXT(2) 
PARAMETRIC_REPRESENTATION_CONTEXT() REPRESENTATION_CONTEXT('2D SPACE',''
  ) );
#1178 = PCURVE('',#622,#1179);
#1179 = DEFINITIONAL_REPRESENTATION('',(#1180),#1184);
#1180 = LINE('',#1181,#1182);
#1181 = CARTESIAN_POINT('',(0.,17.));
#1182 = VECTOR('',#1183,1.);
#1183 = DIRECTION('',(1.,0.));
#1184 = ( GEOMETRIC_REPRESENTATION_CONTEXT(2) 
PARAMETRIC_REPRESENTATION_CONTEXT() REPRESENTATION_CONTEXT('2D SPACE',''
  ) );
#1185 = ORIENTED_EDGE('',*,*,#522,.F.);
#1186 = ADVANCED_FACE('',(#1187),#590,.T.);
#1187 = FACE_BOUND('',#1188,.T.);
#1188 = EDGE_LOOP('',(#1189,#1190,#1213,#1234));
#1189 = ORIENTED_EDGE('',*,*,#1116,.F.);
#1190 = ORIENTED_EDGE('',*,*,#1191,.T.);
#1191 = EDGE_CURVE('',#1089,#1192,#1194,.T.);
#1192 = VERTEX_POINT('',#1193);
#1193 = CARTESIAN_POINT('',(-8.5,2.025,1.6));
#1194 = SURFACE_CURVE('',#1195,(#1199,#1206),.PCURVE_S1.);
#1195 = LINE('',#1196,#1197);
#1196 = CARTESIAN_POINT('',(-8.5,-2.025,1.6));
#1197 = VECTOR('',#1198,1.);
#1198 = DIRECTION('',(0.,1.,0.));
#1199 = PCURVE('',#590,#1200);
#1200 = DEFINITIONAL_REPRESENTATION('',(#1201),#1205);
#1201 = LINE('',#1202,#1203);
#1202 = CARTESIAN_POINT('',(0.,0.));
#1203 = VECTOR('',#1204,1.);
#1204 = DIRECTION('',(0.,-1.));
#1205 = ( GEOMETRIC_REPRESENTATION_CONTEXT(2) 
PARAMETRIC_REPRESENTATION_CONTEXT() REPRESENTATION_CONTEXT('2D SPACE',''
  ) );
#1206 = PCURVE('',#1104,#1207);
#1207 = DEFINITIONAL_REPRESENTATION('',(#1208),#1212);
#1208 = LINE('',#1209,#1210);
#1209 = CARTESIAN_POINT('',(0.,0.));
#1210 = VECTOR('',#1211,1.);
#1211 = DIRECTION('',(0.,1.));
#1212 = ( GEOMETRIC_REPRESENTATION_CONTEXT(2) 
PARAMETRIC_REPRESENTATION_CONTEXT() REPRESENTATION_CONTEXT('2D SPACE',''
  ) );
#1213 = ORIENTED_EDGE('',*,*,#1214,.T.);
#1214 = EDGE_CURVE('',#1192,#554,#1215,.T.);
#1215 = SURFACE_CURVE('',#1216,(#1220,#1227),.PCURVE_S1.);
#1216 = LINE('',#1217,#1218);
#1217 = CARTESIAN_POINT('',(-8.5,2.025,1.6));
#1218 = VECTOR('',#1219,1.);
#1219 = DIRECTION('',(0.,0.,1.));
#1220 = PCURVE('',#590,#1221);
#1221 = DEFINITIONAL_REPRESENTATION('',(#1222),#1226);
#1222 = LINE('',#1223,#1224);
#1223 = CARTESIAN_POINT('',(0.,-4.05));
#1224 = VECTOR('',#1225,1.);
#1225 = DIRECTION('',(1.,0.));
#1226 = ( GEOMETRIC_REPRESENTATION_CONTEXT(2) 
PARAMETRIC_REPRESENTATION_CONTEXT() REPRESENTATION_CONTEXT('2D SPACE',''
  ) );
#1227 = PCURVE('',#622,#1228);
#1228 = DEFINITIONAL_REPRESENTATION('',(#1229),#1233);
#1229 = LINE('',#1230,#1231);
#1230 = CARTESIAN_POINT('',(0.,0.));
#1231 = VECTOR('',#1232,1.);
#1232 = DIRECTION('',(1.,0.));
#1233 = ( GEOMETRIC_REPRESENTATION_CONTEXT(2) 
PARAMETRIC_REPRESENTATION_CONTEXT() REPRESENTATION_CONTEXT('2D SPACE',''
  ) );
#1234 = ORIENTED_EDGE('',*,*,#576,.F.);
#1235 = ADVANCED_FACE('',(#1236),#622,.F.);
#1236 = FACE_BOUND('',#1237,.F.);
#1237 = EDGE_LOOP('',(#1238,#1239,#1260,#1261));
#1238 = ORIENTED_EDGE('',*,*,#1165,.F.);
#1239 = ORIENTED_EDGE('',*,*,#1240,.F.);
#1240 = EDGE_CURVE('',#1192,#1143,#1241,.T.);
#1241 = SURFACE_CURVE('',#1242,(#1246,#1253),.PCURVE_S1.);
#1242 = LINE('',#1243,#1244);
#1243 = CARTESIAN_POINT('',(-8.5,2.025,1.6));
#1244 = VECTOR('',#1245,1.);
#1245 = DIRECTION('',(1.,0.,0.));
#1246 = PCURVE('',#622,#1247);
#1247 = DEFINITIONAL_REPRESENTATION('',(#1248),#1252);
#1248 = LINE('',#1249,#1250);
#1249 = CARTESIAN_POINT('',(0.,0.));
#1250 = VECTOR('',#1251,1.);
#1251 = DIRECTION('',(0.,1.));
#1252 = ( GEOMETRIC_REPRESENTATION_CONTEXT(2) 
PARAMETRIC_REPRESENTATION_CONTEXT() REPRESENTATION_CONTEXT('2D SPACE',''
  ) );
#1253 = PCURVE('',#1104,#1254);
#1254 = DEFINITIONAL_REPRESENTATION('',(#1255),#1259);
#1255 = LINE('',#1256,#1257);
#1256 = CARTESIAN_POINT('',(0.,4.05));
#1257 = VECTOR('',#1258,1.);
#1258 = DIRECTION('',(1.,0.));
#1259 = ( GEOMETRIC_REPRESENTATION_CONTEXT(2) 
PARAMETRIC_REPRESENTATION_CONTEXT() REPRESENTATION_CONTEXT('2D SPACE',''
  ) );
#1260 = ORIENTED_EDGE('',*,*,#1214,.T.);
#1261 = ORIENTED_EDGE('',*,*,#608,.F.);
#1262 = ADVANCED_FACE('',(#1263),#696,.F.);
#1263 = FACE_BOUND('',#1264,.F.);
#1264 = EDGE_LOOP('',(#1265,#1288,#1316,#1337));
#1265 = ORIENTED_EDGE('',*,*,#1266,.F.);
#1266 = EDGE_CURVE('',#1267,#638,#1269,.T.);
#1267 = VERTEX_POINT('',#1268);
#1268 = CARTESIAN_POINT('',(-9.905,-2.765,1.13));
#1269 = SURFACE_CURVE('',#1270,(#1274,#1281),.PCURVE_S1.);
#1270 = LINE('',#1271,#1272);
#1271 = CARTESIAN_POINT('',(-9.905,-2.765,1.13));
#1272 = VECTOR('',#1273,1.);
#1273 = DIRECTION('',(0.,0.,1.));
#1274 = PCURVE('',#696,#1275);
#1275 = DEFINITIONAL_REPRESENTATION('',(#1276),#1280);
#1276 = LINE('',#1277,#1278);
#1277 = CARTESIAN_POINT('',(0.,-0.6));
#1278 = VECTOR('',#1279,1.);
#1279 = DIRECTION('',(1.,0.));
#1280 = ( GEOMETRIC_REPRESENTATION_CONTEXT(2) 
PARAMETRIC_REPRESENTATION_CONTEXT() REPRESENTATION_CONTEXT('2D SPACE',''
  ) );
#1281 = PCURVE('',#748,#1282);
#1282 = DEFINITIONAL_REPRESENTATION('',(#1283),#1287);
#1283 = LINE('',#1284,#1285);
#1284 = CARTESIAN_POINT('',(0.,0.));
#1285 = VECTOR('',#1286,1.);
#1286 = DIRECTION('',(0.,1.));
#1287 = ( GEOMETRIC_REPRESENTATION_CONTEXT(2) 
PARAMETRIC_REPRESENTATION_CONTEXT() REPRESENTATION_CONTEXT('2D SPACE',''
  ) );
#1288 = ORIENTED_EDGE('',*,*,#1289,.T.);
#1289 = EDGE_CURVE('',#1267,#1290,#1292,.T.);
#1290 = VERTEX_POINT('',#1291);
#1291 = CARTESIAN_POINT('',(-9.905,2.765,1.13));
#1292 = SURFACE_CURVE('',#1293,(#1297,#1304),.PCURVE_S1.);
#1293 = LINE('',#1294,#1295);
#1294 = CARTESIAN_POINT('',(-9.905,-3.365,1.13));
#1295 = VECTOR('',#1296,1.);
#1296 = DIRECTION('',(0.,1.,0.));
#1297 = PCURVE('',#696,#1298);
#1298 = DEFINITIONAL_REPRESENTATION('',(#1299),#1303);
#1299 = LINE('',#1300,#1301);
#1300 = CARTESIAN_POINT('',(0.,0.));
#1301 = VECTOR('',#1302,1.);
#1302 = DIRECTION('',(0.,-1.));
#1303 = ( GEOMETRIC_REPRESENTATION_CONTEXT(2) 
PARAMETRIC_REPRESENTATION_CONTEXT() REPRESENTATION_CONTEXT('2D SPACE',''
  ) );
#1304 = PCURVE('',#1305,#1310);
#1305 = PLANE('',#1306);
#1306 = AXIS2_PLACEMENT_3D('',#1307,#1308,#1309);
#1307 = CARTESIAN_POINT('',(-9.905,-3.365,1.13));
#1308 = DIRECTION('',(0.,0.,1.));
#1309 = DIRECTION('',(1.,0.,0.));
#1310 = DEFINITIONAL_REPRESENTATION('',(#1311),#1315);
#1311 = LINE('',#1312,#1313);
#1312 = CARTESIAN_POINT('',(0.,0.));
#1313 = VECTOR('',#1314,1.);
#1314 = DIRECTION('',(0.,1.));
#1315 = ( GEOMETRIC_REPRESENTATION_CONTEXT(2) 
PARAMETRIC_REPRESENTATION_CONTEXT() REPRESENTATION_CONTEXT('2D SPACE',''
  ) );
#1316 = ORIENTED_EDGE('',*,*,#1317,.T.);
#1317 = EDGE_CURVE('',#1290,#661,#1318,.T.);
#1318 = SURFACE_CURVE('',#1319,(#1323,#1330),.PCURVE_S1.);
#1319 = LINE('',#1320,#1321);
#1320 = CARTESIAN_POINT('',(-9.905,2.765,1.13));
#1321 = VECTOR('',#1322,1.);
#1322 = DIRECTION('',(0.,0.,1.));
#1323 = PCURVE('',#696,#1324);
#1324 = DEFINITIONAL_REPRESENTATION('',(#1325),#1329);
#1325 = LINE('',#1326,#1327);
#1326 = CARTESIAN_POINT('',(0.,-6.13));
#1327 = VECTOR('',#1328,1.);
#1328 = DIRECTION('',(1.,0.));
#1329 = ( GEOMETRIC_REPRESENTATION_CONTEXT(2) 
PARAMETRIC_REPRESENTATION_CONTEXT() REPRESENTATION_CONTEXT('2D SPACE',''
  ) );
#1330 = PCURVE('',#783,#1331);
#1331 = DEFINITIONAL_REPRESENTATION('',(#1332),#1336);
#1332 = LINE('',#1333,#1334);
#1333 = CARTESIAN_POINT('',(-0.,0.));
#1334 = VECTOR('',#1335,1.);
#1335 = DIRECTION('',(-0.,1.));
#1336 = ( GEOMETRIC_REPRESENTATION_CONTEXT(2) 
PARAMETRIC_REPRESENTATION_CONTEXT() REPRESENTATION_CONTEXT('2D SPACE',''
  ) );
#1337 = ORIENTED_EDGE('',*,*,#682,.F.);
#1338 = ADVANCED_FACE('',(#1339),#748,.T.);
#1339 = FACE_BOUND('',#1340,.T.);
#1340 = EDGE_LOOP('',(#1341,#1342,#1366,#1387));
#1341 = ORIENTED_EDGE('',*,*,#1266,.F.);
#1342 = ORIENTED_EDGE('',*,*,#1343,.T.);
#1343 = EDGE_CURVE('',#1267,#1344,#1346,.T.);
#1344 = VERTEX_POINT('',#1345);
#1345 = CARTESIAN_POINT('',(-9.305,-3.365,1.13));
#1346 = SURFACE_CURVE('',#1347,(#1352,#1359),.PCURVE_S1.);
#1347 = CIRCLE('',#1348,0.6);
#1348 = AXIS2_PLACEMENT_3D('',#1349,#1350,#1351);
#1349 = CARTESIAN_POINT('',(-9.305,-2.765,1.13));
#1350 = DIRECTION('',(0.,0.,1.));
#1351 = DIRECTION('',(0.,-1.,0.));
#1352 = PCURVE('',#748,#1353);
#1353 = DEFINITIONAL_REPRESENTATION('',(#1354),#1358);
#1354 = LINE('',#1355,#1356);
#1355 = CARTESIAN_POINT('',(-4.712388980385,0.));
#1356 = VECTOR('',#1357,1.);
#1357 = DIRECTION('',(1.,0.));
#1358 = ( GEOMETRIC_REPRESENTATION_CONTEXT(2) 
PARAMETRIC_REPRESENTATION_CONTEXT() REPRESENTATION_CONTEXT('2D SPACE',''
  ) );
#1359 = PCURVE('',#1305,#1360);
#1360 = DEFINITIONAL_REPRESENTATION('',(#1361),#1365);
#1361 = CIRCLE('',#1362,0.6);
#1362 = AXIS2_PLACEMENT_2D('',#1363,#1364);
#1363 = CARTESIAN_POINT('',(0.6,0.6));
#1364 = DIRECTION('',(0.,-1.));
#1365 = ( GEOMETRIC_REPRESENTATION_CONTEXT(2) 
PARAMETRIC_REPRESENTATION_CONTEXT() REPRESENTATION_CONTEXT('2D SPACE',''
  ) );
#1366 = ORIENTED_EDGE('',*,*,#1367,.T.);
#1367 = EDGE_CURVE('',#1344,#712,#1368,.T.);
#1368 = SURFACE_CURVE('',#1369,(#1373,#1380),.PCURVE_S1.);
#1369 = LINE('',#1370,#1371);
#1370 = CARTESIAN_POINT('',(-9.305,-3.365,1.13));
#1371 = VECTOR('',#1372,1.);
#1372 = DIRECTION('',(0.,0.,1.));
#1373 = PCURVE('',#748,#1374);
#1374 = DEFINITIONAL_REPRESENTATION('',(#1375),#1379);
#1375 = LINE('',#1376,#1377);
#1376 = CARTESIAN_POINT('',(1.570796326795,0.));
#1377 = VECTOR('',#1378,1.);
#1378 = DIRECTION('',(0.,1.));
#1379 = ( GEOMETRIC_REPRESENTATION_CONTEXT(2) 
PARAMETRIC_REPRESENTATION_CONTEXT() REPRESENTATION_CONTEXT('2D SPACE',''
  ) );
#1380 = PCURVE('',#857,#1381);
#1381 = DEFINITIONAL_REPRESENTATION('',(#1382),#1386);
#1382 = LINE('',#1383,#1384);
#1383 = CARTESIAN_POINT('',(0.,0.6));
#1384 = VECTOR('',#1385,1.);
#1385 = DIRECTION('',(1.,0.));
#1386 = ( GEOMETRIC_REPRESENTATION_CONTEXT(2) 
PARAMETRIC_REPRESENTATION_CONTEXT() REPRESENTATION_CONTEXT('2D SPACE',''
  ) );
#1387 = ORIENTED_EDGE('',*,*,#733,.T.);
#1388 = ADVANCED_FACE('',(#1389),#783,.T.);
#1389 = FACE_BOUND('',#1390,.F.);
#1390 = EDGE_LOOP('',(#1391,#1392,#1420,#1441));
#1391 = ORIENTED_EDGE('',*,*,#1317,.F.);
#1392 = ORIENTED_EDGE('',*,*,#1393,.T.);
#1393 = EDGE_CURVE('',#1290,#1394,#1396,.T.);
#1394 = VERTEX_POINT('',#1395);
#1395 = CARTESIAN_POINT('',(-9.305,3.365,1.13));
#1396 = SURFACE_CURVE('',#1397,(#1402,#1409),.PCURVE_S1.);
#1397 = CIRCLE('',#1398,0.6);
#1398 = AXIS2_PLACEMENT_3D('',#1399,#1400,#1401);
#1399 = CARTESIAN_POINT('',(-9.305,2.765,1.13));
#1400 = DIRECTION('',(-0.,-0.,-1.));
#1401 = DIRECTION('',(0.,-1.,0.));
#1402 = PCURVE('',#783,#1403);
#1403 = DEFINITIONAL_REPRESENTATION('',(#1404),#1408);
#1404 = LINE('',#1405,#1406);
#1405 = CARTESIAN_POINT('',(1.570796326795,-0.));
#1406 = VECTOR('',#1407,1.);
#1407 = DIRECTION('',(-1.,0.));
#1408 = ( GEOMETRIC_REPRESENTATION_CONTEXT(2) 
PARAMETRIC_REPRESENTATION_CONTEXT() REPRESENTATION_CONTEXT('2D SPACE',''
  ) );
#1409 = PCURVE('',#1305,#1410);
#1410 = DEFINITIONAL_REPRESENTATION('',(#1411),#1419);
#1411 = ( BOUNDED_CURVE() B_SPLINE_CURVE(2,(#1412,#1413,#1414,#1415,
#1416,#1417,#1418),.UNSPECIFIED.,.T.,.F.) B_SPLINE_CURVE_WITH_KNOTS((1,2
    ,2,2,2,1),(-2.094395102393,0.,2.094395102393,4.188790204786,
6.28318530718,8.377580409573),.UNSPECIFIED.) CURVE() 
GEOMETRIC_REPRESENTATION_ITEM() RATIONAL_B_SPLINE_CURVE((1.,0.5,1.,0.5,
1.,0.5,1.)) REPRESENTATION_ITEM('') );
#1412 = CARTESIAN_POINT('',(0.6,5.53));
#1413 = CARTESIAN_POINT('',(-0.439230484541,5.53));
#1414 = CARTESIAN_POINT('',(8.038475772934E-02,6.43));
#1415 = CARTESIAN_POINT('',(0.6,7.33));
#1416 = CARTESIAN_POINT('',(1.119615242271,6.43));
#1417 = CARTESIAN_POINT('',(1.639230484541,5.53));
#1418 = CARTESIAN_POINT('',(0.6,5.53));
#1419 = ( GEOMETRIC_REPRESENTATION_CONTEXT(2) 
PARAMETRIC_REPRESENTATION_CONTEXT() REPRESENTATION_CONTEXT('2D SPACE',''
  ) );
#1420 = ORIENTED_EDGE('',*,*,#1421,.T.);
#1421 = EDGE_CURVE('',#1394,#767,#1422,.T.);
#1422 = SURFACE_CURVE('',#1423,(#1427,#1434),.PCURVE_S1.);
#1423 = LINE('',#1424,#1425);
#1424 = CARTESIAN_POINT('',(-9.305,3.365,1.13));
#1425 = VECTOR('',#1426,1.);
#1426 = DIRECTION('',(0.,0.,1.));
#1427 = PCURVE('',#783,#1428);
#1428 = DEFINITIONAL_REPRESENTATION('',(#1429),#1433);
#1429 = LINE('',#1430,#1431);
#1430 = CARTESIAN_POINT('',(-1.570796326795,0.));
#1431 = VECTOR('',#1432,1.);
#1432 = DIRECTION('',(-0.,1.));
#1433 = ( GEOMETRIC_REPRESENTATION_CONTEXT(2) 
PARAMETRIC_REPRESENTATION_CONTEXT() REPRESENTATION_CONTEXT('2D SPACE',''
  ) );
#1434 = PCURVE('',#910,#1435);
#1435 = DEFINITIONAL_REPRESENTATION('',(#1436),#1440);
#1436 = LINE('',#1437,#1438);
#1437 = CARTESIAN_POINT('',(0.,0.6));
#1438 = VECTOR('',#1439,1.);
#1439 = DIRECTION('',(1.,0.));
#1440 = ( GEOMETRIC_REPRESENTATION_CONTEXT(2) 
PARAMETRIC_REPRESENTATION_CONTEXT() REPRESENTATION_CONTEXT('2D SPACE',''
  ) );
#1441 = ORIENTED_EDGE('',*,*,#766,.F.);
#1442 = ADVANCED_FACE('',(#1443),#857,.F.);
#1443 = FACE_BOUND('',#1444,.F.);
#1444 = EDGE_LOOP('',(#1445,#1446,#1447,#1470));
#1445 = ORIENTED_EDGE('',*,*,#1367,.T.);
#1446 = ORIENTED_EDGE('',*,*,#843,.F.);
#1447 = ORIENTED_EDGE('',*,*,#1448,.F.);
#1448 = EDGE_CURVE('',#1449,#820,#1451,.T.);
#1449 = VERTEX_POINT('',#1450);
#1450 = CARTESIAN_POINT('',(9.305,-3.365,1.13));
#1451 = SURFACE_CURVE('',#1452,(#1456,#1463),.PCURVE_S1.);
#1452 = LINE('',#1453,#1454);
#1453 = CARTESIAN_POINT('',(9.305,-3.365,1.13));
#1454 = VECTOR('',#1455,1.);
#1455 = DIRECTION('',(0.,0.,1.));
#1456 = PCURVE('',#857,#1457);
#1457 = DEFINITIONAL_REPRESENTATION('',(#1458),#1462);
#1458 = LINE('',#1459,#1460);
#1459 = CARTESIAN_POINT('',(0.,19.21));
#1460 = VECTOR('',#1461,1.);
#1461 = DIRECTION('',(1.,0.));
#1462 = ( GEOMETRIC_REPRESENTATION_CONTEXT(2) 
PARAMETRIC_REPRESENTATION_CONTEXT() REPRESENTATION_CONTEXT('2D SPACE',''
  ) );
#1463 = PCURVE('',#962,#1464);
#1464 = DEFINITIONAL_REPRESENTATION('',(#1465),#1469);
#1465 = LINE('',#1466,#1467);
#1466 = CARTESIAN_POINT('',(-1.570796326795,0.));
#1467 = VECTOR('',#1468,1.);
#1468 = DIRECTION('',(-0.,1.));
#1469 = ( GEOMETRIC_REPRESENTATION_CONTEXT(2) 
PARAMETRIC_REPRESENTATION_CONTEXT() REPRESENTATION_CONTEXT('2D SPACE',''
  ) );
#1470 = ORIENTED_EDGE('',*,*,#1471,.F.);
#1471 = EDGE_CURVE('',#1344,#1449,#1472,.T.);
#1472 = SURFACE_CURVE('',#1473,(#1477,#1484),.PCURVE_S1.);
#1473 = LINE('',#1474,#1475);
#1474 = CARTESIAN_POINT('',(-9.905,-3.365,1.13));
#1475 = VECTOR('',#1476,1.);
#1476 = DIRECTION('',(1.,0.,0.));
#1477 = PCURVE('',#857,#1478);
#1478 = DEFINITIONAL_REPRESENTATION('',(#1479),#1483);
#1479 = LINE('',#1480,#1481);
#1480 = CARTESIAN_POINT('',(0.,0.));
#1481 = VECTOR('',#1482,1.);
#1482 = DIRECTION('',(0.,1.));
#1483 = ( GEOMETRIC_REPRESENTATION_CONTEXT(2) 
PARAMETRIC_REPRESENTATION_CONTEXT() REPRESENTATION_CONTEXT('2D SPACE',''
  ) );
#1484 = PCURVE('',#1305,#1485);
#1485 = DEFINITIONAL_REPRESENTATION('',(#1486),#1490);
#1486 = LINE('',#1487,#1488);
#1487 = CARTESIAN_POINT('',(0.,0.));
#1488 = VECTOR('',#1489,1.);
#1489 = DIRECTION('',(1.,0.));
#1490 = ( GEOMETRIC_REPRESENTATION_CONTEXT(2) 
PARAMETRIC_REPRESENTATION_CONTEXT() REPRESENTATION_CONTEXT('2D SPACE',''
  ) );
#1491 = ADVANCED_FACE('',(#1492),#910,.T.);
#1492 = FACE_BOUND('',#1493,.T.);
#1493 = EDGE_LOOP('',(#1494,#1495,#1496,#1519));
#1494 = ORIENTED_EDGE('',*,*,#1421,.T.);
#1495 = ORIENTED_EDGE('',*,*,#896,.T.);
#1496 = ORIENTED_EDGE('',*,*,#1497,.F.);
#1497 = EDGE_CURVE('',#1498,#875,#1500,.T.);
#1498 = VERTEX_POINT('',#1499);
#1499 = CARTESIAN_POINT('',(9.305,3.365,1.13));
#1500 = SURFACE_CURVE('',#1501,(#1505,#1512),.PCURVE_S1.);
#1501 = LINE('',#1502,#1503);
#1502 = CARTESIAN_POINT('',(9.305,3.365,1.13));
#1503 = VECTOR('',#1504,1.);
#1504 = DIRECTION('',(0.,0.,1.));
#1505 = PCURVE('',#910,#1506);
#1506 = DEFINITIONAL_REPRESENTATION('',(#1507),#1511);
#1507 = LINE('',#1508,#1509);
#1508 = CARTESIAN_POINT('',(0.,19.21));
#1509 = VECTOR('',#1510,1.);
#1510 = DIRECTION('',(1.,0.));
#1511 = ( GEOMETRIC_REPRESENTATION_CONTEXT(2) 
PARAMETRIC_REPRESENTATION_CONTEXT() REPRESENTATION_CONTEXT('2D SPACE',''
  ) );
#1512 = PCURVE('',#997,#1513);
#1513 = DEFINITIONAL_REPRESENTATION('',(#1514),#1518);
#1514 = LINE('',#1515,#1516);
#1515 = CARTESIAN_POINT('',(1.570796326795,0.));
#1516 = VECTOR('',#1517,1.);
#1517 = DIRECTION('',(0.,1.));
#1518 = ( GEOMETRIC_REPRESENTATION_CONTEXT(2) 
PARAMETRIC_REPRESENTATION_CONTEXT() REPRESENTATION_CONTEXT('2D SPACE',''
  ) );
#1519 = ORIENTED_EDGE('',*,*,#1520,.F.);
#1520 = EDGE_CURVE('',#1394,#1498,#1521,.T.);
#1521 = SURFACE_CURVE('',#1522,(#1526,#1533),.PCURVE_S1.);
#1522 = LINE('',#1523,#1524);
#1523 = CARTESIAN_POINT('',(-9.905,3.365,1.13));
#1524 = VECTOR('',#1525,1.);
#1525 = DIRECTION('',(1.,0.,0.));
#1526 = PCURVE('',#910,#1527);
#1527 = DEFINITIONAL_REPRESENTATION('',(#1528),#1532);
#1528 = LINE('',#1529,#1530);
#1529 = CARTESIAN_POINT('',(0.,0.));
#1530 = VECTOR('',#1531,1.);
#1531 = DIRECTION('',(0.,1.));
#1532 = ( GEOMETRIC_REPRESENTATION_CONTEXT(2) 
PARAMETRIC_REPRESENTATION_CONTEXT() REPRESENTATION_CONTEXT('2D SPACE',''
  ) );
#1533 = PCURVE('',#1305,#1534);
#1534 = DEFINITIONAL_REPRESENTATION('',(#1535),#1539);
#1535 = LINE('',#1536,#1537);
#1536 = CARTESIAN_POINT('',(0.,6.73));
#1537 = VECTOR('',#1538,1.);
#1538 = DIRECTION('',(1.,0.));
#1539 = ( GEOMETRIC_REPRESENTATION_CONTEXT(2) 
PARAMETRIC_REPRESENTATION_CONTEXT() REPRESENTATION_CONTEXT('2D SPACE',''
  ) );
#1540 = ADVANCED_FACE('',(#1541),#962,.T.);
#1541 = FACE_BOUND('',#1542,.F.);
#1542 = EDGE_LOOP('',(#1543,#1566,#1592,#1593));
#1543 = ORIENTED_EDGE('',*,*,#1544,.F.);
#1544 = EDGE_CURVE('',#1545,#926,#1547,.T.);
#1545 = VERTEX_POINT('',#1546);
#1546 = CARTESIAN_POINT('',(9.905,-2.765,1.13));
#1547 = SURFACE_CURVE('',#1548,(#1552,#1559),.PCURVE_S1.);
#1548 = LINE('',#1549,#1550);
#1549 = CARTESIAN_POINT('',(9.905,-2.765,1.13));
#1550 = VECTOR('',#1551,1.);
#1551 = DIRECTION('',(0.,0.,1.));
#1552 = PCURVE('',#962,#1553);
#1553 = DEFINITIONAL_REPRESENTATION('',(#1554),#1558);
#1554 = LINE('',#1555,#1556);
#1555 = CARTESIAN_POINT('',(-0.,0.));
#1556 = VECTOR('',#1557,1.);
#1557 = DIRECTION('',(-0.,1.));
#1558 = ( GEOMETRIC_REPRESENTATION_CONTEXT(2) 
PARAMETRIC_REPRESENTATION_CONTEXT() REPRESENTATION_CONTEXT('2D SPACE',''
  ) );
#1559 = PCURVE('',#1050,#1560);
#1560 = DEFINITIONAL_REPRESENTATION('',(#1561),#1565);
#1561 = LINE('',#1562,#1563);
#1562 = CARTESIAN_POINT('',(0.,-0.6));
#1563 = VECTOR('',#1564,1.);
#1564 = DIRECTION('',(1.,0.));
#1565 = ( GEOMETRIC_REPRESENTATION_CONTEXT(2) 
PARAMETRIC_REPRESENTATION_CONTEXT() REPRESENTATION_CONTEXT('2D SPACE',''
  ) );
#1566 = ORIENTED_EDGE('',*,*,#1567,.T.);
#1567 = EDGE_CURVE('',#1545,#1449,#1568,.T.);
#1568 = SURFACE_CURVE('',#1569,(#1574,#1581),.PCURVE_S1.);
#1569 = CIRCLE('',#1570,0.6);
#1570 = AXIS2_PLACEMENT_3D('',#1571,#1572,#1573);
#1571 = CARTESIAN_POINT('',(9.305,-2.765,1.13));
#1572 = DIRECTION('',(-0.,-0.,-1.));
#1573 = DIRECTION('',(0.,-1.,0.));
#1574 = PCURVE('',#962,#1575);
#1575 = DEFINITIONAL_REPRESENTATION('',(#1576),#1580);
#1576 = LINE('',#1577,#1578);
#1577 = CARTESIAN_POINT('',(4.712388980385,-0.));
#1578 = VECTOR('',#1579,1.);
#1579 = DIRECTION('',(-1.,0.));
#1580 = ( GEOMETRIC_REPRESENTATION_CONTEXT(2) 
PARAMETRIC_REPRESENTATION_CONTEXT() REPRESENTATION_CONTEXT('2D SPACE',''
  ) );
#1581 = PCURVE('',#1305,#1582);
#1582 = DEFINITIONAL_REPRESENTATION('',(#1583),#1591);
#1583 = ( BOUNDED_CURVE() B_SPLINE_CURVE(2,(#1584,#1585,#1586,#1587,
#1588,#1589,#1590),.UNSPECIFIED.,.T.,.F.) B_SPLINE_CURVE_WITH_KNOTS((1,2
    ,2,2,2,1),(-2.094395102393,0.,2.094395102393,4.188790204786,
6.28318530718,8.377580409573),.UNSPECIFIED.) CURVE() 
GEOMETRIC_REPRESENTATION_ITEM() RATIONAL_B_SPLINE_CURVE((1.,0.5,1.,0.5,
1.,0.5,1.)) REPRESENTATION_ITEM('') );
#1584 = CARTESIAN_POINT('',(19.21,-3.330669073875E-16));
#1585 = CARTESIAN_POINT('',(18.170769515459,-3.330669073875E-16));
#1586 = CARTESIAN_POINT('',(18.690384757729,0.9));
#1587 = CARTESIAN_POINT('',(19.21,1.8));
#1588 = CARTESIAN_POINT('',(19.729615242271,0.9));
#1589 = CARTESIAN_POINT('',(20.249230484541,5.551115123126E-16));
#1590 = CARTESIAN_POINT('',(19.21,-3.330669073875E-16));
#1591 = ( GEOMETRIC_REPRESENTATION_CONTEXT(2) 
PARAMETRIC_REPRESENTATION_CONTEXT() REPRESENTATION_CONTEXT('2D SPACE',''
  ) );
#1592 = ORIENTED_EDGE('',*,*,#1448,.T.);
#1593 = ORIENTED_EDGE('',*,*,#947,.F.);
#1594 = ADVANCED_FACE('',(#1595),#997,.T.);
#1595 = FACE_BOUND('',#1596,.T.);
#1596 = EDGE_LOOP('',(#1597,#1620,#1642,#1643));
#1597 = ORIENTED_EDGE('',*,*,#1598,.F.);
#1598 = EDGE_CURVE('',#1599,#981,#1601,.T.);
#1599 = VERTEX_POINT('',#1600);
#1600 = CARTESIAN_POINT('',(9.905,2.765,1.13));
#1601 = SURFACE_CURVE('',#1602,(#1606,#1613),.PCURVE_S1.);
#1602 = LINE('',#1603,#1604);
#1603 = CARTESIAN_POINT('',(9.905,2.765,1.13));
#1604 = VECTOR('',#1605,1.);
#1605 = DIRECTION('',(0.,0.,1.));
#1606 = PCURVE('',#997,#1607);
#1607 = DEFINITIONAL_REPRESENTATION('',(#1608),#1612);
#1608 = LINE('',#1609,#1610);
#1609 = CARTESIAN_POINT('',(0.,0.));
#1610 = VECTOR('',#1611,1.);
#1611 = DIRECTION('',(0.,1.));
#1612 = ( GEOMETRIC_REPRESENTATION_CONTEXT(2) 
PARAMETRIC_REPRESENTATION_CONTEXT() REPRESENTATION_CONTEXT('2D SPACE',''
  ) );
#1613 = PCURVE('',#1050,#1614);
#1614 = DEFINITIONAL_REPRESENTATION('',(#1615),#1619);
#1615 = LINE('',#1616,#1617);
#1616 = CARTESIAN_POINT('',(0.,-6.13));
#1617 = VECTOR('',#1618,1.);
#1618 = DIRECTION('',(1.,0.));
#1619 = ( GEOMETRIC_REPRESENTATION_CONTEXT(2) 
PARAMETRIC_REPRESENTATION_CONTEXT() REPRESENTATION_CONTEXT('2D SPACE',''
  ) );
#1620 = ORIENTED_EDGE('',*,*,#1621,.T.);
#1621 = EDGE_CURVE('',#1599,#1498,#1622,.T.);
#1622 = SURFACE_CURVE('',#1623,(#1628,#1635),.PCURVE_S1.);
#1623 = CIRCLE('',#1624,0.6);
#1624 = AXIS2_PLACEMENT_3D('',#1625,#1626,#1627);
#1625 = CARTESIAN_POINT('',(9.305,2.765,1.13));
#1626 = DIRECTION('',(0.,0.,1.));
#1627 = DIRECTION('',(0.,-1.,0.));
#1628 = PCURVE('',#997,#1629);
#1629 = DEFINITIONAL_REPRESENTATION('',(#1630),#1634);
#1630 = LINE('',#1631,#1632);
#1631 = CARTESIAN_POINT('',(-1.570796326795,0.));
#1632 = VECTOR('',#1633,1.);
#1633 = DIRECTION('',(1.,0.));
#1634 = ( GEOMETRIC_REPRESENTATION_CONTEXT(2) 
PARAMETRIC_REPRESENTATION_CONTEXT() REPRESENTATION_CONTEXT('2D SPACE',''
  ) );
#1635 = PCURVE('',#1305,#1636);
#1636 = DEFINITIONAL_REPRESENTATION('',(#1637),#1641);
#1637 = CIRCLE('',#1638,0.6);
#1638 = AXIS2_PLACEMENT_2D('',#1639,#1640);
#1639 = CARTESIAN_POINT('',(19.21,6.13));
#1640 = DIRECTION('',(0.,-1.));
#1641 = ( GEOMETRIC_REPRESENTATION_CONTEXT(2) 
PARAMETRIC_REPRESENTATION_CONTEXT() REPRESENTATION_CONTEXT('2D SPACE',''
  ) );
#1642 = ORIENTED_EDGE('',*,*,#1497,.T.);
#1643 = ORIENTED_EDGE('',*,*,#980,.T.);
#1644 = ADVANCED_FACE('',(#1645),#1050,.T.);
#1645 = FACE_BOUND('',#1646,.T.);
#1646 = EDGE_LOOP('',(#1647,#1648,#1669,#1670));
#1647 = ORIENTED_EDGE('',*,*,#1544,.F.);
#1648 = ORIENTED_EDGE('',*,*,#1649,.T.);
#1649 = EDGE_CURVE('',#1545,#1599,#1650,.T.);
#1650 = SURFACE_CURVE('',#1651,(#1655,#1662),.PCURVE_S1.);
#1651 = LINE('',#1652,#1653);
#1652 = CARTESIAN_POINT('',(9.905,-3.365,1.13));
#1653 = VECTOR('',#1654,1.);
#1654 = DIRECTION('',(0.,1.,0.));
#1655 = PCURVE('',#1050,#1656);
#1656 = DEFINITIONAL_REPRESENTATION('',(#1657),#1661);
#1657 = LINE('',#1658,#1659);
#1658 = CARTESIAN_POINT('',(0.,0.));
#1659 = VECTOR('',#1660,1.);
#1660 = DIRECTION('',(0.,-1.));
#1661 = ( GEOMETRIC_REPRESENTATION_CONTEXT(2) 
PARAMETRIC_REPRESENTATION_CONTEXT() REPRESENTATION_CONTEXT('2D SPACE',''
  ) );
#1662 = PCURVE('',#1305,#1663);
#1663 = DEFINITIONAL_REPRESENTATION('',(#1664),#1668);
#1664 = LINE('',#1665,#1666);
#1665 = CARTESIAN_POINT('',(19.81,0.));
#1666 = VECTOR('',#1667,1.);
#1667 = DIRECTION('',(0.,1.));
#1668 = ( GEOMETRIC_REPRESENTATION_CONTEXT(2) 
PARAMETRIC_REPRESENTATION_CONTEXT() REPRESENTATION_CONTEXT('2D SPACE',''
  ) );
#1669 = ORIENTED_EDGE('',*,*,#1598,.T.);
#1670 = ORIENTED_EDGE('',*,*,#1036,.T.);
#1671 = ADVANCED_FACE('',(#1672,#1678,#1790,#1902,#2014),#1104,.T.);
#1672 = FACE_BOUND('',#1673,.T.);
#1673 = EDGE_LOOP('',(#1674,#1675,#1676,#1677));
#1674 = ORIENTED_EDGE('',*,*,#1191,.F.);
#1675 = ORIENTED_EDGE('',*,*,#1088,.T.);
#1676 = ORIENTED_EDGE('',*,*,#1142,.T.);
#1677 = ORIENTED_EDGE('',*,*,#1240,.F.);
#1678 = FACE_BOUND('',#1679,.T.);
#1679 = EDGE_LOOP('',(#1680,#1709,#1737,#1764));
#1680 = ORIENTED_EDGE('',*,*,#1681,.T.);
#1681 = EDGE_CURVE('',#1682,#1684,#1686,.T.);
#1682 = VERTEX_POINT('',#1683);
#1683 = CARTESIAN_POINT('',(-5.945,-1.9,1.6));
#1684 = VERTEX_POINT('',#1685);
#1685 = CARTESIAN_POINT('',(-7.525,-1.9,1.6));
#1686 = SURFACE_CURVE('',#1687,(#1691,#1698),.PCURVE_S1.);
#1687 = LINE('',#1688,#1689);
#1688 = CARTESIAN_POINT('',(-8.4,-1.9,1.6));
#1689 = VECTOR('',#1690,1.);
#1690 = DIRECTION('',(-1.,0.,0.));
#1691 = PCURVE('',#1104,#1692);
#1692 = DEFINITIONAL_REPRESENTATION('',(#1693),#1697);
#1693 = LINE('',#1694,#1695);
#1694 = CARTESIAN_POINT('',(1.E-01,0.125));
#1695 = VECTOR('',#1696,1.);
#1696 = DIRECTION('',(-1.,0.));
#1697 = ( GEOMETRIC_REPRESENTATION_CONTEXT(2) 
PARAMETRIC_REPRESENTATION_CONTEXT() REPRESENTATION_CONTEXT('2D SPACE',''
  ) );
#1698 = PCURVE('',#1699,#1704);
#1699 = PLANE('',#1700);
#1700 = AXIS2_PLACEMENT_3D('',#1701,#1702,#1703);
#1701 = CARTESIAN_POINT('',(-8.3,-1.9,1.6));
#1702 = DIRECTION('',(0.,1.,0.));
#1703 = DIRECTION('',(0.,0.,1.));
#1704 = DEFINITIONAL_REPRESENTATION('',(#1705),#1708);
#1705 = B_SPLINE_CURVE_WITH_KNOTS('',1,(#1706,#1707),.UNSPECIFIED.,.F.,
  .F.,(2,2),(-4.7,-1.E-01),.PIECEWISE_BEZIER_KNOTS.);
#1706 = CARTESIAN_POINT('',(0.,4.6));
#1707 = CARTESIAN_POINT('',(0.,0.));
#1708 = ( GEOMETRIC_REPRESENTATION_CONTEXT(2) 
PARAMETRIC_REPRESENTATION_CONTEXT() REPRESENTATION_CONTEXT('2D SPACE',''
  ) );
#1709 = ORIENTED_EDGE('',*,*,#1710,.T.);
#1710 = EDGE_CURVE('',#1684,#1711,#1713,.T.);
#1711 = VERTEX_POINT('',#1712);
#1712 = CARTESIAN_POINT('',(-7.525,-1.6,1.6));
#1713 = SURFACE_CURVE('',#1714,(#1718,#1725),.PCURVE_S1.);
#1714 = LINE('',#1715,#1716);
#1715 = CARTESIAN_POINT('',(-7.525,-1.9,1.6));
#1716 = VECTOR('',#1717,1.);
#1717 = DIRECTION('',(0.,1.,0.));
#1718 = PCURVE('',#1104,#1719);
#1719 = DEFINITIONAL_REPRESENTATION('',(#1720),#1724);
#1720 = LINE('',#1721,#1722);
#1721 = CARTESIAN_POINT('',(0.975,0.125));
#1722 = VECTOR('',#1723,1.);
#1723 = DIRECTION('',(0.,1.));
#1724 = ( GEOMETRIC_REPRESENTATION_CONTEXT(2) 
PARAMETRIC_REPRESENTATION_CONTEXT() REPRESENTATION_CONTEXT('2D SPACE',''
  ) );
#1725 = PCURVE('',#1726,#1731);
#1726 = PLANE('',#1727);
#1727 = AXIS2_PLACEMENT_3D('',#1728,#1729,#1730);
#1728 = CARTESIAN_POINT('',(-7.525,-1.9,0.));
#1729 = DIRECTION('',(1.,0.,0.));
#1730 = DIRECTION('',(0.,0.,1.));
#1731 = DEFINITIONAL_REPRESENTATION('',(#1732),#1736);
#1732 = LINE('',#1733,#1734);
#1733 = CARTESIAN_POINT('',(1.6,0.));
#1734 = VECTOR('',#1735,1.);
#1735 = DIRECTION('',(0.,-1.));
#1736 = ( GEOMETRIC_REPRESENTATION_CONTEXT(2) 
PARAMETRIC_REPRESENTATION_CONTEXT() REPRESENTATION_CONTEXT('2D SPACE',''
  ) );
#1737 = ORIENTED_EDGE('',*,*,#1738,.F.);
#1738 = EDGE_CURVE('',#1739,#1711,#1741,.T.);
#1739 = VERTEX_POINT('',#1740);
#1740 = CARTESIAN_POINT('',(-5.945,-1.6,1.6));
#1741 = SURFACE_CURVE('',#1742,(#1746,#1753),.PCURVE_S1.);
#1742 = LINE('',#1743,#1744);
#1743 = CARTESIAN_POINT('',(-8.4,-1.6,1.6));
#1744 = VECTOR('',#1745,1.);
#1745 = DIRECTION('',(-1.,0.,0.));
#1746 = PCURVE('',#1104,#1747);
#1747 = DEFINITIONAL_REPRESENTATION('',(#1748),#1752);
#1748 = LINE('',#1749,#1750);
#1749 = CARTESIAN_POINT('',(1.E-01,0.425));
#1750 = VECTOR('',#1751,1.);
#1751 = DIRECTION('',(-1.,0.));
#1752 = ( GEOMETRIC_REPRESENTATION_CONTEXT(2) 
PARAMETRIC_REPRESENTATION_CONTEXT() REPRESENTATION_CONTEXT('2D SPACE',''
  ) );
#1753 = PCURVE('',#1754,#1759);
#1754 = PLANE('',#1755);
#1755 = AXIS2_PLACEMENT_3D('',#1756,#1757,#1758);
#1756 = CARTESIAN_POINT('',(-8.3,-1.6,1.6));
#1757 = DIRECTION('',(0.,1.,0.));
#1758 = DIRECTION('',(0.,0.,1.));
#1759 = DEFINITIONAL_REPRESENTATION('',(#1760),#1763);
#1760 = B_SPLINE_CURVE_WITH_KNOTS('',1,(#1761,#1762),.UNSPECIFIED.,.F.,
  .F.,(2,2),(-4.4,-0.4),.PIECEWISE_BEZIER_KNOTS.);
#1761 = CARTESIAN_POINT('',(0.,4.3));
#1762 = CARTESIAN_POINT('',(0.,0.3));
#1763 = ( GEOMETRIC_REPRESENTATION_CONTEXT(2) 
PARAMETRIC_REPRESENTATION_CONTEXT() REPRESENTATION_CONTEXT('2D SPACE',''
  ) );
#1764 = ORIENTED_EDGE('',*,*,#1765,.F.);
#1765 = EDGE_CURVE('',#1682,#1739,#1766,.T.);
#1766 = SURFACE_CURVE('',#1767,(#1771,#1778),.PCURVE_S1.);
#1767 = LINE('',#1768,#1769);
#1768 = CARTESIAN_POINT('',(-5.945,-1.9,1.6));
#1769 = VECTOR('',#1770,1.);
#1770 = DIRECTION('',(0.,1.,0.));
#1771 = PCURVE('',#1104,#1772);
#1772 = DEFINITIONAL_REPRESENTATION('',(#1773),#1777);
#1773 = LINE('',#1774,#1775);
#1774 = CARTESIAN_POINT('',(2.555,0.125));
#1775 = VECTOR('',#1776,1.);
#1776 = DIRECTION('',(0.,1.));
#1777 = ( GEOMETRIC_REPRESENTATION_CONTEXT(2) 
PARAMETRIC_REPRESENTATION_CONTEXT() REPRESENTATION_CONTEXT('2D SPACE',''
  ) );
#1778 = PCURVE('',#1779,#1784);
#1779 = PLANE('',#1780);
#1780 = AXIS2_PLACEMENT_3D('',#1781,#1782,#1783);
#1781 = CARTESIAN_POINT('',(-5.945,-1.9,0.));
#1782 = DIRECTION('',(1.,0.,0.));
#1783 = DIRECTION('',(0.,0.,1.));
#1784 = DEFINITIONAL_REPRESENTATION('',(#1785),#1789);
#1785 = LINE('',#1786,#1787);
#1786 = CARTESIAN_POINT('',(1.6,0.));
#1787 = VECTOR('',#1788,1.);
#1788 = DIRECTION('',(0.,-1.));
#1789 = ( GEOMETRIC_REPRESENTATION_CONTEXT(2) 
PARAMETRIC_REPRESENTATION_CONTEXT() REPRESENTATION_CONTEXT('2D SPACE',''
  ) );
#1790 = FACE_BOUND('',#1791,.T.);
#1791 = EDGE_LOOP('',(#1792,#1821,#1849,#1876));
#1792 = ORIENTED_EDGE('',*,*,#1793,.T.);
#1793 = EDGE_CURVE('',#1794,#1796,#1798,.T.);
#1794 = VERTEX_POINT('',#1795);
#1795 = CARTESIAN_POINT('',(7.525,-1.9,1.6));
#1796 = VERTEX_POINT('',#1797);
#1797 = CARTESIAN_POINT('',(5.945,-1.9,1.6));
#1798 = SURFACE_CURVE('',#1799,(#1803,#1810),.PCURVE_S1.);
#1799 = LINE('',#1800,#1801);
#1800 = CARTESIAN_POINT('',(-0.25,-1.9,1.6));
#1801 = VECTOR('',#1802,1.);
#1802 = DIRECTION('',(-1.,0.,0.));
#1803 = PCURVE('',#1104,#1804);
#1804 = DEFINITIONAL_REPRESENTATION('',(#1805),#1809);
#1805 = LINE('',#1806,#1807);
#1806 = CARTESIAN_POINT('',(8.25,0.125));
#1807 = VECTOR('',#1808,1.);
#1808 = DIRECTION('',(-1.,0.));
#1809 = ( GEOMETRIC_REPRESENTATION_CONTEXT(2) 
PARAMETRIC_REPRESENTATION_CONTEXT() REPRESENTATION_CONTEXT('2D SPACE',''
  ) );
#1810 = PCURVE('',#1811,#1816);
#1811 = PLANE('',#1812);
#1812 = AXIS2_PLACEMENT_3D('',#1813,#1814,#1815);
#1813 = CARTESIAN_POINT('',(8.,-1.9,1.6));
#1814 = DIRECTION('',(0.,1.,0.));
#1815 = DIRECTION('',(0.,0.,1.));
#1816 = DEFINITIONAL_REPRESENTATION('',(#1817),#1820);
#1817 = B_SPLINE_CURVE_WITH_KNOTS('',1,(#1818,#1819),.UNSPECIFIED.,.F.,
  .F.,(2,2),(-8.55,-3.95),.PIECEWISE_BEZIER_KNOTS.);
#1818 = CARTESIAN_POINT('',(0.,0.3));
#1819 = CARTESIAN_POINT('',(0.,-4.3));
#1820 = ( GEOMETRIC_REPRESENTATION_CONTEXT(2) 
PARAMETRIC_REPRESENTATION_CONTEXT() REPRESENTATION_CONTEXT('2D SPACE',''
  ) );
#1821 = ORIENTED_EDGE('',*,*,#1822,.T.);
#1822 = EDGE_CURVE('',#1796,#1823,#1825,.T.);
#1823 = VERTEX_POINT('',#1824);
#1824 = CARTESIAN_POINT('',(5.945,-1.6,1.6));
#1825 = SURFACE_CURVE('',#1826,(#1830,#1837),.PCURVE_S1.);
#1826 = LINE('',#1827,#1828);
#1827 = CARTESIAN_POINT('',(5.945,-1.9,1.6));
#1828 = VECTOR('',#1829,1.);
#1829 = DIRECTION('',(0.,1.,0.));
#1830 = PCURVE('',#1104,#1831);
#1831 = DEFINITIONAL_REPRESENTATION('',(#1832),#1836);
#1832 = LINE('',#1833,#1834);
#1833 = CARTESIAN_POINT('',(14.445,0.125));
#1834 = VECTOR('',#1835,1.);
#1835 = DIRECTION('',(0.,1.));
#1836 = ( GEOMETRIC_REPRESENTATION_CONTEXT(2) 
PARAMETRIC_REPRESENTATION_CONTEXT() REPRESENTATION_CONTEXT('2D SPACE',''
  ) );
#1837 = PCURVE('',#1838,#1843);
#1838 = PLANE('',#1839);
#1839 = AXIS2_PLACEMENT_3D('',#1840,#1841,#1842);
#1840 = CARTESIAN_POINT('',(5.945,-1.9,0.));
#1841 = DIRECTION('',(1.,0.,0.));
#1842 = DIRECTION('',(0.,0.,1.));
#1843 = DEFINITIONAL_REPRESENTATION('',(#1844),#1848);
#1844 = LINE('',#1845,#1846);
#1845 = CARTESIAN_POINT('',(1.6,0.));
#1846 = VECTOR('',#1847,1.);
#1847 = DIRECTION('',(0.,-1.));
#1848 = ( GEOMETRIC_REPRESENTATION_CONTEXT(2) 
PARAMETRIC_REPRESENTATION_CONTEXT() REPRESENTATION_CONTEXT('2D SPACE',''
  ) );
#1849 = ORIENTED_EDGE('',*,*,#1850,.F.);
#1850 = EDGE_CURVE('',#1851,#1823,#1853,.T.);
#1851 = VERTEX_POINT('',#1852);
#1852 = CARTESIAN_POINT('',(7.525,-1.6,1.6));
#1853 = SURFACE_CURVE('',#1854,(#1858,#1865),.PCURVE_S1.);
#1854 = LINE('',#1855,#1856);
#1855 = CARTESIAN_POINT('',(-2.4,-1.6,1.6));
#1856 = VECTOR('',#1857,1.);
#1857 = DIRECTION('',(-1.,0.,0.));
#1858 = PCURVE('',#1104,#1859);
#1859 = DEFINITIONAL_REPRESENTATION('',(#1860),#1864);
#1860 = LINE('',#1861,#1862);
#1861 = CARTESIAN_POINT('',(6.1,0.425));
#1862 = VECTOR('',#1863,1.);
#1863 = DIRECTION('',(-1.,0.));
#1864 = ( GEOMETRIC_REPRESENTATION_CONTEXT(2) 
PARAMETRIC_REPRESENTATION_CONTEXT() REPRESENTATION_CONTEXT('2D SPACE',''
  ) );
#1865 = PCURVE('',#1866,#1871);
#1866 = PLANE('',#1867);
#1867 = AXIS2_PLACEMENT_3D('',#1868,#1869,#1870);
#1868 = CARTESIAN_POINT('',(3.7,-1.6,1.6));
#1869 = DIRECTION('',(0.,1.,0.));
#1870 = DIRECTION('',(0.,0.,1.));
#1871 = DEFINITIONAL_REPRESENTATION('',(#1872),#1875);
#1872 = B_SPLINE_CURVE_WITH_KNOTS('',1,(#1873,#1874),.UNSPECIFIED.,.F.,
  .F.,(2,2),(-10.4,-6.4),.PIECEWISE_BEZIER_KNOTS.);
#1873 = CARTESIAN_POINT('',(0.,4.3));
#1874 = CARTESIAN_POINT('',(0.,0.3));
#1875 = ( GEOMETRIC_REPRESENTATION_CONTEXT(2) 
PARAMETRIC_REPRESENTATION_CONTEXT() REPRESENTATION_CONTEXT('2D SPACE',''
  ) );
#1876 = ORIENTED_EDGE('',*,*,#1877,.F.);
#1877 = EDGE_CURVE('',#1794,#1851,#1878,.T.);
#1878 = SURFACE_CURVE('',#1879,(#1883,#1890),.PCURVE_S1.);
#1879 = LINE('',#1880,#1881);
#1880 = CARTESIAN_POINT('',(7.525,-1.9,1.6));
#1881 = VECTOR('',#1882,1.);
#1882 = DIRECTION('',(0.,1.,0.));
#1883 = PCURVE('',#1104,#1884);
#1884 = DEFINITIONAL_REPRESENTATION('',(#1885),#1889);
#1885 = LINE('',#1886,#1887);
#1886 = CARTESIAN_POINT('',(16.025,0.125));
#1887 = VECTOR('',#1888,1.);
#1888 = DIRECTION('',(0.,1.));
#1889 = ( GEOMETRIC_REPRESENTATION_CONTEXT(2) 
PARAMETRIC_REPRESENTATION_CONTEXT() REPRESENTATION_CONTEXT('2D SPACE',''
  ) );
#1890 = PCURVE('',#1891,#1896);
#1891 = PLANE('',#1892);
#1892 = AXIS2_PLACEMENT_3D('',#1893,#1894,#1895);
#1893 = CARTESIAN_POINT('',(7.525,-1.9,0.));
#1894 = DIRECTION('',(1.,0.,0.));
#1895 = DIRECTION('',(0.,0.,1.));
#1896 = DEFINITIONAL_REPRESENTATION('',(#1897),#1901);
#1897 = LINE('',#1898,#1899);
#1898 = CARTESIAN_POINT('',(1.6,0.));
#1899 = VECTOR('',#1900,1.);
#1900 = DIRECTION('',(0.,-1.));
#1901 = ( GEOMETRIC_REPRESENTATION_CONTEXT(2) 
PARAMETRIC_REPRESENTATION_CONTEXT() REPRESENTATION_CONTEXT('2D SPACE',''
  ) );
#1902 = FACE_BOUND('',#1903,.T.);
#1903 = EDGE_LOOP('',(#1904,#1933,#1961,#1988));
#1904 = ORIENTED_EDGE('',*,*,#1905,.F.);
#1905 = EDGE_CURVE('',#1906,#1908,#1910,.T.);
#1906 = VERTEX_POINT('',#1907);
#1907 = CARTESIAN_POINT('',(7.525,1.9,1.6));
#1908 = VERTEX_POINT('',#1909);
#1909 = CARTESIAN_POINT('',(5.945,1.9,1.6));
#1910 = SURFACE_CURVE('',#1911,(#1915,#1922),.PCURVE_S1.);
#1911 = LINE('',#1912,#1913);
#1912 = CARTESIAN_POINT('',(-0.25,1.9,1.6));
#1913 = VECTOR('',#1914,1.);
#1914 = DIRECTION('',(-1.,0.,0.));
#1915 = PCURVE('',#1104,#1916);
#1916 = DEFINITIONAL_REPRESENTATION('',(#1917),#1921);
#1917 = LINE('',#1918,#1919);
#1918 = CARTESIAN_POINT('',(8.25,3.925));
#1919 = VECTOR('',#1920,1.);
#1920 = DIRECTION('',(-1.,0.));
#1921 = ( GEOMETRIC_REPRESENTATION_CONTEXT(2) 
PARAMETRIC_REPRESENTATION_CONTEXT() REPRESENTATION_CONTEXT('2D SPACE',''
  ) );
#1922 = PCURVE('',#1923,#1928);
#1923 = PLANE('',#1924);
#1924 = AXIS2_PLACEMENT_3D('',#1925,#1926,#1927);
#1925 = CARTESIAN_POINT('',(8.,1.9,1.6));
#1926 = DIRECTION('',(0.,1.,0.));
#1927 = DIRECTION('',(0.,0.,1.));
#1928 = DEFINITIONAL_REPRESENTATION('',(#1929),#1932);
#1929 = B_SPLINE_CURVE_WITH_KNOTS('',1,(#1930,#1931),.UNSPECIFIED.,.F.,
  .F.,(2,2),(-8.55,-3.95),.PIECEWISE_BEZIER_KNOTS.);
#1930 = CARTESIAN_POINT('',(0.,0.3));
#1931 = CARTESIAN_POINT('',(0.,-4.3));
#1932 = ( GEOMETRIC_REPRESENTATION_CONTEXT(2) 
PARAMETRIC_REPRESENTATION_CONTEXT() REPRESENTATION_CONTEXT('2D SPACE',''
  ) );
#1933 = ORIENTED_EDGE('',*,*,#1934,.F.);
#1934 = EDGE_CURVE('',#1935,#1906,#1937,.T.);
#1935 = VERTEX_POINT('',#1936);
#1936 = CARTESIAN_POINT('',(7.525,1.6,1.6));
#1937 = SURFACE_CURVE('',#1938,(#1942,#1949),.PCURVE_S1.);
#1938 = LINE('',#1939,#1940);
#1939 = CARTESIAN_POINT('',(7.525,-0.15,1.6));
#1940 = VECTOR('',#1941,1.);
#1941 = DIRECTION('',(0.,1.,0.));
#1942 = PCURVE('',#1104,#1943);
#1943 = DEFINITIONAL_REPRESENTATION('',(#1944),#1948);
#1944 = LINE('',#1945,#1946);
#1945 = CARTESIAN_POINT('',(16.025,1.875));
#1946 = VECTOR('',#1947,1.);
#1947 = DIRECTION('',(0.,1.));
#1948 = ( GEOMETRIC_REPRESENTATION_CONTEXT(2) 
PARAMETRIC_REPRESENTATION_CONTEXT() REPRESENTATION_CONTEXT('2D SPACE',''
  ) );
#1949 = PCURVE('',#1950,#1955);
#1950 = PLANE('',#1951);
#1951 = AXIS2_PLACEMENT_3D('',#1952,#1953,#1954);
#1952 = CARTESIAN_POINT('',(7.525,1.6,0.));
#1953 = DIRECTION('',(1.,0.,0.));
#1954 = DIRECTION('',(0.,0.,1.));
#1955 = DEFINITIONAL_REPRESENTATION('',(#1956),#1960);
#1956 = LINE('',#1957,#1958);
#1957 = CARTESIAN_POINT('',(1.6,1.75));
#1958 = VECTOR('',#1959,1.);
#1959 = DIRECTION('',(0.,-1.));
#1960 = ( GEOMETRIC_REPRESENTATION_CONTEXT(2) 
PARAMETRIC_REPRESENTATION_CONTEXT() REPRESENTATION_CONTEXT('2D SPACE',''
  ) );
#1961 = ORIENTED_EDGE('',*,*,#1962,.T.);
#1962 = EDGE_CURVE('',#1935,#1963,#1965,.T.);
#1963 = VERTEX_POINT('',#1964);
#1964 = CARTESIAN_POINT('',(5.945,1.6,1.6));
#1965 = SURFACE_CURVE('',#1966,(#1970,#1977),.PCURVE_S1.);
#1966 = LINE('',#1967,#1968);
#1967 = CARTESIAN_POINT('',(-2.4,1.6,1.6));
#1968 = VECTOR('',#1969,1.);
#1969 = DIRECTION('',(-1.,0.,0.));
#1970 = PCURVE('',#1104,#1971);
#1971 = DEFINITIONAL_REPRESENTATION('',(#1972),#1976);
#1972 = LINE('',#1973,#1974);
#1973 = CARTESIAN_POINT('',(6.1,3.625));
#1974 = VECTOR('',#1975,1.);
#1975 = DIRECTION('',(-1.,0.));
#1976 = ( GEOMETRIC_REPRESENTATION_CONTEXT(2) 
PARAMETRIC_REPRESENTATION_CONTEXT() REPRESENTATION_CONTEXT('2D SPACE',''
  ) );
#1977 = PCURVE('',#1978,#1983);
#1978 = PLANE('',#1979);
#1979 = AXIS2_PLACEMENT_3D('',#1980,#1981,#1982);
#1980 = CARTESIAN_POINT('',(3.7,1.6,1.6));
#1981 = DIRECTION('',(0.,1.,0.));
#1982 = DIRECTION('',(0.,0.,1.));
#1983 = DEFINITIONAL_REPRESENTATION('',(#1984),#1987);
#1984 = B_SPLINE_CURVE_WITH_KNOTS('',1,(#1985,#1986),.UNSPECIFIED.,.F.,
  .F.,(2,2),(-10.4,-6.4),.PIECEWISE_BEZIER_KNOTS.);
#1985 = CARTESIAN_POINT('',(0.,4.3));
#1986 = CARTESIAN_POINT('',(0.,0.3));
#1987 = ( GEOMETRIC_REPRESENTATION_CONTEXT(2) 
PARAMETRIC_REPRESENTATION_CONTEXT() REPRESENTATION_CONTEXT('2D SPACE',''
  ) );
#1988 = ORIENTED_EDGE('',*,*,#1989,.T.);
#1989 = EDGE_CURVE('',#1963,#1908,#1990,.T.);
#1990 = SURFACE_CURVE('',#1991,(#1995,#2002),.PCURVE_S1.);
#1991 = LINE('',#1992,#1993);
#1992 = CARTESIAN_POINT('',(5.945,-0.15,1.6));
#1993 = VECTOR('',#1994,1.);
#1994 = DIRECTION('',(0.,1.,0.));
#1995 = PCURVE('',#1104,#1996);
#1996 = DEFINITIONAL_REPRESENTATION('',(#1997),#2001);
#1997 = LINE('',#1998,#1999);
#1998 = CARTESIAN_POINT('',(14.445,1.875));
#1999 = VECTOR('',#2000,1.);
#2000 = DIRECTION('',(0.,1.));
#2001 = ( GEOMETRIC_REPRESENTATION_CONTEXT(2) 
PARAMETRIC_REPRESENTATION_CONTEXT() REPRESENTATION_CONTEXT('2D SPACE',''
  ) );
#2002 = PCURVE('',#2003,#2008);
#2003 = PLANE('',#2004);
#2004 = AXIS2_PLACEMENT_3D('',#2005,#2006,#2007);
#2005 = CARTESIAN_POINT('',(5.945,1.6,0.));
#2006 = DIRECTION('',(1.,0.,0.));
#2007 = DIRECTION('',(0.,0.,1.));
#2008 = DEFINITIONAL_REPRESENTATION('',(#2009),#2013);
#2009 = LINE('',#2010,#2011);
#2010 = CARTESIAN_POINT('',(1.6,1.75));
#2011 = VECTOR('',#2012,1.);
#2012 = DIRECTION('',(0.,-1.));
#2013 = ( GEOMETRIC_REPRESENTATION_CONTEXT(2) 
PARAMETRIC_REPRESENTATION_CONTEXT() REPRESENTATION_CONTEXT('2D SPACE',''
  ) );
#2014 = FACE_BOUND('',#2015,.T.);
#2015 = EDGE_LOOP('',(#2016,#2045,#2073,#2100));
#2016 = ORIENTED_EDGE('',*,*,#2017,.T.);
#2017 = EDGE_CURVE('',#2018,#2020,#2022,.T.);
#2018 = VERTEX_POINT('',#2019);
#2019 = CARTESIAN_POINT('',(-5.945,1.6,1.6));
#2020 = VERTEX_POINT('',#2021);
#2021 = CARTESIAN_POINT('',(-7.525,1.6,1.6));
#2022 = SURFACE_CURVE('',#2023,(#2027,#2034),.PCURVE_S1.);
#2023 = LINE('',#2024,#2025);
#2024 = CARTESIAN_POINT('',(-8.4,1.6,1.6));
#2025 = VECTOR('',#2026,1.);
#2026 = DIRECTION('',(-1.,0.,0.));
#2027 = PCURVE('',#1104,#2028);
#2028 = DEFINITIONAL_REPRESENTATION('',(#2029),#2033);
#2029 = LINE('',#2030,#2031);
#2030 = CARTESIAN_POINT('',(1.E-01,3.625));
#2031 = VECTOR('',#2032,1.);
#2032 = DIRECTION('',(-1.,0.));
#2033 = ( GEOMETRIC_REPRESENTATION_CONTEXT(2) 
PARAMETRIC_REPRESENTATION_CONTEXT() REPRESENTATION_CONTEXT('2D SPACE',''
  ) );
#2034 = PCURVE('',#2035,#2040);
#2035 = PLANE('',#2036);
#2036 = AXIS2_PLACEMENT_3D('',#2037,#2038,#2039);
#2037 = CARTESIAN_POINT('',(-8.3,1.6,1.6));
#2038 = DIRECTION('',(0.,1.,0.));
#2039 = DIRECTION('',(0.,0.,1.));
#2040 = DEFINITIONAL_REPRESENTATION('',(#2041),#2044);
#2041 = B_SPLINE_CURVE_WITH_KNOTS('',1,(#2042,#2043),.UNSPECIFIED.,.F.,
  .F.,(2,2),(-4.4,-0.4),.PIECEWISE_BEZIER_KNOTS.);
#2042 = CARTESIAN_POINT('',(0.,4.3));
#2043 = CARTESIAN_POINT('',(0.,0.3));
#2044 = ( GEOMETRIC_REPRESENTATION_CONTEXT(2) 
PARAMETRIC_REPRESENTATION_CONTEXT() REPRESENTATION_CONTEXT('2D SPACE',''
  ) );
#2045 = ORIENTED_EDGE('',*,*,#2046,.T.);
#2046 = EDGE_CURVE('',#2020,#2047,#2049,.T.);
#2047 = VERTEX_POINT('',#2048);
#2048 = CARTESIAN_POINT('',(-7.525,1.9,1.6));
#2049 = SURFACE_CURVE('',#2050,(#2054,#2061),.PCURVE_S1.);
#2050 = LINE('',#2051,#2052);
#2051 = CARTESIAN_POINT('',(-7.525,-0.15,1.6));
#2052 = VECTOR('',#2053,1.);
#2053 = DIRECTION('',(0.,1.,0.));
#2054 = PCURVE('',#1104,#2055);
#2055 = DEFINITIONAL_REPRESENTATION('',(#2056),#2060);
#2056 = LINE('',#2057,#2058);
#2057 = CARTESIAN_POINT('',(0.975,1.875));
#2058 = VECTOR('',#2059,1.);
#2059 = DIRECTION('',(0.,1.));
#2060 = ( GEOMETRIC_REPRESENTATION_CONTEXT(2) 
PARAMETRIC_REPRESENTATION_CONTEXT() REPRESENTATION_CONTEXT('2D SPACE',''
  ) );
#2061 = PCURVE('',#2062,#2067);
#2062 = PLANE('',#2063);
#2063 = AXIS2_PLACEMENT_3D('',#2064,#2065,#2066);
#2064 = CARTESIAN_POINT('',(-7.525,1.6,0.));
#2065 = DIRECTION('',(1.,0.,0.));
#2066 = DIRECTION('',(0.,0.,1.));
#2067 = DEFINITIONAL_REPRESENTATION('',(#2068),#2072);
#2068 = LINE('',#2069,#2070);
#2069 = CARTESIAN_POINT('',(1.6,1.75));
#2070 = VECTOR('',#2071,1.);
#2071 = DIRECTION('',(0.,-1.));
#2072 = ( GEOMETRIC_REPRESENTATION_CONTEXT(2) 
PARAMETRIC_REPRESENTATION_CONTEXT() REPRESENTATION_CONTEXT('2D SPACE',''
  ) );
#2073 = ORIENTED_EDGE('',*,*,#2074,.F.);
#2074 = EDGE_CURVE('',#2075,#2047,#2077,.T.);
#2075 = VERTEX_POINT('',#2076);
#2076 = CARTESIAN_POINT('',(-5.945,1.9,1.6));
#2077 = SURFACE_CURVE('',#2078,(#2082,#2089),.PCURVE_S1.);
#2078 = LINE('',#2079,#2080);
#2079 = CARTESIAN_POINT('',(-8.4,1.9,1.6));
#2080 = VECTOR('',#2081,1.);
#2081 = DIRECTION('',(-1.,0.,0.));
#2082 = PCURVE('',#1104,#2083);
#2083 = DEFINITIONAL_REPRESENTATION('',(#2084),#2088);
#2084 = LINE('',#2085,#2086);
#2085 = CARTESIAN_POINT('',(1.E-01,3.925));
#2086 = VECTOR('',#2087,1.);
#2087 = DIRECTION('',(-1.,0.));
#2088 = ( GEOMETRIC_REPRESENTATION_CONTEXT(2) 
PARAMETRIC_REPRESENTATION_CONTEXT() REPRESENTATION_CONTEXT('2D SPACE',''
  ) );
#2089 = PCURVE('',#2090,#2095);
#2090 = PLANE('',#2091);
#2091 = AXIS2_PLACEMENT_3D('',#2092,#2093,#2094);
#2092 = CARTESIAN_POINT('',(-8.3,1.9,1.6));
#2093 = DIRECTION('',(0.,1.,0.));
#2094 = DIRECTION('',(0.,0.,1.));
#2095 = DEFINITIONAL_REPRESENTATION('',(#2096),#2099);
#2096 = B_SPLINE_CURVE_WITH_KNOTS('',1,(#2097,#2098),.UNSPECIFIED.,.F.,
  .F.,(2,2),(-4.7,-1.E-01),.PIECEWISE_BEZIER_KNOTS.);
#2097 = CARTESIAN_POINT('',(0.,4.6));
#2098 = CARTESIAN_POINT('',(0.,0.));
#2099 = ( GEOMETRIC_REPRESENTATION_CONTEXT(2) 
PARAMETRIC_REPRESENTATION_CONTEXT() REPRESENTATION_CONTEXT('2D SPACE',''
  ) );
#2100 = ORIENTED_EDGE('',*,*,#2101,.F.);
#2101 = EDGE_CURVE('',#2018,#2075,#2102,.T.);
#2102 = SURFACE_CURVE('',#2103,(#2107,#2114),.PCURVE_S1.);
#2103 = LINE('',#2104,#2105);
#2104 = CARTESIAN_POINT('',(-5.945,-0.15,1.6));
#2105 = VECTOR('',#2106,1.);
#2106 = DIRECTION('',(0.,1.,0.));
#2107 = PCURVE('',#1104,#2108);
#2108 = DEFINITIONAL_REPRESENTATION('',(#2109),#2113);
#2109 = LINE('',#2110,#2111);
#2110 = CARTESIAN_POINT('',(2.555,1.875));
#2111 = VECTOR('',#2112,1.);
#2112 = DIRECTION('',(0.,1.));
#2113 = ( GEOMETRIC_REPRESENTATION_CONTEXT(2) 
PARAMETRIC_REPRESENTATION_CONTEXT() REPRESENTATION_CONTEXT('2D SPACE',''
  ) );
#2114 = PCURVE('',#2115,#2120);
#2115 = PLANE('',#2116);
#2116 = AXIS2_PLACEMENT_3D('',#2117,#2118,#2119);
#2117 = CARTESIAN_POINT('',(-5.945,1.6,0.));
#2118 = DIRECTION('',(1.,0.,0.));
#2119 = DIRECTION('',(0.,0.,1.));
#2120 = DEFINITIONAL_REPRESENTATION('',(#2121),#2125);
#2121 = LINE('',#2122,#2123);
#2122 = CARTESIAN_POINT('',(1.6,1.75));
#2123 = VECTOR('',#2124,1.);
#2124 = DIRECTION('',(0.,-1.));
#2125 = ( GEOMETRIC_REPRESENTATION_CONTEXT(2) 
PARAMETRIC_REPRESENTATION_CONTEXT() REPRESENTATION_CONTEXT('2D SPACE',''
  ) );
#2126 = ADVANCED_FACE('',(#2127,#2137,#2223,#2309,#2395),#1305,.F.);
#2127 = FACE_BOUND('',#2128,.F.);
#2128 = EDGE_LOOP('',(#2129,#2130,#2131,#2132,#2133,#2134,#2135,#2136));
#2129 = ORIENTED_EDGE('',*,*,#1289,.F.);
#2130 = ORIENTED_EDGE('',*,*,#1343,.T.);
#2131 = ORIENTED_EDGE('',*,*,#1471,.T.);
#2132 = ORIENTED_EDGE('',*,*,#1567,.F.);
#2133 = ORIENTED_EDGE('',*,*,#1649,.T.);
#2134 = ORIENTED_EDGE('',*,*,#1621,.T.);
#2135 = ORIENTED_EDGE('',*,*,#1520,.F.);
#2136 = ORIENTED_EDGE('',*,*,#1393,.F.);
#2137 = FACE_BOUND('',#2138,.F.);
#2138 = EDGE_LOOP('',(#2139,#2162,#2183,#2204));
#2139 = ORIENTED_EDGE('',*,*,#2140,.F.);
#2140 = EDGE_CURVE('',#2141,#2143,#2145,.T.);
#2141 = VERTEX_POINT('',#2142);
#2142 = CARTESIAN_POINT('',(-5.945,-1.6,1.13));
#2143 = VERTEX_POINT('',#2144);
#2144 = CARTESIAN_POINT('',(-7.525,-1.6,1.13));
#2145 = SURFACE_CURVE('',#2146,(#2150,#2156),.PCURVE_S1.);
#2146 = LINE('',#2147,#2148);
#2147 = CARTESIAN_POINT('',(-9.1025,-1.6,1.13));
#2148 = VECTOR('',#2149,1.);
#2149 = DIRECTION('',(-1.,0.,0.));
#2150 = PCURVE('',#1305,#2151);
#2151 = DEFINITIONAL_REPRESENTATION('',(#2152),#2155);
#2152 = B_SPLINE_CURVE_WITH_KNOTS('',1,(#2153,#2154),.UNSPECIFIED.,.F.,
  .F.,(2,2),(-5.1025,-1.1025),.PIECEWISE_BEZIER_KNOTS.);
#2153 = CARTESIAN_POINT('',(5.905,1.765));
#2154 = CARTESIAN_POINT('',(1.905,1.765));
#2155 = ( GEOMETRIC_REPRESENTATION_CONTEXT(2) 
PARAMETRIC_REPRESENTATION_CONTEXT() REPRESENTATION_CONTEXT('2D SPACE',''
  ) );
#2156 = PCURVE('',#1754,#2157);
#2157 = DEFINITIONAL_REPRESENTATION('',(#2158),#2161);
#2158 = B_SPLINE_CURVE_WITH_KNOTS('',1,(#2159,#2160),.UNSPECIFIED.,.F.,
  .F.,(2,2),(-5.1025,-1.1025),.PIECEWISE_BEZIER_KNOTS.);
#2159 = CARTESIAN_POINT('',(-0.47,4.3));
#2160 = CARTESIAN_POINT('',(-0.47,0.3));
#2161 = ( GEOMETRIC_REPRESENTATION_CONTEXT(2) 
PARAMETRIC_REPRESENTATION_CONTEXT() REPRESENTATION_CONTEXT('2D SPACE',''
  ) );
#2162 = ORIENTED_EDGE('',*,*,#2163,.F.);
#2163 = EDGE_CURVE('',#2164,#2141,#2166,.T.);
#2164 = VERTEX_POINT('',#2165);
#2165 = CARTESIAN_POINT('',(-5.945,-1.9,1.13));
#2166 = SURFACE_CURVE('',#2167,(#2171,#2177),.PCURVE_S1.);
#2167 = LINE('',#2168,#2169);
#2168 = CARTESIAN_POINT('',(-5.945,-2.6325,1.13));
#2169 = VECTOR('',#2170,1.);
#2170 = DIRECTION('',(0.,1.,0.));
#2171 = PCURVE('',#1305,#2172);
#2172 = DEFINITIONAL_REPRESENTATION('',(#2173),#2176);
#2173 = B_SPLINE_CURVE_WITH_KNOTS('',1,(#2174,#2175),.UNSPECIFIED.,.F.,
  .F.,(2,2),(-0.7325,1.0325),.PIECEWISE_BEZIER_KNOTS.);
#2174 = CARTESIAN_POINT('',(3.96,-3.330669073875E-16));
#2175 = CARTESIAN_POINT('',(3.96,1.765));
#2176 = ( GEOMETRIC_REPRESENTATION_CONTEXT(2) 
PARAMETRIC_REPRESENTATION_CONTEXT() REPRESENTATION_CONTEXT('2D SPACE',''
  ) );
#2177 = PCURVE('',#1779,#2178);
#2178 = DEFINITIONAL_REPRESENTATION('',(#2179),#2182);
#2179 = B_SPLINE_CURVE_WITH_KNOTS('',1,(#2180,#2181),.UNSPECIFIED.,.F.,
  .F.,(2,2),(-0.7325,1.0325),.PIECEWISE_BEZIER_KNOTS.);
#2180 = CARTESIAN_POINT('',(1.13,1.465));
#2181 = CARTESIAN_POINT('',(1.13,-0.3));
#2182 = ( GEOMETRIC_REPRESENTATION_CONTEXT(2) 
PARAMETRIC_REPRESENTATION_CONTEXT() REPRESENTATION_CONTEXT('2D SPACE',''
  ) );
#2183 = ORIENTED_EDGE('',*,*,#2184,.T.);
#2184 = EDGE_CURVE('',#2164,#2185,#2187,.T.);
#2185 = VERTEX_POINT('',#2186);
#2186 = CARTESIAN_POINT('',(-7.525,-1.9,1.13));
#2187 = SURFACE_CURVE('',#2188,(#2192,#2198),.PCURVE_S1.);
#2188 = LINE('',#2189,#2190);
#2189 = CARTESIAN_POINT('',(-9.1025,-1.9,1.13));
#2190 = VECTOR('',#2191,1.);
#2191 = DIRECTION('',(-1.,0.,0.));
#2192 = PCURVE('',#1305,#2193);
#2193 = DEFINITIONAL_REPRESENTATION('',(#2194),#2197);
#2194 = B_SPLINE_CURVE_WITH_KNOTS('',1,(#2195,#2196),.UNSPECIFIED.,.F.,
  .F.,(2,2),(-5.4025,-0.8025),.PIECEWISE_BEZIER_KNOTS.);
#2195 = CARTESIAN_POINT('',(6.205,1.465));
#2196 = CARTESIAN_POINT('',(1.605,1.465));
#2197 = ( GEOMETRIC_REPRESENTATION_CONTEXT(2) 
PARAMETRIC_REPRESENTATION_CONTEXT() REPRESENTATION_CONTEXT('2D SPACE',''
  ) );
#2198 = PCURVE('',#1699,#2199);
#2199 = DEFINITIONAL_REPRESENTATION('',(#2200),#2203);
#2200 = B_SPLINE_CURVE_WITH_KNOTS('',1,(#2201,#2202),.UNSPECIFIED.,.F.,
  .F.,(2,2),(-5.4025,-0.8025),.PIECEWISE_BEZIER_KNOTS.);
#2201 = CARTESIAN_POINT('',(-0.47,4.6));
#2202 = CARTESIAN_POINT('',(-0.47,0.));
#2203 = ( GEOMETRIC_REPRESENTATION_CONTEXT(2) 
PARAMETRIC_REPRESENTATION_CONTEXT() REPRESENTATION_CONTEXT('2D SPACE',''
  ) );
#2204 = ORIENTED_EDGE('',*,*,#2205,.T.);
#2205 = EDGE_CURVE('',#2185,#2143,#2206,.T.);
#2206 = SURFACE_CURVE('',#2207,(#2211,#2217),.PCURVE_S1.);
#2207 = LINE('',#2208,#2209);
#2208 = CARTESIAN_POINT('',(-7.525,-2.6325,1.13));
#2209 = VECTOR('',#2210,1.);
#2210 = DIRECTION('',(0.,1.,0.));
#2211 = PCURVE('',#1305,#2212);
#2212 = DEFINITIONAL_REPRESENTATION('',(#2213),#2216);
#2213 = B_SPLINE_CURVE_WITH_KNOTS('',1,(#2214,#2215),.UNSPECIFIED.,.F.,
  .F.,(2,2),(-0.7325,1.0325),.PIECEWISE_BEZIER_KNOTS.);
#2214 = CARTESIAN_POINT('',(2.38,-3.330669073875E-16));
#2215 = CARTESIAN_POINT('',(2.38,1.765));
#2216 = ( GEOMETRIC_REPRESENTATION_CONTEXT(2) 
PARAMETRIC_REPRESENTATION_CONTEXT() REPRESENTATION_CONTEXT('2D SPACE',''
  ) );
#2217 = PCURVE('',#1726,#2218);
#2218 = DEFINITIONAL_REPRESENTATION('',(#2219),#2222);
#2219 = B_SPLINE_CURVE_WITH_KNOTS('',1,(#2220,#2221),.UNSPECIFIED.,.F.,
  .F.,(2,2),(-0.7325,1.0325),.PIECEWISE_BEZIER_KNOTS.);
#2220 = CARTESIAN_POINT('',(1.13,1.465));
#2221 = CARTESIAN_POINT('',(1.13,-0.3));
#2222 = ( GEOMETRIC_REPRESENTATION_CONTEXT(2) 
PARAMETRIC_REPRESENTATION_CONTEXT() REPRESENTATION_CONTEXT('2D SPACE',''
  ) );
#2223 = FACE_BOUND('',#2224,.F.);
#2224 = EDGE_LOOP('',(#2225,#2248,#2269,#2290));
#2225 = ORIENTED_EDGE('',*,*,#2226,.F.);
#2226 = EDGE_CURVE('',#2227,#2229,#2231,.T.);
#2227 = VERTEX_POINT('',#2228);
#2228 = CARTESIAN_POINT('',(7.525,-1.9,1.13));
#2229 = VERTEX_POINT('',#2230);
#2230 = CARTESIAN_POINT('',(7.525,-1.6,1.13));
#2231 = SURFACE_CURVE('',#2232,(#2236,#2242),.PCURVE_S1.);
#2232 = LINE('',#2233,#2234);
#2233 = CARTESIAN_POINT('',(7.525,-2.6325,1.13));
#2234 = VECTOR('',#2235,1.);
#2235 = DIRECTION('',(0.,1.,0.));
#2236 = PCURVE('',#1305,#2237);
#2237 = DEFINITIONAL_REPRESENTATION('',(#2238),#2241);
#2238 = B_SPLINE_CURVE_WITH_KNOTS('',1,(#2239,#2240),.UNSPECIFIED.,.F.,
  .F.,(2,2),(-0.7325,1.0325),.PIECEWISE_BEZIER_KNOTS.);
#2239 = CARTESIAN_POINT('',(17.43,-3.330669073875E-16));
#2240 = CARTESIAN_POINT('',(17.43,1.765));
#2241 = ( GEOMETRIC_REPRESENTATION_CONTEXT(2) 
PARAMETRIC_REPRESENTATION_CONTEXT() REPRESENTATION_CONTEXT('2D SPACE',''
  ) );
#2242 = PCURVE('',#1891,#2243);
#2243 = DEFINITIONAL_REPRESENTATION('',(#2244),#2247);
#2244 = B_SPLINE_CURVE_WITH_KNOTS('',1,(#2245,#2246),.UNSPECIFIED.,.F.,
  .F.,(2,2),(-0.7325,1.0325),.PIECEWISE_BEZIER_KNOTS.);
#2245 = CARTESIAN_POINT('',(1.13,1.465));
#2246 = CARTESIAN_POINT('',(1.13,-0.3));
#2247 = ( GEOMETRIC_REPRESENTATION_CONTEXT(2) 
PARAMETRIC_REPRESENTATION_CONTEXT() REPRESENTATION_CONTEXT('2D SPACE',''
  ) );
#2248 = ORIENTED_EDGE('',*,*,#2249,.T.);
#2249 = EDGE_CURVE('',#2227,#2250,#2252,.T.);
#2250 = VERTEX_POINT('',#2251);
#2251 = CARTESIAN_POINT('',(5.945,-1.9,1.13));
#2252 = SURFACE_CURVE('',#2253,(#2257,#2263),.PCURVE_S1.);
#2253 = LINE('',#2254,#2255);
#2254 = CARTESIAN_POINT('',(-0.9525,-1.9,1.13));
#2255 = VECTOR('',#2256,1.);
#2256 = DIRECTION('',(-1.,0.,0.));
#2257 = PCURVE('',#1305,#2258);
#2258 = DEFINITIONAL_REPRESENTATION('',(#2259),#2262);
#2259 = B_SPLINE_CURVE_WITH_KNOTS('',1,(#2260,#2261),.UNSPECIFIED.,.F.,
  .F.,(2,2),(-9.2525,-4.6525),.PIECEWISE_BEZIER_KNOTS.);
#2260 = CARTESIAN_POINT('',(18.205,1.465));
#2261 = CARTESIAN_POINT('',(13.605,1.465));
#2262 = ( GEOMETRIC_REPRESENTATION_CONTEXT(2) 
PARAMETRIC_REPRESENTATION_CONTEXT() REPRESENTATION_CONTEXT('2D SPACE',''
  ) );
#2263 = PCURVE('',#1811,#2264);
#2264 = DEFINITIONAL_REPRESENTATION('',(#2265),#2268);
#2265 = B_SPLINE_CURVE_WITH_KNOTS('',1,(#2266,#2267),.UNSPECIFIED.,.F.,
  .F.,(2,2),(-9.2525,-4.6525),.PIECEWISE_BEZIER_KNOTS.);
#2266 = CARTESIAN_POINT('',(-0.47,0.3));
#2267 = CARTESIAN_POINT('',(-0.47,-4.3));
#2268 = ( GEOMETRIC_REPRESENTATION_CONTEXT(2) 
PARAMETRIC_REPRESENTATION_CONTEXT() REPRESENTATION_CONTEXT('2D SPACE',''
  ) );
#2269 = ORIENTED_EDGE('',*,*,#2270,.T.);
#2270 = EDGE_CURVE('',#2250,#2271,#2273,.T.);
#2271 = VERTEX_POINT('',#2272);
#2272 = CARTESIAN_POINT('',(5.945,-1.6,1.13));
#2273 = SURFACE_CURVE('',#2274,(#2278,#2284),.PCURVE_S1.);
#2274 = LINE('',#2275,#2276);
#2275 = CARTESIAN_POINT('',(5.945,-2.6325,1.13));
#2276 = VECTOR('',#2277,1.);
#2277 = DIRECTION('',(0.,1.,0.));
#2278 = PCURVE('',#1305,#2279);
#2279 = DEFINITIONAL_REPRESENTATION('',(#2280),#2283);
#2280 = B_SPLINE_CURVE_WITH_KNOTS('',1,(#2281,#2282),.UNSPECIFIED.,.F.,
  .F.,(2,2),(-0.7325,1.0325),.PIECEWISE_BEZIER_KNOTS.);
#2281 = CARTESIAN_POINT('',(15.85,-3.330669073875E-16));
#2282 = CARTESIAN_POINT('',(15.85,1.765));
#2283 = ( GEOMETRIC_REPRESENTATION_CONTEXT(2) 
PARAMETRIC_REPRESENTATION_CONTEXT() REPRESENTATION_CONTEXT('2D SPACE',''
  ) );
#2284 = PCURVE('',#1838,#2285);
#2285 = DEFINITIONAL_REPRESENTATION('',(#2286),#2289);
#2286 = B_SPLINE_CURVE_WITH_KNOTS('',1,(#2287,#2288),.UNSPECIFIED.,.F.,
  .F.,(2,2),(-0.7325,1.0325),.PIECEWISE_BEZIER_KNOTS.);
#2287 = CARTESIAN_POINT('',(1.13,1.465));
#2288 = CARTESIAN_POINT('',(1.13,-0.3));
#2289 = ( GEOMETRIC_REPRESENTATION_CONTEXT(2) 
PARAMETRIC_REPRESENTATION_CONTEXT() REPRESENTATION_CONTEXT('2D SPACE',''
  ) );
#2290 = ORIENTED_EDGE('',*,*,#2291,.F.);
#2291 = EDGE_CURVE('',#2229,#2271,#2292,.T.);
#2292 = SURFACE_CURVE('',#2293,(#2297,#2303),.PCURVE_S1.);
#2293 = LINE('',#2294,#2295);
#2294 = CARTESIAN_POINT('',(-3.1025,-1.6,1.13));
#2295 = VECTOR('',#2296,1.);
#2296 = DIRECTION('',(-1.,0.,0.));
#2297 = PCURVE('',#1305,#2298);
#2298 = DEFINITIONAL_REPRESENTATION('',(#2299),#2302);
#2299 = B_SPLINE_CURVE_WITH_KNOTS('',1,(#2300,#2301),.UNSPECIFIED.,.F.,
  .F.,(2,2),(-11.1025,-7.1025),.PIECEWISE_BEZIER_KNOTS.);
#2300 = CARTESIAN_POINT('',(17.905,1.765));
#2301 = CARTESIAN_POINT('',(13.905,1.765));
#2302 = ( GEOMETRIC_REPRESENTATION_CONTEXT(2) 
PARAMETRIC_REPRESENTATION_CONTEXT() REPRESENTATION_CONTEXT('2D SPACE',''
  ) );
#2303 = PCURVE('',#1866,#2304);
#2304 = DEFINITIONAL_REPRESENTATION('',(#2305),#2308);
#2305 = B_SPLINE_CURVE_WITH_KNOTS('',1,(#2306,#2307),.UNSPECIFIED.,.F.,
  .F.,(2,2),(-11.1025,-7.1025),.PIECEWISE_BEZIER_KNOTS.);
#2306 = CARTESIAN_POINT('',(-0.47,4.3));
#2307 = CARTESIAN_POINT('',(-0.47,0.3));
#2308 = ( GEOMETRIC_REPRESENTATION_CONTEXT(2) 
PARAMETRIC_REPRESENTATION_CONTEXT() REPRESENTATION_CONTEXT('2D SPACE',''
  ) );
#2309 = FACE_BOUND('',#2310,.F.);
#2310 = EDGE_LOOP('',(#2311,#2334,#2355,#2376));
#2311 = ORIENTED_EDGE('',*,*,#2312,.F.);
#2312 = EDGE_CURVE('',#2313,#2315,#2317,.T.);
#2313 = VERTEX_POINT('',#2314);
#2314 = CARTESIAN_POINT('',(-5.945,1.9,1.13));
#2315 = VERTEX_POINT('',#2316);
#2316 = CARTESIAN_POINT('',(-7.525,1.9,1.13));
#2317 = SURFACE_CURVE('',#2318,(#2322,#2328),.PCURVE_S1.);
#2318 = LINE('',#2319,#2320);
#2319 = CARTESIAN_POINT('',(-9.1025,1.9,1.13));
#2320 = VECTOR('',#2321,1.);
#2321 = DIRECTION('',(-1.,0.,0.));
#2322 = PCURVE('',#1305,#2323);
#2323 = DEFINITIONAL_REPRESENTATION('',(#2324),#2327);
#2324 = B_SPLINE_CURVE_WITH_KNOTS('',1,(#2325,#2326),.UNSPECIFIED.,.F.,
  .F.,(2,2),(-5.4025,-0.8025),.PIECEWISE_BEZIER_KNOTS.);
#2325 = CARTESIAN_POINT('',(6.205,5.265));
#2326 = CARTESIAN_POINT('',(1.605,5.265));
#2327 = ( GEOMETRIC_REPRESENTATION_CONTEXT(2) 
PARAMETRIC_REPRESENTATION_CONTEXT() REPRESENTATION_CONTEXT('2D SPACE',''
  ) );
#2328 = PCURVE('',#2090,#2329);
#2329 = DEFINITIONAL_REPRESENTATION('',(#2330),#2333);
#2330 = B_SPLINE_CURVE_WITH_KNOTS('',1,(#2331,#2332),.UNSPECIFIED.,.F.,
  .F.,(2,2),(-5.4025,-0.8025),.PIECEWISE_BEZIER_KNOTS.);
#2331 = CARTESIAN_POINT('',(-0.47,4.6));
#2332 = CARTESIAN_POINT('',(-0.47,0.));
#2333 = ( GEOMETRIC_REPRESENTATION_CONTEXT(2) 
PARAMETRIC_REPRESENTATION_CONTEXT() REPRESENTATION_CONTEXT('2D SPACE',''
  ) );
#2334 = ORIENTED_EDGE('',*,*,#2335,.F.);
#2335 = EDGE_CURVE('',#2336,#2313,#2338,.T.);
#2336 = VERTEX_POINT('',#2337);
#2337 = CARTESIAN_POINT('',(-5.945,1.6,1.13));
#2338 = SURFACE_CURVE('',#2339,(#2343,#2349),.PCURVE_S1.);
#2339 = LINE('',#2340,#2341);
#2340 = CARTESIAN_POINT('',(-5.945,-0.8825,1.13));
#2341 = VECTOR('',#2342,1.);
#2342 = DIRECTION('',(0.,1.,0.));
#2343 = PCURVE('',#1305,#2344);
#2344 = DEFINITIONAL_REPRESENTATION('',(#2345),#2348);
#2345 = B_SPLINE_CURVE_WITH_KNOTS('',1,(#2346,#2347),.UNSPECIFIED.,.F.,
  .F.,(2,2),(2.4825,4.2475),.PIECEWISE_BEZIER_KNOTS.);
#2346 = CARTESIAN_POINT('',(3.96,4.965));
#2347 = CARTESIAN_POINT('',(3.96,6.73));
#2348 = ( GEOMETRIC_REPRESENTATION_CONTEXT(2) 
PARAMETRIC_REPRESENTATION_CONTEXT() REPRESENTATION_CONTEXT('2D SPACE',''
  ) );
#2349 = PCURVE('',#2115,#2350);
#2350 = DEFINITIONAL_REPRESENTATION('',(#2351),#2354);
#2351 = B_SPLINE_CURVE_WITH_KNOTS('',1,(#2352,#2353),.UNSPECIFIED.,.F.,
  .F.,(2,2),(2.4825,4.2475),.PIECEWISE_BEZIER_KNOTS.);
#2352 = CARTESIAN_POINT('',(1.13,0.));
#2353 = CARTESIAN_POINT('',(1.13,-1.765));
#2354 = ( GEOMETRIC_REPRESENTATION_CONTEXT(2) 
PARAMETRIC_REPRESENTATION_CONTEXT() REPRESENTATION_CONTEXT('2D SPACE',''
  ) );
#2355 = ORIENTED_EDGE('',*,*,#2356,.T.);
#2356 = EDGE_CURVE('',#2336,#2357,#2359,.T.);
#2357 = VERTEX_POINT('',#2358);
#2358 = CARTESIAN_POINT('',(-7.525,1.6,1.13));
#2359 = SURFACE_CURVE('',#2360,(#2364,#2370),.PCURVE_S1.);
#2360 = LINE('',#2361,#2362);
#2361 = CARTESIAN_POINT('',(-9.1025,1.6,1.13));
#2362 = VECTOR('',#2363,1.);
#2363 = DIRECTION('',(-1.,0.,0.));
#2364 = PCURVE('',#1305,#2365);
#2365 = DEFINITIONAL_REPRESENTATION('',(#2366),#2369);
#2366 = B_SPLINE_CURVE_WITH_KNOTS('',1,(#2367,#2368),.UNSPECIFIED.,.F.,
  .F.,(2,2),(-5.1025,-1.1025),.PIECEWISE_BEZIER_KNOTS.);
#2367 = CARTESIAN_POINT('',(5.905,4.965));
#2368 = CARTESIAN_POINT('',(1.905,4.965));
#2369 = ( GEOMETRIC_REPRESENTATION_CONTEXT(2) 
PARAMETRIC_REPRESENTATION_CONTEXT() REPRESENTATION_CONTEXT('2D SPACE',''
  ) );
#2370 = PCURVE('',#2035,#2371);
#2371 = DEFINITIONAL_REPRESENTATION('',(#2372),#2375);
#2372 = B_SPLINE_CURVE_WITH_KNOTS('',1,(#2373,#2374),.UNSPECIFIED.,.F.,
  .F.,(2,2),(-5.1025,-1.1025),.PIECEWISE_BEZIER_KNOTS.);
#2373 = CARTESIAN_POINT('',(-0.47,4.3));
#2374 = CARTESIAN_POINT('',(-0.47,0.3));
#2375 = ( GEOMETRIC_REPRESENTATION_CONTEXT(2) 
PARAMETRIC_REPRESENTATION_CONTEXT() REPRESENTATION_CONTEXT('2D SPACE',''
  ) );
#2376 = ORIENTED_EDGE('',*,*,#2377,.T.);
#2377 = EDGE_CURVE('',#2357,#2315,#2378,.T.);
#2378 = SURFACE_CURVE('',#2379,(#2383,#2389),.PCURVE_S1.);
#2379 = LINE('',#2380,#2381);
#2380 = CARTESIAN_POINT('',(-7.525,-0.8825,1.13));
#2381 = VECTOR('',#2382,1.);
#2382 = DIRECTION('',(0.,1.,0.));
#2383 = PCURVE('',#1305,#2384);
#2384 = DEFINITIONAL_REPRESENTATION('',(#2385),#2388);
#2385 = B_SPLINE_CURVE_WITH_KNOTS('',1,(#2386,#2387),.UNSPECIFIED.,.F.,
  .F.,(2,2),(2.4825,4.2475),.PIECEWISE_BEZIER_KNOTS.);
#2386 = CARTESIAN_POINT('',(2.38,4.965));
#2387 = CARTESIAN_POINT('',(2.38,6.73));
#2388 = ( GEOMETRIC_REPRESENTATION_CONTEXT(2) 
PARAMETRIC_REPRESENTATION_CONTEXT() REPRESENTATION_CONTEXT('2D SPACE',''
  ) );
#2389 = PCURVE('',#2062,#2390);
#2390 = DEFINITIONAL_REPRESENTATION('',(#2391),#2394);
#2391 = B_SPLINE_CURVE_WITH_KNOTS('',1,(#2392,#2393),.UNSPECIFIED.,.F.,
  .F.,(2,2),(2.4825,4.2475),.PIECEWISE_BEZIER_KNOTS.);
#2392 = CARTESIAN_POINT('',(1.13,0.));
#2393 = CARTESIAN_POINT('',(1.13,-1.765));
#2394 = ( GEOMETRIC_REPRESENTATION_CONTEXT(2) 
PARAMETRIC_REPRESENTATION_CONTEXT() REPRESENTATION_CONTEXT('2D SPACE',''
  ) );
#2395 = FACE_BOUND('',#2396,.F.);
#2396 = EDGE_LOOP('',(#2397,#2420,#2441,#2462));
#2397 = ORIENTED_EDGE('',*,*,#2398,.F.);
#2398 = EDGE_CURVE('',#2399,#2401,#2403,.T.);
#2399 = VERTEX_POINT('',#2400);
#2400 = CARTESIAN_POINT('',(7.525,1.6,1.13));
#2401 = VERTEX_POINT('',#2402);
#2402 = CARTESIAN_POINT('',(7.525,1.9,1.13));
#2403 = SURFACE_CURVE('',#2404,(#2408,#2414),.PCURVE_S1.);
#2404 = LINE('',#2405,#2406);
#2405 = CARTESIAN_POINT('',(7.525,-0.8825,1.13));
#2406 = VECTOR('',#2407,1.);
#2407 = DIRECTION('',(0.,1.,0.));
#2408 = PCURVE('',#1305,#2409);
#2409 = DEFINITIONAL_REPRESENTATION('',(#2410),#2413);
#2410 = B_SPLINE_CURVE_WITH_KNOTS('',1,(#2411,#2412),.UNSPECIFIED.,.F.,
  .F.,(2,2),(2.4825,4.2475),.PIECEWISE_BEZIER_KNOTS.);
#2411 = CARTESIAN_POINT('',(17.43,4.965));
#2412 = CARTESIAN_POINT('',(17.43,6.73));
#2413 = ( GEOMETRIC_REPRESENTATION_CONTEXT(2) 
PARAMETRIC_REPRESENTATION_CONTEXT() REPRESENTATION_CONTEXT('2D SPACE',''
  ) );
#2414 = PCURVE('',#1950,#2415);
#2415 = DEFINITIONAL_REPRESENTATION('',(#2416),#2419);
#2416 = B_SPLINE_CURVE_WITH_KNOTS('',1,(#2417,#2418),.UNSPECIFIED.,.F.,
  .F.,(2,2),(2.4825,4.2475),.PIECEWISE_BEZIER_KNOTS.);
#2417 = CARTESIAN_POINT('',(1.13,0.));
#2418 = CARTESIAN_POINT('',(1.13,-1.765));
#2419 = ( GEOMETRIC_REPRESENTATION_CONTEXT(2) 
PARAMETRIC_REPRESENTATION_CONTEXT() REPRESENTATION_CONTEXT('2D SPACE',''
  ) );
#2420 = ORIENTED_EDGE('',*,*,#2421,.T.);
#2421 = EDGE_CURVE('',#2399,#2422,#2424,.T.);
#2422 = VERTEX_POINT('',#2423);
#2423 = CARTESIAN_POINT('',(5.945,1.6,1.13));
#2424 = SURFACE_CURVE('',#2425,(#2429,#2435),.PCURVE_S1.);
#2425 = LINE('',#2426,#2427);
#2426 = CARTESIAN_POINT('',(-3.1025,1.6,1.13));
#2427 = VECTOR('',#2428,1.);
#2428 = DIRECTION('',(-1.,0.,0.));
#2429 = PCURVE('',#1305,#2430);
#2430 = DEFINITIONAL_REPRESENTATION('',(#2431),#2434);
#2431 = B_SPLINE_CURVE_WITH_KNOTS('',1,(#2432,#2433),.UNSPECIFIED.,.F.,
  .F.,(2,2),(-11.1025,-7.1025),.PIECEWISE_BEZIER_KNOTS.);
#2432 = CARTESIAN_POINT('',(17.905,4.965));
#2433 = CARTESIAN_POINT('',(13.905,4.965));
#2434 = ( GEOMETRIC_REPRESENTATION_CONTEXT(2) 
PARAMETRIC_REPRESENTATION_CONTEXT() REPRESENTATION_CONTEXT('2D SPACE',''
  ) );
#2435 = PCURVE('',#1978,#2436);
#2436 = DEFINITIONAL_REPRESENTATION('',(#2437),#2440);
#2437 = B_SPLINE_CURVE_WITH_KNOTS('',1,(#2438,#2439),.UNSPECIFIED.,.F.,
  .F.,(2,2),(-11.1025,-7.1025),.PIECEWISE_BEZIER_KNOTS.);
#2438 = CARTESIAN_POINT('',(-0.47,4.3));
#2439 = CARTESIAN_POINT('',(-0.47,0.3));
#2440 = ( GEOMETRIC_REPRESENTATION_CONTEXT(2) 
PARAMETRIC_REPRESENTATION_CONTEXT() REPRESENTATION_CONTEXT('2D SPACE',''
  ) );
#2441 = ORIENTED_EDGE('',*,*,#2442,.T.);
#2442 = EDGE_CURVE('',#2422,#2443,#2445,.T.);
#2443 = VERTEX_POINT('',#2444);
#2444 = CARTESIAN_POINT('',(5.945,1.9,1.13));
#2445 = SURFACE_CURVE('',#2446,(#2450,#2456),.PCURVE_S1.);
#2446 = LINE('',#2447,#2448);
#2447 = CARTESIAN_POINT('',(5.945,-0.8825,1.13));
#2448 = VECTOR('',#2449,1.);
#2449 = DIRECTION('',(0.,1.,0.));
#2450 = PCURVE('',#1305,#2451);
#2451 = DEFINITIONAL_REPRESENTATION('',(#2452),#2455);
#2452 = B_SPLINE_CURVE_WITH_KNOTS('',1,(#2453,#2454),.UNSPECIFIED.,.F.,
  .F.,(2,2),(2.4825,4.2475),.PIECEWISE_BEZIER_KNOTS.);
#2453 = CARTESIAN_POINT('',(15.85,4.965));
#2454 = CARTESIAN_POINT('',(15.85,6.73));
#2455 = ( GEOMETRIC_REPRESENTATION_CONTEXT(2) 
PARAMETRIC_REPRESENTATION_CONTEXT() REPRESENTATION_CONTEXT('2D SPACE',''
  ) );
#2456 = PCURVE('',#2003,#2457);
#2457 = DEFINITIONAL_REPRESENTATION('',(#2458),#2461);
#2458 = B_SPLINE_CURVE_WITH_KNOTS('',1,(#2459,#2460),.UNSPECIFIED.,.F.,
  .F.,(2,2),(2.4825,4.2475),.PIECEWISE_BEZIER_KNOTS.);
#2459 = CARTESIAN_POINT('',(1.13,0.));
#2460 = CARTESIAN_POINT('',(1.13,-1.765));
#2461 = ( GEOMETRIC_REPRESENTATION_CONTEXT(2) 
PARAMETRIC_REPRESENTATION_CONTEXT() REPRESENTATION_CONTEXT('2D SPACE',''
  ) );
#2462 = ORIENTED_EDGE('',*,*,#2463,.F.);
#2463 = EDGE_CURVE('',#2401,#2443,#2464,.T.);
#2464 = SURFACE_CURVE('',#2465,(#2469,#2475),.PCURVE_S1.);
#2465 = LINE('',#2466,#2467);
#2466 = CARTESIAN_POINT('',(-0.9525,1.9,1.13));
#2467 = VECTOR('',#2468,1.);
#2468 = DIRECTION('',(-1.,0.,0.));
#2469 = PCURVE('',#1305,#2470);
#2470 = DEFINITIONAL_REPRESENTATION('',(#2471),#2474);
#2471 = B_SPLINE_CURVE_WITH_KNOTS('',1,(#2472,#2473),.UNSPECIFIED.,.F.,
  .F.,(2,2),(-9.2525,-4.6525),.PIECEWISE_BEZIER_KNOTS.);
#2472 = CARTESIAN_POINT('',(18.205,5.265));
#2473 = CARTESIAN_POINT('',(13.605,5.265));
#2474 = ( GEOMETRIC_REPRESENTATION_CONTEXT(2) 
PARAMETRIC_REPRESENTATION_CONTEXT() REPRESENTATION_CONTEXT('2D SPACE',''
  ) );
#2475 = PCURVE('',#1923,#2476);
#2476 = DEFINITIONAL_REPRESENTATION('',(#2477),#2480);
#2477 = B_SPLINE_CURVE_WITH_KNOTS('',1,(#2478,#2479),.UNSPECIFIED.,.F.,
  .F.,(2,2),(-9.2525,-4.6525),.PIECEWISE_BEZIER_KNOTS.);
#2478 = CARTESIAN_POINT('',(-0.47,0.3));
#2479 = CARTESIAN_POINT('',(-0.47,-4.3));
#2480 = ( GEOMETRIC_REPRESENTATION_CONTEXT(2) 
PARAMETRIC_REPRESENTATION_CONTEXT() REPRESENTATION_CONTEXT('2D SPACE',''
  ) );
#2481 = ADVANCED_FACE('',(#2482),#1699,.T.);
#2482 = FACE_BOUND('',#2483,.T.);
#2483 = EDGE_LOOP('',(#2484,#2505,#2506,#2527));
#2484 = ORIENTED_EDGE('',*,*,#2485,.T.);
#2485 = EDGE_CURVE('',#2185,#1684,#2486,.T.);
#2486 = SURFACE_CURVE('',#2487,(#2491,#2498),.PCURVE_S1.);
#2487 = LINE('',#2488,#2489);
#2488 = CARTESIAN_POINT('',(-7.525,-1.9,0.));
#2489 = VECTOR('',#2490,1.);
#2490 = DIRECTION('',(0.,0.,1.));
#2491 = PCURVE('',#1699,#2492);
#2492 = DEFINITIONAL_REPRESENTATION('',(#2493),#2497);
#2493 = LINE('',#2494,#2495);
#2494 = CARTESIAN_POINT('',(-1.6,0.775));
#2495 = VECTOR('',#2496,1.);
#2496 = DIRECTION('',(1.,0.));
#2497 = ( GEOMETRIC_REPRESENTATION_CONTEXT(2) 
PARAMETRIC_REPRESENTATION_CONTEXT() REPRESENTATION_CONTEXT('2D SPACE',''
  ) );
#2498 = PCURVE('',#1726,#2499);
#2499 = DEFINITIONAL_REPRESENTATION('',(#2500),#2504);
#2500 = LINE('',#2501,#2502);
#2501 = CARTESIAN_POINT('',(0.,0.));
#2502 = VECTOR('',#2503,1.);
#2503 = DIRECTION('',(1.,0.));
#2504 = ( GEOMETRIC_REPRESENTATION_CONTEXT(2) 
PARAMETRIC_REPRESENTATION_CONTEXT() REPRESENTATION_CONTEXT('2D SPACE',''
  ) );
#2505 = ORIENTED_EDGE('',*,*,#1681,.F.);
#2506 = ORIENTED_EDGE('',*,*,#2507,.F.);
#2507 = EDGE_CURVE('',#2164,#1682,#2508,.T.);
#2508 = SURFACE_CURVE('',#2509,(#2513,#2520),.PCURVE_S1.);
#2509 = LINE('',#2510,#2511);
#2510 = CARTESIAN_POINT('',(-5.945,-1.9,0.));
#2511 = VECTOR('',#2512,1.);
#2512 = DIRECTION('',(0.,0.,1.));
#2513 = PCURVE('',#1699,#2514);
#2514 = DEFINITIONAL_REPRESENTATION('',(#2515),#2519);
#2515 = LINE('',#2516,#2517);
#2516 = CARTESIAN_POINT('',(-1.6,2.355));
#2517 = VECTOR('',#2518,1.);
#2518 = DIRECTION('',(1.,0.));
#2519 = ( GEOMETRIC_REPRESENTATION_CONTEXT(2) 
PARAMETRIC_REPRESENTATION_CONTEXT() REPRESENTATION_CONTEXT('2D SPACE',''
  ) );
#2520 = PCURVE('',#1779,#2521);
#2521 = DEFINITIONAL_REPRESENTATION('',(#2522),#2526);
#2522 = LINE('',#2523,#2524);
#2523 = CARTESIAN_POINT('',(0.,0.));
#2524 = VECTOR('',#2525,1.);
#2525 = DIRECTION('',(1.,0.));
#2526 = ( GEOMETRIC_REPRESENTATION_CONTEXT(2) 
PARAMETRIC_REPRESENTATION_CONTEXT() REPRESENTATION_CONTEXT('2D SPACE',''
  ) );
#2527 = ORIENTED_EDGE('',*,*,#2184,.T.);
#2528 = ADVANCED_FACE('',(#2529),#1779,.F.);
#2529 = FACE_BOUND('',#2530,.F.);
#2530 = EDGE_LOOP('',(#2531,#2532,#2533,#2554));
#2531 = ORIENTED_EDGE('',*,*,#2507,.F.);
#2532 = ORIENTED_EDGE('',*,*,#2163,.T.);
#2533 = ORIENTED_EDGE('',*,*,#2534,.F.);
#2534 = EDGE_CURVE('',#1739,#2141,#2535,.T.);
#2535 = SURFACE_CURVE('',#2536,(#2540,#2547),.PCURVE_S1.);
#2536 = LINE('',#2537,#2538);
#2537 = CARTESIAN_POINT('',(-5.945,-1.6,1.6));
#2538 = VECTOR('',#2539,1.);
#2539 = DIRECTION('',(0.,1.387778780781E-16,-1.));
#2540 = PCURVE('',#1779,#2541);
#2541 = DEFINITIONAL_REPRESENTATION('',(#2542),#2546);
#2542 = LINE('',#2543,#2544);
#2543 = CARTESIAN_POINT('',(1.6,-0.3));
#2544 = VECTOR('',#2545,1.);
#2545 = DIRECTION('',(-1.,-1.387778780781E-16));
#2546 = ( GEOMETRIC_REPRESENTATION_CONTEXT(2) 
PARAMETRIC_REPRESENTATION_CONTEXT() REPRESENTATION_CONTEXT('2D SPACE',''
  ) );
#2547 = PCURVE('',#1754,#2548);
#2548 = DEFINITIONAL_REPRESENTATION('',(#2549),#2553);
#2549 = LINE('',#2550,#2551);
#2550 = CARTESIAN_POINT('',(0.,2.355));
#2551 = VECTOR('',#2552,1.);
#2552 = DIRECTION('',(-1.,0.));
#2553 = ( GEOMETRIC_REPRESENTATION_CONTEXT(2) 
PARAMETRIC_REPRESENTATION_CONTEXT() REPRESENTATION_CONTEXT('2D SPACE',''
  ) );
#2554 = ORIENTED_EDGE('',*,*,#1765,.F.);
#2555 = ADVANCED_FACE('',(#2556),#1726,.T.);
#2556 = FACE_BOUND('',#2557,.T.);
#2557 = EDGE_LOOP('',(#2558,#2559,#2560,#2581));
#2558 = ORIENTED_EDGE('',*,*,#2485,.F.);
#2559 = ORIENTED_EDGE('',*,*,#2205,.T.);
#2560 = ORIENTED_EDGE('',*,*,#2561,.T.);
#2561 = EDGE_CURVE('',#2143,#1711,#2562,.T.);
#2562 = SURFACE_CURVE('',#2563,(#2567,#2574),.PCURVE_S1.);
#2563 = LINE('',#2564,#2565);
#2564 = CARTESIAN_POINT('',(-7.525,-1.6,0.));
#2565 = VECTOR('',#2566,1.);
#2566 = DIRECTION('',(5.551115123126E-16,-1.387778780781E-16,1.));
#2567 = PCURVE('',#1726,#2568);
#2568 = DEFINITIONAL_REPRESENTATION('',(#2569),#2573);
#2569 = LINE('',#2570,#2571);
#2570 = CARTESIAN_POINT('',(0.,-0.3));
#2571 = VECTOR('',#2572,1.);
#2572 = DIRECTION('',(1.,1.387778780781E-16));
#2573 = ( GEOMETRIC_REPRESENTATION_CONTEXT(2) 
PARAMETRIC_REPRESENTATION_CONTEXT() REPRESENTATION_CONTEXT('2D SPACE',''
  ) );
#2574 = PCURVE('',#1754,#2575);
#2575 = DEFINITIONAL_REPRESENTATION('',(#2576),#2580);
#2576 = LINE('',#2577,#2578);
#2577 = CARTESIAN_POINT('',(-1.6,0.775));
#2578 = VECTOR('',#2579,1.);
#2579 = DIRECTION('',(1.,5.551115123126E-16));
#2580 = ( GEOMETRIC_REPRESENTATION_CONTEXT(2) 
PARAMETRIC_REPRESENTATION_CONTEXT() REPRESENTATION_CONTEXT('2D SPACE',''
  ) );
#2581 = ORIENTED_EDGE('',*,*,#1710,.F.);
#2582 = ADVANCED_FACE('',(#2583),#1754,.F.);
#2583 = FACE_BOUND('',#2584,.F.);
#2584 = EDGE_LOOP('',(#2585,#2586,#2587,#2588));
#2585 = ORIENTED_EDGE('',*,*,#2561,.T.);
#2586 = ORIENTED_EDGE('',*,*,#1738,.F.);
#2587 = ORIENTED_EDGE('',*,*,#2534,.T.);
#2588 = ORIENTED_EDGE('',*,*,#2140,.T.);
#2589 = ADVANCED_FACE('',(#2590),#1811,.T.);
#2590 = FACE_BOUND('',#2591,.T.);
#2591 = EDGE_LOOP('',(#2592,#2613,#2614,#2635));
#2592 = ORIENTED_EDGE('',*,*,#2593,.T.);
#2593 = EDGE_CURVE('',#2250,#1796,#2594,.T.);
#2594 = SURFACE_CURVE('',#2595,(#2599,#2606),.PCURVE_S1.);
#2595 = LINE('',#2596,#2597);
#2596 = CARTESIAN_POINT('',(5.945,-1.9,0.));
#2597 = VECTOR('',#2598,1.);
#2598 = DIRECTION('',(0.,0.,1.));
#2599 = PCURVE('',#1811,#2600);
#2600 = DEFINITIONAL_REPRESENTATION('',(#2601),#2605);
#2601 = LINE('',#2602,#2603);
#2602 = CARTESIAN_POINT('',(-1.6,-2.055));
#2603 = VECTOR('',#2604,1.);
#2604 = DIRECTION('',(1.,0.));
#2605 = ( GEOMETRIC_REPRESENTATION_CONTEXT(2) 
PARAMETRIC_REPRESENTATION_CONTEXT() REPRESENTATION_CONTEXT('2D SPACE',''
  ) );
#2606 = PCURVE('',#1838,#2607);
#2607 = DEFINITIONAL_REPRESENTATION('',(#2608),#2612);
#2608 = LINE('',#2609,#2610);
#2609 = CARTESIAN_POINT('',(0.,0.));
#2610 = VECTOR('',#2611,1.);
#2611 = DIRECTION('',(1.,0.));
#2612 = ( GEOMETRIC_REPRESENTATION_CONTEXT(2) 
PARAMETRIC_REPRESENTATION_CONTEXT() REPRESENTATION_CONTEXT('2D SPACE',''
  ) );
#2613 = ORIENTED_EDGE('',*,*,#1793,.F.);
#2614 = ORIENTED_EDGE('',*,*,#2615,.F.);
#2615 = EDGE_CURVE('',#2227,#1794,#2616,.T.);
#2616 = SURFACE_CURVE('',#2617,(#2621,#2628),.PCURVE_S1.);
#2617 = LINE('',#2618,#2619);
#2618 = CARTESIAN_POINT('',(7.525,-1.9,0.));
#2619 = VECTOR('',#2620,1.);
#2620 = DIRECTION('',(0.,0.,1.));
#2621 = PCURVE('',#1811,#2622);
#2622 = DEFINITIONAL_REPRESENTATION('',(#2623),#2627);
#2623 = LINE('',#2624,#2625);
#2624 = CARTESIAN_POINT('',(-1.6,-0.475));
#2625 = VECTOR('',#2626,1.);
#2626 = DIRECTION('',(1.,0.));
#2627 = ( GEOMETRIC_REPRESENTATION_CONTEXT(2) 
PARAMETRIC_REPRESENTATION_CONTEXT() REPRESENTATION_CONTEXT('2D SPACE',''
  ) );
#2628 = PCURVE('',#1891,#2629);
#2629 = DEFINITIONAL_REPRESENTATION('',(#2630),#2634);
#2630 = LINE('',#2631,#2632);
#2631 = CARTESIAN_POINT('',(0.,0.));
#2632 = VECTOR('',#2633,1.);
#2633 = DIRECTION('',(1.,0.));
#2634 = ( GEOMETRIC_REPRESENTATION_CONTEXT(2) 
PARAMETRIC_REPRESENTATION_CONTEXT() REPRESENTATION_CONTEXT('2D SPACE',''
  ) );
#2635 = ORIENTED_EDGE('',*,*,#2249,.T.);
#2636 = ADVANCED_FACE('',(#2637),#1923,.F.);
#2637 = FACE_BOUND('',#2638,.F.);
#2638 = EDGE_LOOP('',(#2639,#2660,#2661,#2682));
#2639 = ORIENTED_EDGE('',*,*,#2640,.T.);
#2640 = EDGE_CURVE('',#2443,#1908,#2641,.T.);
#2641 = SURFACE_CURVE('',#2642,(#2646,#2653),.PCURVE_S1.);
#2642 = LINE('',#2643,#2644);
#2643 = CARTESIAN_POINT('',(5.945,1.9,0.));
#2644 = VECTOR('',#2645,1.);
#2645 = DIRECTION('',(0.,0.,1.));
#2646 = PCURVE('',#1923,#2647);
#2647 = DEFINITIONAL_REPRESENTATION('',(#2648),#2652);
#2648 = LINE('',#2649,#2650);
#2649 = CARTESIAN_POINT('',(-1.6,-2.055));
#2650 = VECTOR('',#2651,1.);
#2651 = DIRECTION('',(1.,0.));
#2652 = ( GEOMETRIC_REPRESENTATION_CONTEXT(2) 
PARAMETRIC_REPRESENTATION_CONTEXT() REPRESENTATION_CONTEXT('2D SPACE',''
  ) );
#2653 = PCURVE('',#2003,#2654);
#2654 = DEFINITIONAL_REPRESENTATION('',(#2655),#2659);
#2655 = LINE('',#2656,#2657);
#2656 = CARTESIAN_POINT('',(0.,-0.3));
#2657 = VECTOR('',#2658,1.);
#2658 = DIRECTION('',(1.,0.));
#2659 = ( GEOMETRIC_REPRESENTATION_CONTEXT(2) 
PARAMETRIC_REPRESENTATION_CONTEXT() REPRESENTATION_CONTEXT('2D SPACE',''
  ) );
#2660 = ORIENTED_EDGE('',*,*,#1905,.F.);
#2661 = ORIENTED_EDGE('',*,*,#2662,.F.);
#2662 = EDGE_CURVE('',#2401,#1906,#2663,.T.);
#2663 = SURFACE_CURVE('',#2664,(#2668,#2675),.PCURVE_S1.);
#2664 = LINE('',#2665,#2666);
#2665 = CARTESIAN_POINT('',(7.525,1.9,0.));
#2666 = VECTOR('',#2667,1.);
#2667 = DIRECTION('',(0.,0.,1.));
#2668 = PCURVE('',#1923,#2669);
#2669 = DEFINITIONAL_REPRESENTATION('',(#2670),#2674);
#2670 = LINE('',#2671,#2672);
#2671 = CARTESIAN_POINT('',(-1.6,-0.475));
#2672 = VECTOR('',#2673,1.);
#2673 = DIRECTION('',(1.,0.));
#2674 = ( GEOMETRIC_REPRESENTATION_CONTEXT(2) 
PARAMETRIC_REPRESENTATION_CONTEXT() REPRESENTATION_CONTEXT('2D SPACE',''
  ) );
#2675 = PCURVE('',#1950,#2676);
#2676 = DEFINITIONAL_REPRESENTATION('',(#2677),#2681);
#2677 = LINE('',#2678,#2679);
#2678 = CARTESIAN_POINT('',(0.,-0.3));
#2679 = VECTOR('',#2680,1.);
#2680 = DIRECTION('',(1.,0.));
#2681 = ( GEOMETRIC_REPRESENTATION_CONTEXT(2) 
PARAMETRIC_REPRESENTATION_CONTEXT() REPRESENTATION_CONTEXT('2D SPACE',''
  ) );
#2682 = ORIENTED_EDGE('',*,*,#2463,.T.);
#2683 = ADVANCED_FACE('',(#2684),#1978,.T.);
#2684 = FACE_BOUND('',#2685,.T.);
#2685 = EDGE_LOOP('',(#2686,#2707,#2708,#2729));
#2686 = ORIENTED_EDGE('',*,*,#2687,.F.);
#2687 = EDGE_CURVE('',#1963,#2422,#2688,.T.);
#2688 = SURFACE_CURVE('',#2689,(#2693,#2700),.PCURVE_S1.);
#2689 = LINE('',#2690,#2691);
#2690 = CARTESIAN_POINT('',(5.945,1.6,1.6));
#2691 = VECTOR('',#2692,1.);
#2692 = DIRECTION('',(0.,1.387778780781E-16,-1.));
#2693 = PCURVE('',#1978,#2694);
#2694 = DEFINITIONAL_REPRESENTATION('',(#2695),#2699);
#2695 = LINE('',#2696,#2697);
#2696 = CARTESIAN_POINT('',(0.,2.245));
#2697 = VECTOR('',#2698,1.);
#2698 = DIRECTION('',(-1.,0.));
#2699 = ( GEOMETRIC_REPRESENTATION_CONTEXT(2) 
PARAMETRIC_REPRESENTATION_CONTEXT() REPRESENTATION_CONTEXT('2D SPACE',''
  ) );
#2700 = PCURVE('',#2003,#2701);
#2701 = DEFINITIONAL_REPRESENTATION('',(#2702),#2706);
#2702 = LINE('',#2703,#2704);
#2703 = CARTESIAN_POINT('',(1.6,0.));
#2704 = VECTOR('',#2705,1.);
#2705 = DIRECTION('',(-1.,-1.387778780781E-16));
#2706 = ( GEOMETRIC_REPRESENTATION_CONTEXT(2) 
PARAMETRIC_REPRESENTATION_CONTEXT() REPRESENTATION_CONTEXT('2D SPACE',''
  ) );
#2707 = ORIENTED_EDGE('',*,*,#1962,.F.);
#2708 = ORIENTED_EDGE('',*,*,#2709,.F.);
#2709 = EDGE_CURVE('',#2399,#1935,#2710,.T.);
#2710 = SURFACE_CURVE('',#2711,(#2715,#2722),.PCURVE_S1.);
#2711 = LINE('',#2712,#2713);
#2712 = CARTESIAN_POINT('',(7.525,1.6,0.));
#2713 = VECTOR('',#2714,1.);
#2714 = DIRECTION('',(-5.551115123126E-16,-1.387778780781E-16,1.));
#2715 = PCURVE('',#1978,#2716);
#2716 = DEFINITIONAL_REPRESENTATION('',(#2717),#2721);
#2717 = LINE('',#2718,#2719);
#2718 = CARTESIAN_POINT('',(-1.6,3.825));
#2719 = VECTOR('',#2720,1.);
#2720 = DIRECTION('',(1.,-5.551115123126E-16));
#2721 = ( GEOMETRIC_REPRESENTATION_CONTEXT(2) 
PARAMETRIC_REPRESENTATION_CONTEXT() REPRESENTATION_CONTEXT('2D SPACE',''
  ) );
#2722 = PCURVE('',#1950,#2723);
#2723 = DEFINITIONAL_REPRESENTATION('',(#2724),#2728);
#2724 = LINE('',#2725,#2726);
#2725 = CARTESIAN_POINT('',(0.,-2.22044604925E-16));
#2726 = VECTOR('',#2727,1.);
#2727 = DIRECTION('',(1.,1.387778780781E-16));
#2728 = ( GEOMETRIC_REPRESENTATION_CONTEXT(2) 
PARAMETRIC_REPRESENTATION_CONTEXT() REPRESENTATION_CONTEXT('2D SPACE',''
  ) );
#2729 = ORIENTED_EDGE('',*,*,#2421,.T.);
#2730 = ADVANCED_FACE('',(#2731),#1866,.F.);
#2731 = FACE_BOUND('',#2732,.F.);
#2732 = EDGE_LOOP('',(#2733,#2754,#2755,#2776));
#2733 = ORIENTED_EDGE('',*,*,#2734,.T.);
#2734 = EDGE_CURVE('',#2271,#1823,#2735,.T.);
#2735 = SURFACE_CURVE('',#2736,(#2740,#2747),.PCURVE_S1.);
#2736 = LINE('',#2737,#2738);
#2737 = CARTESIAN_POINT('',(5.945,-1.6,0.));
#2738 = VECTOR('',#2739,1.);
#2739 = DIRECTION('',(0.,-1.387778780781E-16,1.));
#2740 = PCURVE('',#1866,#2741);
#2741 = DEFINITIONAL_REPRESENTATION('',(#2742),#2746);
#2742 = LINE('',#2743,#2744);
#2743 = CARTESIAN_POINT('',(-1.6,2.245));
#2744 = VECTOR('',#2745,1.);
#2745 = DIRECTION('',(1.,0.));
#2746 = ( GEOMETRIC_REPRESENTATION_CONTEXT(2) 
PARAMETRIC_REPRESENTATION_CONTEXT() REPRESENTATION_CONTEXT('2D SPACE',''
  ) );
#2747 = PCURVE('',#1838,#2748);
#2748 = DEFINITIONAL_REPRESENTATION('',(#2749),#2753);
#2749 = LINE('',#2750,#2751);
#2750 = CARTESIAN_POINT('',(0.,-0.3));
#2751 = VECTOR('',#2752,1.);
#2752 = DIRECTION('',(1.,1.387778780781E-16));
#2753 = ( GEOMETRIC_REPRESENTATION_CONTEXT(2) 
PARAMETRIC_REPRESENTATION_CONTEXT() REPRESENTATION_CONTEXT('2D SPACE',''
  ) );
#2754 = ORIENTED_EDGE('',*,*,#1850,.F.);
#2755 = ORIENTED_EDGE('',*,*,#2756,.T.);
#2756 = EDGE_CURVE('',#1851,#2229,#2757,.T.);
#2757 = SURFACE_CURVE('',#2758,(#2762,#2769),.PCURVE_S1.);
#2758 = LINE('',#2759,#2760);
#2759 = CARTESIAN_POINT('',(7.525,-1.6,1.6));
#2760 = VECTOR('',#2761,1.);
#2761 = DIRECTION('',(5.551115123126E-16,1.387778780781E-16,-1.));
#2762 = PCURVE('',#1866,#2763);
#2763 = DEFINITIONAL_REPRESENTATION('',(#2764),#2768);
#2764 = LINE('',#2765,#2766);
#2765 = CARTESIAN_POINT('',(0.,3.825));
#2766 = VECTOR('',#2767,1.);
#2767 = DIRECTION('',(-1.,5.551115123126E-16));
#2768 = ( GEOMETRIC_REPRESENTATION_CONTEXT(2) 
PARAMETRIC_REPRESENTATION_CONTEXT() REPRESENTATION_CONTEXT('2D SPACE',''
  ) );
#2769 = PCURVE('',#1891,#2770);
#2770 = DEFINITIONAL_REPRESENTATION('',(#2771),#2775);
#2771 = LINE('',#2772,#2773);
#2772 = CARTESIAN_POINT('',(1.6,-0.3));
#2773 = VECTOR('',#2774,1.);
#2774 = DIRECTION('',(-1.,-1.387778780781E-16));
#2775 = ( GEOMETRIC_REPRESENTATION_CONTEXT(2) 
PARAMETRIC_REPRESENTATION_CONTEXT() REPRESENTATION_CONTEXT('2D SPACE',''
  ) );
#2776 = ORIENTED_EDGE('',*,*,#2291,.T.);
#2777 = ADVANCED_FACE('',(#2778),#2035,.T.);
#2778 = FACE_BOUND('',#2779,.T.);
#2779 = EDGE_LOOP('',(#2780,#2801,#2802,#2823));
#2780 = ORIENTED_EDGE('',*,*,#2781,.F.);
#2781 = EDGE_CURVE('',#2020,#2357,#2782,.T.);
#2782 = SURFACE_CURVE('',#2783,(#2787,#2794),.PCURVE_S1.);
#2783 = LINE('',#2784,#2785);
#2784 = CARTESIAN_POINT('',(-7.525,1.6,1.6));
#2785 = VECTOR('',#2786,1.);
#2786 = DIRECTION('',(-5.551115123126E-16,1.387778780781E-16,-1.));
#2787 = PCURVE('',#2035,#2788);
#2788 = DEFINITIONAL_REPRESENTATION('',(#2789),#2793);
#2789 = LINE('',#2790,#2791);
#2790 = CARTESIAN_POINT('',(0.,0.775));
#2791 = VECTOR('',#2792,1.);
#2792 = DIRECTION('',(-1.,-5.551115123126E-16));
#2793 = ( GEOMETRIC_REPRESENTATION_CONTEXT(2) 
PARAMETRIC_REPRESENTATION_CONTEXT() REPRESENTATION_CONTEXT('2D SPACE',''
  ) );
#2794 = PCURVE('',#2062,#2795);
#2795 = DEFINITIONAL_REPRESENTATION('',(#2796),#2800);
#2796 = LINE('',#2797,#2798);
#2797 = CARTESIAN_POINT('',(1.6,0.));
#2798 = VECTOR('',#2799,1.);
#2799 = DIRECTION('',(-1.,-1.387778780781E-16));
#2800 = ( GEOMETRIC_REPRESENTATION_CONTEXT(2) 
PARAMETRIC_REPRESENTATION_CONTEXT() REPRESENTATION_CONTEXT('2D SPACE',''
  ) );
#2801 = ORIENTED_EDGE('',*,*,#2017,.F.);
#2802 = ORIENTED_EDGE('',*,*,#2803,.F.);
#2803 = EDGE_CURVE('',#2336,#2018,#2804,.T.);
#2804 = SURFACE_CURVE('',#2805,(#2809,#2816),.PCURVE_S1.);
#2805 = LINE('',#2806,#2807);
#2806 = CARTESIAN_POINT('',(-5.945,1.6,0.));
#2807 = VECTOR('',#2808,1.);
#2808 = DIRECTION('',(0.,-1.387778780781E-16,1.));
#2809 = PCURVE('',#2035,#2810);
#2810 = DEFINITIONAL_REPRESENTATION('',(#2811),#2815);
#2811 = LINE('',#2812,#2813);
#2812 = CARTESIAN_POINT('',(-1.6,2.355));
#2813 = VECTOR('',#2814,1.);
#2814 = DIRECTION('',(1.,0.));
#2815 = ( GEOMETRIC_REPRESENTATION_CONTEXT(2) 
PARAMETRIC_REPRESENTATION_CONTEXT() REPRESENTATION_CONTEXT('2D SPACE',''
  ) );
#2816 = PCURVE('',#2115,#2817);
#2817 = DEFINITIONAL_REPRESENTATION('',(#2818),#2822);
#2818 = LINE('',#2819,#2820);
#2819 = CARTESIAN_POINT('',(0.,-2.22044604925E-16));
#2820 = VECTOR('',#2821,1.);
#2821 = DIRECTION('',(1.,1.387778780781E-16));
#2822 = ( GEOMETRIC_REPRESENTATION_CONTEXT(2) 
PARAMETRIC_REPRESENTATION_CONTEXT() REPRESENTATION_CONTEXT('2D SPACE',''
  ) );
#2823 = ORIENTED_EDGE('',*,*,#2356,.T.);
#2824 = ADVANCED_FACE('',(#2825),#2115,.F.);
#2825 = FACE_BOUND('',#2826,.F.);
#2826 = EDGE_LOOP('',(#2827,#2828,#2829,#2850));
#2827 = ORIENTED_EDGE('',*,*,#2803,.F.);
#2828 = ORIENTED_EDGE('',*,*,#2335,.T.);
#2829 = ORIENTED_EDGE('',*,*,#2830,.T.);
#2830 = EDGE_CURVE('',#2313,#2075,#2831,.T.);
#2831 = SURFACE_CURVE('',#2832,(#2836,#2843),.PCURVE_S1.);
#2832 = LINE('',#2833,#2834);
#2833 = CARTESIAN_POINT('',(-5.945,1.9,0.));
#2834 = VECTOR('',#2835,1.);
#2835 = DIRECTION('',(0.,0.,1.));
#2836 = PCURVE('',#2115,#2837);
#2837 = DEFINITIONAL_REPRESENTATION('',(#2838),#2842);
#2838 = LINE('',#2839,#2840);
#2839 = CARTESIAN_POINT('',(0.,-0.3));
#2840 = VECTOR('',#2841,1.);
#2841 = DIRECTION('',(1.,0.));
#2842 = ( GEOMETRIC_REPRESENTATION_CONTEXT(2) 
PARAMETRIC_REPRESENTATION_CONTEXT() REPRESENTATION_CONTEXT('2D SPACE',''
  ) );
#2843 = PCURVE('',#2090,#2844);
#2844 = DEFINITIONAL_REPRESENTATION('',(#2845),#2849);
#2845 = LINE('',#2846,#2847);
#2846 = CARTESIAN_POINT('',(-1.6,2.355));
#2847 = VECTOR('',#2848,1.);
#2848 = DIRECTION('',(1.,0.));
#2849 = ( GEOMETRIC_REPRESENTATION_CONTEXT(2) 
PARAMETRIC_REPRESENTATION_CONTEXT() REPRESENTATION_CONTEXT('2D SPACE',''
  ) );
#2850 = ORIENTED_EDGE('',*,*,#2101,.F.);
#2851 = ADVANCED_FACE('',(#2852),#2062,.T.);
#2852 = FACE_BOUND('',#2853,.T.);
#2853 = EDGE_LOOP('',(#2854,#2855,#2856,#2857));
#2854 = ORIENTED_EDGE('',*,*,#2046,.F.);
#2855 = ORIENTED_EDGE('',*,*,#2781,.T.);
#2856 = ORIENTED_EDGE('',*,*,#2377,.T.);
#2857 = ORIENTED_EDGE('',*,*,#2858,.T.);
#2858 = EDGE_CURVE('',#2315,#2047,#2859,.T.);
#2859 = SURFACE_CURVE('',#2860,(#2864,#2871),.PCURVE_S1.);
#2860 = LINE('',#2861,#2862);
#2861 = CARTESIAN_POINT('',(-7.525,1.9,0.));
#2862 = VECTOR('',#2863,1.);
#2863 = DIRECTION('',(0.,0.,1.));
#2864 = PCURVE('',#2062,#2865);
#2865 = DEFINITIONAL_REPRESENTATION('',(#2866),#2870);
#2866 = LINE('',#2867,#2868);
#2867 = CARTESIAN_POINT('',(0.,-0.3));
#2868 = VECTOR('',#2869,1.);
#2869 = DIRECTION('',(1.,0.));
#2870 = ( GEOMETRIC_REPRESENTATION_CONTEXT(2) 
PARAMETRIC_REPRESENTATION_CONTEXT() REPRESENTATION_CONTEXT('2D SPACE',''
  ) );
#2871 = PCURVE('',#2090,#2872);
#2872 = DEFINITIONAL_REPRESENTATION('',(#2873),#2877);
#2873 = LINE('',#2874,#2875);
#2874 = CARTESIAN_POINT('',(-1.6,0.775));
#2875 = VECTOR('',#2876,1.);
#2876 = DIRECTION('',(1.,0.));
#2877 = ( GEOMETRIC_REPRESENTATION_CONTEXT(2) 
PARAMETRIC_REPRESENTATION_CONTEXT() REPRESENTATION_CONTEXT('2D SPACE',''
  ) );
#2878 = ADVANCED_FACE('',(#2879),#2090,.F.);
#2879 = FACE_BOUND('',#2880,.F.);
#2880 = EDGE_LOOP('',(#2881,#2882,#2883,#2884));
#2881 = ORIENTED_EDGE('',*,*,#2858,.T.);
#2882 = ORIENTED_EDGE('',*,*,#2074,.F.);
#2883 = ORIENTED_EDGE('',*,*,#2830,.F.);
#2884 = ORIENTED_EDGE('',*,*,#2312,.T.);
#2885 = ADVANCED_FACE('',(#2886),#1891,.F.);
#2886 = FACE_BOUND('',#2887,.F.);
#2887 = EDGE_LOOP('',(#2888,#2889,#2890,#2891));
#2888 = ORIENTED_EDGE('',*,*,#2615,.F.);
#2889 = ORIENTED_EDGE('',*,*,#2226,.T.);
#2890 = ORIENTED_EDGE('',*,*,#2756,.F.);
#2891 = ORIENTED_EDGE('',*,*,#1877,.F.);
#2892 = ADVANCED_FACE('',(#2893),#1838,.T.);
#2893 = FACE_BOUND('',#2894,.T.);
#2894 = EDGE_LOOP('',(#2895,#2896,#2897,#2898));
#2895 = ORIENTED_EDGE('',*,*,#2593,.F.);
#2896 = ORIENTED_EDGE('',*,*,#2270,.T.);
#2897 = ORIENTED_EDGE('',*,*,#2734,.T.);
#2898 = ORIENTED_EDGE('',*,*,#1822,.F.);
#2899 = ADVANCED_FACE('',(#2900),#1950,.F.);
#2900 = FACE_BOUND('',#2901,.F.);
#2901 = EDGE_LOOP('',(#2902,#2903,#2904,#2905));
#2902 = ORIENTED_EDGE('',*,*,#2709,.F.);
#2903 = ORIENTED_EDGE('',*,*,#2398,.T.);
#2904 = ORIENTED_EDGE('',*,*,#2662,.T.);
#2905 = ORIENTED_EDGE('',*,*,#1934,.F.);
#2906 = ADVANCED_FACE('',(#2907),#2003,.T.);
#2907 = FACE_BOUND('',#2908,.T.);
#2908 = EDGE_LOOP('',(#2909,#2910,#2911,#2912));
#2909 = ORIENTED_EDGE('',*,*,#1989,.F.);
#2910 = ORIENTED_EDGE('',*,*,#2687,.T.);
#2911 = ORIENTED_EDGE('',*,*,#2442,.T.);
#2912 = ORIENTED_EDGE('',*,*,#2640,.T.);
#2913 = ( GEOMETRIC_REPRESENTATION_CONTEXT(3) 
GLOBAL_UNCERTAINTY_ASSIGNED_CONTEXT((#2917)) 
GLOBAL_UNIT_ASSIGNED_CONTEXT((#2914,#2915,#2916)) REPRESENTATION_CONTEXT
('Context #1','3D Context with UNIT and UNCERTAINTY') );
#2914 = ( LENGTH_UNIT() NAMED_UNIT(*) SI_UNIT(.MILLI.,.METRE.) );
#2915 = ( NAMED_UNIT(*) PLANE_ANGLE_UNIT() SI_UNIT($,.RADIAN.) );
#2916 = ( NAMED_UNIT(*) SI_UNIT($,.STERADIAN.) SOLID_ANGLE_UNIT() );
#2917 = UNCERTAINTY_MEASURE_WITH_UNIT(LENGTH_MEASURE(1.E-05),#2914,
  'distance_accuracy_value','confusion accuracy');
#2918 = CONTEXT_DEPENDENT_SHAPE_REPRESENTATION(#2919,#2921);
#2919 = ( REPRESENTATION_RELATIONSHIP('','',#48,#10) 
REPRESENTATION_RELATIONSHIP_WITH_TRANSFORMATION(#2920) 
SHAPE_REPRESENTATION_RELATIONSHIP() );
#2920 = ITEM_DEFINED_TRANSFORMATION('','',#11,#15);
#2921 = PRODUCT_DEFINITION_SHAPE('Placement','Placement of an item',
  #2922);
#2922 = NEXT_ASSEMBLY_USAGE_OCCURRENCE('1','holder_body','',#5,#43,$);
#2923 = PRODUCT_RELATED_PRODUCT_CATEGORY('part',$,(#45));
#2924 = SHAPE_DEFINITION_REPRESENTATION(#2925,#2931);
#2925 = PRODUCT_DEFINITION_SHAPE('','',#2926);
#2926 = PRODUCT_DEFINITION('design','',#2927,#2930);
#2927 = PRODUCT_DEFINITION_FORMATION('','',#2928);
#2928 = PRODUCT('clip_left','clip_left','',(#2929));
#2929 = PRODUCT_CONTEXT('',#2,'mechanical');
#2930 = PRODUCT_DEFINITION_CONTEXT('part definition',#2,'design');
#2931 = ADVANCED_BREP_SHAPE_REPRESENTATION('',(#11,#2932),#5751);
#2932 = MANIFOLD_SOLID_BREP('',#2933);
#2933 = CLOSED_SHELL('',(#2934,#3054,#3240,#3316,#3392,#3467,#3639,#3771
    ,#3842,#3891,#3940,#4227,#4303,#4374,#4401,#4428,#4435,#4511,#4582,
    #4609,#4636,#4643,#4830,#4956,#5032,#5108,#5179,#5228,#5257,#5307,
    #5412,#5483,#5532,#5559,#5587,#5616,#5645,#5674,#5705,#5736));
#2934 = ADVANCED_FACE('',(#2935),#2949,.F.);
#2935 = FACE_BOUND('',#2936,.F.);
#2936 = EDGE_LOOP('',(#2937,#2972,#3000,#3028));
#2937 = ORIENTED_EDGE('',*,*,#2938,.F.);
#2938 = EDGE_CURVE('',#2939,#2941,#2943,.T.);
#2939 = VERTEX_POINT('',#2940);
#2940 = CARTESIAN_POINT('',(-8.3,-1.9,8.3));
#2941 = VERTEX_POINT('',#2942);
#2942 = CARTESIAN_POINT('',(-8.3,1.9,8.3));
#2943 = SURFACE_CURVE('',#2944,(#2948,#2960),.PCURVE_S1.);
#2944 = LINE('',#2945,#2946);
#2945 = CARTESIAN_POINT('',(-8.3,-1.9,8.3));
#2946 = VECTOR('',#2947,1.);
#2947 = DIRECTION('',(0.,1.,0.));
#2948 = PCURVE('',#2949,#2954);
#2949 = PLANE('',#2950);
#2950 = AXIS2_PLACEMENT_3D('',#2951,#2952,#2953);
#2951 = CARTESIAN_POINT('',(-8.3,-1.9,1.6));
#2952 = DIRECTION('',(1.,0.,0.));
#2953 = DIRECTION('',(0.,0.,1.));
#2954 = DEFINITIONAL_REPRESENTATION('',(#2955),#2959);
#2955 = LINE('',#2956,#2957);
#2956 = CARTESIAN_POINT('',(6.7,0.));
#2957 = VECTOR('',#2958,1.);
#2958 = DIRECTION('',(0.,-1.));
#2959 = ( GEOMETRIC_REPRESENTATION_CONTEXT(2) 
PARAMETRIC_REPRESENTATION_CONTEXT() REPRESENTATION_CONTEXT('2D SPACE',''
  ) );
#2960 = PCURVE('',#2961,#2966);
#2961 = PLANE('',#2962);
#2962 = AXIS2_PLACEMENT_3D('',#2963,#2964,#2965);
#2963 = CARTESIAN_POINT('',(-8.3,-1.9,8.3));
#2964 = DIRECTION('',(0.,0.,1.));
#2965 = DIRECTION('',(1.,0.,0.));
#2966 = DEFINITIONAL_REPRESENTATION('',(#2967),#2971);
#2967 = LINE('',#2968,#2969);
#2968 = CARTESIAN_POINT('',(0.,0.));
#2969 = VECTOR('',#2970,1.);
#2970 = DIRECTION('',(0.,1.));
#2971 = ( GEOMETRIC_REPRESENTATION_CONTEXT(2) 
PARAMETRIC_REPRESENTATION_CONTEXT() REPRESENTATION_CONTEXT('2D SPACE',''
  ) );
#2972 = ORIENTED_EDGE('',*,*,#2973,.F.);
#2973 = EDGE_CURVE('',#2974,#2939,#2976,.T.);
#2974 = VERTEX_POINT('',#2975);
#2975 = CARTESIAN_POINT('',(-8.3,-1.9,1.6));
#2976 = SURFACE_CURVE('',#2977,(#2981,#2988),.PCURVE_S1.);
#2977 = LINE('',#2978,#2979);
#2978 = CARTESIAN_POINT('',(-8.3,-1.9,1.6));
#2979 = VECTOR('',#2980,1.);
#2980 = DIRECTION('',(0.,0.,1.));
#2981 = PCURVE('',#2949,#2982);
#2982 = DEFINITIONAL_REPRESENTATION('',(#2983),#2987);
#2983 = LINE('',#2984,#2985);
#2984 = CARTESIAN_POINT('',(0.,0.));
#2985 = VECTOR('',#2986,1.);
#2986 = DIRECTION('',(1.,0.));
#2987 = ( GEOMETRIC_REPRESENTATION_CONTEXT(2) 
PARAMETRIC_REPRESENTATION_CONTEXT() REPRESENTATION_CONTEXT('2D SPACE',''
  ) );
#2988 = PCURVE('',#2989,#2994);
#2989 = PLANE('',#2990);
#2990 = AXIS2_PLACEMENT_3D('',#2991,#2992,#2993);
#2991 = CARTESIAN_POINT('',(-8.3,-1.9,1.6));
#2992 = DIRECTION('',(0.,1.,0.));
#2993 = DIRECTION('',(0.,0.,1.));
#2994 = DEFINITIONAL_REPRESENTATION('',(#2995),#2999);
#2995 = LINE('',#2996,#2997);
#2996 = CARTESIAN_POINT('',(0.,0.));
#2997 = VECTOR('',#2998,1.);
#2998 = DIRECTION('',(1.,0.));
#2999 = ( GEOMETRIC_REPRESENTATION_CONTEXT(2) 
PARAMETRIC_REPRESENTATION_CONTEXT() REPRESENTATION_CONTEXT('2D SPACE',''
  ) );
#3000 = ORIENTED_EDGE('',*,*,#3001,.F.);
#3001 = EDGE_CURVE('',#3002,#2974,#3004,.T.);
#3002 = VERTEX_POINT('',#3003);
#3003 = CARTESIAN_POINT('',(-8.3,1.9,1.6));
#3004 = SURFACE_CURVE('',#3005,(#3009,#3016),.PCURVE_S1.);
#3005 = LINE('',#3006,#3007);
#3006 = CARTESIAN_POINT('',(-8.3,1.9,1.6));
#3007 = VECTOR('',#3008,1.);
#3008 = DIRECTION('',(0.,-1.,0.));
#3009 = PCURVE('',#2949,#3010);
#3010 = DEFINITIONAL_REPRESENTATION('',(#3011),#3015);
#3011 = LINE('',#3012,#3013);
#3012 = CARTESIAN_POINT('',(0.,-3.8));
#3013 = VECTOR('',#3014,1.);
#3014 = DIRECTION('',(0.,1.));
#3015 = ( GEOMETRIC_REPRESENTATION_CONTEXT(2) 
PARAMETRIC_REPRESENTATION_CONTEXT() REPRESENTATION_CONTEXT('2D SPACE',''
  ) );
#3016 = PCURVE('',#3017,#3022);
#3017 = PLANE('',#3018);
#3018 = AXIS2_PLACEMENT_3D('',#3019,#3020,#3021);
#3019 = CARTESIAN_POINT('',(-8.3,-1.9,1.6));
#3020 = DIRECTION('',(0.,0.,1.));
#3021 = DIRECTION('',(1.,0.,0.));
#3022 = DEFINITIONAL_REPRESENTATION('',(#3023),#3027);
#3023 = LINE('',#3024,#3025);
#3024 = CARTESIAN_POINT('',(0.,3.8));
#3025 = VECTOR('',#3026,1.);
#3026 = DIRECTION('',(0.,-1.));
#3027 = ( GEOMETRIC_REPRESENTATION_CONTEXT(2) 
PARAMETRIC_REPRESENTATION_CONTEXT() REPRESENTATION_CONTEXT('2D SPACE',''
  ) );
#3028 = ORIENTED_EDGE('',*,*,#3029,.T.);
#3029 = EDGE_CURVE('',#3002,#2941,#3030,.T.);
#3030 = SURFACE_CURVE('',#3031,(#3035,#3042),.PCURVE_S1.);
#3031 = LINE('',#3032,#3033);
#3032 = CARTESIAN_POINT('',(-8.3,1.9,1.6));
#3033 = VECTOR('',#3034,1.);
#3034 = DIRECTION('',(0.,0.,1.));
#3035 = PCURVE('',#2949,#3036);
#3036 = DEFINITIONAL_REPRESENTATION('',(#3037),#3041);
#3037 = LINE('',#3038,#3039);
#3038 = CARTESIAN_POINT('',(0.,-3.8));
#3039 = VECTOR('',#3040,1.);
#3040 = DIRECTION('',(1.,0.));
#3041 = ( GEOMETRIC_REPRESENTATION_CONTEXT(2) 
PARAMETRIC_REPRESENTATION_CONTEXT() REPRESENTATION_CONTEXT('2D SPACE',''
  ) );
#3042 = PCURVE('',#3043,#3048);
#3043 = PLANE('',#3044);
#3044 = AXIS2_PLACEMENT_3D('',#3045,#3046,#3047);
#3045 = CARTESIAN_POINT('',(-8.3,1.9,1.6));
#3046 = DIRECTION('',(0.,1.,0.));
#3047 = DIRECTION('',(0.,0.,1.));
#3048 = DEFINITIONAL_REPRESENTATION('',(#3049),#3053);
#3049 = LINE('',#3050,#3051);
#3050 = CARTESIAN_POINT('',(0.,0.));
#3051 = VECTOR('',#3052,1.);
#3052 = DIRECTION('',(1.,0.));
#3053 = ( GEOMETRIC_REPRESENTATION_CONTEXT(2) 
PARAMETRIC_REPRESENTATION_CONTEXT() REPRESENTATION_CONTEXT('2D SPACE',''
  ) );
#3054 = ADVANCED_FACE('',(#3055),#3043,.T.);
#3055 = FACE_BOUND('',#3056,.T.);
#3056 = EDGE_LOOP('',(#3057,#3080,#3081,#3104,#3132,#3160,#3188,#3214));
#3057 = ORIENTED_EDGE('',*,*,#3058,.F.);
#3058 = EDGE_CURVE('',#3002,#3059,#3061,.T.);
#3059 = VERTEX_POINT('',#3060);
#3060 = CARTESIAN_POINT('',(-7.525,1.9,1.6));
#3061 = SURFACE_CURVE('',#3062,(#3066,#3073),.PCURVE_S1.);
#3062 = LINE('',#3063,#3064);
#3063 = CARTESIAN_POINT('',(-8.3,1.9,1.6));
#3064 = VECTOR('',#3065,1.);
#3065 = DIRECTION('',(1.,-4.827056628805E-17,0.));
#3066 = PCURVE('',#3043,#3067);
#3067 = DEFINITIONAL_REPRESENTATION('',(#3068),#3072);
#3068 = LINE('',#3069,#3070);
#3069 = CARTESIAN_POINT('',(0.,0.));
#3070 = VECTOR('',#3071,1.);
#3071 = DIRECTION('',(0.,1.));
#3072 = ( GEOMETRIC_REPRESENTATION_CONTEXT(2) 
PARAMETRIC_REPRESENTATION_CONTEXT() REPRESENTATION_CONTEXT('2D SPACE',''
  ) );
#3073 = PCURVE('',#3017,#3074);
#3074 = DEFINITIONAL_REPRESENTATION('',(#3075),#3079);
#3075 = LINE('',#3076,#3077);
#3076 = CARTESIAN_POINT('',(0.,3.8));
#3077 = VECTOR('',#3078,1.);
#3078 = DIRECTION('',(1.,-4.827056628805E-17));
#3079 = ( GEOMETRIC_REPRESENTATION_CONTEXT(2) 
PARAMETRIC_REPRESENTATION_CONTEXT() REPRESENTATION_CONTEXT('2D SPACE',''
  ) );
#3080 = ORIENTED_EDGE('',*,*,#3029,.T.);
#3081 = ORIENTED_EDGE('',*,*,#3082,.F.);
#3082 = EDGE_CURVE('',#3083,#2941,#3085,.T.);
#3083 = VERTEX_POINT('',#3084);
#3084 = CARTESIAN_POINT('',(-3.7,1.9,8.3));
#3085 = SURFACE_CURVE('',#3086,(#3090,#3097),.PCURVE_S1.);
#3086 = LINE('',#3087,#3088);
#3087 = CARTESIAN_POINT('',(-3.7,1.9,8.3));
#3088 = VECTOR('',#3089,1.);
#3089 = DIRECTION('',(-1.,4.827056628805E-17,0.));
#3090 = PCURVE('',#3043,#3091);
#3091 = DEFINITIONAL_REPRESENTATION('',(#3092),#3096);
#3092 = LINE('',#3093,#3094);
#3093 = CARTESIAN_POINT('',(6.7,4.6));
#3094 = VECTOR('',#3095,1.);
#3095 = DIRECTION('',(0.,-1.));
#3096 = ( GEOMETRIC_REPRESENTATION_CONTEXT(2) 
PARAMETRIC_REPRESENTATION_CONTEXT() REPRESENTATION_CONTEXT('2D SPACE',''
  ) );
#3097 = PCURVE('',#2961,#3098);
#3098 = DEFINITIONAL_REPRESENTATION('',(#3099),#3103);
#3099 = LINE('',#3100,#3101);
#3100 = CARTESIAN_POINT('',(4.6,3.8));
#3101 = VECTOR('',#3102,1.);
#3102 = DIRECTION('',(-1.,4.827056628805E-17));
#3103 = ( GEOMETRIC_REPRESENTATION_CONTEXT(2) 
PARAMETRIC_REPRESENTATION_CONTEXT() REPRESENTATION_CONTEXT('2D SPACE',''
  ) );
#3104 = ORIENTED_EDGE('',*,*,#3105,.F.);
#3105 = EDGE_CURVE('',#3106,#3083,#3108,.T.);
#3106 = VERTEX_POINT('',#3107);
#3107 = CARTESIAN_POINT('',(-3.7,1.9,1.6));
#3108 = SURFACE_CURVE('',#3109,(#3113,#3120),.PCURVE_S1.);
#3109 = LINE('',#3110,#3111);
#3110 = CARTESIAN_POINT('',(-3.7,1.9,1.6));
#3111 = VECTOR('',#3112,1.);
#3112 = DIRECTION('',(0.,0.,1.));
#3113 = PCURVE('',#3043,#3114);
#3114 = DEFINITIONAL_REPRESENTATION('',(#3115),#3119);
#3115 = LINE('',#3116,#3117);
#3116 = CARTESIAN_POINT('',(0.,4.6));
#3117 = VECTOR('',#3118,1.);
#3118 = DIRECTION('',(1.,0.));
#3119 = ( GEOMETRIC_REPRESENTATION_CONTEXT(2) 
PARAMETRIC_REPRESENTATION_CONTEXT() REPRESENTATION_CONTEXT('2D SPACE',''
  ) );
#3120 = PCURVE('',#3121,#3126);
#3121 = PLANE('',#3122);
#3122 = AXIS2_PLACEMENT_3D('',#3123,#3124,#3125);
#3123 = CARTESIAN_POINT('',(-3.7,1.6,1.6));
#3124 = DIRECTION('',(1.,0.,0.));
#3125 = DIRECTION('',(0.,0.,1.));
#3126 = DEFINITIONAL_REPRESENTATION('',(#3127),#3131);
#3127 = LINE('',#3128,#3129);
#3128 = CARTESIAN_POINT('',(0.,-0.3));
#3129 = VECTOR('',#3130,1.);
#3130 = DIRECTION('',(1.,0.));
#3131 = ( GEOMETRIC_REPRESENTATION_CONTEXT(2) 
PARAMETRIC_REPRESENTATION_CONTEXT() REPRESENTATION_CONTEXT('2D SPACE',''
  ) );
#3132 = ORIENTED_EDGE('',*,*,#3133,.F.);
#3133 = EDGE_CURVE('',#3134,#3106,#3136,.T.);
#3134 = VERTEX_POINT('',#3135);
#3135 = CARTESIAN_POINT('',(-5.945,1.9,1.6));
#3136 = SURFACE_CURVE('',#3137,(#3141,#3148),.PCURVE_S1.);
#3137 = LINE('',#3138,#3139);
#3138 = CARTESIAN_POINT('',(-8.3,1.9,1.6));
#3139 = VECTOR('',#3140,1.);
#3140 = DIRECTION('',(1.,-4.827056628805E-17,0.));
#3141 = PCURVE('',#3043,#3142);
#3142 = DEFINITIONAL_REPRESENTATION('',(#3143),#3147);
#3143 = LINE('',#3144,#3145);
#3144 = CARTESIAN_POINT('',(0.,0.));
#3145 = VECTOR('',#3146,1.);
#3146 = DIRECTION('',(0.,1.));
#3147 = ( GEOMETRIC_REPRESENTATION_CONTEXT(2) 
PARAMETRIC_REPRESENTATION_CONTEXT() REPRESENTATION_CONTEXT('2D SPACE',''
  ) );
#3148 = PCURVE('',#3149,#3154);
#3149 = PLANE('',#3150);
#3150 = AXIS2_PLACEMENT_3D('',#3151,#3152,#3153);
#3151 = CARTESIAN_POINT('',(-8.3,-1.9,1.6));
#3152 = DIRECTION('',(0.,0.,1.));
#3153 = DIRECTION('',(1.,0.,0.));
#3154 = DEFINITIONAL_REPRESENTATION('',(#3155),#3159);
#3155 = LINE('',#3156,#3157);
#3156 = CARTESIAN_POINT('',(0.,3.8));
#3157 = VECTOR('',#3158,1.);
#3158 = DIRECTION('',(1.,-4.827056628805E-17));
#3159 = ( GEOMETRIC_REPRESENTATION_CONTEXT(2) 
PARAMETRIC_REPRESENTATION_CONTEXT() REPRESENTATION_CONTEXT('2D SPACE',''
  ) );
#3160 = ORIENTED_EDGE('',*,*,#3161,.F.);
#3161 = EDGE_CURVE('',#3162,#3134,#3164,.T.);
#3162 = VERTEX_POINT('',#3163);
#3163 = CARTESIAN_POINT('',(-5.945,1.9,0.3));
#3164 = SURFACE_CURVE('',#3165,(#3169,#3176),.PCURVE_S1.);
#3165 = LINE('',#3166,#3167);
#3166 = CARTESIAN_POINT('',(-5.945,1.9,0.));
#3167 = VECTOR('',#3168,1.);
#3168 = DIRECTION('',(0.,0.,1.));
#3169 = PCURVE('',#3043,#3170);
#3170 = DEFINITIONAL_REPRESENTATION('',(#3171),#3175);
#3171 = LINE('',#3172,#3173);
#3172 = CARTESIAN_POINT('',(-1.6,2.355));
#3173 = VECTOR('',#3174,1.);
#3174 = DIRECTION('',(1.,0.));
#3175 = ( GEOMETRIC_REPRESENTATION_CONTEXT(2) 
PARAMETRIC_REPRESENTATION_CONTEXT() REPRESENTATION_CONTEXT('2D SPACE',''
  ) );
#3176 = PCURVE('',#3177,#3182);
#3177 = PLANE('',#3178);
#3178 = AXIS2_PLACEMENT_3D('',#3179,#3180,#3181);
#3179 = CARTESIAN_POINT('',(-5.945,1.6,0.));
#3180 = DIRECTION('',(1.,0.,0.));
#3181 = DIRECTION('',(0.,0.,1.));
#3182 = DEFINITIONAL_REPRESENTATION('',(#3183),#3187);
#3183 = LINE('',#3184,#3185);
#3184 = CARTESIAN_POINT('',(0.,-0.3));
#3185 = VECTOR('',#3186,1.);
#3186 = DIRECTION('',(1.,0.));
#3187 = ( GEOMETRIC_REPRESENTATION_CONTEXT(2) 
PARAMETRIC_REPRESENTATION_CONTEXT() REPRESENTATION_CONTEXT('2D SPACE',''
  ) );
#3188 = ORIENTED_EDGE('',*,*,#3189,.F.);
#3189 = EDGE_CURVE('',#3190,#3162,#3192,.T.);
#3190 = VERTEX_POINT('',#3191);
#3191 = CARTESIAN_POINT('',(-7.525,1.9,0.3));
#3192 = SURFACE_CURVE('',#3193,(#3197,#3203),.PCURVE_S1.);
#3193 = LINE('',#3194,#3195);
#3194 = CARTESIAN_POINT('',(-7.9125,1.9,0.3));
#3195 = VECTOR('',#3196,1.);
#3196 = DIRECTION('',(1.,0.,0.));
#3197 = PCURVE('',#3043,#3198);
#3198 = DEFINITIONAL_REPRESENTATION('',(#3199),#3202);
#3199 = B_SPLINE_CURVE_WITH_KNOTS('',1,(#3200,#3201),.UNSPECIFIED.,.F.,
  .F.,(2,2),(0.3875,1.9675),.PIECEWISE_BEZIER_KNOTS.);
#3200 = CARTESIAN_POINT('',(-1.3,0.775));
#3201 = CARTESIAN_POINT('',(-1.3,2.355));
#3202 = ( GEOMETRIC_REPRESENTATION_CONTEXT(2) 
PARAMETRIC_REPRESENTATION_CONTEXT() REPRESENTATION_CONTEXT('2D SPACE',''
  ) );
#3203 = PCURVE('',#3204,#3209);
#3204 = PLANE('',#3205);
#3205 = AXIS2_PLACEMENT_3D('',#3206,#3207,#3208);
#3206 = CARTESIAN_POINT('',(-7.525,1.6,0.3));
#3207 = DIRECTION('',(0.,0.,1.));
#3208 = DIRECTION('',(1.,0.,0.));
#3209 = DEFINITIONAL_REPRESENTATION('',(#3210),#3213);
#3210 = B_SPLINE_CURVE_WITH_KNOTS('',1,(#3211,#3212),.UNSPECIFIED.,.F.,
  .F.,(2,2),(0.3875,1.9675),.PIECEWISE_BEZIER_KNOTS.);
#3211 = CARTESIAN_POINT('',(-6.661338147751E-16,0.3));
#3212 = CARTESIAN_POINT('',(1.58,0.3));
#3213 = ( GEOMETRIC_REPRESENTATION_CONTEXT(2) 
PARAMETRIC_REPRESENTATION_CONTEXT() REPRESENTATION_CONTEXT('2D SPACE',''
  ) );
#3214 = ORIENTED_EDGE('',*,*,#3215,.T.);
#3215 = EDGE_CURVE('',#3190,#3059,#3216,.T.);
#3216 = SURFACE_CURVE('',#3217,(#3221,#3228),.PCURVE_S1.);
#3217 = LINE('',#3218,#3219);
#3218 = CARTESIAN_POINT('',(-7.525,1.9,0.));
#3219 = VECTOR('',#3220,1.);
#3220 = DIRECTION('',(0.,0.,1.));
#3221 = PCURVE('',#3043,#3222);
#3222 = DEFINITIONAL_REPRESENTATION('',(#3223),#3227);
#3223 = LINE('',#3224,#3225);
#3224 = CARTESIAN_POINT('',(-1.6,0.775));
#3225 = VECTOR('',#3226,1.);
#3226 = DIRECTION('',(1.,0.));
#3227 = ( GEOMETRIC_REPRESENTATION_CONTEXT(2) 
PARAMETRIC_REPRESENTATION_CONTEXT() REPRESENTATION_CONTEXT('2D SPACE',''
  ) );
#3228 = PCURVE('',#3229,#3234);
#3229 = PLANE('',#3230);
#3230 = AXIS2_PLACEMENT_3D('',#3231,#3232,#3233);
#3231 = CARTESIAN_POINT('',(-7.525,1.6,0.));
#3232 = DIRECTION('',(1.,0.,0.));
#3233 = DIRECTION('',(0.,0.,1.));
#3234 = DEFINITIONAL_REPRESENTATION('',(#3235),#3239);
#3235 = LINE('',#3236,#3237);
#3236 = CARTESIAN_POINT('',(0.,-0.3));
#3237 = VECTOR('',#3238,1.);
#3238 = DIRECTION('',(1.,0.));
#3239 = ( GEOMETRIC_REPRESENTATION_CONTEXT(2) 
PARAMETRIC_REPRESENTATION_CONTEXT() REPRESENTATION_CONTEXT('2D SPACE',''
  ) );
#3240 = ADVANCED_FACE('',(#3241),#3121,.T.);
#3241 = FACE_BOUND('',#3242,.T.);
#3242 = EDGE_LOOP('',(#3243,#3266,#3294,#3315));
#3243 = ORIENTED_EDGE('',*,*,#3244,.F.);
#3244 = EDGE_CURVE('',#3245,#3083,#3247,.T.);
#3245 = VERTEX_POINT('',#3246);
#3246 = CARTESIAN_POINT('',(-3.7,0.85,8.3));
#3247 = SURFACE_CURVE('',#3248,(#3252,#3259),.PCURVE_S1.);
#3248 = LINE('',#3249,#3250);
#3249 = CARTESIAN_POINT('',(-3.7,0.85,8.3));
#3250 = VECTOR('',#3251,1.);
#3251 = DIRECTION('',(4.229421046191E-16,1.,0.));
#3252 = PCURVE('',#3121,#3253);
#3253 = DEFINITIONAL_REPRESENTATION('',(#3254),#3258);
#3254 = LINE('',#3255,#3256);
#3255 = CARTESIAN_POINT('',(6.7,0.75));
#3256 = VECTOR('',#3257,1.);
#3257 = DIRECTION('',(0.,-1.));
#3258 = ( GEOMETRIC_REPRESENTATION_CONTEXT(2) 
PARAMETRIC_REPRESENTATION_CONTEXT() REPRESENTATION_CONTEXT('2D SPACE',''
  ) );
#3259 = PCURVE('',#2961,#3260);
#3260 = DEFINITIONAL_REPRESENTATION('',(#3261),#3265);
#3261 = LINE('',#3262,#3263);
#3262 = CARTESIAN_POINT('',(4.6,2.75));
#3263 = VECTOR('',#3264,1.);
#3264 = DIRECTION('',(4.229421046191E-16,1.));
#3265 = ( GEOMETRIC_REPRESENTATION_CONTEXT(2) 
PARAMETRIC_REPRESENTATION_CONTEXT() REPRESENTATION_CONTEXT('2D SPACE',''
  ) );
#3266 = ORIENTED_EDGE('',*,*,#3267,.F.);
#3267 = EDGE_CURVE('',#3268,#3245,#3270,.T.);
#3268 = VERTEX_POINT('',#3269);
#3269 = CARTESIAN_POINT('',(-3.7,0.85,1.6));
#3270 = SURFACE_CURVE('',#3271,(#3275,#3282),.PCURVE_S1.);
#3271 = LINE('',#3272,#3273);
#3272 = CARTESIAN_POINT('',(-3.7,0.85,1.6));
#3273 = VECTOR('',#3274,1.);
#3274 = DIRECTION('',(0.,0.,1.));
#3275 = PCURVE('',#3121,#3276);
#3276 = DEFINITIONAL_REPRESENTATION('',(#3277),#3281);
#3277 = LINE('',#3278,#3279);
#3278 = CARTESIAN_POINT('',(0.,0.75));
#3279 = VECTOR('',#3280,1.);
#3280 = DIRECTION('',(1.,0.));
#3281 = ( GEOMETRIC_REPRESENTATION_CONTEXT(2) 
PARAMETRIC_REPRESENTATION_CONTEXT() REPRESENTATION_CONTEXT('2D SPACE',''
  ) );
#3282 = PCURVE('',#3283,#3288);
#3283 = PLANE('',#3284);
#3284 = AXIS2_PLACEMENT_3D('',#3285,#3286,#3287);
#3285 = CARTESIAN_POINT('',(-4.,0.85,1.6));
#3286 = DIRECTION('',(0.,1.,0.));
#3287 = DIRECTION('',(0.,0.,1.));
#3288 = DEFINITIONAL_REPRESENTATION('',(#3289),#3293);
#3289 = LINE('',#3290,#3291);
#3290 = CARTESIAN_POINT('',(0.,0.3));
#3291 = VECTOR('',#3292,1.);
#3292 = DIRECTION('',(1.,0.));
#3293 = ( GEOMETRIC_REPRESENTATION_CONTEXT(2) 
PARAMETRIC_REPRESENTATION_CONTEXT() REPRESENTATION_CONTEXT('2D SPACE',''
  ) );
#3294 = ORIENTED_EDGE('',*,*,#3295,.F.);
#3295 = EDGE_CURVE('',#3106,#3268,#3296,.T.);
#3296 = SURFACE_CURVE('',#3297,(#3301,#3308),.PCURVE_S1.);
#3297 = LINE('',#3298,#3299);
#3298 = CARTESIAN_POINT('',(-3.7,1.9,1.6));
#3299 = VECTOR('',#3300,1.);
#3300 = DIRECTION('',(-4.229421046191E-16,-1.,0.));
#3301 = PCURVE('',#3121,#3302);
#3302 = DEFINITIONAL_REPRESENTATION('',(#3303),#3307);
#3303 = LINE('',#3304,#3305);
#3304 = CARTESIAN_POINT('',(0.,-0.3));
#3305 = VECTOR('',#3306,1.);
#3306 = DIRECTION('',(0.,1.));
#3307 = ( GEOMETRIC_REPRESENTATION_CONTEXT(2) 
PARAMETRIC_REPRESENTATION_CONTEXT() REPRESENTATION_CONTEXT('2D SPACE',''
  ) );
#3308 = PCURVE('',#3149,#3309);
#3309 = DEFINITIONAL_REPRESENTATION('',(#3310),#3314);
#3310 = LINE('',#3311,#3312);
#3311 = CARTESIAN_POINT('',(4.6,3.8));
#3312 = VECTOR('',#3313,1.);
#3313 = DIRECTION('',(-4.229421046191E-16,-1.));
#3314 = ( GEOMETRIC_REPRESENTATION_CONTEXT(2) 
PARAMETRIC_REPRESENTATION_CONTEXT() REPRESENTATION_CONTEXT('2D SPACE',''
  ) );
#3315 = ORIENTED_EDGE('',*,*,#3105,.T.);
#3316 = ADVANCED_FACE('',(#3317),#3283,.F.);
#3317 = FACE_BOUND('',#3318,.F.);
#3318 = EDGE_LOOP('',(#3319,#3342,#3370,#3391));
#3319 = ORIENTED_EDGE('',*,*,#3320,.F.);
#3320 = EDGE_CURVE('',#3321,#3268,#3323,.T.);
#3321 = VERTEX_POINT('',#3322);
#3322 = CARTESIAN_POINT('',(-4.,0.85,1.6));
#3323 = SURFACE_CURVE('',#3324,(#3328,#3335),.PCURVE_S1.);
#3324 = LINE('',#3325,#3326);
#3325 = CARTESIAN_POINT('',(-4.,0.85,1.6));
#3326 = VECTOR('',#3327,1.);
#3327 = DIRECTION('',(1.,0.,0.));
#3328 = PCURVE('',#3283,#3329);
#3329 = DEFINITIONAL_REPRESENTATION('',(#3330),#3334);
#3330 = LINE('',#3331,#3332);
#3331 = CARTESIAN_POINT('',(0.,0.));
#3332 = VECTOR('',#3333,1.);
#3333 = DIRECTION('',(0.,1.));
#3334 = ( GEOMETRIC_REPRESENTATION_CONTEXT(2) 
PARAMETRIC_REPRESENTATION_CONTEXT() REPRESENTATION_CONTEXT('2D SPACE',''
  ) );
#3335 = PCURVE('',#3149,#3336);
#3336 = DEFINITIONAL_REPRESENTATION('',(#3337),#3341);
#3337 = LINE('',#3338,#3339);
#3338 = CARTESIAN_POINT('',(4.3,2.75));
#3339 = VECTOR('',#3340,1.);
#3340 = DIRECTION('',(1.,0.));
#3341 = ( GEOMETRIC_REPRESENTATION_CONTEXT(2) 
PARAMETRIC_REPRESENTATION_CONTEXT() REPRESENTATION_CONTEXT('2D SPACE',''
  ) );
#3342 = ORIENTED_EDGE('',*,*,#3343,.T.);
#3343 = EDGE_CURVE('',#3321,#3344,#3346,.T.);
#3344 = VERTEX_POINT('',#3345);
#3345 = CARTESIAN_POINT('',(-4.,0.85,8.3));
#3346 = SURFACE_CURVE('',#3347,(#3351,#3358),.PCURVE_S1.);
#3347 = LINE('',#3348,#3349);
#3348 = CARTESIAN_POINT('',(-4.,0.85,1.6));
#3349 = VECTOR('',#3350,1.);
#3350 = DIRECTION('',(0.,0.,1.));
#3351 = PCURVE('',#3283,#3352);
#3352 = DEFINITIONAL_REPRESENTATION('',(#3353),#3357);
#3353 = LINE('',#3354,#3355);
#3354 = CARTESIAN_POINT('',(0.,0.));
#3355 = VECTOR('',#3356,1.);
#3356 = DIRECTION('',(1.,0.));
#3357 = ( GEOMETRIC_REPRESENTATION_CONTEXT(2) 
PARAMETRIC_REPRESENTATION_CONTEXT() REPRESENTATION_CONTEXT('2D SPACE',''
  ) );
#3358 = PCURVE('',#3359,#3364);
#3359 = PLANE('',#3360);
#3360 = AXIS2_PLACEMENT_3D('',#3361,#3362,#3363);
#3361 = CARTESIAN_POINT('',(-4.,0.85,1.6));
#3362 = DIRECTION('',(1.,0.,0.));
#3363 = DIRECTION('',(0.,0.,1.));
#3364 = DEFINITIONAL_REPRESENTATION('',(#3365),#3369);
#3365 = LINE('',#3366,#3367);
#3366 = CARTESIAN_POINT('',(0.,0.));
#3367 = VECTOR('',#3368,1.);
#3368 = DIRECTION('',(1.,0.));
#3369 = ( GEOMETRIC_REPRESENTATION_CONTEXT(2) 
PARAMETRIC_REPRESENTATION_CONTEXT() REPRESENTATION_CONTEXT('2D SPACE',''
  ) );
#3370 = ORIENTED_EDGE('',*,*,#3371,.T.);
#3371 = EDGE_CURVE('',#3344,#3245,#3372,.T.);
#3372 = SURFACE_CURVE('',#3373,(#3377,#3384),.PCURVE_S1.);
#3373 = LINE('',#3374,#3375);
#3374 = CARTESIAN_POINT('',(-4.,0.85,8.3));
#3375 = VECTOR('',#3376,1.);
#3376 = DIRECTION('',(1.,0.,0.));
#3377 = PCURVE('',#3283,#3378);
#3378 = DEFINITIONAL_REPRESENTATION('',(#3379),#3383);
#3379 = LINE('',#3380,#3381);
#3380 = CARTESIAN_POINT('',(6.7,0.));
#3381 = VECTOR('',#3382,1.);
#3382 = DIRECTION('',(0.,1.));
#3383 = ( GEOMETRIC_REPRESENTATION_CONTEXT(2) 
PARAMETRIC_REPRESENTATION_CONTEXT() REPRESENTATION_CONTEXT('2D SPACE',''
  ) );
#3384 = PCURVE('',#2961,#3385);
#3385 = DEFINITIONAL_REPRESENTATION('',(#3386),#3390);
#3386 = LINE('',#3387,#3388);
#3387 = CARTESIAN_POINT('',(4.3,2.75));
#3388 = VECTOR('',#3389,1.);
#3389 = DIRECTION('',(1.,0.));
#3390 = ( GEOMETRIC_REPRESENTATION_CONTEXT(2) 
PARAMETRIC_REPRESENTATION_CONTEXT() REPRESENTATION_CONTEXT('2D SPACE',''
  ) );
#3391 = ORIENTED_EDGE('',*,*,#3267,.F.);
#3392 = ADVANCED_FACE('',(#3393),#3359,.F.);
#3393 = FACE_BOUND('',#3394,.F.);
#3394 = EDGE_LOOP('',(#3395,#3418,#3419,#3442));
#3395 = ORIENTED_EDGE('',*,*,#3396,.F.);
#3396 = EDGE_CURVE('',#3344,#3397,#3399,.T.);
#3397 = VERTEX_POINT('',#3398);
#3398 = CARTESIAN_POINT('',(-4.,1.6,8.3));
#3399 = SURFACE_CURVE('',#3400,(#3404,#3411),.PCURVE_S1.);
#3400 = LINE('',#3401,#3402);
#3401 = CARTESIAN_POINT('',(-4.,0.85,8.3));
#3402 = VECTOR('',#3403,1.);
#3403 = DIRECTION('',(0.,1.,0.));
#3404 = PCURVE('',#3359,#3405);
#3405 = DEFINITIONAL_REPRESENTATION('',(#3406),#3410);
#3406 = LINE('',#3407,#3408);
#3407 = CARTESIAN_POINT('',(6.7,0.));
#3408 = VECTOR('',#3409,1.);
#3409 = DIRECTION('',(0.,-1.));
#3410 = ( GEOMETRIC_REPRESENTATION_CONTEXT(2) 
PARAMETRIC_REPRESENTATION_CONTEXT() REPRESENTATION_CONTEXT('2D SPACE',''
  ) );
#3411 = PCURVE('',#2961,#3412);
#3412 = DEFINITIONAL_REPRESENTATION('',(#3413),#3417);
#3413 = LINE('',#3414,#3415);
#3414 = CARTESIAN_POINT('',(4.3,2.75));
#3415 = VECTOR('',#3416,1.);
#3416 = DIRECTION('',(0.,1.));
#3417 = ( GEOMETRIC_REPRESENTATION_CONTEXT(2) 
PARAMETRIC_REPRESENTATION_CONTEXT() REPRESENTATION_CONTEXT('2D SPACE',''
  ) );
#3418 = ORIENTED_EDGE('',*,*,#3343,.F.);
#3419 = ORIENTED_EDGE('',*,*,#3420,.T.);
#3420 = EDGE_CURVE('',#3321,#3421,#3423,.T.);
#3421 = VERTEX_POINT('',#3422);
#3422 = CARTESIAN_POINT('',(-4.,1.6,1.6));
#3423 = SURFACE_CURVE('',#3424,(#3428,#3435),.PCURVE_S1.);
#3424 = LINE('',#3425,#3426);
#3425 = CARTESIAN_POINT('',(-4.,0.85,1.6));
#3426 = VECTOR('',#3427,1.);
#3427 = DIRECTION('',(0.,1.,0.));
#3428 = PCURVE('',#3359,#3429);
#3429 = DEFINITIONAL_REPRESENTATION('',(#3430),#3434);
#3430 = LINE('',#3431,#3432);
#3431 = CARTESIAN_POINT('',(0.,0.));
#3432 = VECTOR('',#3433,1.);
#3433 = DIRECTION('',(0.,-1.));
#3434 = ( GEOMETRIC_REPRESENTATION_CONTEXT(2) 
PARAMETRIC_REPRESENTATION_CONTEXT() REPRESENTATION_CONTEXT('2D SPACE',''
  ) );
#3435 = PCURVE('',#3149,#3436);
#3436 = DEFINITIONAL_REPRESENTATION('',(#3437),#3441);
#3437 = LINE('',#3438,#3439);
#3438 = CARTESIAN_POINT('',(4.3,2.75));
#3439 = VECTOR('',#3440,1.);
#3440 = DIRECTION('',(0.,1.));
#3441 = ( GEOMETRIC_REPRESENTATION_CONTEXT(2) 
PARAMETRIC_REPRESENTATION_CONTEXT() REPRESENTATION_CONTEXT('2D SPACE',''
  ) );
#3442 = ORIENTED_EDGE('',*,*,#3443,.F.);
#3443 = EDGE_CURVE('',#3397,#3421,#3444,.T.);
#3444 = SURFACE_CURVE('',#3445,(#3449,#3455),.PCURVE_S1.);
#3445 = LINE('',#3446,#3447);
#3446 = CARTESIAN_POINT('',(-4.,1.6,1.6));
#3447 = VECTOR('',#3448,1.);
#3448 = DIRECTION('',(0.,0.,-1.));
#3449 = PCURVE('',#3359,#3450);
#3450 = DEFINITIONAL_REPRESENTATION('',(#3451),#3454);
#3451 = B_SPLINE_CURVE_WITH_KNOTS('',1,(#3452,#3453),.UNSPECIFIED.,.F.,
  .F.,(2,2),(-6.7,0.),.PIECEWISE_BEZIER_KNOTS.);
#3452 = CARTESIAN_POINT('',(6.7,-0.75));
#3453 = CARTESIAN_POINT('',(0.,-0.75));
#3454 = ( GEOMETRIC_REPRESENTATION_CONTEXT(2) 
PARAMETRIC_REPRESENTATION_CONTEXT() REPRESENTATION_CONTEXT('2D SPACE',''
  ) );
#3455 = PCURVE('',#3456,#3461);
#3456 = PLANE('',#3457);
#3457 = AXIS2_PLACEMENT_3D('',#3458,#3459,#3460);
#3458 = CARTESIAN_POINT('',(-8.3,1.6,1.6));
#3459 = DIRECTION('',(0.,1.,0.));
#3460 = DIRECTION('',(0.,0.,1.));
#3461 = DEFINITIONAL_REPRESENTATION('',(#3462),#3466);
#3462 = LINE('',#3463,#3464);
#3463 = CARTESIAN_POINT('',(0.,4.3));
#3464 = VECTOR('',#3465,1.);
#3465 = DIRECTION('',(-1.,0.));
#3466 = ( GEOMETRIC_REPRESENTATION_CONTEXT(2) 
PARAMETRIC_REPRESENTATION_CONTEXT() REPRESENTATION_CONTEXT('2D SPACE',''
  ) );
#3467 = ADVANCED_FACE('',(#3468),#3456,.F.);
#3468 = FACE_BOUND('',#3469,.F.);
#3469 = EDGE_LOOP('',(#3470,#3495,#3522,#3543,#3544,#3567,#3590,#3618));
#3470 = ORIENTED_EDGE('',*,*,#3471,.F.);
#3471 = EDGE_CURVE('',#3472,#3474,#3476,.T.);
#3472 = VERTEX_POINT('',#3473);
#3473 = CARTESIAN_POINT('',(-8.,1.6,1.6));
#3474 = VERTEX_POINT('',#3475);
#3475 = CARTESIAN_POINT('',(-7.525,1.6,1.6));
#3476 = SURFACE_CURVE('',#3477,(#3481,#3488),.PCURVE_S1.);
#3477 = LINE('',#3478,#3479);
#3478 = CARTESIAN_POINT('',(-8.3,1.6,1.6));
#3479 = VECTOR('',#3480,1.);
#3480 = DIRECTION('',(1.,0.,0.));
#3481 = PCURVE('',#3456,#3482);
#3482 = DEFINITIONAL_REPRESENTATION('',(#3483),#3487);
#3483 = LINE('',#3484,#3485);
#3484 = CARTESIAN_POINT('',(0.,0.));
#3485 = VECTOR('',#3486,1.);
#3486 = DIRECTION('',(0.,1.));
#3487 = ( GEOMETRIC_REPRESENTATION_CONTEXT(2) 
PARAMETRIC_REPRESENTATION_CONTEXT() REPRESENTATION_CONTEXT('2D SPACE',''
  ) );
#3488 = PCURVE('',#3017,#3489);
#3489 = DEFINITIONAL_REPRESENTATION('',(#3490),#3494);
#3490 = LINE('',#3491,#3492);
#3491 = CARTESIAN_POINT('',(0.,3.5));
#3492 = VECTOR('',#3493,1.);
#3493 = DIRECTION('',(1.,0.));
#3494 = ( GEOMETRIC_REPRESENTATION_CONTEXT(2) 
PARAMETRIC_REPRESENTATION_CONTEXT() REPRESENTATION_CONTEXT('2D SPACE',''
  ) );
#3495 = ORIENTED_EDGE('',*,*,#3496,.T.);
#3496 = EDGE_CURVE('',#3472,#3497,#3499,.T.);
#3497 = VERTEX_POINT('',#3498);
#3498 = CARTESIAN_POINT('',(-8.,1.6,8.3));
#3499 = SURFACE_CURVE('',#3500,(#3504,#3511),.PCURVE_S1.);
#3500 = LINE('',#3501,#3502);
#3501 = CARTESIAN_POINT('',(-8.,1.6,1.6));
#3502 = VECTOR('',#3503,1.);
#3503 = DIRECTION('',(0.,0.,1.));
#3504 = PCURVE('',#3456,#3505);
#3505 = DEFINITIONAL_REPRESENTATION('',(#3506),#3510);
#3506 = LINE('',#3507,#3508);
#3507 = CARTESIAN_POINT('',(0.,0.3));
#3508 = VECTOR('',#3509,1.);
#3509 = DIRECTION('',(1.,0.));
#3510 = ( GEOMETRIC_REPRESENTATION_CONTEXT(2) 
PARAMETRIC_REPRESENTATION_CONTEXT() REPRESENTATION_CONTEXT('2D SPACE',''
  ) );
#3511 = PCURVE('',#3512,#3517);
#3512 = PLANE('',#3513);
#3513 = AXIS2_PLACEMENT_3D('',#3514,#3515,#3516);
#3514 = CARTESIAN_POINT('',(-8.,-1.9,1.6));
#3515 = DIRECTION('',(1.,0.,0.));
#3516 = DIRECTION('',(0.,0.,1.));
#3517 = DEFINITIONAL_REPRESENTATION('',(#3518),#3521);
#3518 = B_SPLINE_CURVE_WITH_KNOTS('',1,(#3519,#3520),.UNSPECIFIED.,.F.,
  .F.,(2,2),(0.,6.7),.PIECEWISE_BEZIER_KNOTS.);
#3519 = CARTESIAN_POINT('',(0.,-3.5));
#3520 = CARTESIAN_POINT('',(6.7,-3.5));
#3521 = ( GEOMETRIC_REPRESENTATION_CONTEXT(2) 
PARAMETRIC_REPRESENTATION_CONTEXT() REPRESENTATION_CONTEXT('2D SPACE',''
  ) );
#3522 = ORIENTED_EDGE('',*,*,#3523,.T.);
#3523 = EDGE_CURVE('',#3497,#3397,#3524,.T.);
#3524 = SURFACE_CURVE('',#3525,(#3529,#3536),.PCURVE_S1.);
#3525 = LINE('',#3526,#3527);
#3526 = CARTESIAN_POINT('',(-8.3,1.6,8.3));
#3527 = VECTOR('',#3528,1.);
#3528 = DIRECTION('',(1.,0.,0.));
#3529 = PCURVE('',#3456,#3530);
#3530 = DEFINITIONAL_REPRESENTATION('',(#3531),#3535);
#3531 = LINE('',#3532,#3533);
#3532 = CARTESIAN_POINT('',(6.7,0.));
#3533 = VECTOR('',#3534,1.);
#3534 = DIRECTION('',(0.,1.));
#3535 = ( GEOMETRIC_REPRESENTATION_CONTEXT(2) 
PARAMETRIC_REPRESENTATION_CONTEXT() REPRESENTATION_CONTEXT('2D SPACE',''
  ) );
#3536 = PCURVE('',#2961,#3537);
#3537 = DEFINITIONAL_REPRESENTATION('',(#3538),#3542);
#3538 = LINE('',#3539,#3540);
#3539 = CARTESIAN_POINT('',(0.,3.5));
#3540 = VECTOR('',#3541,1.);
#3541 = DIRECTION('',(1.,0.));
#3542 = ( GEOMETRIC_REPRESENTATION_CONTEXT(2) 
PARAMETRIC_REPRESENTATION_CONTEXT() REPRESENTATION_CONTEXT('2D SPACE',''
  ) );
#3543 = ORIENTED_EDGE('',*,*,#3443,.T.);
#3544 = ORIENTED_EDGE('',*,*,#3545,.F.);
#3545 = EDGE_CURVE('',#3546,#3421,#3548,.T.);
#3546 = VERTEX_POINT('',#3547);
#3547 = CARTESIAN_POINT('',(-5.945,1.6,1.6));
#3548 = SURFACE_CURVE('',#3549,(#3553,#3560),.PCURVE_S1.);
#3549 = LINE('',#3550,#3551);
#3550 = CARTESIAN_POINT('',(-8.3,1.6,1.6));
#3551 = VECTOR('',#3552,1.);
#3552 = DIRECTION('',(1.,0.,0.));
#3553 = PCURVE('',#3456,#3554);
#3554 = DEFINITIONAL_REPRESENTATION('',(#3555),#3559);
#3555 = LINE('',#3556,#3557);
#3556 = CARTESIAN_POINT('',(0.,0.));
#3557 = VECTOR('',#3558,1.);
#3558 = DIRECTION('',(0.,1.));
#3559 = ( GEOMETRIC_REPRESENTATION_CONTEXT(2) 
PARAMETRIC_REPRESENTATION_CONTEXT() REPRESENTATION_CONTEXT('2D SPACE',''
  ) );
#3560 = PCURVE('',#3149,#3561);
#3561 = DEFINITIONAL_REPRESENTATION('',(#3562),#3566);
#3562 = LINE('',#3563,#3564);
#3563 = CARTESIAN_POINT('',(0.,3.5));
#3564 = VECTOR('',#3565,1.);
#3565 = DIRECTION('',(1.,0.));
#3566 = ( GEOMETRIC_REPRESENTATION_CONTEXT(2) 
PARAMETRIC_REPRESENTATION_CONTEXT() REPRESENTATION_CONTEXT('2D SPACE',''
  ) );
#3567 = ORIENTED_EDGE('',*,*,#3568,.F.);
#3568 = EDGE_CURVE('',#3569,#3546,#3571,.T.);
#3569 = VERTEX_POINT('',#3570);
#3570 = CARTESIAN_POINT('',(-5.945,1.6,0.));
#3571 = SURFACE_CURVE('',#3572,(#3576,#3583),.PCURVE_S1.);
#3572 = LINE('',#3573,#3574);
#3573 = CARTESIAN_POINT('',(-5.945,1.6,0.));
#3574 = VECTOR('',#3575,1.);
#3575 = DIRECTION('',(0.,-1.387778780781E-16,1.));
#3576 = PCURVE('',#3456,#3577);
#3577 = DEFINITIONAL_REPRESENTATION('',(#3578),#3582);
#3578 = LINE('',#3579,#3580);
#3579 = CARTESIAN_POINT('',(-1.6,2.355));
#3580 = VECTOR('',#3581,1.);
#3581 = DIRECTION('',(1.,0.));
#3582 = ( GEOMETRIC_REPRESENTATION_CONTEXT(2) 
PARAMETRIC_REPRESENTATION_CONTEXT() REPRESENTATION_CONTEXT('2D SPACE',''
  ) );
#3583 = PCURVE('',#3177,#3584);
#3584 = DEFINITIONAL_REPRESENTATION('',(#3585),#3589);
#3585 = LINE('',#3586,#3587);
#3586 = CARTESIAN_POINT('',(0.,-2.22044604925E-16));
#3587 = VECTOR('',#3588,1.);
#3588 = DIRECTION('',(1.,1.387778780781E-16));
#3589 = ( GEOMETRIC_REPRESENTATION_CONTEXT(2) 
PARAMETRIC_REPRESENTATION_CONTEXT() REPRESENTATION_CONTEXT('2D SPACE',''
  ) );
#3590 = ORIENTED_EDGE('',*,*,#3591,.F.);
#3591 = EDGE_CURVE('',#3592,#3569,#3594,.T.);
#3592 = VERTEX_POINT('',#3593);
#3593 = CARTESIAN_POINT('',(-7.525,1.6,0.));
#3594 = SURFACE_CURVE('',#3595,(#3599,#3606),.PCURVE_S1.);
#3595 = LINE('',#3596,#3597);
#3596 = CARTESIAN_POINT('',(-7.525,1.6,0.));
#3597 = VECTOR('',#3598,1.);
#3598 = DIRECTION('',(1.,0.,0.));
#3599 = PCURVE('',#3456,#3600);
#3600 = DEFINITIONAL_REPRESENTATION('',(#3601),#3605);
#3601 = LINE('',#3602,#3603);
#3602 = CARTESIAN_POINT('',(-1.6,0.775));
#3603 = VECTOR('',#3604,1.);
#3604 = DIRECTION('',(0.,1.));
#3605 = ( GEOMETRIC_REPRESENTATION_CONTEXT(2) 
PARAMETRIC_REPRESENTATION_CONTEXT() REPRESENTATION_CONTEXT('2D SPACE',''
  ) );
#3606 = PCURVE('',#3607,#3612);
#3607 = PLANE('',#3608);
#3608 = AXIS2_PLACEMENT_3D('',#3609,#3610,#3611);
#3609 = CARTESIAN_POINT('',(-7.525,1.6,0.));
#3610 = DIRECTION('',(0.,0.,1.));
#3611 = DIRECTION('',(1.,0.,0.));
#3612 = DEFINITIONAL_REPRESENTATION('',(#3613),#3617);
#3613 = LINE('',#3614,#3615);
#3614 = CARTESIAN_POINT('',(0.,0.));
#3615 = VECTOR('',#3616,1.);
#3616 = DIRECTION('',(1.,0.));
#3617 = ( GEOMETRIC_REPRESENTATION_CONTEXT(2) 
PARAMETRIC_REPRESENTATION_CONTEXT() REPRESENTATION_CONTEXT('2D SPACE',''
  ) );
#3618 = ORIENTED_EDGE('',*,*,#3619,.F.);
#3619 = EDGE_CURVE('',#3474,#3592,#3620,.T.);
#3620 = SURFACE_CURVE('',#3621,(#3625,#3632),.PCURVE_S1.);
#3621 = LINE('',#3622,#3623);
#3622 = CARTESIAN_POINT('',(-7.525,1.6,1.6));
#3623 = VECTOR('',#3624,1.);
#3624 = DIRECTION('',(-5.551115123126E-16,1.387778780781E-16,-1.));
#3625 = PCURVE('',#3456,#3626);
#3626 = DEFINITIONAL_REPRESENTATION('',(#3627),#3631);
#3627 = LINE('',#3628,#3629);
#3628 = CARTESIAN_POINT('',(0.,0.775));
#3629 = VECTOR('',#3630,1.);
#3630 = DIRECTION('',(-1.,-5.551115123126E-16));
#3631 = ( GEOMETRIC_REPRESENTATION_CONTEXT(2) 
PARAMETRIC_REPRESENTATION_CONTEXT() REPRESENTATION_CONTEXT('2D SPACE',''
  ) );
#3632 = PCURVE('',#3229,#3633);
#3633 = DEFINITIONAL_REPRESENTATION('',(#3634),#3638);
#3634 = LINE('',#3635,#3636);
#3635 = CARTESIAN_POINT('',(1.6,0.));
#3636 = VECTOR('',#3637,1.);
#3637 = DIRECTION('',(-1.,-1.387778780781E-16));
#3638 = ( GEOMETRIC_REPRESENTATION_CONTEXT(2) 
PARAMETRIC_REPRESENTATION_CONTEXT() REPRESENTATION_CONTEXT('2D SPACE',''
  ) );
#3639 = ADVANCED_FACE('',(#3640),#3607,.F.);
#3640 = FACE_BOUND('',#3641,.F.);
#3641 = EDGE_LOOP('',(#3642,#3643,#3666,#3694,#3722,#3750));
#3642 = ORIENTED_EDGE('',*,*,#3591,.T.);
#3643 = ORIENTED_EDGE('',*,*,#3644,.T.);
#3644 = EDGE_CURVE('',#3569,#3645,#3647,.T.);
#3645 = VERTEX_POINT('',#3646);
#3646 = CARTESIAN_POINT('',(-5.945,3.65,0.));
#3647 = SURFACE_CURVE('',#3648,(#3652,#3659),.PCURVE_S1.);
#3648 = LINE('',#3649,#3650);
#3649 = CARTESIAN_POINT('',(-5.945,1.6,0.));
#3650 = VECTOR('',#3651,1.);
#3651 = DIRECTION('',(0.,1.,0.));
#3652 = PCURVE('',#3607,#3653);
#3653 = DEFINITIONAL_REPRESENTATION('',(#3654),#3658);
#3654 = LINE('',#3655,#3656);
#3655 = CARTESIAN_POINT('',(1.58,2.22044604925E-16));
#3656 = VECTOR('',#3657,1.);
#3657 = DIRECTION('',(0.,1.));
#3658 = ( GEOMETRIC_REPRESENTATION_CONTEXT(2) 
PARAMETRIC_REPRESENTATION_CONTEXT() REPRESENTATION_CONTEXT('2D SPACE',''
  ) );
#3659 = PCURVE('',#3177,#3660);
#3660 = DEFINITIONAL_REPRESENTATION('',(#3661),#3665);
#3661 = LINE('',#3662,#3663);
#3662 = CARTESIAN_POINT('',(0.,-2.22044604925E-16));
#3663 = VECTOR('',#3664,1.);
#3664 = DIRECTION('',(0.,-1.));
#3665 = ( GEOMETRIC_REPRESENTATION_CONTEXT(2) 
PARAMETRIC_REPRESENTATION_CONTEXT() REPRESENTATION_CONTEXT('2D SPACE',''
  ) );
#3666 = ORIENTED_EDGE('',*,*,#3667,.T.);
#3667 = EDGE_CURVE('',#3645,#3668,#3670,.T.);
#3668 = VERTEX_POINT('',#3669);
#3669 = CARTESIAN_POINT('',(-6.295,4.,0.));
#3670 = SURFACE_CURVE('',#3671,(#3675,#3682),.PCURVE_S1.);
#3671 = LINE('',#3672,#3673);
#3672 = CARTESIAN_POINT('',(-5.915,3.62,0.));
#3673 = VECTOR('',#3674,1.);
#3674 = DIRECTION('',(-0.707106781187,0.707106781187,0.));
#3675 = PCURVE('',#3607,#3676);
#3676 = DEFINITIONAL_REPRESENTATION('',(#3677),#3681);
#3677 = LINE('',#3678,#3679);
#3678 = CARTESIAN_POINT('',(1.61,2.02));
#3679 = VECTOR('',#3680,1.);
#3680 = DIRECTION('',(-0.707106781187,0.707106781187));
#3681 = ( GEOMETRIC_REPRESENTATION_CONTEXT(2) 
PARAMETRIC_REPRESENTATION_CONTEXT() REPRESENTATION_CONTEXT('2D SPACE',''
  ) );
#3682 = PCURVE('',#3683,#3688);
#3683 = PLANE('',#3684);
#3684 = AXIS2_PLACEMENT_3D('',#3685,#3686,#3687);
#3685 = CARTESIAN_POINT('',(-6.12,3.825,0.));
#3686 = DIRECTION('',(0.707106781187,0.707106781187,0.));
#3687 = DIRECTION('',(-0.,0.,-1.));
#3688 = DEFINITIONAL_REPRESENTATION('',(#3689),#3693);
#3689 = LINE('',#3690,#3691);
#3690 = CARTESIAN_POINT('',(-0.,-0.289913780286));
#3691 = VECTOR('',#3692,1.);
#3692 = DIRECTION('',(-0.,1.));
#3693 = ( GEOMETRIC_REPRESENTATION_CONTEXT(2) 
PARAMETRIC_REPRESENTATION_CONTEXT() REPRESENTATION_CONTEXT('2D SPACE',''
  ) );
#3694 = ORIENTED_EDGE('',*,*,#3695,.F.);
#3695 = EDGE_CURVE('',#3696,#3668,#3698,.T.);
#3696 = VERTEX_POINT('',#3697);
#3697 = CARTESIAN_POINT('',(-7.175,4.,0.));
#3698 = SURFACE_CURVE('',#3699,(#3703,#3710),.PCURVE_S1.);
#3699 = LINE('',#3700,#3701);
#3700 = CARTESIAN_POINT('',(-7.525,4.,0.));
#3701 = VECTOR('',#3702,1.);
#3702 = DIRECTION('',(1.,0.,0.));
#3703 = PCURVE('',#3607,#3704);
#3704 = DEFINITIONAL_REPRESENTATION('',(#3705),#3709);
#3705 = LINE('',#3706,#3707);
#3706 = CARTESIAN_POINT('',(0.,2.4));
#3707 = VECTOR('',#3708,1.);
#3708 = DIRECTION('',(1.,0.));
#3709 = ( GEOMETRIC_REPRESENTATION_CONTEXT(2) 
PARAMETRIC_REPRESENTATION_CONTEXT() REPRESENTATION_CONTEXT('2D SPACE',''
  ) );
#3710 = PCURVE('',#3711,#3716);
#3711 = PLANE('',#3712);
#3712 = AXIS2_PLACEMENT_3D('',#3713,#3714,#3715);
#3713 = CARTESIAN_POINT('',(-7.525,4.,0.));
#3714 = DIRECTION('',(0.,1.,0.));
#3715 = DIRECTION('',(0.,0.,1.));
#3716 = DEFINITIONAL_REPRESENTATION('',(#3717),#3721);
#3717 = LINE('',#3718,#3719);
#3718 = CARTESIAN_POINT('',(0.,0.));
#3719 = VECTOR('',#3720,1.);
#3720 = DIRECTION('',(0.,1.));
#3721 = ( GEOMETRIC_REPRESENTATION_CONTEXT(2) 
PARAMETRIC_REPRESENTATION_CONTEXT() REPRESENTATION_CONTEXT('2D SPACE',''
  ) );
#3722 = ORIENTED_EDGE('',*,*,#3723,.F.);
#3723 = EDGE_CURVE('',#3724,#3696,#3726,.T.);
#3724 = VERTEX_POINT('',#3725);
#3725 = CARTESIAN_POINT('',(-7.525,3.65,0.));
#3726 = SURFACE_CURVE('',#3727,(#3731,#3738),.PCURVE_S1.);
#3727 = LINE('',#3728,#3729);
#3728 = CARTESIAN_POINT('',(-7.95,3.225,0.));
#3729 = VECTOR('',#3730,1.);
#3730 = DIRECTION('',(0.707106781187,0.707106781187,-0.));
#3731 = PCURVE('',#3607,#3732);
#3732 = DEFINITIONAL_REPRESENTATION('',(#3733),#3737);
#3733 = LINE('',#3734,#3735);
#3734 = CARTESIAN_POINT('',(-0.425,1.625));
#3735 = VECTOR('',#3736,1.);
#3736 = DIRECTION('',(0.707106781187,0.707106781187));
#3737 = ( GEOMETRIC_REPRESENTATION_CONTEXT(2) 
PARAMETRIC_REPRESENTATION_CONTEXT() REPRESENTATION_CONTEXT('2D SPACE',''
  ) );
#3738 = PCURVE('',#3739,#3744);
#3739 = PLANE('',#3740);
#3740 = AXIS2_PLACEMENT_3D('',#3741,#3742,#3743);
#3741 = CARTESIAN_POINT('',(-7.35,3.825,0.));
#3742 = DIRECTION('',(0.707106781187,-0.707106781187,0.));
#3743 = DIRECTION('',(-0.,-0.,-1.));
#3744 = DEFINITIONAL_REPRESENTATION('',(#3745),#3749);
#3745 = LINE('',#3746,#3747);
#3746 = CARTESIAN_POINT('',(-0.,-0.848528137424));
#3747 = VECTOR('',#3748,1.);
#3748 = DIRECTION('',(-0.,1.));
#3749 = ( GEOMETRIC_REPRESENTATION_CONTEXT(2) 
PARAMETRIC_REPRESENTATION_CONTEXT() REPRESENTATION_CONTEXT('2D SPACE',''
  ) );
#3750 = ORIENTED_EDGE('',*,*,#3751,.T.);
#3751 = EDGE_CURVE('',#3724,#3592,#3752,.T.);
#3752 = SURFACE_CURVE('',#3753,(#3757,#3764),.PCURVE_S1.);
#3753 = LINE('',#3754,#3755);
#3754 = CARTESIAN_POINT('',(-7.525,3.65,0.));
#3755 = VECTOR('',#3756,1.);
#3756 = DIRECTION('',(-4.332577657074E-16,-1.,0.));
#3757 = PCURVE('',#3607,#3758);
#3758 = DEFINITIONAL_REPRESENTATION('',(#3759),#3763);
#3759 = LINE('',#3760,#3761);
#3760 = CARTESIAN_POINT('',(0.,2.05));
#3761 = VECTOR('',#3762,1.);
#3762 = DIRECTION('',(-4.332577657074E-16,-1.));
#3763 = ( GEOMETRIC_REPRESENTATION_CONTEXT(2) 
PARAMETRIC_REPRESENTATION_CONTEXT() REPRESENTATION_CONTEXT('2D SPACE',''
  ) );
#3764 = PCURVE('',#3229,#3765);
#3765 = DEFINITIONAL_REPRESENTATION('',(#3766),#3770);
#3766 = LINE('',#3767,#3768);
#3767 = CARTESIAN_POINT('',(0.,-2.05));
#3768 = VECTOR('',#3769,1.);
#3769 = DIRECTION('',(0.,1.));
#3770 = ( GEOMETRIC_REPRESENTATION_CONTEXT(2) 
PARAMETRIC_REPRESENTATION_CONTEXT() REPRESENTATION_CONTEXT('2D SPACE',''
  ) );
#3771 = ADVANCED_FACE('',(#3772),#3739,.F.);
#3772 = FACE_BOUND('',#3773,.T.);
#3773 = EDGE_LOOP('',(#3774,#3775,#3798,#3821));
#3774 = ORIENTED_EDGE('',*,*,#3723,.F.);
#3775 = ORIENTED_EDGE('',*,*,#3776,.T.);
#3776 = EDGE_CURVE('',#3724,#3777,#3779,.T.);
#3777 = VERTEX_POINT('',#3778);
#3778 = CARTESIAN_POINT('',(-7.525,3.65,0.3));
#3779 = SURFACE_CURVE('',#3780,(#3784,#3791),.PCURVE_S1.);
#3780 = LINE('',#3781,#3782);
#3781 = CARTESIAN_POINT('',(-7.525,3.65,0.));
#3782 = VECTOR('',#3783,1.);
#3783 = DIRECTION('',(0.,0.,1.));
#3784 = PCURVE('',#3739,#3785);
#3785 = DEFINITIONAL_REPRESENTATION('',(#3786),#3790);
#3786 = LINE('',#3787,#3788);
#3787 = CARTESIAN_POINT('',(-0.,-0.247487373415));
#3788 = VECTOR('',#3789,1.);
#3789 = DIRECTION('',(-1.,0.));
#3790 = ( GEOMETRIC_REPRESENTATION_CONTEXT(2) 
PARAMETRIC_REPRESENTATION_CONTEXT() REPRESENTATION_CONTEXT('2D SPACE',''
  ) );
#3791 = PCURVE('',#3229,#3792);
#3792 = DEFINITIONAL_REPRESENTATION('',(#3793),#3797);
#3793 = LINE('',#3794,#3795);
#3794 = CARTESIAN_POINT('',(0.,-2.05));
#3795 = VECTOR('',#3796,1.);
#3796 = DIRECTION('',(1.,0.));
#3797 = ( GEOMETRIC_REPRESENTATION_CONTEXT(2) 
PARAMETRIC_REPRESENTATION_CONTEXT() REPRESENTATION_CONTEXT('2D SPACE',''
  ) );
#3798 = ORIENTED_EDGE('',*,*,#3799,.T.);
#3799 = EDGE_CURVE('',#3777,#3800,#3802,.T.);
#3800 = VERTEX_POINT('',#3801);
#3801 = CARTESIAN_POINT('',(-7.175,4.,0.3));
#3802 = SURFACE_CURVE('',#3803,(#3807,#3814),.PCURVE_S1.);
#3803 = LINE('',#3804,#3805);
#3804 = CARTESIAN_POINT('',(-7.95,3.225,0.3));
#3805 = VECTOR('',#3806,1.);
#3806 = DIRECTION('',(0.707106781187,0.707106781187,-0.));
#3807 = PCURVE('',#3739,#3808);
#3808 = DEFINITIONAL_REPRESENTATION('',(#3809),#3813);
#3809 = LINE('',#3810,#3811);
#3810 = CARTESIAN_POINT('',(-0.3,-0.848528137424));
#3811 = VECTOR('',#3812,1.);
#3812 = DIRECTION('',(-0.,1.));
#3813 = ( GEOMETRIC_REPRESENTATION_CONTEXT(2) 
PARAMETRIC_REPRESENTATION_CONTEXT() REPRESENTATION_CONTEXT('2D SPACE',''
  ) );
#3814 = PCURVE('',#3204,#3815);
#3815 = DEFINITIONAL_REPRESENTATION('',(#3816),#3820);
#3816 = LINE('',#3817,#3818);
#3817 = CARTESIAN_POINT('',(-0.425,1.625));
#3818 = VECTOR('',#3819,1.);
#3819 = DIRECTION('',(0.707106781187,0.707106781187));
#3820 = ( GEOMETRIC_REPRESENTATION_CONTEXT(2) 
PARAMETRIC_REPRESENTATION_CONTEXT() REPRESENTATION_CONTEXT('2D SPACE',''
  ) );
#3821 = ORIENTED_EDGE('',*,*,#3822,.F.);
#3822 = EDGE_CURVE('',#3696,#3800,#3823,.T.);
#3823 = SURFACE_CURVE('',#3824,(#3828,#3835),.PCURVE_S1.);
#3824 = LINE('',#3825,#3826);
#3825 = CARTESIAN_POINT('',(-7.175,4.,0.));
#3826 = VECTOR('',#3827,1.);
#3827 = DIRECTION('',(0.,0.,1.));
#3828 = PCURVE('',#3739,#3829);
#3829 = DEFINITIONAL_REPRESENTATION('',(#3830),#3834);
#3830 = LINE('',#3831,#3832);
#3831 = CARTESIAN_POINT('',(-0.,0.247487373415));
#3832 = VECTOR('',#3833,1.);
#3833 = DIRECTION('',(-1.,0.));
#3834 = ( GEOMETRIC_REPRESENTATION_CONTEXT(2) 
PARAMETRIC_REPRESENTATION_CONTEXT() REPRESENTATION_CONTEXT('2D SPACE',''
  ) );
#3835 = PCURVE('',#3711,#3836);
#3836 = DEFINITIONAL_REPRESENTATION('',(#3837),#3841);
#3837 = LINE('',#3838,#3839);
#3838 = CARTESIAN_POINT('',(0.,0.35));
#3839 = VECTOR('',#3840,1.);
#3840 = DIRECTION('',(1.,0.));
#3841 = ( GEOMETRIC_REPRESENTATION_CONTEXT(2) 
PARAMETRIC_REPRESENTATION_CONTEXT() REPRESENTATION_CONTEXT('2D SPACE',''
  ) );
#3842 = ADVANCED_FACE('',(#3843),#3711,.T.);
#3843 = FACE_BOUND('',#3844,.T.);
#3844 = EDGE_LOOP('',(#3845,#3846,#3847,#3870));
#3845 = ORIENTED_EDGE('',*,*,#3695,.F.);
#3846 = ORIENTED_EDGE('',*,*,#3822,.T.);
#3847 = ORIENTED_EDGE('',*,*,#3848,.T.);
#3848 = EDGE_CURVE('',#3800,#3849,#3851,.T.);
#3849 = VERTEX_POINT('',#3850);
#3850 = CARTESIAN_POINT('',(-6.295,4.,0.3));
#3851 = SURFACE_CURVE('',#3852,(#3856,#3863),.PCURVE_S1.);
#3852 = LINE('',#3853,#3854);
#3853 = CARTESIAN_POINT('',(-7.525,4.,0.3));
#3854 = VECTOR('',#3855,1.);
#3855 = DIRECTION('',(1.,0.,0.));
#3856 = PCURVE('',#3711,#3857);
#3857 = DEFINITIONAL_REPRESENTATION('',(#3858),#3862);
#3858 = LINE('',#3859,#3860);
#3859 = CARTESIAN_POINT('',(0.3,0.));
#3860 = VECTOR('',#3861,1.);
#3861 = DIRECTION('',(0.,1.));
#3862 = ( GEOMETRIC_REPRESENTATION_CONTEXT(2) 
PARAMETRIC_REPRESENTATION_CONTEXT() REPRESENTATION_CONTEXT('2D SPACE',''
  ) );
#3863 = PCURVE('',#3204,#3864);
#3864 = DEFINITIONAL_REPRESENTATION('',(#3865),#3869);
#3865 = LINE('',#3866,#3867);
#3866 = CARTESIAN_POINT('',(0.,2.4));
#3867 = VECTOR('',#3868,1.);
#3868 = DIRECTION('',(1.,0.));
#3869 = ( GEOMETRIC_REPRESENTATION_CONTEXT(2) 
PARAMETRIC_REPRESENTATION_CONTEXT() REPRESENTATION_CONTEXT('2D SPACE',''
  ) );
#3870 = ORIENTED_EDGE('',*,*,#3871,.F.);
#3871 = EDGE_CURVE('',#3668,#3849,#3872,.T.);
#3872 = SURFACE_CURVE('',#3873,(#3877,#3884),.PCURVE_S1.);
#3873 = LINE('',#3874,#3875);
#3874 = CARTESIAN_POINT('',(-6.295,4.,0.));
#3875 = VECTOR('',#3876,1.);
#3876 = DIRECTION('',(0.,0.,1.));
#3877 = PCURVE('',#3711,#3878);
#3878 = DEFINITIONAL_REPRESENTATION('',(#3879),#3883);
#3879 = LINE('',#3880,#3881);
#3880 = CARTESIAN_POINT('',(0.,1.23));
#3881 = VECTOR('',#3882,1.);
#3882 = DIRECTION('',(1.,0.));
#3883 = ( GEOMETRIC_REPRESENTATION_CONTEXT(2) 
PARAMETRIC_REPRESENTATION_CONTEXT() REPRESENTATION_CONTEXT('2D SPACE',''
  ) );
#3884 = PCURVE('',#3683,#3885);
#3885 = DEFINITIONAL_REPRESENTATION('',(#3886),#3890);
#3886 = LINE('',#3887,#3888);
#3887 = CARTESIAN_POINT('',(-0.,0.247487373415));
#3888 = VECTOR('',#3889,1.);
#3889 = DIRECTION('',(-1.,0.));
#3890 = ( GEOMETRIC_REPRESENTATION_CONTEXT(2) 
PARAMETRIC_REPRESENTATION_CONTEXT() REPRESENTATION_CONTEXT('2D SPACE',''
  ) );
#3891 = ADVANCED_FACE('',(#3892),#3683,.T.);
#3892 = FACE_BOUND('',#3893,.F.);
#3893 = EDGE_LOOP('',(#3894,#3895,#3918,#3939));
#3894 = ORIENTED_EDGE('',*,*,#3667,.F.);
#3895 = ORIENTED_EDGE('',*,*,#3896,.T.);
#3896 = EDGE_CURVE('',#3645,#3897,#3899,.T.);
#3897 = VERTEX_POINT('',#3898);
#3898 = CARTESIAN_POINT('',(-5.945,3.65,0.3));
#3899 = SURFACE_CURVE('',#3900,(#3904,#3911),.PCURVE_S1.);
#3900 = LINE('',#3901,#3902);
#3901 = CARTESIAN_POINT('',(-5.945,3.65,0.));
#3902 = VECTOR('',#3903,1.);
#3903 = DIRECTION('',(0.,0.,1.));
#3904 = PCURVE('',#3683,#3905);
#3905 = DEFINITIONAL_REPRESENTATION('',(#3906),#3910);
#3906 = LINE('',#3907,#3908);
#3907 = CARTESIAN_POINT('',(-0.,-0.247487373415));
#3908 = VECTOR('',#3909,1.);
#3909 = DIRECTION('',(-1.,0.));
#3910 = ( GEOMETRIC_REPRESENTATION_CONTEXT(2) 
PARAMETRIC_REPRESENTATION_CONTEXT() REPRESENTATION_CONTEXT('2D SPACE',''
  ) );
#3911 = PCURVE('',#3177,#3912);
#3912 = DEFINITIONAL_REPRESENTATION('',(#3913),#3917);
#3913 = LINE('',#3914,#3915);
#3914 = CARTESIAN_POINT('',(0.,-2.05));
#3915 = VECTOR('',#3916,1.);
#3916 = DIRECTION('',(1.,0.));
#3917 = ( GEOMETRIC_REPRESENTATION_CONTEXT(2) 
PARAMETRIC_REPRESENTATION_CONTEXT() REPRESENTATION_CONTEXT('2D SPACE',''
  ) );
#3918 = ORIENTED_EDGE('',*,*,#3919,.T.);
#3919 = EDGE_CURVE('',#3897,#3849,#3920,.T.);
#3920 = SURFACE_CURVE('',#3921,(#3925,#3932),.PCURVE_S1.);
#3921 = LINE('',#3922,#3923);
#3922 = CARTESIAN_POINT('',(-5.915,3.62,0.3));
#3923 = VECTOR('',#3924,1.);
#3924 = DIRECTION('',(-0.707106781187,0.707106781187,0.));
#3925 = PCURVE('',#3683,#3926);
#3926 = DEFINITIONAL_REPRESENTATION('',(#3927),#3931);
#3927 = LINE('',#3928,#3929);
#3928 = CARTESIAN_POINT('',(-0.3,-0.289913780286));
#3929 = VECTOR('',#3930,1.);
#3930 = DIRECTION('',(-0.,1.));
#3931 = ( GEOMETRIC_REPRESENTATION_CONTEXT(2) 
PARAMETRIC_REPRESENTATION_CONTEXT() REPRESENTATION_CONTEXT('2D SPACE',''
  ) );
#3932 = PCURVE('',#3204,#3933);
#3933 = DEFINITIONAL_REPRESENTATION('',(#3934),#3938);
#3934 = LINE('',#3935,#3936);
#3935 = CARTESIAN_POINT('',(1.61,2.02));
#3936 = VECTOR('',#3937,1.);
#3937 = DIRECTION('',(-0.707106781187,0.707106781187));
#3938 = ( GEOMETRIC_REPRESENTATION_CONTEXT(2) 
PARAMETRIC_REPRESENTATION_CONTEXT() REPRESENTATION_CONTEXT('2D SPACE',''
  ) );
#3939 = ORIENTED_EDGE('',*,*,#3871,.F.);
#3940 = ADVANCED_FACE('',(#3941,#4015,#4121),#3512,.T.);
#3941 = FACE_BOUND('',#3942,.T.);
#3942 = EDGE_LOOP('',(#3943,#3966,#3993,#4014));
#3943 = ORIENTED_EDGE('',*,*,#3944,.F.);
#3944 = EDGE_CURVE('',#3945,#3497,#3947,.T.);
#3945 = VERTEX_POINT('',#3946);
#3946 = CARTESIAN_POINT('',(-8.,-1.6,8.3));
#3947 = SURFACE_CURVE('',#3948,(#3952,#3959),.PCURVE_S1.);
#3948 = LINE('',#3949,#3950);
#3949 = CARTESIAN_POINT('',(-8.,-1.9,8.3));
#3950 = VECTOR('',#3951,1.);
#3951 = DIRECTION('',(0.,1.,0.));
#3952 = PCURVE('',#3512,#3953);
#3953 = DEFINITIONAL_REPRESENTATION('',(#3954),#3958);
#3954 = LINE('',#3955,#3956);
#3955 = CARTESIAN_POINT('',(6.7,0.));
#3956 = VECTOR('',#3957,1.);
#3957 = DIRECTION('',(0.,-1.));
#3958 = ( GEOMETRIC_REPRESENTATION_CONTEXT(2) 
PARAMETRIC_REPRESENTATION_CONTEXT() REPRESENTATION_CONTEXT('2D SPACE',''
  ) );
#3959 = PCURVE('',#2961,#3960);
#3960 = DEFINITIONAL_REPRESENTATION('',(#3961),#3965);
#3961 = LINE('',#3962,#3963);
#3962 = CARTESIAN_POINT('',(0.3,0.));
#3963 = VECTOR('',#3964,1.);
#3964 = DIRECTION('',(0.,1.));
#3965 = ( GEOMETRIC_REPRESENTATION_CONTEXT(2) 
PARAMETRIC_REPRESENTATION_CONTEXT() REPRESENTATION_CONTEXT('2D SPACE',''
  ) );
#3966 = ORIENTED_EDGE('',*,*,#3967,.F.);
#3967 = EDGE_CURVE('',#3968,#3945,#3970,.T.);
#3968 = VERTEX_POINT('',#3969);
#3969 = CARTESIAN_POINT('',(-8.,-1.6,1.6));
#3970 = SURFACE_CURVE('',#3971,(#3975,#3981),.PCURVE_S1.);
#3971 = LINE('',#3972,#3973);
#3972 = CARTESIAN_POINT('',(-8.,-1.6,1.6));
#3973 = VECTOR('',#3974,1.);
#3974 = DIRECTION('',(0.,0.,1.));
#3975 = PCURVE('',#3512,#3976);
#3976 = DEFINITIONAL_REPRESENTATION('',(#3977),#3980);
#3977 = B_SPLINE_CURVE_WITH_KNOTS('',1,(#3978,#3979),.UNSPECIFIED.,.F.,
  .F.,(2,2),(0.,6.7),.PIECEWISE_BEZIER_KNOTS.);
#3978 = CARTESIAN_POINT('',(0.,-0.3));
#3979 = CARTESIAN_POINT('',(6.7,-0.3));
#3980 = ( GEOMETRIC_REPRESENTATION_CONTEXT(2) 
PARAMETRIC_REPRESENTATION_CONTEXT() REPRESENTATION_CONTEXT('2D SPACE',''
  ) );
#3981 = PCURVE('',#3982,#3987);
#3982 = PLANE('',#3983);
#3983 = AXIS2_PLACEMENT_3D('',#3984,#3985,#3986);
#3984 = CARTESIAN_POINT('',(-8.3,-1.6,1.6));
#3985 = DIRECTION('',(0.,1.,0.));
#3986 = DIRECTION('',(0.,0.,1.));
#3987 = DEFINITIONAL_REPRESENTATION('',(#3988),#3992);
#3988 = LINE('',#3989,#3990);
#3989 = CARTESIAN_POINT('',(0.,0.3));
#3990 = VECTOR('',#3991,1.);
#3991 = DIRECTION('',(1.,0.));
#3992 = ( GEOMETRIC_REPRESENTATION_CONTEXT(2) 
PARAMETRIC_REPRESENTATION_CONTEXT() REPRESENTATION_CONTEXT('2D SPACE',''
  ) );
#3993 = ORIENTED_EDGE('',*,*,#3994,.T.);
#3994 = EDGE_CURVE('',#3968,#3472,#3995,.T.);
#3995 = SURFACE_CURVE('',#3996,(#4000,#4007),.PCURVE_S1.);
#3996 = LINE('',#3997,#3998);
#3997 = CARTESIAN_POINT('',(-8.,-1.9,1.6));
#3998 = VECTOR('',#3999,1.);
#3999 = DIRECTION('',(0.,1.,0.));
#4000 = PCURVE('',#3512,#4001);
#4001 = DEFINITIONAL_REPRESENTATION('',(#4002),#4006);
#4002 = LINE('',#4003,#4004);
#4003 = CARTESIAN_POINT('',(0.,0.));
#4004 = VECTOR('',#4005,1.);
#4005 = DIRECTION('',(0.,-1.));
#4006 = ( GEOMETRIC_REPRESENTATION_CONTEXT(2) 
PARAMETRIC_REPRESENTATION_CONTEXT() REPRESENTATION_CONTEXT('2D SPACE',''
  ) );
#4007 = PCURVE('',#3017,#4008);
#4008 = DEFINITIONAL_REPRESENTATION('',(#4009),#4013);
#4009 = LINE('',#4010,#4011);
#4010 = CARTESIAN_POINT('',(0.3,0.));
#4011 = VECTOR('',#4012,1.);
#4012 = DIRECTION('',(0.,1.));
#4013 = ( GEOMETRIC_REPRESENTATION_CONTEXT(2) 
PARAMETRIC_REPRESENTATION_CONTEXT() REPRESENTATION_CONTEXT('2D SPACE',''
  ) );
#4014 = ORIENTED_EDGE('',*,*,#3496,.T.);
#4015 = FACE_BOUND('',#4016,.T.);
#4016 = EDGE_LOOP('',(#4017,#4045,#4071,#4097));
#4017 = ORIENTED_EDGE('',*,*,#4018,.T.);
#4018 = EDGE_CURVE('',#4019,#4021,#4023,.T.);
#4019 = VERTEX_POINT('',#4020);
#4020 = CARTESIAN_POINT('',(-8.,0.65,3.));
#4021 = VERTEX_POINT('',#4022);
#4022 = CARTESIAN_POINT('',(-8.,0.35,3.));
#4023 = SURFACE_CURVE('',#4024,(#4028,#4034),.PCURVE_S1.);
#4024 = LINE('',#4025,#4026);
#4025 = CARTESIAN_POINT('',(-8.,-0.775,3.));
#4026 = VECTOR('',#4027,1.);
#4027 = DIRECTION('',(0.,-1.,0.));
#4028 = PCURVE('',#3512,#4029);
#4029 = DEFINITIONAL_REPRESENTATION('',(#4030),#4033);
#4030 = B_SPLINE_CURVE_WITH_KNOTS('',1,(#4031,#4032),.UNSPECIFIED.,.F.,
  .F.,(2,2),(-1.425,-1.125),.PIECEWISE_BEZIER_KNOTS.);
#4031 = CARTESIAN_POINT('',(1.4,-2.55));
#4032 = CARTESIAN_POINT('',(1.4,-2.25));
#4033 = ( GEOMETRIC_REPRESENTATION_CONTEXT(2) 
PARAMETRIC_REPRESENTATION_CONTEXT() REPRESENTATION_CONTEXT('2D SPACE',''
  ) );
#4034 = PCURVE('',#4035,#4040);
#4035 = PLANE('',#4036);
#4036 = AXIS2_PLACEMENT_3D('',#4037,#4038,#4039);
#4037 = CARTESIAN_POINT('',(-8.05,0.35,3.));
#4038 = DIRECTION('',(0.,0.,1.));
#4039 = DIRECTION('',(1.,0.,0.));
#4040 = DEFINITIONAL_REPRESENTATION('',(#4041),#4044);
#4041 = B_SPLINE_CURVE_WITH_KNOTS('',1,(#4042,#4043),.UNSPECIFIED.,.F.,
  .F.,(2,2),(-1.425,-1.125),.PIECEWISE_BEZIER_KNOTS.);
#4042 = CARTESIAN_POINT('',(5.E-02,0.3));
#4043 = CARTESIAN_POINT('',(5.E-02,0.));
#4044 = ( GEOMETRIC_REPRESENTATION_CONTEXT(2) 
PARAMETRIC_REPRESENTATION_CONTEXT() REPRESENTATION_CONTEXT('2D SPACE',''
  ) );
#4045 = ORIENTED_EDGE('',*,*,#4046,.T.);
#4046 = EDGE_CURVE('',#4021,#4047,#4049,.T.);
#4047 = VERTEX_POINT('',#4048);
#4048 = CARTESIAN_POINT('',(-8.,0.35,7.6));
#4049 = SURFACE_CURVE('',#4050,(#4054,#4060),.PCURVE_S1.);
#4050 = LINE('',#4051,#4052);
#4051 = CARTESIAN_POINT('',(-8.,0.35,2.3));
#4052 = VECTOR('',#4053,1.);
#4053 = DIRECTION('',(0.,0.,1.));
#4054 = PCURVE('',#3512,#4055);
#4055 = DEFINITIONAL_REPRESENTATION('',(#4056),#4059);
#4056 = B_SPLINE_CURVE_WITH_KNOTS('',1,(#4057,#4058),.UNSPECIFIED.,.F.,
  .F.,(2,2),(0.7,5.3),.PIECEWISE_BEZIER_KNOTS.);
#4057 = CARTESIAN_POINT('',(1.4,-2.25));
#4058 = CARTESIAN_POINT('',(6.,-2.25));
#4059 = ( GEOMETRIC_REPRESENTATION_CONTEXT(2) 
PARAMETRIC_REPRESENTATION_CONTEXT() REPRESENTATION_CONTEXT('2D SPACE',''
  ) );
#4060 = PCURVE('',#4061,#4066);
#4061 = PLANE('',#4062);
#4062 = AXIS2_PLACEMENT_3D('',#4063,#4064,#4065);
#4063 = CARTESIAN_POINT('',(-8.05,0.35,3.));
#4064 = DIRECTION('',(0.,1.,0.));
#4065 = DIRECTION('',(0.,0.,1.));
#4066 = DEFINITIONAL_REPRESENTATION('',(#4067),#4070);
#4067 = B_SPLINE_CURVE_WITH_KNOTS('',1,(#4068,#4069),.UNSPECIFIED.,.F.,
  .F.,(2,2),(0.7,5.3),.PIECEWISE_BEZIER_KNOTS.);
#4068 = CARTESIAN_POINT('',(0.,5.E-02));
#4069 = CARTESIAN_POINT('',(4.6,5.E-02));
#4070 = ( GEOMETRIC_REPRESENTATION_CONTEXT(2) 
PARAMETRIC_REPRESENTATION_CONTEXT() REPRESENTATION_CONTEXT('2D SPACE',''
  ) );
#4071 = ORIENTED_EDGE('',*,*,#4072,.F.);
#4072 = EDGE_CURVE('',#4073,#4047,#4075,.T.);
#4073 = VERTEX_POINT('',#4074);
#4074 = CARTESIAN_POINT('',(-8.,0.65,7.6));
#4075 = SURFACE_CURVE('',#4076,(#4080,#4086),.PCURVE_S1.);
#4076 = LINE('',#4077,#4078);
#4077 = CARTESIAN_POINT('',(-8.,-0.775,7.6));
#4078 = VECTOR('',#4079,1.);
#4079 = DIRECTION('',(0.,-1.,0.));
#4080 = PCURVE('',#3512,#4081);
#4081 = DEFINITIONAL_REPRESENTATION('',(#4082),#4085);
#4082 = B_SPLINE_CURVE_WITH_KNOTS('',1,(#4083,#4084),.UNSPECIFIED.,.F.,
  .F.,(2,2),(-1.425,-1.125),.PIECEWISE_BEZIER_KNOTS.);
#4083 = CARTESIAN_POINT('',(6.,-2.55));
#4084 = CARTESIAN_POINT('',(6.,-2.25));
#4085 = ( GEOMETRIC_REPRESENTATION_CONTEXT(2) 
PARAMETRIC_REPRESENTATION_CONTEXT() REPRESENTATION_CONTEXT('2D SPACE',''
  ) );
#4086 = PCURVE('',#4087,#4092);
#4087 = PLANE('',#4088);
#4088 = AXIS2_PLACEMENT_3D('',#4089,#4090,#4091);
#4089 = CARTESIAN_POINT('',(-8.05,0.35,7.6));
#4090 = DIRECTION('',(0.,0.,1.));
#4091 = DIRECTION('',(1.,0.,0.));
#4092 = DEFINITIONAL_REPRESENTATION('',(#4093),#4096);
#4093 = B_SPLINE_CURVE_WITH_KNOTS('',1,(#4094,#4095),.UNSPECIFIED.,.F.,
  .F.,(2,2),(-1.425,-1.125),.PIECEWISE_BEZIER_KNOTS.);
#4094 = CARTESIAN_POINT('',(5.E-02,0.3));
#4095 = CARTESIAN_POINT('',(5.E-02,0.));
#4096 = ( GEOMETRIC_REPRESENTATION_CONTEXT(2) 
PARAMETRIC_REPRESENTATION_CONTEXT() REPRESENTATION_CONTEXT('2D SPACE',''
  ) );
#4097 = ORIENTED_EDGE('',*,*,#4098,.F.);
#4098 = EDGE_CURVE('',#4019,#4073,#4099,.T.);
#4099 = SURFACE_CURVE('',#4100,(#4104,#4110),.PCURVE_S1.);
#4100 = LINE('',#4101,#4102);
#4101 = CARTESIAN_POINT('',(-8.,0.65,2.3));
#4102 = VECTOR('',#4103,1.);
#4103 = DIRECTION('',(0.,0.,1.));
#4104 = PCURVE('',#3512,#4105);
#4105 = DEFINITIONAL_REPRESENTATION('',(#4106),#4109);
#4106 = B_SPLINE_CURVE_WITH_KNOTS('',1,(#4107,#4108),.UNSPECIFIED.,.F.,
  .F.,(2,2),(0.7,5.3),.PIECEWISE_BEZIER_KNOTS.);
#4107 = CARTESIAN_POINT('',(1.4,-2.55));
#4108 = CARTESIAN_POINT('',(6.,-2.55));
#4109 = ( GEOMETRIC_REPRESENTATION_CONTEXT(2) 
PARAMETRIC_REPRESENTATION_CONTEXT() REPRESENTATION_CONTEXT('2D SPACE',''
  ) );
#4110 = PCURVE('',#4111,#4116);
#4111 = PLANE('',#4112);
#4112 = AXIS2_PLACEMENT_3D('',#4113,#4114,#4115);
#4113 = CARTESIAN_POINT('',(-8.05,0.65,3.));
#4114 = DIRECTION('',(0.,1.,0.));
#4115 = DIRECTION('',(0.,0.,1.));
#4116 = DEFINITIONAL_REPRESENTATION('',(#4117),#4120);
#4117 = B_SPLINE_CURVE_WITH_KNOTS('',1,(#4118,#4119),.UNSPECIFIED.,.F.,
  .F.,(2,2),(0.7,5.3),.PIECEWISE_BEZIER_KNOTS.);
#4118 = CARTESIAN_POINT('',(0.,5.E-02));
#4119 = CARTESIAN_POINT('',(4.6,5.E-02));
#4120 = ( GEOMETRIC_REPRESENTATION_CONTEXT(2) 
PARAMETRIC_REPRESENTATION_CONTEXT() REPRESENTATION_CONTEXT('2D SPACE',''
  ) );
#4121 = FACE_BOUND('',#4122,.T.);
#4122 = EDGE_LOOP('',(#4123,#4151,#4177,#4203));
#4123 = ORIENTED_EDGE('',*,*,#4124,.T.);
#4124 = EDGE_CURVE('',#4125,#4127,#4129,.T.);
#4125 = VERTEX_POINT('',#4126);
#4126 = CARTESIAN_POINT('',(-8.,-0.35,3.));
#4127 = VERTEX_POINT('',#4128);
#4128 = CARTESIAN_POINT('',(-8.,-0.65,3.));
#4129 = SURFACE_CURVE('',#4130,(#4134,#4140),.PCURVE_S1.);
#4130 = LINE('',#4131,#4132);
#4131 = CARTESIAN_POINT('',(-8.,-1.275,3.));
#4132 = VECTOR('',#4133,1.);
#4133 = DIRECTION('',(0.,-1.,0.));
#4134 = PCURVE('',#3512,#4135);
#4135 = DEFINITIONAL_REPRESENTATION('',(#4136),#4139);
#4136 = B_SPLINE_CURVE_WITH_KNOTS('',1,(#4137,#4138),.UNSPECIFIED.,.F.,
  .F.,(2,2),(-0.925,-0.625),.PIECEWISE_BEZIER_KNOTS.);
#4137 = CARTESIAN_POINT('',(1.4,-1.55));
#4138 = CARTESIAN_POINT('',(1.4,-1.25));
#4139 = ( GEOMETRIC_REPRESENTATION_CONTEXT(2) 
PARAMETRIC_REPRESENTATION_CONTEXT() REPRESENTATION_CONTEXT('2D SPACE',''
  ) );
#4140 = PCURVE('',#4141,#4146);
#4141 = PLANE('',#4142);
#4142 = AXIS2_PLACEMENT_3D('',#4143,#4144,#4145);
#4143 = CARTESIAN_POINT('',(-8.05,-0.65,3.));
#4144 = DIRECTION('',(0.,0.,1.));
#4145 = DIRECTION('',(1.,0.,0.));
#4146 = DEFINITIONAL_REPRESENTATION('',(#4147),#4150);
#4147 = B_SPLINE_CURVE_WITH_KNOTS('',1,(#4148,#4149),.UNSPECIFIED.,.F.,
  .F.,(2,2),(-0.925,-0.625),.PIECEWISE_BEZIER_KNOTS.);
#4148 = CARTESIAN_POINT('',(5.E-02,0.3));
#4149 = CARTESIAN_POINT('',(5.E-02,0.));
#4150 = ( GEOMETRIC_REPRESENTATION_CONTEXT(2) 
PARAMETRIC_REPRESENTATION_CONTEXT() REPRESENTATION_CONTEXT('2D SPACE',''
  ) );
#4151 = ORIENTED_EDGE('',*,*,#4152,.T.);
#4152 = EDGE_CURVE('',#4127,#4153,#4155,.T.);
#4153 = VERTEX_POINT('',#4154);
#4154 = CARTESIAN_POINT('',(-8.,-0.65,7.6));
#4155 = SURFACE_CURVE('',#4156,(#4160,#4166),.PCURVE_S1.);
#4156 = LINE('',#4157,#4158);
#4157 = CARTESIAN_POINT('',(-8.,-0.65,2.3));
#4158 = VECTOR('',#4159,1.);
#4159 = DIRECTION('',(0.,0.,1.));
#4160 = PCURVE('',#3512,#4161);
#4161 = DEFINITIONAL_REPRESENTATION('',(#4162),#4165);
#4162 = B_SPLINE_CURVE_WITH_KNOTS('',1,(#4163,#4164),.UNSPECIFIED.,.F.,
  .F.,(2,2),(0.7,5.3),.PIECEWISE_BEZIER_KNOTS.);
#4163 = CARTESIAN_POINT('',(1.4,-1.25));
#4164 = CARTESIAN_POINT('',(6.,-1.25));
#4165 = ( GEOMETRIC_REPRESENTATION_CONTEXT(2) 
PARAMETRIC_REPRESENTATION_CONTEXT() REPRESENTATION_CONTEXT('2D SPACE',''
  ) );
#4166 = PCURVE('',#4167,#4172);
#4167 = PLANE('',#4168);
#4168 = AXIS2_PLACEMENT_3D('',#4169,#4170,#4171);
#4169 = CARTESIAN_POINT('',(-8.05,-0.65,3.));
#4170 = DIRECTION('',(0.,1.,0.));
#4171 = DIRECTION('',(0.,0.,1.));
#4172 = DEFINITIONAL_REPRESENTATION('',(#4173),#4176);
#4173 = B_SPLINE_CURVE_WITH_KNOTS('',1,(#4174,#4175),.UNSPECIFIED.,.F.,
  .F.,(2,2),(0.7,5.3),.PIECEWISE_BEZIER_KNOTS.);
#4174 = CARTESIAN_POINT('',(0.,5.E-02));
#4175 = CARTESIAN_POINT('',(4.6,5.E-02));
#4176 = ( GEOMETRIC_REPRESENTATION_CONTEXT(2) 
PARAMETRIC_REPRESENTATION_CONTEXT() REPRESENTATION_CONTEXT('2D SPACE',''
  ) );
#4177 = ORIENTED_EDGE('',*,*,#4178,.F.);
#4178 = EDGE_CURVE('',#4179,#4153,#4181,.T.);
#4179 = VERTEX_POINT('',#4180);
#4180 = CARTESIAN_POINT('',(-8.,-0.35,7.6));
#4181 = SURFACE_CURVE('',#4182,(#4186,#4192),.PCURVE_S1.);
#4182 = LINE('',#4183,#4184);
#4183 = CARTESIAN_POINT('',(-8.,-1.275,7.6));
#4184 = VECTOR('',#4185,1.);
#4185 = DIRECTION('',(0.,-1.,0.));
#4186 = PCURVE('',#3512,#4187);
#4187 = DEFINITIONAL_REPRESENTATION('',(#4188),#4191);
#4188 = B_SPLINE_CURVE_WITH_KNOTS('',1,(#4189,#4190),.UNSPECIFIED.,.F.,
  .F.,(2,2),(-0.925,-0.625),.PIECEWISE_BEZIER_KNOTS.);
#4189 = CARTESIAN_POINT('',(6.,-1.55));
#4190 = CARTESIAN_POINT('',(6.,-1.25));
#4191 = ( GEOMETRIC_REPRESENTATION_CONTEXT(2) 
PARAMETRIC_REPRESENTATION_CONTEXT() REPRESENTATION_CONTEXT('2D SPACE',''
  ) );
#4192 = PCURVE('',#4193,#4198);
#4193 = PLANE('',#4194);
#4194 = AXIS2_PLACEMENT_3D('',#4195,#4196,#4197);
#4195 = CARTESIAN_POINT('',(-8.05,-0.65,7.6));
#4196 = DIRECTION('',(0.,0.,1.));
#4197 = DIRECTION('',(1.,0.,0.));
#4198 = DEFINITIONAL_REPRESENTATION('',(#4199),#4202);
#4199 = B_SPLINE_CURVE_WITH_KNOTS('',1,(#4200,#4201),.UNSPECIFIED.,.F.,
  .F.,(2,2),(-0.925,-0.625),.PIECEWISE_BEZIER_KNOTS.);
#4200 = CARTESIAN_POINT('',(5.E-02,0.3));
#4201 = CARTESIAN_POINT('',(5.E-02,0.));
#4202 = ( GEOMETRIC_REPRESENTATION_CONTEXT(2) 
PARAMETRIC_REPRESENTATION_CONTEXT() REPRESENTATION_CONTEXT('2D SPACE',''
  ) );
#4203 = ORIENTED_EDGE('',*,*,#4204,.F.);
#4204 = EDGE_CURVE('',#4125,#4179,#4205,.T.);
#4205 = SURFACE_CURVE('',#4206,(#4210,#4216),.PCURVE_S1.);
#4206 = LINE('',#4207,#4208);
#4207 = CARTESIAN_POINT('',(-8.,-0.35,2.3));
#4208 = VECTOR('',#4209,1.);
#4209 = DIRECTION('',(0.,0.,1.));
#4210 = PCURVE('',#3512,#4211);
#4211 = DEFINITIONAL_REPRESENTATION('',(#4212),#4215);
#4212 = B_SPLINE_CURVE_WITH_KNOTS('',1,(#4213,#4214),.UNSPECIFIED.,.F.,
  .F.,(2,2),(0.7,5.3),.PIECEWISE_BEZIER_KNOTS.);
#4213 = CARTESIAN_POINT('',(1.4,-1.55));
#4214 = CARTESIAN_POINT('',(6.,-1.55));
#4215 = ( GEOMETRIC_REPRESENTATION_CONTEXT(2) 
PARAMETRIC_REPRESENTATION_CONTEXT() REPRESENTATION_CONTEXT('2D SPACE',''
  ) );
#4216 = PCURVE('',#4217,#4222);
#4217 = PLANE('',#4218);
#4218 = AXIS2_PLACEMENT_3D('',#4219,#4220,#4221);
#4219 = CARTESIAN_POINT('',(-8.05,-0.35,3.));
#4220 = DIRECTION('',(0.,1.,0.));
#4221 = DIRECTION('',(0.,0.,1.));
#4222 = DEFINITIONAL_REPRESENTATION('',(#4223),#4226);
#4223 = B_SPLINE_CURVE_WITH_KNOTS('',1,(#4224,#4225),.UNSPECIFIED.,.F.,
  .F.,(2,2),(0.7,5.3),.PIECEWISE_BEZIER_KNOTS.);
#4224 = CARTESIAN_POINT('',(0.,5.E-02));
#4225 = CARTESIAN_POINT('',(4.6,5.E-02));
#4226 = ( GEOMETRIC_REPRESENTATION_CONTEXT(2) 
PARAMETRIC_REPRESENTATION_CONTEXT() REPRESENTATION_CONTEXT('2D SPACE',''
  ) );
#4227 = ADVANCED_FACE('',(#4228),#4167,.F.);
#4228 = FACE_BOUND('',#4229,.F.);
#4229 = EDGE_LOOP('',(#4230,#4253,#4254,#4277));
#4230 = ORIENTED_EDGE('',*,*,#4231,.F.);
#4231 = EDGE_CURVE('',#4127,#4232,#4234,.T.);
#4232 = VERTEX_POINT('',#4233);
#4233 = CARTESIAN_POINT('',(-4.05,-0.65,3.));
#4234 = SURFACE_CURVE('',#4235,(#4239,#4246),.PCURVE_S1.);
#4235 = LINE('',#4236,#4237);
#4236 = CARTESIAN_POINT('',(-8.05,-0.65,3.));
#4237 = VECTOR('',#4238,1.);
#4238 = DIRECTION('',(1.,0.,0.));
#4239 = PCURVE('',#4167,#4240);
#4240 = DEFINITIONAL_REPRESENTATION('',(#4241),#4245);
#4241 = LINE('',#4242,#4243);
#4242 = CARTESIAN_POINT('',(0.,0.));
#4243 = VECTOR('',#4244,1.);
#4244 = DIRECTION('',(0.,1.));
#4245 = ( GEOMETRIC_REPRESENTATION_CONTEXT(2) 
PARAMETRIC_REPRESENTATION_CONTEXT() REPRESENTATION_CONTEXT('2D SPACE',''
  ) );
#4246 = PCURVE('',#4141,#4247);
#4247 = DEFINITIONAL_REPRESENTATION('',(#4248),#4252);
#4248 = LINE('',#4249,#4250);
#4249 = CARTESIAN_POINT('',(0.,0.));
#4250 = VECTOR('',#4251,1.);
#4251 = DIRECTION('',(1.,0.));
#4252 = ( GEOMETRIC_REPRESENTATION_CONTEXT(2) 
PARAMETRIC_REPRESENTATION_CONTEXT() REPRESENTATION_CONTEXT('2D SPACE',''
  ) );
#4253 = ORIENTED_EDGE('',*,*,#4152,.T.);
#4254 = ORIENTED_EDGE('',*,*,#4255,.T.);
#4255 = EDGE_CURVE('',#4153,#4256,#4258,.T.);
#4256 = VERTEX_POINT('',#4257);
#4257 = CARTESIAN_POINT('',(-4.05,-0.65,7.6));
#4258 = SURFACE_CURVE('',#4259,(#4263,#4270),.PCURVE_S1.);
#4259 = LINE('',#4260,#4261);
#4260 = CARTESIAN_POINT('',(-8.05,-0.65,7.6));
#4261 = VECTOR('',#4262,1.);
#4262 = DIRECTION('',(1.,0.,0.));
#4263 = PCURVE('',#4167,#4264);
#4264 = DEFINITIONAL_REPRESENTATION('',(#4265),#4269);
#4265 = LINE('',#4266,#4267);
#4266 = CARTESIAN_POINT('',(4.6,0.));
#4267 = VECTOR('',#4268,1.);
#4268 = DIRECTION('',(0.,1.));
#4269 = ( GEOMETRIC_REPRESENTATION_CONTEXT(2) 
PARAMETRIC_REPRESENTATION_CONTEXT() REPRESENTATION_CONTEXT('2D SPACE',''
  ) );
#4270 = PCURVE('',#4193,#4271);
#4271 = DEFINITIONAL_REPRESENTATION('',(#4272),#4276);
#4272 = LINE('',#4273,#4274);
#4273 = CARTESIAN_POINT('',(0.,0.));
#4274 = VECTOR('',#4275,1.);
#4275 = DIRECTION('',(1.,0.));
#4276 = ( GEOMETRIC_REPRESENTATION_CONTEXT(2) 
PARAMETRIC_REPRESENTATION_CONTEXT() REPRESENTATION_CONTEXT('2D SPACE',''
  ) );
#4277 = ORIENTED_EDGE('',*,*,#4278,.F.);
#4278 = EDGE_CURVE('',#4232,#4256,#4279,.T.);
#4279 = SURFACE_CURVE('',#4280,(#4284,#4291),.PCURVE_S1.);
#4280 = LINE('',#4281,#4282);
#4281 = CARTESIAN_POINT('',(-4.05,-0.65,3.));
#4282 = VECTOR('',#4283,1.);
#4283 = DIRECTION('',(0.,0.,1.));
#4284 = PCURVE('',#4167,#4285);
#4285 = DEFINITIONAL_REPRESENTATION('',(#4286),#4290);
#4286 = LINE('',#4287,#4288);
#4287 = CARTESIAN_POINT('',(0.,4.));
#4288 = VECTOR('',#4289,1.);
#4289 = DIRECTION('',(1.,0.));
#4290 = ( GEOMETRIC_REPRESENTATION_CONTEXT(2) 
PARAMETRIC_REPRESENTATION_CONTEXT() REPRESENTATION_CONTEXT('2D SPACE',''
  ) );
#4291 = PCURVE('',#4292,#4297);
#4292 = PLANE('',#4293);
#4293 = AXIS2_PLACEMENT_3D('',#4294,#4295,#4296);
#4294 = CARTESIAN_POINT('',(-4.05,-0.65,3.));
#4295 = DIRECTION('',(1.,0.,0.));
#4296 = DIRECTION('',(0.,0.,1.));
#4297 = DEFINITIONAL_REPRESENTATION('',(#4298),#4302);
#4298 = LINE('',#4299,#4300);
#4299 = CARTESIAN_POINT('',(0.,0.));
#4300 = VECTOR('',#4301,1.);
#4301 = DIRECTION('',(1.,0.));
#4302 = ( GEOMETRIC_REPRESENTATION_CONTEXT(2) 
PARAMETRIC_REPRESENTATION_CONTEXT() REPRESENTATION_CONTEXT('2D SPACE',''
  ) );
#4303 = ADVANCED_FACE('',(#4304),#4292,.T.);
#4304 = FACE_BOUND('',#4305,.T.);
#4305 = EDGE_LOOP('',(#4306,#4307,#4330,#4353));
#4306 = ORIENTED_EDGE('',*,*,#4278,.F.);
#4307 = ORIENTED_EDGE('',*,*,#4308,.T.);
#4308 = EDGE_CURVE('',#4232,#4309,#4311,.T.);
#4309 = VERTEX_POINT('',#4310);
#4310 = CARTESIAN_POINT('',(-4.05,-0.35,3.));
#4311 = SURFACE_CURVE('',#4312,(#4316,#4323),.PCURVE_S1.);
#4312 = LINE('',#4313,#4314);
#4313 = CARTESIAN_POINT('',(-4.05,-0.65,3.));
#4314 = VECTOR('',#4315,1.);
#4315 = DIRECTION('',(0.,1.,0.));
#4316 = PCURVE('',#4292,#4317);
#4317 = DEFINITIONAL_REPRESENTATION('',(#4318),#4322);
#4318 = LINE('',#4319,#4320);
#4319 = CARTESIAN_POINT('',(0.,0.));
#4320 = VECTOR('',#4321,1.);
#4321 = DIRECTION('',(0.,-1.));
#4322 = ( GEOMETRIC_REPRESENTATION_CONTEXT(2) 
PARAMETRIC_REPRESENTATION_CONTEXT() REPRESENTATION_CONTEXT('2D SPACE',''
  ) );
#4323 = PCURVE('',#4141,#4324);
#4324 = DEFINITIONAL_REPRESENTATION('',(#4325),#4329);
#4325 = LINE('',#4326,#4327);
#4326 = CARTESIAN_POINT('',(4.,0.));
#4327 = VECTOR('',#4328,1.);
#4328 = DIRECTION('',(0.,1.));
#4329 = ( GEOMETRIC_REPRESENTATION_CONTEXT(2) 
PARAMETRIC_REPRESENTATION_CONTEXT() REPRESENTATION_CONTEXT('2D SPACE',''
  ) );
#4330 = ORIENTED_EDGE('',*,*,#4331,.T.);
#4331 = EDGE_CURVE('',#4309,#4332,#4334,.T.);
#4332 = VERTEX_POINT('',#4333);
#4333 = CARTESIAN_POINT('',(-4.05,-0.35,7.6));
#4334 = SURFACE_CURVE('',#4335,(#4339,#4346),.PCURVE_S1.);
#4335 = LINE('',#4336,#4337);
#4336 = CARTESIAN_POINT('',(-4.05,-0.35,3.));
#4337 = VECTOR('',#4338,1.);
#4338 = DIRECTION('',(0.,0.,1.));
#4339 = PCURVE('',#4292,#4340);
#4340 = DEFINITIONAL_REPRESENTATION('',(#4341),#4345);
#4341 = LINE('',#4342,#4343);
#4342 = CARTESIAN_POINT('',(0.,-0.3));
#4343 = VECTOR('',#4344,1.);
#4344 = DIRECTION('',(1.,0.));
#4345 = ( GEOMETRIC_REPRESENTATION_CONTEXT(2) 
PARAMETRIC_REPRESENTATION_CONTEXT() REPRESENTATION_CONTEXT('2D SPACE',''
  ) );
#4346 = PCURVE('',#4217,#4347);
#4347 = DEFINITIONAL_REPRESENTATION('',(#4348),#4352);
#4348 = LINE('',#4349,#4350);
#4349 = CARTESIAN_POINT('',(0.,4.));
#4350 = VECTOR('',#4351,1.);
#4351 = DIRECTION('',(1.,0.));
#4352 = ( GEOMETRIC_REPRESENTATION_CONTEXT(2) 
PARAMETRIC_REPRESENTATION_CONTEXT() REPRESENTATION_CONTEXT('2D SPACE',''
  ) );
#4353 = ORIENTED_EDGE('',*,*,#4354,.F.);
#4354 = EDGE_CURVE('',#4256,#4332,#4355,.T.);
#4355 = SURFACE_CURVE('',#4356,(#4360,#4367),.PCURVE_S1.);
#4356 = LINE('',#4357,#4358);
#4357 = CARTESIAN_POINT('',(-4.05,-0.65,7.6));
#4358 = VECTOR('',#4359,1.);
#4359 = DIRECTION('',(0.,1.,0.));
#4360 = PCURVE('',#4292,#4361);
#4361 = DEFINITIONAL_REPRESENTATION('',(#4362),#4366);
#4362 = LINE('',#4363,#4364);
#4363 = CARTESIAN_POINT('',(4.6,0.));
#4364 = VECTOR('',#4365,1.);
#4365 = DIRECTION('',(0.,-1.));
#4366 = ( GEOMETRIC_REPRESENTATION_CONTEXT(2) 
PARAMETRIC_REPRESENTATION_CONTEXT() REPRESENTATION_CONTEXT('2D SPACE',''
  ) );
#4367 = PCURVE('',#4193,#4368);
#4368 = DEFINITIONAL_REPRESENTATION('',(#4369),#4373);
#4369 = LINE('',#4370,#4371);
#4370 = CARTESIAN_POINT('',(4.,0.));
#4371 = VECTOR('',#4372,1.);
#4372 = DIRECTION('',(0.,1.));
#4373 = ( GEOMETRIC_REPRESENTATION_CONTEXT(2) 
PARAMETRIC_REPRESENTATION_CONTEXT() REPRESENTATION_CONTEXT('2D SPACE',''
  ) );
#4374 = ADVANCED_FACE('',(#4375),#4193,.T.);
#4375 = FACE_BOUND('',#4376,.T.);
#4376 = EDGE_LOOP('',(#4377,#4398,#4399,#4400));
#4377 = ORIENTED_EDGE('',*,*,#4378,.F.);
#4378 = EDGE_CURVE('',#4179,#4332,#4379,.T.);
#4379 = SURFACE_CURVE('',#4380,(#4384,#4391),.PCURVE_S1.);
#4380 = LINE('',#4381,#4382);
#4381 = CARTESIAN_POINT('',(-8.05,-0.35,7.6));
#4382 = VECTOR('',#4383,1.);
#4383 = DIRECTION('',(1.,0.,0.));
#4384 = PCURVE('',#4193,#4385);
#4385 = DEFINITIONAL_REPRESENTATION('',(#4386),#4390);
#4386 = LINE('',#4387,#4388);
#4387 = CARTESIAN_POINT('',(0.,0.3));
#4388 = VECTOR('',#4389,1.);
#4389 = DIRECTION('',(1.,0.));
#4390 = ( GEOMETRIC_REPRESENTATION_CONTEXT(2) 
PARAMETRIC_REPRESENTATION_CONTEXT() REPRESENTATION_CONTEXT('2D SPACE',''
  ) );
#4391 = PCURVE('',#4217,#4392);
#4392 = DEFINITIONAL_REPRESENTATION('',(#4393),#4397);
#4393 = LINE('',#4394,#4395);
#4394 = CARTESIAN_POINT('',(4.6,0.));
#4395 = VECTOR('',#4396,1.);
#4396 = DIRECTION('',(0.,1.));
#4397 = ( GEOMETRIC_REPRESENTATION_CONTEXT(2) 
PARAMETRIC_REPRESENTATION_CONTEXT() REPRESENTATION_CONTEXT('2D SPACE',''
  ) );
#4398 = ORIENTED_EDGE('',*,*,#4178,.T.);
#4399 = ORIENTED_EDGE('',*,*,#4255,.T.);
#4400 = ORIENTED_EDGE('',*,*,#4354,.T.);
#4401 = ADVANCED_FACE('',(#4402),#4217,.T.);
#4402 = FACE_BOUND('',#4403,.T.);
#4403 = EDGE_LOOP('',(#4404,#4425,#4426,#4427));
#4404 = ORIENTED_EDGE('',*,*,#4405,.F.);
#4405 = EDGE_CURVE('',#4125,#4309,#4406,.T.);
#4406 = SURFACE_CURVE('',#4407,(#4411,#4418),.PCURVE_S1.);
#4407 = LINE('',#4408,#4409);
#4408 = CARTESIAN_POINT('',(-8.05,-0.35,3.));
#4409 = VECTOR('',#4410,1.);
#4410 = DIRECTION('',(1.,0.,0.));
#4411 = PCURVE('',#4217,#4412);
#4412 = DEFINITIONAL_REPRESENTATION('',(#4413),#4417);
#4413 = LINE('',#4414,#4415);
#4414 = CARTESIAN_POINT('',(0.,0.));
#4415 = VECTOR('',#4416,1.);
#4416 = DIRECTION('',(0.,1.));
#4417 = ( GEOMETRIC_REPRESENTATION_CONTEXT(2) 
PARAMETRIC_REPRESENTATION_CONTEXT() REPRESENTATION_CONTEXT('2D SPACE',''
  ) );
#4418 = PCURVE('',#4141,#4419);
#4419 = DEFINITIONAL_REPRESENTATION('',(#4420),#4424);
#4420 = LINE('',#4421,#4422);
#4421 = CARTESIAN_POINT('',(0.,0.3));
#4422 = VECTOR('',#4423,1.);
#4423 = DIRECTION('',(1.,0.));
#4424 = ( GEOMETRIC_REPRESENTATION_CONTEXT(2) 
PARAMETRIC_REPRESENTATION_CONTEXT() REPRESENTATION_CONTEXT('2D SPACE',''
  ) );
#4425 = ORIENTED_EDGE('',*,*,#4204,.T.);
#4426 = ORIENTED_EDGE('',*,*,#4378,.T.);
#4427 = ORIENTED_EDGE('',*,*,#4331,.F.);
#4428 = ADVANCED_FACE('',(#4429),#4141,.F.);
#4429 = FACE_BOUND('',#4430,.F.);
#4430 = EDGE_LOOP('',(#4431,#4432,#4433,#4434));
#4431 = ORIENTED_EDGE('',*,*,#4405,.F.);
#4432 = ORIENTED_EDGE('',*,*,#4124,.T.);
#4433 = ORIENTED_EDGE('',*,*,#4231,.T.);
#4434 = ORIENTED_EDGE('',*,*,#4308,.T.);
#4435 = ADVANCED_FACE('',(#4436),#4087,.T.);
#4436 = FACE_BOUND('',#4437,.T.);
#4437 = EDGE_LOOP('',(#4438,#4461,#4462,#4485));
#4438 = ORIENTED_EDGE('',*,*,#4439,.F.);
#4439 = EDGE_CURVE('',#4073,#4440,#4442,.T.);
#4440 = VERTEX_POINT('',#4441);
#4441 = CARTESIAN_POINT('',(-4.05,0.65,7.6));
#4442 = SURFACE_CURVE('',#4443,(#4447,#4454),.PCURVE_S1.);
#4443 = LINE('',#4444,#4445);
#4444 = CARTESIAN_POINT('',(-8.05,0.65,7.6));
#4445 = VECTOR('',#4446,1.);
#4446 = DIRECTION('',(1.,0.,0.));
#4447 = PCURVE('',#4087,#4448);
#4448 = DEFINITIONAL_REPRESENTATION('',(#4449),#4453);
#4449 = LINE('',#4450,#4451);
#4450 = CARTESIAN_POINT('',(0.,0.3));
#4451 = VECTOR('',#4452,1.);
#4452 = DIRECTION('',(1.,0.));
#4453 = ( GEOMETRIC_REPRESENTATION_CONTEXT(2) 
PARAMETRIC_REPRESENTATION_CONTEXT() REPRESENTATION_CONTEXT('2D SPACE',''
  ) );
#4454 = PCURVE('',#4111,#4455);
#4455 = DEFINITIONAL_REPRESENTATION('',(#4456),#4460);
#4456 = LINE('',#4457,#4458);
#4457 = CARTESIAN_POINT('',(4.6,0.));
#4458 = VECTOR('',#4459,1.);
#4459 = DIRECTION('',(0.,1.));
#4460 = ( GEOMETRIC_REPRESENTATION_CONTEXT(2) 
PARAMETRIC_REPRESENTATION_CONTEXT() REPRESENTATION_CONTEXT('2D SPACE',''
  ) );
#4461 = ORIENTED_EDGE('',*,*,#4072,.T.);
#4462 = ORIENTED_EDGE('',*,*,#4463,.T.);
#4463 = EDGE_CURVE('',#4047,#4464,#4466,.T.);
#4464 = VERTEX_POINT('',#4465);
#4465 = CARTESIAN_POINT('',(-4.05,0.35,7.6));
#4466 = SURFACE_CURVE('',#4467,(#4471,#4478),.PCURVE_S1.);
#4467 = LINE('',#4468,#4469);
#4468 = CARTESIAN_POINT('',(-8.05,0.35,7.6));
#4469 = VECTOR('',#4470,1.);
#4470 = DIRECTION('',(1.,0.,0.));
#4471 = PCURVE('',#4087,#4472);
#4472 = DEFINITIONAL_REPRESENTATION('',(#4473),#4477);
#4473 = LINE('',#4474,#4475);
#4474 = CARTESIAN_POINT('',(0.,0.));
#4475 = VECTOR('',#4476,1.);
#4476 = DIRECTION('',(1.,0.));
#4477 = ( GEOMETRIC_REPRESENTATION_CONTEXT(2) 
PARAMETRIC_REPRESENTATION_CONTEXT() REPRESENTATION_CONTEXT('2D SPACE',''
  ) );
#4478 = PCURVE('',#4061,#4479);
#4479 = DEFINITIONAL_REPRESENTATION('',(#4480),#4484);
#4480 = LINE('',#4481,#4482);
#4481 = CARTESIAN_POINT('',(4.6,0.));
#4482 = VECTOR('',#4483,1.);
#4483 = DIRECTION('',(0.,1.));
#4484 = ( GEOMETRIC_REPRESENTATION_CONTEXT(2) 
PARAMETRIC_REPRESENTATION_CONTEXT() REPRESENTATION_CONTEXT('2D SPACE',''
  ) );
#4485 = ORIENTED_EDGE('',*,*,#4486,.T.);
#4486 = EDGE_CURVE('',#4464,#4440,#4487,.T.);
#4487 = SURFACE_CURVE('',#4488,(#4492,#4499),.PCURVE_S1.);
#4488 = LINE('',#4489,#4490);
#4489 = CARTESIAN_POINT('',(-4.05,0.35,7.6));
#4490 = VECTOR('',#4491,1.);
#4491 = DIRECTION('',(0.,1.,0.));
#4492 = PCURVE('',#4087,#4493);
#4493 = DEFINITIONAL_REPRESENTATION('',(#4494),#4498);
#4494 = LINE('',#4495,#4496);
#4495 = CARTESIAN_POINT('',(4.,0.));
#4496 = VECTOR('',#4497,1.);
#4497 = DIRECTION('',(0.,1.));
#4498 = ( GEOMETRIC_REPRESENTATION_CONTEXT(2) 
PARAMETRIC_REPRESENTATION_CONTEXT() REPRESENTATION_CONTEXT('2D SPACE',''
  ) );
#4499 = PCURVE('',#4500,#4505);
#4500 = PLANE('',#4501);
#4501 = AXIS2_PLACEMENT_3D('',#4502,#4503,#4504);
#4502 = CARTESIAN_POINT('',(-4.05,0.35,3.));
#4503 = DIRECTION('',(1.,0.,0.));
#4504 = DIRECTION('',(0.,0.,1.));
#4505 = DEFINITIONAL_REPRESENTATION('',(#4506),#4510);
#4506 = LINE('',#4507,#4508);
#4507 = CARTESIAN_POINT('',(4.6,0.));
#4508 = VECTOR('',#4509,1.);
#4509 = DIRECTION('',(0.,-1.));
#4510 = ( GEOMETRIC_REPRESENTATION_CONTEXT(2) 
PARAMETRIC_REPRESENTATION_CONTEXT() REPRESENTATION_CONTEXT('2D SPACE',''
  ) );
#4511 = ADVANCED_FACE('',(#4512),#4500,.T.);
#4512 = FACE_BOUND('',#4513,.T.);
#4513 = EDGE_LOOP('',(#4514,#4537,#4560,#4581));
#4514 = ORIENTED_EDGE('',*,*,#4515,.F.);
#4515 = EDGE_CURVE('',#4516,#4464,#4518,.T.);
#4516 = VERTEX_POINT('',#4517);
#4517 = CARTESIAN_POINT('',(-4.05,0.35,3.));
#4518 = SURFACE_CURVE('',#4519,(#4523,#4530),.PCURVE_S1.);
#4519 = LINE('',#4520,#4521);
#4520 = CARTESIAN_POINT('',(-4.05,0.35,3.));
#4521 = VECTOR('',#4522,1.);
#4522 = DIRECTION('',(0.,0.,1.));
#4523 = PCURVE('',#4500,#4524);
#4524 = DEFINITIONAL_REPRESENTATION('',(#4525),#4529);
#4525 = LINE('',#4526,#4527);
#4526 = CARTESIAN_POINT('',(0.,0.));
#4527 = VECTOR('',#4528,1.);
#4528 = DIRECTION('',(1.,0.));
#4529 = ( GEOMETRIC_REPRESENTATION_CONTEXT(2) 
PARAMETRIC_REPRESENTATION_CONTEXT() REPRESENTATION_CONTEXT('2D SPACE',''
  ) );
#4530 = PCURVE('',#4061,#4531);
#4531 = DEFINITIONAL_REPRESENTATION('',(#4532),#4536);
#4532 = LINE('',#4533,#4534);
#4533 = CARTESIAN_POINT('',(0.,4.));
#4534 = VECTOR('',#4535,1.);
#4535 = DIRECTION('',(1.,0.));
#4536 = ( GEOMETRIC_REPRESENTATION_CONTEXT(2) 
PARAMETRIC_REPRESENTATION_CONTEXT() REPRESENTATION_CONTEXT('2D SPACE',''
  ) );
#4537 = ORIENTED_EDGE('',*,*,#4538,.T.);
#4538 = EDGE_CURVE('',#4516,#4539,#4541,.T.);
#4539 = VERTEX_POINT('',#4540);
#4540 = CARTESIAN_POINT('',(-4.05,0.65,3.));
#4541 = SURFACE_CURVE('',#4542,(#4546,#4553),.PCURVE_S1.);
#4542 = LINE('',#4543,#4544);
#4543 = CARTESIAN_POINT('',(-4.05,0.35,3.));
#4544 = VECTOR('',#4545,1.);
#4545 = DIRECTION('',(0.,1.,0.));
#4546 = PCURVE('',#4500,#4547);
#4547 = DEFINITIONAL_REPRESENTATION('',(#4548),#4552);
#4548 = LINE('',#4549,#4550);
#4549 = CARTESIAN_POINT('',(0.,0.));
#4550 = VECTOR('',#4551,1.);
#4551 = DIRECTION('',(0.,-1.));
#4552 = ( GEOMETRIC_REPRESENTATION_CONTEXT(2) 
PARAMETRIC_REPRESENTATION_CONTEXT() REPRESENTATION_CONTEXT('2D SPACE',''
  ) );
#4553 = PCURVE('',#4035,#4554);
#4554 = DEFINITIONAL_REPRESENTATION('',(#4555),#4559);
#4555 = LINE('',#4556,#4557);
#4556 = CARTESIAN_POINT('',(4.,0.));
#4557 = VECTOR('',#4558,1.);
#4558 = DIRECTION('',(0.,1.));
#4559 = ( GEOMETRIC_REPRESENTATION_CONTEXT(2) 
PARAMETRIC_REPRESENTATION_CONTEXT() REPRESENTATION_CONTEXT('2D SPACE',''
  ) );
#4560 = ORIENTED_EDGE('',*,*,#4561,.T.);
#4561 = EDGE_CURVE('',#4539,#4440,#4562,.T.);
#4562 = SURFACE_CURVE('',#4563,(#4567,#4574),.PCURVE_S1.);
#4563 = LINE('',#4564,#4565);
#4564 = CARTESIAN_POINT('',(-4.05,0.65,3.));
#4565 = VECTOR('',#4566,1.);
#4566 = DIRECTION('',(0.,0.,1.));
#4567 = PCURVE('',#4500,#4568);
#4568 = DEFINITIONAL_REPRESENTATION('',(#4569),#4573);
#4569 = LINE('',#4570,#4571);
#4570 = CARTESIAN_POINT('',(0.,-0.3));
#4571 = VECTOR('',#4572,1.);
#4572 = DIRECTION('',(1.,0.));
#4573 = ( GEOMETRIC_REPRESENTATION_CONTEXT(2) 
PARAMETRIC_REPRESENTATION_CONTEXT() REPRESENTATION_CONTEXT('2D SPACE',''
  ) );
#4574 = PCURVE('',#4111,#4575);
#4575 = DEFINITIONAL_REPRESENTATION('',(#4576),#4580);
#4576 = LINE('',#4577,#4578);
#4577 = CARTESIAN_POINT('',(0.,4.));
#4578 = VECTOR('',#4579,1.);
#4579 = DIRECTION('',(1.,0.));
#4580 = ( GEOMETRIC_REPRESENTATION_CONTEXT(2) 
PARAMETRIC_REPRESENTATION_CONTEXT() REPRESENTATION_CONTEXT('2D SPACE',''
  ) );
#4581 = ORIENTED_EDGE('',*,*,#4486,.F.);
#4582 = ADVANCED_FACE('',(#4583),#4061,.F.);
#4583 = FACE_BOUND('',#4584,.F.);
#4584 = EDGE_LOOP('',(#4585,#4606,#4607,#4608));
#4585 = ORIENTED_EDGE('',*,*,#4586,.F.);
#4586 = EDGE_CURVE('',#4021,#4516,#4587,.T.);
#4587 = SURFACE_CURVE('',#4588,(#4592,#4599),.PCURVE_S1.);
#4588 = LINE('',#4589,#4590);
#4589 = CARTESIAN_POINT('',(-8.05,0.35,3.));
#4590 = VECTOR('',#4591,1.);
#4591 = DIRECTION('',(1.,0.,0.));
#4592 = PCURVE('',#4061,#4593);
#4593 = DEFINITIONAL_REPRESENTATION('',(#4594),#4598);
#4594 = LINE('',#4595,#4596);
#4595 = CARTESIAN_POINT('',(0.,0.));
#4596 = VECTOR('',#4597,1.);
#4597 = DIRECTION('',(0.,1.));
#4598 = ( GEOMETRIC_REPRESENTATION_CONTEXT(2) 
PARAMETRIC_REPRESENTATION_CONTEXT() REPRESENTATION_CONTEXT('2D SPACE',''
  ) );
#4599 = PCURVE('',#4035,#4600);
#4600 = DEFINITIONAL_REPRESENTATION('',(#4601),#4605);
#4601 = LINE('',#4602,#4603);
#4602 = CARTESIAN_POINT('',(0.,0.));
#4603 = VECTOR('',#4604,1.);
#4604 = DIRECTION('',(1.,0.));
#4605 = ( GEOMETRIC_REPRESENTATION_CONTEXT(2) 
PARAMETRIC_REPRESENTATION_CONTEXT() REPRESENTATION_CONTEXT('2D SPACE',''
  ) );
#4606 = ORIENTED_EDGE('',*,*,#4046,.T.);
#4607 = ORIENTED_EDGE('',*,*,#4463,.T.);
#4608 = ORIENTED_EDGE('',*,*,#4515,.F.);
#4609 = ADVANCED_FACE('',(#4610),#4111,.T.);
#4610 = FACE_BOUND('',#4611,.T.);
#4611 = EDGE_LOOP('',(#4612,#4633,#4634,#4635));
#4612 = ORIENTED_EDGE('',*,*,#4613,.F.);
#4613 = EDGE_CURVE('',#4019,#4539,#4614,.T.);
#4614 = SURFACE_CURVE('',#4615,(#4619,#4626),.PCURVE_S1.);
#4615 = LINE('',#4616,#4617);
#4616 = CARTESIAN_POINT('',(-8.05,0.65,3.));
#4617 = VECTOR('',#4618,1.);
#4618 = DIRECTION('',(1.,0.,0.));
#4619 = PCURVE('',#4111,#4620);
#4620 = DEFINITIONAL_REPRESENTATION('',(#4621),#4625);
#4621 = LINE('',#4622,#4623);
#4622 = CARTESIAN_POINT('',(0.,0.));
#4623 = VECTOR('',#4624,1.);
#4624 = DIRECTION('',(0.,1.));
#4625 = ( GEOMETRIC_REPRESENTATION_CONTEXT(2) 
PARAMETRIC_REPRESENTATION_CONTEXT() REPRESENTATION_CONTEXT('2D SPACE',''
  ) );
#4626 = PCURVE('',#4035,#4627);
#4627 = DEFINITIONAL_REPRESENTATION('',(#4628),#4632);
#4628 = LINE('',#4629,#4630);
#4629 = CARTESIAN_POINT('',(0.,0.3));
#4630 = VECTOR('',#4631,1.);
#4631 = DIRECTION('',(1.,0.));
#4632 = ( GEOMETRIC_REPRESENTATION_CONTEXT(2) 
PARAMETRIC_REPRESENTATION_CONTEXT() REPRESENTATION_CONTEXT('2D SPACE',''
  ) );
#4633 = ORIENTED_EDGE('',*,*,#4098,.T.);
#4634 = ORIENTED_EDGE('',*,*,#4439,.T.);
#4635 = ORIENTED_EDGE('',*,*,#4561,.F.);
#4636 = ADVANCED_FACE('',(#4637),#4035,.F.);
#4637 = FACE_BOUND('',#4638,.F.);
#4638 = EDGE_LOOP('',(#4639,#4640,#4641,#4642));
#4639 = ORIENTED_EDGE('',*,*,#4613,.F.);
#4640 = ORIENTED_EDGE('',*,*,#4018,.T.);
#4641 = ORIENTED_EDGE('',*,*,#4586,.T.);
#4642 = ORIENTED_EDGE('',*,*,#4538,.T.);
#4643 = ADVANCED_FACE('',(#4644),#3982,.T.);
#4644 = FACE_BOUND('',#4645,.T.);
#4645 = EDGE_LOOP('',(#4646,#4669,#4670,#4693,#4720,#4748,#4776,#4804));
#4646 = ORIENTED_EDGE('',*,*,#4647,.F.);
#4647 = EDGE_CURVE('',#3968,#4648,#4650,.T.);
#4648 = VERTEX_POINT('',#4649);
#4649 = CARTESIAN_POINT('',(-7.525,-1.6,1.6));
#4650 = SURFACE_CURVE('',#4651,(#4655,#4662),.PCURVE_S1.);
#4651 = LINE('',#4652,#4653);
#4652 = CARTESIAN_POINT('',(-8.3,-1.6,1.6));
#4653 = VECTOR('',#4654,1.);
#4654 = DIRECTION('',(1.,0.,0.));
#4655 = PCURVE('',#3982,#4656);
#4656 = DEFINITIONAL_REPRESENTATION('',(#4657),#4661);
#4657 = LINE('',#4658,#4659);
#4658 = CARTESIAN_POINT('',(0.,0.));
#4659 = VECTOR('',#4660,1.);
#4660 = DIRECTION('',(0.,1.));
#4661 = ( GEOMETRIC_REPRESENTATION_CONTEXT(2) 
PARAMETRIC_REPRESENTATION_CONTEXT() REPRESENTATION_CONTEXT('2D SPACE',''
  ) );
#4662 = PCURVE('',#3017,#4663);
#4663 = DEFINITIONAL_REPRESENTATION('',(#4664),#4668);
#4664 = LINE('',#4665,#4666);
#4665 = CARTESIAN_POINT('',(0.,0.3));
#4666 = VECTOR('',#4667,1.);
#4667 = DIRECTION('',(1.,0.));
#4668 = ( GEOMETRIC_REPRESENTATION_CONTEXT(2) 
PARAMETRIC_REPRESENTATION_CONTEXT() REPRESENTATION_CONTEXT('2D SPACE',''
  ) );
#4669 = ORIENTED_EDGE('',*,*,#3967,.T.);
#4670 = ORIENTED_EDGE('',*,*,#4671,.T.);
#4671 = EDGE_CURVE('',#3945,#4672,#4674,.T.);
#4672 = VERTEX_POINT('',#4673);
#4673 = CARTESIAN_POINT('',(-4.,-1.6,8.3));
#4674 = SURFACE_CURVE('',#4675,(#4679,#4686),.PCURVE_S1.);
#4675 = LINE('',#4676,#4677);
#4676 = CARTESIAN_POINT('',(-8.3,-1.6,8.3));
#4677 = VECTOR('',#4678,1.);
#4678 = DIRECTION('',(1.,0.,0.));
#4679 = PCURVE('',#3982,#4680);
#4680 = DEFINITIONAL_REPRESENTATION('',(#4681),#4685);
#4681 = LINE('',#4682,#4683);
#4682 = CARTESIAN_POINT('',(6.7,0.));
#4683 = VECTOR('',#4684,1.);
#4684 = DIRECTION('',(0.,1.));
#4685 = ( GEOMETRIC_REPRESENTATION_CONTEXT(2) 
PARAMETRIC_REPRESENTATION_CONTEXT() REPRESENTATION_CONTEXT('2D SPACE',''
  ) );
#4686 = PCURVE('',#2961,#4687);
#4687 = DEFINITIONAL_REPRESENTATION('',(#4688),#4692);
#4688 = LINE('',#4689,#4690);
#4689 = CARTESIAN_POINT('',(0.,0.3));
#4690 = VECTOR('',#4691,1.);
#4691 = DIRECTION('',(1.,0.));
#4692 = ( GEOMETRIC_REPRESENTATION_CONTEXT(2) 
PARAMETRIC_REPRESENTATION_CONTEXT() REPRESENTATION_CONTEXT('2D SPACE',''
  ) );
#4693 = ORIENTED_EDGE('',*,*,#4694,.T.);
#4694 = EDGE_CURVE('',#4672,#4695,#4697,.T.);
#4695 = VERTEX_POINT('',#4696);
#4696 = CARTESIAN_POINT('',(-4.,-1.6,1.6));
#4697 = SURFACE_CURVE('',#4698,(#4702,#4709),.PCURVE_S1.);
#4698 = LINE('',#4699,#4700);
#4699 = CARTESIAN_POINT('',(-4.,-1.6,1.6));
#4700 = VECTOR('',#4701,1.);
#4701 = DIRECTION('',(0.,0.,-1.));
#4702 = PCURVE('',#3982,#4703);
#4703 = DEFINITIONAL_REPRESENTATION('',(#4704),#4708);
#4704 = LINE('',#4705,#4706);
#4705 = CARTESIAN_POINT('',(0.,4.3));
#4706 = VECTOR('',#4707,1.);
#4707 = DIRECTION('',(-1.,0.));
#4708 = ( GEOMETRIC_REPRESENTATION_CONTEXT(2) 
PARAMETRIC_REPRESENTATION_CONTEXT() REPRESENTATION_CONTEXT('2D SPACE',''
  ) );
#4709 = PCURVE('',#4710,#4715);
#4710 = PLANE('',#4711);
#4711 = AXIS2_PLACEMENT_3D('',#4712,#4713,#4714);
#4712 = CARTESIAN_POINT('',(-4.,-1.9,1.6));
#4713 = DIRECTION('',(1.,0.,0.));
#4714 = DIRECTION('',(0.,0.,1.));
#4715 = DEFINITIONAL_REPRESENTATION('',(#4716),#4719);
#4716 = B_SPLINE_CURVE_WITH_KNOTS('',1,(#4717,#4718),.UNSPECIFIED.,.F.,
  .F.,(2,2),(-6.7,0.),.PIECEWISE_BEZIER_KNOTS.);
#4717 = CARTESIAN_POINT('',(6.7,-0.3));
#4718 = CARTESIAN_POINT('',(0.,-0.3));
#4719 = ( GEOMETRIC_REPRESENTATION_CONTEXT(2) 
PARAMETRIC_REPRESENTATION_CONTEXT() REPRESENTATION_CONTEXT('2D SPACE',''
  ) );
#4720 = ORIENTED_EDGE('',*,*,#4721,.F.);
#4721 = EDGE_CURVE('',#4722,#4695,#4724,.T.);
#4722 = VERTEX_POINT('',#4723);
#4723 = CARTESIAN_POINT('',(-5.945,-1.6,1.6));
#4724 = SURFACE_CURVE('',#4725,(#4729,#4736),.PCURVE_S1.);
#4725 = LINE('',#4726,#4727);
#4726 = CARTESIAN_POINT('',(-8.3,-1.6,1.6));
#4727 = VECTOR('',#4728,1.);
#4728 = DIRECTION('',(1.,0.,0.));
#4729 = PCURVE('',#3982,#4730);
#4730 = DEFINITIONAL_REPRESENTATION('',(#4731),#4735);
#4731 = LINE('',#4732,#4733);
#4732 = CARTESIAN_POINT('',(0.,0.));
#4733 = VECTOR('',#4734,1.);
#4734 = DIRECTION('',(0.,1.));
#4735 = ( GEOMETRIC_REPRESENTATION_CONTEXT(2) 
PARAMETRIC_REPRESENTATION_CONTEXT() REPRESENTATION_CONTEXT('2D SPACE',''
  ) );
#4736 = PCURVE('',#4737,#4742);
#4737 = PLANE('',#4738);
#4738 = AXIS2_PLACEMENT_3D('',#4739,#4740,#4741);
#4739 = CARTESIAN_POINT('',(-8.3,-1.9,1.6));
#4740 = DIRECTION('',(0.,0.,1.));
#4741 = DIRECTION('',(1.,0.,0.));
#4742 = DEFINITIONAL_REPRESENTATION('',(#4743),#4747);
#4743 = LINE('',#4744,#4745);
#4744 = CARTESIAN_POINT('',(0.,0.3));
#4745 = VECTOR('',#4746,1.);
#4746 = DIRECTION('',(1.,0.));
#4747 = ( GEOMETRIC_REPRESENTATION_CONTEXT(2) 
PARAMETRIC_REPRESENTATION_CONTEXT() REPRESENTATION_CONTEXT('2D SPACE',''
  ) );
#4748 = ORIENTED_EDGE('',*,*,#4749,.T.);
#4749 = EDGE_CURVE('',#4722,#4750,#4752,.T.);
#4750 = VERTEX_POINT('',#4751);
#4751 = CARTESIAN_POINT('',(-5.945,-1.6,0.));
#4752 = SURFACE_CURVE('',#4753,(#4757,#4764),.PCURVE_S1.);
#4753 = LINE('',#4754,#4755);
#4754 = CARTESIAN_POINT('',(-5.945,-1.6,1.6));
#4755 = VECTOR('',#4756,1.);
#4756 = DIRECTION('',(0.,1.387778780781E-16,-1.));
#4757 = PCURVE('',#3982,#4758);
#4758 = DEFINITIONAL_REPRESENTATION('',(#4759),#4763);
#4759 = LINE('',#4760,#4761);
#4760 = CARTESIAN_POINT('',(0.,2.355));
#4761 = VECTOR('',#4762,1.);
#4762 = DIRECTION('',(-1.,0.));
#4763 = ( GEOMETRIC_REPRESENTATION_CONTEXT(2) 
PARAMETRIC_REPRESENTATION_CONTEXT() REPRESENTATION_CONTEXT('2D SPACE',''
  ) );
#4764 = PCURVE('',#4765,#4770);
#4765 = PLANE('',#4766);
#4766 = AXIS2_PLACEMENT_3D('',#4767,#4768,#4769);
#4767 = CARTESIAN_POINT('',(-5.945,-1.9,0.));
#4768 = DIRECTION('',(1.,0.,0.));
#4769 = DIRECTION('',(0.,0.,1.));
#4770 = DEFINITIONAL_REPRESENTATION('',(#4771),#4775);
#4771 = LINE('',#4772,#4773);
#4772 = CARTESIAN_POINT('',(1.6,-0.3));
#4773 = VECTOR('',#4774,1.);
#4774 = DIRECTION('',(-1.,-1.387778780781E-16));
#4775 = ( GEOMETRIC_REPRESENTATION_CONTEXT(2) 
PARAMETRIC_REPRESENTATION_CONTEXT() REPRESENTATION_CONTEXT('2D SPACE',''
  ) );
#4776 = ORIENTED_EDGE('',*,*,#4777,.F.);
#4777 = EDGE_CURVE('',#4778,#4750,#4780,.T.);
#4778 = VERTEX_POINT('',#4779);
#4779 = CARTESIAN_POINT('',(-7.525,-1.6,0.));
#4780 = SURFACE_CURVE('',#4781,(#4785,#4792),.PCURVE_S1.);
#4781 = LINE('',#4782,#4783);
#4782 = CARTESIAN_POINT('',(-7.525,-1.6,0.));
#4783 = VECTOR('',#4784,1.);
#4784 = DIRECTION('',(1.,0.,0.));
#4785 = PCURVE('',#3982,#4786);
#4786 = DEFINITIONAL_REPRESENTATION('',(#4787),#4791);
#4787 = LINE('',#4788,#4789);
#4788 = CARTESIAN_POINT('',(-1.6,0.775));
#4789 = VECTOR('',#4790,1.);
#4790 = DIRECTION('',(0.,1.));
#4791 = ( GEOMETRIC_REPRESENTATION_CONTEXT(2) 
PARAMETRIC_REPRESENTATION_CONTEXT() REPRESENTATION_CONTEXT('2D SPACE',''
  ) );
#4792 = PCURVE('',#4793,#4798);
#4793 = PLANE('',#4794);
#4794 = AXIS2_PLACEMENT_3D('',#4795,#4796,#4797);
#4795 = CARTESIAN_POINT('',(-7.525,-1.9,0.));
#4796 = DIRECTION('',(0.,0.,1.));
#4797 = DIRECTION('',(1.,0.,0.));
#4798 = DEFINITIONAL_REPRESENTATION('',(#4799),#4803);
#4799 = LINE('',#4800,#4801);
#4800 = CARTESIAN_POINT('',(0.,0.3));
#4801 = VECTOR('',#4802,1.);
#4802 = DIRECTION('',(1.,0.));
#4803 = ( GEOMETRIC_REPRESENTATION_CONTEXT(2) 
PARAMETRIC_REPRESENTATION_CONTEXT() REPRESENTATION_CONTEXT('2D SPACE',''
  ) );
#4804 = ORIENTED_EDGE('',*,*,#4805,.T.);
#4805 = EDGE_CURVE('',#4778,#4648,#4806,.T.);
#4806 = SURFACE_CURVE('',#4807,(#4811,#4818),.PCURVE_S1.);
#4807 = LINE('',#4808,#4809);
#4808 = CARTESIAN_POINT('',(-7.525,-1.6,0.));
#4809 = VECTOR('',#4810,1.);
#4810 = DIRECTION('',(5.551115123126E-16,-1.387778780781E-16,1.));
#4811 = PCURVE('',#3982,#4812);
#4812 = DEFINITIONAL_REPRESENTATION('',(#4813),#4817);
#4813 = LINE('',#4814,#4815);
#4814 = CARTESIAN_POINT('',(-1.6,0.775));
#4815 = VECTOR('',#4816,1.);
#4816 = DIRECTION('',(1.,5.551115123126E-16));
#4817 = ( GEOMETRIC_REPRESENTATION_CONTEXT(2) 
PARAMETRIC_REPRESENTATION_CONTEXT() REPRESENTATION_CONTEXT('2D SPACE',''
  ) );
#4818 = PCURVE('',#4819,#4824);
#4819 = PLANE('',#4820);
#4820 = AXIS2_PLACEMENT_3D('',#4821,#4822,#4823);
#4821 = CARTESIAN_POINT('',(-7.525,-1.9,0.));
#4822 = DIRECTION('',(1.,0.,0.));
#4823 = DIRECTION('',(0.,0.,1.));
#4824 = DEFINITIONAL_REPRESENTATION('',(#4825),#4829);
#4825 = LINE('',#4826,#4827);
#4826 = CARTESIAN_POINT('',(0.,-0.3));
#4827 = VECTOR('',#4828,1.);
#4828 = DIRECTION('',(1.,1.387778780781E-16));
#4829 = ( GEOMETRIC_REPRESENTATION_CONTEXT(2) 
PARAMETRIC_REPRESENTATION_CONTEXT() REPRESENTATION_CONTEXT('2D SPACE',''
  ) );
#4830 = ADVANCED_FACE('',(#4831),#4819,.F.);
#4831 = FACE_BOUND('',#4832,.F.);
#4832 = EDGE_LOOP('',(#4833,#4858,#4886,#4914,#4935,#4936));
#4833 = ORIENTED_EDGE('',*,*,#4834,.F.);
#4834 = EDGE_CURVE('',#4835,#4837,#4839,.T.);
#4835 = VERTEX_POINT('',#4836);
#4836 = CARTESIAN_POINT('',(-7.525,-1.9,0.3));
#4837 = VERTEX_POINT('',#4838);
#4838 = CARTESIAN_POINT('',(-7.525,-1.9,1.6));
#4839 = SURFACE_CURVE('',#4840,(#4844,#4851),.PCURVE_S1.);
#4840 = LINE('',#4841,#4842);
#4841 = CARTESIAN_POINT('',(-7.525,-1.9,0.));
#4842 = VECTOR('',#4843,1.);
#4843 = DIRECTION('',(0.,0.,1.));
#4844 = PCURVE('',#4819,#4845);
#4845 = DEFINITIONAL_REPRESENTATION('',(#4846),#4850);
#4846 = LINE('',#4847,#4848);
#4847 = CARTESIAN_POINT('',(0.,0.));
#4848 = VECTOR('',#4849,1.);
#4849 = DIRECTION('',(1.,0.));
#4850 = ( GEOMETRIC_REPRESENTATION_CONTEXT(2) 
PARAMETRIC_REPRESENTATION_CONTEXT() REPRESENTATION_CONTEXT('2D SPACE',''
  ) );
#4851 = PCURVE('',#2989,#4852);
#4852 = DEFINITIONAL_REPRESENTATION('',(#4853),#4857);
#4853 = LINE('',#4854,#4855);
#4854 = CARTESIAN_POINT('',(-1.6,0.775));
#4855 = VECTOR('',#4856,1.);
#4856 = DIRECTION('',(1.,0.));
#4857 = ( GEOMETRIC_REPRESENTATION_CONTEXT(2) 
PARAMETRIC_REPRESENTATION_CONTEXT() REPRESENTATION_CONTEXT('2D SPACE',''
  ) );
#4858 = ORIENTED_EDGE('',*,*,#4859,.F.);
#4859 = EDGE_CURVE('',#4860,#4835,#4862,.T.);
#4860 = VERTEX_POINT('',#4861);
#4861 = CARTESIAN_POINT('',(-7.525,-3.65,0.3));
#4862 = SURFACE_CURVE('',#4863,(#4867,#4874),.PCURVE_S1.);
#4863 = LINE('',#4864,#4865);
#4864 = CARTESIAN_POINT('',(-7.525,-4.,0.3));
#4865 = VECTOR('',#4866,1.);
#4866 = DIRECTION('',(0.,1.,0.));
#4867 = PCURVE('',#4819,#4868);
#4868 = DEFINITIONAL_REPRESENTATION('',(#4869),#4873);
#4869 = LINE('',#4870,#4871);
#4870 = CARTESIAN_POINT('',(0.3,2.1));
#4871 = VECTOR('',#4872,1.);
#4872 = DIRECTION('',(0.,-1.));
#4873 = ( GEOMETRIC_REPRESENTATION_CONTEXT(2) 
PARAMETRIC_REPRESENTATION_CONTEXT() REPRESENTATION_CONTEXT('2D SPACE',''
  ) );
#4874 = PCURVE('',#4875,#4880);
#4875 = PLANE('',#4876);
#4876 = AXIS2_PLACEMENT_3D('',#4877,#4878,#4879);
#4877 = CARTESIAN_POINT('',(-7.525,-4.,0.3));
#4878 = DIRECTION('',(0.,0.,1.));
#4879 = DIRECTION('',(1.,0.,0.));
#4880 = DEFINITIONAL_REPRESENTATION('',(#4881),#4885);
#4881 = LINE('',#4882,#4883);
#4882 = CARTESIAN_POINT('',(0.,0.));
#4883 = VECTOR('',#4884,1.);
#4884 = DIRECTION('',(0.,1.));
#4885 = ( GEOMETRIC_REPRESENTATION_CONTEXT(2) 
PARAMETRIC_REPRESENTATION_CONTEXT() REPRESENTATION_CONTEXT('2D SPACE',''
  ) );
#4886 = ORIENTED_EDGE('',*,*,#4887,.F.);
#4887 = EDGE_CURVE('',#4888,#4860,#4890,.T.);
#4888 = VERTEX_POINT('',#4889);
#4889 = CARTESIAN_POINT('',(-7.525,-3.65,0.));
#4890 = SURFACE_CURVE('',#4891,(#4895,#4902),.PCURVE_S1.);
#4891 = LINE('',#4892,#4893);
#4892 = CARTESIAN_POINT('',(-7.525,-3.65,0.));
#4893 = VECTOR('',#4894,1.);
#4894 = DIRECTION('',(0.,0.,1.));
#4895 = PCURVE('',#4819,#4896);
#4896 = DEFINITIONAL_REPRESENTATION('',(#4897),#4901);
#4897 = LINE('',#4898,#4899);
#4898 = CARTESIAN_POINT('',(0.,1.75));
#4899 = VECTOR('',#4900,1.);
#4900 = DIRECTION('',(1.,0.));
#4901 = ( GEOMETRIC_REPRESENTATION_CONTEXT(2) 
PARAMETRIC_REPRESENTATION_CONTEXT() REPRESENTATION_CONTEXT('2D SPACE',''
  ) );
#4902 = PCURVE('',#4903,#4908);
#4903 = PLANE('',#4904);
#4904 = AXIS2_PLACEMENT_3D('',#4905,#4906,#4907);
#4905 = CARTESIAN_POINT('',(-7.35,-3.825,0.));
#4906 = DIRECTION('',(-0.707106781187,-0.707106781187,0.));
#4907 = DIRECTION('',(-0.,-0.,-1.));
#4908 = DEFINITIONAL_REPRESENTATION('',(#4909),#4913);
#4909 = LINE('',#4910,#4911);
#4910 = CARTESIAN_POINT('',(-0.,-0.247487373415));
#4911 = VECTOR('',#4912,1.);
#4912 = DIRECTION('',(-1.,0.));
#4913 = ( GEOMETRIC_REPRESENTATION_CONTEXT(2) 
PARAMETRIC_REPRESENTATION_CONTEXT() REPRESENTATION_CONTEXT('2D SPACE',''
  ) );
#4914 = ORIENTED_EDGE('',*,*,#4915,.F.);
#4915 = EDGE_CURVE('',#4778,#4888,#4916,.T.);
#4916 = SURFACE_CURVE('',#4917,(#4921,#4928),.PCURVE_S1.);
#4917 = LINE('',#4918,#4919);
#4918 = CARTESIAN_POINT('',(-7.525,-1.6,0.));
#4919 = VECTOR('',#4920,1.);
#4920 = DIRECTION('',(4.332577657074E-16,-1.,0.));
#4921 = PCURVE('',#4819,#4922);
#4922 = DEFINITIONAL_REPRESENTATION('',(#4923),#4927);
#4923 = LINE('',#4924,#4925);
#4924 = CARTESIAN_POINT('',(0.,-0.3));
#4925 = VECTOR('',#4926,1.);
#4926 = DIRECTION('',(0.,1.));
#4927 = ( GEOMETRIC_REPRESENTATION_CONTEXT(2) 
PARAMETRIC_REPRESENTATION_CONTEXT() REPRESENTATION_CONTEXT('2D SPACE',''
  ) );
#4928 = PCURVE('',#4793,#4929);
#4929 = DEFINITIONAL_REPRESENTATION('',(#4930),#4934);
#4930 = LINE('',#4931,#4932);
#4931 = CARTESIAN_POINT('',(-8.881784197001E-16,0.3));
#4932 = VECTOR('',#4933,1.);
#4933 = DIRECTION('',(4.332577657074E-16,-1.));
#4934 = ( GEOMETRIC_REPRESENTATION_CONTEXT(2) 
PARAMETRIC_REPRESENTATION_CONTEXT() REPRESENTATION_CONTEXT('2D SPACE',''
  ) );
#4935 = ORIENTED_EDGE('',*,*,#4805,.T.);
#4936 = ORIENTED_EDGE('',*,*,#4937,.F.);
#4937 = EDGE_CURVE('',#4837,#4648,#4938,.T.);
#4938 = SURFACE_CURVE('',#4939,(#4943,#4950),.PCURVE_S1.);
#4939 = LINE('',#4940,#4941);
#4940 = CARTESIAN_POINT('',(-7.525,-1.9,1.6));
#4941 = VECTOR('',#4942,1.);
#4942 = DIRECTION('',(0.,1.,0.));
#4943 = PCURVE('',#4819,#4944);
#4944 = DEFINITIONAL_REPRESENTATION('',(#4945),#4949);
#4945 = LINE('',#4946,#4947);
#4946 = CARTESIAN_POINT('',(1.6,0.));
#4947 = VECTOR('',#4948,1.);
#4948 = DIRECTION('',(0.,-1.));
#4949 = ( GEOMETRIC_REPRESENTATION_CONTEXT(2) 
PARAMETRIC_REPRESENTATION_CONTEXT() REPRESENTATION_CONTEXT('2D SPACE',''
  ) );
#4950 = PCURVE('',#3017,#4951);
#4951 = DEFINITIONAL_REPRESENTATION('',(#4952),#4955);
#4952 = B_SPLINE_CURVE_WITH_KNOTS('',1,(#4953,#4954),.UNSPECIFIED.,.F.,
  .F.,(2,2),(0.,0.3),.PIECEWISE_BEZIER_KNOTS.);
#4953 = CARTESIAN_POINT('',(0.775,0.));
#4954 = CARTESIAN_POINT('',(0.775,0.3));
#4955 = ( GEOMETRIC_REPRESENTATION_CONTEXT(2) 
PARAMETRIC_REPRESENTATION_CONTEXT() REPRESENTATION_CONTEXT('2D SPACE',''
  ) );
#4956 = ADVANCED_FACE('',(#4957),#4903,.T.);
#4957 = FACE_BOUND('',#4958,.F.);
#4958 = EDGE_LOOP('',(#4959,#4982,#4983,#5006));
#4959 = ORIENTED_EDGE('',*,*,#4960,.F.);
#4960 = EDGE_CURVE('',#4888,#4961,#4963,.T.);
#4961 = VERTEX_POINT('',#4962);
#4962 = CARTESIAN_POINT('',(-7.175,-4.,0.));
#4963 = SURFACE_CURVE('',#4964,(#4968,#4975),.PCURVE_S1.);
#4964 = LINE('',#4965,#4966);
#4965 = CARTESIAN_POINT('',(-7.35,-3.825,0.));
#4966 = VECTOR('',#4967,1.);
#4967 = DIRECTION('',(0.707106781187,-0.707106781187,0.));
#4968 = PCURVE('',#4903,#4969);
#4969 = DEFINITIONAL_REPRESENTATION('',(#4970),#4974);
#4970 = LINE('',#4971,#4972);
#4971 = CARTESIAN_POINT('',(-0.,0.));
#4972 = VECTOR('',#4973,1.);
#4973 = DIRECTION('',(-0.,1.));
#4974 = ( GEOMETRIC_REPRESENTATION_CONTEXT(2) 
PARAMETRIC_REPRESENTATION_CONTEXT() REPRESENTATION_CONTEXT('2D SPACE',''
  ) );
#4975 = PCURVE('',#4793,#4976);
#4976 = DEFINITIONAL_REPRESENTATION('',(#4977),#4981);
#4977 = LINE('',#4978,#4979);
#4978 = CARTESIAN_POINT('',(0.175,-1.925));
#4979 = VECTOR('',#4980,1.);
#4980 = DIRECTION('',(0.707106781187,-0.707106781187));
#4981 = ( GEOMETRIC_REPRESENTATION_CONTEXT(2) 
PARAMETRIC_REPRESENTATION_CONTEXT() REPRESENTATION_CONTEXT('2D SPACE',''
  ) );
#4982 = ORIENTED_EDGE('',*,*,#4887,.T.);
#4983 = ORIENTED_EDGE('',*,*,#4984,.T.);
#4984 = EDGE_CURVE('',#4860,#4985,#4987,.T.);
#4985 = VERTEX_POINT('',#4986);
#4986 = CARTESIAN_POINT('',(-7.175,-4.,0.3));
#4987 = SURFACE_CURVE('',#4988,(#4992,#4999),.PCURVE_S1.);
#4988 = LINE('',#4989,#4990);
#4989 = CARTESIAN_POINT('',(-7.35,-3.825,0.3));
#4990 = VECTOR('',#4991,1.);
#4991 = DIRECTION('',(0.707106781187,-0.707106781187,0.));
#4992 = PCURVE('',#4903,#4993);
#4993 = DEFINITIONAL_REPRESENTATION('',(#4994),#4998);
#4994 = LINE('',#4995,#4996);
#4995 = CARTESIAN_POINT('',(-0.3,0.));
#4996 = VECTOR('',#4997,1.);
#4997 = DIRECTION('',(-0.,1.));
#4998 = ( GEOMETRIC_REPRESENTATION_CONTEXT(2) 
PARAMETRIC_REPRESENTATION_CONTEXT() REPRESENTATION_CONTEXT('2D SPACE',''
  ) );
#4999 = PCURVE('',#4875,#5000);
#5000 = DEFINITIONAL_REPRESENTATION('',(#5001),#5005);
#5001 = LINE('',#5002,#5003);
#5002 = CARTESIAN_POINT('',(0.175,0.175));
#5003 = VECTOR('',#5004,1.);
#5004 = DIRECTION('',(0.707106781187,-0.707106781187));
#5005 = ( GEOMETRIC_REPRESENTATION_CONTEXT(2) 
PARAMETRIC_REPRESENTATION_CONTEXT() REPRESENTATION_CONTEXT('2D SPACE',''
  ) );
#5006 = ORIENTED_EDGE('',*,*,#5007,.F.);
#5007 = EDGE_CURVE('',#4961,#4985,#5008,.T.);
#5008 = SURFACE_CURVE('',#5009,(#5013,#5020),.PCURVE_S1.);
#5009 = LINE('',#5010,#5011);
#5010 = CARTESIAN_POINT('',(-7.175,-4.,0.));
#5011 = VECTOR('',#5012,1.);
#5012 = DIRECTION('',(0.,0.,1.));
#5013 = PCURVE('',#4903,#5014);
#5014 = DEFINITIONAL_REPRESENTATION('',(#5015),#5019);
#5015 = LINE('',#5016,#5017);
#5016 = CARTESIAN_POINT('',(-0.,0.247487373415));
#5017 = VECTOR('',#5018,1.);
#5018 = DIRECTION('',(-1.,0.));
#5019 = ( GEOMETRIC_REPRESENTATION_CONTEXT(2) 
PARAMETRIC_REPRESENTATION_CONTEXT() REPRESENTATION_CONTEXT('2D SPACE',''
  ) );
#5020 = PCURVE('',#5021,#5026);
#5021 = PLANE('',#5022);
#5022 = AXIS2_PLACEMENT_3D('',#5023,#5024,#5025);
#5023 = CARTESIAN_POINT('',(-7.525,-4.,0.));
#5024 = DIRECTION('',(0.,1.,0.));
#5025 = DIRECTION('',(0.,0.,1.));
#5026 = DEFINITIONAL_REPRESENTATION('',(#5027),#5031);
#5027 = LINE('',#5028,#5029);
#5028 = CARTESIAN_POINT('',(0.,0.35));
#5029 = VECTOR('',#5030,1.);
#5030 = DIRECTION('',(1.,0.));
#5031 = ( GEOMETRIC_REPRESENTATION_CONTEXT(2) 
PARAMETRIC_REPRESENTATION_CONTEXT() REPRESENTATION_CONTEXT('2D SPACE',''
  ) );
#5032 = ADVANCED_FACE('',(#5033),#5021,.F.);
#5033 = FACE_BOUND('',#5034,.F.);
#5034 = EDGE_LOOP('',(#5035,#5058,#5059,#5082));
#5035 = ORIENTED_EDGE('',*,*,#5036,.F.);
#5036 = EDGE_CURVE('',#4961,#5037,#5039,.T.);
#5037 = VERTEX_POINT('',#5038);
#5038 = CARTESIAN_POINT('',(-6.295,-4.,0.));
#5039 = SURFACE_CURVE('',#5040,(#5044,#5051),.PCURVE_S1.);
#5040 = LINE('',#5041,#5042);
#5041 = CARTESIAN_POINT('',(-7.525,-4.,0.));
#5042 = VECTOR('',#5043,1.);
#5043 = DIRECTION('',(1.,0.,0.));
#5044 = PCURVE('',#5021,#5045);
#5045 = DEFINITIONAL_REPRESENTATION('',(#5046),#5050);
#5046 = LINE('',#5047,#5048);
#5047 = CARTESIAN_POINT('',(0.,0.));
#5048 = VECTOR('',#5049,1.);
#5049 = DIRECTION('',(0.,1.));
#5050 = ( GEOMETRIC_REPRESENTATION_CONTEXT(2) 
PARAMETRIC_REPRESENTATION_CONTEXT() REPRESENTATION_CONTEXT('2D SPACE',''
  ) );
#5051 = PCURVE('',#4793,#5052);
#5052 = DEFINITIONAL_REPRESENTATION('',(#5053),#5057);
#5053 = LINE('',#5054,#5055);
#5054 = CARTESIAN_POINT('',(0.,-2.1));
#5055 = VECTOR('',#5056,1.);
#5056 = DIRECTION('',(1.,0.));
#5057 = ( GEOMETRIC_REPRESENTATION_CONTEXT(2) 
PARAMETRIC_REPRESENTATION_CONTEXT() REPRESENTATION_CONTEXT('2D SPACE',''
  ) );
#5058 = ORIENTED_EDGE('',*,*,#5007,.T.);
#5059 = ORIENTED_EDGE('',*,*,#5060,.T.);
#5060 = EDGE_CURVE('',#4985,#5061,#5063,.T.);
#5061 = VERTEX_POINT('',#5062);
#5062 = CARTESIAN_POINT('',(-6.295,-4.,0.3));
#5063 = SURFACE_CURVE('',#5064,(#5068,#5075),.PCURVE_S1.);
#5064 = LINE('',#5065,#5066);
#5065 = CARTESIAN_POINT('',(-7.525,-4.,0.3));
#5066 = VECTOR('',#5067,1.);
#5067 = DIRECTION('',(1.,0.,0.));
#5068 = PCURVE('',#5021,#5069);
#5069 = DEFINITIONAL_REPRESENTATION('',(#5070),#5074);
#5070 = LINE('',#5071,#5072);
#5071 = CARTESIAN_POINT('',(0.3,0.));
#5072 = VECTOR('',#5073,1.);
#5073 = DIRECTION('',(0.,1.));
#5074 = ( GEOMETRIC_REPRESENTATION_CONTEXT(2) 
PARAMETRIC_REPRESENTATION_CONTEXT() REPRESENTATION_CONTEXT('2D SPACE',''
  ) );
#5075 = PCURVE('',#4875,#5076);
#5076 = DEFINITIONAL_REPRESENTATION('',(#5077),#5081);
#5077 = LINE('',#5078,#5079);
#5078 = CARTESIAN_POINT('',(0.,0.));
#5079 = VECTOR('',#5080,1.);
#5080 = DIRECTION('',(1.,0.));
#5081 = ( GEOMETRIC_REPRESENTATION_CONTEXT(2) 
PARAMETRIC_REPRESENTATION_CONTEXT() REPRESENTATION_CONTEXT('2D SPACE',''
  ) );
#5082 = ORIENTED_EDGE('',*,*,#5083,.F.);
#5083 = EDGE_CURVE('',#5037,#5061,#5084,.T.);
#5084 = SURFACE_CURVE('',#5085,(#5089,#5096),.PCURVE_S1.);
#5085 = LINE('',#5086,#5087);
#5086 = CARTESIAN_POINT('',(-6.295,-4.,0.));
#5087 = VECTOR('',#5088,1.);
#5088 = DIRECTION('',(0.,0.,1.));
#5089 = PCURVE('',#5021,#5090);
#5090 = DEFINITIONAL_REPRESENTATION('',(#5091),#5095);
#5091 = LINE('',#5092,#5093);
#5092 = CARTESIAN_POINT('',(0.,1.23));
#5093 = VECTOR('',#5094,1.);
#5094 = DIRECTION('',(1.,0.));
#5095 = ( GEOMETRIC_REPRESENTATION_CONTEXT(2) 
PARAMETRIC_REPRESENTATION_CONTEXT() REPRESENTATION_CONTEXT('2D SPACE',''
  ) );
#5096 = PCURVE('',#5097,#5102);
#5097 = PLANE('',#5098);
#5098 = AXIS2_PLACEMENT_3D('',#5099,#5100,#5101);
#5099 = CARTESIAN_POINT('',(-6.12,-3.825,0.));
#5100 = DIRECTION('',(-0.707106781187,0.707106781187,0.));
#5101 = DIRECTION('',(-0.,-0.,-1.));
#5102 = DEFINITIONAL_REPRESENTATION('',(#5103),#5107);
#5103 = LINE('',#5104,#5105);
#5104 = CARTESIAN_POINT('',(-0.,0.247487373415));
#5105 = VECTOR('',#5106,1.);
#5106 = DIRECTION('',(-1.,0.));
#5107 = ( GEOMETRIC_REPRESENTATION_CONTEXT(2) 
PARAMETRIC_REPRESENTATION_CONTEXT() REPRESENTATION_CONTEXT('2D SPACE',''
  ) );
#5108 = ADVANCED_FACE('',(#5109),#5097,.F.);
#5109 = FACE_BOUND('',#5110,.T.);
#5110 = EDGE_LOOP('',(#5111,#5134,#5157,#5178));
#5111 = ORIENTED_EDGE('',*,*,#5112,.F.);
#5112 = EDGE_CURVE('',#5113,#5037,#5115,.T.);
#5113 = VERTEX_POINT('',#5114);
#5114 = CARTESIAN_POINT('',(-5.945,-3.65,0.));
#5115 = SURFACE_CURVE('',#5116,(#5120,#5127),.PCURVE_S1.);
#5116 = LINE('',#5117,#5118);
#5117 = CARTESIAN_POINT('',(-6.515,-4.22,0.));
#5118 = VECTOR('',#5119,1.);
#5119 = DIRECTION('',(-0.707106781187,-0.707106781187,0.));
#5120 = PCURVE('',#5097,#5121);
#5121 = DEFINITIONAL_REPRESENTATION('',(#5122),#5126);
#5122 = LINE('',#5123,#5124);
#5123 = CARTESIAN_POINT('',(-0.,0.558614357137));
#5124 = VECTOR('',#5125,1.);
#5125 = DIRECTION('',(-0.,1.));
#5126 = ( GEOMETRIC_REPRESENTATION_CONTEXT(2) 
PARAMETRIC_REPRESENTATION_CONTEXT() REPRESENTATION_CONTEXT('2D SPACE',''
  ) );
#5127 = PCURVE('',#4793,#5128);
#5128 = DEFINITIONAL_REPRESENTATION('',(#5129),#5133);
#5129 = LINE('',#5130,#5131);
#5130 = CARTESIAN_POINT('',(1.01,-2.32));
#5131 = VECTOR('',#5132,1.);
#5132 = DIRECTION('',(-0.707106781187,-0.707106781187));
#5133 = ( GEOMETRIC_REPRESENTATION_CONTEXT(2) 
PARAMETRIC_REPRESENTATION_CONTEXT() REPRESENTATION_CONTEXT('2D SPACE',''
  ) );
#5134 = ORIENTED_EDGE('',*,*,#5135,.T.);
#5135 = EDGE_CURVE('',#5113,#5136,#5138,.T.);
#5136 = VERTEX_POINT('',#5137);
#5137 = CARTESIAN_POINT('',(-5.945,-3.65,0.3));
#5138 = SURFACE_CURVE('',#5139,(#5143,#5150),.PCURVE_S1.);
#5139 = LINE('',#5140,#5141);
#5140 = CARTESIAN_POINT('',(-5.945,-3.65,0.));
#5141 = VECTOR('',#5142,1.);
#5142 = DIRECTION('',(0.,0.,1.));
#5143 = PCURVE('',#5097,#5144);
#5144 = DEFINITIONAL_REPRESENTATION('',(#5145),#5149);
#5145 = LINE('',#5146,#5147);
#5146 = CARTESIAN_POINT('',(-0.,-0.247487373415));
#5147 = VECTOR('',#5148,1.);
#5148 = DIRECTION('',(-1.,0.));
#5149 = ( GEOMETRIC_REPRESENTATION_CONTEXT(2) 
PARAMETRIC_REPRESENTATION_CONTEXT() REPRESENTATION_CONTEXT('2D SPACE',''
  ) );
#5150 = PCURVE('',#4765,#5151);
#5151 = DEFINITIONAL_REPRESENTATION('',(#5152),#5156);
#5152 = LINE('',#5153,#5154);
#5153 = CARTESIAN_POINT('',(0.,1.75));
#5154 = VECTOR('',#5155,1.);
#5155 = DIRECTION('',(1.,0.));
#5156 = ( GEOMETRIC_REPRESENTATION_CONTEXT(2) 
PARAMETRIC_REPRESENTATION_CONTEXT() REPRESENTATION_CONTEXT('2D SPACE',''
  ) );
#5157 = ORIENTED_EDGE('',*,*,#5158,.T.);
#5158 = EDGE_CURVE('',#5136,#5061,#5159,.T.);
#5159 = SURFACE_CURVE('',#5160,(#5164,#5171),.PCURVE_S1.);
#5160 = LINE('',#5161,#5162);
#5161 = CARTESIAN_POINT('',(-6.515,-4.22,0.3));
#5162 = VECTOR('',#5163,1.);
#5163 = DIRECTION('',(-0.707106781187,-0.707106781187,0.));
#5164 = PCURVE('',#5097,#5165);
#5165 = DEFINITIONAL_REPRESENTATION('',(#5166),#5170);
#5166 = LINE('',#5167,#5168);
#5167 = CARTESIAN_POINT('',(-0.3,0.558614357137));
#5168 = VECTOR('',#5169,1.);
#5169 = DIRECTION('',(-0.,1.));
#5170 = ( GEOMETRIC_REPRESENTATION_CONTEXT(2) 
PARAMETRIC_REPRESENTATION_CONTEXT() REPRESENTATION_CONTEXT('2D SPACE',''
  ) );
#5171 = PCURVE('',#4875,#5172);
#5172 = DEFINITIONAL_REPRESENTATION('',(#5173),#5177);
#5173 = LINE('',#5174,#5175);
#5174 = CARTESIAN_POINT('',(1.01,-0.22));
#5175 = VECTOR('',#5176,1.);
#5176 = DIRECTION('',(-0.707106781187,-0.707106781187));
#5177 = ( GEOMETRIC_REPRESENTATION_CONTEXT(2) 
PARAMETRIC_REPRESENTATION_CONTEXT() REPRESENTATION_CONTEXT('2D SPACE',''
  ) );
#5178 = ORIENTED_EDGE('',*,*,#5083,.F.);
#5179 = ADVANCED_FACE('',(#5180),#4875,.T.);
#5180 = FACE_BOUND('',#5181,.T.);
#5181 = EDGE_LOOP('',(#5182,#5183,#5184,#5185,#5186,#5209));
#5182 = ORIENTED_EDGE('',*,*,#4859,.F.);
#5183 = ORIENTED_EDGE('',*,*,#4984,.T.);
#5184 = ORIENTED_EDGE('',*,*,#5060,.T.);
#5185 = ORIENTED_EDGE('',*,*,#5158,.F.);
#5186 = ORIENTED_EDGE('',*,*,#5187,.T.);
#5187 = EDGE_CURVE('',#5136,#5188,#5190,.T.);
#5188 = VERTEX_POINT('',#5189);
#5189 = CARTESIAN_POINT('',(-5.945,-1.9,0.3));
#5190 = SURFACE_CURVE('',#5191,(#5195,#5202),.PCURVE_S1.);
#5191 = LINE('',#5192,#5193);
#5192 = CARTESIAN_POINT('',(-5.945,-4.,0.3));
#5193 = VECTOR('',#5194,1.);
#5194 = DIRECTION('',(0.,1.,0.));
#5195 = PCURVE('',#4875,#5196);
#5196 = DEFINITIONAL_REPRESENTATION('',(#5197),#5201);
#5197 = LINE('',#5198,#5199);
#5198 = CARTESIAN_POINT('',(1.58,0.));
#5199 = VECTOR('',#5200,1.);
#5200 = DIRECTION('',(0.,1.));
#5201 = ( GEOMETRIC_REPRESENTATION_CONTEXT(2) 
PARAMETRIC_REPRESENTATION_CONTEXT() REPRESENTATION_CONTEXT('2D SPACE',''
  ) );
#5202 = PCURVE('',#4765,#5203);
#5203 = DEFINITIONAL_REPRESENTATION('',(#5204),#5208);
#5204 = LINE('',#5205,#5206);
#5205 = CARTESIAN_POINT('',(0.3,2.1));
#5206 = VECTOR('',#5207,1.);
#5207 = DIRECTION('',(0.,-1.));
#5208 = ( GEOMETRIC_REPRESENTATION_CONTEXT(2) 
PARAMETRIC_REPRESENTATION_CONTEXT() REPRESENTATION_CONTEXT('2D SPACE',''
  ) );
#5209 = ORIENTED_EDGE('',*,*,#5210,.F.);
#5210 = EDGE_CURVE('',#4835,#5188,#5211,.T.);
#5211 = SURFACE_CURVE('',#5212,(#5216,#5222),.PCURVE_S1.);
#5212 = LINE('',#5213,#5214);
#5213 = CARTESIAN_POINT('',(-7.9125,-1.9,0.3));
#5214 = VECTOR('',#5215,1.);
#5215 = DIRECTION('',(1.,0.,0.));
#5216 = PCURVE('',#4875,#5217);
#5217 = DEFINITIONAL_REPRESENTATION('',(#5218),#5221);
#5218 = B_SPLINE_CURVE_WITH_KNOTS('',1,(#5219,#5220),.UNSPECIFIED.,.F.,
  .F.,(2,2),(0.3875,1.9675),.PIECEWISE_BEZIER_KNOTS.);
#5219 = CARTESIAN_POINT('',(-1.110223024625E-16,2.1));
#5220 = CARTESIAN_POINT('',(1.58,2.1));
#5221 = ( GEOMETRIC_REPRESENTATION_CONTEXT(2) 
PARAMETRIC_REPRESENTATION_CONTEXT() REPRESENTATION_CONTEXT('2D SPACE',''
  ) );
#5222 = PCURVE('',#2989,#5223);
#5223 = DEFINITIONAL_REPRESENTATION('',(#5224),#5227);
#5224 = B_SPLINE_CURVE_WITH_KNOTS('',1,(#5225,#5226),.UNSPECIFIED.,.F.,
  .F.,(2,2),(0.3875,1.9675),.PIECEWISE_BEZIER_KNOTS.);
#5225 = CARTESIAN_POINT('',(-1.3,0.775));
#5226 = CARTESIAN_POINT('',(-1.3,2.355));
#5227 = ( GEOMETRIC_REPRESENTATION_CONTEXT(2) 
PARAMETRIC_REPRESENTATION_CONTEXT() REPRESENTATION_CONTEXT('2D SPACE',''
  ) );
#5228 = ADVANCED_FACE('',(#5229),#4793,.F.);
#5229 = FACE_BOUND('',#5230,.F.);
#5230 = EDGE_LOOP('',(#5231,#5232,#5233,#5234,#5235,#5256));
#5231 = ORIENTED_EDGE('',*,*,#4915,.T.);
#5232 = ORIENTED_EDGE('',*,*,#4960,.T.);
#5233 = ORIENTED_EDGE('',*,*,#5036,.T.);
#5234 = ORIENTED_EDGE('',*,*,#5112,.F.);
#5235 = ORIENTED_EDGE('',*,*,#5236,.T.);
#5236 = EDGE_CURVE('',#5113,#4750,#5237,.T.);
#5237 = SURFACE_CURVE('',#5238,(#5242,#5249),.PCURVE_S1.);
#5238 = LINE('',#5239,#5240);
#5239 = CARTESIAN_POINT('',(-5.945,-3.65,0.));
#5240 = VECTOR('',#5241,1.);
#5241 = DIRECTION('',(0.,1.,0.));
#5242 = PCURVE('',#4793,#5243);
#5243 = DEFINITIONAL_REPRESENTATION('',(#5244),#5248);
#5244 = LINE('',#5245,#5246);
#5245 = CARTESIAN_POINT('',(1.58,-1.75));
#5246 = VECTOR('',#5247,1.);
#5247 = DIRECTION('',(0.,1.));
#5248 = ( GEOMETRIC_REPRESENTATION_CONTEXT(2) 
PARAMETRIC_REPRESENTATION_CONTEXT() REPRESENTATION_CONTEXT('2D SPACE',''
  ) );
#5249 = PCURVE('',#4765,#5250);
#5250 = DEFINITIONAL_REPRESENTATION('',(#5251),#5255);
#5251 = LINE('',#5252,#5253);
#5252 = CARTESIAN_POINT('',(0.,1.75));
#5253 = VECTOR('',#5254,1.);
#5254 = DIRECTION('',(0.,-1.));
#5255 = ( GEOMETRIC_REPRESENTATION_CONTEXT(2) 
PARAMETRIC_REPRESENTATION_CONTEXT() REPRESENTATION_CONTEXT('2D SPACE',''
  ) );
#5256 = ORIENTED_EDGE('',*,*,#4777,.F.);
#5257 = ADVANCED_FACE('',(#5258),#4765,.T.);
#5258 = FACE_BOUND('',#5259,.T.);
#5259 = EDGE_LOOP('',(#5260,#5283,#5284,#5285,#5286,#5287));
#5260 = ORIENTED_EDGE('',*,*,#5261,.F.);
#5261 = EDGE_CURVE('',#5188,#5262,#5264,.T.);
#5262 = VERTEX_POINT('',#5263);
#5263 = CARTESIAN_POINT('',(-5.945,-1.9,1.6));
#5264 = SURFACE_CURVE('',#5265,(#5269,#5276),.PCURVE_S1.);
#5265 = LINE('',#5266,#5267);
#5266 = CARTESIAN_POINT('',(-5.945,-1.9,0.));
#5267 = VECTOR('',#5268,1.);
#5268 = DIRECTION('',(0.,0.,1.));
#5269 = PCURVE('',#4765,#5270);
#5270 = DEFINITIONAL_REPRESENTATION('',(#5271),#5275);
#5271 = LINE('',#5272,#5273);
#5272 = CARTESIAN_POINT('',(0.,0.));
#5273 = VECTOR('',#5274,1.);
#5274 = DIRECTION('',(1.,0.));
#5275 = ( GEOMETRIC_REPRESENTATION_CONTEXT(2) 
PARAMETRIC_REPRESENTATION_CONTEXT() REPRESENTATION_CONTEXT('2D SPACE',''
  ) );
#5276 = PCURVE('',#2989,#5277);
#5277 = DEFINITIONAL_REPRESENTATION('',(#5278),#5282);
#5278 = LINE('',#5279,#5280);
#5279 = CARTESIAN_POINT('',(-1.6,2.355));
#5280 = VECTOR('',#5281,1.);
#5281 = DIRECTION('',(1.,0.));
#5282 = ( GEOMETRIC_REPRESENTATION_CONTEXT(2) 
PARAMETRIC_REPRESENTATION_CONTEXT() REPRESENTATION_CONTEXT('2D SPACE',''
  ) );
#5283 = ORIENTED_EDGE('',*,*,#5187,.F.);
#5284 = ORIENTED_EDGE('',*,*,#5135,.F.);
#5285 = ORIENTED_EDGE('',*,*,#5236,.T.);
#5286 = ORIENTED_EDGE('',*,*,#4749,.F.);
#5287 = ORIENTED_EDGE('',*,*,#5288,.F.);
#5288 = EDGE_CURVE('',#5262,#4722,#5289,.T.);
#5289 = SURFACE_CURVE('',#5290,(#5294,#5301),.PCURVE_S1.);
#5290 = LINE('',#5291,#5292);
#5291 = CARTESIAN_POINT('',(-5.945,-1.9,1.6));
#5292 = VECTOR('',#5293,1.);
#5293 = DIRECTION('',(0.,1.,0.));
#5294 = PCURVE('',#4765,#5295);
#5295 = DEFINITIONAL_REPRESENTATION('',(#5296),#5300);
#5296 = LINE('',#5297,#5298);
#5297 = CARTESIAN_POINT('',(1.6,0.));
#5298 = VECTOR('',#5299,1.);
#5299 = DIRECTION('',(0.,-1.));
#5300 = ( GEOMETRIC_REPRESENTATION_CONTEXT(2) 
PARAMETRIC_REPRESENTATION_CONTEXT() REPRESENTATION_CONTEXT('2D SPACE',''
  ) );
#5301 = PCURVE('',#4737,#5302);
#5302 = DEFINITIONAL_REPRESENTATION('',(#5303),#5306);
#5303 = B_SPLINE_CURVE_WITH_KNOTS('',1,(#5304,#5305),.UNSPECIFIED.,.F.,
  .F.,(2,2),(0.,0.3),.PIECEWISE_BEZIER_KNOTS.);
#5304 = CARTESIAN_POINT('',(2.355,0.));
#5305 = CARTESIAN_POINT('',(2.355,0.3));
#5306 = ( GEOMETRIC_REPRESENTATION_CONTEXT(2) 
PARAMETRIC_REPRESENTATION_CONTEXT() REPRESENTATION_CONTEXT('2D SPACE',''
  ) );
#5307 = ADVANCED_FACE('',(#5308),#4737,.F.);
#5308 = FACE_BOUND('',#5309,.F.);
#5309 = EDGE_LOOP('',(#5310,#5311,#5334,#5362,#5390,#5411));
#5310 = ORIENTED_EDGE('',*,*,#5288,.F.);
#5311 = ORIENTED_EDGE('',*,*,#5312,.T.);
#5312 = EDGE_CURVE('',#5262,#5313,#5315,.T.);
#5313 = VERTEX_POINT('',#5314);
#5314 = CARTESIAN_POINT('',(-3.7,-1.9,1.6));
#5315 = SURFACE_CURVE('',#5316,(#5320,#5327),.PCURVE_S1.);
#5316 = LINE('',#5317,#5318);
#5317 = CARTESIAN_POINT('',(-8.3,-1.9,1.6));
#5318 = VECTOR('',#5319,1.);
#5319 = DIRECTION('',(1.,4.827056628805E-17,0.));
#5320 = PCURVE('',#4737,#5321);
#5321 = DEFINITIONAL_REPRESENTATION('',(#5322),#5326);
#5322 = LINE('',#5323,#5324);
#5323 = CARTESIAN_POINT('',(0.,0.));
#5324 = VECTOR('',#5325,1.);
#5325 = DIRECTION('',(1.,4.827056628805E-17));
#5326 = ( GEOMETRIC_REPRESENTATION_CONTEXT(2) 
PARAMETRIC_REPRESENTATION_CONTEXT() REPRESENTATION_CONTEXT('2D SPACE',''
  ) );
#5327 = PCURVE('',#2989,#5328);
#5328 = DEFINITIONAL_REPRESENTATION('',(#5329),#5333);
#5329 = LINE('',#5330,#5331);
#5330 = CARTESIAN_POINT('',(0.,0.));
#5331 = VECTOR('',#5332,1.);
#5332 = DIRECTION('',(0.,1.));
#5333 = ( GEOMETRIC_REPRESENTATION_CONTEXT(2) 
PARAMETRIC_REPRESENTATION_CONTEXT() REPRESENTATION_CONTEXT('2D SPACE',''
  ) );
#5334 = ORIENTED_EDGE('',*,*,#5335,.F.);
#5335 = EDGE_CURVE('',#5336,#5313,#5338,.T.);
#5336 = VERTEX_POINT('',#5337);
#5337 = CARTESIAN_POINT('',(-3.7,-0.85,1.6));
#5338 = SURFACE_CURVE('',#5339,(#5343,#5350),.PCURVE_S1.);
#5339 = LINE('',#5340,#5341);
#5340 = CARTESIAN_POINT('',(-3.7,-0.85,1.6));
#5341 = VECTOR('',#5342,1.);
#5342 = DIRECTION('',(4.229421046191E-16,-1.,0.));
#5343 = PCURVE('',#4737,#5344);
#5344 = DEFINITIONAL_REPRESENTATION('',(#5345),#5349);
#5345 = LINE('',#5346,#5347);
#5346 = CARTESIAN_POINT('',(4.6,1.05));
#5347 = VECTOR('',#5348,1.);
#5348 = DIRECTION('',(4.229421046191E-16,-1.));
#5349 = ( GEOMETRIC_REPRESENTATION_CONTEXT(2) 
PARAMETRIC_REPRESENTATION_CONTEXT() REPRESENTATION_CONTEXT('2D SPACE',''
  ) );
#5350 = PCURVE('',#5351,#5356);
#5351 = PLANE('',#5352);
#5352 = AXIS2_PLACEMENT_3D('',#5353,#5354,#5355);
#5353 = CARTESIAN_POINT('',(-3.7,-1.9,1.6));
#5354 = DIRECTION('',(1.,0.,0.));
#5355 = DIRECTION('',(0.,0.,1.));
#5356 = DEFINITIONAL_REPRESENTATION('',(#5357),#5361);
#5357 = LINE('',#5358,#5359);
#5358 = CARTESIAN_POINT('',(0.,-1.05));
#5359 = VECTOR('',#5360,1.);
#5360 = DIRECTION('',(0.,1.));
#5361 = ( GEOMETRIC_REPRESENTATION_CONTEXT(2) 
PARAMETRIC_REPRESENTATION_CONTEXT() REPRESENTATION_CONTEXT('2D SPACE',''
  ) );
#5362 = ORIENTED_EDGE('',*,*,#5363,.F.);
#5363 = EDGE_CURVE('',#5364,#5336,#5366,.T.);
#5364 = VERTEX_POINT('',#5365);
#5365 = CARTESIAN_POINT('',(-4.,-0.85,1.6));
#5366 = SURFACE_CURVE('',#5367,(#5371,#5378),.PCURVE_S1.);
#5367 = LINE('',#5368,#5369);
#5368 = CARTESIAN_POINT('',(-4.,-0.85,1.6));
#5369 = VECTOR('',#5370,1.);
#5370 = DIRECTION('',(1.,0.,0.));
#5371 = PCURVE('',#4737,#5372);
#5372 = DEFINITIONAL_REPRESENTATION('',(#5373),#5377);
#5373 = LINE('',#5374,#5375);
#5374 = CARTESIAN_POINT('',(4.3,1.05));
#5375 = VECTOR('',#5376,1.);
#5376 = DIRECTION('',(1.,0.));
#5377 = ( GEOMETRIC_REPRESENTATION_CONTEXT(2) 
PARAMETRIC_REPRESENTATION_CONTEXT() REPRESENTATION_CONTEXT('2D SPACE',''
  ) );
#5378 = PCURVE('',#5379,#5384);
#5379 = PLANE('',#5380);
#5380 = AXIS2_PLACEMENT_3D('',#5381,#5382,#5383);
#5381 = CARTESIAN_POINT('',(-4.,-0.85,1.6));
#5382 = DIRECTION('',(0.,1.,0.));
#5383 = DIRECTION('',(0.,0.,1.));
#5384 = DEFINITIONAL_REPRESENTATION('',(#5385),#5389);
#5385 = LINE('',#5386,#5387);
#5386 = CARTESIAN_POINT('',(0.,0.));
#5387 = VECTOR('',#5388,1.);
#5388 = DIRECTION('',(0.,1.));
#5389 = ( GEOMETRIC_REPRESENTATION_CONTEXT(2) 
PARAMETRIC_REPRESENTATION_CONTEXT() REPRESENTATION_CONTEXT('2D SPACE',''
  ) );
#5390 = ORIENTED_EDGE('',*,*,#5391,.F.);
#5391 = EDGE_CURVE('',#4695,#5364,#5392,.T.);
#5392 = SURFACE_CURVE('',#5393,(#5397,#5404),.PCURVE_S1.);
#5393 = LINE('',#5394,#5395);
#5394 = CARTESIAN_POINT('',(-4.,-1.9,1.6));
#5395 = VECTOR('',#5396,1.);
#5396 = DIRECTION('',(0.,1.,0.));
#5397 = PCURVE('',#4737,#5398);
#5398 = DEFINITIONAL_REPRESENTATION('',(#5399),#5403);
#5399 = LINE('',#5400,#5401);
#5400 = CARTESIAN_POINT('',(4.3,0.));
#5401 = VECTOR('',#5402,1.);
#5402 = DIRECTION('',(0.,1.));
#5403 = ( GEOMETRIC_REPRESENTATION_CONTEXT(2) 
PARAMETRIC_REPRESENTATION_CONTEXT() REPRESENTATION_CONTEXT('2D SPACE',''
  ) );
#5404 = PCURVE('',#4710,#5405);
#5405 = DEFINITIONAL_REPRESENTATION('',(#5406),#5410);
#5406 = LINE('',#5407,#5408);
#5407 = CARTESIAN_POINT('',(0.,0.));
#5408 = VECTOR('',#5409,1.);
#5409 = DIRECTION('',(0.,-1.));
#5410 = ( GEOMETRIC_REPRESENTATION_CONTEXT(2) 
PARAMETRIC_REPRESENTATION_CONTEXT() REPRESENTATION_CONTEXT('2D SPACE',''
  ) );
#5411 = ORIENTED_EDGE('',*,*,#4721,.F.);
#5412 = ADVANCED_FACE('',(#5413),#5351,.T.);
#5413 = FACE_BOUND('',#5414,.T.);
#5414 = EDGE_LOOP('',(#5415,#5438,#5439,#5462));
#5415 = ORIENTED_EDGE('',*,*,#5416,.F.);
#5416 = EDGE_CURVE('',#5313,#5417,#5419,.T.);
#5417 = VERTEX_POINT('',#5418);
#5418 = CARTESIAN_POINT('',(-3.7,-1.9,8.3));
#5419 = SURFACE_CURVE('',#5420,(#5424,#5431),.PCURVE_S1.);
#5420 = LINE('',#5421,#5422);
#5421 = CARTESIAN_POINT('',(-3.7,-1.9,1.6));
#5422 = VECTOR('',#5423,1.);
#5423 = DIRECTION('',(0.,0.,1.));
#5424 = PCURVE('',#5351,#5425);
#5425 = DEFINITIONAL_REPRESENTATION('',(#5426),#5430);
#5426 = LINE('',#5427,#5428);
#5427 = CARTESIAN_POINT('',(0.,0.));
#5428 = VECTOR('',#5429,1.);
#5429 = DIRECTION('',(1.,0.));
#5430 = ( GEOMETRIC_REPRESENTATION_CONTEXT(2) 
PARAMETRIC_REPRESENTATION_CONTEXT() REPRESENTATION_CONTEXT('2D SPACE',''
  ) );
#5431 = PCURVE('',#2989,#5432);
#5432 = DEFINITIONAL_REPRESENTATION('',(#5433),#5437);
#5433 = LINE('',#5434,#5435);
#5434 = CARTESIAN_POINT('',(0.,4.6));
#5435 = VECTOR('',#5436,1.);
#5436 = DIRECTION('',(1.,0.));
#5437 = ( GEOMETRIC_REPRESENTATION_CONTEXT(2) 
PARAMETRIC_REPRESENTATION_CONTEXT() REPRESENTATION_CONTEXT('2D SPACE',''
  ) );
#5438 = ORIENTED_EDGE('',*,*,#5335,.F.);
#5439 = ORIENTED_EDGE('',*,*,#5440,.T.);
#5440 = EDGE_CURVE('',#5336,#5441,#5443,.T.);
#5441 = VERTEX_POINT('',#5442);
#5442 = CARTESIAN_POINT('',(-3.7,-0.85,8.3));
#5443 = SURFACE_CURVE('',#5444,(#5448,#5455),.PCURVE_S1.);
#5444 = LINE('',#5445,#5446);
#5445 = CARTESIAN_POINT('',(-3.7,-0.85,1.6));
#5446 = VECTOR('',#5447,1.);
#5447 = DIRECTION('',(0.,0.,1.));
#5448 = PCURVE('',#5351,#5449);
#5449 = DEFINITIONAL_REPRESENTATION('',(#5450),#5454);
#5450 = LINE('',#5451,#5452);
#5451 = CARTESIAN_POINT('',(0.,-1.05));
#5452 = VECTOR('',#5453,1.);
#5453 = DIRECTION('',(1.,0.));
#5454 = ( GEOMETRIC_REPRESENTATION_CONTEXT(2) 
PARAMETRIC_REPRESENTATION_CONTEXT() REPRESENTATION_CONTEXT('2D SPACE',''
  ) );
#5455 = PCURVE('',#5379,#5456);
#5456 = DEFINITIONAL_REPRESENTATION('',(#5457),#5461);
#5457 = LINE('',#5458,#5459);
#5458 = CARTESIAN_POINT('',(0.,0.3));
#5459 = VECTOR('',#5460,1.);
#5460 = DIRECTION('',(1.,0.));
#5461 = ( GEOMETRIC_REPRESENTATION_CONTEXT(2) 
PARAMETRIC_REPRESENTATION_CONTEXT() REPRESENTATION_CONTEXT('2D SPACE',''
  ) );
#5462 = ORIENTED_EDGE('',*,*,#5463,.F.);
#5463 = EDGE_CURVE('',#5417,#5441,#5464,.T.);
#5464 = SURFACE_CURVE('',#5465,(#5469,#5476),.PCURVE_S1.);
#5465 = LINE('',#5466,#5467);
#5466 = CARTESIAN_POINT('',(-3.7,-1.9,8.3));
#5467 = VECTOR('',#5468,1.);
#5468 = DIRECTION('',(-4.229421046191E-16,1.,0.));
#5469 = PCURVE('',#5351,#5470);
#5470 = DEFINITIONAL_REPRESENTATION('',(#5471),#5475);
#5471 = LINE('',#5472,#5473);
#5472 = CARTESIAN_POINT('',(6.7,-2.22044604925E-16));
#5473 = VECTOR('',#5474,1.);
#5474 = DIRECTION('',(0.,-1.));
#5475 = ( GEOMETRIC_REPRESENTATION_CONTEXT(2) 
PARAMETRIC_REPRESENTATION_CONTEXT() REPRESENTATION_CONTEXT('2D SPACE',''
  ) );
#5476 = PCURVE('',#2961,#5477);
#5477 = DEFINITIONAL_REPRESENTATION('',(#5478),#5482);
#5478 = LINE('',#5479,#5480);
#5479 = CARTESIAN_POINT('',(4.6,2.22044604925E-16));
#5480 = VECTOR('',#5481,1.);
#5481 = DIRECTION('',(-4.229421046191E-16,1.));
#5482 = ( GEOMETRIC_REPRESENTATION_CONTEXT(2) 
PARAMETRIC_REPRESENTATION_CONTEXT() REPRESENTATION_CONTEXT('2D SPACE',''
  ) );
#5483 = ADVANCED_FACE('',(#5484),#5379,.T.);
#5484 = FACE_BOUND('',#5485,.T.);
#5485 = EDGE_LOOP('',(#5486,#5487,#5510,#5531));
#5486 = ORIENTED_EDGE('',*,*,#5363,.F.);
#5487 = ORIENTED_EDGE('',*,*,#5488,.T.);
#5488 = EDGE_CURVE('',#5364,#5489,#5491,.T.);
#5489 = VERTEX_POINT('',#5490);
#5490 = CARTESIAN_POINT('',(-4.,-0.85,8.3));
#5491 = SURFACE_CURVE('',#5492,(#5496,#5503),.PCURVE_S1.);
#5492 = LINE('',#5493,#5494);
#5493 = CARTESIAN_POINT('',(-4.,-0.85,1.6));
#5494 = VECTOR('',#5495,1.);
#5495 = DIRECTION('',(0.,0.,1.));
#5496 = PCURVE('',#5379,#5497);
#5497 = DEFINITIONAL_REPRESENTATION('',(#5498),#5502);
#5498 = LINE('',#5499,#5500);
#5499 = CARTESIAN_POINT('',(0.,0.));
#5500 = VECTOR('',#5501,1.);
#5501 = DIRECTION('',(1.,0.));
#5502 = ( GEOMETRIC_REPRESENTATION_CONTEXT(2) 
PARAMETRIC_REPRESENTATION_CONTEXT() REPRESENTATION_CONTEXT('2D SPACE',''
  ) );
#5503 = PCURVE('',#4710,#5504);
#5504 = DEFINITIONAL_REPRESENTATION('',(#5505),#5509);
#5505 = LINE('',#5506,#5507);
#5506 = CARTESIAN_POINT('',(0.,-1.05));
#5507 = VECTOR('',#5508,1.);
#5508 = DIRECTION('',(1.,0.));
#5509 = ( GEOMETRIC_REPRESENTATION_CONTEXT(2) 
PARAMETRIC_REPRESENTATION_CONTEXT() REPRESENTATION_CONTEXT('2D SPACE',''
  ) );
#5510 = ORIENTED_EDGE('',*,*,#5511,.T.);
#5511 = EDGE_CURVE('',#5489,#5441,#5512,.T.);
#5512 = SURFACE_CURVE('',#5513,(#5517,#5524),.PCURVE_S1.);
#5513 = LINE('',#5514,#5515);
#5514 = CARTESIAN_POINT('',(-4.,-0.85,8.3));
#5515 = VECTOR('',#5516,1.);
#5516 = DIRECTION('',(1.,0.,0.));
#5517 = PCURVE('',#5379,#5518);
#5518 = DEFINITIONAL_REPRESENTATION('',(#5519),#5523);
#5519 = LINE('',#5520,#5521);
#5520 = CARTESIAN_POINT('',(6.7,0.));
#5521 = VECTOR('',#5522,1.);
#5522 = DIRECTION('',(0.,1.));
#5523 = ( GEOMETRIC_REPRESENTATION_CONTEXT(2) 
PARAMETRIC_REPRESENTATION_CONTEXT() REPRESENTATION_CONTEXT('2D SPACE',''
  ) );
#5524 = PCURVE('',#2961,#5525);
#5525 = DEFINITIONAL_REPRESENTATION('',(#5526),#5530);
#5526 = LINE('',#5527,#5528);
#5527 = CARTESIAN_POINT('',(4.3,1.05));
#5528 = VECTOR('',#5529,1.);
#5529 = DIRECTION('',(1.,0.));
#5530 = ( GEOMETRIC_REPRESENTATION_CONTEXT(2) 
PARAMETRIC_REPRESENTATION_CONTEXT() REPRESENTATION_CONTEXT('2D SPACE',''
  ) );
#5531 = ORIENTED_EDGE('',*,*,#5440,.F.);
#5532 = ADVANCED_FACE('',(#5533),#4710,.F.);
#5533 = FACE_BOUND('',#5534,.F.);
#5534 = EDGE_LOOP('',(#5535,#5556,#5557,#5558));
#5535 = ORIENTED_EDGE('',*,*,#5536,.F.);
#5536 = EDGE_CURVE('',#4672,#5489,#5537,.T.);
#5537 = SURFACE_CURVE('',#5538,(#5542,#5549),.PCURVE_S1.);
#5538 = LINE('',#5539,#5540);
#5539 = CARTESIAN_POINT('',(-4.,-1.9,8.3));
#5540 = VECTOR('',#5541,1.);
#5541 = DIRECTION('',(0.,1.,0.));
#5542 = PCURVE('',#4710,#5543);
#5543 = DEFINITIONAL_REPRESENTATION('',(#5544),#5548);
#5544 = LINE('',#5545,#5546);
#5545 = CARTESIAN_POINT('',(6.7,0.));
#5546 = VECTOR('',#5547,1.);
#5547 = DIRECTION('',(0.,-1.));
#5548 = ( GEOMETRIC_REPRESENTATION_CONTEXT(2) 
PARAMETRIC_REPRESENTATION_CONTEXT() REPRESENTATION_CONTEXT('2D SPACE',''
  ) );
#5549 = PCURVE('',#2961,#5550);
#5550 = DEFINITIONAL_REPRESENTATION('',(#5551),#5555);
#5551 = LINE('',#5552,#5553);
#5552 = CARTESIAN_POINT('',(4.3,0.));
#5553 = VECTOR('',#5554,1.);
#5554 = DIRECTION('',(0.,1.));
#5555 = ( GEOMETRIC_REPRESENTATION_CONTEXT(2) 
PARAMETRIC_REPRESENTATION_CONTEXT() REPRESENTATION_CONTEXT('2D SPACE',''
  ) );
#5556 = ORIENTED_EDGE('',*,*,#4694,.T.);
#5557 = ORIENTED_EDGE('',*,*,#5391,.T.);
#5558 = ORIENTED_EDGE('',*,*,#5488,.T.);
#5559 = ADVANCED_FACE('',(#5560),#3149,.F.);
#5560 = FACE_BOUND('',#5561,.F.);
#5561 = EDGE_LOOP('',(#5562,#5582,#5583,#5584,#5585,#5586));
#5562 = ORIENTED_EDGE('',*,*,#5563,.F.);
#5563 = EDGE_CURVE('',#3546,#3134,#5564,.T.);
#5564 = SURFACE_CURVE('',#5565,(#5569,#5575),.PCURVE_S1.);
#5565 = LINE('',#5566,#5567);
#5566 = CARTESIAN_POINT('',(-5.945,-0.15,1.6));
#5567 = VECTOR('',#5568,1.);
#5568 = DIRECTION('',(0.,1.,0.));
#5569 = PCURVE('',#3149,#5570);
#5570 = DEFINITIONAL_REPRESENTATION('',(#5571),#5574);
#5571 = B_SPLINE_CURVE_WITH_KNOTS('',1,(#5572,#5573),.UNSPECIFIED.,.F.,
  .F.,(2,2),(1.75,2.05),.PIECEWISE_BEZIER_KNOTS.);
#5572 = CARTESIAN_POINT('',(2.355,3.5));
#5573 = CARTESIAN_POINT('',(2.355,3.8));
#5574 = ( GEOMETRIC_REPRESENTATION_CONTEXT(2) 
PARAMETRIC_REPRESENTATION_CONTEXT() REPRESENTATION_CONTEXT('2D SPACE',''
  ) );
#5575 = PCURVE('',#3177,#5576);
#5576 = DEFINITIONAL_REPRESENTATION('',(#5577),#5581);
#5577 = LINE('',#5578,#5579);
#5578 = CARTESIAN_POINT('',(1.6,1.75));
#5579 = VECTOR('',#5580,1.);
#5580 = DIRECTION('',(0.,-1.));
#5581 = ( GEOMETRIC_REPRESENTATION_CONTEXT(2) 
PARAMETRIC_REPRESENTATION_CONTEXT() REPRESENTATION_CONTEXT('2D SPACE',''
  ) );
#5582 = ORIENTED_EDGE('',*,*,#3545,.T.);
#5583 = ORIENTED_EDGE('',*,*,#3420,.F.);
#5584 = ORIENTED_EDGE('',*,*,#3320,.T.);
#5585 = ORIENTED_EDGE('',*,*,#3295,.F.);
#5586 = ORIENTED_EDGE('',*,*,#3133,.F.);
#5587 = ADVANCED_FACE('',(#5588),#3177,.T.);
#5588 = FACE_BOUND('',#5589,.T.);
#5589 = EDGE_LOOP('',(#5590,#5591,#5592,#5593,#5614,#5615));
#5590 = ORIENTED_EDGE('',*,*,#3568,.F.);
#5591 = ORIENTED_EDGE('',*,*,#3644,.T.);
#5592 = ORIENTED_EDGE('',*,*,#3896,.T.);
#5593 = ORIENTED_EDGE('',*,*,#5594,.F.);
#5594 = EDGE_CURVE('',#3162,#3897,#5595,.T.);
#5595 = SURFACE_CURVE('',#5596,(#5600,#5607),.PCURVE_S1.);
#5596 = LINE('',#5597,#5598);
#5597 = CARTESIAN_POINT('',(-5.945,1.6,0.3));
#5598 = VECTOR('',#5599,1.);
#5599 = DIRECTION('',(0.,1.,0.));
#5600 = PCURVE('',#3177,#5601);
#5601 = DEFINITIONAL_REPRESENTATION('',(#5602),#5606);
#5602 = LINE('',#5603,#5604);
#5603 = CARTESIAN_POINT('',(0.3,2.22044604925E-16));
#5604 = VECTOR('',#5605,1.);
#5605 = DIRECTION('',(0.,-1.));
#5606 = ( GEOMETRIC_REPRESENTATION_CONTEXT(2) 
PARAMETRIC_REPRESENTATION_CONTEXT() REPRESENTATION_CONTEXT('2D SPACE',''
  ) );
#5607 = PCURVE('',#3204,#5608);
#5608 = DEFINITIONAL_REPRESENTATION('',(#5609),#5613);
#5609 = LINE('',#5610,#5611);
#5610 = CARTESIAN_POINT('',(1.58,0.));
#5611 = VECTOR('',#5612,1.);
#5612 = DIRECTION('',(0.,1.));
#5613 = ( GEOMETRIC_REPRESENTATION_CONTEXT(2) 
PARAMETRIC_REPRESENTATION_CONTEXT() REPRESENTATION_CONTEXT('2D SPACE',''
  ) );
#5614 = ORIENTED_EDGE('',*,*,#3161,.T.);
#5615 = ORIENTED_EDGE('',*,*,#5563,.F.);
#5616 = ADVANCED_FACE('',(#5617),#3204,.T.);
#5617 = FACE_BOUND('',#5618,.T.);
#5618 = EDGE_LOOP('',(#5619,#5640,#5641,#5642,#5643,#5644));
#5619 = ORIENTED_EDGE('',*,*,#5620,.F.);
#5620 = EDGE_CURVE('',#3190,#3777,#5621,.T.);
#5621 = SURFACE_CURVE('',#5622,(#5626,#5633),.PCURVE_S1.);
#5622 = LINE('',#5623,#5624);
#5623 = CARTESIAN_POINT('',(-7.525,1.6,0.3));
#5624 = VECTOR('',#5625,1.);
#5625 = DIRECTION('',(0.,1.,0.));
#5626 = PCURVE('',#3204,#5627);
#5627 = DEFINITIONAL_REPRESENTATION('',(#5628),#5632);
#5628 = LINE('',#5629,#5630);
#5629 = CARTESIAN_POINT('',(0.,0.));
#5630 = VECTOR('',#5631,1.);
#5631 = DIRECTION('',(0.,1.));
#5632 = ( GEOMETRIC_REPRESENTATION_CONTEXT(2) 
PARAMETRIC_REPRESENTATION_CONTEXT() REPRESENTATION_CONTEXT('2D SPACE',''
  ) );
#5633 = PCURVE('',#3229,#5634);
#5634 = DEFINITIONAL_REPRESENTATION('',(#5635),#5639);
#5635 = LINE('',#5636,#5637);
#5636 = CARTESIAN_POINT('',(0.3,2.22044604925E-16));
#5637 = VECTOR('',#5638,1.);
#5638 = DIRECTION('',(0.,-1.));
#5639 = ( GEOMETRIC_REPRESENTATION_CONTEXT(2) 
PARAMETRIC_REPRESENTATION_CONTEXT() REPRESENTATION_CONTEXT('2D SPACE',''
  ) );
#5640 = ORIENTED_EDGE('',*,*,#3189,.T.);
#5641 = ORIENTED_EDGE('',*,*,#5594,.T.);
#5642 = ORIENTED_EDGE('',*,*,#3919,.T.);
#5643 = ORIENTED_EDGE('',*,*,#3848,.F.);
#5644 = ORIENTED_EDGE('',*,*,#3799,.F.);
#5645 = ADVANCED_FACE('',(#5646),#3229,.F.);
#5646 = FACE_BOUND('',#5647,.F.);
#5647 = EDGE_LOOP('',(#5648,#5649,#5650,#5651,#5652,#5653));
#5648 = ORIENTED_EDGE('',*,*,#3619,.T.);
#5649 = ORIENTED_EDGE('',*,*,#3751,.F.);
#5650 = ORIENTED_EDGE('',*,*,#3776,.T.);
#5651 = ORIENTED_EDGE('',*,*,#5620,.F.);
#5652 = ORIENTED_EDGE('',*,*,#3215,.T.);
#5653 = ORIENTED_EDGE('',*,*,#5654,.F.);
#5654 = EDGE_CURVE('',#3474,#3059,#5655,.T.);
#5655 = SURFACE_CURVE('',#5656,(#5660,#5667),.PCURVE_S1.);
#5656 = LINE('',#5657,#5658);
#5657 = CARTESIAN_POINT('',(-7.525,-0.15,1.6));
#5658 = VECTOR('',#5659,1.);
#5659 = DIRECTION('',(0.,1.,0.));
#5660 = PCURVE('',#3229,#5661);
#5661 = DEFINITIONAL_REPRESENTATION('',(#5662),#5666);
#5662 = LINE('',#5663,#5664);
#5663 = CARTESIAN_POINT('',(1.6,1.75));
#5664 = VECTOR('',#5665,1.);
#5665 = DIRECTION('',(0.,-1.));
#5666 = ( GEOMETRIC_REPRESENTATION_CONTEXT(2) 
PARAMETRIC_REPRESENTATION_CONTEXT() REPRESENTATION_CONTEXT('2D SPACE',''
  ) );
#5667 = PCURVE('',#3017,#5668);
#5668 = DEFINITIONAL_REPRESENTATION('',(#5669),#5673);
#5669 = LINE('',#5670,#5671);
#5670 = CARTESIAN_POINT('',(0.775,1.75));
#5671 = VECTOR('',#5672,1.);
#5672 = DIRECTION('',(0.,1.));
#5673 = ( GEOMETRIC_REPRESENTATION_CONTEXT(2) 
PARAMETRIC_REPRESENTATION_CONTEXT() REPRESENTATION_CONTEXT('2D SPACE',''
  ) );
#5674 = ADVANCED_FACE('',(#5675),#3017,.F.);
#5675 = FACE_BOUND('',#5676,.F.);
#5676 = EDGE_LOOP('',(#5677,#5678,#5699,#5700,#5701,#5702,#5703,#5704));
#5677 = ORIENTED_EDGE('',*,*,#3001,.T.);
#5678 = ORIENTED_EDGE('',*,*,#5679,.T.);
#5679 = EDGE_CURVE('',#2974,#4837,#5680,.T.);
#5680 = SURFACE_CURVE('',#5681,(#5685,#5692),.PCURVE_S1.);
#5681 = LINE('',#5682,#5683);
#5682 = CARTESIAN_POINT('',(-8.3,-1.9,1.6));
#5683 = VECTOR('',#5684,1.);
#5684 = DIRECTION('',(1.,4.827056628805E-17,0.));
#5685 = PCURVE('',#3017,#5686);
#5686 = DEFINITIONAL_REPRESENTATION('',(#5687),#5691);
#5687 = LINE('',#5688,#5689);
#5688 = CARTESIAN_POINT('',(0.,0.));
#5689 = VECTOR('',#5690,1.);
#5690 = DIRECTION('',(1.,4.827056628805E-17));
#5691 = ( GEOMETRIC_REPRESENTATION_CONTEXT(2) 
PARAMETRIC_REPRESENTATION_CONTEXT() REPRESENTATION_CONTEXT('2D SPACE',''
  ) );
#5692 = PCURVE('',#2989,#5693);
#5693 = DEFINITIONAL_REPRESENTATION('',(#5694),#5698);
#5694 = LINE('',#5695,#5696);
#5695 = CARTESIAN_POINT('',(0.,0.));
#5696 = VECTOR('',#5697,1.);
#5697 = DIRECTION('',(0.,1.));
#5698 = ( GEOMETRIC_REPRESENTATION_CONTEXT(2) 
PARAMETRIC_REPRESENTATION_CONTEXT() REPRESENTATION_CONTEXT('2D SPACE',''
  ) );
#5699 = ORIENTED_EDGE('',*,*,#4937,.T.);
#5700 = ORIENTED_EDGE('',*,*,#4647,.F.);
#5701 = ORIENTED_EDGE('',*,*,#3994,.T.);
#5702 = ORIENTED_EDGE('',*,*,#3471,.T.);
#5703 = ORIENTED_EDGE('',*,*,#5654,.T.);
#5704 = ORIENTED_EDGE('',*,*,#3058,.F.);
#5705 = ADVANCED_FACE('',(#5706),#2989,.F.);
#5706 = FACE_BOUND('',#5707,.F.);
#5707 = EDGE_LOOP('',(#5708,#5709,#5710,#5731,#5732,#5733,#5734,#5735));
#5708 = ORIENTED_EDGE('',*,*,#5679,.F.);
#5709 = ORIENTED_EDGE('',*,*,#2973,.T.);
#5710 = ORIENTED_EDGE('',*,*,#5711,.T.);
#5711 = EDGE_CURVE('',#2939,#5417,#5712,.T.);
#5712 = SURFACE_CURVE('',#5713,(#5717,#5724),.PCURVE_S1.);
#5713 = LINE('',#5714,#5715);
#5714 = CARTESIAN_POINT('',(-8.3,-1.9,8.3));
#5715 = VECTOR('',#5716,1.);
#5716 = DIRECTION('',(1.,4.827056628805E-17,0.));
#5717 = PCURVE('',#2989,#5718);
#5718 = DEFINITIONAL_REPRESENTATION('',(#5719),#5723);
#5719 = LINE('',#5720,#5721);
#5720 = CARTESIAN_POINT('',(6.7,0.));
#5721 = VECTOR('',#5722,1.);
#5722 = DIRECTION('',(0.,1.));
#5723 = ( GEOMETRIC_REPRESENTATION_CONTEXT(2) 
PARAMETRIC_REPRESENTATION_CONTEXT() REPRESENTATION_CONTEXT('2D SPACE',''
  ) );
#5724 = PCURVE('',#2961,#5725);
#5725 = DEFINITIONAL_REPRESENTATION('',(#5726),#5730);
#5726 = LINE('',#5727,#5728);
#5727 = CARTESIAN_POINT('',(0.,0.));
#5728 = VECTOR('',#5729,1.);
#5729 = DIRECTION('',(1.,4.827056628805E-17));
#5730 = ( GEOMETRIC_REPRESENTATION_CONTEXT(2) 
PARAMETRIC_REPRESENTATION_CONTEXT() REPRESENTATION_CONTEXT('2D SPACE',''
  ) );
#5731 = ORIENTED_EDGE('',*,*,#5416,.F.);
#5732 = ORIENTED_EDGE('',*,*,#5312,.F.);
#5733 = ORIENTED_EDGE('',*,*,#5261,.F.);
#5734 = ORIENTED_EDGE('',*,*,#5210,.F.);
#5735 = ORIENTED_EDGE('',*,*,#4834,.T.);
#5736 = ADVANCED_FACE('',(#5737),#2961,.T.);
#5737 = FACE_BOUND('',#5738,.T.);
#5738 = EDGE_LOOP('',(#5739,#5740,#5741,#5742,#5743,#5744,#5745,#5746,
    #5747,#5748,#5749,#5750));
#5739 = ORIENTED_EDGE('',*,*,#2938,.F.);
#5740 = ORIENTED_EDGE('',*,*,#5711,.T.);
#5741 = ORIENTED_EDGE('',*,*,#5463,.T.);
#5742 = ORIENTED_EDGE('',*,*,#5511,.F.);
#5743 = ORIENTED_EDGE('',*,*,#5536,.F.);
#5744 = ORIENTED_EDGE('',*,*,#4671,.F.);
#5745 = ORIENTED_EDGE('',*,*,#3944,.T.);
#5746 = ORIENTED_EDGE('',*,*,#3523,.T.);
#5747 = ORIENTED_EDGE('',*,*,#3396,.F.);
#5748 = ORIENTED_EDGE('',*,*,#3371,.T.);
#5749 = ORIENTED_EDGE('',*,*,#3244,.T.);
#5750 = ORIENTED_EDGE('',*,*,#3082,.T.);
#5751 = ( GEOMETRIC_REPRESENTATION_CONTEXT(3) 
GLOBAL_UNCERTAINTY_ASSIGNED_CONTEXT((#5755)) 
GLOBAL_UNIT_ASSIGNED_CONTEXT((#5752,#5753,#5754)) REPRESENTATION_CONTEXT
('Context #1','3D Context with UNIT and UNCERTAINTY') );
#5752 = ( LENGTH_UNIT() NAMED_UNIT(*) SI_UNIT(.MILLI.,.METRE.) );
#5753 = ( NAMED_UNIT(*) PLANE_ANGLE_UNIT() SI_UNIT($,.RADIAN.) );
#5754 = ( NAMED_UNIT(*) SI_UNIT($,.STERADIAN.) SOLID_ANGLE_UNIT() );
#5755 = UNCERTAINTY_MEASURE_WITH_UNIT(LENGTH_MEASURE(2.E-05),#5752,
  'distance_accuracy_value','confusion accuracy');
#5756 = CONTEXT_DEPENDENT_SHAPE_REPRESENTATION(#5757,#5759);
#5757 = ( REPRESENTATION_RELATIONSHIP('','',#2931,#10) 
REPRESENTATION_RELATIONSHIP_WITH_TRANSFORMATION(#5758) 
SHAPE_REPRESENTATION_RELATIONSHIP() );
#5758 = ITEM_DEFINED_TRANSFORMATION('','',#11,#19);
#5759 = PRODUCT_DEFINITION_SHAPE('Placement','Placement of an item',
  #5760);
#5760 = NEXT_ASSEMBLY_USAGE_OCCURRENCE('2','clip_left','',#5,#2926,$);
#5761 = PRODUCT_RELATED_PRODUCT_CATEGORY('part',$,(#2928));
#5762 = SHAPE_DEFINITION_REPRESENTATION(#5763,#5769);
#5763 = PRODUCT_DEFINITION_SHAPE('','',#5764);
#5764 = PRODUCT_DEFINITION('design','',#5765,#5768);
#5765 = PRODUCT_DEFINITION_FORMATION('','',#5766);
#5766 = PRODUCT('clip_right','clip_right','',(#5767));
#5767 = PRODUCT_CONTEXT('',#2,'mechanical');
#5768 = PRODUCT_DEFINITION_CONTEXT('part definition',#2,'design');
#5769 = ADVANCED_BREP_SHAPE_REPRESENTATION('',(#11,#5770),#8589);
#5770 = MANIFOLD_SOLID_BREP('',#5771);
#5771 = CLOSED_SHELL('',(#5772,#6116,#6302,#6469,#6601,#6731,#6802,#6851
    ,#6950,#7067,#7094,#7123,#7228,#7355,#7426,#7475,#7502,#7531,#7581,
    #7676,#7703,#7730,#7756,#7786,#8024,#8100,#8171,#8198,#8225,#8232,
    #8308,#8379,#8406,#8433,#8440,#8470,#8497,#8524,#8551,#8582));
#5772 = ADVANCED_FACE('',(#5773),#5787,.T.);
#5773 = FACE_BOUND('',#5774,.T.);
#5774 = EDGE_LOOP('',(#5775,#5810,#5838,#5866,#5894,#5922,#5950,#5978,
    #6006,#6034,#6062,#6090));
#5775 = ORIENTED_EDGE('',*,*,#5776,.T.);
#5776 = EDGE_CURVE('',#5777,#5779,#5781,.T.);
#5777 = VERTEX_POINT('',#5778);
#5778 = CARTESIAN_POINT('',(8.3,-1.9,8.3));
#5779 = VERTEX_POINT('',#5780);
#5780 = CARTESIAN_POINT('',(8.3,1.9,8.3));
#5781 = SURFACE_CURVE('',#5782,(#5786,#5798),.PCURVE_S1.);
#5782 = LINE('',#5783,#5784);
#5783 = CARTESIAN_POINT('',(8.3,-1.9,8.3));
#5784 = VECTOR('',#5785,1.);
#5785 = DIRECTION('',(0.,1.,0.));
#5786 = PCURVE('',#5787,#5792);
#5787 = PLANE('',#5788);
#5788 = AXIS2_PLACEMENT_3D('',#5789,#5790,#5791);
#5789 = CARTESIAN_POINT('',(8.,-1.9,8.3));
#5790 = DIRECTION('',(0.,0.,1.));
#5791 = DIRECTION('',(1.,0.,0.));
#5792 = DEFINITIONAL_REPRESENTATION('',(#5793),#5797);
#5793 = LINE('',#5794,#5795);
#5794 = CARTESIAN_POINT('',(0.3,0.));
#5795 = VECTOR('',#5796,1.);
#5796 = DIRECTION('',(0.,1.));
#5797 = ( GEOMETRIC_REPRESENTATION_CONTEXT(2) 
PARAMETRIC_REPRESENTATION_CONTEXT() REPRESENTATION_CONTEXT('2D SPACE',''
  ) );
#5798 = PCURVE('',#5799,#5804);
#5799 = PLANE('',#5800);
#5800 = AXIS2_PLACEMENT_3D('',#5801,#5802,#5803);
#5801 = CARTESIAN_POINT('',(8.3,-1.9,1.6));
#5802 = DIRECTION('',(1.,0.,0.));
#5803 = DIRECTION('',(0.,0.,1.));
#5804 = DEFINITIONAL_REPRESENTATION('',(#5805),#5809);
#5805 = LINE('',#5806,#5807);
#5806 = CARTESIAN_POINT('',(6.7,0.));
#5807 = VECTOR('',#5808,1.);
#5808 = DIRECTION('',(0.,-1.));
#5809 = ( GEOMETRIC_REPRESENTATION_CONTEXT(2) 
PARAMETRIC_REPRESENTATION_CONTEXT() REPRESENTATION_CONTEXT('2D SPACE',''
  ) );
#5810 = ORIENTED_EDGE('',*,*,#5811,.T.);
#5811 = EDGE_CURVE('',#5779,#5812,#5814,.T.);
#5812 = VERTEX_POINT('',#5813);
#5813 = CARTESIAN_POINT('',(3.7,1.9,8.3));
#5814 = SURFACE_CURVE('',#5815,(#5819,#5826),.PCURVE_S1.);
#5815 = LINE('',#5816,#5817);
#5816 = CARTESIAN_POINT('',(8.3,1.9,8.3));
#5817 = VECTOR('',#5818,1.);
#5818 = DIRECTION('',(-1.,-4.827056628805E-17,0.));
#5819 = PCURVE('',#5787,#5820);
#5820 = DEFINITIONAL_REPRESENTATION('',(#5821),#5825);
#5821 = LINE('',#5822,#5823);
#5822 = CARTESIAN_POINT('',(0.3,3.8));
#5823 = VECTOR('',#5824,1.);
#5824 = DIRECTION('',(-1.,-4.827056628805E-17));
#5825 = ( GEOMETRIC_REPRESENTATION_CONTEXT(2) 
PARAMETRIC_REPRESENTATION_CONTEXT() REPRESENTATION_CONTEXT('2D SPACE',''
  ) );
#5826 = PCURVE('',#5827,#5832);
#5827 = PLANE('',#5828);
#5828 = AXIS2_PLACEMENT_3D('',#5829,#5830,#5831);
#5829 = CARTESIAN_POINT('',(8.,1.9,1.6));
#5830 = DIRECTION('',(0.,1.,0.));
#5831 = DIRECTION('',(0.,0.,1.));
#5832 = DEFINITIONAL_REPRESENTATION('',(#5833),#5837);
#5833 = LINE('',#5834,#5835);
#5834 = CARTESIAN_POINT('',(6.7,0.3));
#5835 = VECTOR('',#5836,1.);
#5836 = DIRECTION('',(0.,-1.));
#5837 = ( GEOMETRIC_REPRESENTATION_CONTEXT(2) 
PARAMETRIC_REPRESENTATION_CONTEXT() REPRESENTATION_CONTEXT('2D SPACE',''
  ) );
#5838 = ORIENTED_EDGE('',*,*,#5839,.T.);
#5839 = EDGE_CURVE('',#5812,#5840,#5842,.T.);
#5840 = VERTEX_POINT('',#5841);
#5841 = CARTESIAN_POINT('',(3.7,0.85,8.3));
#5842 = SURFACE_CURVE('',#5843,(#5847,#5854),.PCURVE_S1.);
#5843 = LINE('',#5844,#5845);
#5844 = CARTESIAN_POINT('',(3.7,1.9,8.3));
#5845 = VECTOR('',#5846,1.);
#5846 = DIRECTION('',(-4.229421046191E-16,-1.,0.));
#5847 = PCURVE('',#5787,#5848);
#5848 = DEFINITIONAL_REPRESENTATION('',(#5849),#5853);
#5849 = LINE('',#5850,#5851);
#5850 = CARTESIAN_POINT('',(-4.3,3.8));
#5851 = VECTOR('',#5852,1.);
#5852 = DIRECTION('',(-4.229421046191E-16,-1.));
#5853 = ( GEOMETRIC_REPRESENTATION_CONTEXT(2) 
PARAMETRIC_REPRESENTATION_CONTEXT() REPRESENTATION_CONTEXT('2D SPACE',''
  ) );
#5854 = PCURVE('',#5855,#5860);
#5855 = PLANE('',#5856);
#5856 = AXIS2_PLACEMENT_3D('',#5857,#5858,#5859);
#5857 = CARTESIAN_POINT('',(3.7,1.6,1.6));
#5858 = DIRECTION('',(1.,0.,0.));
#5859 = DIRECTION('',(0.,0.,1.));
#5860 = DEFINITIONAL_REPRESENTATION('',(#5861),#5865);
#5861 = LINE('',#5862,#5863);
#5862 = CARTESIAN_POINT('',(6.7,-0.3));
#5863 = VECTOR('',#5864,1.);
#5864 = DIRECTION('',(0.,1.));
#5865 = ( GEOMETRIC_REPRESENTATION_CONTEXT(2) 
PARAMETRIC_REPRESENTATION_CONTEXT() REPRESENTATION_CONTEXT('2D SPACE',''
  ) );
#5866 = ORIENTED_EDGE('',*,*,#5867,.T.);
#5867 = EDGE_CURVE('',#5840,#5868,#5870,.T.);
#5868 = VERTEX_POINT('',#5869);
#5869 = CARTESIAN_POINT('',(4.,0.85,8.3));
#5870 = SURFACE_CURVE('',#5871,(#5875,#5882),.PCURVE_S1.);
#5871 = LINE('',#5872,#5873);
#5872 = CARTESIAN_POINT('',(3.7,0.85,8.3));
#5873 = VECTOR('',#5874,1.);
#5874 = DIRECTION('',(1.,0.,0.));
#5875 = PCURVE('',#5787,#5876);
#5876 = DEFINITIONAL_REPRESENTATION('',(#5877),#5881);
#5877 = LINE('',#5878,#5879);
#5878 = CARTESIAN_POINT('',(-4.3,2.75));
#5879 = VECTOR('',#5880,1.);
#5880 = DIRECTION('',(1.,0.));
#5881 = ( GEOMETRIC_REPRESENTATION_CONTEXT(2) 
PARAMETRIC_REPRESENTATION_CONTEXT() REPRESENTATION_CONTEXT('2D SPACE',''
  ) );
#5882 = PCURVE('',#5883,#5888);
#5883 = PLANE('',#5884);
#5884 = AXIS2_PLACEMENT_3D('',#5885,#5886,#5887);
#5885 = CARTESIAN_POINT('',(3.7,0.85,1.6));
#5886 = DIRECTION('',(0.,1.,0.));
#5887 = DIRECTION('',(0.,0.,1.));
#5888 = DEFINITIONAL_REPRESENTATION('',(#5889),#5893);
#5889 = LINE('',#5890,#5891);
#5890 = CARTESIAN_POINT('',(6.7,0.));
#5891 = VECTOR('',#5892,1.);
#5892 = DIRECTION('',(0.,1.));
#5893 = ( GEOMETRIC_REPRESENTATION_CONTEXT(2) 
PARAMETRIC_REPRESENTATION_CONTEXT() REPRESENTATION_CONTEXT('2D SPACE',''
  ) );
#5894 = ORIENTED_EDGE('',*,*,#5895,.T.);
#5895 = EDGE_CURVE('',#5868,#5896,#5898,.T.);
#5896 = VERTEX_POINT('',#5897);
#5897 = CARTESIAN_POINT('',(4.,1.6,8.3));
#5898 = SURFACE_CURVE('',#5899,(#5903,#5910),.PCURVE_S1.);
#5899 = LINE('',#5900,#5901);
#5900 = CARTESIAN_POINT('',(4.,0.85,8.3));
#5901 = VECTOR('',#5902,1.);
#5902 = DIRECTION('',(0.,1.,0.));
#5903 = PCURVE('',#5787,#5904);
#5904 = DEFINITIONAL_REPRESENTATION('',(#5905),#5909);
#5905 = LINE('',#5906,#5907);
#5906 = CARTESIAN_POINT('',(-4.,2.75));
#5907 = VECTOR('',#5908,1.);
#5908 = DIRECTION('',(0.,1.));
#5909 = ( GEOMETRIC_REPRESENTATION_CONTEXT(2) 
PARAMETRIC_REPRESENTATION_CONTEXT() REPRESENTATION_CONTEXT('2D SPACE',''
  ) );
#5910 = PCURVE('',#5911,#5916);
#5911 = PLANE('',#5912);
#5912 = AXIS2_PLACEMENT_3D('',#5913,#5914,#5915);
#5913 = CARTESIAN_POINT('',(4.,0.85,1.6));
#5914 = DIRECTION('',(1.,0.,0.));
#5915 = DIRECTION('',(0.,0.,1.));
#5916 = DEFINITIONAL_REPRESENTATION('',(#5917),#5921);
#5917 = LINE('',#5918,#5919);
#5918 = CARTESIAN_POINT('',(6.7,0.));
#5919 = VECTOR('',#5920,1.);
#5920 = DIRECTION('',(0.,-1.));
#5921 = ( GEOMETRIC_REPRESENTATION_CONTEXT(2) 
PARAMETRIC_REPRESENTATION_CONTEXT() REPRESENTATION_CONTEXT('2D SPACE',''
  ) );
#5922 = ORIENTED_EDGE('',*,*,#5923,.T.);
#5923 = EDGE_CURVE('',#5896,#5924,#5926,.T.);
#5924 = VERTEX_POINT('',#5925);
#5925 = CARTESIAN_POINT('',(8.,1.6,8.3));
#5926 = SURFACE_CURVE('',#5927,(#5931,#5938),.PCURVE_S1.);
#5927 = LINE('',#5928,#5929);
#5928 = CARTESIAN_POINT('',(3.7,1.6,8.3));
#5929 = VECTOR('',#5930,1.);
#5930 = DIRECTION('',(1.,0.,0.));
#5931 = PCURVE('',#5787,#5932);
#5932 = DEFINITIONAL_REPRESENTATION('',(#5933),#5937);
#5933 = LINE('',#5934,#5935);
#5934 = CARTESIAN_POINT('',(-4.3,3.5));
#5935 = VECTOR('',#5936,1.);
#5936 = DIRECTION('',(1.,0.));
#5937 = ( GEOMETRIC_REPRESENTATION_CONTEXT(2) 
PARAMETRIC_REPRESENTATION_CONTEXT() REPRESENTATION_CONTEXT('2D SPACE',''
  ) );
#5938 = PCURVE('',#5939,#5944);
#5939 = PLANE('',#5940);
#5940 = AXIS2_PLACEMENT_3D('',#5941,#5942,#5943);
#5941 = CARTESIAN_POINT('',(3.7,1.6,1.6));
#5942 = DIRECTION('',(0.,1.,0.));
#5943 = DIRECTION('',(0.,0.,1.));
#5944 = DEFINITIONAL_REPRESENTATION('',(#5945),#5949);
#5945 = LINE('',#5946,#5947);
#5946 = CARTESIAN_POINT('',(6.7,0.));
#5947 = VECTOR('',#5948,1.);
#5948 = DIRECTION('',(0.,1.));
#5949 = ( GEOMETRIC_REPRESENTATION_CONTEXT(2) 
PARAMETRIC_REPRESENTATION_CONTEXT() REPRESENTATION_CONTEXT('2D SPACE',''
  ) );
#5950 = ORIENTED_EDGE('',*,*,#5951,.F.);
#5951 = EDGE_CURVE('',#5952,#5924,#5954,.T.);
#5952 = VERTEX_POINT('',#5953);
#5953 = CARTESIAN_POINT('',(8.,-1.6,8.3));
#5954 = SURFACE_CURVE('',#5955,(#5959,#5966),.PCURVE_S1.);
#5955 = LINE('',#5956,#5957);
#5956 = CARTESIAN_POINT('',(8.,-1.9,8.3));
#5957 = VECTOR('',#5958,1.);
#5958 = DIRECTION('',(0.,1.,0.));
#5959 = PCURVE('',#5787,#5960);
#5960 = DEFINITIONAL_REPRESENTATION('',(#5961),#5965);
#5961 = LINE('',#5962,#5963);
#5962 = CARTESIAN_POINT('',(0.,0.));
#5963 = VECTOR('',#5964,1.);
#5964 = DIRECTION('',(0.,1.));
#5965 = ( GEOMETRIC_REPRESENTATION_CONTEXT(2) 
PARAMETRIC_REPRESENTATION_CONTEXT() REPRESENTATION_CONTEXT('2D SPACE',''
  ) );
#5966 = PCURVE('',#5967,#5972);
#5967 = PLANE('',#5968);
#5968 = AXIS2_PLACEMENT_3D('',#5969,#5970,#5971);
#5969 = CARTESIAN_POINT('',(8.,-1.9,1.6));
#5970 = DIRECTION('',(1.,0.,0.));
#5971 = DIRECTION('',(0.,0.,1.));
#5972 = DEFINITIONAL_REPRESENTATION('',(#5973),#5977);
#5973 = LINE('',#5974,#5975);
#5974 = CARTESIAN_POINT('',(6.7,0.));
#5975 = VECTOR('',#5976,1.);
#5976 = DIRECTION('',(0.,-1.));
#5977 = ( GEOMETRIC_REPRESENTATION_CONTEXT(2) 
PARAMETRIC_REPRESENTATION_CONTEXT() REPRESENTATION_CONTEXT('2D SPACE',''
  ) );
#5978 = ORIENTED_EDGE('',*,*,#5979,.F.);
#5979 = EDGE_CURVE('',#5980,#5952,#5982,.T.);
#5980 = VERTEX_POINT('',#5981);
#5981 = CARTESIAN_POINT('',(4.,-1.6,8.3));
#5982 = SURFACE_CURVE('',#5983,(#5987,#5994),.PCURVE_S1.);
#5983 = LINE('',#5984,#5985);
#5984 = CARTESIAN_POINT('',(3.7,-1.6,8.3));
#5985 = VECTOR('',#5986,1.);
#5986 = DIRECTION('',(1.,0.,0.));
#5987 = PCURVE('',#5787,#5988);
#5988 = DEFINITIONAL_REPRESENTATION('',(#5989),#5993);
#5989 = LINE('',#5990,#5991);
#5990 = CARTESIAN_POINT('',(-4.3,0.3));
#5991 = VECTOR('',#5992,1.);
#5992 = DIRECTION('',(1.,0.));
#5993 = ( GEOMETRIC_REPRESENTATION_CONTEXT(2) 
PARAMETRIC_REPRESENTATION_CONTEXT() REPRESENTATION_CONTEXT('2D SPACE',''
  ) );
#5994 = PCURVE('',#5995,#6000);
#5995 = PLANE('',#5996);
#5996 = AXIS2_PLACEMENT_3D('',#5997,#5998,#5999);
#5997 = CARTESIAN_POINT('',(3.7,-1.6,1.6));
#5998 = DIRECTION('',(0.,1.,0.));
#5999 = DIRECTION('',(0.,0.,1.));
#6000 = DEFINITIONAL_REPRESENTATION('',(#6001),#6005);
#6001 = LINE('',#6002,#6003);
#6002 = CARTESIAN_POINT('',(6.7,0.));
#6003 = VECTOR('',#6004,1.);
#6004 = DIRECTION('',(0.,1.));
#6005 = ( GEOMETRIC_REPRESENTATION_CONTEXT(2) 
PARAMETRIC_REPRESENTATION_CONTEXT() REPRESENTATION_CONTEXT('2D SPACE',''
  ) );
#6006 = ORIENTED_EDGE('',*,*,#6007,.T.);
#6007 = EDGE_CURVE('',#5980,#6008,#6010,.T.);
#6008 = VERTEX_POINT('',#6009);
#6009 = CARTESIAN_POINT('',(4.,-0.85,8.3));
#6010 = SURFACE_CURVE('',#6011,(#6015,#6022),.PCURVE_S1.);
#6011 = LINE('',#6012,#6013);
#6012 = CARTESIAN_POINT('',(4.,-1.9,8.3));
#6013 = VECTOR('',#6014,1.);
#6014 = DIRECTION('',(0.,1.,0.));
#6015 = PCURVE('',#5787,#6016);
#6016 = DEFINITIONAL_REPRESENTATION('',(#6017),#6021);
#6017 = LINE('',#6018,#6019);
#6018 = CARTESIAN_POINT('',(-4.,0.));
#6019 = VECTOR('',#6020,1.);
#6020 = DIRECTION('',(0.,1.));
#6021 = ( GEOMETRIC_REPRESENTATION_CONTEXT(2) 
PARAMETRIC_REPRESENTATION_CONTEXT() REPRESENTATION_CONTEXT('2D SPACE',''
  ) );
#6022 = PCURVE('',#6023,#6028);
#6023 = PLANE('',#6024);
#6024 = AXIS2_PLACEMENT_3D('',#6025,#6026,#6027);
#6025 = CARTESIAN_POINT('',(4.,-1.9,1.6));
#6026 = DIRECTION('',(1.,0.,0.));
#6027 = DIRECTION('',(0.,0.,1.));
#6028 = DEFINITIONAL_REPRESENTATION('',(#6029),#6033);
#6029 = LINE('',#6030,#6031);
#6030 = CARTESIAN_POINT('',(6.7,0.));
#6031 = VECTOR('',#6032,1.);
#6032 = DIRECTION('',(0.,-1.));
#6033 = ( GEOMETRIC_REPRESENTATION_CONTEXT(2) 
PARAMETRIC_REPRESENTATION_CONTEXT() REPRESENTATION_CONTEXT('2D SPACE',''
  ) );
#6034 = ORIENTED_EDGE('',*,*,#6035,.F.);
#6035 = EDGE_CURVE('',#6036,#6008,#6038,.T.);
#6036 = VERTEX_POINT('',#6037);
#6037 = CARTESIAN_POINT('',(3.7,-0.85,8.3));
#6038 = SURFACE_CURVE('',#6039,(#6043,#6050),.PCURVE_S1.);
#6039 = LINE('',#6040,#6041);
#6040 = CARTESIAN_POINT('',(3.7,-0.85,8.3));
#6041 = VECTOR('',#6042,1.);
#6042 = DIRECTION('',(1.,0.,0.));
#6043 = PCURVE('',#5787,#6044);
#6044 = DEFINITIONAL_REPRESENTATION('',(#6045),#6049);
#6045 = LINE('',#6046,#6047);
#6046 = CARTESIAN_POINT('',(-4.3,1.05));
#6047 = VECTOR('',#6048,1.);
#6048 = DIRECTION('',(1.,0.));
#6049 = ( GEOMETRIC_REPRESENTATION_CONTEXT(2) 
PARAMETRIC_REPRESENTATION_CONTEXT() REPRESENTATION_CONTEXT('2D SPACE',''
  ) );
#6050 = PCURVE('',#6051,#6056);
#6051 = PLANE('',#6052);
#6052 = AXIS2_PLACEMENT_3D('',#6053,#6054,#6055);
#6053 = CARTESIAN_POINT('',(3.7,-0.85,1.6));
#6054 = DIRECTION('',(0.,1.,0.));
#6055 = DIRECTION('',(0.,0.,1.));
#6056 = DEFINITIONAL_REPRESENTATION('',(#6057),#6061);
#6057 = LINE('',#6058,#6059);
#6058 = CARTESIAN_POINT('',(6.7,0.));
#6059 = VECTOR('',#6060,1.);
#6060 = DIRECTION('',(0.,1.));
#6061 = ( GEOMETRIC_REPRESENTATION_CONTEXT(2) 
PARAMETRIC_REPRESENTATION_CONTEXT() REPRESENTATION_CONTEXT('2D SPACE',''
  ) );
#6062 = ORIENTED_EDGE('',*,*,#6063,.T.);
#6063 = EDGE_CURVE('',#6036,#6064,#6066,.T.);
#6064 = VERTEX_POINT('',#6065);
#6065 = CARTESIAN_POINT('',(3.7,-1.9,8.3));
#6066 = SURFACE_CURVE('',#6067,(#6071,#6078),.PCURVE_S1.);
#6067 = LINE('',#6068,#6069);
#6068 = CARTESIAN_POINT('',(3.7,-0.85,8.3));
#6069 = VECTOR('',#6070,1.);
#6070 = DIRECTION('',(4.229421046191E-16,-1.,0.));
#6071 = PCURVE('',#5787,#6072);
#6072 = DEFINITIONAL_REPRESENTATION('',(#6073),#6077);
#6073 = LINE('',#6074,#6075);
#6074 = CARTESIAN_POINT('',(-4.3,1.05));
#6075 = VECTOR('',#6076,1.);
#6076 = DIRECTION('',(4.229421046191E-16,-1.));
#6077 = ( GEOMETRIC_REPRESENTATION_CONTEXT(2) 
PARAMETRIC_REPRESENTATION_CONTEXT() REPRESENTATION_CONTEXT('2D SPACE',''
  ) );
#6078 = PCURVE('',#6079,#6084);
#6079 = PLANE('',#6080);
#6080 = AXIS2_PLACEMENT_3D('',#6081,#6082,#6083);
#6081 = CARTESIAN_POINT('',(3.7,-1.9,1.6));
#6082 = DIRECTION('',(1.,0.,0.));
#6083 = DIRECTION('',(0.,0.,1.));
#6084 = DEFINITIONAL_REPRESENTATION('',(#6085),#6089);
#6085 = LINE('',#6086,#6087);
#6086 = CARTESIAN_POINT('',(6.7,-1.05));
#6087 = VECTOR('',#6088,1.);
#6088 = DIRECTION('',(0.,1.));
#6089 = ( GEOMETRIC_REPRESENTATION_CONTEXT(2) 
PARAMETRIC_REPRESENTATION_CONTEXT() REPRESENTATION_CONTEXT('2D SPACE',''
  ) );
#6090 = ORIENTED_EDGE('',*,*,#6091,.T.);
#6091 = EDGE_CURVE('',#6064,#5777,#6092,.T.);
#6092 = SURFACE_CURVE('',#6093,(#6097,#6104),.PCURVE_S1.);
#6093 = LINE('',#6094,#6095);
#6094 = CARTESIAN_POINT('',(3.7,-1.9,8.3));
#6095 = VECTOR('',#6096,1.);
#6096 = DIRECTION('',(1.,-4.827056628805E-17,0.));
#6097 = PCURVE('',#5787,#6098);
#6098 = DEFINITIONAL_REPRESENTATION('',(#6099),#6103);
#6099 = LINE('',#6100,#6101);
#6100 = CARTESIAN_POINT('',(-4.3,2.22044604925E-16));
#6101 = VECTOR('',#6102,1.);
#6102 = DIRECTION('',(1.,-4.827056628805E-17));
#6103 = ( GEOMETRIC_REPRESENTATION_CONTEXT(2) 
PARAMETRIC_REPRESENTATION_CONTEXT() REPRESENTATION_CONTEXT('2D SPACE',''
  ) );
#6104 = PCURVE('',#6105,#6110);
#6105 = PLANE('',#6106);
#6106 = AXIS2_PLACEMENT_3D('',#6107,#6108,#6109);
#6107 = CARTESIAN_POINT('',(8.,-1.9,1.6));
#6108 = DIRECTION('',(0.,1.,0.));
#6109 = DIRECTION('',(0.,0.,1.));
#6110 = DEFINITIONAL_REPRESENTATION('',(#6111),#6115);
#6111 = LINE('',#6112,#6113);
#6112 = CARTESIAN_POINT('',(6.7,-4.3));
#6113 = VECTOR('',#6114,1.);
#6114 = DIRECTION('',(0.,1.));
#6115 = ( GEOMETRIC_REPRESENTATION_CONTEXT(2) 
PARAMETRIC_REPRESENTATION_CONTEXT() REPRESENTATION_CONTEXT('2D SPACE',''
  ) );
#6116 = ADVANCED_FACE('',(#6117),#6105,.F.);
#6117 = FACE_BOUND('',#6118,.F.);
#6118 = EDGE_LOOP('',(#6119,#6149,#6170,#6171,#6194,#6222,#6250,#6276));
#6119 = ORIENTED_EDGE('',*,*,#6120,.F.);
#6120 = EDGE_CURVE('',#6121,#6123,#6125,.T.);
#6121 = VERTEX_POINT('',#6122);
#6122 = CARTESIAN_POINT('',(3.7,-1.9,1.6));
#6123 = VERTEX_POINT('',#6124);
#6124 = CARTESIAN_POINT('',(5.945,-1.9,1.6));
#6125 = SURFACE_CURVE('',#6126,(#6130,#6137),.PCURVE_S1.);
#6126 = LINE('',#6127,#6128);
#6127 = CARTESIAN_POINT('',(3.7,-1.9,1.6));
#6128 = VECTOR('',#6129,1.);
#6129 = DIRECTION('',(1.,-4.827056628805E-17,0.));
#6130 = PCURVE('',#6105,#6131);
#6131 = DEFINITIONAL_REPRESENTATION('',(#6132),#6136);
#6132 = LINE('',#6133,#6134);
#6133 = CARTESIAN_POINT('',(0.,-4.3));
#6134 = VECTOR('',#6135,1.);
#6135 = DIRECTION('',(0.,1.));
#6136 = ( GEOMETRIC_REPRESENTATION_CONTEXT(2) 
PARAMETRIC_REPRESENTATION_CONTEXT() REPRESENTATION_CONTEXT('2D SPACE',''
  ) );
#6137 = PCURVE('',#6138,#6143);
#6138 = PLANE('',#6139);
#6139 = AXIS2_PLACEMENT_3D('',#6140,#6141,#6142);
#6140 = CARTESIAN_POINT('',(8.,-1.9,1.6));
#6141 = DIRECTION('',(0.,0.,1.));
#6142 = DIRECTION('',(1.,0.,0.));
#6143 = DEFINITIONAL_REPRESENTATION('',(#6144),#6148);
#6144 = LINE('',#6145,#6146);
#6145 = CARTESIAN_POINT('',(-4.3,2.22044604925E-16));
#6146 = VECTOR('',#6147,1.);
#6147 = DIRECTION('',(1.,-4.827056628805E-17));
#6148 = ( GEOMETRIC_REPRESENTATION_CONTEXT(2) 
PARAMETRIC_REPRESENTATION_CONTEXT() REPRESENTATION_CONTEXT('2D SPACE',''
  ) );
#6149 = ORIENTED_EDGE('',*,*,#6150,.T.);
#6150 = EDGE_CURVE('',#6121,#6064,#6151,.T.);
#6151 = SURFACE_CURVE('',#6152,(#6156,#6163),.PCURVE_S1.);
#6152 = LINE('',#6153,#6154);
#6153 = CARTESIAN_POINT('',(3.7,-1.9,1.6));
#6154 = VECTOR('',#6155,1.);
#6155 = DIRECTION('',(0.,0.,1.));
#6156 = PCURVE('',#6105,#6157);
#6157 = DEFINITIONAL_REPRESENTATION('',(#6158),#6162);
#6158 = LINE('',#6159,#6160);
#6159 = CARTESIAN_POINT('',(0.,-4.3));
#6160 = VECTOR('',#6161,1.);
#6161 = DIRECTION('',(1.,0.));
#6162 = ( GEOMETRIC_REPRESENTATION_CONTEXT(2) 
PARAMETRIC_REPRESENTATION_CONTEXT() REPRESENTATION_CONTEXT('2D SPACE',''
  ) );
#6163 = PCURVE('',#6079,#6164);
#6164 = DEFINITIONAL_REPRESENTATION('',(#6165),#6169);
#6165 = LINE('',#6166,#6167);
#6166 = CARTESIAN_POINT('',(0.,0.));
#6167 = VECTOR('',#6168,1.);
#6168 = DIRECTION('',(1.,0.));
#6169 = ( GEOMETRIC_REPRESENTATION_CONTEXT(2) 
PARAMETRIC_REPRESENTATION_CONTEXT() REPRESENTATION_CONTEXT('2D SPACE',''
  ) );
#6170 = ORIENTED_EDGE('',*,*,#6091,.T.);
#6171 = ORIENTED_EDGE('',*,*,#6172,.F.);
#6172 = EDGE_CURVE('',#6173,#5777,#6175,.T.);
#6173 = VERTEX_POINT('',#6174);
#6174 = CARTESIAN_POINT('',(8.3,-1.9,1.6));
#6175 = SURFACE_CURVE('',#6176,(#6180,#6187),.PCURVE_S1.);
#6176 = LINE('',#6177,#6178);
#6177 = CARTESIAN_POINT('',(8.3,-1.9,1.6));
#6178 = VECTOR('',#6179,1.);
#6179 = DIRECTION('',(0.,0.,1.));
#6180 = PCURVE('',#6105,#6181);
#6181 = DEFINITIONAL_REPRESENTATION('',(#6182),#6186);
#6182 = LINE('',#6183,#6184);
#6183 = CARTESIAN_POINT('',(0.,0.3));
#6184 = VECTOR('',#6185,1.);
#6185 = DIRECTION('',(1.,0.));
#6186 = ( GEOMETRIC_REPRESENTATION_CONTEXT(2) 
PARAMETRIC_REPRESENTATION_CONTEXT() REPRESENTATION_CONTEXT('2D SPACE',''
  ) );
#6187 = PCURVE('',#5799,#6188);
#6188 = DEFINITIONAL_REPRESENTATION('',(#6189),#6193);
#6189 = LINE('',#6190,#6191);
#6190 = CARTESIAN_POINT('',(0.,0.));
#6191 = VECTOR('',#6192,1.);
#6192 = DIRECTION('',(1.,0.));
#6193 = ( GEOMETRIC_REPRESENTATION_CONTEXT(2) 
PARAMETRIC_REPRESENTATION_CONTEXT() REPRESENTATION_CONTEXT('2D SPACE',''
  ) );
#6194 = ORIENTED_EDGE('',*,*,#6195,.F.);
#6195 = EDGE_CURVE('',#6196,#6173,#6198,.T.);
#6196 = VERTEX_POINT('',#6197);
#6197 = CARTESIAN_POINT('',(7.525,-1.9,1.6));
#6198 = SURFACE_CURVE('',#6199,(#6203,#6210),.PCURVE_S1.);
#6199 = LINE('',#6200,#6201);
#6200 = CARTESIAN_POINT('',(3.7,-1.9,1.6));
#6201 = VECTOR('',#6202,1.);
#6202 = DIRECTION('',(1.,-4.827056628805E-17,0.));
#6203 = PCURVE('',#6105,#6204);
#6204 = DEFINITIONAL_REPRESENTATION('',(#6205),#6209);
#6205 = LINE('',#6206,#6207);
#6206 = CARTESIAN_POINT('',(0.,-4.3));
#6207 = VECTOR('',#6208,1.);
#6208 = DIRECTION('',(0.,1.));
#6209 = ( GEOMETRIC_REPRESENTATION_CONTEXT(2) 
PARAMETRIC_REPRESENTATION_CONTEXT() REPRESENTATION_CONTEXT('2D SPACE',''
  ) );
#6210 = PCURVE('',#6211,#6216);
#6211 = PLANE('',#6212);
#6212 = AXIS2_PLACEMENT_3D('',#6213,#6214,#6215);
#6213 = CARTESIAN_POINT('',(8.,-1.9,1.6));
#6214 = DIRECTION('',(0.,0.,1.));
#6215 = DIRECTION('',(1.,0.,0.));
#6216 = DEFINITIONAL_REPRESENTATION('',(#6217),#6221);
#6217 = LINE('',#6218,#6219);
#6218 = CARTESIAN_POINT('',(-4.3,2.22044604925E-16));
#6219 = VECTOR('',#6220,1.);
#6220 = DIRECTION('',(1.,-4.827056628805E-17));
#6221 = ( GEOMETRIC_REPRESENTATION_CONTEXT(2) 
PARAMETRIC_REPRESENTATION_CONTEXT() REPRESENTATION_CONTEXT('2D SPACE',''
  ) );
#6222 = ORIENTED_EDGE('',*,*,#6223,.F.);
#6223 = EDGE_CURVE('',#6224,#6196,#6226,.T.);
#6224 = VERTEX_POINT('',#6225);
#6225 = CARTESIAN_POINT('',(7.525,-1.9,0.3));
#6226 = SURFACE_CURVE('',#6227,(#6231,#6238),.PCURVE_S1.);
#6227 = LINE('',#6228,#6229);
#6228 = CARTESIAN_POINT('',(7.525,-1.9,0.));
#6229 = VECTOR('',#6230,1.);
#6230 = DIRECTION('',(0.,0.,1.));
#6231 = PCURVE('',#6105,#6232);
#6232 = DEFINITIONAL_REPRESENTATION('',(#6233),#6237);
#6233 = LINE('',#6234,#6235);
#6234 = CARTESIAN_POINT('',(-1.6,-0.475));
#6235 = VECTOR('',#6236,1.);
#6236 = DIRECTION('',(1.,0.));
#6237 = ( GEOMETRIC_REPRESENTATION_CONTEXT(2) 
PARAMETRIC_REPRESENTATION_CONTEXT() REPRESENTATION_CONTEXT('2D SPACE',''
  ) );
#6238 = PCURVE('',#6239,#6244);
#6239 = PLANE('',#6240);
#6240 = AXIS2_PLACEMENT_3D('',#6241,#6242,#6243);
#6241 = CARTESIAN_POINT('',(7.525,-1.9,0.));
#6242 = DIRECTION('',(1.,0.,0.));
#6243 = DIRECTION('',(0.,0.,1.));
#6244 = DEFINITIONAL_REPRESENTATION('',(#6245),#6249);
#6245 = LINE('',#6246,#6247);
#6246 = CARTESIAN_POINT('',(0.,0.));
#6247 = VECTOR('',#6248,1.);
#6248 = DIRECTION('',(1.,0.));
#6249 = ( GEOMETRIC_REPRESENTATION_CONTEXT(2) 
PARAMETRIC_REPRESENTATION_CONTEXT() REPRESENTATION_CONTEXT('2D SPACE',''
  ) );
#6250 = ORIENTED_EDGE('',*,*,#6251,.F.);
#6251 = EDGE_CURVE('',#6252,#6224,#6254,.T.);
#6252 = VERTEX_POINT('',#6253);
#6253 = CARTESIAN_POINT('',(5.945,-1.9,0.3));
#6254 = SURFACE_CURVE('',#6255,(#6259,#6265),.PCURVE_S1.);
#6255 = LINE('',#6256,#6257);
#6256 = CARTESIAN_POINT('',(6.9725,-1.9,0.3));
#6257 = VECTOR('',#6258,1.);
#6258 = DIRECTION('',(1.,0.,0.));
#6259 = PCURVE('',#6105,#6260);
#6260 = DEFINITIONAL_REPRESENTATION('',(#6261),#6264);
#6261 = B_SPLINE_CURVE_WITH_KNOTS('',1,(#6262,#6263),.UNSPECIFIED.,.F.,
  .F.,(2,2),(-1.0275,0.5525),.PIECEWISE_BEZIER_KNOTS.);
#6262 = CARTESIAN_POINT('',(-1.3,-2.055));
#6263 = CARTESIAN_POINT('',(-1.3,-0.475));
#6264 = ( GEOMETRIC_REPRESENTATION_CONTEXT(2) 
PARAMETRIC_REPRESENTATION_CONTEXT() REPRESENTATION_CONTEXT('2D SPACE',''
  ) );
#6265 = PCURVE('',#6266,#6271);
#6266 = PLANE('',#6267);
#6267 = AXIS2_PLACEMENT_3D('',#6268,#6269,#6270);
#6268 = CARTESIAN_POINT('',(5.945,-4.,0.3));
#6269 = DIRECTION('',(0.,0.,1.));
#6270 = DIRECTION('',(1.,0.,0.));
#6271 = DEFINITIONAL_REPRESENTATION('',(#6272),#6275);
#6272 = B_SPLINE_CURVE_WITH_KNOTS('',1,(#6273,#6274),.UNSPECIFIED.,.F.,
  .F.,(2,2),(-1.0275,0.5525),.PIECEWISE_BEZIER_KNOTS.);
#6273 = CARTESIAN_POINT('',(0.,2.1));
#6274 = CARTESIAN_POINT('',(1.58,2.1));
#6275 = ( GEOMETRIC_REPRESENTATION_CONTEXT(2) 
PARAMETRIC_REPRESENTATION_CONTEXT() REPRESENTATION_CONTEXT('2D SPACE',''
  ) );
#6276 = ORIENTED_EDGE('',*,*,#6277,.T.);
#6277 = EDGE_CURVE('',#6252,#6123,#6278,.T.);
#6278 = SURFACE_CURVE('',#6279,(#6283,#6290),.PCURVE_S1.);
#6279 = LINE('',#6280,#6281);
#6280 = CARTESIAN_POINT('',(5.945,-1.9,0.));
#6281 = VECTOR('',#6282,1.);
#6282 = DIRECTION('',(0.,0.,1.));
#6283 = PCURVE('',#6105,#6284);
#6284 = DEFINITIONAL_REPRESENTATION('',(#6285),#6289);
#6285 = LINE('',#6286,#6287);
#6286 = CARTESIAN_POINT('',(-1.6,-2.055));
#6287 = VECTOR('',#6288,1.);
#6288 = DIRECTION('',(1.,0.));
#6289 = ( GEOMETRIC_REPRESENTATION_CONTEXT(2) 
PARAMETRIC_REPRESENTATION_CONTEXT() REPRESENTATION_CONTEXT('2D SPACE',''
  ) );
#6290 = PCURVE('',#6291,#6296);
#6291 = PLANE('',#6292);
#6292 = AXIS2_PLACEMENT_3D('',#6293,#6294,#6295);
#6293 = CARTESIAN_POINT('',(5.945,-1.9,0.));
#6294 = DIRECTION('',(1.,0.,0.));
#6295 = DIRECTION('',(0.,0.,1.));
#6296 = DEFINITIONAL_REPRESENTATION('',(#6297),#6301);
#6297 = LINE('',#6298,#6299);
#6298 = CARTESIAN_POINT('',(0.,0.));
#6299 = VECTOR('',#6300,1.);
#6300 = DIRECTION('',(1.,0.));
#6301 = ( GEOMETRIC_REPRESENTATION_CONTEXT(2) 
PARAMETRIC_REPRESENTATION_CONTEXT() REPRESENTATION_CONTEXT('2D SPACE',''
  ) );
#6302 = ADVANCED_FACE('',(#6303),#6211,.F.);
#6303 = FACE_BOUND('',#6304,.F.);
#6304 = EDGE_LOOP('',(#6305,#6306,#6329,#6352,#6380,#6403,#6426,#6449));
#6305 = ORIENTED_EDGE('',*,*,#6195,.T.);
#6306 = ORIENTED_EDGE('',*,*,#6307,.T.);
#6307 = EDGE_CURVE('',#6173,#6308,#6310,.T.);
#6308 = VERTEX_POINT('',#6309);
#6309 = CARTESIAN_POINT('',(8.3,1.9,1.6));
#6310 = SURFACE_CURVE('',#6311,(#6315,#6322),.PCURVE_S1.);
#6311 = LINE('',#6312,#6313);
#6312 = CARTESIAN_POINT('',(8.3,-1.9,1.6));
#6313 = VECTOR('',#6314,1.);
#6314 = DIRECTION('',(0.,1.,0.));
#6315 = PCURVE('',#6211,#6316);
#6316 = DEFINITIONAL_REPRESENTATION('',(#6317),#6321);
#6317 = LINE('',#6318,#6319);
#6318 = CARTESIAN_POINT('',(0.3,0.));
#6319 = VECTOR('',#6320,1.);
#6320 = DIRECTION('',(0.,1.));
#6321 = ( GEOMETRIC_REPRESENTATION_CONTEXT(2) 
PARAMETRIC_REPRESENTATION_CONTEXT() REPRESENTATION_CONTEXT('2D SPACE',''
  ) );
#6322 = PCURVE('',#5799,#6323);
#6323 = DEFINITIONAL_REPRESENTATION('',(#6324),#6328);
#6324 = LINE('',#6325,#6326);
#6325 = CARTESIAN_POINT('',(0.,0.));
#6326 = VECTOR('',#6327,1.);
#6327 = DIRECTION('',(0.,-1.));
#6328 = ( GEOMETRIC_REPRESENTATION_CONTEXT(2) 
PARAMETRIC_REPRESENTATION_CONTEXT() REPRESENTATION_CONTEXT('2D SPACE',''
  ) );
#6329 = ORIENTED_EDGE('',*,*,#6330,.F.);
#6330 = EDGE_CURVE('',#6331,#6308,#6333,.T.);
#6331 = VERTEX_POINT('',#6332);
#6332 = CARTESIAN_POINT('',(7.525,1.9,1.6));
#6333 = SURFACE_CURVE('',#6334,(#6338,#6345),.PCURVE_S1.);
#6334 = LINE('',#6335,#6336);
#6335 = CARTESIAN_POINT('',(3.7,1.9,1.6));
#6336 = VECTOR('',#6337,1.);
#6337 = DIRECTION('',(1.,4.827056628805E-17,0.));
#6338 = PCURVE('',#6211,#6339);
#6339 = DEFINITIONAL_REPRESENTATION('',(#6340),#6344);
#6340 = LINE('',#6341,#6342);
#6341 = CARTESIAN_POINT('',(-4.3,3.8));
#6342 = VECTOR('',#6343,1.);
#6343 = DIRECTION('',(1.,4.827056628805E-17));
#6344 = ( GEOMETRIC_REPRESENTATION_CONTEXT(2) 
PARAMETRIC_REPRESENTATION_CONTEXT() REPRESENTATION_CONTEXT('2D SPACE',''
  ) );
#6345 = PCURVE('',#5827,#6346);
#6346 = DEFINITIONAL_REPRESENTATION('',(#6347),#6351);
#6347 = LINE('',#6348,#6349);
#6348 = CARTESIAN_POINT('',(0.,-4.3));
#6349 = VECTOR('',#6350,1.);
#6350 = DIRECTION('',(0.,1.));
#6351 = ( GEOMETRIC_REPRESENTATION_CONTEXT(2) 
PARAMETRIC_REPRESENTATION_CONTEXT() REPRESENTATION_CONTEXT('2D SPACE',''
  ) );
#6352 = ORIENTED_EDGE('',*,*,#6353,.F.);
#6353 = EDGE_CURVE('',#6354,#6331,#6356,.T.);
#6354 = VERTEX_POINT('',#6355);
#6355 = CARTESIAN_POINT('',(7.525,1.6,1.6));
#6356 = SURFACE_CURVE('',#6357,(#6361,#6368),.PCURVE_S1.);
#6357 = LINE('',#6358,#6359);
#6358 = CARTESIAN_POINT('',(7.525,-0.15,1.6));
#6359 = VECTOR('',#6360,1.);
#6360 = DIRECTION('',(0.,1.,0.));
#6361 = PCURVE('',#6211,#6362);
#6362 = DEFINITIONAL_REPRESENTATION('',(#6363),#6367);
#6363 = LINE('',#6364,#6365);
#6364 = CARTESIAN_POINT('',(-0.475,1.75));
#6365 = VECTOR('',#6366,1.);
#6366 = DIRECTION('',(0.,1.));
#6367 = ( GEOMETRIC_REPRESENTATION_CONTEXT(2) 
PARAMETRIC_REPRESENTATION_CONTEXT() REPRESENTATION_CONTEXT('2D SPACE',''
  ) );
#6368 = PCURVE('',#6369,#6374);
#6369 = PLANE('',#6370);
#6370 = AXIS2_PLACEMENT_3D('',#6371,#6372,#6373);
#6371 = CARTESIAN_POINT('',(7.525,1.6,0.));
#6372 = DIRECTION('',(1.,0.,0.));
#6373 = DIRECTION('',(0.,0.,1.));
#6374 = DEFINITIONAL_REPRESENTATION('',(#6375),#6379);
#6375 = LINE('',#6376,#6377);
#6376 = CARTESIAN_POINT('',(1.6,1.75));
#6377 = VECTOR('',#6378,1.);
#6378 = DIRECTION('',(0.,-1.));
#6379 = ( GEOMETRIC_REPRESENTATION_CONTEXT(2) 
PARAMETRIC_REPRESENTATION_CONTEXT() REPRESENTATION_CONTEXT('2D SPACE',''
  ) );
#6380 = ORIENTED_EDGE('',*,*,#6381,.T.);
#6381 = EDGE_CURVE('',#6354,#6382,#6384,.T.);
#6382 = VERTEX_POINT('',#6383);
#6383 = CARTESIAN_POINT('',(8.,1.6,1.6));
#6384 = SURFACE_CURVE('',#6385,(#6389,#6396),.PCURVE_S1.);
#6385 = LINE('',#6386,#6387);
#6386 = CARTESIAN_POINT('',(3.7,1.6,1.6));
#6387 = VECTOR('',#6388,1.);
#6388 = DIRECTION('',(1.,0.,0.));
#6389 = PCURVE('',#6211,#6390);
#6390 = DEFINITIONAL_REPRESENTATION('',(#6391),#6395);
#6391 = LINE('',#6392,#6393);
#6392 = CARTESIAN_POINT('',(-4.3,3.5));
#6393 = VECTOR('',#6394,1.);
#6394 = DIRECTION('',(1.,0.));
#6395 = ( GEOMETRIC_REPRESENTATION_CONTEXT(2) 
PARAMETRIC_REPRESENTATION_CONTEXT() REPRESENTATION_CONTEXT('2D SPACE',''
  ) );
#6396 = PCURVE('',#5939,#6397);
#6397 = DEFINITIONAL_REPRESENTATION('',(#6398),#6402);
#6398 = LINE('',#6399,#6400);
#6399 = CARTESIAN_POINT('',(0.,0.));
#6400 = VECTOR('',#6401,1.);
#6401 = DIRECTION('',(0.,1.));
#6402 = ( GEOMETRIC_REPRESENTATION_CONTEXT(2) 
PARAMETRIC_REPRESENTATION_CONTEXT() REPRESENTATION_CONTEXT('2D SPACE',''
  ) );
#6403 = ORIENTED_EDGE('',*,*,#6404,.F.);
#6404 = EDGE_CURVE('',#6405,#6382,#6407,.T.);
#6405 = VERTEX_POINT('',#6406);
#6406 = CARTESIAN_POINT('',(8.,-1.6,1.6));
#6407 = SURFACE_CURVE('',#6408,(#6412,#6419),.PCURVE_S1.);
#6408 = LINE('',#6409,#6410);
#6409 = CARTESIAN_POINT('',(8.,-1.9,1.6));
#6410 = VECTOR('',#6411,1.);
#6411 = DIRECTION('',(0.,1.,0.));
#6412 = PCURVE('',#6211,#6413);
#6413 = DEFINITIONAL_REPRESENTATION('',(#6414),#6418);
#6414 = LINE('',#6415,#6416);
#6415 = CARTESIAN_POINT('',(0.,0.));
#6416 = VECTOR('',#6417,1.);
#6417 = DIRECTION('',(0.,1.));
#6418 = ( GEOMETRIC_REPRESENTATION_CONTEXT(2) 
PARAMETRIC_REPRESENTATION_CONTEXT() REPRESENTATION_CONTEXT('2D SPACE',''
  ) );
#6419 = PCURVE('',#5967,#6420);
#6420 = DEFINITIONAL_REPRESENTATION('',(#6421),#6425);
#6421 = LINE('',#6422,#6423);
#6422 = CARTESIAN_POINT('',(0.,0.));
#6423 = VECTOR('',#6424,1.);
#6424 = DIRECTION('',(0.,-1.));
#6425 = ( GEOMETRIC_REPRESENTATION_CONTEXT(2) 
PARAMETRIC_REPRESENTATION_CONTEXT() REPRESENTATION_CONTEXT('2D SPACE',''
  ) );
#6426 = ORIENTED_EDGE('',*,*,#6427,.F.);
#6427 = EDGE_CURVE('',#6428,#6405,#6430,.T.);
#6428 = VERTEX_POINT('',#6429);
#6429 = CARTESIAN_POINT('',(7.525,-1.6,1.6));
#6430 = SURFACE_CURVE('',#6431,(#6435,#6442),.PCURVE_S1.);
#6431 = LINE('',#6432,#6433);
#6432 = CARTESIAN_POINT('',(3.7,-1.6,1.6));
#6433 = VECTOR('',#6434,1.);
#6434 = DIRECTION('',(1.,0.,0.));
#6435 = PCURVE('',#6211,#6436);
#6436 = DEFINITIONAL_REPRESENTATION('',(#6437),#6441);
#6437 = LINE('',#6438,#6439);
#6438 = CARTESIAN_POINT('',(-4.3,0.3));
#6439 = VECTOR('',#6440,1.);
#6440 = DIRECTION('',(1.,0.));
#6441 = ( GEOMETRIC_REPRESENTATION_CONTEXT(2) 
PARAMETRIC_REPRESENTATION_CONTEXT() REPRESENTATION_CONTEXT('2D SPACE',''
  ) );
#6442 = PCURVE('',#5995,#6443);
#6443 = DEFINITIONAL_REPRESENTATION('',(#6444),#6448);
#6444 = LINE('',#6445,#6446);
#6445 = CARTESIAN_POINT('',(0.,0.));
#6446 = VECTOR('',#6447,1.);
#6447 = DIRECTION('',(0.,1.));
#6448 = ( GEOMETRIC_REPRESENTATION_CONTEXT(2) 
PARAMETRIC_REPRESENTATION_CONTEXT() REPRESENTATION_CONTEXT('2D SPACE',''
  ) );
#6449 = ORIENTED_EDGE('',*,*,#6450,.F.);
#6450 = EDGE_CURVE('',#6196,#6428,#6451,.T.);
#6451 = SURFACE_CURVE('',#6452,(#6456,#6462),.PCURVE_S1.);
#6452 = LINE('',#6453,#6454);
#6453 = CARTESIAN_POINT('',(7.525,-1.9,1.6));
#6454 = VECTOR('',#6455,1.);
#6455 = DIRECTION('',(0.,1.,0.));
#6456 = PCURVE('',#6211,#6457);
#6457 = DEFINITIONAL_REPRESENTATION('',(#6458),#6461);
#6458 = B_SPLINE_CURVE_WITH_KNOTS('',1,(#6459,#6460),.UNSPECIFIED.,.F.,
  .F.,(2,2),(0.,0.3),.PIECEWISE_BEZIER_KNOTS.);
#6459 = CARTESIAN_POINT('',(-0.475,0.));
#6460 = CARTESIAN_POINT('',(-0.475,0.3));
#6461 = ( GEOMETRIC_REPRESENTATION_CONTEXT(2) 
PARAMETRIC_REPRESENTATION_CONTEXT() REPRESENTATION_CONTEXT('2D SPACE',''
  ) );
#6462 = PCURVE('',#6239,#6463);
#6463 = DEFINITIONAL_REPRESENTATION('',(#6464),#6468);
#6464 = LINE('',#6465,#6466);
#6465 = CARTESIAN_POINT('',(1.6,0.));
#6466 = VECTOR('',#6467,1.);
#6467 = DIRECTION('',(0.,-1.));
#6468 = ( GEOMETRIC_REPRESENTATION_CONTEXT(2) 
PARAMETRIC_REPRESENTATION_CONTEXT() REPRESENTATION_CONTEXT('2D SPACE',''
  ) );
#6469 = ADVANCED_FACE('',(#6470),#6369,.T.);
#6470 = FACE_BOUND('',#6471,.T.);
#6471 = EDGE_LOOP('',(#6472,#6495,#6523,#6551,#6579,#6600));
#6472 = ORIENTED_EDGE('',*,*,#6473,.F.);
#6473 = EDGE_CURVE('',#6474,#6354,#6476,.T.);
#6474 = VERTEX_POINT('',#6475);
#6475 = CARTESIAN_POINT('',(7.525,1.6,0.));
#6476 = SURFACE_CURVE('',#6477,(#6481,#6488),.PCURVE_S1.);
#6477 = LINE('',#6478,#6479);
#6478 = CARTESIAN_POINT('',(7.525,1.6,0.));
#6479 = VECTOR('',#6480,1.);
#6480 = DIRECTION('',(-5.551115123126E-16,-1.387778780781E-16,1.));
#6481 = PCURVE('',#6369,#6482);
#6482 = DEFINITIONAL_REPRESENTATION('',(#6483),#6487);
#6483 = LINE('',#6484,#6485);
#6484 = CARTESIAN_POINT('',(0.,-2.22044604925E-16));
#6485 = VECTOR('',#6486,1.);
#6486 = DIRECTION('',(1.,1.387778780781E-16));
#6487 = ( GEOMETRIC_REPRESENTATION_CONTEXT(2) 
PARAMETRIC_REPRESENTATION_CONTEXT() REPRESENTATION_CONTEXT('2D SPACE',''
  ) );
#6488 = PCURVE('',#5939,#6489);
#6489 = DEFINITIONAL_REPRESENTATION('',(#6490),#6494);
#6490 = LINE('',#6491,#6492);
#6491 = CARTESIAN_POINT('',(-1.6,3.825));
#6492 = VECTOR('',#6493,1.);
#6493 = DIRECTION('',(1.,-5.551115123126E-16));
#6494 = ( GEOMETRIC_REPRESENTATION_CONTEXT(2) 
PARAMETRIC_REPRESENTATION_CONTEXT() REPRESENTATION_CONTEXT('2D SPACE',''
  ) );
#6495 = ORIENTED_EDGE('',*,*,#6496,.T.);
#6496 = EDGE_CURVE('',#6474,#6497,#6499,.T.);
#6497 = VERTEX_POINT('',#6498);
#6498 = CARTESIAN_POINT('',(7.525,3.65,0.));
#6499 = SURFACE_CURVE('',#6500,(#6504,#6511),.PCURVE_S1.);
#6500 = LINE('',#6501,#6502);
#6501 = CARTESIAN_POINT('',(7.525,1.6,0.));
#6502 = VECTOR('',#6503,1.);
#6503 = DIRECTION('',(-4.332577657074E-16,1.,0.));
#6504 = PCURVE('',#6369,#6505);
#6505 = DEFINITIONAL_REPRESENTATION('',(#6506),#6510);
#6506 = LINE('',#6507,#6508);
#6507 = CARTESIAN_POINT('',(0.,-2.22044604925E-16));
#6508 = VECTOR('',#6509,1.);
#6509 = DIRECTION('',(0.,-1.));
#6510 = ( GEOMETRIC_REPRESENTATION_CONTEXT(2) 
PARAMETRIC_REPRESENTATION_CONTEXT() REPRESENTATION_CONTEXT('2D SPACE',''
  ) );
#6511 = PCURVE('',#6512,#6517);
#6512 = PLANE('',#6513);
#6513 = AXIS2_PLACEMENT_3D('',#6514,#6515,#6516);
#6514 = CARTESIAN_POINT('',(5.945,1.6,0.));
#6515 = DIRECTION('',(0.,0.,1.));
#6516 = DIRECTION('',(1.,0.,0.));
#6517 = DEFINITIONAL_REPRESENTATION('',(#6518),#6522);
#6518 = LINE('',#6519,#6520);
#6519 = CARTESIAN_POINT('',(1.58,2.22044604925E-16));
#6520 = VECTOR('',#6521,1.);
#6521 = DIRECTION('',(-4.332577657074E-16,1.));
#6522 = ( GEOMETRIC_REPRESENTATION_CONTEXT(2) 
PARAMETRIC_REPRESENTATION_CONTEXT() REPRESENTATION_CONTEXT('2D SPACE',''
  ) );
#6523 = ORIENTED_EDGE('',*,*,#6524,.T.);
#6524 = EDGE_CURVE('',#6497,#6525,#6527,.T.);
#6525 = VERTEX_POINT('',#6526);
#6526 = CARTESIAN_POINT('',(7.525,3.65,0.3));
#6527 = SURFACE_CURVE('',#6528,(#6532,#6539),.PCURVE_S1.);
#6528 = LINE('',#6529,#6530);
#6529 = CARTESIAN_POINT('',(7.525,3.65,0.));
#6530 = VECTOR('',#6531,1.);
#6531 = DIRECTION('',(0.,0.,1.));
#6532 = PCURVE('',#6369,#6533);
#6533 = DEFINITIONAL_REPRESENTATION('',(#6534),#6538);
#6534 = LINE('',#6535,#6536);
#6535 = CARTESIAN_POINT('',(0.,-2.05));
#6536 = VECTOR('',#6537,1.);
#6537 = DIRECTION('',(1.,0.));
#6538 = ( GEOMETRIC_REPRESENTATION_CONTEXT(2) 
PARAMETRIC_REPRESENTATION_CONTEXT() REPRESENTATION_CONTEXT('2D SPACE',''
  ) );
#6539 = PCURVE('',#6540,#6545);
#6540 = PLANE('',#6541);
#6541 = AXIS2_PLACEMENT_3D('',#6542,#6543,#6544);
#6542 = CARTESIAN_POINT('',(7.35,3.825,0.));
#6543 = DIRECTION('',(0.707106781187,0.707106781187,0.));
#6544 = DIRECTION('',(-0.,0.,-1.));
#6545 = DEFINITIONAL_REPRESENTATION('',(#6546),#6550);
#6546 = LINE('',#6547,#6548);
#6547 = CARTESIAN_POINT('',(-0.,-0.247487373415));
#6548 = VECTOR('',#6549,1.);
#6549 = DIRECTION('',(-1.,0.));
#6550 = ( GEOMETRIC_REPRESENTATION_CONTEXT(2) 
PARAMETRIC_REPRESENTATION_CONTEXT() REPRESENTATION_CONTEXT('2D SPACE',''
  ) );
#6551 = ORIENTED_EDGE('',*,*,#6552,.F.);
#6552 = EDGE_CURVE('',#6553,#6525,#6555,.T.);
#6553 = VERTEX_POINT('',#6554);
#6554 = CARTESIAN_POINT('',(7.525,1.9,0.3));
#6555 = SURFACE_CURVE('',#6556,(#6560,#6567),.PCURVE_S1.);
#6556 = LINE('',#6557,#6558);
#6557 = CARTESIAN_POINT('',(7.525,1.6,0.3));
#6558 = VECTOR('',#6559,1.);
#6559 = DIRECTION('',(0.,1.,0.));
#6560 = PCURVE('',#6369,#6561);
#6561 = DEFINITIONAL_REPRESENTATION('',(#6562),#6566);
#6562 = LINE('',#6563,#6564);
#6563 = CARTESIAN_POINT('',(0.3,2.22044604925E-16));
#6564 = VECTOR('',#6565,1.);
#6565 = DIRECTION('',(0.,-1.));
#6566 = ( GEOMETRIC_REPRESENTATION_CONTEXT(2) 
PARAMETRIC_REPRESENTATION_CONTEXT() REPRESENTATION_CONTEXT('2D SPACE',''
  ) );
#6567 = PCURVE('',#6568,#6573);
#6568 = PLANE('',#6569);
#6569 = AXIS2_PLACEMENT_3D('',#6570,#6571,#6572);
#6570 = CARTESIAN_POINT('',(5.945,1.6,0.3));
#6571 = DIRECTION('',(0.,0.,1.));
#6572 = DIRECTION('',(1.,0.,0.));
#6573 = DEFINITIONAL_REPRESENTATION('',(#6574),#6578);
#6574 = LINE('',#6575,#6576);
#6575 = CARTESIAN_POINT('',(1.58,0.));
#6576 = VECTOR('',#6577,1.);
#6577 = DIRECTION('',(0.,1.));
#6578 = ( GEOMETRIC_REPRESENTATION_CONTEXT(2) 
PARAMETRIC_REPRESENTATION_CONTEXT() REPRESENTATION_CONTEXT('2D SPACE',''
  ) );
#6579 = ORIENTED_EDGE('',*,*,#6580,.T.);
#6580 = EDGE_CURVE('',#6553,#6331,#6581,.T.);
#6581 = SURFACE_CURVE('',#6582,(#6586,#6593),.PCURVE_S1.);
#6582 = LINE('',#6583,#6584);
#6583 = CARTESIAN_POINT('',(7.525,1.9,0.));
#6584 = VECTOR('',#6585,1.);
#6585 = DIRECTION('',(0.,0.,1.));
#6586 = PCURVE('',#6369,#6587);
#6587 = DEFINITIONAL_REPRESENTATION('',(#6588),#6592);
#6588 = LINE('',#6589,#6590);
#6589 = CARTESIAN_POINT('',(0.,-0.3));
#6590 = VECTOR('',#6591,1.);
#6591 = DIRECTION('',(1.,0.));
#6592 = ( GEOMETRIC_REPRESENTATION_CONTEXT(2) 
PARAMETRIC_REPRESENTATION_CONTEXT() REPRESENTATION_CONTEXT('2D SPACE',''
  ) );
#6593 = PCURVE('',#5827,#6594);
#6594 = DEFINITIONAL_REPRESENTATION('',(#6595),#6599);
#6595 = LINE('',#6596,#6597);
#6596 = CARTESIAN_POINT('',(-1.6,-0.475));
#6597 = VECTOR('',#6598,1.);
#6598 = DIRECTION('',(1.,0.));
#6599 = ( GEOMETRIC_REPRESENTATION_CONTEXT(2) 
PARAMETRIC_REPRESENTATION_CONTEXT() REPRESENTATION_CONTEXT('2D SPACE',''
  ) );
#6600 = ORIENTED_EDGE('',*,*,#6353,.F.);
#6601 = ADVANCED_FACE('',(#6602),#6568,.T.);
#6602 = FACE_BOUND('',#6603,.T.);
#6603 = EDGE_LOOP('',(#6604,#6634,#6653,#6654,#6677,#6705));
#6604 = ORIENTED_EDGE('',*,*,#6605,.F.);
#6605 = EDGE_CURVE('',#6606,#6608,#6610,.T.);
#6606 = VERTEX_POINT('',#6607);
#6607 = CARTESIAN_POINT('',(5.945,1.9,0.3));
#6608 = VERTEX_POINT('',#6609);
#6609 = CARTESIAN_POINT('',(5.945,3.65,0.3));
#6610 = SURFACE_CURVE('',#6611,(#6615,#6622),.PCURVE_S1.);
#6611 = LINE('',#6612,#6613);
#6612 = CARTESIAN_POINT('',(5.945,1.6,0.3));
#6613 = VECTOR('',#6614,1.);
#6614 = DIRECTION('',(0.,1.,0.));
#6615 = PCURVE('',#6568,#6616);
#6616 = DEFINITIONAL_REPRESENTATION('',(#6617),#6621);
#6617 = LINE('',#6618,#6619);
#6618 = CARTESIAN_POINT('',(0.,0.));
#6619 = VECTOR('',#6620,1.);
#6620 = DIRECTION('',(0.,1.));
#6621 = ( GEOMETRIC_REPRESENTATION_CONTEXT(2) 
PARAMETRIC_REPRESENTATION_CONTEXT() REPRESENTATION_CONTEXT('2D SPACE',''
  ) );
#6622 = PCURVE('',#6623,#6628);
#6623 = PLANE('',#6624);
#6624 = AXIS2_PLACEMENT_3D('',#6625,#6626,#6627);
#6625 = CARTESIAN_POINT('',(5.945,1.6,0.));
#6626 = DIRECTION('',(1.,0.,0.));
#6627 = DIRECTION('',(0.,0.,1.));
#6628 = DEFINITIONAL_REPRESENTATION('',(#6629),#6633);
#6629 = LINE('',#6630,#6631);
#6630 = CARTESIAN_POINT('',(0.3,2.22044604925E-16));
#6631 = VECTOR('',#6632,1.);
#6632 = DIRECTION('',(0.,-1.));
#6633 = ( GEOMETRIC_REPRESENTATION_CONTEXT(2) 
PARAMETRIC_REPRESENTATION_CONTEXT() REPRESENTATION_CONTEXT('2D SPACE',''
  ) );
#6634 = ORIENTED_EDGE('',*,*,#6635,.T.);
#6635 = EDGE_CURVE('',#6606,#6553,#6636,.T.);
#6636 = SURFACE_CURVE('',#6637,(#6641,#6647),.PCURVE_S1.);
#6637 = LINE('',#6638,#6639);
#6638 = CARTESIAN_POINT('',(6.9725,1.9,0.3));
#6639 = VECTOR('',#6640,1.);
#6640 = DIRECTION('',(1.,0.,0.));
#6641 = PCURVE('',#6568,#6642);
#6642 = DEFINITIONAL_REPRESENTATION('',(#6643),#6646);
#6643 = B_SPLINE_CURVE_WITH_KNOTS('',1,(#6644,#6645),.UNSPECIFIED.,.F.,
  .F.,(2,2),(-1.0275,0.5525),.PIECEWISE_BEZIER_KNOTS.);
#6644 = CARTESIAN_POINT('',(-2.22044604925E-16,0.3));
#6645 = CARTESIAN_POINT('',(1.58,0.3));
#6646 = ( GEOMETRIC_REPRESENTATION_CONTEXT(2) 
PARAMETRIC_REPRESENTATION_CONTEXT() REPRESENTATION_CONTEXT('2D SPACE',''
  ) );
#6647 = PCURVE('',#5827,#6648);
#6648 = DEFINITIONAL_REPRESENTATION('',(#6649),#6652);
#6649 = B_SPLINE_CURVE_WITH_KNOTS('',1,(#6650,#6651),.UNSPECIFIED.,.F.,
  .F.,(2,2),(-1.0275,0.5525),.PIECEWISE_BEZIER_KNOTS.);
#6650 = CARTESIAN_POINT('',(-1.3,-2.055));
#6651 = CARTESIAN_POINT('',(-1.3,-0.475));
#6652 = ( GEOMETRIC_REPRESENTATION_CONTEXT(2) 
PARAMETRIC_REPRESENTATION_CONTEXT() REPRESENTATION_CONTEXT('2D SPACE',''
  ) );
#6653 = ORIENTED_EDGE('',*,*,#6552,.T.);
#6654 = ORIENTED_EDGE('',*,*,#6655,.T.);
#6655 = EDGE_CURVE('',#6525,#6656,#6658,.T.);
#6656 = VERTEX_POINT('',#6657);
#6657 = CARTESIAN_POINT('',(7.175,4.,0.3));
#6658 = SURFACE_CURVE('',#6659,(#6663,#6670),.PCURVE_S1.);
#6659 = LINE('',#6660,#6661);
#6660 = CARTESIAN_POINT('',(7.555,3.62,0.3));
#6661 = VECTOR('',#6662,1.);
#6662 = DIRECTION('',(-0.707106781187,0.707106781187,0.));
#6663 = PCURVE('',#6568,#6664);
#6664 = DEFINITIONAL_REPRESENTATION('',(#6665),#6669);
#6665 = LINE('',#6666,#6667);
#6666 = CARTESIAN_POINT('',(1.61,2.02));
#6667 = VECTOR('',#6668,1.);
#6668 = DIRECTION('',(-0.707106781187,0.707106781187));
#6669 = ( GEOMETRIC_REPRESENTATION_CONTEXT(2) 
PARAMETRIC_REPRESENTATION_CONTEXT() REPRESENTATION_CONTEXT('2D SPACE',''
  ) );
#6670 = PCURVE('',#6540,#6671);
#6671 = DEFINITIONAL_REPRESENTATION('',(#6672),#6676);
#6672 = LINE('',#6673,#6674);
#6673 = CARTESIAN_POINT('',(-0.3,-0.289913780286));
#6674 = VECTOR('',#6675,1.);
#6675 = DIRECTION('',(-0.,1.));
#6676 = ( GEOMETRIC_REPRESENTATION_CONTEXT(2) 
PARAMETRIC_REPRESENTATION_CONTEXT() REPRESENTATION_CONTEXT('2D SPACE',''
  ) );
#6677 = ORIENTED_EDGE('',*,*,#6678,.F.);
#6678 = EDGE_CURVE('',#6679,#6656,#6681,.T.);
#6679 = VERTEX_POINT('',#6680);
#6680 = CARTESIAN_POINT('',(6.295,4.,0.3));
#6681 = SURFACE_CURVE('',#6682,(#6686,#6693),.PCURVE_S1.);
#6682 = LINE('',#6683,#6684);
#6683 = CARTESIAN_POINT('',(5.945,4.,0.3));
#6684 = VECTOR('',#6685,1.);
#6685 = DIRECTION('',(1.,0.,0.));
#6686 = PCURVE('',#6568,#6687);
#6687 = DEFINITIONAL_REPRESENTATION('',(#6688),#6692);
#6688 = LINE('',#6689,#6690);
#6689 = CARTESIAN_POINT('',(0.,2.4));
#6690 = VECTOR('',#6691,1.);
#6691 = DIRECTION('',(1.,0.));
#6692 = ( GEOMETRIC_REPRESENTATION_CONTEXT(2) 
PARAMETRIC_REPRESENTATION_CONTEXT() REPRESENTATION_CONTEXT('2D SPACE',''
  ) );
#6693 = PCURVE('',#6694,#6699);
#6694 = PLANE('',#6695);
#6695 = AXIS2_PLACEMENT_3D('',#6696,#6697,#6698);
#6696 = CARTESIAN_POINT('',(5.945,4.,0.));
#6697 = DIRECTION('',(0.,1.,0.));
#6698 = DIRECTION('',(0.,0.,1.));
#6699 = DEFINITIONAL_REPRESENTATION('',(#6700),#6704);
#6700 = LINE('',#6701,#6702);
#6701 = CARTESIAN_POINT('',(0.3,0.));
#6702 = VECTOR('',#6703,1.);
#6703 = DIRECTION('',(0.,1.));
#6704 = ( GEOMETRIC_REPRESENTATION_CONTEXT(2) 
PARAMETRIC_REPRESENTATION_CONTEXT() REPRESENTATION_CONTEXT('2D SPACE',''
  ) );
#6705 = ORIENTED_EDGE('',*,*,#6706,.F.);
#6706 = EDGE_CURVE('',#6608,#6679,#6707,.T.);
#6707 = SURFACE_CURVE('',#6708,(#6712,#6719),.PCURVE_S1.);
#6708 = LINE('',#6709,#6710);
#6709 = CARTESIAN_POINT('',(5.52,3.225,0.3));
#6710 = VECTOR('',#6711,1.);
#6711 = DIRECTION('',(0.707106781187,0.707106781187,-0.));
#6712 = PCURVE('',#6568,#6713);
#6713 = DEFINITIONAL_REPRESENTATION('',(#6714),#6718);
#6714 = LINE('',#6715,#6716);
#6715 = CARTESIAN_POINT('',(-0.425,1.625));
#6716 = VECTOR('',#6717,1.);
#6717 = DIRECTION('',(0.707106781187,0.707106781187));
#6718 = ( GEOMETRIC_REPRESENTATION_CONTEXT(2) 
PARAMETRIC_REPRESENTATION_CONTEXT() REPRESENTATION_CONTEXT('2D SPACE',''
  ) );
#6719 = PCURVE('',#6720,#6725);
#6720 = PLANE('',#6721);
#6721 = AXIS2_PLACEMENT_3D('',#6722,#6723,#6724);
#6722 = CARTESIAN_POINT('',(6.12,3.825,0.));
#6723 = DIRECTION('',(0.707106781187,-0.707106781187,0.));
#6724 = DIRECTION('',(-0.,-0.,-1.));
#6725 = DEFINITIONAL_REPRESENTATION('',(#6726),#6730);
#6726 = LINE('',#6727,#6728);
#6727 = CARTESIAN_POINT('',(-0.3,-0.848528137424));
#6728 = VECTOR('',#6729,1.);
#6729 = DIRECTION('',(-0.,1.));
#6730 = ( GEOMETRIC_REPRESENTATION_CONTEXT(2) 
PARAMETRIC_REPRESENTATION_CONTEXT() REPRESENTATION_CONTEXT('2D SPACE',''
  ) );
#6731 = ADVANCED_FACE('',(#6732),#6694,.T.);
#6732 = FACE_BOUND('',#6733,.T.);
#6733 = EDGE_LOOP('',(#6734,#6759,#6780,#6781));
#6734 = ORIENTED_EDGE('',*,*,#6735,.F.);
#6735 = EDGE_CURVE('',#6736,#6738,#6740,.T.);
#6736 = VERTEX_POINT('',#6737);
#6737 = CARTESIAN_POINT('',(6.295,4.,0.));
#6738 = VERTEX_POINT('',#6739);
#6739 = CARTESIAN_POINT('',(7.175,4.,0.));
#6740 = SURFACE_CURVE('',#6741,(#6745,#6752),.PCURVE_S1.);
#6741 = LINE('',#6742,#6743);
#6742 = CARTESIAN_POINT('',(5.945,4.,0.));
#6743 = VECTOR('',#6744,1.);
#6744 = DIRECTION('',(1.,0.,0.));
#6745 = PCURVE('',#6694,#6746);
#6746 = DEFINITIONAL_REPRESENTATION('',(#6747),#6751);
#6747 = LINE('',#6748,#6749);
#6748 = CARTESIAN_POINT('',(0.,0.));
#6749 = VECTOR('',#6750,1.);
#6750 = DIRECTION('',(0.,1.));
#6751 = ( GEOMETRIC_REPRESENTATION_CONTEXT(2) 
PARAMETRIC_REPRESENTATION_CONTEXT() REPRESENTATION_CONTEXT('2D SPACE',''
  ) );
#6752 = PCURVE('',#6512,#6753);
#6753 = DEFINITIONAL_REPRESENTATION('',(#6754),#6758);
#6754 = LINE('',#6755,#6756);
#6755 = CARTESIAN_POINT('',(0.,2.4));
#6756 = VECTOR('',#6757,1.);
#6757 = DIRECTION('',(1.,0.));
#6758 = ( GEOMETRIC_REPRESENTATION_CONTEXT(2) 
PARAMETRIC_REPRESENTATION_CONTEXT() REPRESENTATION_CONTEXT('2D SPACE',''
  ) );
#6759 = ORIENTED_EDGE('',*,*,#6760,.T.);
#6760 = EDGE_CURVE('',#6736,#6679,#6761,.T.);
#6761 = SURFACE_CURVE('',#6762,(#6766,#6773),.PCURVE_S1.);
#6762 = LINE('',#6763,#6764);
#6763 = CARTESIAN_POINT('',(6.295,4.,0.));
#6764 = VECTOR('',#6765,1.);
#6765 = DIRECTION('',(0.,0.,1.));
#6766 = PCURVE('',#6694,#6767);
#6767 = DEFINITIONAL_REPRESENTATION('',(#6768),#6772);
#6768 = LINE('',#6769,#6770);
#6769 = CARTESIAN_POINT('',(0.,0.35));
#6770 = VECTOR('',#6771,1.);
#6771 = DIRECTION('',(1.,0.));
#6772 = ( GEOMETRIC_REPRESENTATION_CONTEXT(2) 
PARAMETRIC_REPRESENTATION_CONTEXT() REPRESENTATION_CONTEXT('2D SPACE',''
  ) );
#6773 = PCURVE('',#6720,#6774);
#6774 = DEFINITIONAL_REPRESENTATION('',(#6775),#6779);
#6775 = LINE('',#6776,#6777);
#6776 = CARTESIAN_POINT('',(-0.,0.247487373415));
#6777 = VECTOR('',#6778,1.);
#6778 = DIRECTION('',(-1.,0.));
#6779 = ( GEOMETRIC_REPRESENTATION_CONTEXT(2) 
PARAMETRIC_REPRESENTATION_CONTEXT() REPRESENTATION_CONTEXT('2D SPACE',''
  ) );
#6780 = ORIENTED_EDGE('',*,*,#6678,.T.);
#6781 = ORIENTED_EDGE('',*,*,#6782,.F.);
#6782 = EDGE_CURVE('',#6738,#6656,#6783,.T.);
#6783 = SURFACE_CURVE('',#6784,(#6788,#6795),.PCURVE_S1.);
#6784 = LINE('',#6785,#6786);
#6785 = CARTESIAN_POINT('',(7.175,4.,0.));
#6786 = VECTOR('',#6787,1.);
#6787 = DIRECTION('',(0.,0.,1.));
#6788 = PCURVE('',#6694,#6789);
#6789 = DEFINITIONAL_REPRESENTATION('',(#6790),#6794);
#6790 = LINE('',#6791,#6792);
#6791 = CARTESIAN_POINT('',(0.,1.23));
#6792 = VECTOR('',#6793,1.);
#6793 = DIRECTION('',(1.,0.));
#6794 = ( GEOMETRIC_REPRESENTATION_CONTEXT(2) 
PARAMETRIC_REPRESENTATION_CONTEXT() REPRESENTATION_CONTEXT('2D SPACE',''
  ) );
#6795 = PCURVE('',#6540,#6796);
#6796 = DEFINITIONAL_REPRESENTATION('',(#6797),#6801);
#6797 = LINE('',#6798,#6799);
#6798 = CARTESIAN_POINT('',(-0.,0.247487373415));
#6799 = VECTOR('',#6800,1.);
#6800 = DIRECTION('',(-1.,0.));
#6801 = ( GEOMETRIC_REPRESENTATION_CONTEXT(2) 
PARAMETRIC_REPRESENTATION_CONTEXT() REPRESENTATION_CONTEXT('2D SPACE',''
  ) );
#6802 = ADVANCED_FACE('',(#6803),#6720,.F.);
#6803 = FACE_BOUND('',#6804,.T.);
#6804 = EDGE_LOOP('',(#6805,#6828,#6849,#6850));
#6805 = ORIENTED_EDGE('',*,*,#6806,.F.);
#6806 = EDGE_CURVE('',#6807,#6736,#6809,.T.);
#6807 = VERTEX_POINT('',#6808);
#6808 = CARTESIAN_POINT('',(5.945,3.65,0.));
#6809 = SURFACE_CURVE('',#6810,(#6814,#6821),.PCURVE_S1.);
#6810 = LINE('',#6811,#6812);
#6811 = CARTESIAN_POINT('',(5.52,3.225,0.));
#6812 = VECTOR('',#6813,1.);
#6813 = DIRECTION('',(0.707106781187,0.707106781187,-0.));
#6814 = PCURVE('',#6720,#6815);
#6815 = DEFINITIONAL_REPRESENTATION('',(#6816),#6820);
#6816 = LINE('',#6817,#6818);
#6817 = CARTESIAN_POINT('',(-0.,-0.848528137424));
#6818 = VECTOR('',#6819,1.);
#6819 = DIRECTION('',(-0.,1.));
#6820 = ( GEOMETRIC_REPRESENTATION_CONTEXT(2) 
PARAMETRIC_REPRESENTATION_CONTEXT() REPRESENTATION_CONTEXT('2D SPACE',''
  ) );
#6821 = PCURVE('',#6512,#6822);
#6822 = DEFINITIONAL_REPRESENTATION('',(#6823),#6827);
#6823 = LINE('',#6824,#6825);
#6824 = CARTESIAN_POINT('',(-0.425,1.625));
#6825 = VECTOR('',#6826,1.);
#6826 = DIRECTION('',(0.707106781187,0.707106781187));
#6827 = ( GEOMETRIC_REPRESENTATION_CONTEXT(2) 
PARAMETRIC_REPRESENTATION_CONTEXT() REPRESENTATION_CONTEXT('2D SPACE',''
  ) );
#6828 = ORIENTED_EDGE('',*,*,#6829,.T.);
#6829 = EDGE_CURVE('',#6807,#6608,#6830,.T.);
#6830 = SURFACE_CURVE('',#6831,(#6835,#6842),.PCURVE_S1.);
#6831 = LINE('',#6832,#6833);
#6832 = CARTESIAN_POINT('',(5.945,3.65,0.));
#6833 = VECTOR('',#6834,1.);
#6834 = DIRECTION('',(0.,0.,1.));
#6835 = PCURVE('',#6720,#6836);
#6836 = DEFINITIONAL_REPRESENTATION('',(#6837),#6841);
#6837 = LINE('',#6838,#6839);
#6838 = CARTESIAN_POINT('',(-0.,-0.247487373415));
#6839 = VECTOR('',#6840,1.);
#6840 = DIRECTION('',(-1.,0.));
#6841 = ( GEOMETRIC_REPRESENTATION_CONTEXT(2) 
PARAMETRIC_REPRESENTATION_CONTEXT() REPRESENTATION_CONTEXT('2D SPACE',''
  ) );
#6842 = PCURVE('',#6623,#6843);
#6843 = DEFINITIONAL_REPRESENTATION('',(#6844),#6848);
#6844 = LINE('',#6845,#6846);
#6845 = CARTESIAN_POINT('',(0.,-2.05));
#6846 = VECTOR('',#6847,1.);
#6847 = DIRECTION('',(1.,0.));
#6848 = ( GEOMETRIC_REPRESENTATION_CONTEXT(2) 
PARAMETRIC_REPRESENTATION_CONTEXT() REPRESENTATION_CONTEXT('2D SPACE',''
  ) );
#6849 = ORIENTED_EDGE('',*,*,#6706,.T.);
#6850 = ORIENTED_EDGE('',*,*,#6760,.F.);
#6851 = ADVANCED_FACE('',(#6852),#6623,.F.);
#6852 = FACE_BOUND('',#6853,.F.);
#6853 = EDGE_LOOP('',(#6854,#6879,#6900,#6901,#6902,#6925));
#6854 = ORIENTED_EDGE('',*,*,#6855,.T.);
#6855 = EDGE_CURVE('',#6856,#6858,#6860,.T.);
#6856 = VERTEX_POINT('',#6857);
#6857 = CARTESIAN_POINT('',(5.945,1.6,1.6));
#6858 = VERTEX_POINT('',#6859);
#6859 = CARTESIAN_POINT('',(5.945,1.6,0.));
#6860 = SURFACE_CURVE('',#6861,(#6865,#6872),.PCURVE_S1.);
#6861 = LINE('',#6862,#6863);
#6862 = CARTESIAN_POINT('',(5.945,1.6,1.6));
#6863 = VECTOR('',#6864,1.);
#6864 = DIRECTION('',(0.,1.387778780781E-16,-1.));
#6865 = PCURVE('',#6623,#6866);
#6866 = DEFINITIONAL_REPRESENTATION('',(#6867),#6871);
#6867 = LINE('',#6868,#6869);
#6868 = CARTESIAN_POINT('',(1.6,0.));
#6869 = VECTOR('',#6870,1.);
#6870 = DIRECTION('',(-1.,-1.387778780781E-16));
#6871 = ( GEOMETRIC_REPRESENTATION_CONTEXT(2) 
PARAMETRIC_REPRESENTATION_CONTEXT() REPRESENTATION_CONTEXT('2D SPACE',''
  ) );
#6872 = PCURVE('',#5939,#6873);
#6873 = DEFINITIONAL_REPRESENTATION('',(#6874),#6878);
#6874 = LINE('',#6875,#6876);
#6875 = CARTESIAN_POINT('',(0.,2.245));
#6876 = VECTOR('',#6877,1.);
#6877 = DIRECTION('',(-1.,0.));
#6878 = ( GEOMETRIC_REPRESENTATION_CONTEXT(2) 
PARAMETRIC_REPRESENTATION_CONTEXT() REPRESENTATION_CONTEXT('2D SPACE',''
  ) );
#6879 = ORIENTED_EDGE('',*,*,#6880,.F.);
#6880 = EDGE_CURVE('',#6807,#6858,#6881,.T.);
#6881 = SURFACE_CURVE('',#6882,(#6886,#6893),.PCURVE_S1.);
#6882 = LINE('',#6883,#6884);
#6883 = CARTESIAN_POINT('',(5.945,3.65,0.));
#6884 = VECTOR('',#6885,1.);
#6885 = DIRECTION('',(0.,-1.,0.));
#6886 = PCURVE('',#6623,#6887);
#6887 = DEFINITIONAL_REPRESENTATION('',(#6888),#6892);
#6888 = LINE('',#6889,#6890);
#6889 = CARTESIAN_POINT('',(0.,-2.05));
#6890 = VECTOR('',#6891,1.);
#6891 = DIRECTION('',(0.,1.));
#6892 = ( GEOMETRIC_REPRESENTATION_CONTEXT(2) 
PARAMETRIC_REPRESENTATION_CONTEXT() REPRESENTATION_CONTEXT('2D SPACE',''
  ) );
#6893 = PCURVE('',#6512,#6894);
#6894 = DEFINITIONAL_REPRESENTATION('',(#6895),#6899);
#6895 = LINE('',#6896,#6897);
#6896 = CARTESIAN_POINT('',(0.,2.05));
#6897 = VECTOR('',#6898,1.);
#6898 = DIRECTION('',(0.,-1.));
#6899 = ( GEOMETRIC_REPRESENTATION_CONTEXT(2) 
PARAMETRIC_REPRESENTATION_CONTEXT() REPRESENTATION_CONTEXT('2D SPACE',''
  ) );
#6900 = ORIENTED_EDGE('',*,*,#6829,.T.);
#6901 = ORIENTED_EDGE('',*,*,#6605,.F.);
#6902 = ORIENTED_EDGE('',*,*,#6903,.T.);
#6903 = EDGE_CURVE('',#6606,#6904,#6906,.T.);
#6904 = VERTEX_POINT('',#6905);
#6905 = CARTESIAN_POINT('',(5.945,1.9,1.6));
#6906 = SURFACE_CURVE('',#6907,(#6911,#6918),.PCURVE_S1.);
#6907 = LINE('',#6908,#6909);
#6908 = CARTESIAN_POINT('',(5.945,1.9,0.));
#6909 = VECTOR('',#6910,1.);
#6910 = DIRECTION('',(0.,0.,1.));
#6911 = PCURVE('',#6623,#6912);
#6912 = DEFINITIONAL_REPRESENTATION('',(#6913),#6917);
#6913 = LINE('',#6914,#6915);
#6914 = CARTESIAN_POINT('',(0.,-0.3));
#6915 = VECTOR('',#6916,1.);
#6916 = DIRECTION('',(1.,0.));
#6917 = ( GEOMETRIC_REPRESENTATION_CONTEXT(2) 
PARAMETRIC_REPRESENTATION_CONTEXT() REPRESENTATION_CONTEXT('2D SPACE',''
  ) );
#6918 = PCURVE('',#5827,#6919);
#6919 = DEFINITIONAL_REPRESENTATION('',(#6920),#6924);
#6920 = LINE('',#6921,#6922);
#6921 = CARTESIAN_POINT('',(-1.6,-2.055));
#6922 = VECTOR('',#6923,1.);
#6923 = DIRECTION('',(1.,0.));
#6924 = ( GEOMETRIC_REPRESENTATION_CONTEXT(2) 
PARAMETRIC_REPRESENTATION_CONTEXT() REPRESENTATION_CONTEXT('2D SPACE',''
  ) );
#6925 = ORIENTED_EDGE('',*,*,#6926,.F.);
#6926 = EDGE_CURVE('',#6856,#6904,#6927,.T.);
#6927 = SURFACE_CURVE('',#6928,(#6932,#6939),.PCURVE_S1.);
#6928 = LINE('',#6929,#6930);
#6929 = CARTESIAN_POINT('',(5.945,-0.15,1.6));
#6930 = VECTOR('',#6931,1.);
#6931 = DIRECTION('',(0.,1.,0.));
#6932 = PCURVE('',#6623,#6933);
#6933 = DEFINITIONAL_REPRESENTATION('',(#6934),#6938);
#6934 = LINE('',#6935,#6936);
#6935 = CARTESIAN_POINT('',(1.6,1.75));
#6936 = VECTOR('',#6937,1.);
#6937 = DIRECTION('',(0.,-1.));
#6938 = ( GEOMETRIC_REPRESENTATION_CONTEXT(2) 
PARAMETRIC_REPRESENTATION_CONTEXT() REPRESENTATION_CONTEXT('2D SPACE',''
  ) );
#6939 = PCURVE('',#6940,#6945);
#6940 = PLANE('',#6941);
#6941 = AXIS2_PLACEMENT_3D('',#6942,#6943,#6944);
#6942 = CARTESIAN_POINT('',(8.,-1.9,1.6));
#6943 = DIRECTION('',(0.,0.,1.));
#6944 = DIRECTION('',(1.,0.,0.));
#6945 = DEFINITIONAL_REPRESENTATION('',(#6946),#6949);
#6946 = B_SPLINE_CURVE_WITH_KNOTS('',1,(#6947,#6948),.UNSPECIFIED.,.F.,
  .F.,(2,2),(1.75,2.05),.PIECEWISE_BEZIER_KNOTS.);
#6947 = CARTESIAN_POINT('',(-2.055,3.5));
#6948 = CARTESIAN_POINT('',(-2.055,3.8));
#6949 = ( GEOMETRIC_REPRESENTATION_CONTEXT(2) 
PARAMETRIC_REPRESENTATION_CONTEXT() REPRESENTATION_CONTEXT('2D SPACE',''
  ) );
#6950 = ADVANCED_FACE('',(#6951),#6940,.F.);
#6951 = FACE_BOUND('',#6952,.F.);
#6952 = EDGE_LOOP('',(#6953,#6976,#6977,#7000,#7023,#7046));
#6953 = ORIENTED_EDGE('',*,*,#6954,.T.);
#6954 = EDGE_CURVE('',#6955,#6856,#6957,.T.);
#6955 = VERTEX_POINT('',#6956);
#6956 = CARTESIAN_POINT('',(4.,1.6,1.6));
#6957 = SURFACE_CURVE('',#6958,(#6962,#6969),.PCURVE_S1.);
#6958 = LINE('',#6959,#6960);
#6959 = CARTESIAN_POINT('',(3.7,1.6,1.6));
#6960 = VECTOR('',#6961,1.);
#6961 = DIRECTION('',(1.,0.,0.));
#6962 = PCURVE('',#6940,#6963);
#6963 = DEFINITIONAL_REPRESENTATION('',(#6964),#6968);
#6964 = LINE('',#6965,#6966);
#6965 = CARTESIAN_POINT('',(-4.3,3.5));
#6966 = VECTOR('',#6967,1.);
#6967 = DIRECTION('',(1.,0.));
#6968 = ( GEOMETRIC_REPRESENTATION_CONTEXT(2) 
PARAMETRIC_REPRESENTATION_CONTEXT() REPRESENTATION_CONTEXT('2D SPACE',''
  ) );
#6969 = PCURVE('',#5939,#6970);
#6970 = DEFINITIONAL_REPRESENTATION('',(#6971),#6975);
#6971 = LINE('',#6972,#6973);
#6972 = CARTESIAN_POINT('',(0.,0.));
#6973 = VECTOR('',#6974,1.);
#6974 = DIRECTION('',(0.,1.));
#6975 = ( GEOMETRIC_REPRESENTATION_CONTEXT(2) 
PARAMETRIC_REPRESENTATION_CONTEXT() REPRESENTATION_CONTEXT('2D SPACE',''
  ) );
#6976 = ORIENTED_EDGE('',*,*,#6926,.T.);
#6977 = ORIENTED_EDGE('',*,*,#6978,.F.);
#6978 = EDGE_CURVE('',#6979,#6904,#6981,.T.);
#6979 = VERTEX_POINT('',#6980);
#6980 = CARTESIAN_POINT('',(3.7,1.9,1.6));
#6981 = SURFACE_CURVE('',#6982,(#6986,#6993),.PCURVE_S1.);
#6982 = LINE('',#6983,#6984);
#6983 = CARTESIAN_POINT('',(3.7,1.9,1.6));
#6984 = VECTOR('',#6985,1.);
#6985 = DIRECTION('',(1.,4.827056628805E-17,0.));
#6986 = PCURVE('',#6940,#6987);
#6987 = DEFINITIONAL_REPRESENTATION('',(#6988),#6992);
#6988 = LINE('',#6989,#6990);
#6989 = CARTESIAN_POINT('',(-4.3,3.8));
#6990 = VECTOR('',#6991,1.);
#6991 = DIRECTION('',(1.,4.827056628805E-17));
#6992 = ( GEOMETRIC_REPRESENTATION_CONTEXT(2) 
PARAMETRIC_REPRESENTATION_CONTEXT() REPRESENTATION_CONTEXT('2D SPACE',''
  ) );
#6993 = PCURVE('',#5827,#6994);
#6994 = DEFINITIONAL_REPRESENTATION('',(#6995),#6999);
#6995 = LINE('',#6996,#6997);
#6996 = CARTESIAN_POINT('',(0.,-4.3));
#6997 = VECTOR('',#6998,1.);
#6998 = DIRECTION('',(0.,1.));
#6999 = ( GEOMETRIC_REPRESENTATION_CONTEXT(2) 
PARAMETRIC_REPRESENTATION_CONTEXT() REPRESENTATION_CONTEXT('2D SPACE',''
  ) );
#7000 = ORIENTED_EDGE('',*,*,#7001,.F.);
#7001 = EDGE_CURVE('',#7002,#6979,#7004,.T.);
#7002 = VERTEX_POINT('',#7003);
#7003 = CARTESIAN_POINT('',(3.7,0.85,1.6));
#7004 = SURFACE_CURVE('',#7005,(#7009,#7016),.PCURVE_S1.);
#7005 = LINE('',#7006,#7007);
#7006 = CARTESIAN_POINT('',(3.7,0.85,1.6));
#7007 = VECTOR('',#7008,1.);
#7008 = DIRECTION('',(4.229421046191E-16,1.,0.));
#7009 = PCURVE('',#6940,#7010);
#7010 = DEFINITIONAL_REPRESENTATION('',(#7011),#7015);
#7011 = LINE('',#7012,#7013);
#7012 = CARTESIAN_POINT('',(-4.3,2.75));
#7013 = VECTOR('',#7014,1.);
#7014 = DIRECTION('',(4.229421046191E-16,1.));
#7015 = ( GEOMETRIC_REPRESENTATION_CONTEXT(2) 
PARAMETRIC_REPRESENTATION_CONTEXT() REPRESENTATION_CONTEXT('2D SPACE',''
  ) );
#7016 = PCURVE('',#5855,#7017);
#7017 = DEFINITIONAL_REPRESENTATION('',(#7018),#7022);
#7018 = LINE('',#7019,#7020);
#7019 = CARTESIAN_POINT('',(0.,0.75));
#7020 = VECTOR('',#7021,1.);
#7021 = DIRECTION('',(0.,-1.));
#7022 = ( GEOMETRIC_REPRESENTATION_CONTEXT(2) 
PARAMETRIC_REPRESENTATION_CONTEXT() REPRESENTATION_CONTEXT('2D SPACE',''
  ) );
#7023 = ORIENTED_EDGE('',*,*,#7024,.T.);
#7024 = EDGE_CURVE('',#7002,#7025,#7027,.T.);
#7025 = VERTEX_POINT('',#7026);
#7026 = CARTESIAN_POINT('',(4.,0.85,1.6));
#7027 = SURFACE_CURVE('',#7028,(#7032,#7039),.PCURVE_S1.);
#7028 = LINE('',#7029,#7030);
#7029 = CARTESIAN_POINT('',(3.7,0.85,1.6));
#7030 = VECTOR('',#7031,1.);
#7031 = DIRECTION('',(1.,0.,0.));
#7032 = PCURVE('',#6940,#7033);
#7033 = DEFINITIONAL_REPRESENTATION('',(#7034),#7038);
#7034 = LINE('',#7035,#7036);
#7035 = CARTESIAN_POINT('',(-4.3,2.75));
#7036 = VECTOR('',#7037,1.);
#7037 = DIRECTION('',(1.,0.));
#7038 = ( GEOMETRIC_REPRESENTATION_CONTEXT(2) 
PARAMETRIC_REPRESENTATION_CONTEXT() REPRESENTATION_CONTEXT('2D SPACE',''
  ) );
#7039 = PCURVE('',#5883,#7040);
#7040 = DEFINITIONAL_REPRESENTATION('',(#7041),#7045);
#7041 = LINE('',#7042,#7043);
#7042 = CARTESIAN_POINT('',(0.,0.));
#7043 = VECTOR('',#7044,1.);
#7044 = DIRECTION('',(0.,1.));
#7045 = ( GEOMETRIC_REPRESENTATION_CONTEXT(2) 
PARAMETRIC_REPRESENTATION_CONTEXT() REPRESENTATION_CONTEXT('2D SPACE',''
  ) );
#7046 = ORIENTED_EDGE('',*,*,#7047,.T.);
#7047 = EDGE_CURVE('',#7025,#6955,#7048,.T.);
#7048 = SURFACE_CURVE('',#7049,(#7053,#7060),.PCURVE_S1.);
#7049 = LINE('',#7050,#7051);
#7050 = CARTESIAN_POINT('',(4.,0.85,1.6));
#7051 = VECTOR('',#7052,1.);
#7052 = DIRECTION('',(0.,1.,0.));
#7053 = PCURVE('',#6940,#7054);
#7054 = DEFINITIONAL_REPRESENTATION('',(#7055),#7059);
#7055 = LINE('',#7056,#7057);
#7056 = CARTESIAN_POINT('',(-4.,2.75));
#7057 = VECTOR('',#7058,1.);
#7058 = DIRECTION('',(0.,1.));
#7059 = ( GEOMETRIC_REPRESENTATION_CONTEXT(2) 
PARAMETRIC_REPRESENTATION_CONTEXT() REPRESENTATION_CONTEXT('2D SPACE',''
  ) );
#7060 = PCURVE('',#5911,#7061);
#7061 = DEFINITIONAL_REPRESENTATION('',(#7062),#7066);
#7062 = LINE('',#7063,#7064);
#7063 = CARTESIAN_POINT('',(0.,0.));
#7064 = VECTOR('',#7065,1.);
#7065 = DIRECTION('',(0.,-1.));
#7066 = ( GEOMETRIC_REPRESENTATION_CONTEXT(2) 
PARAMETRIC_REPRESENTATION_CONTEXT() REPRESENTATION_CONTEXT('2D SPACE',''
  ) );
#7067 = ADVANCED_FACE('',(#7068),#6540,.T.);
#7068 = FACE_BOUND('',#7069,.F.);
#7069 = EDGE_LOOP('',(#7070,#7091,#7092,#7093));
#7070 = ORIENTED_EDGE('',*,*,#7071,.F.);
#7071 = EDGE_CURVE('',#6497,#6738,#7072,.T.);
#7072 = SURFACE_CURVE('',#7073,(#7077,#7084),.PCURVE_S1.);
#7073 = LINE('',#7074,#7075);
#7074 = CARTESIAN_POINT('',(7.555,3.62,0.));
#7075 = VECTOR('',#7076,1.);
#7076 = DIRECTION('',(-0.707106781187,0.707106781187,0.));
#7077 = PCURVE('',#6540,#7078);
#7078 = DEFINITIONAL_REPRESENTATION('',(#7079),#7083);
#7079 = LINE('',#7080,#7081);
#7080 = CARTESIAN_POINT('',(-0.,-0.289913780286));
#7081 = VECTOR('',#7082,1.);
#7082 = DIRECTION('',(-0.,1.));
#7083 = ( GEOMETRIC_REPRESENTATION_CONTEXT(2) 
PARAMETRIC_REPRESENTATION_CONTEXT() REPRESENTATION_CONTEXT('2D SPACE',''
  ) );
#7084 = PCURVE('',#6512,#7085);
#7085 = DEFINITIONAL_REPRESENTATION('',(#7086),#7090);
#7086 = LINE('',#7087,#7088);
#7087 = CARTESIAN_POINT('',(1.61,2.02));
#7088 = VECTOR('',#7089,1.);
#7089 = DIRECTION('',(-0.707106781187,0.707106781187));
#7090 = ( GEOMETRIC_REPRESENTATION_CONTEXT(2) 
PARAMETRIC_REPRESENTATION_CONTEXT() REPRESENTATION_CONTEXT('2D SPACE',''
  ) );
#7091 = ORIENTED_EDGE('',*,*,#6524,.T.);
#7092 = ORIENTED_EDGE('',*,*,#6655,.T.);
#7093 = ORIENTED_EDGE('',*,*,#6782,.F.);
#7094 = ADVANCED_FACE('',(#7095),#6512,.F.);
#7095 = FACE_BOUND('',#7096,.F.);
#7096 = EDGE_LOOP('',(#7097,#7118,#7119,#7120,#7121,#7122));
#7097 = ORIENTED_EDGE('',*,*,#7098,.T.);
#7098 = EDGE_CURVE('',#6858,#6474,#7099,.T.);
#7099 = SURFACE_CURVE('',#7100,(#7104,#7111),.PCURVE_S1.);
#7100 = LINE('',#7101,#7102);
#7101 = CARTESIAN_POINT('',(5.945,1.6,0.));
#7102 = VECTOR('',#7103,1.);
#7103 = DIRECTION('',(1.,0.,0.));
#7104 = PCURVE('',#6512,#7105);
#7105 = DEFINITIONAL_REPRESENTATION('',(#7106),#7110);
#7106 = LINE('',#7107,#7108);
#7107 = CARTESIAN_POINT('',(0.,0.));
#7108 = VECTOR('',#7109,1.);
#7109 = DIRECTION('',(1.,0.));
#7110 = ( GEOMETRIC_REPRESENTATION_CONTEXT(2) 
PARAMETRIC_REPRESENTATION_CONTEXT() REPRESENTATION_CONTEXT('2D SPACE',''
  ) );
#7111 = PCURVE('',#5939,#7112);
#7112 = DEFINITIONAL_REPRESENTATION('',(#7113),#7117);
#7113 = LINE('',#7114,#7115);
#7114 = CARTESIAN_POINT('',(-1.6,2.245));
#7115 = VECTOR('',#7116,1.);
#7116 = DIRECTION('',(0.,1.));
#7117 = ( GEOMETRIC_REPRESENTATION_CONTEXT(2) 
PARAMETRIC_REPRESENTATION_CONTEXT() REPRESENTATION_CONTEXT('2D SPACE',''
  ) );
#7118 = ORIENTED_EDGE('',*,*,#6496,.T.);
#7119 = ORIENTED_EDGE('',*,*,#7071,.T.);
#7120 = ORIENTED_EDGE('',*,*,#6735,.F.);
#7121 = ORIENTED_EDGE('',*,*,#6806,.F.);
#7122 = ORIENTED_EDGE('',*,*,#6880,.T.);
#7123 = ADVANCED_FACE('',(#7124),#6239,.T.);
#7124 = FACE_BOUND('',#7125,.T.);
#7125 = EDGE_LOOP('',(#7126,#7127,#7150,#7178,#7206,#7227));
#7126 = ORIENTED_EDGE('',*,*,#6223,.F.);
#7127 = ORIENTED_EDGE('',*,*,#7128,.F.);
#7128 = EDGE_CURVE('',#7129,#6224,#7131,.T.);
#7129 = VERTEX_POINT('',#7130);
#7130 = CARTESIAN_POINT('',(7.525,-3.65,0.3));
#7131 = SURFACE_CURVE('',#7132,(#7136,#7143),.PCURVE_S1.);
#7132 = LINE('',#7133,#7134);
#7133 = CARTESIAN_POINT('',(7.525,-4.,0.3));
#7134 = VECTOR('',#7135,1.);
#7135 = DIRECTION('',(0.,1.,0.));
#7136 = PCURVE('',#6239,#7137);
#7137 = DEFINITIONAL_REPRESENTATION('',(#7138),#7142);
#7138 = LINE('',#7139,#7140);
#7139 = CARTESIAN_POINT('',(0.3,2.1));
#7140 = VECTOR('',#7141,1.);
#7141 = DIRECTION('',(0.,-1.));
#7142 = ( GEOMETRIC_REPRESENTATION_CONTEXT(2) 
PARAMETRIC_REPRESENTATION_CONTEXT() REPRESENTATION_CONTEXT('2D SPACE',''
  ) );
#7143 = PCURVE('',#6266,#7144);
#7144 = DEFINITIONAL_REPRESENTATION('',(#7145),#7149);
#7145 = LINE('',#7146,#7147);
#7146 = CARTESIAN_POINT('',(1.58,0.));
#7147 = VECTOR('',#7148,1.);
#7148 = DIRECTION('',(0.,1.));
#7149 = ( GEOMETRIC_REPRESENTATION_CONTEXT(2) 
PARAMETRIC_REPRESENTATION_CONTEXT() REPRESENTATION_CONTEXT('2D SPACE',''
  ) );
#7150 = ORIENTED_EDGE('',*,*,#7151,.F.);
#7151 = EDGE_CURVE('',#7152,#7129,#7154,.T.);
#7152 = VERTEX_POINT('',#7153);
#7153 = CARTESIAN_POINT('',(7.525,-3.65,0.));
#7154 = SURFACE_CURVE('',#7155,(#7159,#7166),.PCURVE_S1.);
#7155 = LINE('',#7156,#7157);
#7156 = CARTESIAN_POINT('',(7.525,-3.65,0.));
#7157 = VECTOR('',#7158,1.);
#7158 = DIRECTION('',(0.,0.,1.));
#7159 = PCURVE('',#6239,#7160);
#7160 = DEFINITIONAL_REPRESENTATION('',(#7161),#7165);
#7161 = LINE('',#7162,#7163);
#7162 = CARTESIAN_POINT('',(0.,1.75));
#7163 = VECTOR('',#7164,1.);
#7164 = DIRECTION('',(1.,0.));
#7165 = ( GEOMETRIC_REPRESENTATION_CONTEXT(2) 
PARAMETRIC_REPRESENTATION_CONTEXT() REPRESENTATION_CONTEXT('2D SPACE',''
  ) );
#7166 = PCURVE('',#7167,#7172);
#7167 = PLANE('',#7168);
#7168 = AXIS2_PLACEMENT_3D('',#7169,#7170,#7171);
#7169 = CARTESIAN_POINT('',(7.35,-3.825,0.));
#7170 = DIRECTION('',(-0.707106781187,0.707106781187,0.));
#7171 = DIRECTION('',(-0.,-0.,-1.));
#7172 = DEFINITIONAL_REPRESENTATION('',(#7173),#7177);
#7173 = LINE('',#7174,#7175);
#7174 = CARTESIAN_POINT('',(-0.,-0.247487373415));
#7175 = VECTOR('',#7176,1.);
#7176 = DIRECTION('',(-1.,0.));
#7177 = ( GEOMETRIC_REPRESENTATION_CONTEXT(2) 
PARAMETRIC_REPRESENTATION_CONTEXT() REPRESENTATION_CONTEXT('2D SPACE',''
  ) );
#7178 = ORIENTED_EDGE('',*,*,#7179,.T.);
#7179 = EDGE_CURVE('',#7152,#7180,#7182,.T.);
#7180 = VERTEX_POINT('',#7181);
#7181 = CARTESIAN_POINT('',(7.525,-1.6,0.));
#7182 = SURFACE_CURVE('',#7183,(#7187,#7194),.PCURVE_S1.);
#7183 = LINE('',#7184,#7185);
#7184 = CARTESIAN_POINT('',(7.525,-3.65,0.));
#7185 = VECTOR('',#7186,1.);
#7186 = DIRECTION('',(4.332577657074E-16,1.,0.));
#7187 = PCURVE('',#6239,#7188);
#7188 = DEFINITIONAL_REPRESENTATION('',(#7189),#7193);
#7189 = LINE('',#7190,#7191);
#7190 = CARTESIAN_POINT('',(0.,1.75));
#7191 = VECTOR('',#7192,1.);
#7192 = DIRECTION('',(0.,-1.));
#7193 = ( GEOMETRIC_REPRESENTATION_CONTEXT(2) 
PARAMETRIC_REPRESENTATION_CONTEXT() REPRESENTATION_CONTEXT('2D SPACE',''
  ) );
#7194 = PCURVE('',#7195,#7200);
#7195 = PLANE('',#7196);
#7196 = AXIS2_PLACEMENT_3D('',#7197,#7198,#7199);
#7197 = CARTESIAN_POINT('',(5.945,-1.9,0.));
#7198 = DIRECTION('',(0.,0.,1.));
#7199 = DIRECTION('',(1.,0.,0.));
#7200 = DEFINITIONAL_REPRESENTATION('',(#7201),#7205);
#7201 = LINE('',#7202,#7203);
#7202 = CARTESIAN_POINT('',(1.58,-1.75));
#7203 = VECTOR('',#7204,1.);
#7204 = DIRECTION('',(4.332577657074E-16,1.));
#7205 = ( GEOMETRIC_REPRESENTATION_CONTEXT(2) 
PARAMETRIC_REPRESENTATION_CONTEXT() REPRESENTATION_CONTEXT('2D SPACE',''
  ) );
#7206 = ORIENTED_EDGE('',*,*,#7207,.F.);
#7207 = EDGE_CURVE('',#6428,#7180,#7208,.T.);
#7208 = SURFACE_CURVE('',#7209,(#7213,#7220),.PCURVE_S1.);
#7209 = LINE('',#7210,#7211);
#7210 = CARTESIAN_POINT('',(7.525,-1.6,1.6));
#7211 = VECTOR('',#7212,1.);
#7212 = DIRECTION('',(5.551115123126E-16,1.387778780781E-16,-1.));
#7213 = PCURVE('',#6239,#7214);
#7214 = DEFINITIONAL_REPRESENTATION('',(#7215),#7219);
#7215 = LINE('',#7216,#7217);
#7216 = CARTESIAN_POINT('',(1.6,-0.3));
#7217 = VECTOR('',#7218,1.);
#7218 = DIRECTION('',(-1.,-1.387778780781E-16));
#7219 = ( GEOMETRIC_REPRESENTATION_CONTEXT(2) 
PARAMETRIC_REPRESENTATION_CONTEXT() REPRESENTATION_CONTEXT('2D SPACE',''
  ) );
#7220 = PCURVE('',#5995,#7221);
#7221 = DEFINITIONAL_REPRESENTATION('',(#7222),#7226);
#7222 = LINE('',#7223,#7224);
#7223 = CARTESIAN_POINT('',(0.,3.825));
#7224 = VECTOR('',#7225,1.);
#7225 = DIRECTION('',(-1.,5.551115123126E-16));
#7226 = ( GEOMETRIC_REPRESENTATION_CONTEXT(2) 
PARAMETRIC_REPRESENTATION_CONTEXT() REPRESENTATION_CONTEXT('2D SPACE',''
  ) );
#7227 = ORIENTED_EDGE('',*,*,#6450,.F.);
#7228 = ADVANCED_FACE('',(#7229),#7195,.F.);
#7229 = FACE_BOUND('',#7230,.F.);
#7230 = EDGE_LOOP('',(#7231,#7256,#7284,#7312,#7333,#7334));
#7231 = ORIENTED_EDGE('',*,*,#7232,.T.);
#7232 = EDGE_CURVE('',#7233,#7235,#7237,.T.);
#7233 = VERTEX_POINT('',#7234);
#7234 = CARTESIAN_POINT('',(5.945,-1.6,0.));
#7235 = VERTEX_POINT('',#7236);
#7236 = CARTESIAN_POINT('',(5.945,-3.65,0.));
#7237 = SURFACE_CURVE('',#7238,(#7242,#7249),.PCURVE_S1.);
#7238 = LINE('',#7239,#7240);
#7239 = CARTESIAN_POINT('',(5.945,-1.6,0.));
#7240 = VECTOR('',#7241,1.);
#7241 = DIRECTION('',(0.,-1.,0.));
#7242 = PCURVE('',#7195,#7243);
#7243 = DEFINITIONAL_REPRESENTATION('',(#7244),#7248);
#7244 = LINE('',#7245,#7246);
#7245 = CARTESIAN_POINT('',(0.,0.3));
#7246 = VECTOR('',#7247,1.);
#7247 = DIRECTION('',(0.,-1.));
#7248 = ( GEOMETRIC_REPRESENTATION_CONTEXT(2) 
PARAMETRIC_REPRESENTATION_CONTEXT() REPRESENTATION_CONTEXT('2D SPACE',''
  ) );
#7249 = PCURVE('',#6291,#7250);
#7250 = DEFINITIONAL_REPRESENTATION('',(#7251),#7255);
#7251 = LINE('',#7252,#7253);
#7252 = CARTESIAN_POINT('',(0.,-0.3));
#7253 = VECTOR('',#7254,1.);
#7254 = DIRECTION('',(0.,1.));
#7255 = ( GEOMETRIC_REPRESENTATION_CONTEXT(2) 
PARAMETRIC_REPRESENTATION_CONTEXT() REPRESENTATION_CONTEXT('2D SPACE',''
  ) );
#7256 = ORIENTED_EDGE('',*,*,#7257,.T.);
#7257 = EDGE_CURVE('',#7235,#7258,#7260,.T.);
#7258 = VERTEX_POINT('',#7259);
#7259 = CARTESIAN_POINT('',(6.295,-4.,0.));
#7260 = SURFACE_CURVE('',#7261,(#7265,#7272),.PCURVE_S1.);
#7261 = LINE('',#7262,#7263);
#7262 = CARTESIAN_POINT('',(6.12,-3.825,0.));
#7263 = VECTOR('',#7264,1.);
#7264 = DIRECTION('',(0.707106781187,-0.707106781187,0.));
#7265 = PCURVE('',#7195,#7266);
#7266 = DEFINITIONAL_REPRESENTATION('',(#7267),#7271);
#7267 = LINE('',#7268,#7269);
#7268 = CARTESIAN_POINT('',(0.175,-1.925));
#7269 = VECTOR('',#7270,1.);
#7270 = DIRECTION('',(0.707106781187,-0.707106781187));
#7271 = ( GEOMETRIC_REPRESENTATION_CONTEXT(2) 
PARAMETRIC_REPRESENTATION_CONTEXT() REPRESENTATION_CONTEXT('2D SPACE',''
  ) );
#7272 = PCURVE('',#7273,#7278);
#7273 = PLANE('',#7274);
#7274 = AXIS2_PLACEMENT_3D('',#7275,#7276,#7277);
#7275 = CARTESIAN_POINT('',(6.12,-3.825,0.));
#7276 = DIRECTION('',(-0.707106781187,-0.707106781187,0.));
#7277 = DIRECTION('',(-0.,-0.,-1.));
#7278 = DEFINITIONAL_REPRESENTATION('',(#7279),#7283);
#7279 = LINE('',#7280,#7281);
#7280 = CARTESIAN_POINT('',(-0.,0.));
#7281 = VECTOR('',#7282,1.);
#7282 = DIRECTION('',(-0.,1.));
#7283 = ( GEOMETRIC_REPRESENTATION_CONTEXT(2) 
PARAMETRIC_REPRESENTATION_CONTEXT() REPRESENTATION_CONTEXT('2D SPACE',''
  ) );
#7284 = ORIENTED_EDGE('',*,*,#7285,.T.);
#7285 = EDGE_CURVE('',#7258,#7286,#7288,.T.);
#7286 = VERTEX_POINT('',#7287);
#7287 = CARTESIAN_POINT('',(7.175,-4.,0.));
#7288 = SURFACE_CURVE('',#7289,(#7293,#7300),.PCURVE_S1.);
#7289 = LINE('',#7290,#7291);
#7290 = CARTESIAN_POINT('',(5.945,-4.,0.));
#7291 = VECTOR('',#7292,1.);
#7292 = DIRECTION('',(1.,0.,0.));
#7293 = PCURVE('',#7195,#7294);
#7294 = DEFINITIONAL_REPRESENTATION('',(#7295),#7299);
#7295 = LINE('',#7296,#7297);
#7296 = CARTESIAN_POINT('',(0.,-2.1));
#7297 = VECTOR('',#7298,1.);
#7298 = DIRECTION('',(1.,0.));
#7299 = ( GEOMETRIC_REPRESENTATION_CONTEXT(2) 
PARAMETRIC_REPRESENTATION_CONTEXT() REPRESENTATION_CONTEXT('2D SPACE',''
  ) );
#7300 = PCURVE('',#7301,#7306);
#7301 = PLANE('',#7302);
#7302 = AXIS2_PLACEMENT_3D('',#7303,#7304,#7305);
#7303 = CARTESIAN_POINT('',(5.945,-4.,0.));
#7304 = DIRECTION('',(0.,1.,0.));
#7305 = DIRECTION('',(0.,0.,1.));
#7306 = DEFINITIONAL_REPRESENTATION('',(#7307),#7311);
#7307 = LINE('',#7308,#7309);
#7308 = CARTESIAN_POINT('',(0.,0.));
#7309 = VECTOR('',#7310,1.);
#7310 = DIRECTION('',(0.,1.));
#7311 = ( GEOMETRIC_REPRESENTATION_CONTEXT(2) 
PARAMETRIC_REPRESENTATION_CONTEXT() REPRESENTATION_CONTEXT('2D SPACE',''
  ) );
#7312 = ORIENTED_EDGE('',*,*,#7313,.F.);
#7313 = EDGE_CURVE('',#7152,#7286,#7314,.T.);
#7314 = SURFACE_CURVE('',#7315,(#7319,#7326),.PCURVE_S1.);
#7315 = LINE('',#7316,#7317);
#7316 = CARTESIAN_POINT('',(6.955,-4.22,0.));
#7317 = VECTOR('',#7318,1.);
#7318 = DIRECTION('',(-0.707106781187,-0.707106781187,0.));
#7319 = PCURVE('',#7195,#7320);
#7320 = DEFINITIONAL_REPRESENTATION('',(#7321),#7325);
#7321 = LINE('',#7322,#7323);
#7322 = CARTESIAN_POINT('',(1.01,-2.32));
#7323 = VECTOR('',#7324,1.);
#7324 = DIRECTION('',(-0.707106781187,-0.707106781187));
#7325 = ( GEOMETRIC_REPRESENTATION_CONTEXT(2) 
PARAMETRIC_REPRESENTATION_CONTEXT() REPRESENTATION_CONTEXT('2D SPACE',''
  ) );
#7326 = PCURVE('',#7167,#7327);
#7327 = DEFINITIONAL_REPRESENTATION('',(#7328),#7332);
#7328 = LINE('',#7329,#7330);
#7329 = CARTESIAN_POINT('',(-0.,0.558614357137));
#7330 = VECTOR('',#7331,1.);
#7331 = DIRECTION('',(-0.,1.));
#7332 = ( GEOMETRIC_REPRESENTATION_CONTEXT(2) 
PARAMETRIC_REPRESENTATION_CONTEXT() REPRESENTATION_CONTEXT('2D SPACE',''
  ) );
#7333 = ORIENTED_EDGE('',*,*,#7179,.T.);
#7334 = ORIENTED_EDGE('',*,*,#7335,.F.);
#7335 = EDGE_CURVE('',#7233,#7180,#7336,.T.);
#7336 = SURFACE_CURVE('',#7337,(#7341,#7348),.PCURVE_S1.);
#7337 = LINE('',#7338,#7339);
#7338 = CARTESIAN_POINT('',(5.945,-1.6,0.));
#7339 = VECTOR('',#7340,1.);
#7340 = DIRECTION('',(1.,0.,0.));
#7341 = PCURVE('',#7195,#7342);
#7342 = DEFINITIONAL_REPRESENTATION('',(#7343),#7347);
#7343 = LINE('',#7344,#7345);
#7344 = CARTESIAN_POINT('',(0.,0.3));
#7345 = VECTOR('',#7346,1.);
#7346 = DIRECTION('',(1.,0.));
#7347 = ( GEOMETRIC_REPRESENTATION_CONTEXT(2) 
PARAMETRIC_REPRESENTATION_CONTEXT() REPRESENTATION_CONTEXT('2D SPACE',''
  ) );
#7348 = PCURVE('',#5995,#7349);
#7349 = DEFINITIONAL_REPRESENTATION('',(#7350),#7354);
#7350 = LINE('',#7351,#7352);
#7351 = CARTESIAN_POINT('',(-1.6,2.245));
#7352 = VECTOR('',#7353,1.);
#7353 = DIRECTION('',(0.,1.));
#7354 = ( GEOMETRIC_REPRESENTATION_CONTEXT(2) 
PARAMETRIC_REPRESENTATION_CONTEXT() REPRESENTATION_CONTEXT('2D SPACE',''
  ) );
#7355 = ADVANCED_FACE('',(#7356),#7301,.F.);
#7356 = FACE_BOUND('',#7357,.F.);
#7357 = EDGE_LOOP('',(#7358,#7359,#7382,#7405));
#7358 = ORIENTED_EDGE('',*,*,#7285,.F.);
#7359 = ORIENTED_EDGE('',*,*,#7360,.T.);
#7360 = EDGE_CURVE('',#7258,#7361,#7363,.T.);
#7361 = VERTEX_POINT('',#7362);
#7362 = CARTESIAN_POINT('',(6.295,-4.,0.3));
#7363 = SURFACE_CURVE('',#7364,(#7368,#7375),.PCURVE_S1.);
#7364 = LINE('',#7365,#7366);
#7365 = CARTESIAN_POINT('',(6.295,-4.,0.));
#7366 = VECTOR('',#7367,1.);
#7367 = DIRECTION('',(0.,0.,1.));
#7368 = PCURVE('',#7301,#7369);
#7369 = DEFINITIONAL_REPRESENTATION('',(#7370),#7374);
#7370 = LINE('',#7371,#7372);
#7371 = CARTESIAN_POINT('',(0.,0.35));
#7372 = VECTOR('',#7373,1.);
#7373 = DIRECTION('',(1.,0.));
#7374 = ( GEOMETRIC_REPRESENTATION_CONTEXT(2) 
PARAMETRIC_REPRESENTATION_CONTEXT() REPRESENTATION_CONTEXT('2D SPACE',''
  ) );
#7375 = PCURVE('',#7273,#7376);
#7376 = DEFINITIONAL_REPRESENTATION('',(#7377),#7381);
#7377 = LINE('',#7378,#7379);
#7378 = CARTESIAN_POINT('',(-0.,0.247487373415));
#7379 = VECTOR('',#7380,1.);
#7380 = DIRECTION('',(-1.,0.));
#7381 = ( GEOMETRIC_REPRESENTATION_CONTEXT(2) 
PARAMETRIC_REPRESENTATION_CONTEXT() REPRESENTATION_CONTEXT('2D SPACE',''
  ) );
#7382 = ORIENTED_EDGE('',*,*,#7383,.T.);
#7383 = EDGE_CURVE('',#7361,#7384,#7386,.T.);
#7384 = VERTEX_POINT('',#7385);
#7385 = CARTESIAN_POINT('',(7.175,-4.,0.3));
#7386 = SURFACE_CURVE('',#7387,(#7391,#7398),.PCURVE_S1.);
#7387 = LINE('',#7388,#7389);
#7388 = CARTESIAN_POINT('',(5.945,-4.,0.3));
#7389 = VECTOR('',#7390,1.);
#7390 = DIRECTION('',(1.,0.,0.));
#7391 = PCURVE('',#7301,#7392);
#7392 = DEFINITIONAL_REPRESENTATION('',(#7393),#7397);
#7393 = LINE('',#7394,#7395);
#7394 = CARTESIAN_POINT('',(0.3,0.));
#7395 = VECTOR('',#7396,1.);
#7396 = DIRECTION('',(0.,1.));
#7397 = ( GEOMETRIC_REPRESENTATION_CONTEXT(2) 
PARAMETRIC_REPRESENTATION_CONTEXT() REPRESENTATION_CONTEXT('2D SPACE',''
  ) );
#7398 = PCURVE('',#6266,#7399);
#7399 = DEFINITIONAL_REPRESENTATION('',(#7400),#7404);
#7400 = LINE('',#7401,#7402);
#7401 = CARTESIAN_POINT('',(0.,0.));
#7402 = VECTOR('',#7403,1.);
#7403 = DIRECTION('',(1.,0.));
#7404 = ( GEOMETRIC_REPRESENTATION_CONTEXT(2) 
PARAMETRIC_REPRESENTATION_CONTEXT() REPRESENTATION_CONTEXT('2D SPACE',''
  ) );
#7405 = ORIENTED_EDGE('',*,*,#7406,.F.);
#7406 = EDGE_CURVE('',#7286,#7384,#7407,.T.);
#7407 = SURFACE_CURVE('',#7408,(#7412,#7419),.PCURVE_S1.);
#7408 = LINE('',#7409,#7410);
#7409 = CARTESIAN_POINT('',(7.175,-4.,0.));
#7410 = VECTOR('',#7411,1.);
#7411 = DIRECTION('',(0.,0.,1.));
#7412 = PCURVE('',#7301,#7413);
#7413 = DEFINITIONAL_REPRESENTATION('',(#7414),#7418);
#7414 = LINE('',#7415,#7416);
#7415 = CARTESIAN_POINT('',(0.,1.23));
#7416 = VECTOR('',#7417,1.);
#7417 = DIRECTION('',(1.,0.));
#7418 = ( GEOMETRIC_REPRESENTATION_CONTEXT(2) 
PARAMETRIC_REPRESENTATION_CONTEXT() REPRESENTATION_CONTEXT('2D SPACE',''
  ) );
#7419 = PCURVE('',#7167,#7420);
#7420 = DEFINITIONAL_REPRESENTATION('',(#7421),#7425);
#7421 = LINE('',#7422,#7423);
#7422 = CARTESIAN_POINT('',(-0.,0.247487373415));
#7423 = VECTOR('',#7424,1.);
#7424 = DIRECTION('',(-1.,0.));
#7425 = ( GEOMETRIC_REPRESENTATION_CONTEXT(2) 
PARAMETRIC_REPRESENTATION_CONTEXT() REPRESENTATION_CONTEXT('2D SPACE',''
  ) );
#7426 = ADVANCED_FACE('',(#7427),#7273,.T.);
#7427 = FACE_BOUND('',#7428,.F.);
#7428 = EDGE_LOOP('',(#7429,#7430,#7453,#7474));
#7429 = ORIENTED_EDGE('',*,*,#7257,.F.);
#7430 = ORIENTED_EDGE('',*,*,#7431,.T.);
#7431 = EDGE_CURVE('',#7235,#7432,#7434,.T.);
#7432 = VERTEX_POINT('',#7433);
#7433 = CARTESIAN_POINT('',(5.945,-3.65,0.3));
#7434 = SURFACE_CURVE('',#7435,(#7439,#7446),.PCURVE_S1.);
#7435 = LINE('',#7436,#7437);
#7436 = CARTESIAN_POINT('',(5.945,-3.65,0.));
#7437 = VECTOR('',#7438,1.);
#7438 = DIRECTION('',(0.,0.,1.));
#7439 = PCURVE('',#7273,#7440);
#7440 = DEFINITIONAL_REPRESENTATION('',(#7441),#7445);
#7441 = LINE('',#7442,#7443);
#7442 = CARTESIAN_POINT('',(-0.,-0.247487373415));
#7443 = VECTOR('',#7444,1.);
#7444 = DIRECTION('',(-1.,0.));
#7445 = ( GEOMETRIC_REPRESENTATION_CONTEXT(2) 
PARAMETRIC_REPRESENTATION_CONTEXT() REPRESENTATION_CONTEXT('2D SPACE',''
  ) );
#7446 = PCURVE('',#6291,#7447);
#7447 = DEFINITIONAL_REPRESENTATION('',(#7448),#7452);
#7448 = LINE('',#7449,#7450);
#7449 = CARTESIAN_POINT('',(0.,1.75));
#7450 = VECTOR('',#7451,1.);
#7451 = DIRECTION('',(1.,0.));
#7452 = ( GEOMETRIC_REPRESENTATION_CONTEXT(2) 
PARAMETRIC_REPRESENTATION_CONTEXT() REPRESENTATION_CONTEXT('2D SPACE',''
  ) );
#7453 = ORIENTED_EDGE('',*,*,#7454,.T.);
#7454 = EDGE_CURVE('',#7432,#7361,#7455,.T.);
#7455 = SURFACE_CURVE('',#7456,(#7460,#7467),.PCURVE_S1.);
#7456 = LINE('',#7457,#7458);
#7457 = CARTESIAN_POINT('',(6.12,-3.825,0.3));
#7458 = VECTOR('',#7459,1.);
#7459 = DIRECTION('',(0.707106781187,-0.707106781187,0.));
#7460 = PCURVE('',#7273,#7461);
#7461 = DEFINITIONAL_REPRESENTATION('',(#7462),#7466);
#7462 = LINE('',#7463,#7464);
#7463 = CARTESIAN_POINT('',(-0.3,0.));
#7464 = VECTOR('',#7465,1.);
#7465 = DIRECTION('',(-0.,1.));
#7466 = ( GEOMETRIC_REPRESENTATION_CONTEXT(2) 
PARAMETRIC_REPRESENTATION_CONTEXT() REPRESENTATION_CONTEXT('2D SPACE',''
  ) );
#7467 = PCURVE('',#6266,#7468);
#7468 = DEFINITIONAL_REPRESENTATION('',(#7469),#7473);
#7469 = LINE('',#7470,#7471);
#7470 = CARTESIAN_POINT('',(0.175,0.175));
#7471 = VECTOR('',#7472,1.);
#7472 = DIRECTION('',(0.707106781187,-0.707106781187));
#7473 = ( GEOMETRIC_REPRESENTATION_CONTEXT(2) 
PARAMETRIC_REPRESENTATION_CONTEXT() REPRESENTATION_CONTEXT('2D SPACE',''
  ) );
#7474 = ORIENTED_EDGE('',*,*,#7360,.F.);
#7475 = ADVANCED_FACE('',(#7476),#7167,.F.);
#7476 = FACE_BOUND('',#7477,.T.);
#7477 = EDGE_LOOP('',(#7478,#7479,#7480,#7501));
#7478 = ORIENTED_EDGE('',*,*,#7313,.F.);
#7479 = ORIENTED_EDGE('',*,*,#7151,.T.);
#7480 = ORIENTED_EDGE('',*,*,#7481,.T.);
#7481 = EDGE_CURVE('',#7129,#7384,#7482,.T.);
#7482 = SURFACE_CURVE('',#7483,(#7487,#7494),.PCURVE_S1.);
#7483 = LINE('',#7484,#7485);
#7484 = CARTESIAN_POINT('',(6.955,-4.22,0.3));
#7485 = VECTOR('',#7486,1.);
#7486 = DIRECTION('',(-0.707106781187,-0.707106781187,0.));
#7487 = PCURVE('',#7167,#7488);
#7488 = DEFINITIONAL_REPRESENTATION('',(#7489),#7493);
#7489 = LINE('',#7490,#7491);
#7490 = CARTESIAN_POINT('',(-0.3,0.558614357137));
#7491 = VECTOR('',#7492,1.);
#7492 = DIRECTION('',(-0.,1.));
#7493 = ( GEOMETRIC_REPRESENTATION_CONTEXT(2) 
PARAMETRIC_REPRESENTATION_CONTEXT() REPRESENTATION_CONTEXT('2D SPACE',''
  ) );
#7494 = PCURVE('',#6266,#7495);
#7495 = DEFINITIONAL_REPRESENTATION('',(#7496),#7500);
#7496 = LINE('',#7497,#7498);
#7497 = CARTESIAN_POINT('',(1.01,-0.22));
#7498 = VECTOR('',#7499,1.);
#7499 = DIRECTION('',(-0.707106781187,-0.707106781187));
#7500 = ( GEOMETRIC_REPRESENTATION_CONTEXT(2) 
PARAMETRIC_REPRESENTATION_CONTEXT() REPRESENTATION_CONTEXT('2D SPACE',''
  ) );
#7501 = ORIENTED_EDGE('',*,*,#7406,.F.);
#7502 = ADVANCED_FACE('',(#7503),#6266,.T.);
#7503 = FACE_BOUND('',#7504,.T.);
#7504 = EDGE_LOOP('',(#7505,#7526,#7527,#7528,#7529,#7530));
#7505 = ORIENTED_EDGE('',*,*,#7506,.F.);
#7506 = EDGE_CURVE('',#7432,#6252,#7507,.T.);
#7507 = SURFACE_CURVE('',#7508,(#7512,#7519),.PCURVE_S1.);
#7508 = LINE('',#7509,#7510);
#7509 = CARTESIAN_POINT('',(5.945,-4.,0.3));
#7510 = VECTOR('',#7511,1.);
#7511 = DIRECTION('',(0.,1.,0.));
#7512 = PCURVE('',#6266,#7513);
#7513 = DEFINITIONAL_REPRESENTATION('',(#7514),#7518);
#7514 = LINE('',#7515,#7516);
#7515 = CARTESIAN_POINT('',(0.,0.));
#7516 = VECTOR('',#7517,1.);
#7517 = DIRECTION('',(0.,1.));
#7518 = ( GEOMETRIC_REPRESENTATION_CONTEXT(2) 
PARAMETRIC_REPRESENTATION_CONTEXT() REPRESENTATION_CONTEXT('2D SPACE',''
  ) );
#7519 = PCURVE('',#6291,#7520);
#7520 = DEFINITIONAL_REPRESENTATION('',(#7521),#7525);
#7521 = LINE('',#7522,#7523);
#7522 = CARTESIAN_POINT('',(0.3,2.1));
#7523 = VECTOR('',#7524,1.);
#7524 = DIRECTION('',(0.,-1.));
#7525 = ( GEOMETRIC_REPRESENTATION_CONTEXT(2) 
PARAMETRIC_REPRESENTATION_CONTEXT() REPRESENTATION_CONTEXT('2D SPACE',''
  ) );
#7526 = ORIENTED_EDGE('',*,*,#7454,.T.);
#7527 = ORIENTED_EDGE('',*,*,#7383,.T.);
#7528 = ORIENTED_EDGE('',*,*,#7481,.F.);
#7529 = ORIENTED_EDGE('',*,*,#7128,.T.);
#7530 = ORIENTED_EDGE('',*,*,#6251,.F.);
#7531 = ADVANCED_FACE('',(#7532),#6291,.F.);
#7532 = FACE_BOUND('',#7533,.F.);
#7533 = EDGE_LOOP('',(#7534,#7535,#7536,#7537,#7538,#7561));
#7534 = ORIENTED_EDGE('',*,*,#6277,.F.);
#7535 = ORIENTED_EDGE('',*,*,#7506,.F.);
#7536 = ORIENTED_EDGE('',*,*,#7431,.F.);
#7537 = ORIENTED_EDGE('',*,*,#7232,.F.);
#7538 = ORIENTED_EDGE('',*,*,#7539,.T.);
#7539 = EDGE_CURVE('',#7233,#7540,#7542,.T.);
#7540 = VERTEX_POINT('',#7541);
#7541 = CARTESIAN_POINT('',(5.945,-1.6,1.6));
#7542 = SURFACE_CURVE('',#7543,(#7547,#7554),.PCURVE_S1.);
#7543 = LINE('',#7544,#7545);
#7544 = CARTESIAN_POINT('',(5.945,-1.6,0.));
#7545 = VECTOR('',#7546,1.);
#7546 = DIRECTION('',(0.,-1.387778780781E-16,1.));
#7547 = PCURVE('',#6291,#7548);
#7548 = DEFINITIONAL_REPRESENTATION('',(#7549),#7553);
#7549 = LINE('',#7550,#7551);
#7550 = CARTESIAN_POINT('',(0.,-0.3));
#7551 = VECTOR('',#7552,1.);
#7552 = DIRECTION('',(1.,1.387778780781E-16));
#7553 = ( GEOMETRIC_REPRESENTATION_CONTEXT(2) 
PARAMETRIC_REPRESENTATION_CONTEXT() REPRESENTATION_CONTEXT('2D SPACE',''
  ) );
#7554 = PCURVE('',#5995,#7555);
#7555 = DEFINITIONAL_REPRESENTATION('',(#7556),#7560);
#7556 = LINE('',#7557,#7558);
#7557 = CARTESIAN_POINT('',(-1.6,2.245));
#7558 = VECTOR('',#7559,1.);
#7559 = DIRECTION('',(1.,0.));
#7560 = ( GEOMETRIC_REPRESENTATION_CONTEXT(2) 
PARAMETRIC_REPRESENTATION_CONTEXT() REPRESENTATION_CONTEXT('2D SPACE',''
  ) );
#7561 = ORIENTED_EDGE('',*,*,#7562,.F.);
#7562 = EDGE_CURVE('',#6123,#7540,#7563,.T.);
#7563 = SURFACE_CURVE('',#7564,(#7568,#7575),.PCURVE_S1.);
#7564 = LINE('',#7565,#7566);
#7565 = CARTESIAN_POINT('',(5.945,-1.9,1.6));
#7566 = VECTOR('',#7567,1.);
#7567 = DIRECTION('',(0.,1.,0.));
#7568 = PCURVE('',#6291,#7569);
#7569 = DEFINITIONAL_REPRESENTATION('',(#7570),#7574);
#7570 = LINE('',#7571,#7572);
#7571 = CARTESIAN_POINT('',(1.6,0.));
#7572 = VECTOR('',#7573,1.);
#7573 = DIRECTION('',(0.,-1.));
#7574 = ( GEOMETRIC_REPRESENTATION_CONTEXT(2) 
PARAMETRIC_REPRESENTATION_CONTEXT() REPRESENTATION_CONTEXT('2D SPACE',''
  ) );
#7575 = PCURVE('',#6138,#7576);
#7576 = DEFINITIONAL_REPRESENTATION('',(#7577),#7580);
#7577 = B_SPLINE_CURVE_WITH_KNOTS('',1,(#7578,#7579),.UNSPECIFIED.,.F.,
  .F.,(2,2),(0.,0.3),.PIECEWISE_BEZIER_KNOTS.);
#7578 = CARTESIAN_POINT('',(-2.055,0.));
#7579 = CARTESIAN_POINT('',(-2.055,0.3));
#7580 = ( GEOMETRIC_REPRESENTATION_CONTEXT(2) 
PARAMETRIC_REPRESENTATION_CONTEXT() REPRESENTATION_CONTEXT('2D SPACE',''
  ) );
#7581 = ADVANCED_FACE('',(#7582),#6138,.F.);
#7582 = FACE_BOUND('',#7583,.F.);
#7583 = EDGE_LOOP('',(#7584,#7585,#7586,#7609,#7632,#7655));
#7584 = ORIENTED_EDGE('',*,*,#6120,.T.);
#7585 = ORIENTED_EDGE('',*,*,#7562,.T.);
#7586 = ORIENTED_EDGE('',*,*,#7587,.F.);
#7587 = EDGE_CURVE('',#7588,#7540,#7590,.T.);
#7588 = VERTEX_POINT('',#7589);
#7589 = CARTESIAN_POINT('',(4.,-1.6,1.6));
#7590 = SURFACE_CURVE('',#7591,(#7595,#7602),.PCURVE_S1.);
#7591 = LINE('',#7592,#7593);
#7592 = CARTESIAN_POINT('',(3.7,-1.6,1.6));
#7593 = VECTOR('',#7594,1.);
#7594 = DIRECTION('',(1.,0.,0.));
#7595 = PCURVE('',#6138,#7596);
#7596 = DEFINITIONAL_REPRESENTATION('',(#7597),#7601);
#7597 = LINE('',#7598,#7599);
#7598 = CARTESIAN_POINT('',(-4.3,0.3));
#7599 = VECTOR('',#7600,1.);
#7600 = DIRECTION('',(1.,0.));
#7601 = ( GEOMETRIC_REPRESENTATION_CONTEXT(2) 
PARAMETRIC_REPRESENTATION_CONTEXT() REPRESENTATION_CONTEXT('2D SPACE',''
  ) );
#7602 = PCURVE('',#5995,#7603);
#7603 = DEFINITIONAL_REPRESENTATION('',(#7604),#7608);
#7604 = LINE('',#7605,#7606);
#7605 = CARTESIAN_POINT('',(0.,0.));
#7606 = VECTOR('',#7607,1.);
#7607 = DIRECTION('',(0.,1.));
#7608 = ( GEOMETRIC_REPRESENTATION_CONTEXT(2) 
PARAMETRIC_REPRESENTATION_CONTEXT() REPRESENTATION_CONTEXT('2D SPACE',''
  ) );
#7609 = ORIENTED_EDGE('',*,*,#7610,.T.);
#7610 = EDGE_CURVE('',#7588,#7611,#7613,.T.);
#7611 = VERTEX_POINT('',#7612);
#7612 = CARTESIAN_POINT('',(4.,-0.85,1.6));
#7613 = SURFACE_CURVE('',#7614,(#7618,#7625),.PCURVE_S1.);
#7614 = LINE('',#7615,#7616);
#7615 = CARTESIAN_POINT('',(4.,-1.9,1.6));
#7616 = VECTOR('',#7617,1.);
#7617 = DIRECTION('',(0.,1.,0.));
#7618 = PCURVE('',#6138,#7619);
#7619 = DEFINITIONAL_REPRESENTATION('',(#7620),#7624);
#7620 = LINE('',#7621,#7622);
#7621 = CARTESIAN_POINT('',(-4.,0.));
#7622 = VECTOR('',#7623,1.);
#7623 = DIRECTION('',(0.,1.));
#7624 = ( GEOMETRIC_REPRESENTATION_CONTEXT(2) 
PARAMETRIC_REPRESENTATION_CONTEXT() REPRESENTATION_CONTEXT('2D SPACE',''
  ) );
#7625 = PCURVE('',#6023,#7626);
#7626 = DEFINITIONAL_REPRESENTATION('',(#7627),#7631);
#7627 = LINE('',#7628,#7629);
#7628 = CARTESIAN_POINT('',(0.,0.));
#7629 = VECTOR('',#7630,1.);
#7630 = DIRECTION('',(0.,-1.));
#7631 = ( GEOMETRIC_REPRESENTATION_CONTEXT(2) 
PARAMETRIC_REPRESENTATION_CONTEXT() REPRESENTATION_CONTEXT('2D SPACE',''
  ) );
#7632 = ORIENTED_EDGE('',*,*,#7633,.F.);
#7633 = EDGE_CURVE('',#7634,#7611,#7636,.T.);
#7634 = VERTEX_POINT('',#7635);
#7635 = CARTESIAN_POINT('',(3.7,-0.85,1.6));
#7636 = SURFACE_CURVE('',#7637,(#7641,#7648),.PCURVE_S1.);
#7637 = LINE('',#7638,#7639);
#7638 = CARTESIAN_POINT('',(3.7,-0.85,1.6));
#7639 = VECTOR('',#7640,1.);
#7640 = DIRECTION('',(1.,0.,0.));
#7641 = PCURVE('',#6138,#7642);
#7642 = DEFINITIONAL_REPRESENTATION('',(#7643),#7647);
#7643 = LINE('',#7644,#7645);
#7644 = CARTESIAN_POINT('',(-4.3,1.05));
#7645 = VECTOR('',#7646,1.);
#7646 = DIRECTION('',(1.,0.));
#7647 = ( GEOMETRIC_REPRESENTATION_CONTEXT(2) 
PARAMETRIC_REPRESENTATION_CONTEXT() REPRESENTATION_CONTEXT('2D SPACE',''
  ) );
#7648 = PCURVE('',#6051,#7649);
#7649 = DEFINITIONAL_REPRESENTATION('',(#7650),#7654);
#7650 = LINE('',#7651,#7652);
#7651 = CARTESIAN_POINT('',(0.,0.));
#7652 = VECTOR('',#7653,1.);
#7653 = DIRECTION('',(0.,1.));
#7654 = ( GEOMETRIC_REPRESENTATION_CONTEXT(2) 
PARAMETRIC_REPRESENTATION_CONTEXT() REPRESENTATION_CONTEXT('2D SPACE',''
  ) );
#7655 = ORIENTED_EDGE('',*,*,#7656,.F.);
#7656 = EDGE_CURVE('',#6121,#7634,#7657,.T.);
#7657 = SURFACE_CURVE('',#7658,(#7662,#7669),.PCURVE_S1.);
#7658 = LINE('',#7659,#7660);
#7659 = CARTESIAN_POINT('',(3.7,-1.9,1.6));
#7660 = VECTOR('',#7661,1.);
#7661 = DIRECTION('',(-4.229421046191E-16,1.,0.));
#7662 = PCURVE('',#6138,#7663);
#7663 = DEFINITIONAL_REPRESENTATION('',(#7664),#7668);
#7664 = LINE('',#7665,#7666);
#7665 = CARTESIAN_POINT('',(-4.3,2.22044604925E-16));
#7666 = VECTOR('',#7667,1.);
#7667 = DIRECTION('',(-4.229421046191E-16,1.));
#7668 = ( GEOMETRIC_REPRESENTATION_CONTEXT(2) 
PARAMETRIC_REPRESENTATION_CONTEXT() REPRESENTATION_CONTEXT('2D SPACE',''
  ) );
#7669 = PCURVE('',#6079,#7670);
#7670 = DEFINITIONAL_REPRESENTATION('',(#7671),#7675);
#7671 = LINE('',#7672,#7673);
#7672 = CARTESIAN_POINT('',(0.,-2.22044604925E-16));
#7673 = VECTOR('',#7674,1.);
#7674 = DIRECTION('',(0.,-1.));
#7675 = ( GEOMETRIC_REPRESENTATION_CONTEXT(2) 
PARAMETRIC_REPRESENTATION_CONTEXT() REPRESENTATION_CONTEXT('2D SPACE',''
  ) );
#7676 = ADVANCED_FACE('',(#7677),#6079,.F.);
#7677 = FACE_BOUND('',#7678,.F.);
#7678 = EDGE_LOOP('',(#7679,#7680,#7681,#7702));
#7679 = ORIENTED_EDGE('',*,*,#6150,.F.);
#7680 = ORIENTED_EDGE('',*,*,#7656,.T.);
#7681 = ORIENTED_EDGE('',*,*,#7682,.T.);
#7682 = EDGE_CURVE('',#7634,#6036,#7683,.T.);
#7683 = SURFACE_CURVE('',#7684,(#7688,#7695),.PCURVE_S1.);
#7684 = LINE('',#7685,#7686);
#7685 = CARTESIAN_POINT('',(3.7,-0.85,1.6));
#7686 = VECTOR('',#7687,1.);
#7687 = DIRECTION('',(0.,0.,1.));
#7688 = PCURVE('',#6079,#7689);
#7689 = DEFINITIONAL_REPRESENTATION('',(#7690),#7694);
#7690 = LINE('',#7691,#7692);
#7691 = CARTESIAN_POINT('',(0.,-1.05));
#7692 = VECTOR('',#7693,1.);
#7693 = DIRECTION('',(1.,0.));
#7694 = ( GEOMETRIC_REPRESENTATION_CONTEXT(2) 
PARAMETRIC_REPRESENTATION_CONTEXT() REPRESENTATION_CONTEXT('2D SPACE',''
  ) );
#7695 = PCURVE('',#6051,#7696);
#7696 = DEFINITIONAL_REPRESENTATION('',(#7697),#7701);
#7697 = LINE('',#7698,#7699);
#7698 = CARTESIAN_POINT('',(0.,0.));
#7699 = VECTOR('',#7700,1.);
#7700 = DIRECTION('',(1.,0.));
#7701 = ( GEOMETRIC_REPRESENTATION_CONTEXT(2) 
PARAMETRIC_REPRESENTATION_CONTEXT() REPRESENTATION_CONTEXT('2D SPACE',''
  ) );
#7702 = ORIENTED_EDGE('',*,*,#6063,.T.);
#7703 = ADVANCED_FACE('',(#7704),#6051,.T.);
#7704 = FACE_BOUND('',#7705,.T.);
#7705 = EDGE_LOOP('',(#7706,#7707,#7708,#7709));
#7706 = ORIENTED_EDGE('',*,*,#7633,.F.);
#7707 = ORIENTED_EDGE('',*,*,#7682,.T.);
#7708 = ORIENTED_EDGE('',*,*,#6035,.T.);
#7709 = ORIENTED_EDGE('',*,*,#7710,.F.);
#7710 = EDGE_CURVE('',#7611,#6008,#7711,.T.);
#7711 = SURFACE_CURVE('',#7712,(#7716,#7723),.PCURVE_S1.);
#7712 = LINE('',#7713,#7714);
#7713 = CARTESIAN_POINT('',(4.,-0.85,1.6));
#7714 = VECTOR('',#7715,1.);
#7715 = DIRECTION('',(0.,0.,1.));
#7716 = PCURVE('',#6051,#7717);
#7717 = DEFINITIONAL_REPRESENTATION('',(#7718),#7722);
#7718 = LINE('',#7719,#7720);
#7719 = CARTESIAN_POINT('',(0.,0.3));
#7720 = VECTOR('',#7721,1.);
#7721 = DIRECTION('',(1.,0.));
#7722 = ( GEOMETRIC_REPRESENTATION_CONTEXT(2) 
PARAMETRIC_REPRESENTATION_CONTEXT() REPRESENTATION_CONTEXT('2D SPACE',''
  ) );
#7723 = PCURVE('',#6023,#7724);
#7724 = DEFINITIONAL_REPRESENTATION('',(#7725),#7729);
#7725 = LINE('',#7726,#7727);
#7726 = CARTESIAN_POINT('',(0.,-1.05));
#7727 = VECTOR('',#7728,1.);
#7728 = DIRECTION('',(1.,0.));
#7729 = ( GEOMETRIC_REPRESENTATION_CONTEXT(2) 
PARAMETRIC_REPRESENTATION_CONTEXT() REPRESENTATION_CONTEXT('2D SPACE',''
  ) );
#7730 = ADVANCED_FACE('',(#7731),#6023,.T.);
#7731 = FACE_BOUND('',#7732,.T.);
#7732 = EDGE_LOOP('',(#7733,#7734,#7754,#7755));
#7733 = ORIENTED_EDGE('',*,*,#6007,.F.);
#7734 = ORIENTED_EDGE('',*,*,#7735,.T.);
#7735 = EDGE_CURVE('',#5980,#7588,#7736,.T.);
#7736 = SURFACE_CURVE('',#7737,(#7741,#7747),.PCURVE_S1.);
#7737 = LINE('',#7738,#7739);
#7738 = CARTESIAN_POINT('',(4.,-1.6,1.6));
#7739 = VECTOR('',#7740,1.);
#7740 = DIRECTION('',(0.,0.,-1.));
#7741 = PCURVE('',#6023,#7742);
#7742 = DEFINITIONAL_REPRESENTATION('',(#7743),#7746);
#7743 = B_SPLINE_CURVE_WITH_KNOTS('',1,(#7744,#7745),.UNSPECIFIED.,.F.,
  .F.,(2,2),(-6.7,0.),.PIECEWISE_BEZIER_KNOTS.);
#7744 = CARTESIAN_POINT('',(6.7,-0.3));
#7745 = CARTESIAN_POINT('',(0.,-0.3));
#7746 = ( GEOMETRIC_REPRESENTATION_CONTEXT(2) 
PARAMETRIC_REPRESENTATION_CONTEXT() REPRESENTATION_CONTEXT('2D SPACE',''
  ) );
#7747 = PCURVE('',#5995,#7748);
#7748 = DEFINITIONAL_REPRESENTATION('',(#7749),#7753);
#7749 = LINE('',#7750,#7751);
#7750 = CARTESIAN_POINT('',(0.,0.3));
#7751 = VECTOR('',#7752,1.);
#7752 = DIRECTION('',(-1.,0.));
#7753 = ( GEOMETRIC_REPRESENTATION_CONTEXT(2) 
PARAMETRIC_REPRESENTATION_CONTEXT() REPRESENTATION_CONTEXT('2D SPACE',''
  ) );
#7754 = ORIENTED_EDGE('',*,*,#7610,.T.);
#7755 = ORIENTED_EDGE('',*,*,#7710,.T.);
#7756 = ADVANCED_FACE('',(#7757),#5995,.T.);
#7757 = FACE_BOUND('',#7758,.T.);
#7758 = EDGE_LOOP('',(#7759,#7760,#7761,#7762,#7782,#7783,#7784,#7785));
#7759 = ORIENTED_EDGE('',*,*,#7587,.F.);
#7760 = ORIENTED_EDGE('',*,*,#7735,.F.);
#7761 = ORIENTED_EDGE('',*,*,#5979,.T.);
#7762 = ORIENTED_EDGE('',*,*,#7763,.F.);
#7763 = EDGE_CURVE('',#6405,#5952,#7764,.T.);
#7764 = SURFACE_CURVE('',#7765,(#7769,#7776),.PCURVE_S1.);
#7765 = LINE('',#7766,#7767);
#7766 = CARTESIAN_POINT('',(8.,-1.6,1.6));
#7767 = VECTOR('',#7768,1.);
#7768 = DIRECTION('',(0.,0.,1.));
#7769 = PCURVE('',#5995,#7770);
#7770 = DEFINITIONAL_REPRESENTATION('',(#7771),#7775);
#7771 = LINE('',#7772,#7773);
#7772 = CARTESIAN_POINT('',(0.,4.3));
#7773 = VECTOR('',#7774,1.);
#7774 = DIRECTION('',(1.,0.));
#7775 = ( GEOMETRIC_REPRESENTATION_CONTEXT(2) 
PARAMETRIC_REPRESENTATION_CONTEXT() REPRESENTATION_CONTEXT('2D SPACE',''
  ) );
#7776 = PCURVE('',#5967,#7777);
#7777 = DEFINITIONAL_REPRESENTATION('',(#7778),#7781);
#7778 = B_SPLINE_CURVE_WITH_KNOTS('',1,(#7779,#7780),.UNSPECIFIED.,.F.,
  .F.,(2,2),(0.,6.7),.PIECEWISE_BEZIER_KNOTS.);
#7779 = CARTESIAN_POINT('',(0.,-0.3));
#7780 = CARTESIAN_POINT('',(6.7,-0.3));
#7781 = ( GEOMETRIC_REPRESENTATION_CONTEXT(2) 
PARAMETRIC_REPRESENTATION_CONTEXT() REPRESENTATION_CONTEXT('2D SPACE',''
  ) );
#7782 = ORIENTED_EDGE('',*,*,#6427,.F.);
#7783 = ORIENTED_EDGE('',*,*,#7207,.T.);
#7784 = ORIENTED_EDGE('',*,*,#7335,.F.);
#7785 = ORIENTED_EDGE('',*,*,#7539,.T.);
#7786 = ADVANCED_FACE('',(#7787,#7812,#7918),#5967,.F.);
#7787 = FACE_BOUND('',#7788,.F.);
#7788 = EDGE_LOOP('',(#7789,#7790,#7791,#7792));
#7789 = ORIENTED_EDGE('',*,*,#5951,.F.);
#7790 = ORIENTED_EDGE('',*,*,#7763,.F.);
#7791 = ORIENTED_EDGE('',*,*,#6404,.T.);
#7792 = ORIENTED_EDGE('',*,*,#7793,.T.);
#7793 = EDGE_CURVE('',#6382,#5924,#7794,.T.);
#7794 = SURFACE_CURVE('',#7795,(#7799,#7805),.PCURVE_S1.);
#7795 = LINE('',#7796,#7797);
#7796 = CARTESIAN_POINT('',(8.,1.6,1.6));
#7797 = VECTOR('',#7798,1.);
#7798 = DIRECTION('',(0.,0.,1.));
#7799 = PCURVE('',#5967,#7800);
#7800 = DEFINITIONAL_REPRESENTATION('',(#7801),#7804);
#7801 = B_SPLINE_CURVE_WITH_KNOTS('',1,(#7802,#7803),.UNSPECIFIED.,.F.,
  .F.,(2,2),(0.,6.7),.PIECEWISE_BEZIER_KNOTS.);
#7802 = CARTESIAN_POINT('',(0.,-3.5));
#7803 = CARTESIAN_POINT('',(6.7,-3.5));
#7804 = ( GEOMETRIC_REPRESENTATION_CONTEXT(2) 
PARAMETRIC_REPRESENTATION_CONTEXT() REPRESENTATION_CONTEXT('2D SPACE',''
  ) );
#7805 = PCURVE('',#5939,#7806);
#7806 = DEFINITIONAL_REPRESENTATION('',(#7807),#7811);
#7807 = LINE('',#7808,#7809);
#7808 = CARTESIAN_POINT('',(0.,4.3));
#7809 = VECTOR('',#7810,1.);
#7810 = DIRECTION('',(1.,0.));
#7811 = ( GEOMETRIC_REPRESENTATION_CONTEXT(2) 
PARAMETRIC_REPRESENTATION_CONTEXT() REPRESENTATION_CONTEXT('2D SPACE',''
  ) );
#7812 = FACE_BOUND('',#7813,.F.);
#7813 = EDGE_LOOP('',(#7814,#7842,#7868,#7894));
#7814 = ORIENTED_EDGE('',*,*,#7815,.T.);
#7815 = EDGE_CURVE('',#7816,#7818,#7820,.T.);
#7816 = VERTEX_POINT('',#7817);
#7817 = CARTESIAN_POINT('',(8.,0.65,3.));
#7818 = VERTEX_POINT('',#7819);
#7819 = CARTESIAN_POINT('',(8.,0.35,3.));
#7820 = SURFACE_CURVE('',#7821,(#7825,#7831),.PCURVE_S1.);
#7821 = LINE('',#7822,#7823);
#7822 = CARTESIAN_POINT('',(8.,-0.775,3.));
#7823 = VECTOR('',#7824,1.);
#7824 = DIRECTION('',(0.,-1.,0.));
#7825 = PCURVE('',#5967,#7826);
#7826 = DEFINITIONAL_REPRESENTATION('',(#7827),#7830);
#7827 = B_SPLINE_CURVE_WITH_KNOTS('',1,(#7828,#7829),.UNSPECIFIED.,.F.,
  .F.,(2,2),(-1.425,-1.125),.PIECEWISE_BEZIER_KNOTS.);
#7828 = CARTESIAN_POINT('',(1.4,-2.55));
#7829 = CARTESIAN_POINT('',(1.4,-2.25));
#7830 = ( GEOMETRIC_REPRESENTATION_CONTEXT(2) 
PARAMETRIC_REPRESENTATION_CONTEXT() REPRESENTATION_CONTEXT('2D SPACE',''
  ) );
#7831 = PCURVE('',#7832,#7837);
#7832 = PLANE('',#7833);
#7833 = AXIS2_PLACEMENT_3D('',#7834,#7835,#7836);
#7834 = CARTESIAN_POINT('',(4.05,0.35,3.));
#7835 = DIRECTION('',(0.,0.,1.));
#7836 = DIRECTION('',(1.,0.,0.));
#7837 = DEFINITIONAL_REPRESENTATION('',(#7838),#7841);
#7838 = B_SPLINE_CURVE_WITH_KNOTS('',1,(#7839,#7840),.UNSPECIFIED.,.F.,
  .F.,(2,2),(-1.425,-1.125),.PIECEWISE_BEZIER_KNOTS.);
#7839 = CARTESIAN_POINT('',(3.95,0.3));
#7840 = CARTESIAN_POINT('',(3.95,0.));
#7841 = ( GEOMETRIC_REPRESENTATION_CONTEXT(2) 
PARAMETRIC_REPRESENTATION_CONTEXT() REPRESENTATION_CONTEXT('2D SPACE',''
  ) );
#7842 = ORIENTED_EDGE('',*,*,#7843,.T.);
#7843 = EDGE_CURVE('',#7818,#7844,#7846,.T.);
#7844 = VERTEX_POINT('',#7845);
#7845 = CARTESIAN_POINT('',(8.,0.35,7.6));
#7846 = SURFACE_CURVE('',#7847,(#7851,#7857),.PCURVE_S1.);
#7847 = LINE('',#7848,#7849);
#7848 = CARTESIAN_POINT('',(8.,0.35,2.3));
#7849 = VECTOR('',#7850,1.);
#7850 = DIRECTION('',(0.,0.,1.));
#7851 = PCURVE('',#5967,#7852);
#7852 = DEFINITIONAL_REPRESENTATION('',(#7853),#7856);
#7853 = B_SPLINE_CURVE_WITH_KNOTS('',1,(#7854,#7855),.UNSPECIFIED.,.F.,
  .F.,(2,2),(0.7,5.3),.PIECEWISE_BEZIER_KNOTS.);
#7854 = CARTESIAN_POINT('',(1.4,-2.25));
#7855 = CARTESIAN_POINT('',(6.,-2.25));
#7856 = ( GEOMETRIC_REPRESENTATION_CONTEXT(2) 
PARAMETRIC_REPRESENTATION_CONTEXT() REPRESENTATION_CONTEXT('2D SPACE',''
  ) );
#7857 = PCURVE('',#7858,#7863);
#7858 = PLANE('',#7859);
#7859 = AXIS2_PLACEMENT_3D('',#7860,#7861,#7862);
#7860 = CARTESIAN_POINT('',(4.05,0.35,3.));
#7861 = DIRECTION('',(0.,1.,0.));
#7862 = DIRECTION('',(0.,0.,1.));
#7863 = DEFINITIONAL_REPRESENTATION('',(#7864),#7867);
#7864 = B_SPLINE_CURVE_WITH_KNOTS('',1,(#7865,#7866),.UNSPECIFIED.,.F.,
  .F.,(2,2),(0.7,5.3),.PIECEWISE_BEZIER_KNOTS.);
#7865 = CARTESIAN_POINT('',(0.,3.95));
#7866 = CARTESIAN_POINT('',(4.6,3.95));
#7867 = ( GEOMETRIC_REPRESENTATION_CONTEXT(2) 
PARAMETRIC_REPRESENTATION_CONTEXT() REPRESENTATION_CONTEXT('2D SPACE',''
  ) );
#7868 = ORIENTED_EDGE('',*,*,#7869,.F.);
#7869 = EDGE_CURVE('',#7870,#7844,#7872,.T.);
#7870 = VERTEX_POINT('',#7871);
#7871 = CARTESIAN_POINT('',(8.,0.65,7.6));
#7872 = SURFACE_CURVE('',#7873,(#7877,#7883),.PCURVE_S1.);
#7873 = LINE('',#7874,#7875);
#7874 = CARTESIAN_POINT('',(8.,-0.775,7.6));
#7875 = VECTOR('',#7876,1.);
#7876 = DIRECTION('',(0.,-1.,0.));
#7877 = PCURVE('',#5967,#7878);
#7878 = DEFINITIONAL_REPRESENTATION('',(#7879),#7882);
#7879 = B_SPLINE_CURVE_WITH_KNOTS('',1,(#7880,#7881),.UNSPECIFIED.,.F.,
  .F.,(2,2),(-1.425,-1.125),.PIECEWISE_BEZIER_KNOTS.);
#7880 = CARTESIAN_POINT('',(6.,-2.55));
#7881 = CARTESIAN_POINT('',(6.,-2.25));
#7882 = ( GEOMETRIC_REPRESENTATION_CONTEXT(2) 
PARAMETRIC_REPRESENTATION_CONTEXT() REPRESENTATION_CONTEXT('2D SPACE',''
  ) );
#7883 = PCURVE('',#7884,#7889);
#7884 = PLANE('',#7885);
#7885 = AXIS2_PLACEMENT_3D('',#7886,#7887,#7888);
#7886 = CARTESIAN_POINT('',(4.05,0.35,7.6));
#7887 = DIRECTION('',(0.,0.,1.));
#7888 = DIRECTION('',(1.,0.,0.));
#7889 = DEFINITIONAL_REPRESENTATION('',(#7890),#7893);
#7890 = B_SPLINE_CURVE_WITH_KNOTS('',1,(#7891,#7892),.UNSPECIFIED.,.F.,
  .F.,(2,2),(-1.425,-1.125),.PIECEWISE_BEZIER_KNOTS.);
#7891 = CARTESIAN_POINT('',(3.95,0.3));
#7892 = CARTESIAN_POINT('',(3.95,0.));
#7893 = ( GEOMETRIC_REPRESENTATION_CONTEXT(2) 
PARAMETRIC_REPRESENTATION_CONTEXT() REPRESENTATION_CONTEXT('2D SPACE',''
  ) );
#7894 = ORIENTED_EDGE('',*,*,#7895,.F.);
#7895 = EDGE_CURVE('',#7816,#7870,#7896,.T.);
#7896 = SURFACE_CURVE('',#7897,(#7901,#7907),.PCURVE_S1.);
#7897 = LINE('',#7898,#7899);
#7898 = CARTESIAN_POINT('',(8.,0.65,2.3));
#7899 = VECTOR('',#7900,1.);
#7900 = DIRECTION('',(0.,0.,1.));
#7901 = PCURVE('',#5967,#7902);
#7902 = DEFINITIONAL_REPRESENTATION('',(#7903),#7906);
#7903 = B_SPLINE_CURVE_WITH_KNOTS('',1,(#7904,#7905),.UNSPECIFIED.,.F.,
  .F.,(2,2),(0.7,5.3),.PIECEWISE_BEZIER_KNOTS.);
#7904 = CARTESIAN_POINT('',(1.4,-2.55));
#7905 = CARTESIAN_POINT('',(6.,-2.55));
#7906 = ( GEOMETRIC_REPRESENTATION_CONTEXT(2) 
PARAMETRIC_REPRESENTATION_CONTEXT() REPRESENTATION_CONTEXT('2D SPACE',''
  ) );
#7907 = PCURVE('',#7908,#7913);
#7908 = PLANE('',#7909);
#7909 = AXIS2_PLACEMENT_3D('',#7910,#7911,#7912);
#7910 = CARTESIAN_POINT('',(4.05,0.65,3.));
#7911 = DIRECTION('',(0.,1.,0.));
#7912 = DIRECTION('',(0.,0.,1.));
#7913 = DEFINITIONAL_REPRESENTATION('',(#7914),#7917);
#7914 = B_SPLINE_CURVE_WITH_KNOTS('',1,(#7915,#7916),.UNSPECIFIED.,.F.,
  .F.,(2,2),(0.7,5.3),.PIECEWISE_BEZIER_KNOTS.);
#7915 = CARTESIAN_POINT('',(0.,3.95));
#7916 = CARTESIAN_POINT('',(4.6,3.95));
#7917 = ( GEOMETRIC_REPRESENTATION_CONTEXT(2) 
PARAMETRIC_REPRESENTATION_CONTEXT() REPRESENTATION_CONTEXT('2D SPACE',''
  ) );
#7918 = FACE_BOUND('',#7919,.F.);
#7919 = EDGE_LOOP('',(#7920,#7948,#7974,#8000));
#7920 = ORIENTED_EDGE('',*,*,#7921,.T.);
#7921 = EDGE_CURVE('',#7922,#7924,#7926,.T.);
#7922 = VERTEX_POINT('',#7923);
#7923 = CARTESIAN_POINT('',(8.,-0.35,3.));
#7924 = VERTEX_POINT('',#7925);
#7925 = CARTESIAN_POINT('',(8.,-0.65,3.));
#7926 = SURFACE_CURVE('',#7927,(#7931,#7937),.PCURVE_S1.);
#7927 = LINE('',#7928,#7929);
#7928 = CARTESIAN_POINT('',(8.,-1.275,3.));
#7929 = VECTOR('',#7930,1.);
#7930 = DIRECTION('',(0.,-1.,0.));
#7931 = PCURVE('',#5967,#7932);
#7932 = DEFINITIONAL_REPRESENTATION('',(#7933),#7936);
#7933 = B_SPLINE_CURVE_WITH_KNOTS('',1,(#7934,#7935),.UNSPECIFIED.,.F.,
  .F.,(2,2),(-0.925,-0.625),.PIECEWISE_BEZIER_KNOTS.);
#7934 = CARTESIAN_POINT('',(1.4,-1.55));
#7935 = CARTESIAN_POINT('',(1.4,-1.25));
#7936 = ( GEOMETRIC_REPRESENTATION_CONTEXT(2) 
PARAMETRIC_REPRESENTATION_CONTEXT() REPRESENTATION_CONTEXT('2D SPACE',''
  ) );
#7937 = PCURVE('',#7938,#7943);
#7938 = PLANE('',#7939);
#7939 = AXIS2_PLACEMENT_3D('',#7940,#7941,#7942);
#7940 = CARTESIAN_POINT('',(4.05,-0.65,3.));
#7941 = DIRECTION('',(0.,0.,1.));
#7942 = DIRECTION('',(1.,0.,0.));
#7943 = DEFINITIONAL_REPRESENTATION('',(#7944),#7947);
#7944 = B_SPLINE_CURVE_WITH_KNOTS('',1,(#7945,#7946),.UNSPECIFIED.,.F.,
  .F.,(2,2),(-0.925,-0.625),.PIECEWISE_BEZIER_KNOTS.);
#7945 = CARTESIAN_POINT('',(3.95,0.3));
#7946 = CARTESIAN_POINT('',(3.95,0.));
#7947 = ( GEOMETRIC_REPRESENTATION_CONTEXT(2) 
PARAMETRIC_REPRESENTATION_CONTEXT() REPRESENTATION_CONTEXT('2D SPACE',''
  ) );
#7948 = ORIENTED_EDGE('',*,*,#7949,.T.);
#7949 = EDGE_CURVE('',#7924,#7950,#7952,.T.);
#7950 = VERTEX_POINT('',#7951);
#7951 = CARTESIAN_POINT('',(8.,-0.65,7.6));
#7952 = SURFACE_CURVE('',#7953,(#7957,#7963),.PCURVE_S1.);
#7953 = LINE('',#7954,#7955);
#7954 = CARTESIAN_POINT('',(8.,-0.65,2.3));
#7955 = VECTOR('',#7956,1.);
#7956 = DIRECTION('',(0.,0.,1.));
#7957 = PCURVE('',#5967,#7958);
#7958 = DEFINITIONAL_REPRESENTATION('',(#7959),#7962);
#7959 = B_SPLINE_CURVE_WITH_KNOTS('',1,(#7960,#7961),.UNSPECIFIED.,.F.,
  .F.,(2,2),(0.7,5.3),.PIECEWISE_BEZIER_KNOTS.);
#7960 = CARTESIAN_POINT('',(1.4,-1.25));
#7961 = CARTESIAN_POINT('',(6.,-1.25));
#7962 = ( GEOMETRIC_REPRESENTATION_CONTEXT(2) 
PARAMETRIC_REPRESENTATION_CONTEXT() REPRESENTATION_CONTEXT('2D SPACE',''
  ) );
#7963 = PCURVE('',#7964,#7969);
#7964 = PLANE('',#7965);
#7965 = AXIS2_PLACEMENT_3D('',#7966,#7967,#7968);
#7966 = CARTESIAN_POINT('',(4.05,-0.65,3.));
#7967 = DIRECTION('',(0.,1.,0.));
#7968 = DIRECTION('',(0.,0.,1.));
#7969 = DEFINITIONAL_REPRESENTATION('',(#7970),#7973);
#7970 = B_SPLINE_CURVE_WITH_KNOTS('',1,(#7971,#7972),.UNSPECIFIED.,.F.,
  .F.,(2,2),(0.7,5.3),.PIECEWISE_BEZIER_KNOTS.);
#7971 = CARTESIAN_POINT('',(0.,3.95));
#7972 = CARTESIAN_POINT('',(4.6,3.95));
#7973 = ( GEOMETRIC_REPRESENTATION_CONTEXT(2) 
PARAMETRIC_REPRESENTATION_CONTEXT() REPRESENTATION_CONTEXT('2D SPACE',''
  ) );
#7974 = ORIENTED_EDGE('',*,*,#7975,.F.);
#7975 = EDGE_CURVE('',#7976,#7950,#7978,.T.);
#7976 = VERTEX_POINT('',#7977);
#7977 = CARTESIAN_POINT('',(8.,-0.35,7.6));
#7978 = SURFACE_CURVE('',#7979,(#7983,#7989),.PCURVE_S1.);
#7979 = LINE('',#7980,#7981);
#7980 = CARTESIAN_POINT('',(8.,-1.275,7.6));
#7981 = VECTOR('',#7982,1.);
#7982 = DIRECTION('',(0.,-1.,0.));
#7983 = PCURVE('',#5967,#7984);
#7984 = DEFINITIONAL_REPRESENTATION('',(#7985),#7988);
#7985 = B_SPLINE_CURVE_WITH_KNOTS('',1,(#7986,#7987),.UNSPECIFIED.,.F.,
  .F.,(2,2),(-0.925,-0.625),.PIECEWISE_BEZIER_KNOTS.);
#7986 = CARTESIAN_POINT('',(6.,-1.55));
#7987 = CARTESIAN_POINT('',(6.,-1.25));
#7988 = ( GEOMETRIC_REPRESENTATION_CONTEXT(2) 
PARAMETRIC_REPRESENTATION_CONTEXT() REPRESENTATION_CONTEXT('2D SPACE',''
  ) );
#7989 = PCURVE('',#7990,#7995);
#7990 = PLANE('',#7991);
#7991 = AXIS2_PLACEMENT_3D('',#7992,#7993,#7994);
#7992 = CARTESIAN_POINT('',(4.05,-0.65,7.6));
#7993 = DIRECTION('',(0.,0.,1.));
#7994 = DIRECTION('',(1.,0.,0.));
#7995 = DEFINITIONAL_REPRESENTATION('',(#7996),#7999);
#7996 = B_SPLINE_CURVE_WITH_KNOTS('',1,(#7997,#7998),.UNSPECIFIED.,.F.,
  .F.,(2,2),(-0.925,-0.625),.PIECEWISE_BEZIER_KNOTS.);
#7997 = CARTESIAN_POINT('',(3.95,0.3));
#7998 = CARTESIAN_POINT('',(3.95,0.));
#7999 = ( GEOMETRIC_REPRESENTATION_CONTEXT(2) 
PARAMETRIC_REPRESENTATION_CONTEXT() REPRESENTATION_CONTEXT('2D SPACE',''
  ) );
#8000 = ORIENTED_EDGE('',*,*,#8001,.F.);
#8001 = EDGE_CURVE('',#7922,#7976,#8002,.T.);
#8002 = SURFACE_CURVE('',#8003,(#8007,#8013),.PCURVE_S1.);
#8003 = LINE('',#8004,#8005);
#8004 = CARTESIAN_POINT('',(8.,-0.35,2.3));
#8005 = VECTOR('',#8006,1.);
#8006 = DIRECTION('',(0.,0.,1.));
#8007 = PCURVE('',#5967,#8008);
#8008 = DEFINITIONAL_REPRESENTATION('',(#8009),#8012);
#8009 = B_SPLINE_CURVE_WITH_KNOTS('',1,(#8010,#8011),.UNSPECIFIED.,.F.,
  .F.,(2,2),(0.7,5.3),.PIECEWISE_BEZIER_KNOTS.);
#8010 = CARTESIAN_POINT('',(1.4,-1.55));
#8011 = CARTESIAN_POINT('',(6.,-1.55));
#8012 = ( GEOMETRIC_REPRESENTATION_CONTEXT(2) 
PARAMETRIC_REPRESENTATION_CONTEXT() REPRESENTATION_CONTEXT('2D SPACE',''
  ) );
#8013 = PCURVE('',#8014,#8019);
#8014 = PLANE('',#8015);
#8015 = AXIS2_PLACEMENT_3D('',#8016,#8017,#8018);
#8016 = CARTESIAN_POINT('',(4.05,-0.35,3.));
#8017 = DIRECTION('',(0.,1.,0.));
#8018 = DIRECTION('',(0.,0.,1.));
#8019 = DEFINITIONAL_REPRESENTATION('',(#8020),#8023);
#8020 = B_SPLINE_CURVE_WITH_KNOTS('',1,(#8021,#8022),.UNSPECIFIED.,.F.,
  .F.,(2,2),(0.7,5.3),.PIECEWISE_BEZIER_KNOTS.);
#8021 = CARTESIAN_POINT('',(0.,3.95));
#8022 = CARTESIAN_POINT('',(4.6,3.95));
#8023 = ( GEOMETRIC_REPRESENTATION_CONTEXT(2) 
PARAMETRIC_REPRESENTATION_CONTEXT() REPRESENTATION_CONTEXT('2D SPACE',''
  ) );
#8024 = ADVANCED_FACE('',(#8025),#7964,.F.);
#8025 = FACE_BOUND('',#8026,.F.);
#8026 = EDGE_LOOP('',(#8027,#8050,#8078,#8099));
#8027 = ORIENTED_EDGE('',*,*,#8028,.F.);
#8028 = EDGE_CURVE('',#8029,#7924,#8031,.T.);
#8029 = VERTEX_POINT('',#8030);
#8030 = CARTESIAN_POINT('',(4.05,-0.65,3.));
#8031 = SURFACE_CURVE('',#8032,(#8036,#8043),.PCURVE_S1.);
#8032 = LINE('',#8033,#8034);
#8033 = CARTESIAN_POINT('',(4.05,-0.65,3.));
#8034 = VECTOR('',#8035,1.);
#8035 = DIRECTION('',(1.,0.,0.));
#8036 = PCURVE('',#7964,#8037);
#8037 = DEFINITIONAL_REPRESENTATION('',(#8038),#8042);
#8038 = LINE('',#8039,#8040);
#8039 = CARTESIAN_POINT('',(0.,0.));
#8040 = VECTOR('',#8041,1.);
#8041 = DIRECTION('',(0.,1.));
#8042 = ( GEOMETRIC_REPRESENTATION_CONTEXT(2) 
PARAMETRIC_REPRESENTATION_CONTEXT() REPRESENTATION_CONTEXT('2D SPACE',''
  ) );
#8043 = PCURVE('',#7938,#8044);
#8044 = DEFINITIONAL_REPRESENTATION('',(#8045),#8049);
#8045 = LINE('',#8046,#8047);
#8046 = CARTESIAN_POINT('',(0.,0.));
#8047 = VECTOR('',#8048,1.);
#8048 = DIRECTION('',(1.,0.));
#8049 = ( GEOMETRIC_REPRESENTATION_CONTEXT(2) 
PARAMETRIC_REPRESENTATION_CONTEXT() REPRESENTATION_CONTEXT('2D SPACE',''
  ) );
#8050 = ORIENTED_EDGE('',*,*,#8051,.T.);
#8051 = EDGE_CURVE('',#8029,#8052,#8054,.T.);
#8052 = VERTEX_POINT('',#8053);
#8053 = CARTESIAN_POINT('',(4.05,-0.65,7.6));
#8054 = SURFACE_CURVE('',#8055,(#8059,#8066),.PCURVE_S1.);
#8055 = LINE('',#8056,#8057);
#8056 = CARTESIAN_POINT('',(4.05,-0.65,3.));
#8057 = VECTOR('',#8058,1.);
#8058 = DIRECTION('',(0.,0.,1.));
#8059 = PCURVE('',#7964,#8060);
#8060 = DEFINITIONAL_REPRESENTATION('',(#8061),#8065);
#8061 = LINE('',#8062,#8063);
#8062 = CARTESIAN_POINT('',(0.,0.));
#8063 = VECTOR('',#8064,1.);
#8064 = DIRECTION('',(1.,0.));
#8065 = ( GEOMETRIC_REPRESENTATION_CONTEXT(2) 
PARAMETRIC_REPRESENTATION_CONTEXT() REPRESENTATION_CONTEXT('2D SPACE',''
  ) );
#8066 = PCURVE('',#8067,#8072);
#8067 = PLANE('',#8068);
#8068 = AXIS2_PLACEMENT_3D('',#8069,#8070,#8071);
#8069 = CARTESIAN_POINT('',(4.05,-0.65,3.));
#8070 = DIRECTION('',(1.,0.,0.));
#8071 = DIRECTION('',(0.,0.,1.));
#8072 = DEFINITIONAL_REPRESENTATION('',(#8073),#8077);
#8073 = LINE('',#8074,#8075);
#8074 = CARTESIAN_POINT('',(0.,0.));
#8075 = VECTOR('',#8076,1.);
#8076 = DIRECTION('',(1.,0.));
#8077 = ( GEOMETRIC_REPRESENTATION_CONTEXT(2) 
PARAMETRIC_REPRESENTATION_CONTEXT() REPRESENTATION_CONTEXT('2D SPACE',''
  ) );
#8078 = ORIENTED_EDGE('',*,*,#8079,.T.);
#8079 = EDGE_CURVE('',#8052,#7950,#8080,.T.);
#8080 = SURFACE_CURVE('',#8081,(#8085,#8092),.PCURVE_S1.);
#8081 = LINE('',#8082,#8083);
#8082 = CARTESIAN_POINT('',(4.05,-0.65,7.6));
#8083 = VECTOR('',#8084,1.);
#8084 = DIRECTION('',(1.,0.,0.));
#8085 = PCURVE('',#7964,#8086);
#8086 = DEFINITIONAL_REPRESENTATION('',(#8087),#8091);
#8087 = LINE('',#8088,#8089);
#8088 = CARTESIAN_POINT('',(4.6,0.));
#8089 = VECTOR('',#8090,1.);
#8090 = DIRECTION('',(0.,1.));
#8091 = ( GEOMETRIC_REPRESENTATION_CONTEXT(2) 
PARAMETRIC_REPRESENTATION_CONTEXT() REPRESENTATION_CONTEXT('2D SPACE',''
  ) );
#8092 = PCURVE('',#7990,#8093);
#8093 = DEFINITIONAL_REPRESENTATION('',(#8094),#8098);
#8094 = LINE('',#8095,#8096);
#8095 = CARTESIAN_POINT('',(0.,0.));
#8096 = VECTOR('',#8097,1.);
#8097 = DIRECTION('',(1.,0.));
#8098 = ( GEOMETRIC_REPRESENTATION_CONTEXT(2) 
PARAMETRIC_REPRESENTATION_CONTEXT() REPRESENTATION_CONTEXT('2D SPACE',''
  ) );
#8099 = ORIENTED_EDGE('',*,*,#7949,.F.);
#8100 = ADVANCED_FACE('',(#8101),#8067,.F.);
#8101 = FACE_BOUND('',#8102,.F.);
#8102 = EDGE_LOOP('',(#8103,#8104,#8127,#8150));
#8103 = ORIENTED_EDGE('',*,*,#8051,.F.);
#8104 = ORIENTED_EDGE('',*,*,#8105,.T.);
#8105 = EDGE_CURVE('',#8029,#8106,#8108,.T.);
#8106 = VERTEX_POINT('',#8107);
#8107 = CARTESIAN_POINT('',(4.05,-0.35,3.));
#8108 = SURFACE_CURVE('',#8109,(#8113,#8120),.PCURVE_S1.);
#8109 = LINE('',#8110,#8111);
#8110 = CARTESIAN_POINT('',(4.05,-0.65,3.));
#8111 = VECTOR('',#8112,1.);
#8112 = DIRECTION('',(0.,1.,0.));
#8113 = PCURVE('',#8067,#8114);
#8114 = DEFINITIONAL_REPRESENTATION('',(#8115),#8119);
#8115 = LINE('',#8116,#8117);
#8116 = CARTESIAN_POINT('',(0.,0.));
#8117 = VECTOR('',#8118,1.);
#8118 = DIRECTION('',(0.,-1.));
#8119 = ( GEOMETRIC_REPRESENTATION_CONTEXT(2) 
PARAMETRIC_REPRESENTATION_CONTEXT() REPRESENTATION_CONTEXT('2D SPACE',''
  ) );
#8120 = PCURVE('',#7938,#8121);
#8121 = DEFINITIONAL_REPRESENTATION('',(#8122),#8126);
#8122 = LINE('',#8123,#8124);
#8123 = CARTESIAN_POINT('',(0.,0.));
#8124 = VECTOR('',#8125,1.);
#8125 = DIRECTION('',(0.,1.));
#8126 = ( GEOMETRIC_REPRESENTATION_CONTEXT(2) 
PARAMETRIC_REPRESENTATION_CONTEXT() REPRESENTATION_CONTEXT('2D SPACE',''
  ) );
#8127 = ORIENTED_EDGE('',*,*,#8128,.T.);
#8128 = EDGE_CURVE('',#8106,#8129,#8131,.T.);
#8129 = VERTEX_POINT('',#8130);
#8130 = CARTESIAN_POINT('',(4.05,-0.35,7.6));
#8131 = SURFACE_CURVE('',#8132,(#8136,#8143),.PCURVE_S1.);
#8132 = LINE('',#8133,#8134);
#8133 = CARTESIAN_POINT('',(4.05,-0.35,3.));
#8134 = VECTOR('',#8135,1.);
#8135 = DIRECTION('',(0.,0.,1.));
#8136 = PCURVE('',#8067,#8137);
#8137 = DEFINITIONAL_REPRESENTATION('',(#8138),#8142);
#8138 = LINE('',#8139,#8140);
#8139 = CARTESIAN_POINT('',(0.,-0.3));
#8140 = VECTOR('',#8141,1.);
#8141 = DIRECTION('',(1.,0.));
#8142 = ( GEOMETRIC_REPRESENTATION_CONTEXT(2) 
PARAMETRIC_REPRESENTATION_CONTEXT() REPRESENTATION_CONTEXT('2D SPACE',''
  ) );
#8143 = PCURVE('',#8014,#8144);
#8144 = DEFINITIONAL_REPRESENTATION('',(#8145),#8149);
#8145 = LINE('',#8146,#8147);
#8146 = CARTESIAN_POINT('',(0.,0.));
#8147 = VECTOR('',#8148,1.);
#8148 = DIRECTION('',(1.,0.));
#8149 = ( GEOMETRIC_REPRESENTATION_CONTEXT(2) 
PARAMETRIC_REPRESENTATION_CONTEXT() REPRESENTATION_CONTEXT('2D SPACE',''
  ) );
#8150 = ORIENTED_EDGE('',*,*,#8151,.F.);
#8151 = EDGE_CURVE('',#8052,#8129,#8152,.T.);
#8152 = SURFACE_CURVE('',#8153,(#8157,#8164),.PCURVE_S1.);
#8153 = LINE('',#8154,#8155);
#8154 = CARTESIAN_POINT('',(4.05,-0.65,7.6));
#8155 = VECTOR('',#8156,1.);
#8156 = DIRECTION('',(0.,1.,0.));
#8157 = PCURVE('',#8067,#8158);
#8158 = DEFINITIONAL_REPRESENTATION('',(#8159),#8163);
#8159 = LINE('',#8160,#8161);
#8160 = CARTESIAN_POINT('',(4.6,0.));
#8161 = VECTOR('',#8162,1.);
#8162 = DIRECTION('',(0.,-1.));
#8163 = ( GEOMETRIC_REPRESENTATION_CONTEXT(2) 
PARAMETRIC_REPRESENTATION_CONTEXT() REPRESENTATION_CONTEXT('2D SPACE',''
  ) );
#8164 = PCURVE('',#7990,#8165);
#8165 = DEFINITIONAL_REPRESENTATION('',(#8166),#8170);
#8166 = LINE('',#8167,#8168);
#8167 = CARTESIAN_POINT('',(0.,0.));
#8168 = VECTOR('',#8169,1.);
#8169 = DIRECTION('',(0.,1.));
#8170 = ( GEOMETRIC_REPRESENTATION_CONTEXT(2) 
PARAMETRIC_REPRESENTATION_CONTEXT() REPRESENTATION_CONTEXT('2D SPACE',''
  ) );
#8171 = ADVANCED_FACE('',(#8172),#7990,.T.);
#8172 = FACE_BOUND('',#8173,.T.);
#8173 = EDGE_LOOP('',(#8174,#8195,#8196,#8197));
#8174 = ORIENTED_EDGE('',*,*,#8175,.F.);
#8175 = EDGE_CURVE('',#8129,#7976,#8176,.T.);
#8176 = SURFACE_CURVE('',#8177,(#8181,#8188),.PCURVE_S1.);
#8177 = LINE('',#8178,#8179);
#8178 = CARTESIAN_POINT('',(4.05,-0.35,7.6));
#8179 = VECTOR('',#8180,1.);
#8180 = DIRECTION('',(1.,0.,0.));
#8181 = PCURVE('',#7990,#8182);
#8182 = DEFINITIONAL_REPRESENTATION('',(#8183),#8187);
#8183 = LINE('',#8184,#8185);
#8184 = CARTESIAN_POINT('',(0.,0.3));
#8185 = VECTOR('',#8186,1.);
#8186 = DIRECTION('',(1.,0.));
#8187 = ( GEOMETRIC_REPRESENTATION_CONTEXT(2) 
PARAMETRIC_REPRESENTATION_CONTEXT() REPRESENTATION_CONTEXT('2D SPACE',''
  ) );
#8188 = PCURVE('',#8014,#8189);
#8189 = DEFINITIONAL_REPRESENTATION('',(#8190),#8194);
#8190 = LINE('',#8191,#8192);
#8191 = CARTESIAN_POINT('',(4.6,0.));
#8192 = VECTOR('',#8193,1.);
#8193 = DIRECTION('',(0.,1.));
#8194 = ( GEOMETRIC_REPRESENTATION_CONTEXT(2) 
PARAMETRIC_REPRESENTATION_CONTEXT() REPRESENTATION_CONTEXT('2D SPACE',''
  ) );
#8195 = ORIENTED_EDGE('',*,*,#8151,.F.);
#8196 = ORIENTED_EDGE('',*,*,#8079,.T.);
#8197 = ORIENTED_EDGE('',*,*,#7975,.F.);
#8198 = ADVANCED_FACE('',(#8199),#8014,.T.);
#8199 = FACE_BOUND('',#8200,.T.);
#8200 = EDGE_LOOP('',(#8201,#8222,#8223,#8224));
#8201 = ORIENTED_EDGE('',*,*,#8202,.F.);
#8202 = EDGE_CURVE('',#8106,#7922,#8203,.T.);
#8203 = SURFACE_CURVE('',#8204,(#8208,#8215),.PCURVE_S1.);
#8204 = LINE('',#8205,#8206);
#8205 = CARTESIAN_POINT('',(4.05,-0.35,3.));
#8206 = VECTOR('',#8207,1.);
#8207 = DIRECTION('',(1.,0.,0.));
#8208 = PCURVE('',#8014,#8209);
#8209 = DEFINITIONAL_REPRESENTATION('',(#8210),#8214);
#8210 = LINE('',#8211,#8212);
#8211 = CARTESIAN_POINT('',(0.,0.));
#8212 = VECTOR('',#8213,1.);
#8213 = DIRECTION('',(0.,1.));
#8214 = ( GEOMETRIC_REPRESENTATION_CONTEXT(2) 
PARAMETRIC_REPRESENTATION_CONTEXT() REPRESENTATION_CONTEXT('2D SPACE',''
  ) );
#8215 = PCURVE('',#7938,#8216);
#8216 = DEFINITIONAL_REPRESENTATION('',(#8217),#8221);
#8217 = LINE('',#8218,#8219);
#8218 = CARTESIAN_POINT('',(0.,0.3));
#8219 = VECTOR('',#8220,1.);
#8220 = DIRECTION('',(1.,0.));
#8221 = ( GEOMETRIC_REPRESENTATION_CONTEXT(2) 
PARAMETRIC_REPRESENTATION_CONTEXT() REPRESENTATION_CONTEXT('2D SPACE',''
  ) );
#8222 = ORIENTED_EDGE('',*,*,#8128,.T.);
#8223 = ORIENTED_EDGE('',*,*,#8175,.T.);
#8224 = ORIENTED_EDGE('',*,*,#8001,.F.);
#8225 = ADVANCED_FACE('',(#8226),#7938,.F.);
#8226 = FACE_BOUND('',#8227,.F.);
#8227 = EDGE_LOOP('',(#8228,#8229,#8230,#8231));
#8228 = ORIENTED_EDGE('',*,*,#8202,.F.);
#8229 = ORIENTED_EDGE('',*,*,#8105,.F.);
#8230 = ORIENTED_EDGE('',*,*,#8028,.T.);
#8231 = ORIENTED_EDGE('',*,*,#7921,.F.);
#8232 = ADVANCED_FACE('',(#8233),#7884,.T.);
#8233 = FACE_BOUND('',#8234,.T.);
#8234 = EDGE_LOOP('',(#8235,#8258,#8286,#8307));
#8235 = ORIENTED_EDGE('',*,*,#8236,.F.);
#8236 = EDGE_CURVE('',#8237,#7870,#8239,.T.);
#8237 = VERTEX_POINT('',#8238);
#8238 = CARTESIAN_POINT('',(4.05,0.65,7.6));
#8239 = SURFACE_CURVE('',#8240,(#8244,#8251),.PCURVE_S1.);
#8240 = LINE('',#8241,#8242);
#8241 = CARTESIAN_POINT('',(4.05,0.65,7.6));
#8242 = VECTOR('',#8243,1.);
#8243 = DIRECTION('',(1.,0.,0.));
#8244 = PCURVE('',#7884,#8245);
#8245 = DEFINITIONAL_REPRESENTATION('',(#8246),#8250);
#8246 = LINE('',#8247,#8248);
#8247 = CARTESIAN_POINT('',(0.,0.3));
#8248 = VECTOR('',#8249,1.);
#8249 = DIRECTION('',(1.,0.));
#8250 = ( GEOMETRIC_REPRESENTATION_CONTEXT(2) 
PARAMETRIC_REPRESENTATION_CONTEXT() REPRESENTATION_CONTEXT('2D SPACE',''
  ) );
#8251 = PCURVE('',#7908,#8252);
#8252 = DEFINITIONAL_REPRESENTATION('',(#8253),#8257);
#8253 = LINE('',#8254,#8255);
#8254 = CARTESIAN_POINT('',(4.6,0.));
#8255 = VECTOR('',#8256,1.);
#8256 = DIRECTION('',(0.,1.));
#8257 = ( GEOMETRIC_REPRESENTATION_CONTEXT(2) 
PARAMETRIC_REPRESENTATION_CONTEXT() REPRESENTATION_CONTEXT('2D SPACE',''
  ) );
#8258 = ORIENTED_EDGE('',*,*,#8259,.F.);
#8259 = EDGE_CURVE('',#8260,#8237,#8262,.T.);
#8260 = VERTEX_POINT('',#8261);
#8261 = CARTESIAN_POINT('',(4.05,0.35,7.6));
#8262 = SURFACE_CURVE('',#8263,(#8267,#8274),.PCURVE_S1.);
#8263 = LINE('',#8264,#8265);
#8264 = CARTESIAN_POINT('',(4.05,0.35,7.6));
#8265 = VECTOR('',#8266,1.);
#8266 = DIRECTION('',(0.,1.,0.));
#8267 = PCURVE('',#7884,#8268);
#8268 = DEFINITIONAL_REPRESENTATION('',(#8269),#8273);
#8269 = LINE('',#8270,#8271);
#8270 = CARTESIAN_POINT('',(0.,0.));
#8271 = VECTOR('',#8272,1.);
#8272 = DIRECTION('',(0.,1.));
#8273 = ( GEOMETRIC_REPRESENTATION_CONTEXT(2) 
PARAMETRIC_REPRESENTATION_CONTEXT() REPRESENTATION_CONTEXT('2D SPACE',''
  ) );
#8274 = PCURVE('',#8275,#8280);
#8275 = PLANE('',#8276);
#8276 = AXIS2_PLACEMENT_3D('',#8277,#8278,#8279);
#8277 = CARTESIAN_POINT('',(4.05,0.35,3.));
#8278 = DIRECTION('',(1.,0.,0.));
#8279 = DIRECTION('',(0.,0.,1.));
#8280 = DEFINITIONAL_REPRESENTATION('',(#8281),#8285);
#8281 = LINE('',#8282,#8283);
#8282 = CARTESIAN_POINT('',(4.6,0.));
#8283 = VECTOR('',#8284,1.);
#8284 = DIRECTION('',(0.,-1.));
#8285 = ( GEOMETRIC_REPRESENTATION_CONTEXT(2) 
PARAMETRIC_REPRESENTATION_CONTEXT() REPRESENTATION_CONTEXT('2D SPACE',''
  ) );
#8286 = ORIENTED_EDGE('',*,*,#8287,.T.);
#8287 = EDGE_CURVE('',#8260,#7844,#8288,.T.);
#8288 = SURFACE_CURVE('',#8289,(#8293,#8300),.PCURVE_S1.);
#8289 = LINE('',#8290,#8291);
#8290 = CARTESIAN_POINT('',(4.05,0.35,7.6));
#8291 = VECTOR('',#8292,1.);
#8292 = DIRECTION('',(1.,0.,0.));
#8293 = PCURVE('',#7884,#8294);
#8294 = DEFINITIONAL_REPRESENTATION('',(#8295),#8299);
#8295 = LINE('',#8296,#8297);
#8296 = CARTESIAN_POINT('',(0.,0.));
#8297 = VECTOR('',#8298,1.);
#8298 = DIRECTION('',(1.,0.));
#8299 = ( GEOMETRIC_REPRESENTATION_CONTEXT(2) 
PARAMETRIC_REPRESENTATION_CONTEXT() REPRESENTATION_CONTEXT('2D SPACE',''
  ) );
#8300 = PCURVE('',#7858,#8301);
#8301 = DEFINITIONAL_REPRESENTATION('',(#8302),#8306);
#8302 = LINE('',#8303,#8304);
#8303 = CARTESIAN_POINT('',(4.6,0.));
#8304 = VECTOR('',#8305,1.);
#8305 = DIRECTION('',(0.,1.));
#8306 = ( GEOMETRIC_REPRESENTATION_CONTEXT(2) 
PARAMETRIC_REPRESENTATION_CONTEXT() REPRESENTATION_CONTEXT('2D SPACE',''
  ) );
#8307 = ORIENTED_EDGE('',*,*,#7869,.F.);
#8308 = ADVANCED_FACE('',(#8309),#8275,.F.);
#8309 = FACE_BOUND('',#8310,.F.);
#8310 = EDGE_LOOP('',(#8311,#8334,#8357,#8378));
#8311 = ORIENTED_EDGE('',*,*,#8312,.F.);
#8312 = EDGE_CURVE('',#8313,#8260,#8315,.T.);
#8313 = VERTEX_POINT('',#8314);
#8314 = CARTESIAN_POINT('',(4.05,0.35,3.));
#8315 = SURFACE_CURVE('',#8316,(#8320,#8327),.PCURVE_S1.);
#8316 = LINE('',#8317,#8318);
#8317 = CARTESIAN_POINT('',(4.05,0.35,3.));
#8318 = VECTOR('',#8319,1.);
#8319 = DIRECTION('',(0.,0.,1.));
#8320 = PCURVE('',#8275,#8321);
#8321 = DEFINITIONAL_REPRESENTATION('',(#8322),#8326);
#8322 = LINE('',#8323,#8324);
#8323 = CARTESIAN_POINT('',(0.,0.));
#8324 = VECTOR('',#8325,1.);
#8325 = DIRECTION('',(1.,0.));
#8326 = ( GEOMETRIC_REPRESENTATION_CONTEXT(2) 
PARAMETRIC_REPRESENTATION_CONTEXT() REPRESENTATION_CONTEXT('2D SPACE',''
  ) );
#8327 = PCURVE('',#7858,#8328);
#8328 = DEFINITIONAL_REPRESENTATION('',(#8329),#8333);
#8329 = LINE('',#8330,#8331);
#8330 = CARTESIAN_POINT('',(0.,0.));
#8331 = VECTOR('',#8332,1.);
#8332 = DIRECTION('',(1.,0.));
#8333 = ( GEOMETRIC_REPRESENTATION_CONTEXT(2) 
PARAMETRIC_REPRESENTATION_CONTEXT() REPRESENTATION_CONTEXT('2D SPACE',''
  ) );
#8334 = ORIENTED_EDGE('',*,*,#8335,.T.);
#8335 = EDGE_CURVE('',#8313,#8336,#8338,.T.);
#8336 = VERTEX_POINT('',#8337);
#8337 = CARTESIAN_POINT('',(4.05,0.65,3.));
#8338 = SURFACE_CURVE('',#8339,(#8343,#8350),.PCURVE_S1.);
#8339 = LINE('',#8340,#8341);
#8340 = CARTESIAN_POINT('',(4.05,0.35,3.));
#8341 = VECTOR('',#8342,1.);
#8342 = DIRECTION('',(0.,1.,0.));
#8343 = PCURVE('',#8275,#8344);
#8344 = DEFINITIONAL_REPRESENTATION('',(#8345),#8349);
#8345 = LINE('',#8346,#8347);
#8346 = CARTESIAN_POINT('',(0.,0.));
#8347 = VECTOR('',#8348,1.);
#8348 = DIRECTION('',(0.,-1.));
#8349 = ( GEOMETRIC_REPRESENTATION_CONTEXT(2) 
PARAMETRIC_REPRESENTATION_CONTEXT() REPRESENTATION_CONTEXT('2D SPACE',''
  ) );
#8350 = PCURVE('',#7832,#8351);
#8351 = DEFINITIONAL_REPRESENTATION('',(#8352),#8356);
#8352 = LINE('',#8353,#8354);
#8353 = CARTESIAN_POINT('',(0.,0.));
#8354 = VECTOR('',#8355,1.);
#8355 = DIRECTION('',(0.,1.));
#8356 = ( GEOMETRIC_REPRESENTATION_CONTEXT(2) 
PARAMETRIC_REPRESENTATION_CONTEXT() REPRESENTATION_CONTEXT('2D SPACE',''
  ) );
#8357 = ORIENTED_EDGE('',*,*,#8358,.T.);
#8358 = EDGE_CURVE('',#8336,#8237,#8359,.T.);
#8359 = SURFACE_CURVE('',#8360,(#8364,#8371),.PCURVE_S1.);
#8360 = LINE('',#8361,#8362);
#8361 = CARTESIAN_POINT('',(4.05,0.65,3.));
#8362 = VECTOR('',#8363,1.);
#8363 = DIRECTION('',(0.,0.,1.));
#8364 = PCURVE('',#8275,#8365);
#8365 = DEFINITIONAL_REPRESENTATION('',(#8366),#8370);
#8366 = LINE('',#8367,#8368);
#8367 = CARTESIAN_POINT('',(0.,-0.3));
#8368 = VECTOR('',#8369,1.);
#8369 = DIRECTION('',(1.,0.));
#8370 = ( GEOMETRIC_REPRESENTATION_CONTEXT(2) 
PARAMETRIC_REPRESENTATION_CONTEXT() REPRESENTATION_CONTEXT('2D SPACE',''
  ) );
#8371 = PCURVE('',#7908,#8372);
#8372 = DEFINITIONAL_REPRESENTATION('',(#8373),#8377);
#8373 = LINE('',#8374,#8375);
#8374 = CARTESIAN_POINT('',(0.,0.));
#8375 = VECTOR('',#8376,1.);
#8376 = DIRECTION('',(1.,0.));
#8377 = ( GEOMETRIC_REPRESENTATION_CONTEXT(2) 
PARAMETRIC_REPRESENTATION_CONTEXT() REPRESENTATION_CONTEXT('2D SPACE',''
  ) );
#8378 = ORIENTED_EDGE('',*,*,#8259,.F.);
#8379 = ADVANCED_FACE('',(#8380),#7858,.F.);
#8380 = FACE_BOUND('',#8381,.F.);
#8381 = EDGE_LOOP('',(#8382,#8403,#8404,#8405));
#8382 = ORIENTED_EDGE('',*,*,#8383,.F.);
#8383 = EDGE_CURVE('',#8313,#7818,#8384,.T.);
#8384 = SURFACE_CURVE('',#8385,(#8389,#8396),.PCURVE_S1.);
#8385 = LINE('',#8386,#8387);
#8386 = CARTESIAN_POINT('',(4.05,0.35,3.));
#8387 = VECTOR('',#8388,1.);
#8388 = DIRECTION('',(1.,0.,0.));
#8389 = PCURVE('',#7858,#8390);
#8390 = DEFINITIONAL_REPRESENTATION('',(#8391),#8395);
#8391 = LINE('',#8392,#8393);
#8392 = CARTESIAN_POINT('',(0.,0.));
#8393 = VECTOR('',#8394,1.);
#8394 = DIRECTION('',(0.,1.));
#8395 = ( GEOMETRIC_REPRESENTATION_CONTEXT(2) 
PARAMETRIC_REPRESENTATION_CONTEXT() REPRESENTATION_CONTEXT('2D SPACE',''
  ) );
#8396 = PCURVE('',#7832,#8397);
#8397 = DEFINITIONAL_REPRESENTATION('',(#8398),#8402);
#8398 = LINE('',#8399,#8400);
#8399 = CARTESIAN_POINT('',(0.,0.));
#8400 = VECTOR('',#8401,1.);
#8401 = DIRECTION('',(1.,0.));
#8402 = ( GEOMETRIC_REPRESENTATION_CONTEXT(2) 
PARAMETRIC_REPRESENTATION_CONTEXT() REPRESENTATION_CONTEXT('2D SPACE',''
  ) );
#8403 = ORIENTED_EDGE('',*,*,#8312,.T.);
#8404 = ORIENTED_EDGE('',*,*,#8287,.T.);
#8405 = ORIENTED_EDGE('',*,*,#7843,.F.);
#8406 = ADVANCED_FACE('',(#8407),#7908,.T.);
#8407 = FACE_BOUND('',#8408,.T.);
#8408 = EDGE_LOOP('',(#8409,#8430,#8431,#8432));
#8409 = ORIENTED_EDGE('',*,*,#8410,.F.);
#8410 = EDGE_CURVE('',#8336,#7816,#8411,.T.);
#8411 = SURFACE_CURVE('',#8412,(#8416,#8423),.PCURVE_S1.);
#8412 = LINE('',#8413,#8414);
#8413 = CARTESIAN_POINT('',(4.05,0.65,3.));
#8414 = VECTOR('',#8415,1.);
#8415 = DIRECTION('',(1.,0.,0.));
#8416 = PCURVE('',#7908,#8417);
#8417 = DEFINITIONAL_REPRESENTATION('',(#8418),#8422);
#8418 = LINE('',#8419,#8420);
#8419 = CARTESIAN_POINT('',(0.,0.));
#8420 = VECTOR('',#8421,1.);
#8421 = DIRECTION('',(0.,1.));
#8422 = ( GEOMETRIC_REPRESENTATION_CONTEXT(2) 
PARAMETRIC_REPRESENTATION_CONTEXT() REPRESENTATION_CONTEXT('2D SPACE',''
  ) );
#8423 = PCURVE('',#7832,#8424);
#8424 = DEFINITIONAL_REPRESENTATION('',(#8425),#8429);
#8425 = LINE('',#8426,#8427);
#8426 = CARTESIAN_POINT('',(0.,0.3));
#8427 = VECTOR('',#8428,1.);
#8428 = DIRECTION('',(1.,0.));
#8429 = ( GEOMETRIC_REPRESENTATION_CONTEXT(2) 
PARAMETRIC_REPRESENTATION_CONTEXT() REPRESENTATION_CONTEXT('2D SPACE',''
  ) );
#8430 = ORIENTED_EDGE('',*,*,#8358,.T.);
#8431 = ORIENTED_EDGE('',*,*,#8236,.T.);
#8432 = ORIENTED_EDGE('',*,*,#7895,.F.);
#8433 = ADVANCED_FACE('',(#8434),#7832,.F.);
#8434 = FACE_BOUND('',#8435,.F.);
#8435 = EDGE_LOOP('',(#8436,#8437,#8438,#8439));
#8436 = ORIENTED_EDGE('',*,*,#8410,.F.);
#8437 = ORIENTED_EDGE('',*,*,#8335,.F.);
#8438 = ORIENTED_EDGE('',*,*,#8383,.T.);
#8439 = ORIENTED_EDGE('',*,*,#7815,.F.);
#8440 = ADVANCED_FACE('',(#8441),#5939,.F.);
#8441 = FACE_BOUND('',#8442,.F.);
#8442 = EDGE_LOOP('',(#8443,#8444,#8464,#8465,#8466,#8467,#8468,#8469));
#8443 = ORIENTED_EDGE('',*,*,#6954,.F.);
#8444 = ORIENTED_EDGE('',*,*,#8445,.F.);
#8445 = EDGE_CURVE('',#5896,#6955,#8446,.T.);
#8446 = SURFACE_CURVE('',#8447,(#8451,#8458),.PCURVE_S1.);
#8447 = LINE('',#8448,#8449);
#8448 = CARTESIAN_POINT('',(4.,1.6,1.6));
#8449 = VECTOR('',#8450,1.);
#8450 = DIRECTION('',(0.,0.,-1.));
#8451 = PCURVE('',#5939,#8452);
#8452 = DEFINITIONAL_REPRESENTATION('',(#8453),#8457);
#8453 = LINE('',#8454,#8455);
#8454 = CARTESIAN_POINT('',(0.,0.3));
#8455 = VECTOR('',#8456,1.);
#8456 = DIRECTION('',(-1.,0.));
#8457 = ( GEOMETRIC_REPRESENTATION_CONTEXT(2) 
PARAMETRIC_REPRESENTATION_CONTEXT() REPRESENTATION_CONTEXT('2D SPACE',''
  ) );
#8458 = PCURVE('',#5911,#8459);
#8459 = DEFINITIONAL_REPRESENTATION('',(#8460),#8463);
#8460 = B_SPLINE_CURVE_WITH_KNOTS('',1,(#8461,#8462),.UNSPECIFIED.,.F.,
  .F.,(2,2),(-6.7,0.),.PIECEWISE_BEZIER_KNOTS.);
#8461 = CARTESIAN_POINT('',(6.7,-0.75));
#8462 = CARTESIAN_POINT('',(0.,-0.75));
#8463 = ( GEOMETRIC_REPRESENTATION_CONTEXT(2) 
PARAMETRIC_REPRESENTATION_CONTEXT() REPRESENTATION_CONTEXT('2D SPACE',''
  ) );
#8464 = ORIENTED_EDGE('',*,*,#5923,.T.);
#8465 = ORIENTED_EDGE('',*,*,#7793,.F.);
#8466 = ORIENTED_EDGE('',*,*,#6381,.F.);
#8467 = ORIENTED_EDGE('',*,*,#6473,.F.);
#8468 = ORIENTED_EDGE('',*,*,#7098,.F.);
#8469 = ORIENTED_EDGE('',*,*,#6855,.F.);
#8470 = ADVANCED_FACE('',(#8471),#5911,.T.);
#8471 = FACE_BOUND('',#8472,.T.);
#8472 = EDGE_LOOP('',(#8473,#8474,#8495,#8496));
#8473 = ORIENTED_EDGE('',*,*,#5895,.F.);
#8474 = ORIENTED_EDGE('',*,*,#8475,.F.);
#8475 = EDGE_CURVE('',#7025,#5868,#8476,.T.);
#8476 = SURFACE_CURVE('',#8477,(#8481,#8488),.PCURVE_S1.);
#8477 = LINE('',#8478,#8479);
#8478 = CARTESIAN_POINT('',(4.,0.85,1.6));
#8479 = VECTOR('',#8480,1.);
#8480 = DIRECTION('',(0.,0.,1.));
#8481 = PCURVE('',#5911,#8482);
#8482 = DEFINITIONAL_REPRESENTATION('',(#8483),#8487);
#8483 = LINE('',#8484,#8485);
#8484 = CARTESIAN_POINT('',(0.,0.));
#8485 = VECTOR('',#8486,1.);
#8486 = DIRECTION('',(1.,0.));
#8487 = ( GEOMETRIC_REPRESENTATION_CONTEXT(2) 
PARAMETRIC_REPRESENTATION_CONTEXT() REPRESENTATION_CONTEXT('2D SPACE',''
  ) );
#8488 = PCURVE('',#5883,#8489);
#8489 = DEFINITIONAL_REPRESENTATION('',(#8490),#8494);
#8490 = LINE('',#8491,#8492);
#8491 = CARTESIAN_POINT('',(0.,0.3));
#8492 = VECTOR('',#8493,1.);
#8493 = DIRECTION('',(1.,0.));
#8494 = ( GEOMETRIC_REPRESENTATION_CONTEXT(2) 
PARAMETRIC_REPRESENTATION_CONTEXT() REPRESENTATION_CONTEXT('2D SPACE',''
  ) );
#8495 = ORIENTED_EDGE('',*,*,#7047,.T.);
#8496 = ORIENTED_EDGE('',*,*,#8445,.F.);
#8497 = ADVANCED_FACE('',(#8498),#5883,.F.);
#8498 = FACE_BOUND('',#8499,.F.);
#8499 = EDGE_LOOP('',(#8500,#8501,#8522,#8523));
#8500 = ORIENTED_EDGE('',*,*,#7024,.F.);
#8501 = ORIENTED_EDGE('',*,*,#8502,.T.);
#8502 = EDGE_CURVE('',#7002,#5840,#8503,.T.);
#8503 = SURFACE_CURVE('',#8504,(#8508,#8515),.PCURVE_S1.);
#8504 = LINE('',#8505,#8506);
#8505 = CARTESIAN_POINT('',(3.7,0.85,1.6));
#8506 = VECTOR('',#8507,1.);
#8507 = DIRECTION('',(0.,0.,1.));
#8508 = PCURVE('',#5883,#8509);
#8509 = DEFINITIONAL_REPRESENTATION('',(#8510),#8514);
#8510 = LINE('',#8511,#8512);
#8511 = CARTESIAN_POINT('',(0.,0.));
#8512 = VECTOR('',#8513,1.);
#8513 = DIRECTION('',(1.,0.));
#8514 = ( GEOMETRIC_REPRESENTATION_CONTEXT(2) 
PARAMETRIC_REPRESENTATION_CONTEXT() REPRESENTATION_CONTEXT('2D SPACE',''
  ) );
#8515 = PCURVE('',#5855,#8516);
#8516 = DEFINITIONAL_REPRESENTATION('',(#8517),#8521);
#8517 = LINE('',#8518,#8519);
#8518 = CARTESIAN_POINT('',(0.,0.75));
#8519 = VECTOR('',#8520,1.);
#8520 = DIRECTION('',(1.,0.));
#8521 = ( GEOMETRIC_REPRESENTATION_CONTEXT(2) 
PARAMETRIC_REPRESENTATION_CONTEXT() REPRESENTATION_CONTEXT('2D SPACE',''
  ) );
#8522 = ORIENTED_EDGE('',*,*,#5867,.T.);
#8523 = ORIENTED_EDGE('',*,*,#8475,.F.);
#8524 = ADVANCED_FACE('',(#8525),#5855,.F.);
#8525 = FACE_BOUND('',#8526,.F.);
#8526 = EDGE_LOOP('',(#8527,#8528,#8529,#8530));
#8527 = ORIENTED_EDGE('',*,*,#5839,.T.);
#8528 = ORIENTED_EDGE('',*,*,#8502,.F.);
#8529 = ORIENTED_EDGE('',*,*,#7001,.T.);
#8530 = ORIENTED_EDGE('',*,*,#8531,.T.);
#8531 = EDGE_CURVE('',#6979,#5812,#8532,.T.);
#8532 = SURFACE_CURVE('',#8533,(#8537,#8544),.PCURVE_S1.);
#8533 = LINE('',#8534,#8535);
#8534 = CARTESIAN_POINT('',(3.7,1.9,1.6));
#8535 = VECTOR('',#8536,1.);
#8536 = DIRECTION('',(0.,0.,1.));
#8537 = PCURVE('',#5855,#8538);
#8538 = DEFINITIONAL_REPRESENTATION('',(#8539),#8543);
#8539 = LINE('',#8540,#8541);
#8540 = CARTESIAN_POINT('',(0.,-0.3));
#8541 = VECTOR('',#8542,1.);
#8542 = DIRECTION('',(1.,0.));
#8543 = ( GEOMETRIC_REPRESENTATION_CONTEXT(2) 
PARAMETRIC_REPRESENTATION_CONTEXT() REPRESENTATION_CONTEXT('2D SPACE',''
  ) );
#8544 = PCURVE('',#5827,#8545);
#8545 = DEFINITIONAL_REPRESENTATION('',(#8546),#8550);
#8546 = LINE('',#8547,#8548);
#8547 = CARTESIAN_POINT('',(0.,-4.3));
#8548 = VECTOR('',#8549,1.);
#8549 = DIRECTION('',(1.,0.));
#8550 = ( GEOMETRIC_REPRESENTATION_CONTEXT(2) 
PARAMETRIC_REPRESENTATION_CONTEXT() REPRESENTATION_CONTEXT('2D SPACE',''
  ) );
#8551 = ADVANCED_FACE('',(#8552),#5827,.T.);
#8552 = FACE_BOUND('',#8553,.T.);
#8553 = EDGE_LOOP('',(#8554,#8555,#8556,#8557,#8578,#8579,#8580,#8581));
#8554 = ORIENTED_EDGE('',*,*,#6978,.F.);
#8555 = ORIENTED_EDGE('',*,*,#8531,.T.);
#8556 = ORIENTED_EDGE('',*,*,#5811,.F.);
#8557 = ORIENTED_EDGE('',*,*,#8558,.F.);
#8558 = EDGE_CURVE('',#6308,#5779,#8559,.T.);
#8559 = SURFACE_CURVE('',#8560,(#8564,#8571),.PCURVE_S1.);
#8560 = LINE('',#8561,#8562);
#8561 = CARTESIAN_POINT('',(8.3,1.9,1.6));
#8562 = VECTOR('',#8563,1.);
#8563 = DIRECTION('',(0.,0.,1.));
#8564 = PCURVE('',#5827,#8565);
#8565 = DEFINITIONAL_REPRESENTATION('',(#8566),#8570);
#8566 = LINE('',#8567,#8568);
#8567 = CARTESIAN_POINT('',(0.,0.3));
#8568 = VECTOR('',#8569,1.);
#8569 = DIRECTION('',(1.,0.));
#8570 = ( GEOMETRIC_REPRESENTATION_CONTEXT(2) 
PARAMETRIC_REPRESENTATION_CONTEXT() REPRESENTATION_CONTEXT('2D SPACE',''
  ) );
#8571 = PCURVE('',#5799,#8572);
#8572 = DEFINITIONAL_REPRESENTATION('',(#8573),#8577);
#8573 = LINE('',#8574,#8575);
#8574 = CARTESIAN_POINT('',(0.,-3.8));
#8575 = VECTOR('',#8576,1.);
#8576 = DIRECTION('',(1.,0.));
#8577 = ( GEOMETRIC_REPRESENTATION_CONTEXT(2) 
PARAMETRIC_REPRESENTATION_CONTEXT() REPRESENTATION_CONTEXT('2D SPACE',''
  ) );
#8578 = ORIENTED_EDGE('',*,*,#6330,.F.);
#8579 = ORIENTED_EDGE('',*,*,#6580,.F.);
#8580 = ORIENTED_EDGE('',*,*,#6635,.F.);
#8581 = ORIENTED_EDGE('',*,*,#6903,.T.);
#8582 = ADVANCED_FACE('',(#8583),#5799,.T.);
#8583 = FACE_BOUND('',#8584,.T.);
#8584 = EDGE_LOOP('',(#8585,#8586,#8587,#8588));
#8585 = ORIENTED_EDGE('',*,*,#5776,.F.);
#8586 = ORIENTED_EDGE('',*,*,#6172,.F.);
#8587 = ORIENTED_EDGE('',*,*,#6307,.T.);
#8588 = ORIENTED_EDGE('',*,*,#8558,.T.);
#8589 = ( GEOMETRIC_REPRESENTATION_CONTEXT(3) 
GLOBAL_UNCERTAINTY_ASSIGNED_CONTEXT((#8593)) 
GLOBAL_UNIT_ASSIGNED_CONTEXT((#8590,#8591,#8592)) REPRESENTATION_CONTEXT
('Context #1','3D Context with UNIT and UNCERTAINTY') );
#8590 = ( LENGTH_UNIT() NAMED_UNIT(*) SI_UNIT(.MILLI.,.METRE.) );
#8591 = ( NAMED_UNIT(*) PLANE_ANGLE_UNIT() SI_UNIT($,.RADIAN.) );
#8592 = ( NAMED_UNIT(*) SI_UNIT($,.STERADIAN.) SOLID_ANGLE_UNIT() );
#8593 = UNCERTAINTY_MEASURE_WITH_UNIT(LENGTH_MEASURE(2.E-05),#8590,
  'distance_accuracy_value','confusion accuracy');
#8594 = CONTEXT_DEPENDENT_SHAPE_REPRESENTATION(#8595,#8597);
#8595 = ( REPRESENTATION_RELATIONSHIP('','',#5769,#10) 
REPRESENTATION_RELATIONSHIP_WITH_TRANSFORMATION(#8596) 
SHAPE_REPRESENTATION_RELATIONSHIP() );
#8596 = ITEM_DEFINED_TRANSFORMATION('','',#11,#23);
#8597 = PRODUCT_DEFINITION_SHAPE('Placement','Placement of an item',
  #8598);
#8598 = NEXT_ASSEMBLY_USAGE_OCCURRENCE('3','clip_right','',#5,#5764,$);
#8599 = PRODUCT_RELATED_PRODUCT_CATEGORY('part',$,(#5766));
#8600 = SHAPE_DEFINITION_REPRESENTATION(#8601,#8607);
#8601 = PRODUCT_DEFINITION_SHAPE('','',#8602);
#8602 = PRODUCT_DEFINITION('design','',#8603,#8606);
#8603 = PRODUCT_DEFINITION_FORMATION('','',#8604);
#8604 = PRODUCT('fuse_housing_10A','fuse_housing_10A','',(#8605));
#8605 = PRODUCT_CONTEXT('',#2,'mechanical');
#8606 = PRODUCT_DEFINITION_CONTEXT('part definition',#2,'design');
#8607 = ADVANCED_BREP_SHAPE_REPRESENTATION('',(#11,#8608),#15800);
#8608 = MANIFOLD_SOLID_BREP('',#8609);
#8609 = CLOSED_SHELL('',(#8610,#8958,#9034,#9139,#9766,#9793,#9981,
    #10030,#10176,#10203,#10391,#10440,#10586,#10613,#10640,#10905,
    #10912,#10988,#11037,#11086,#11135,#11184,#11233,#11282,#11309,
    #11385,#11434,#11483,#11532,#11581,#11630,#11679,#11728,#11777,
    #11804,#11831,#11965,#12014,#12131,#12138,#12165,#12192,#12321,
    #12370,#12487,#12494,#12521,#12597,#12652,#12707,#12761,#12815,
    #12870,#12925,#12957,#12968,#13133,#13160,#13971,#13978,#13985,
    #13992,#14041,#14069,#14097,#14125,#14153,#14181,#14209,#14216,
    #14292,#14341,#14390,#14439,#14466,#14542,#14591,#14640,#14689,
    #14738,#14787,#14836,#14863,#14939,#14988,#15037,#15086,#15135,
    #15184,#15233,#15282,#15331,#15358,#15366,#15377,#15542,#15618,
    #15667,#15716,#15765,#15792));
#8610 = ADVANCED_FACE('',(#8611,#8730,#8844),#8625,.F.);
#8611 = FACE_BOUND('',#8612,.F.);
#8612 = EDGE_LOOP('',(#8613,#8648,#8676,#8704));
#8613 = ORIENTED_EDGE('',*,*,#8614,.T.);
#8614 = EDGE_CURVE('',#8615,#8617,#8619,.T.);
#8615 = VERTEX_POINT('',#8616);
#8616 = CARTESIAN_POINT('',(-7.4,1.6,8.5));
#8617 = VERTEX_POINT('',#8618);
#8618 = CARTESIAN_POINT('',(-7.4,-1.6,8.5));
#8619 = SURFACE_CURVE('',#8620,(#8624,#8636),.PCURVE_S1.);
#8620 = LINE('',#8621,#8622);
#8621 = CARTESIAN_POINT('',(-7.4,1.6,8.5));
#8622 = VECTOR('',#8623,1.);
#8623 = DIRECTION('',(0.,-1.,0.));
#8624 = PCURVE('',#8625,#8630);
#8625 = PLANE('',#8626);
#8626 = AXIS2_PLACEMENT_3D('',#8627,#8628,#8629);
#8627 = CARTESIAN_POINT('',(-7.4,1.6,8.5));
#8628 = DIRECTION('',(-0.,0.,1.));
#8629 = DIRECTION('',(1.,0.,0.));
#8630 = DEFINITIONAL_REPRESENTATION('',(#8631),#8635);
#8631 = LINE('',#8632,#8633);
#8632 = CARTESIAN_POINT('',(0.,0.));
#8633 = VECTOR('',#8634,1.);
#8634 = DIRECTION('',(0.,-1.));
#8635 = ( GEOMETRIC_REPRESENTATION_CONTEXT(2) 
PARAMETRIC_REPRESENTATION_CONTEXT() REPRESENTATION_CONTEXT('2D SPACE',''
  ) );
#8636 = PCURVE('',#8637,#8642);
#8637 = PLANE('',#8638);
#8638 = AXIS2_PLACEMENT_3D('',#8639,#8640,#8641);
#8639 = CARTESIAN_POINT('',(-8.95,1.6,10.));
#8640 = DIRECTION('',(0.695421427516,0.,0.718602141767));
#8641 = DIRECTION('',(0.718602141767,0.,-0.695421427516));
#8642 = DEFINITIONAL_REPRESENTATION('',(#8643),#8647);
#8643 = LINE('',#8644,#8645);
#8644 = CARTESIAN_POINT('',(2.156965461012,0.));
#8645 = VECTOR('',#8646,1.);
#8646 = DIRECTION('',(0.,-1.));
#8647 = ( GEOMETRIC_REPRESENTATION_CONTEXT(2) 
PARAMETRIC_REPRESENTATION_CONTEXT() REPRESENTATION_CONTEXT('2D SPACE',''
  ) );
#8648 = ORIENTED_EDGE('',*,*,#8649,.T.);
#8649 = EDGE_CURVE('',#8617,#8650,#8652,.T.);
#8650 = VERTEX_POINT('',#8651);
#8651 = CARTESIAN_POINT('',(7.4,-1.6,8.5));
#8652 = SURFACE_CURVE('',#8653,(#8657,#8664),.PCURVE_S1.);
#8653 = LINE('',#8654,#8655);
#8654 = CARTESIAN_POINT('',(-7.4,-1.6,8.5));
#8655 = VECTOR('',#8656,1.);
#8656 = DIRECTION('',(1.,0.,0.));
#8657 = PCURVE('',#8625,#8658);
#8658 = DEFINITIONAL_REPRESENTATION('',(#8659),#8663);
#8659 = LINE('',#8660,#8661);
#8660 = CARTESIAN_POINT('',(0.,-3.2));
#8661 = VECTOR('',#8662,1.);
#8662 = DIRECTION('',(1.,0.));
#8663 = ( GEOMETRIC_REPRESENTATION_CONTEXT(2) 
PARAMETRIC_REPRESENTATION_CONTEXT() REPRESENTATION_CONTEXT('2D SPACE',''
  ) );
#8664 = PCURVE('',#8665,#8670);
#8665 = PLANE('',#8666);
#8666 = AXIS2_PLACEMENT_3D('',#8667,#8668,#8669);
#8667 = CARTESIAN_POINT('',(1.479367804803E-16,-1.6,13.688675771084));
#8668 = DIRECTION('',(-0.,-1.,-0.));
#8669 = DIRECTION('',(0.,0.,-1.));
#8670 = DEFINITIONAL_REPRESENTATION('',(#8671),#8675);
#8671 = LINE('',#8672,#8673);
#8672 = CARTESIAN_POINT('',(5.188675771084,-7.4));
#8673 = VECTOR('',#8674,1.);
#8674 = DIRECTION('',(0.,1.));
#8675 = ( GEOMETRIC_REPRESENTATION_CONTEXT(2) 
PARAMETRIC_REPRESENTATION_CONTEXT() REPRESENTATION_CONTEXT('2D SPACE',''
  ) );
#8676 = ORIENTED_EDGE('',*,*,#8677,.F.);
#8677 = EDGE_CURVE('',#8678,#8650,#8680,.T.);
#8678 = VERTEX_POINT('',#8679);
#8679 = CARTESIAN_POINT('',(7.4,1.6,8.5));
#8680 = SURFACE_CURVE('',#8681,(#8685,#8692),.PCURVE_S1.);
#8681 = LINE('',#8682,#8683);
#8682 = CARTESIAN_POINT('',(7.4,1.6,8.5));
#8683 = VECTOR('',#8684,1.);
#8684 = DIRECTION('',(0.,-1.,0.));
#8685 = PCURVE('',#8625,#8686);
#8686 = DEFINITIONAL_REPRESENTATION('',(#8687),#8691);
#8687 = LINE('',#8688,#8689);
#8688 = CARTESIAN_POINT('',(14.8,0.));
#8689 = VECTOR('',#8690,1.);
#8690 = DIRECTION('',(0.,-1.));
#8691 = ( GEOMETRIC_REPRESENTATION_CONTEXT(2) 
PARAMETRIC_REPRESENTATION_CONTEXT() REPRESENTATION_CONTEXT('2D SPACE',''
  ) );
#8692 = PCURVE('',#8693,#8698);
#8693 = PLANE('',#8694);
#8694 = AXIS2_PLACEMENT_3D('',#8695,#8696,#8697);
#8695 = CARTESIAN_POINT('',(7.4,1.6,8.5));
#8696 = DIRECTION('',(-0.695421427516,0.,0.718602141767));
#8697 = DIRECTION('',(0.718602141767,0.,0.695421427516));
#8698 = DEFINITIONAL_REPRESENTATION('',(#8699),#8703);
#8699 = LINE('',#8700,#8701);
#8700 = CARTESIAN_POINT('',(0.,0.));
#8701 = VECTOR('',#8702,1.);
#8702 = DIRECTION('',(0.,-1.));
#8703 = ( GEOMETRIC_REPRESENTATION_CONTEXT(2) 
PARAMETRIC_REPRESENTATION_CONTEXT() REPRESENTATION_CONTEXT('2D SPACE',''
  ) );
#8704 = ORIENTED_EDGE('',*,*,#8705,.F.);
#8705 = EDGE_CURVE('',#8615,#8678,#8706,.T.);
#8706 = SURFACE_CURVE('',#8707,(#8711,#8718),.PCURVE_S1.);
#8707 = LINE('',#8708,#8709);
#8708 = CARTESIAN_POINT('',(-7.4,1.6,8.5));
#8709 = VECTOR('',#8710,1.);
#8710 = DIRECTION('',(1.,0.,0.));
#8711 = PCURVE('',#8625,#8712);
#8712 = DEFINITIONAL_REPRESENTATION('',(#8713),#8717);
#8713 = LINE('',#8714,#8715);
#8714 = CARTESIAN_POINT('',(0.,0.));
#8715 = VECTOR('',#8716,1.);
#8716 = DIRECTION('',(1.,0.));
#8717 = ( GEOMETRIC_REPRESENTATION_CONTEXT(2) 
PARAMETRIC_REPRESENTATION_CONTEXT() REPRESENTATION_CONTEXT('2D SPACE',''
  ) );
#8718 = PCURVE('',#8719,#8724);
#8719 = PLANE('',#8720);
#8720 = AXIS2_PLACEMENT_3D('',#8721,#8722,#8723);
#8721 = CARTESIAN_POINT('',(1.479367804803E-16,1.6,13.688675771084));
#8722 = DIRECTION('',(-0.,-1.,-0.));
#8723 = DIRECTION('',(0.,0.,-1.));
#8724 = DEFINITIONAL_REPRESENTATION('',(#8725),#8729);
#8725 = LINE('',#8726,#8727);
#8726 = CARTESIAN_POINT('',(5.188675771084,-7.4));
#8727 = VECTOR('',#8728,1.);
#8728 = DIRECTION('',(0.,1.));
#8729 = ( GEOMETRIC_REPRESENTATION_CONTEXT(2) 
PARAMETRIC_REPRESENTATION_CONTEXT() REPRESENTATION_CONTEXT('2D SPACE',''
  ) );
#8730 = FACE_BOUND('',#8731,.F.);
#8731 = EDGE_LOOP('',(#8732,#8762,#8790,#8818));
#8732 = ORIENTED_EDGE('',*,*,#8733,.T.);
#8733 = EDGE_CURVE('',#8734,#8736,#8738,.T.);
#8734 = VERTEX_POINT('',#8735);
#8735 = CARTESIAN_POINT('',(-2.05,-0.35,8.5));
#8736 = VERTEX_POINT('',#8737);
#8737 = CARTESIAN_POINT('',(-7.25,-0.35,8.5));
#8738 = SURFACE_CURVE('',#8739,(#8743,#8750),.PCURVE_S1.);
#8739 = LINE('',#8740,#8741);
#8740 = CARTESIAN_POINT('',(-7.325,-0.35,8.5));
#8741 = VECTOR('',#8742,1.);
#8742 = DIRECTION('',(-1.,0.,-0.));
#8743 = PCURVE('',#8625,#8744);
#8744 = DEFINITIONAL_REPRESENTATION('',(#8745),#8749);
#8745 = LINE('',#8746,#8747);
#8746 = CARTESIAN_POINT('',(7.5E-02,-1.95));
#8747 = VECTOR('',#8748,1.);
#8748 = DIRECTION('',(-1.,0.));
#8749 = ( GEOMETRIC_REPRESENTATION_CONTEXT(2) 
PARAMETRIC_REPRESENTATION_CONTEXT() REPRESENTATION_CONTEXT('2D SPACE',''
  ) );
#8750 = PCURVE('',#8751,#8756);
#8751 = PLANE('',#8752);
#8752 = AXIS2_PLACEMENT_3D('',#8753,#8754,#8755);
#8753 = CARTESIAN_POINT('',(-7.25,-0.35,2.));
#8754 = DIRECTION('',(0.,1.,0.));
#8755 = DIRECTION('',(0.,0.,1.));
#8756 = DEFINITIONAL_REPRESENTATION('',(#8757),#8761);
#8757 = LINE('',#8758,#8759);
#8758 = CARTESIAN_POINT('',(6.5,-7.5E-02));
#8759 = VECTOR('',#8760,1.);
#8760 = DIRECTION('',(0.,-1.));
#8761 = ( GEOMETRIC_REPRESENTATION_CONTEXT(2) 
PARAMETRIC_REPRESENTATION_CONTEXT() REPRESENTATION_CONTEXT('2D SPACE',''
  ) );
#8762 = ORIENTED_EDGE('',*,*,#8763,.T.);
#8763 = EDGE_CURVE('',#8736,#8764,#8766,.T.);
#8764 = VERTEX_POINT('',#8765);
#8765 = CARTESIAN_POINT('',(-7.25,0.35,8.5));
#8766 = SURFACE_CURVE('',#8767,(#8771,#8778),.PCURVE_S1.);
#8767 = LINE('',#8768,#8769);
#8768 = CARTESIAN_POINT('',(-7.25,0.625,8.5));
#8769 = VECTOR('',#8770,1.);
#8770 = DIRECTION('',(0.,1.,-0.));
#8771 = PCURVE('',#8625,#8772);
#8772 = DEFINITIONAL_REPRESENTATION('',(#8773),#8777);
#8773 = LINE('',#8774,#8775);
#8774 = CARTESIAN_POINT('',(0.15,-0.975));
#8775 = VECTOR('',#8776,1.);
#8776 = DIRECTION('',(0.,1.));
#8777 = ( GEOMETRIC_REPRESENTATION_CONTEXT(2) 
PARAMETRIC_REPRESENTATION_CONTEXT() REPRESENTATION_CONTEXT('2D SPACE',''
  ) );
#8778 = PCURVE('',#8779,#8784);
#8779 = PLANE('',#8780);
#8780 = AXIS2_PLACEMENT_3D('',#8781,#8782,#8783);
#8781 = CARTESIAN_POINT('',(-7.25,-0.35,2.));
#8782 = DIRECTION('',(1.,0.,0.));
#8783 = DIRECTION('',(0.,0.,1.));
#8784 = DEFINITIONAL_REPRESENTATION('',(#8785),#8789);
#8785 = LINE('',#8786,#8787);
#8786 = CARTESIAN_POINT('',(6.5,-0.975));
#8787 = VECTOR('',#8788,1.);
#8788 = DIRECTION('',(0.,-1.));
#8789 = ( GEOMETRIC_REPRESENTATION_CONTEXT(2) 
PARAMETRIC_REPRESENTATION_CONTEXT() REPRESENTATION_CONTEXT('2D SPACE',''
  ) );
#8790 = ORIENTED_EDGE('',*,*,#8791,.F.);
#8791 = EDGE_CURVE('',#8792,#8764,#8794,.T.);
#8792 = VERTEX_POINT('',#8793);
#8793 = CARTESIAN_POINT('',(-2.05,0.35,8.5));
#8794 = SURFACE_CURVE('',#8795,(#8799,#8806),.PCURVE_S1.);
#8795 = LINE('',#8796,#8797);
#8796 = CARTESIAN_POINT('',(-7.325,0.35,8.5));
#8797 = VECTOR('',#8798,1.);
#8798 = DIRECTION('',(-1.,0.,-0.));
#8799 = PCURVE('',#8625,#8800);
#8800 = DEFINITIONAL_REPRESENTATION('',(#8801),#8805);
#8801 = LINE('',#8802,#8803);
#8802 = CARTESIAN_POINT('',(7.5E-02,-1.25));
#8803 = VECTOR('',#8804,1.);
#8804 = DIRECTION('',(-1.,0.));
#8805 = ( GEOMETRIC_REPRESENTATION_CONTEXT(2) 
PARAMETRIC_REPRESENTATION_CONTEXT() REPRESENTATION_CONTEXT('2D SPACE',''
  ) );
#8806 = PCURVE('',#8807,#8812);
#8807 = PLANE('',#8808);
#8808 = AXIS2_PLACEMENT_3D('',#8809,#8810,#8811);
#8809 = CARTESIAN_POINT('',(-7.25,0.35,2.));
#8810 = DIRECTION('',(0.,1.,0.));
#8811 = DIRECTION('',(0.,0.,1.));
#8812 = DEFINITIONAL_REPRESENTATION('',(#8813),#8817);
#8813 = LINE('',#8814,#8815);
#8814 = CARTESIAN_POINT('',(6.5,-7.5E-02));
#8815 = VECTOR('',#8816,1.);
#8816 = DIRECTION('',(0.,-1.));
#8817 = ( GEOMETRIC_REPRESENTATION_CONTEXT(2) 
PARAMETRIC_REPRESENTATION_CONTEXT() REPRESENTATION_CONTEXT('2D SPACE',''
  ) );
#8818 = ORIENTED_EDGE('',*,*,#8819,.F.);
#8819 = EDGE_CURVE('',#8734,#8792,#8820,.T.);
#8820 = SURFACE_CURVE('',#8821,(#8825,#8832),.PCURVE_S1.);
#8821 = LINE('',#8822,#8823);
#8822 = CARTESIAN_POINT('',(-2.05,0.625,8.5));
#8823 = VECTOR('',#8824,1.);
#8824 = DIRECTION('',(0.,1.,-0.));
#8825 = PCURVE('',#8625,#8826);
#8826 = DEFINITIONAL_REPRESENTATION('',(#8827),#8831);
#8827 = LINE('',#8828,#8829);
#8828 = CARTESIAN_POINT('',(5.35,-0.975));
#8829 = VECTOR('',#8830,1.);
#8830 = DIRECTION('',(0.,1.));
#8831 = ( GEOMETRIC_REPRESENTATION_CONTEXT(2) 
PARAMETRIC_REPRESENTATION_CONTEXT() REPRESENTATION_CONTEXT('2D SPACE',''
  ) );
#8832 = PCURVE('',#8833,#8838);
#8833 = PLANE('',#8834);
#8834 = AXIS2_PLACEMENT_3D('',#8835,#8836,#8837);
#8835 = CARTESIAN_POINT('',(-2.05,-0.35,2.));
#8836 = DIRECTION('',(1.,0.,0.));
#8837 = DIRECTION('',(0.,0.,1.));
#8838 = DEFINITIONAL_REPRESENTATION('',(#8839),#8843);
#8839 = LINE('',#8840,#8841);
#8840 = CARTESIAN_POINT('',(6.5,-0.975));
#8841 = VECTOR('',#8842,1.);
#8842 = DIRECTION('',(0.,-1.));
#8843 = ( GEOMETRIC_REPRESENTATION_CONTEXT(2) 
PARAMETRIC_REPRESENTATION_CONTEXT() REPRESENTATION_CONTEXT('2D SPACE',''
  ) );
#8844 = FACE_BOUND('',#8845,.F.);
#8845 = EDGE_LOOP('',(#8846,#8876,#8904,#8932));
#8846 = ORIENTED_EDGE('',*,*,#8847,.T.);
#8847 = EDGE_CURVE('',#8848,#8850,#8852,.T.);
#8848 = VERTEX_POINT('',#8849);
#8849 = CARTESIAN_POINT('',(7.25,-0.35,8.5));
#8850 = VERTEX_POINT('',#8851);
#8851 = CARTESIAN_POINT('',(2.05,-0.35,8.5));
#8852 = SURFACE_CURVE('',#8853,(#8857,#8864),.PCURVE_S1.);
#8853 = LINE('',#8854,#8855);
#8854 = CARTESIAN_POINT('',(-2.675,-0.35,8.5));
#8855 = VECTOR('',#8856,1.);
#8856 = DIRECTION('',(-1.,0.,-0.));
#8857 = PCURVE('',#8625,#8858);
#8858 = DEFINITIONAL_REPRESENTATION('',(#8859),#8863);
#8859 = LINE('',#8860,#8861);
#8860 = CARTESIAN_POINT('',(4.725,-1.95));
#8861 = VECTOR('',#8862,1.);
#8862 = DIRECTION('',(-1.,0.));
#8863 = ( GEOMETRIC_REPRESENTATION_CONTEXT(2) 
PARAMETRIC_REPRESENTATION_CONTEXT() REPRESENTATION_CONTEXT('2D SPACE',''
  ) );
#8864 = PCURVE('',#8865,#8870);
#8865 = PLANE('',#8866);
#8866 = AXIS2_PLACEMENT_3D('',#8867,#8868,#8869);
#8867 = CARTESIAN_POINT('',(2.05,-0.35,2.));
#8868 = DIRECTION('',(0.,1.,0.));
#8869 = DIRECTION('',(0.,0.,1.));
#8870 = DEFINITIONAL_REPRESENTATION('',(#8871),#8875);
#8871 = LINE('',#8872,#8873);
#8872 = CARTESIAN_POINT('',(6.5,-4.725));
#8873 = VECTOR('',#8874,1.);
#8874 = DIRECTION('',(0.,-1.));
#8875 = ( GEOMETRIC_REPRESENTATION_CONTEXT(2) 
PARAMETRIC_REPRESENTATION_CONTEXT() REPRESENTATION_CONTEXT('2D SPACE',''
  ) );
#8876 = ORIENTED_EDGE('',*,*,#8877,.T.);
#8877 = EDGE_CURVE('',#8850,#8878,#8880,.T.);
#8878 = VERTEX_POINT('',#8879);
#8879 = CARTESIAN_POINT('',(2.05,0.35,8.5));
#8880 = SURFACE_CURVE('',#8881,(#8885,#8892),.PCURVE_S1.);
#8881 = LINE('',#8882,#8883);
#8882 = CARTESIAN_POINT('',(2.05,0.625,8.5));
#8883 = VECTOR('',#8884,1.);
#8884 = DIRECTION('',(0.,1.,-0.));
#8885 = PCURVE('',#8625,#8886);
#8886 = DEFINITIONAL_REPRESENTATION('',(#8887),#8891);
#8887 = LINE('',#8888,#8889);
#8888 = CARTESIAN_POINT('',(9.45,-0.975));
#8889 = VECTOR('',#8890,1.);
#8890 = DIRECTION('',(0.,1.));
#8891 = ( GEOMETRIC_REPRESENTATION_CONTEXT(2) 
PARAMETRIC_REPRESENTATION_CONTEXT() REPRESENTATION_CONTEXT('2D SPACE',''
  ) );
#8892 = PCURVE('',#8893,#8898);
#8893 = PLANE('',#8894);
#8894 = AXIS2_PLACEMENT_3D('',#8895,#8896,#8897);
#8895 = CARTESIAN_POINT('',(2.05,-0.35,2.));
#8896 = DIRECTION('',(1.,0.,0.));
#8897 = DIRECTION('',(0.,0.,1.));
#8898 = DEFINITIONAL_REPRESENTATION('',(#8899),#8903);
#8899 = LINE('',#8900,#8901);
#8900 = CARTESIAN_POINT('',(6.5,-0.975));
#8901 = VECTOR('',#8902,1.);
#8902 = DIRECTION('',(0.,-1.));
#8903 = ( GEOMETRIC_REPRESENTATION_CONTEXT(2) 
PARAMETRIC_REPRESENTATION_CONTEXT() REPRESENTATION_CONTEXT('2D SPACE',''
  ) );
#8904 = ORIENTED_EDGE('',*,*,#8905,.F.);
#8905 = EDGE_CURVE('',#8906,#8878,#8908,.T.);
#8906 = VERTEX_POINT('',#8907);
#8907 = CARTESIAN_POINT('',(7.25,0.35,8.5));
#8908 = SURFACE_CURVE('',#8909,(#8913,#8920),.PCURVE_S1.);
#8909 = LINE('',#8910,#8911);
#8910 = CARTESIAN_POINT('',(-2.675,0.35,8.5));
#8911 = VECTOR('',#8912,1.);
#8912 = DIRECTION('',(-1.,0.,-0.));
#8913 = PCURVE('',#8625,#8914);
#8914 = DEFINITIONAL_REPRESENTATION('',(#8915),#8919);
#8915 = LINE('',#8916,#8917);
#8916 = CARTESIAN_POINT('',(4.725,-1.25));
#8917 = VECTOR('',#8918,1.);
#8918 = DIRECTION('',(-1.,0.));
#8919 = ( GEOMETRIC_REPRESENTATION_CONTEXT(2) 
PARAMETRIC_REPRESENTATION_CONTEXT() REPRESENTATION_CONTEXT('2D SPACE',''
  ) );
#8920 = PCURVE('',#8921,#8926);
#8921 = PLANE('',#8922);
#8922 = AXIS2_PLACEMENT_3D('',#8923,#8924,#8925);
#8923 = CARTESIAN_POINT('',(2.05,0.35,2.));
#8924 = DIRECTION('',(0.,1.,0.));
#8925 = DIRECTION('',(0.,0.,1.));
#8926 = DEFINITIONAL_REPRESENTATION('',(#8927),#8931);
#8927 = LINE('',#8928,#8929);
#8928 = CARTESIAN_POINT('',(6.5,-4.725));
#8929 = VECTOR('',#8930,1.);
#8930 = DIRECTION('',(0.,-1.));
#8931 = ( GEOMETRIC_REPRESENTATION_CONTEXT(2) 
PARAMETRIC_REPRESENTATION_CONTEXT() REPRESENTATION_CONTEXT('2D SPACE',''
  ) );
#8932 = ORIENTED_EDGE('',*,*,#8933,.F.);
#8933 = EDGE_CURVE('',#8848,#8906,#8934,.T.);
#8934 = SURFACE_CURVE('',#8935,(#8939,#8946),.PCURVE_S1.);
#8935 = LINE('',#8936,#8937);
#8936 = CARTESIAN_POINT('',(7.25,0.625,8.5));
#8937 = VECTOR('',#8938,1.);
#8938 = DIRECTION('',(0.,1.,-0.));
#8939 = PCURVE('',#8625,#8940);
#8940 = DEFINITIONAL_REPRESENTATION('',(#8941),#8945);
#8941 = LINE('',#8942,#8943);
#8942 = CARTESIAN_POINT('',(14.65,-0.975));
#8943 = VECTOR('',#8944,1.);
#8944 = DIRECTION('',(0.,1.));
#8945 = ( GEOMETRIC_REPRESENTATION_CONTEXT(2) 
PARAMETRIC_REPRESENTATION_CONTEXT() REPRESENTATION_CONTEXT('2D SPACE',''
  ) );
#8946 = PCURVE('',#8947,#8952);
#8947 = PLANE('',#8948);
#8948 = AXIS2_PLACEMENT_3D('',#8949,#8950,#8951);
#8949 = CARTESIAN_POINT('',(7.25,-0.35,2.));
#8950 = DIRECTION('',(1.,0.,0.));
#8951 = DIRECTION('',(0.,0.,1.));
#8952 = DEFINITIONAL_REPRESENTATION('',(#8953),#8957);
#8953 = LINE('',#8954,#8955);
#8954 = CARTESIAN_POINT('',(6.5,-0.975));
#8955 = VECTOR('',#8956,1.);
#8956 = DIRECTION('',(0.,-1.));
#8957 = ( GEOMETRIC_REPRESENTATION_CONTEXT(2) 
PARAMETRIC_REPRESENTATION_CONTEXT() REPRESENTATION_CONTEXT('2D SPACE',''
  ) );
#8958 = ADVANCED_FACE('',(#8959),#8637,.F.);
#8959 = FACE_BOUND('',#8960,.F.);
#8960 = EDGE_LOOP('',(#8961,#8991,#9012,#9013));
#8961 = ORIENTED_EDGE('',*,*,#8962,.T.);
#8962 = EDGE_CURVE('',#8963,#8965,#8967,.T.);
#8963 = VERTEX_POINT('',#8964);
#8964 = CARTESIAN_POINT('',(-8.95,1.6,10.));
#8965 = VERTEX_POINT('',#8966);
#8966 = CARTESIAN_POINT('',(-8.95,-1.6,10.));
#8967 = SURFACE_CURVE('',#8968,(#8972,#8979),.PCURVE_S1.);
#8968 = LINE('',#8969,#8970);
#8969 = CARTESIAN_POINT('',(-8.95,1.6,10.));
#8970 = VECTOR('',#8971,1.);
#8971 = DIRECTION('',(0.,-1.,0.));
#8972 = PCURVE('',#8637,#8973);
#8973 = DEFINITIONAL_REPRESENTATION('',(#8974),#8978);
#8974 = LINE('',#8975,#8976);
#8975 = CARTESIAN_POINT('',(0.,0.));
#8976 = VECTOR('',#8977,1.);
#8977 = DIRECTION('',(0.,-1.));
#8978 = ( GEOMETRIC_REPRESENTATION_CONTEXT(2) 
PARAMETRIC_REPRESENTATION_CONTEXT() REPRESENTATION_CONTEXT('2D SPACE',''
  ) );
#8979 = PCURVE('',#8980,#8985);
#8980 = PLANE('',#8981);
#8981 = AXIS2_PLACEMENT_3D('',#8982,#8983,#8984);
#8982 = CARTESIAN_POINT('',(-8.95,1.6,18.51));
#8983 = DIRECTION('',(1.,0.,0.));
#8984 = DIRECTION('',(0.,0.,-1.));
#8985 = DEFINITIONAL_REPRESENTATION('',(#8986),#8990);
#8986 = LINE('',#8987,#8988);
#8987 = CARTESIAN_POINT('',(8.51,0.));
#8988 = VECTOR('',#8989,1.);
#8989 = DIRECTION('',(0.,-1.));
#8990 = ( GEOMETRIC_REPRESENTATION_CONTEXT(2) 
PARAMETRIC_REPRESENTATION_CONTEXT() REPRESENTATION_CONTEXT('2D SPACE',''
  ) );
#8991 = ORIENTED_EDGE('',*,*,#8992,.T.);
#8992 = EDGE_CURVE('',#8965,#8617,#8993,.T.);
#8993 = SURFACE_CURVE('',#8994,(#8998,#9005),.PCURVE_S1.);
#8994 = LINE('',#8995,#8996);
#8995 = CARTESIAN_POINT('',(-8.95,-1.6,10.));
#8996 = VECTOR('',#8997,1.);
#8997 = DIRECTION('',(0.718602141767,0.,-0.695421427516));
#8998 = PCURVE('',#8637,#8999);
#8999 = DEFINITIONAL_REPRESENTATION('',(#9000),#9004);
#9000 = LINE('',#9001,#9002);
#9001 = CARTESIAN_POINT('',(0.,-3.2));
#9002 = VECTOR('',#9003,1.);
#9003 = DIRECTION('',(1.,0.));
#9004 = ( GEOMETRIC_REPRESENTATION_CONTEXT(2) 
PARAMETRIC_REPRESENTATION_CONTEXT() REPRESENTATION_CONTEXT('2D SPACE',''
  ) );
#9005 = PCURVE('',#8665,#9006);
#9006 = DEFINITIONAL_REPRESENTATION('',(#9007),#9011);
#9007 = LINE('',#9008,#9009);
#9008 = CARTESIAN_POINT('',(3.688675771084,-8.95));
#9009 = VECTOR('',#9010,1.);
#9010 = DIRECTION('',(0.695421427516,0.718602141767));
#9011 = ( GEOMETRIC_REPRESENTATION_CONTEXT(2) 
PARAMETRIC_REPRESENTATION_CONTEXT() REPRESENTATION_CONTEXT('2D SPACE',''
  ) );
#9012 = ORIENTED_EDGE('',*,*,#8614,.F.);
#9013 = ORIENTED_EDGE('',*,*,#9014,.F.);
#9014 = EDGE_CURVE('',#8963,#8615,#9015,.T.);
#9015 = SURFACE_CURVE('',#9016,(#9020,#9027),.PCURVE_S1.);
#9016 = LINE('',#9017,#9018);
#9017 = CARTESIAN_POINT('',(-8.95,1.6,10.));
#9018 = VECTOR('',#9019,1.);
#9019 = DIRECTION('',(0.718602141767,0.,-0.695421427516));
#9020 = PCURVE('',#8637,#9021);
#9021 = DEFINITIONAL_REPRESENTATION('',(#9022),#9026);
#9022 = LINE('',#9023,#9024);
#9023 = CARTESIAN_POINT('',(0.,0.));
#9024 = VECTOR('',#9025,1.);
#9025 = DIRECTION('',(1.,0.));
#9026 = ( GEOMETRIC_REPRESENTATION_CONTEXT(2) 
PARAMETRIC_REPRESENTATION_CONTEXT() REPRESENTATION_CONTEXT('2D SPACE',''
  ) );
#9027 = PCURVE('',#8719,#9028);
#9028 = DEFINITIONAL_REPRESENTATION('',(#9029),#9033);
#9029 = LINE('',#9030,#9031);
#9030 = CARTESIAN_POINT('',(3.688675771084,-8.95));
#9031 = VECTOR('',#9032,1.);
#9032 = DIRECTION('',(0.695421427516,0.718602141767));
#9033 = ( GEOMETRIC_REPRESENTATION_CONTEXT(2) 
PARAMETRIC_REPRESENTATION_CONTEXT() REPRESENTATION_CONTEXT('2D SPACE',''
  ) );
#9034 = ADVANCED_FACE('',(#9035),#8719,.F.);
#9035 = FACE_BOUND('',#9036,.F.);
#9036 = EDGE_LOOP('',(#9037,#9038,#9039,#9062,#9090,#9118));
#9037 = ORIENTED_EDGE('',*,*,#9014,.T.);
#9038 = ORIENTED_EDGE('',*,*,#8705,.T.);
#9039 = ORIENTED_EDGE('',*,*,#9040,.T.);
#9040 = EDGE_CURVE('',#8678,#9041,#9043,.T.);
#9041 = VERTEX_POINT('',#9042);
#9042 = CARTESIAN_POINT('',(8.95,1.6,10.));
#9043 = SURFACE_CURVE('',#9044,(#9048,#9055),.PCURVE_S1.);
#9044 = LINE('',#9045,#9046);
#9045 = CARTESIAN_POINT('',(7.4,1.6,8.5));
#9046 = VECTOR('',#9047,1.);
#9047 = DIRECTION('',(0.718602141767,0.,0.695421427516));
#9048 = PCURVE('',#8719,#9049);
#9049 = DEFINITIONAL_REPRESENTATION('',(#9050),#9054);
#9050 = LINE('',#9051,#9052);
#9051 = CARTESIAN_POINT('',(5.188675771084,7.4));
#9052 = VECTOR('',#9053,1.);
#9053 = DIRECTION('',(-0.695421427516,0.718602141767));
#9054 = ( GEOMETRIC_REPRESENTATION_CONTEXT(2) 
PARAMETRIC_REPRESENTATION_CONTEXT() REPRESENTATION_CONTEXT('2D SPACE',''
  ) );
#9055 = PCURVE('',#8693,#9056);
#9056 = DEFINITIONAL_REPRESENTATION('',(#9057),#9061);
#9057 = LINE('',#9058,#9059);
#9058 = CARTESIAN_POINT('',(0.,0.));
#9059 = VECTOR('',#9060,1.);
#9060 = DIRECTION('',(1.,0.));
#9061 = ( GEOMETRIC_REPRESENTATION_CONTEXT(2) 
PARAMETRIC_REPRESENTATION_CONTEXT() REPRESENTATION_CONTEXT('2D SPACE',''
  ) );
#9062 = ORIENTED_EDGE('',*,*,#9063,.T.);
#9063 = EDGE_CURVE('',#9041,#9064,#9066,.T.);
#9064 = VERTEX_POINT('',#9065);
#9065 = CARTESIAN_POINT('',(8.95,1.6,18.5));
#9066 = SURFACE_CURVE('',#9067,(#9071,#9078),.PCURVE_S1.);
#9067 = LINE('',#9068,#9069);
#9068 = CARTESIAN_POINT('',(8.95,1.6,10.));
#9069 = VECTOR('',#9070,1.);
#9070 = DIRECTION('',(0.,0.,1.));
#9071 = PCURVE('',#8719,#9072);
#9072 = DEFINITIONAL_REPRESENTATION('',(#9073),#9077);
#9073 = LINE('',#9074,#9075);
#9074 = CARTESIAN_POINT('',(3.688675771084,8.95));
#9075 = VECTOR('',#9076,1.);
#9076 = DIRECTION('',(-1.,0.));
#9077 = ( GEOMETRIC_REPRESENTATION_CONTEXT(2) 
PARAMETRIC_REPRESENTATION_CONTEXT() REPRESENTATION_CONTEXT('2D SPACE',''
  ) );
#9078 = PCURVE('',#9079,#9084);
#9079 = PLANE('',#9080);
#9080 = AXIS2_PLACEMENT_3D('',#9081,#9082,#9083);
#9081 = CARTESIAN_POINT('',(8.95,1.6,10.));
#9082 = DIRECTION('',(-1.,0.,0.));
#9083 = DIRECTION('',(0.,0.,1.));
#9084 = DEFINITIONAL_REPRESENTATION('',(#9085),#9089);
#9085 = LINE('',#9086,#9087);
#9086 = CARTESIAN_POINT('',(0.,0.));
#9087 = VECTOR('',#9088,1.);
#9088 = DIRECTION('',(1.,0.));
#9089 = ( GEOMETRIC_REPRESENTATION_CONTEXT(2) 
PARAMETRIC_REPRESENTATION_CONTEXT() REPRESENTATION_CONTEXT('2D SPACE',''
  ) );
#9090 = ORIENTED_EDGE('',*,*,#9091,.T.);
#9091 = EDGE_CURVE('',#9064,#9092,#9094,.T.);
#9092 = VERTEX_POINT('',#9093);
#9093 = CARTESIAN_POINT('',(-8.95,1.6,18.5));
#9094 = SURFACE_CURVE('',#9095,(#9099,#9106),.PCURVE_S1.);
#9095 = LINE('',#9096,#9097);
#9096 = CARTESIAN_POINT('',(-4.775,1.6,18.5));
#9097 = VECTOR('',#9098,1.);
#9098 = DIRECTION('',(-1.,0.,0.));
#9099 = PCURVE('',#8719,#9100);
#9100 = DEFINITIONAL_REPRESENTATION('',(#9101),#9105);
#9101 = LINE('',#9102,#9103);
#9102 = CARTESIAN_POINT('',(-4.811324228916,-4.775));
#9103 = VECTOR('',#9104,1.);
#9104 = DIRECTION('',(0.,-1.));
#9105 = ( GEOMETRIC_REPRESENTATION_CONTEXT(2) 
PARAMETRIC_REPRESENTATION_CONTEXT() REPRESENTATION_CONTEXT('2D SPACE',''
  ) );
#9106 = PCURVE('',#9107,#9112);
#9107 = PLANE('',#9108);
#9108 = AXIS2_PLACEMENT_3D('',#9109,#9110,#9111);
#9109 = CARTESIAN_POINT('',(-9.55,-2.55,18.5));
#9110 = DIRECTION('',(0.,0.,1.));
#9111 = DIRECTION('',(1.,0.,0.));
#9112 = DEFINITIONAL_REPRESENTATION('',(#9113),#9117);
#9113 = LINE('',#9114,#9115);
#9114 = CARTESIAN_POINT('',(4.775,4.15));
#9115 = VECTOR('',#9116,1.);
#9116 = DIRECTION('',(-1.,0.));
#9117 = ( GEOMETRIC_REPRESENTATION_CONTEXT(2) 
PARAMETRIC_REPRESENTATION_CONTEXT() REPRESENTATION_CONTEXT('2D SPACE',''
  ) );
#9118 = ORIENTED_EDGE('',*,*,#9119,.T.);
#9119 = EDGE_CURVE('',#9092,#8963,#9120,.T.);
#9120 = SURFACE_CURVE('',#9121,(#9125,#9132),.PCURVE_S1.);
#9121 = LINE('',#9122,#9123);
#9122 = CARTESIAN_POINT('',(-8.95,1.6,18.51));
#9123 = VECTOR('',#9124,1.);
#9124 = DIRECTION('',(0.,0.,-1.));
#9125 = PCURVE('',#8719,#9126);
#9126 = DEFINITIONAL_REPRESENTATION('',(#9127),#9131);
#9127 = LINE('',#9128,#9129);
#9128 = CARTESIAN_POINT('',(-4.821324228916,-8.95));
#9129 = VECTOR('',#9130,1.);
#9130 = DIRECTION('',(1.,0.));
#9131 = ( GEOMETRIC_REPRESENTATION_CONTEXT(2) 
PARAMETRIC_REPRESENTATION_CONTEXT() REPRESENTATION_CONTEXT('2D SPACE',''
  ) );
#9132 = PCURVE('',#8980,#9133);
#9133 = DEFINITIONAL_REPRESENTATION('',(#9134),#9138);
#9134 = LINE('',#9135,#9136);
#9135 = CARTESIAN_POINT('',(0.,0.));
#9136 = VECTOR('',#9137,1.);
#9137 = DIRECTION('',(1.,0.));
#9138 = ( GEOMETRIC_REPRESENTATION_CONTEXT(2) 
PARAMETRIC_REPRESENTATION_CONTEXT() REPRESENTATION_CONTEXT('2D SPACE',''
  ) );
#9139 = ADVANCED_FACE('',(#9140,#9234,#9464),#8665,.T.);
#9140 = FACE_BOUND('',#9141,.T.);
#9141 = EDGE_LOOP('',(#9142,#9143,#9144,#9167,#9190,#9213));
#9142 = ORIENTED_EDGE('',*,*,#8992,.T.);
#9143 = ORIENTED_EDGE('',*,*,#8649,.T.);
#9144 = ORIENTED_EDGE('',*,*,#9145,.T.);
#9145 = EDGE_CURVE('',#8650,#9146,#9148,.T.);
#9146 = VERTEX_POINT('',#9147);
#9147 = CARTESIAN_POINT('',(8.95,-1.6,10.));
#9148 = SURFACE_CURVE('',#9149,(#9153,#9160),.PCURVE_S1.);
#9149 = LINE('',#9150,#9151);
#9150 = CARTESIAN_POINT('',(7.4,-1.6,8.5));
#9151 = VECTOR('',#9152,1.);
#9152 = DIRECTION('',(0.718602141767,0.,0.695421427516));
#9153 = PCURVE('',#8665,#9154);
#9154 = DEFINITIONAL_REPRESENTATION('',(#9155),#9159);
#9155 = LINE('',#9156,#9157);
#9156 = CARTESIAN_POINT('',(5.188675771084,7.4));
#9157 = VECTOR('',#9158,1.);
#9158 = DIRECTION('',(-0.695421427516,0.718602141767));
#9159 = ( GEOMETRIC_REPRESENTATION_CONTEXT(2) 
PARAMETRIC_REPRESENTATION_CONTEXT() REPRESENTATION_CONTEXT('2D SPACE',''
  ) );
#9160 = PCURVE('',#8693,#9161);
#9161 = DEFINITIONAL_REPRESENTATION('',(#9162),#9166);
#9162 = LINE('',#9163,#9164);
#9163 = CARTESIAN_POINT('',(0.,-3.2));
#9164 = VECTOR('',#9165,1.);
#9165 = DIRECTION('',(1.,0.));
#9166 = ( GEOMETRIC_REPRESENTATION_CONTEXT(2) 
PARAMETRIC_REPRESENTATION_CONTEXT() REPRESENTATION_CONTEXT('2D SPACE',''
  ) );
#9167 = ORIENTED_EDGE('',*,*,#9168,.T.);
#9168 = EDGE_CURVE('',#9146,#9169,#9171,.T.);
#9169 = VERTEX_POINT('',#9170);
#9170 = CARTESIAN_POINT('',(8.95,-1.6,18.5));
#9171 = SURFACE_CURVE('',#9172,(#9176,#9183),.PCURVE_S1.);
#9172 = LINE('',#9173,#9174);
#9173 = CARTESIAN_POINT('',(8.95,-1.6,10.));
#9174 = VECTOR('',#9175,1.);
#9175 = DIRECTION('',(0.,0.,1.));
#9176 = PCURVE('',#8665,#9177);
#9177 = DEFINITIONAL_REPRESENTATION('',(#9178),#9182);
#9178 = LINE('',#9179,#9180);
#9179 = CARTESIAN_POINT('',(3.688675771084,8.95));
#9180 = VECTOR('',#9181,1.);
#9181 = DIRECTION('',(-1.,0.));
#9182 = ( GEOMETRIC_REPRESENTATION_CONTEXT(2) 
PARAMETRIC_REPRESENTATION_CONTEXT() REPRESENTATION_CONTEXT('2D SPACE',''
  ) );
#9183 = PCURVE('',#9079,#9184);
#9184 = DEFINITIONAL_REPRESENTATION('',(#9185),#9189);
#9185 = LINE('',#9186,#9187);
#9186 = CARTESIAN_POINT('',(0.,-3.2));
#9187 = VECTOR('',#9188,1.);
#9188 = DIRECTION('',(1.,0.));
#9189 = ( GEOMETRIC_REPRESENTATION_CONTEXT(2) 
PARAMETRIC_REPRESENTATION_CONTEXT() REPRESENTATION_CONTEXT('2D SPACE',''
  ) );
#9190 = ORIENTED_EDGE('',*,*,#9191,.T.);
#9191 = EDGE_CURVE('',#9169,#9192,#9194,.T.);
#9192 = VERTEX_POINT('',#9193);
#9193 = CARTESIAN_POINT('',(-8.95,-1.6,18.5));
#9194 = SURFACE_CURVE('',#9195,(#9199,#9206),.PCURVE_S1.);
#9195 = LINE('',#9196,#9197);
#9196 = CARTESIAN_POINT('',(-4.775,-1.6,18.5));
#9197 = VECTOR('',#9198,1.);
#9198 = DIRECTION('',(-1.,0.,0.));
#9199 = PCURVE('',#8665,#9200);
#9200 = DEFINITIONAL_REPRESENTATION('',(#9201),#9205);
#9201 = LINE('',#9202,#9203);
#9202 = CARTESIAN_POINT('',(-4.811324228916,-4.775));
#9203 = VECTOR('',#9204,1.);
#9204 = DIRECTION('',(0.,-1.));
#9205 = ( GEOMETRIC_REPRESENTATION_CONTEXT(2) 
PARAMETRIC_REPRESENTATION_CONTEXT() REPRESENTATION_CONTEXT('2D SPACE',''
  ) );
#9206 = PCURVE('',#9107,#9207);
#9207 = DEFINITIONAL_REPRESENTATION('',(#9208),#9212);
#9208 = LINE('',#9209,#9210);
#9209 = CARTESIAN_POINT('',(4.775,0.95));
#9210 = VECTOR('',#9211,1.);
#9211 = DIRECTION('',(-1.,0.));
#9212 = ( GEOMETRIC_REPRESENTATION_CONTEXT(2) 
PARAMETRIC_REPRESENTATION_CONTEXT() REPRESENTATION_CONTEXT('2D SPACE',''
  ) );
#9213 = ORIENTED_EDGE('',*,*,#9214,.T.);
#9214 = EDGE_CURVE('',#9192,#8965,#9215,.T.);
#9215 = SURFACE_CURVE('',#9216,(#9220,#9227),.PCURVE_S1.);
#9216 = LINE('',#9217,#9218);
#9217 = CARTESIAN_POINT('',(-8.95,-1.6,18.51));
#9218 = VECTOR('',#9219,1.);
#9219 = DIRECTION('',(0.,0.,-1.));
#9220 = PCURVE('',#8665,#9221);
#9221 = DEFINITIONAL_REPRESENTATION('',(#9222),#9226);
#9222 = LINE('',#9223,#9224);
#9223 = CARTESIAN_POINT('',(-4.821324228916,-8.95));
#9224 = VECTOR('',#9225,1.);
#9225 = DIRECTION('',(1.,0.));
#9226 = ( GEOMETRIC_REPRESENTATION_CONTEXT(2) 
PARAMETRIC_REPRESENTATION_CONTEXT() REPRESENTATION_CONTEXT('2D SPACE',''
  ) );
#9227 = PCURVE('',#8980,#9228);
#9228 = DEFINITIONAL_REPRESENTATION('',(#9229),#9233);
#9229 = LINE('',#9230,#9231);
#9230 = CARTESIAN_POINT('',(0.,-3.2));
#9231 = VECTOR('',#9232,1.);
#9232 = DIRECTION('',(1.,0.));
#9233 = ( GEOMETRIC_REPRESENTATION_CONTEXT(2) 
PARAMETRIC_REPRESENTATION_CONTEXT() REPRESENTATION_CONTEXT('2D SPACE',''
  ) );
#9234 = FACE_BOUND('',#9235,.T.);
#9235 = EDGE_LOOP('',(#9236,#9266,#9294,#9322,#9350,#9380,#9410,#9438));
#9236 = ORIENTED_EDGE('',*,*,#9237,.T.);
#9237 = EDGE_CURVE('',#9238,#9240,#9242,.T.);
#9238 = VERTEX_POINT('',#9239);
#9239 = CARTESIAN_POINT('',(-1.045003255208,-1.6,12.999999745687));
#9240 = VERTEX_POINT('',#9241);
#9241 = CARTESIAN_POINT('',(-1.484993489583,-1.6,12.999999745687));
#9242 = SURFACE_CURVE('',#9243,(#9247,#9254),.PCURVE_S1.);
#9243 = LINE('',#9244,#9245);
#9244 = CARTESIAN_POINT('',(-1.045003255208,-1.6,12.999999745687));
#9245 = VECTOR('',#9246,1.);
#9246 = DIRECTION('',(-1.,0.,0.));
#9247 = PCURVE('',#8665,#9248);
#9248 = DEFINITIONAL_REPRESENTATION('',(#9249),#9253);
#9249 = LINE('',#9250,#9251);
#9250 = CARTESIAN_POINT('',(0.688676025397,-1.045003255208));
#9251 = VECTOR('',#9252,1.);
#9252 = DIRECTION('',(0.,-1.));
#9253 = ( GEOMETRIC_REPRESENTATION_CONTEXT(2) 
PARAMETRIC_REPRESENTATION_CONTEXT() REPRESENTATION_CONTEXT('2D SPACE',''
  ) );
#9254 = PCURVE('',#9255,#9260);
#9255 = PLANE('',#9256);
#9256 = AXIS2_PLACEMENT_3D('',#9257,#9258,#9259);
#9257 = CARTESIAN_POINT('',(-1.045003255208,-1.6,12.999999745687));
#9258 = DIRECTION('',(0.,0.,1.));
#9259 = DIRECTION('',(-1.,0.,0.));
#9260 = DEFINITIONAL_REPRESENTATION('',(#9261),#9265);
#9261 = LINE('',#9262,#9263);
#9262 = CARTESIAN_POINT('',(0.,0.));
#9263 = VECTOR('',#9264,1.);
#9264 = DIRECTION('',(1.,0.));
#9265 = ( GEOMETRIC_REPRESENTATION_CONTEXT(2) 
PARAMETRIC_REPRESENTATION_CONTEXT() REPRESENTATION_CONTEXT('2D SPACE',''
  ) );
#9266 = ORIENTED_EDGE('',*,*,#9267,.T.);
#9267 = EDGE_CURVE('',#9240,#9268,#9270,.T.);
#9268 = VERTEX_POINT('',#9269);
#9269 = CARTESIAN_POINT('',(-1.484993489583,-1.6,15.524999745687));
#9270 = SURFACE_CURVE('',#9271,(#9275,#9282),.PCURVE_S1.);
#9271 = LINE('',#9272,#9273);
#9272 = CARTESIAN_POINT('',(-1.484993489583,-1.6,12.999999745687));
#9273 = VECTOR('',#9274,1.);
#9274 = DIRECTION('',(0.,0.,1.));
#9275 = PCURVE('',#8665,#9276);
#9276 = DEFINITIONAL_REPRESENTATION('',(#9277),#9281);
#9277 = LINE('',#9278,#9279);
#9278 = CARTESIAN_POINT('',(0.688676025397,-1.484993489583));
#9279 = VECTOR('',#9280,1.);
#9280 = DIRECTION('',(-1.,0.));
#9281 = ( GEOMETRIC_REPRESENTATION_CONTEXT(2) 
PARAMETRIC_REPRESENTATION_CONTEXT() REPRESENTATION_CONTEXT('2D SPACE',''
  ) );
#9282 = PCURVE('',#9283,#9288);
#9283 = PLANE('',#9284);
#9284 = AXIS2_PLACEMENT_3D('',#9285,#9286,#9287);
#9285 = CARTESIAN_POINT('',(-1.484993489583,-1.6,12.999999745687));
#9286 = DIRECTION('',(1.,0.,0.));
#9287 = DIRECTION('',(0.,0.,1.));
#9288 = DEFINITIONAL_REPRESENTATION('',(#9289),#9293);
#9289 = LINE('',#9290,#9291);
#9290 = CARTESIAN_POINT('',(0.,0.));
#9291 = VECTOR('',#9292,1.);
#9292 = DIRECTION('',(1.,0.));
#9293 = ( GEOMETRIC_REPRESENTATION_CONTEXT(2) 
PARAMETRIC_REPRESENTATION_CONTEXT() REPRESENTATION_CONTEXT('2D SPACE',''
  ) );
#9294 = ORIENTED_EDGE('',*,*,#9295,.T.);
#9295 = EDGE_CURVE('',#9268,#9296,#9298,.T.);
#9296 = VERTEX_POINT('',#9297);
#9297 = CARTESIAN_POINT('',(-2.270003255208,-1.6,15.524999745687));
#9298 = SURFACE_CURVE('',#9299,(#9303,#9310),.PCURVE_S1.);
#9299 = LINE('',#9300,#9301);
#9300 = CARTESIAN_POINT('',(-1.484993489583,-1.6,15.524999745687));
#9301 = VECTOR('',#9302,1.);
#9302 = DIRECTION('',(-1.,0.,0.));
#9303 = PCURVE('',#8665,#9304);
#9304 = DEFINITIONAL_REPRESENTATION('',(#9305),#9309);
#9305 = LINE('',#9306,#9307);
#9306 = CARTESIAN_POINT('',(-1.836323974603,-1.484993489583));
#9307 = VECTOR('',#9308,1.);
#9308 = DIRECTION('',(0.,-1.));
#9309 = ( GEOMETRIC_REPRESENTATION_CONTEXT(2) 
PARAMETRIC_REPRESENTATION_CONTEXT() REPRESENTATION_CONTEXT('2D SPACE',''
  ) );
#9310 = PCURVE('',#9311,#9316);
#9311 = PLANE('',#9312);
#9312 = AXIS2_PLACEMENT_3D('',#9313,#9314,#9315);
#9313 = CARTESIAN_POINT('',(-1.484993489583,-1.6,15.524999745687));
#9314 = DIRECTION('',(0.,0.,1.));
#9315 = DIRECTION('',(-1.,0.,0.));
#9316 = DEFINITIONAL_REPRESENTATION('',(#9317),#9321);
#9317 = LINE('',#9318,#9319);
#9318 = CARTESIAN_POINT('',(0.,0.));
#9319 = VECTOR('',#9320,1.);
#9320 = DIRECTION('',(1.,0.));
#9321 = ( GEOMETRIC_REPRESENTATION_CONTEXT(2) 
PARAMETRIC_REPRESENTATION_CONTEXT() REPRESENTATION_CONTEXT('2D SPACE',''
  ) );
#9322 = ORIENTED_EDGE('',*,*,#9323,.T.);
#9323 = EDGE_CURVE('',#9296,#9324,#9326,.T.);
#9324 = VERTEX_POINT('',#9325);
#9325 = CARTESIAN_POINT('',(-2.270003255208,-1.6,15.840006256104));
#9326 = SURFACE_CURVE('',#9327,(#9331,#9338),.PCURVE_S1.);
#9327 = LINE('',#9328,#9329);
#9328 = CARTESIAN_POINT('',(-2.270003255208,-1.6,15.524999745687));
#9329 = VECTOR('',#9330,1.);
#9330 = DIRECTION('',(0.,0.,1.));
#9331 = PCURVE('',#8665,#9332);
#9332 = DEFINITIONAL_REPRESENTATION('',(#9333),#9337);
#9333 = LINE('',#9334,#9335);
#9334 = CARTESIAN_POINT('',(-1.836323974603,-2.270003255208));
#9335 = VECTOR('',#9336,1.);
#9336 = DIRECTION('',(-1.,0.));
#9337 = ( GEOMETRIC_REPRESENTATION_CONTEXT(2) 
PARAMETRIC_REPRESENTATION_CONTEXT() REPRESENTATION_CONTEXT('2D SPACE',''
  ) );
#9338 = PCURVE('',#9339,#9344);
#9339 = PLANE('',#9340);
#9340 = AXIS2_PLACEMENT_3D('',#9341,#9342,#9343);
#9341 = CARTESIAN_POINT('',(-2.270003255208,-1.6,15.524999745687));
#9342 = DIRECTION('',(1.,0.,0.));
#9343 = DIRECTION('',(0.,0.,1.));
#9344 = DEFINITIONAL_REPRESENTATION('',(#9345),#9349);
#9345 = LINE('',#9346,#9347);
#9346 = CARTESIAN_POINT('',(4.440892098501E-16,0.));
#9347 = VECTOR('',#9348,1.);
#9348 = DIRECTION('',(1.,0.));
#9349 = ( GEOMETRIC_REPRESENTATION_CONTEXT(2) 
PARAMETRIC_REPRESENTATION_CONTEXT() REPRESENTATION_CONTEXT('2D SPACE',''
  ) );
#9350 = ORIENTED_EDGE('',*,*,#9351,.T.);
#9351 = EDGE_CURVE('',#9324,#9352,#9354,.T.);
#9352 = VERTEX_POINT('',#9353);
#9353 = CARTESIAN_POINT('',(-1.604996744792,-1.6,16.019994862874));
#9354 = SURFACE_CURVE('',#9355,(#9359,#9366),.PCURVE_S1.);
#9355 = B_SPLINE_CURVE_WITH_KNOTS('',2,(#9356,#9357,#9358),
  .UNSPECIFIED.,.F.,.F.,(3,3),(0.,1.),.PIECEWISE_BEZIER_KNOTS.);
#9356 = CARTESIAN_POINT('',(-2.270003255208,-1.6,15.840006256104));
#9357 = CARTESIAN_POINT('',(-1.759993489583,-1.6,15.904996490479));
#9358 = CARTESIAN_POINT('',(-1.604996744792,-1.6,16.019994862874));
#9359 = PCURVE('',#8665,#9360);
#9360 = DEFINITIONAL_REPRESENTATION('',(#9361),#9365);
#9361 = B_SPLINE_CURVE_WITH_KNOTS('',2,(#9362,#9363,#9364),
  .UNSPECIFIED.,.F.,.F.,(3,3),(0.,1.),.PIECEWISE_BEZIER_KNOTS.);
#9362 = CARTESIAN_POINT('',(-2.15133048502,-2.270003255208));
#9363 = CARTESIAN_POINT('',(-2.216320719395,-1.759993489583));
#9364 = CARTESIAN_POINT('',(-2.331319091791,-1.604996744792));
#9365 = ( GEOMETRIC_REPRESENTATION_CONTEXT(2) 
PARAMETRIC_REPRESENTATION_CONTEXT() REPRESENTATION_CONTEXT('2D SPACE',''
  ) );
#9366 = PCURVE('',#9367,#9374);
#9367 = SURFACE_OF_LINEAR_EXTRUSION('',#9368,#9372);
#9368 = B_SPLINE_CURVE_WITH_KNOTS('',2,(#9369,#9370,#9371),
  .UNSPECIFIED.,.F.,.F.,(3,3),(0.,1.),.PIECEWISE_BEZIER_KNOTS.);
#9369 = CARTESIAN_POINT('',(-2.270003255208,-1.6,15.840006256104));
#9370 = CARTESIAN_POINT('',(-1.759993489583,-1.6,15.904996490479));
#9371 = CARTESIAN_POINT('',(-1.604996744792,-1.6,16.019994862874));
#9372 = VECTOR('',#9373,1.);
#9373 = DIRECTION('',(0.,-1.,0.));
#9374 = DEFINITIONAL_REPRESENTATION('',(#9375),#9379);
#9375 = LINE('',#9376,#9377);
#9376 = CARTESIAN_POINT('',(0.,0.));
#9377 = VECTOR('',#9378,1.);
#9378 = DIRECTION('',(1.,0.));
#9379 = ( GEOMETRIC_REPRESENTATION_CONTEXT(2) 
PARAMETRIC_REPRESENTATION_CONTEXT() REPRESENTATION_CONTEXT('2D SPACE',''
  ) );
#9380 = ORIENTED_EDGE('',*,*,#9381,.T.);
#9381 = EDGE_CURVE('',#9352,#9382,#9384,.T.);
#9382 = VERTEX_POINT('',#9383);
#9383 = CARTESIAN_POINT('',(-1.334993489583,-1.6,16.545003000895));
#9384 = SURFACE_CURVE('',#9385,(#9389,#9396),.PCURVE_S1.);
#9385 = B_SPLINE_CURVE_WITH_KNOTS('',2,(#9386,#9387,#9388),
  .UNSPECIFIED.,.F.,.F.,(3,3),(0.,1.),.PIECEWISE_BEZIER_KNOTS.);
#9386 = CARTESIAN_POINT('',(-1.604996744792,-1.6,16.019994862874));
#9387 = CARTESIAN_POINT('',(-1.45,-1.6,16.13499323527));
#9388 = CARTESIAN_POINT('',(-1.334993489583,-1.6,16.545003000895));
#9389 = PCURVE('',#8665,#9390);
#9390 = DEFINITIONAL_REPRESENTATION('',(#9391),#9395);
#9391 = B_SPLINE_CURVE_WITH_KNOTS('',2,(#9392,#9393,#9394),
  .UNSPECIFIED.,.F.,.F.,(3,3),(0.,1.),.PIECEWISE_BEZIER_KNOTS.);
#9392 = CARTESIAN_POINT('',(-2.331319091791,-1.604996744792));
#9393 = CARTESIAN_POINT('',(-2.446317464187,-1.45));
#9394 = CARTESIAN_POINT('',(-2.856327229812,-1.334993489583));
#9395 = ( GEOMETRIC_REPRESENTATION_CONTEXT(2) 
PARAMETRIC_REPRESENTATION_CONTEXT() REPRESENTATION_CONTEXT('2D SPACE',''
  ) );
#9396 = PCURVE('',#9397,#9404);
#9397 = SURFACE_OF_LINEAR_EXTRUSION('',#9398,#9402);
#9398 = B_SPLINE_CURVE_WITH_KNOTS('',2,(#9399,#9400,#9401),
  .UNSPECIFIED.,.F.,.F.,(3,3),(0.,1.),.PIECEWISE_BEZIER_KNOTS.);
#9399 = CARTESIAN_POINT('',(-1.604996744792,-1.6,16.019994862874));
#9400 = CARTESIAN_POINT('',(-1.45,-1.6,16.13499323527));
#9401 = CARTESIAN_POINT('',(-1.334993489583,-1.6,16.545003000895));
#9402 = VECTOR('',#9403,1.);
#9403 = DIRECTION('',(0.,-1.,0.));
#9404 = DEFINITIONAL_REPRESENTATION('',(#9405),#9409);
#9405 = LINE('',#9406,#9407);
#9406 = CARTESIAN_POINT('',(0.,0.));
#9407 = VECTOR('',#9408,1.);
#9408 = DIRECTION('',(1.,0.));
#9409 = ( GEOMETRIC_REPRESENTATION_CONTEXT(2) 
PARAMETRIC_REPRESENTATION_CONTEXT() REPRESENTATION_CONTEXT('2D SPACE',''
  ) );
#9410 = ORIENTED_EDGE('',*,*,#9411,.T.);
#9411 = EDGE_CURVE('',#9382,#9412,#9414,.T.);
#9412 = VERTEX_POINT('',#9413);
#9413 = CARTESIAN_POINT('',(-1.045003255208,-1.6,16.545003000895));
#9414 = SURFACE_CURVE('',#9415,(#9419,#9426),.PCURVE_S1.);
#9415 = LINE('',#9416,#9417);
#9416 = CARTESIAN_POINT('',(-1.334993489583,-1.6,16.545003000895));
#9417 = VECTOR('',#9418,1.);
#9418 = DIRECTION('',(1.,0.,0.));
#9419 = PCURVE('',#8665,#9420);
#9420 = DEFINITIONAL_REPRESENTATION('',(#9421),#9425);
#9421 = LINE('',#9422,#9423);
#9422 = CARTESIAN_POINT('',(-2.856327229812,-1.334993489583));
#9423 = VECTOR('',#9424,1.);
#9424 = DIRECTION('',(0.,1.));
#9425 = ( GEOMETRIC_REPRESENTATION_CONTEXT(2) 
PARAMETRIC_REPRESENTATION_CONTEXT() REPRESENTATION_CONTEXT('2D SPACE',''
  ) );
#9426 = PCURVE('',#9427,#9432);
#9427 = PLANE('',#9428);
#9428 = AXIS2_PLACEMENT_3D('',#9429,#9430,#9431);
#9429 = CARTESIAN_POINT('',(-1.334993489583,-1.6,16.545003000895));
#9430 = DIRECTION('',(0.,0.,-1.));
#9431 = DIRECTION('',(1.,0.,0.));
#9432 = DEFINITIONAL_REPRESENTATION('',(#9433),#9437);
#9433 = LINE('',#9434,#9435);
#9434 = CARTESIAN_POINT('',(0.,0.));
#9435 = VECTOR('',#9436,1.);
#9436 = DIRECTION('',(1.,0.));
#9437 = ( GEOMETRIC_REPRESENTATION_CONTEXT(2) 
PARAMETRIC_REPRESENTATION_CONTEXT() REPRESENTATION_CONTEXT('2D SPACE',''
  ) );
#9438 = ORIENTED_EDGE('',*,*,#9439,.T.);
#9439 = EDGE_CURVE('',#9412,#9238,#9440,.T.);
#9440 = SURFACE_CURVE('',#9441,(#9445,#9452),.PCURVE_S1.);
#9441 = LINE('',#9442,#9443);
#9442 = CARTESIAN_POINT('',(-1.045003255208,-1.6,16.545003000895));
#9443 = VECTOR('',#9444,1.);
#9444 = DIRECTION('',(0.,0.,-1.));
#9445 = PCURVE('',#8665,#9446);
#9446 = DEFINITIONAL_REPRESENTATION('',(#9447),#9451);
#9447 = LINE('',#9448,#9449);
#9448 = CARTESIAN_POINT('',(-2.856327229812,-1.045003255208));
#9449 = VECTOR('',#9450,1.);
#9450 = DIRECTION('',(1.,0.));
#9451 = ( GEOMETRIC_REPRESENTATION_CONTEXT(2) 
PARAMETRIC_REPRESENTATION_CONTEXT() REPRESENTATION_CONTEXT('2D SPACE',''
  ) );
#9452 = PCURVE('',#9453,#9458);
#9453 = PLANE('',#9454);
#9454 = AXIS2_PLACEMENT_3D('',#9455,#9456,#9457);
#9455 = CARTESIAN_POINT('',(-1.045003255208,-1.6,16.545003000895));
#9456 = DIRECTION('',(-1.,0.,0.));
#9457 = DIRECTION('',(0.,0.,-1.));
#9458 = DEFINITIONAL_REPRESENTATION('',(#9459),#9463);
#9459 = LINE('',#9460,#9461);
#9460 = CARTESIAN_POINT('',(-8.881784197001E-16,0.));
#9461 = VECTOR('',#9462,1.);
#9462 = DIRECTION('',(1.,0.));
#9463 = ( GEOMETRIC_REPRESENTATION_CONTEXT(2) 
PARAMETRIC_REPRESENTATION_CONTEXT() REPRESENTATION_CONTEXT('2D SPACE',''
  ) );
#9464 = FACE_BOUND('',#9465,.T.);
#9465 = EDGE_LOOP('',(#9466,#9498,#9528,#9558,#9588,#9618,#9648,#9678,
    #9708,#9738));
#9466 = ORIENTED_EDGE('',*,*,#9467,.T.);
#9467 = EDGE_CURVE('',#9468,#9470,#9472,.T.);
#9468 = VERTEX_POINT('',#9469);
#9469 = CARTESIAN_POINT('',(0.510001627604,-1.6,13.352498118083));
#9470 = VERTEX_POINT('',#9471);
#9471 = CARTESIAN_POINT('',(0.215006510417,-1.6,14.715006256104));
#9472 = SURFACE_CURVE('',#9473,(#9477,#9484),.PCURVE_S1.);
#9473 = B_SPLINE_CURVE_WITH_KNOTS('',2,(#9474,#9475,#9476),
  .UNSPECIFIED.,.F.,.F.,(3,3),(0.,1.),.PIECEWISE_BEZIER_KNOTS.);
#9474 = CARTESIAN_POINT('',(0.510001627604,-1.6,13.352498118083));
#9475 = CARTESIAN_POINT('',(0.215006510417,-1.6,13.820003000895));
#9476 = CARTESIAN_POINT('',(0.215006510417,-1.6,14.715006256104));
#9477 = PCURVE('',#8665,#9478);
#9478 = DEFINITIONAL_REPRESENTATION('',(#9479),#9483);
#9479 = B_SPLINE_CURVE_WITH_KNOTS('',2,(#9480,#9481,#9482),
  .UNSPECIFIED.,.F.,.F.,(3,3),(0.,1.),.PIECEWISE_BEZIER_KNOTS.);
#9480 = CARTESIAN_POINT('',(0.336177653001,0.510001627604));
#9481 = CARTESIAN_POINT('',(-0.131327229812,0.215006510417));
#9482 = CARTESIAN_POINT('',(-1.02633048502,0.215006510417));
#9483 = ( GEOMETRIC_REPRESENTATION_CONTEXT(2) 
PARAMETRIC_REPRESENTATION_CONTEXT() REPRESENTATION_CONTEXT('2D SPACE',''
  ) );
#9484 = PCURVE('',#9485,#9492);
#9485 = SURFACE_OF_LINEAR_EXTRUSION('',#9486,#9490);
#9486 = B_SPLINE_CURVE_WITH_KNOTS('',2,(#9487,#9488,#9489),
  .UNSPECIFIED.,.F.,.F.,(3,3),(0.,1.),.PIECEWISE_BEZIER_KNOTS.);
#9487 = CARTESIAN_POINT('',(0.510001627604,-1.6,13.352498118083));
#9488 = CARTESIAN_POINT('',(0.215006510417,-1.6,13.820003000895));
#9489 = CARTESIAN_POINT('',(0.215006510417,-1.6,14.715006256104));
#9490 = VECTOR('',#9491,1.);
#9491 = DIRECTION('',(0.,-1.,0.));
#9492 = DEFINITIONAL_REPRESENTATION('',(#9493),#9497);
#9493 = LINE('',#9494,#9495);
#9494 = CARTESIAN_POINT('',(0.,0.));
#9495 = VECTOR('',#9496,1.);
#9496 = DIRECTION('',(1.,0.));
#9497 = ( GEOMETRIC_REPRESENTATION_CONTEXT(2) 
PARAMETRIC_REPRESENTATION_CONTEXT() REPRESENTATION_CONTEXT('2D SPACE',''
  ) );
#9498 = ORIENTED_EDGE('',*,*,#9499,.T.);
#9499 = EDGE_CURVE('',#9470,#9500,#9502,.T.);
#9500 = VERTEX_POINT('',#9501);
#9501 = CARTESIAN_POINT('',(0.290006510417,-1.6,15.499999745687));
#9502 = SURFACE_CURVE('',#9503,(#9507,#9514),.PCURVE_S1.);
#9503 = B_SPLINE_CURVE_WITH_KNOTS('',2,(#9504,#9505,#9506),
  .UNSPECIFIED.,.F.,.F.,(3,3),(0.,1.),.PIECEWISE_BEZIER_KNOTS.);
#9504 = CARTESIAN_POINT('',(0.215006510417,-1.6,14.715006256104));
#9505 = CARTESIAN_POINT('',(0.215006510417,-1.6,15.15999323527));
#9506 = CARTESIAN_POINT('',(0.290006510417,-1.6,15.499999745687));
#9507 = PCURVE('',#8665,#9508);
#9508 = DEFINITIONAL_REPRESENTATION('',(#9509),#9513);
#9509 = B_SPLINE_CURVE_WITH_KNOTS('',2,(#9510,#9511,#9512),
  .UNSPECIFIED.,.F.,.F.,(3,3),(0.,1.),.PIECEWISE_BEZIER_KNOTS.);
#9510 = CARTESIAN_POINT('',(-1.02633048502,0.215006510417));
#9511 = CARTESIAN_POINT('',(-1.471317464187,0.215006510417));
#9512 = CARTESIAN_POINT('',(-1.811323974603,0.290006510417));
#9513 = ( GEOMETRIC_REPRESENTATION_CONTEXT(2) 
PARAMETRIC_REPRESENTATION_CONTEXT() REPRESENTATION_CONTEXT('2D SPACE',''
  ) );
#9514 = PCURVE('',#9515,#9522);
#9515 = SURFACE_OF_LINEAR_EXTRUSION('',#9516,#9520);
#9516 = B_SPLINE_CURVE_WITH_KNOTS('',2,(#9517,#9518,#9519),
  .UNSPECIFIED.,.F.,.F.,(3,3),(0.,1.),.PIECEWISE_BEZIER_KNOTS.);
#9517 = CARTESIAN_POINT('',(0.215006510417,-1.6,14.715006256104));
#9518 = CARTESIAN_POINT('',(0.215006510417,-1.6,15.15999323527));
#9519 = CARTESIAN_POINT('',(0.290006510417,-1.6,15.499999745687));
#9520 = VECTOR('',#9521,1.);
#9521 = DIRECTION('',(0.,-1.,0.));
#9522 = DEFINITIONAL_REPRESENTATION('',(#9523),#9527);
#9523 = LINE('',#9524,#9525);
#9524 = CARTESIAN_POINT('',(0.,0.));
#9525 = VECTOR('',#9526,1.);
#9526 = DIRECTION('',(1.,0.));
#9527 = ( GEOMETRIC_REPRESENTATION_CONTEXT(2) 
PARAMETRIC_REPRESENTATION_CONTEXT() REPRESENTATION_CONTEXT('2D SPACE',''
  ) );
#9528 = ORIENTED_EDGE('',*,*,#9529,.T.);
#9529 = EDGE_CURVE('',#9500,#9530,#9532,.T.);
#9530 = VERTEX_POINT('',#9531);
#9531 = CARTESIAN_POINT('',(0.480004882812,-1.6,16.032503000895));
#9532 = SURFACE_CURVE('',#9533,(#9537,#9544),.PCURVE_S1.);
#9533 = B_SPLINE_CURVE_WITH_KNOTS('',2,(#9534,#9535,#9536),
  .UNSPECIFIED.,.F.,.F.,(3,3),(0.,1.),.PIECEWISE_BEZIER_KNOTS.);
#9534 = CARTESIAN_POINT('',(0.290006510417,-1.6,15.499999745687));
#9535 = CARTESIAN_POINT('',(0.365006510417,-1.6,15.840006256104));
#9536 = CARTESIAN_POINT('',(0.480004882812,-1.6,16.032503000895));
#9537 = PCURVE('',#8665,#9538);
#9538 = DEFINITIONAL_REPRESENTATION('',(#9539),#9543);
#9539 = B_SPLINE_CURVE_WITH_KNOTS('',2,(#9540,#9541,#9542),
  .UNSPECIFIED.,.F.,.F.,(3,3),(0.,1.),.PIECEWISE_BEZIER_KNOTS.);
#9540 = CARTESIAN_POINT('',(-1.811323974603,0.290006510417));
#9541 = CARTESIAN_POINT('',(-2.15133048502,0.365006510417));
#9542 = CARTESIAN_POINT('',(-2.343827229812,0.480004882812));
#9543 = ( GEOMETRIC_REPRESENTATION_CONTEXT(2) 
PARAMETRIC_REPRESENTATION_CONTEXT() REPRESENTATION_CONTEXT('2D SPACE',''
  ) );
#9544 = PCURVE('',#9545,#9552);
#9545 = SURFACE_OF_LINEAR_EXTRUSION('',#9546,#9550);
#9546 = B_SPLINE_CURVE_WITH_KNOTS('',2,(#9547,#9548,#9549),
  .UNSPECIFIED.,.F.,.F.,(3,3),(0.,1.),.PIECEWISE_BEZIER_KNOTS.);
#9547 = CARTESIAN_POINT('',(0.290006510417,-1.6,15.499999745687));
#9548 = CARTESIAN_POINT('',(0.365006510417,-1.6,15.840006256104));
#9549 = CARTESIAN_POINT('',(0.480004882812,-1.6,16.032503000895));
#9550 = VECTOR('',#9551,1.);
#9551 = DIRECTION('',(0.,-1.,0.));
#9552 = DEFINITIONAL_REPRESENTATION('',(#9553),#9557);
#9553 = LINE('',#9554,#9555);
#9554 = CARTESIAN_POINT('',(0.,0.));
#9555 = VECTOR('',#9556,1.);
#9556 = DIRECTION('',(1.,0.));
#9557 = ( GEOMETRIC_REPRESENTATION_CONTEXT(2) 
PARAMETRIC_REPRESENTATION_CONTEXT() REPRESENTATION_CONTEXT('2D SPACE',''
  ) );
#9558 = ORIENTED_EDGE('',*,*,#9559,.T.);
#9559 = EDGE_CURVE('',#9530,#9560,#9562,.T.);
#9560 = VERTEX_POINT('',#9561);
#9561 = CARTESIAN_POINT('',(0.755004882812,-1.6,16.345003000895));
#9562 = SURFACE_CURVE('',#9563,(#9567,#9574),.PCURVE_S1.);
#9563 = B_SPLINE_CURVE_WITH_KNOTS('',2,(#9564,#9565,#9566),
  .UNSPECIFIED.,.F.,.F.,(3,3),(0.,1.),.PIECEWISE_BEZIER_KNOTS.);
#9564 = CARTESIAN_POINT('',(0.480004882812,-1.6,16.032503000895));
#9565 = CARTESIAN_POINT('',(0.595003255208,-1.6,16.224999745687));
#9566 = CARTESIAN_POINT('',(0.755004882812,-1.6,16.345003000895));
#9567 = PCURVE('',#8665,#9568);
#9568 = DEFINITIONAL_REPRESENTATION('',(#9569),#9573);
#9569 = B_SPLINE_CURVE_WITH_KNOTS('',2,(#9570,#9571,#9572),
  .UNSPECIFIED.,.F.,.F.,(3,3),(0.,1.),.PIECEWISE_BEZIER_KNOTS.);
#9570 = CARTESIAN_POINT('',(-2.343827229812,0.480004882812));
#9571 = CARTESIAN_POINT('',(-2.536323974603,0.595003255208));
#9572 = CARTESIAN_POINT('',(-2.656327229812,0.755004882812));
#9573 = ( GEOMETRIC_REPRESENTATION_CONTEXT(2) 
PARAMETRIC_REPRESENTATION_CONTEXT() REPRESENTATION_CONTEXT('2D SPACE',''
  ) );
#9574 = PCURVE('',#9575,#9582);
#9575 = SURFACE_OF_LINEAR_EXTRUSION('',#9576,#9580);
#9576 = B_SPLINE_CURVE_WITH_KNOTS('',2,(#9577,#9578,#9579),
  .UNSPECIFIED.,.F.,.F.,(3,3),(0.,1.),.PIECEWISE_BEZIER_KNOTS.);
#9577 = CARTESIAN_POINT('',(0.480004882812,-1.6,16.032503000895));
#9578 = CARTESIAN_POINT('',(0.595003255208,-1.6,16.224999745687));
#9579 = CARTESIAN_POINT('',(0.755004882812,-1.6,16.345003000895));
#9580 = VECTOR('',#9581,1.);
#9581 = DIRECTION('',(0.,-1.,0.));
#9582 = DEFINITIONAL_REPRESENTATION('',(#9583),#9587);
#9583 = LINE('',#9584,#9585);
#9584 = CARTESIAN_POINT('',(0.,0.));
#9585 = VECTOR('',#9586,1.);
#9586 = DIRECTION('',(1.,0.));
#9587 = ( GEOMETRIC_REPRESENTATION_CONTEXT(2) 
PARAMETRIC_REPRESENTATION_CONTEXT() REPRESENTATION_CONTEXT('2D SPACE',''
  ) );
#9588 = ORIENTED_EDGE('',*,*,#9589,.T.);
#9589 = EDGE_CURVE('',#9560,#9590,#9592,.T.);
#9590 = VERTEX_POINT('',#9591);
#9591 = CARTESIAN_POINT('',(1.0625,-1.6,16.505004628499));
#9592 = SURFACE_CURVE('',#9593,(#9597,#9604),.PCURVE_S1.);
#9593 = B_SPLINE_CURVE_WITH_KNOTS('',2,(#9594,#9595,#9596),
  .UNSPECIFIED.,.F.,.F.,(3,3),(0.,1.),.PIECEWISE_BEZIER_KNOTS.);
#9594 = CARTESIAN_POINT('',(0.755004882812,-1.6,16.345003000895));
#9595 = CARTESIAN_POINT('',(0.915006510417,-1.6,16.465006256104));
#9596 = CARTESIAN_POINT('',(1.0625,-1.6,16.505004628499));
#9597 = PCURVE('',#8665,#9598);
#9598 = DEFINITIONAL_REPRESENTATION('',(#9599),#9603);
#9599 = B_SPLINE_CURVE_WITH_KNOTS('',2,(#9600,#9601,#9602),
  .UNSPECIFIED.,.F.,.F.,(3,3),(0.,1.),.PIECEWISE_BEZIER_KNOTS.);
#9600 = CARTESIAN_POINT('',(-2.656327229812,0.755004882812));
#9601 = CARTESIAN_POINT('',(-2.77633048502,0.915006510417));
#9602 = CARTESIAN_POINT('',(-2.816328857416,1.0625));
#9603 = ( GEOMETRIC_REPRESENTATION_CONTEXT(2) 
PARAMETRIC_REPRESENTATION_CONTEXT() REPRESENTATION_CONTEXT('2D SPACE',''
  ) );
#9604 = PCURVE('',#9605,#9612);
#9605 = SURFACE_OF_LINEAR_EXTRUSION('',#9606,#9610);
#9606 = B_SPLINE_CURVE_WITH_KNOTS('',2,(#9607,#9608,#9609),
  .UNSPECIFIED.,.F.,.F.,(3,3),(0.,1.),.PIECEWISE_BEZIER_KNOTS.);
#9607 = CARTESIAN_POINT('',(0.755004882812,-1.6,16.345003000895));
#9608 = CARTESIAN_POINT('',(0.915006510417,-1.6,16.465006256104));
#9609 = CARTESIAN_POINT('',(1.0625,-1.6,16.505004628499));
#9610 = VECTOR('',#9611,1.);
#9611 = DIRECTION('',(0.,-1.,0.));
#9612 = DEFINITIONAL_REPRESENTATION('',(#9613),#9617);
#9613 = LINE('',#9614,#9615);
#9614 = CARTESIAN_POINT('',(0.,0.));
#9615 = VECTOR('',#9616,1.);
#9616 = DIRECTION('',(1.,0.));
#9617 = ( GEOMETRIC_REPRESENTATION_CONTEXT(2) 
PARAMETRIC_REPRESENTATION_CONTEXT() REPRESENTATION_CONTEXT('2D SPACE',''
  ) );
#9618 = ORIENTED_EDGE('',*,*,#9619,.T.);
#9619 = EDGE_CURVE('',#9590,#9620,#9622,.T.);
#9620 = VERTEX_POINT('',#9621);
#9621 = CARTESIAN_POINT('',(1.375,-1.6,16.545003000895));
#9622 = SURFACE_CURVE('',#9623,(#9627,#9634),.PCURVE_S1.);
#9623 = B_SPLINE_CURVE_WITH_KNOTS('',2,(#9624,#9625,#9626),
  .UNSPECIFIED.,.F.,.F.,(3,3),(0.,1.),.PIECEWISE_BEZIER_KNOTS.);
#9624 = CARTESIAN_POINT('',(1.0625,-1.6,16.505004628499));
#9625 = CARTESIAN_POINT('',(1.209993489583,-1.6,16.545003000895));
#9626 = CARTESIAN_POINT('',(1.375,-1.6,16.545003000895));
#9627 = PCURVE('',#8665,#9628);
#9628 = DEFINITIONAL_REPRESENTATION('',(#9629),#9633);
#9629 = B_SPLINE_CURVE_WITH_KNOTS('',2,(#9630,#9631,#9632),
  .UNSPECIFIED.,.F.,.F.,(3,3),(0.,1.),.PIECEWISE_BEZIER_KNOTS.);
#9630 = CARTESIAN_POINT('',(-2.816328857416,1.0625));
#9631 = CARTESIAN_POINT('',(-2.856327229812,1.209993489583));
#9632 = CARTESIAN_POINT('',(-2.856327229812,1.375));
#9633 = ( GEOMETRIC_REPRESENTATION_CONTEXT(2) 
PARAMETRIC_REPRESENTATION_CONTEXT() REPRESENTATION_CONTEXT('2D SPACE',''
  ) );
#9634 = PCURVE('',#9635,#9642);
#9635 = SURFACE_OF_LINEAR_EXTRUSION('',#9636,#9640);
#9636 = B_SPLINE_CURVE_WITH_KNOTS('',2,(#9637,#9638,#9639),
  .UNSPECIFIED.,.F.,.F.,(3,3),(0.,1.),.PIECEWISE_BEZIER_KNOTS.);
#9637 = CARTESIAN_POINT('',(1.0625,-1.6,16.505004628499));
#9638 = CARTESIAN_POINT('',(1.209993489583,-1.6,16.545003000895));
#9639 = CARTESIAN_POINT('',(1.375,-1.6,16.545003000895));
#9640 = VECTOR('',#9641,1.);
#9641 = DIRECTION('',(0.,-1.,0.));
#9642 = DEFINITIONAL_REPRESENTATION('',(#9643),#9647);
#9643 = LINE('',#9644,#9645);
#9644 = CARTESIAN_POINT('',(0.,0.));
#9645 = VECTOR('',#9646,1.);
#9646 = DIRECTION('',(1.,0.));
#9647 = ( GEOMETRIC_REPRESENTATION_CONTEXT(2) 
PARAMETRIC_REPRESENTATION_CONTEXT() REPRESENTATION_CONTEXT('2D SPACE',''
  ) );
#9648 = ORIENTED_EDGE('',*,*,#9649,.T.);
#9649 = EDGE_CURVE('',#9620,#9650,#9652,.T.);
#9650 = VERTEX_POINT('',#9651);
#9651 = CARTESIAN_POINT('',(2.534993489583,-1.6,14.68499323527));
#9652 = SURFACE_CURVE('',#9653,(#9657,#9664),.PCURVE_S1.);
#9653 = B_SPLINE_CURVE_WITH_KNOTS('',2,(#9654,#9655,#9656),
  .UNSPECIFIED.,.F.,.F.,(3,3),(0.,1.),.PIECEWISE_BEZIER_KNOTS.);
#9654 = CARTESIAN_POINT('',(1.375,-1.6,16.545003000895));
#9655 = CARTESIAN_POINT('',(2.534993489583,-1.6,16.545003000895));
#9656 = CARTESIAN_POINT('',(2.534993489583,-1.6,14.68499323527));
#9657 = PCURVE('',#8665,#9658);
#9658 = DEFINITIONAL_REPRESENTATION('',(#9659),#9663);
#9659 = B_SPLINE_CURVE_WITH_KNOTS('',2,(#9660,#9661,#9662),
  .UNSPECIFIED.,.F.,.F.,(3,3),(0.,1.),.PIECEWISE_BEZIER_KNOTS.);
#9660 = CARTESIAN_POINT('',(-2.856327229812,1.375));
#9661 = CARTESIAN_POINT('',(-2.856327229812,2.534993489583));
#9662 = CARTESIAN_POINT('',(-0.996317464187,2.534993489583));
#9663 = ( GEOMETRIC_REPRESENTATION_CONTEXT(2) 
PARAMETRIC_REPRESENTATION_CONTEXT() REPRESENTATION_CONTEXT('2D SPACE',''
  ) );
#9664 = PCURVE('',#9665,#9672);
#9665 = SURFACE_OF_LINEAR_EXTRUSION('',#9666,#9670);
#9666 = B_SPLINE_CURVE_WITH_KNOTS('',2,(#9667,#9668,#9669),
  .UNSPECIFIED.,.F.,.F.,(3,3),(0.,1.),.PIECEWISE_BEZIER_KNOTS.);
#9667 = CARTESIAN_POINT('',(1.375,-1.6,16.545003000895));
#9668 = CARTESIAN_POINT('',(2.534993489583,-1.6,16.545003000895));
#9669 = CARTESIAN_POINT('',(2.534993489583,-1.6,14.68499323527));
#9670 = VECTOR('',#9671,1.);
#9671 = DIRECTION('',(0.,-1.,0.));
#9672 = DEFINITIONAL_REPRESENTATION('',(#9673),#9677);
#9673 = LINE('',#9674,#9675);
#9674 = CARTESIAN_POINT('',(0.,0.));
#9675 = VECTOR('',#9676,1.);
#9676 = DIRECTION('',(1.,0.));
#9677 = ( GEOMETRIC_REPRESENTATION_CONTEXT(2) 
PARAMETRIC_REPRESENTATION_CONTEXT() REPRESENTATION_CONTEXT('2D SPACE',''
  ) );
#9678 = ORIENTED_EDGE('',*,*,#9679,.T.);
#9679 = EDGE_CURVE('',#9650,#9680,#9682,.T.);
#9680 = VERTEX_POINT('',#9681);
#9681 = CARTESIAN_POINT('',(2.2375,-1.6,13.34749323527));
#9682 = SURFACE_CURVE('',#9683,(#9687,#9694),.PCURVE_S1.);
#9683 = B_SPLINE_CURVE_WITH_KNOTS('',2,(#9684,#9685,#9686),
  .UNSPECIFIED.,.F.,.F.,(3,3),(0.,1.),.PIECEWISE_BEZIER_KNOTS.);
#9684 = CARTESIAN_POINT('',(2.534993489583,-1.6,14.68499323527));
#9685 = CARTESIAN_POINT('',(2.534993489583,-1.6,13.80999323527));
#9686 = CARTESIAN_POINT('',(2.2375,-1.6,13.34749323527));
#9687 = PCURVE('',#8665,#9688);
#9688 = DEFINITIONAL_REPRESENTATION('',(#9689),#9693);
#9689 = B_SPLINE_CURVE_WITH_KNOTS('',2,(#9690,#9691,#9692),
  .UNSPECIFIED.,.F.,.F.,(3,3),(0.,1.),.PIECEWISE_BEZIER_KNOTS.);
#9690 = CARTESIAN_POINT('',(-0.996317464187,2.534993489583));
#9691 = CARTESIAN_POINT('',(-0.121317464187,2.534993489583));
#9692 = CARTESIAN_POINT('',(0.341182535813,2.2375));
#9693 = ( GEOMETRIC_REPRESENTATION_CONTEXT(2) 
PARAMETRIC_REPRESENTATION_CONTEXT() REPRESENTATION_CONTEXT('2D SPACE',''
  ) );
#9694 = PCURVE('',#9695,#9702);
#9695 = SURFACE_OF_LINEAR_EXTRUSION('',#9696,#9700);
#9696 = B_SPLINE_CURVE_WITH_KNOTS('',2,(#9697,#9698,#9699),
  .UNSPECIFIED.,.F.,.F.,(3,3),(0.,1.),.PIECEWISE_BEZIER_KNOTS.);
#9697 = CARTESIAN_POINT('',(2.534993489583,-1.6,14.68499323527));
#9698 = CARTESIAN_POINT('',(2.534993489583,-1.6,13.80999323527));
#9699 = CARTESIAN_POINT('',(2.2375,-1.6,13.34749323527));
#9700 = VECTOR('',#9701,1.);
#9701 = DIRECTION('',(0.,-1.,0.));
#9702 = DEFINITIONAL_REPRESENTATION('',(#9703),#9707);
#9703 = LINE('',#9704,#9705);
#9704 = CARTESIAN_POINT('',(0.,0.));
#9705 = VECTOR('',#9706,1.);
#9706 = DIRECTION('',(1.,0.));
#9707 = ( GEOMETRIC_REPRESENTATION_CONTEXT(2) 
PARAMETRIC_REPRESENTATION_CONTEXT() REPRESENTATION_CONTEXT('2D SPACE',''
  ) );
#9708 = ORIENTED_EDGE('',*,*,#9709,.T.);
#9709 = EDGE_CURVE('',#9680,#9710,#9712,.T.);
#9710 = VERTEX_POINT('',#9711);
#9711 = CARTESIAN_POINT('',(1.375,-1.6,12.88499323527));
#9712 = SURFACE_CURVE('',#9713,(#9717,#9724),.PCURVE_S1.);
#9713 = B_SPLINE_CURVE_WITH_KNOTS('',2,(#9714,#9715,#9716),
  .UNSPECIFIED.,.F.,.F.,(3,3),(0.,1.),.PIECEWISE_BEZIER_KNOTS.);
#9714 = CARTESIAN_POINT('',(2.2375,-1.6,13.34749323527));
#9715 = CARTESIAN_POINT('',(1.940006510417,-1.6,12.88499323527));
#9716 = CARTESIAN_POINT('',(1.375,-1.6,12.88499323527));
#9717 = PCURVE('',#8665,#9718);
#9718 = DEFINITIONAL_REPRESENTATION('',(#9719),#9723);
#9719 = B_SPLINE_CURVE_WITH_KNOTS('',2,(#9720,#9721,#9722),
  .UNSPECIFIED.,.F.,.F.,(3,3),(0.,1.),.PIECEWISE_BEZIER_KNOTS.);
#9720 = CARTESIAN_POINT('',(0.341182535813,2.2375));
#9721 = CARTESIAN_POINT('',(0.803682535813,1.940006510417));
#9722 = CARTESIAN_POINT('',(0.803682535813,1.375));
#9723 = ( GEOMETRIC_REPRESENTATION_CONTEXT(2) 
PARAMETRIC_REPRESENTATION_CONTEXT() REPRESENTATION_CONTEXT('2D SPACE',''
  ) );
#9724 = PCURVE('',#9725,#9732);
#9725 = SURFACE_OF_LINEAR_EXTRUSION('',#9726,#9730);
#9726 = B_SPLINE_CURVE_WITH_KNOTS('',2,(#9727,#9728,#9729),
  .UNSPECIFIED.,.F.,.F.,(3,3),(0.,1.),.PIECEWISE_BEZIER_KNOTS.);
#9727 = CARTESIAN_POINT('',(2.2375,-1.6,13.34749323527));
#9728 = CARTESIAN_POINT('',(1.940006510417,-1.6,12.88499323527));
#9729 = CARTESIAN_POINT('',(1.375,-1.6,12.88499323527));
#9730 = VECTOR('',#9731,1.);
#9731 = DIRECTION('',(0.,-1.,0.));
#9732 = DEFINITIONAL_REPRESENTATION('',(#9733),#9737);
#9733 = LINE('',#9734,#9735);
#9734 = CARTESIAN_POINT('',(0.,0.));
#9735 = VECTOR('',#9736,1.);
#9736 = DIRECTION('',(1.,0.));
#9737 = ( GEOMETRIC_REPRESENTATION_CONTEXT(2) 
PARAMETRIC_REPRESENTATION_CONTEXT() REPRESENTATION_CONTEXT('2D SPACE',''
  ) );
#9738 = ORIENTED_EDGE('',*,*,#9739,.T.);
#9739 = EDGE_CURVE('',#9710,#9468,#9740,.T.);
#9740 = SURFACE_CURVE('',#9741,(#9745,#9752),.PCURVE_S1.);
#9741 = B_SPLINE_CURVE_WITH_KNOTS('',2,(#9742,#9743,#9744),
  .UNSPECIFIED.,.F.,.F.,(3,3),(0.,1.),.PIECEWISE_BEZIER_KNOTS.);
#9742 = CARTESIAN_POINT('',(1.375,-1.6,12.88499323527));
#9743 = CARTESIAN_POINT('',(0.804996744792,-1.6,12.88499323527));
#9744 = CARTESIAN_POINT('',(0.510001627604,-1.6,13.352498118083));
#9745 = PCURVE('',#8665,#9746);
#9746 = DEFINITIONAL_REPRESENTATION('',(#9747),#9751);
#9747 = B_SPLINE_CURVE_WITH_KNOTS('',2,(#9748,#9749,#9750),
  .UNSPECIFIED.,.F.,.F.,(3,3),(0.,1.),.PIECEWISE_BEZIER_KNOTS.);
#9748 = CARTESIAN_POINT('',(0.803682535813,1.375));
#9749 = CARTESIAN_POINT('',(0.803682535813,0.804996744792));
#9750 = CARTESIAN_POINT('',(0.336177653001,0.510001627604));
#9751 = ( GEOMETRIC_REPRESENTATION_CONTEXT(2) 
PARAMETRIC_REPRESENTATION_CONTEXT() REPRESENTATION_CONTEXT('2D SPACE',''
  ) );
#9752 = PCURVE('',#9753,#9760);
#9753 = SURFACE_OF_LINEAR_EXTRUSION('',#9754,#9758);
#9754 = B_SPLINE_CURVE_WITH_KNOTS('',2,(#9755,#9756,#9757),
  .UNSPECIFIED.,.F.,.F.,(3,3),(0.,1.),.PIECEWISE_BEZIER_KNOTS.);
#9755 = CARTESIAN_POINT('',(1.375,-1.6,12.88499323527));
#9756 = CARTESIAN_POINT('',(0.804996744792,-1.6,12.88499323527));
#9757 = CARTESIAN_POINT('',(0.510001627604,-1.6,13.352498118083));
#9758 = VECTOR('',#9759,1.);
#9759 = DIRECTION('',(0.,-1.,0.));
#9760 = DEFINITIONAL_REPRESENTATION('',(#9761),#9765);
#9761 = LINE('',#9762,#9763);
#9762 = CARTESIAN_POINT('',(0.,0.));
#9763 = VECTOR('',#9764,1.);
#9764 = DIRECTION('',(1.,0.));
#9765 = ( GEOMETRIC_REPRESENTATION_CONTEXT(2) 
PARAMETRIC_REPRESENTATION_CONTEXT() REPRESENTATION_CONTEXT('2D SPACE',''
  ) );
#9766 = ADVANCED_FACE('',(#9767),#8693,.F.);
#9767 = FACE_BOUND('',#9768,.F.);
#9768 = EDGE_LOOP('',(#9769,#9770,#9771,#9792));
#9769 = ORIENTED_EDGE('',*,*,#8677,.T.);
#9770 = ORIENTED_EDGE('',*,*,#9145,.T.);
#9771 = ORIENTED_EDGE('',*,*,#9772,.F.);
#9772 = EDGE_CURVE('',#9041,#9146,#9773,.T.);
#9773 = SURFACE_CURVE('',#9774,(#9778,#9785),.PCURVE_S1.);
#9774 = LINE('',#9775,#9776);
#9775 = CARTESIAN_POINT('',(8.95,1.6,10.));
#9776 = VECTOR('',#9777,1.);
#9777 = DIRECTION('',(0.,-1.,0.));
#9778 = PCURVE('',#8693,#9779);
#9779 = DEFINITIONAL_REPRESENTATION('',(#9780),#9784);
#9780 = LINE('',#9781,#9782);
#9781 = CARTESIAN_POINT('',(2.156965461012,0.));
#9782 = VECTOR('',#9783,1.);
#9783 = DIRECTION('',(0.,-1.));
#9784 = ( GEOMETRIC_REPRESENTATION_CONTEXT(2) 
PARAMETRIC_REPRESENTATION_CONTEXT() REPRESENTATION_CONTEXT('2D SPACE',''
  ) );
#9785 = PCURVE('',#9079,#9786);
#9786 = DEFINITIONAL_REPRESENTATION('',(#9787),#9791);
#9787 = LINE('',#9788,#9789);
#9788 = CARTESIAN_POINT('',(0.,0.));
#9789 = VECTOR('',#9790,1.);
#9790 = DIRECTION('',(0.,-1.));
#9791 = ( GEOMETRIC_REPRESENTATION_CONTEXT(2) 
PARAMETRIC_REPRESENTATION_CONTEXT() REPRESENTATION_CONTEXT('2D SPACE',''
  ) );
#9792 = ORIENTED_EDGE('',*,*,#9040,.F.);
#9793 = ADVANCED_FACE('',(#9794),#8751,.T.);
#9794 = FACE_BOUND('',#9795,.T.);
#9795 = EDGE_LOOP('',(#9796,#9797,#9820,#9848,#9876,#9904,#9932,#9960));
#9796 = ORIENTED_EDGE('',*,*,#8733,.T.);
#9797 = ORIENTED_EDGE('',*,*,#9798,.T.);
#9798 = EDGE_CURVE('',#8736,#9799,#9801,.T.);
#9799 = VERTEX_POINT('',#9800);
#9800 = CARTESIAN_POINT('',(-7.25,-0.35,19.9));
#9801 = SURFACE_CURVE('',#9802,(#9806,#9813),.PCURVE_S1.);
#9802 = LINE('',#9803,#9804);
#9803 = CARTESIAN_POINT('',(-7.25,-0.35,2.));
#9804 = VECTOR('',#9805,1.);
#9805 = DIRECTION('',(0.,0.,1.));
#9806 = PCURVE('',#8751,#9807);
#9807 = DEFINITIONAL_REPRESENTATION('',(#9808),#9812);
#9808 = LINE('',#9809,#9810);
#9809 = CARTESIAN_POINT('',(0.,0.));
#9810 = VECTOR('',#9811,1.);
#9811 = DIRECTION('',(1.,0.));
#9812 = ( GEOMETRIC_REPRESENTATION_CONTEXT(2) 
PARAMETRIC_REPRESENTATION_CONTEXT() REPRESENTATION_CONTEXT('2D SPACE',''
  ) );
#9813 = PCURVE('',#8779,#9814);
#9814 = DEFINITIONAL_REPRESENTATION('',(#9815),#9819);
#9815 = LINE('',#9816,#9817);
#9816 = CARTESIAN_POINT('',(0.,0.));
#9817 = VECTOR('',#9818,1.);
#9818 = DIRECTION('',(1.,0.));
#9819 = ( GEOMETRIC_REPRESENTATION_CONTEXT(2) 
PARAMETRIC_REPRESENTATION_CONTEXT() REPRESENTATION_CONTEXT('2D SPACE',''
  ) );
#9820 = ORIENTED_EDGE('',*,*,#9821,.T.);
#9821 = EDGE_CURVE('',#9799,#9822,#9824,.T.);
#9822 = VERTEX_POINT('',#9823);
#9823 = CARTESIAN_POINT('',(-5.65,-0.35,19.9));
#9824 = SURFACE_CURVE('',#9825,(#9829,#9836),.PCURVE_S1.);
#9825 = LINE('',#9826,#9827);
#9826 = CARTESIAN_POINT('',(-7.25,-0.35,19.9));
#9827 = VECTOR('',#9828,1.);
#9828 = DIRECTION('',(1.,0.,0.));
#9829 = PCURVE('',#8751,#9830);
#9830 = DEFINITIONAL_REPRESENTATION('',(#9831),#9835);
#9831 = LINE('',#9832,#9833);
#9832 = CARTESIAN_POINT('',(17.9,0.));
#9833 = VECTOR('',#9834,1.);
#9834 = DIRECTION('',(0.,1.));
#9835 = ( GEOMETRIC_REPRESENTATION_CONTEXT(2) 
PARAMETRIC_REPRESENTATION_CONTEXT() REPRESENTATION_CONTEXT('2D SPACE',''
  ) );
#9836 = PCURVE('',#9837,#9842);
#9837 = PLANE('',#9838);
#9838 = AXIS2_PLACEMENT_3D('',#9839,#9840,#9841);
#9839 = CARTESIAN_POINT('',(-7.25,-0.35,19.9));
#9840 = DIRECTION('',(0.,0.,1.));
#9841 = DIRECTION('',(1.,0.,0.));
#9842 = DEFINITIONAL_REPRESENTATION('',(#9843),#9847);
#9843 = LINE('',#9844,#9845);
#9844 = CARTESIAN_POINT('',(0.,0.));
#9845 = VECTOR('',#9846,1.);
#9846 = DIRECTION('',(1.,0.));
#9847 = ( GEOMETRIC_REPRESENTATION_CONTEXT(2) 
PARAMETRIC_REPRESENTATION_CONTEXT() REPRESENTATION_CONTEXT('2D SPACE',''
  ) );
#9848 = ORIENTED_EDGE('',*,*,#9849,.F.);
#9849 = EDGE_CURVE('',#9850,#9822,#9852,.T.);
#9850 = VERTEX_POINT('',#9851);
#9851 = CARTESIAN_POINT('',(-5.65,-0.35,19.4));
#9852 = SURFACE_CURVE('',#9853,(#9857,#9864),.PCURVE_S1.);
#9853 = LINE('',#9854,#9855);
#9854 = CARTESIAN_POINT('',(-5.65,-0.35,10.7));
#9855 = VECTOR('',#9856,1.);
#9856 = DIRECTION('',(0.,0.,1.));
#9857 = PCURVE('',#8751,#9858);
#9858 = DEFINITIONAL_REPRESENTATION('',(#9859),#9863);
#9859 = LINE('',#9860,#9861);
#9860 = CARTESIAN_POINT('',(8.7,1.6));
#9861 = VECTOR('',#9862,1.);
#9862 = DIRECTION('',(1.,0.));
#9863 = ( GEOMETRIC_REPRESENTATION_CONTEXT(2) 
PARAMETRIC_REPRESENTATION_CONTEXT() REPRESENTATION_CONTEXT('2D SPACE',''
  ) );
#9864 = PCURVE('',#9865,#9870);
#9865 = PLANE('',#9866);
#9866 = AXIS2_PLACEMENT_3D('',#9867,#9868,#9869);
#9867 = CARTESIAN_POINT('',(-5.65,-0.6,19.4));
#9868 = DIRECTION('',(1.,0.,0.));
#9869 = DIRECTION('',(0.,0.,1.));
#9870 = DEFINITIONAL_REPRESENTATION('',(#9871),#9875);
#9871 = LINE('',#9872,#9873);
#9872 = CARTESIAN_POINT('',(-8.7,-0.25));
#9873 = VECTOR('',#9874,1.);
#9874 = DIRECTION('',(1.,0.));
#9875 = ( GEOMETRIC_REPRESENTATION_CONTEXT(2) 
PARAMETRIC_REPRESENTATION_CONTEXT() REPRESENTATION_CONTEXT('2D SPACE',''
  ) );
#9876 = ORIENTED_EDGE('',*,*,#9877,.F.);
#9877 = EDGE_CURVE('',#9878,#9850,#9880,.T.);
#9878 = VERTEX_POINT('',#9879);
#9879 = CARTESIAN_POINT('',(-3.65,-0.35,19.4));
#9880 = SURFACE_CURVE('',#9881,(#9885,#9892),.PCURVE_S1.);
#9881 = LINE('',#9882,#9883);
#9882 = CARTESIAN_POINT('',(-6.45,-0.35,19.4));
#9883 = VECTOR('',#9884,1.);
#9884 = DIRECTION('',(-1.,0.,0.));
#9885 = PCURVE('',#8751,#9886);
#9886 = DEFINITIONAL_REPRESENTATION('',(#9887),#9891);
#9887 = LINE('',#9888,#9889);
#9888 = CARTESIAN_POINT('',(17.4,0.8));
#9889 = VECTOR('',#9890,1.);
#9890 = DIRECTION('',(0.,-1.));
#9891 = ( GEOMETRIC_REPRESENTATION_CONTEXT(2) 
PARAMETRIC_REPRESENTATION_CONTEXT() REPRESENTATION_CONTEXT('2D SPACE',''
  ) );
#9892 = PCURVE('',#9893,#9898);
#9893 = PLANE('',#9894);
#9894 = AXIS2_PLACEMENT_3D('',#9895,#9896,#9897);
#9895 = CARTESIAN_POINT('',(-5.65,-0.6,19.4));
#9896 = DIRECTION('',(0.,0.,1.));
#9897 = DIRECTION('',(1.,0.,0.));
#9898 = DEFINITIONAL_REPRESENTATION('',(#9899),#9903);
#9899 = LINE('',#9900,#9901);
#9900 = CARTESIAN_POINT('',(-0.8,0.25));
#9901 = VECTOR('',#9902,1.);
#9902 = DIRECTION('',(-1.,0.));
#9903 = ( GEOMETRIC_REPRESENTATION_CONTEXT(2) 
PARAMETRIC_REPRESENTATION_CONTEXT() REPRESENTATION_CONTEXT('2D SPACE',''
  ) );
#9904 = ORIENTED_EDGE('',*,*,#9905,.T.);
#9905 = EDGE_CURVE('',#9878,#9906,#9908,.T.);
#9906 = VERTEX_POINT('',#9907);
#9907 = CARTESIAN_POINT('',(-3.65,-0.35,19.9));
#9908 = SURFACE_CURVE('',#9909,(#9913,#9920),.PCURVE_S1.);
#9909 = LINE('',#9910,#9911);
#9910 = CARTESIAN_POINT('',(-3.65,-0.35,10.7));
#9911 = VECTOR('',#9912,1.);
#9912 = DIRECTION('',(0.,0.,1.));
#9913 = PCURVE('',#8751,#9914);
#9914 = DEFINITIONAL_REPRESENTATION('',(#9915),#9919);
#9915 = LINE('',#9916,#9917);
#9916 = CARTESIAN_POINT('',(8.7,3.6));
#9917 = VECTOR('',#9918,1.);
#9918 = DIRECTION('',(1.,0.));
#9919 = ( GEOMETRIC_REPRESENTATION_CONTEXT(2) 
PARAMETRIC_REPRESENTATION_CONTEXT() REPRESENTATION_CONTEXT('2D SPACE',''
  ) );
#9920 = PCURVE('',#9921,#9926);
#9921 = PLANE('',#9922);
#9922 = AXIS2_PLACEMENT_3D('',#9923,#9924,#9925);
#9923 = CARTESIAN_POINT('',(-3.65,-0.6,19.4));
#9924 = DIRECTION('',(1.,0.,0.));
#9925 = DIRECTION('',(0.,0.,1.));
#9926 = DEFINITIONAL_REPRESENTATION('',(#9927),#9931);
#9927 = LINE('',#9928,#9929);
#9928 = CARTESIAN_POINT('',(-8.7,-0.25));
#9929 = VECTOR('',#9930,1.);
#9930 = DIRECTION('',(1.,0.));
#9931 = ( GEOMETRIC_REPRESENTATION_CONTEXT(2) 
PARAMETRIC_REPRESENTATION_CONTEXT() REPRESENTATION_CONTEXT('2D SPACE',''
  ) );
#9932 = ORIENTED_EDGE('',*,*,#9933,.T.);
#9933 = EDGE_CURVE('',#9906,#9934,#9936,.T.);
#9934 = VERTEX_POINT('',#9935);
#9935 = CARTESIAN_POINT('',(-2.05,-0.35,19.9));
#9936 = SURFACE_CURVE('',#9937,(#9941,#9948),.PCURVE_S1.);
#9937 = LINE('',#9938,#9939);
#9938 = CARTESIAN_POINT('',(-7.25,-0.35,19.9));
#9939 = VECTOR('',#9940,1.);
#9940 = DIRECTION('',(1.,0.,0.));
#9941 = PCURVE('',#8751,#9942);
#9942 = DEFINITIONAL_REPRESENTATION('',(#9943),#9947);
#9943 = LINE('',#9944,#9945);
#9944 = CARTESIAN_POINT('',(17.9,0.));
#9945 = VECTOR('',#9946,1.);
#9946 = DIRECTION('',(0.,1.));
#9947 = ( GEOMETRIC_REPRESENTATION_CONTEXT(2) 
PARAMETRIC_REPRESENTATION_CONTEXT() REPRESENTATION_CONTEXT('2D SPACE',''
  ) );
#9948 = PCURVE('',#9949,#9954);
#9949 = PLANE('',#9950);
#9950 = AXIS2_PLACEMENT_3D('',#9951,#9952,#9953);
#9951 = CARTESIAN_POINT('',(-7.25,-0.35,19.9));
#9952 = DIRECTION('',(0.,0.,1.));
#9953 = DIRECTION('',(1.,0.,0.));
#9954 = DEFINITIONAL_REPRESENTATION('',(#9955),#9959);
#9955 = LINE('',#9956,#9957);
#9956 = CARTESIAN_POINT('',(0.,0.));
#9957 = VECTOR('',#9958,1.);
#9958 = DIRECTION('',(1.,0.));
#9959 = ( GEOMETRIC_REPRESENTATION_CONTEXT(2) 
PARAMETRIC_REPRESENTATION_CONTEXT() REPRESENTATION_CONTEXT('2D SPACE',''
  ) );
#9960 = ORIENTED_EDGE('',*,*,#9961,.F.);
#9961 = EDGE_CURVE('',#8734,#9934,#9962,.T.);
#9962 = SURFACE_CURVE('',#9963,(#9967,#9974),.PCURVE_S1.);
#9963 = LINE('',#9964,#9965);
#9964 = CARTESIAN_POINT('',(-2.05,-0.35,2.));
#9965 = VECTOR('',#9966,1.);
#9966 = DIRECTION('',(0.,0.,1.));
#9967 = PCURVE('',#8751,#9968);
#9968 = DEFINITIONAL_REPRESENTATION('',(#9969),#9973);
#9969 = LINE('',#9970,#9971);
#9970 = CARTESIAN_POINT('',(0.,5.2));
#9971 = VECTOR('',#9972,1.);
#9972 = DIRECTION('',(1.,0.));
#9973 = ( GEOMETRIC_REPRESENTATION_CONTEXT(2) 
PARAMETRIC_REPRESENTATION_CONTEXT() REPRESENTATION_CONTEXT('2D SPACE',''
  ) );
#9974 = PCURVE('',#8833,#9975);
#9975 = DEFINITIONAL_REPRESENTATION('',(#9976),#9980);
#9976 = LINE('',#9977,#9978);
#9977 = CARTESIAN_POINT('',(0.,0.));
#9978 = VECTOR('',#9979,1.);
#9979 = DIRECTION('',(1.,0.));
#9980 = ( GEOMETRIC_REPRESENTATION_CONTEXT(2) 
PARAMETRIC_REPRESENTATION_CONTEXT() REPRESENTATION_CONTEXT('2D SPACE',''
  ) );
#9981 = ADVANCED_FACE('',(#9982),#8833,.F.);
#9982 = FACE_BOUND('',#9983,.F.);
#9983 = EDGE_LOOP('',(#9984,#9985,#9986,#10009));
#9984 = ORIENTED_EDGE('',*,*,#9961,.F.);
#9985 = ORIENTED_EDGE('',*,*,#8819,.T.);
#9986 = ORIENTED_EDGE('',*,*,#9987,.T.);
#9987 = EDGE_CURVE('',#8792,#9988,#9990,.T.);
#9988 = VERTEX_POINT('',#9989);
#9989 = CARTESIAN_POINT('',(-2.05,0.35,19.9));
#9990 = SURFACE_CURVE('',#9991,(#9995,#10002),.PCURVE_S1.);
#9991 = LINE('',#9992,#9993);
#9992 = CARTESIAN_POINT('',(-2.05,0.35,2.));
#9993 = VECTOR('',#9994,1.);
#9994 = DIRECTION('',(0.,0.,1.));
#9995 = PCURVE('',#8833,#9996);
#9996 = DEFINITIONAL_REPRESENTATION('',(#9997),#10001);
#9997 = LINE('',#9998,#9999);
#9998 = CARTESIAN_POINT('',(0.,-0.7));
#9999 = VECTOR('',#10000,1.);
#10000 = DIRECTION('',(1.,0.));
#10001 = ( GEOMETRIC_REPRESENTATION_CONTEXT(2) 
PARAMETRIC_REPRESENTATION_CONTEXT() REPRESENTATION_CONTEXT('2D SPACE',''
  ) );
#10002 = PCURVE('',#8807,#10003);
#10003 = DEFINITIONAL_REPRESENTATION('',(#10004),#10008);
#10004 = LINE('',#10005,#10006);
#10005 = CARTESIAN_POINT('',(0.,5.2));
#10006 = VECTOR('',#10007,1.);
#10007 = DIRECTION('',(1.,0.));
#10008 = ( GEOMETRIC_REPRESENTATION_CONTEXT(2) 
PARAMETRIC_REPRESENTATION_CONTEXT() REPRESENTATION_CONTEXT('2D SPACE',''
  ) );
#10009 = ORIENTED_EDGE('',*,*,#10010,.F.);
#10010 = EDGE_CURVE('',#9934,#9988,#10011,.T.);
#10011 = SURFACE_CURVE('',#10012,(#10016,#10023),.PCURVE_S1.);
#10012 = LINE('',#10013,#10014);
#10013 = CARTESIAN_POINT('',(-2.05,-0.35,19.9));
#10014 = VECTOR('',#10015,1.);
#10015 = DIRECTION('',(0.,1.,0.));
#10016 = PCURVE('',#8833,#10017);
#10017 = DEFINITIONAL_REPRESENTATION('',(#10018),#10022);
#10018 = LINE('',#10019,#10020);
#10019 = CARTESIAN_POINT('',(17.9,0.));
#10020 = VECTOR('',#10021,1.);
#10021 = DIRECTION('',(0.,-1.));
#10022 = ( GEOMETRIC_REPRESENTATION_CONTEXT(2) 
PARAMETRIC_REPRESENTATION_CONTEXT() REPRESENTATION_CONTEXT('2D SPACE',''
  ) );
#10023 = PCURVE('',#9949,#10024);
#10024 = DEFINITIONAL_REPRESENTATION('',(#10025),#10029);
#10025 = LINE('',#10026,#10027);
#10026 = CARTESIAN_POINT('',(5.2,0.));
#10027 = VECTOR('',#10028,1.);
#10028 = DIRECTION('',(0.,1.));
#10029 = ( GEOMETRIC_REPRESENTATION_CONTEXT(2) 
PARAMETRIC_REPRESENTATION_CONTEXT() REPRESENTATION_CONTEXT('2D SPACE',''
  ) );
#10030 = ADVANCED_FACE('',(#10031),#8807,.F.);
#10031 = FACE_BOUND('',#10032,.F.);
#10032 = EDGE_LOOP('',(#10033,#10034,#10057,#10080,#10103,#10131,#10154,
    #10175));
#10033 = ORIENTED_EDGE('',*,*,#8791,.T.);
#10034 = ORIENTED_EDGE('',*,*,#10035,.T.);
#10035 = EDGE_CURVE('',#8764,#10036,#10038,.T.);
#10036 = VERTEX_POINT('',#10037);
#10037 = CARTESIAN_POINT('',(-7.25,0.35,19.9));
#10038 = SURFACE_CURVE('',#10039,(#10043,#10050),.PCURVE_S1.);
#10039 = LINE('',#10040,#10041);
#10040 = CARTESIAN_POINT('',(-7.25,0.35,2.));
#10041 = VECTOR('',#10042,1.);
#10042 = DIRECTION('',(0.,0.,1.));
#10043 = PCURVE('',#8807,#10044);
#10044 = DEFINITIONAL_REPRESENTATION('',(#10045),#10049);
#10045 = LINE('',#10046,#10047);
#10046 = CARTESIAN_POINT('',(0.,0.));
#10047 = VECTOR('',#10048,1.);
#10048 = DIRECTION('',(1.,0.));
#10049 = ( GEOMETRIC_REPRESENTATION_CONTEXT(2) 
PARAMETRIC_REPRESENTATION_CONTEXT() REPRESENTATION_CONTEXT('2D SPACE',''
  ) );
#10050 = PCURVE('',#8779,#10051);
#10051 = DEFINITIONAL_REPRESENTATION('',(#10052),#10056);
#10052 = LINE('',#10053,#10054);
#10053 = CARTESIAN_POINT('',(0.,-0.7));
#10054 = VECTOR('',#10055,1.);
#10055 = DIRECTION('',(1.,0.));
#10056 = ( GEOMETRIC_REPRESENTATION_CONTEXT(2) 
PARAMETRIC_REPRESENTATION_CONTEXT() REPRESENTATION_CONTEXT('2D SPACE',''
  ) );
#10057 = ORIENTED_EDGE('',*,*,#10058,.T.);
#10058 = EDGE_CURVE('',#10036,#10059,#10061,.T.);
#10059 = VERTEX_POINT('',#10060);
#10060 = CARTESIAN_POINT('',(-5.65,0.35,19.9));
#10061 = SURFACE_CURVE('',#10062,(#10066,#10073),.PCURVE_S1.);
#10062 = LINE('',#10063,#10064);
#10063 = CARTESIAN_POINT('',(-7.25,0.35,19.9));
#10064 = VECTOR('',#10065,1.);
#10065 = DIRECTION('',(1.,0.,0.));
#10066 = PCURVE('',#8807,#10067);
#10067 = DEFINITIONAL_REPRESENTATION('',(#10068),#10072);
#10068 = LINE('',#10069,#10070);
#10069 = CARTESIAN_POINT('',(17.9,0.));
#10070 = VECTOR('',#10071,1.);
#10071 = DIRECTION('',(0.,1.));
#10072 = ( GEOMETRIC_REPRESENTATION_CONTEXT(2) 
PARAMETRIC_REPRESENTATION_CONTEXT() REPRESENTATION_CONTEXT('2D SPACE',''
  ) );
#10073 = PCURVE('',#9837,#10074);
#10074 = DEFINITIONAL_REPRESENTATION('',(#10075),#10079);
#10075 = LINE('',#10076,#10077);
#10076 = CARTESIAN_POINT('',(0.,0.7));
#10077 = VECTOR('',#10078,1.);
#10078 = DIRECTION('',(1.,0.));
#10079 = ( GEOMETRIC_REPRESENTATION_CONTEXT(2) 
PARAMETRIC_REPRESENTATION_CONTEXT() REPRESENTATION_CONTEXT('2D SPACE',''
  ) );
#10080 = ORIENTED_EDGE('',*,*,#10081,.F.);
#10081 = EDGE_CURVE('',#10082,#10059,#10084,.T.);
#10082 = VERTEX_POINT('',#10083);
#10083 = CARTESIAN_POINT('',(-5.65,0.35,19.4));
#10084 = SURFACE_CURVE('',#10085,(#10089,#10096),.PCURVE_S1.);
#10085 = LINE('',#10086,#10087);
#10086 = CARTESIAN_POINT('',(-5.65,0.35,10.7));
#10087 = VECTOR('',#10088,1.);
#10088 = DIRECTION('',(0.,0.,1.));
#10089 = PCURVE('',#8807,#10090);
#10090 = DEFINITIONAL_REPRESENTATION('',(#10091),#10095);
#10091 = LINE('',#10092,#10093);
#10092 = CARTESIAN_POINT('',(8.7,1.6));
#10093 = VECTOR('',#10094,1.);
#10094 = DIRECTION('',(1.,0.));
#10095 = ( GEOMETRIC_REPRESENTATION_CONTEXT(2) 
PARAMETRIC_REPRESENTATION_CONTEXT() REPRESENTATION_CONTEXT('2D SPACE',''
  ) );
#10096 = PCURVE('',#9865,#10097);
#10097 = DEFINITIONAL_REPRESENTATION('',(#10098),#10102);
#10098 = LINE('',#10099,#10100);
#10099 = CARTESIAN_POINT('',(-8.7,-0.95));
#10100 = VECTOR('',#10101,1.);
#10101 = DIRECTION('',(1.,0.));
#10102 = ( GEOMETRIC_REPRESENTATION_CONTEXT(2) 
PARAMETRIC_REPRESENTATION_CONTEXT() REPRESENTATION_CONTEXT('2D SPACE',''
  ) );
#10103 = ORIENTED_EDGE('',*,*,#10104,.F.);
#10104 = EDGE_CURVE('',#10105,#10082,#10107,.T.);
#10105 = VERTEX_POINT('',#10106);
#10106 = CARTESIAN_POINT('',(-3.65,0.35,19.4));
#10107 = SURFACE_CURVE('',#10108,(#10112,#10119),.PCURVE_S1.);
#10108 = LINE('',#10109,#10110);
#10109 = CARTESIAN_POINT('',(-6.45,0.35,19.4));
#10110 = VECTOR('',#10111,1.);
#10111 = DIRECTION('',(-1.,0.,0.));
#10112 = PCURVE('',#8807,#10113);
#10113 = DEFINITIONAL_REPRESENTATION('',(#10114),#10118);
#10114 = LINE('',#10115,#10116);
#10115 = CARTESIAN_POINT('',(17.4,0.8));
#10116 = VECTOR('',#10117,1.);
#10117 = DIRECTION('',(0.,-1.));
#10118 = ( GEOMETRIC_REPRESENTATION_CONTEXT(2) 
PARAMETRIC_REPRESENTATION_CONTEXT() REPRESENTATION_CONTEXT('2D SPACE',''
  ) );
#10119 = PCURVE('',#10120,#10125);
#10120 = PLANE('',#10121);
#10121 = AXIS2_PLACEMENT_3D('',#10122,#10123,#10124);
#10122 = CARTESIAN_POINT('',(-5.65,-0.6,19.4));
#10123 = DIRECTION('',(0.,0.,1.));
#10124 = DIRECTION('',(1.,0.,0.));
#10125 = DEFINITIONAL_REPRESENTATION('',(#10126),#10130);
#10126 = LINE('',#10127,#10128);
#10127 = CARTESIAN_POINT('',(-0.8,0.95));
#10128 = VECTOR('',#10129,1.);
#10129 = DIRECTION('',(-1.,0.));
#10130 = ( GEOMETRIC_REPRESENTATION_CONTEXT(2) 
PARAMETRIC_REPRESENTATION_CONTEXT() REPRESENTATION_CONTEXT('2D SPACE',''
  ) );
#10131 = ORIENTED_EDGE('',*,*,#10132,.T.);
#10132 = EDGE_CURVE('',#10105,#10133,#10135,.T.);
#10133 = VERTEX_POINT('',#10134);
#10134 = CARTESIAN_POINT('',(-3.65,0.35,19.9));
#10135 = SURFACE_CURVE('',#10136,(#10140,#10147),.PCURVE_S1.);
#10136 = LINE('',#10137,#10138);
#10137 = CARTESIAN_POINT('',(-3.65,0.35,10.7));
#10138 = VECTOR('',#10139,1.);
#10139 = DIRECTION('',(0.,0.,1.));
#10140 = PCURVE('',#8807,#10141);
#10141 = DEFINITIONAL_REPRESENTATION('',(#10142),#10146);
#10142 = LINE('',#10143,#10144);
#10143 = CARTESIAN_POINT('',(8.7,3.6));
#10144 = VECTOR('',#10145,1.);
#10145 = DIRECTION('',(1.,0.));
#10146 = ( GEOMETRIC_REPRESENTATION_CONTEXT(2) 
PARAMETRIC_REPRESENTATION_CONTEXT() REPRESENTATION_CONTEXT('2D SPACE',''
  ) );
#10147 = PCURVE('',#9921,#10148);
#10148 = DEFINITIONAL_REPRESENTATION('',(#10149),#10153);
#10149 = LINE('',#10150,#10151);
#10150 = CARTESIAN_POINT('',(-8.7,-0.95));
#10151 = VECTOR('',#10152,1.);
#10152 = DIRECTION('',(1.,0.));
#10153 = ( GEOMETRIC_REPRESENTATION_CONTEXT(2) 
PARAMETRIC_REPRESENTATION_CONTEXT() REPRESENTATION_CONTEXT('2D SPACE',''
  ) );
#10154 = ORIENTED_EDGE('',*,*,#10155,.T.);
#10155 = EDGE_CURVE('',#10133,#9988,#10156,.T.);
#10156 = SURFACE_CURVE('',#10157,(#10161,#10168),.PCURVE_S1.);
#10157 = LINE('',#10158,#10159);
#10158 = CARTESIAN_POINT('',(-7.25,0.35,19.9));
#10159 = VECTOR('',#10160,1.);
#10160 = DIRECTION('',(1.,0.,0.));
#10161 = PCURVE('',#8807,#10162);
#10162 = DEFINITIONAL_REPRESENTATION('',(#10163),#10167);
#10163 = LINE('',#10164,#10165);
#10164 = CARTESIAN_POINT('',(17.9,0.));
#10165 = VECTOR('',#10166,1.);
#10166 = DIRECTION('',(0.,1.));
#10167 = ( GEOMETRIC_REPRESENTATION_CONTEXT(2) 
PARAMETRIC_REPRESENTATION_CONTEXT() REPRESENTATION_CONTEXT('2D SPACE',''
  ) );
#10168 = PCURVE('',#9949,#10169);
#10169 = DEFINITIONAL_REPRESENTATION('',(#10170),#10174);
#10170 = LINE('',#10171,#10172);
#10171 = CARTESIAN_POINT('',(0.,0.7));
#10172 = VECTOR('',#10173,1.);
#10173 = DIRECTION('',(1.,0.));
#10174 = ( GEOMETRIC_REPRESENTATION_CONTEXT(2) 
PARAMETRIC_REPRESENTATION_CONTEXT() REPRESENTATION_CONTEXT('2D SPACE',''
  ) );
#10175 = ORIENTED_EDGE('',*,*,#9987,.F.);
#10176 = ADVANCED_FACE('',(#10177),#8779,.T.);
#10177 = FACE_BOUND('',#10178,.T.);
#10178 = EDGE_LOOP('',(#10179,#10180,#10181,#10182));
#10179 = ORIENTED_EDGE('',*,*,#9798,.F.);
#10180 = ORIENTED_EDGE('',*,*,#8763,.T.);
#10181 = ORIENTED_EDGE('',*,*,#10035,.T.);
#10182 = ORIENTED_EDGE('',*,*,#10183,.F.);
#10183 = EDGE_CURVE('',#9799,#10036,#10184,.T.);
#10184 = SURFACE_CURVE('',#10185,(#10189,#10196),.PCURVE_S1.);
#10185 = LINE('',#10186,#10187);
#10186 = CARTESIAN_POINT('',(-7.25,-0.35,19.9));
#10187 = VECTOR('',#10188,1.);
#10188 = DIRECTION('',(0.,1.,0.));
#10189 = PCURVE('',#8779,#10190);
#10190 = DEFINITIONAL_REPRESENTATION('',(#10191),#10195);
#10191 = LINE('',#10192,#10193);
#10192 = CARTESIAN_POINT('',(17.9,0.));
#10193 = VECTOR('',#10194,1.);
#10194 = DIRECTION('',(0.,-1.));
#10195 = ( GEOMETRIC_REPRESENTATION_CONTEXT(2) 
PARAMETRIC_REPRESENTATION_CONTEXT() REPRESENTATION_CONTEXT('2D SPACE',''
  ) );
#10196 = PCURVE('',#9837,#10197);
#10197 = DEFINITIONAL_REPRESENTATION('',(#10198),#10202);
#10198 = LINE('',#10199,#10200);
#10199 = CARTESIAN_POINT('',(0.,0.));
#10200 = VECTOR('',#10201,1.);
#10201 = DIRECTION('',(0.,1.));
#10202 = ( GEOMETRIC_REPRESENTATION_CONTEXT(2) 
PARAMETRIC_REPRESENTATION_CONTEXT() REPRESENTATION_CONTEXT('2D SPACE',''
  ) );
#10203 = ADVANCED_FACE('',(#10204),#8865,.T.);
#10204 = FACE_BOUND('',#10205,.T.);
#10205 = EDGE_LOOP('',(#10206,#10207,#10230,#10258,#10286,#10314,#10342,
    #10370));
#10206 = ORIENTED_EDGE('',*,*,#8847,.T.);
#10207 = ORIENTED_EDGE('',*,*,#10208,.T.);
#10208 = EDGE_CURVE('',#8850,#10209,#10211,.T.);
#10209 = VERTEX_POINT('',#10210);
#10210 = CARTESIAN_POINT('',(2.05,-0.35,19.9));
#10211 = SURFACE_CURVE('',#10212,(#10216,#10223),.PCURVE_S1.);
#10212 = LINE('',#10213,#10214);
#10213 = CARTESIAN_POINT('',(2.05,-0.35,2.));
#10214 = VECTOR('',#10215,1.);
#10215 = DIRECTION('',(0.,0.,1.));
#10216 = PCURVE('',#8865,#10217);
#10217 = DEFINITIONAL_REPRESENTATION('',(#10218),#10222);
#10218 = LINE('',#10219,#10220);
#10219 = CARTESIAN_POINT('',(0.,0.));
#10220 = VECTOR('',#10221,1.);
#10221 = DIRECTION('',(1.,0.));
#10222 = ( GEOMETRIC_REPRESENTATION_CONTEXT(2) 
PARAMETRIC_REPRESENTATION_CONTEXT() REPRESENTATION_CONTEXT('2D SPACE',''
  ) );
#10223 = PCURVE('',#8893,#10224);
#10224 = DEFINITIONAL_REPRESENTATION('',(#10225),#10229);
#10225 = LINE('',#10226,#10227);
#10226 = CARTESIAN_POINT('',(0.,0.));
#10227 = VECTOR('',#10228,1.);
#10228 = DIRECTION('',(1.,0.));
#10229 = ( GEOMETRIC_REPRESENTATION_CONTEXT(2) 
PARAMETRIC_REPRESENTATION_CONTEXT() REPRESENTATION_CONTEXT('2D SPACE',''
  ) );
#10230 = ORIENTED_EDGE('',*,*,#10231,.T.);
#10231 = EDGE_CURVE('',#10209,#10232,#10234,.T.);
#10232 = VERTEX_POINT('',#10233);
#10233 = CARTESIAN_POINT('',(3.65,-0.35,19.9));
#10234 = SURFACE_CURVE('',#10235,(#10239,#10246),.PCURVE_S1.);
#10235 = LINE('',#10236,#10237);
#10236 = CARTESIAN_POINT('',(2.05,-0.35,19.9));
#10237 = VECTOR('',#10238,1.);
#10238 = DIRECTION('',(1.,0.,0.));
#10239 = PCURVE('',#8865,#10240);
#10240 = DEFINITIONAL_REPRESENTATION('',(#10241),#10245);
#10241 = LINE('',#10242,#10243);
#10242 = CARTESIAN_POINT('',(17.9,0.));
#10243 = VECTOR('',#10244,1.);
#10244 = DIRECTION('',(0.,1.));
#10245 = ( GEOMETRIC_REPRESENTATION_CONTEXT(2) 
PARAMETRIC_REPRESENTATION_CONTEXT() REPRESENTATION_CONTEXT('2D SPACE',''
  ) );
#10246 = PCURVE('',#10247,#10252);
#10247 = PLANE('',#10248);
#10248 = AXIS2_PLACEMENT_3D('',#10249,#10250,#10251);
#10249 = CARTESIAN_POINT('',(2.05,-0.35,19.9));
#10250 = DIRECTION('',(0.,0.,1.));
#10251 = DIRECTION('',(1.,0.,0.));
#10252 = DEFINITIONAL_REPRESENTATION('',(#10253),#10257);
#10253 = LINE('',#10254,#10255);
#10254 = CARTESIAN_POINT('',(0.,0.));
#10255 = VECTOR('',#10256,1.);
#10256 = DIRECTION('',(1.,0.));
#10257 = ( GEOMETRIC_REPRESENTATION_CONTEXT(2) 
PARAMETRIC_REPRESENTATION_CONTEXT() REPRESENTATION_CONTEXT('2D SPACE',''
  ) );
#10258 = ORIENTED_EDGE('',*,*,#10259,.F.);
#10259 = EDGE_CURVE('',#10260,#10232,#10262,.T.);
#10260 = VERTEX_POINT('',#10261);
#10261 = CARTESIAN_POINT('',(3.65,-0.35,19.4));
#10262 = SURFACE_CURVE('',#10263,(#10267,#10274),.PCURVE_S1.);
#10263 = LINE('',#10264,#10265);
#10264 = CARTESIAN_POINT('',(3.65,-0.35,10.7));
#10265 = VECTOR('',#10266,1.);
#10266 = DIRECTION('',(0.,0.,1.));
#10267 = PCURVE('',#8865,#10268);
#10268 = DEFINITIONAL_REPRESENTATION('',(#10269),#10273);
#10269 = LINE('',#10270,#10271);
#10270 = CARTESIAN_POINT('',(8.7,1.6));
#10271 = VECTOR('',#10272,1.);
#10272 = DIRECTION('',(1.,0.));
#10273 = ( GEOMETRIC_REPRESENTATION_CONTEXT(2) 
PARAMETRIC_REPRESENTATION_CONTEXT() REPRESENTATION_CONTEXT('2D SPACE',''
  ) );
#10274 = PCURVE('',#10275,#10280);
#10275 = PLANE('',#10276);
#10276 = AXIS2_PLACEMENT_3D('',#10277,#10278,#10279);
#10277 = CARTESIAN_POINT('',(3.65,-0.6,19.4));
#10278 = DIRECTION('',(1.,0.,0.));
#10279 = DIRECTION('',(0.,0.,1.));
#10280 = DEFINITIONAL_REPRESENTATION('',(#10281),#10285);
#10281 = LINE('',#10282,#10283);
#10282 = CARTESIAN_POINT('',(-8.7,-0.25));
#10283 = VECTOR('',#10284,1.);
#10284 = DIRECTION('',(1.,0.));
#10285 = ( GEOMETRIC_REPRESENTATION_CONTEXT(2) 
PARAMETRIC_REPRESENTATION_CONTEXT() REPRESENTATION_CONTEXT('2D SPACE',''
  ) );
#10286 = ORIENTED_EDGE('',*,*,#10287,.F.);
#10287 = EDGE_CURVE('',#10288,#10260,#10290,.T.);
#10288 = VERTEX_POINT('',#10289);
#10289 = CARTESIAN_POINT('',(5.65,-0.35,19.4));
#10290 = SURFACE_CURVE('',#10291,(#10295,#10302),.PCURVE_S1.);
#10291 = LINE('',#10292,#10293);
#10292 = CARTESIAN_POINT('',(2.85,-0.35,19.4));
#10293 = VECTOR('',#10294,1.);
#10294 = DIRECTION('',(-1.,0.,0.));
#10295 = PCURVE('',#8865,#10296);
#10296 = DEFINITIONAL_REPRESENTATION('',(#10297),#10301);
#10297 = LINE('',#10298,#10299);
#10298 = CARTESIAN_POINT('',(17.4,0.8));
#10299 = VECTOR('',#10300,1.);
#10300 = DIRECTION('',(0.,-1.));
#10301 = ( GEOMETRIC_REPRESENTATION_CONTEXT(2) 
PARAMETRIC_REPRESENTATION_CONTEXT() REPRESENTATION_CONTEXT('2D SPACE',''
  ) );
#10302 = PCURVE('',#10303,#10308);
#10303 = PLANE('',#10304);
#10304 = AXIS2_PLACEMENT_3D('',#10305,#10306,#10307);
#10305 = CARTESIAN_POINT('',(3.65,-0.6,19.4));
#10306 = DIRECTION('',(0.,0.,1.));
#10307 = DIRECTION('',(1.,0.,0.));
#10308 = DEFINITIONAL_REPRESENTATION('',(#10309),#10313);
#10309 = LINE('',#10310,#10311);
#10310 = CARTESIAN_POINT('',(-0.8,0.25));
#10311 = VECTOR('',#10312,1.);
#10312 = DIRECTION('',(-1.,0.));
#10313 = ( GEOMETRIC_REPRESENTATION_CONTEXT(2) 
PARAMETRIC_REPRESENTATION_CONTEXT() REPRESENTATION_CONTEXT('2D SPACE',''
  ) );
#10314 = ORIENTED_EDGE('',*,*,#10315,.T.);
#10315 = EDGE_CURVE('',#10288,#10316,#10318,.T.);
#10316 = VERTEX_POINT('',#10317);
#10317 = CARTESIAN_POINT('',(5.65,-0.35,19.9));
#10318 = SURFACE_CURVE('',#10319,(#10323,#10330),.PCURVE_S1.);
#10319 = LINE('',#10320,#10321);
#10320 = CARTESIAN_POINT('',(5.65,-0.35,10.7));
#10321 = VECTOR('',#10322,1.);
#10322 = DIRECTION('',(0.,0.,1.));
#10323 = PCURVE('',#8865,#10324);
#10324 = DEFINITIONAL_REPRESENTATION('',(#10325),#10329);
#10325 = LINE('',#10326,#10327);
#10326 = CARTESIAN_POINT('',(8.7,3.6));
#10327 = VECTOR('',#10328,1.);
#10328 = DIRECTION('',(1.,0.));
#10329 = ( GEOMETRIC_REPRESENTATION_CONTEXT(2) 
PARAMETRIC_REPRESENTATION_CONTEXT() REPRESENTATION_CONTEXT('2D SPACE',''
  ) );
#10330 = PCURVE('',#10331,#10336);
#10331 = PLANE('',#10332);
#10332 = AXIS2_PLACEMENT_3D('',#10333,#10334,#10335);
#10333 = CARTESIAN_POINT('',(5.65,-0.6,19.4));
#10334 = DIRECTION('',(1.,0.,0.));
#10335 = DIRECTION('',(0.,0.,1.));
#10336 = DEFINITIONAL_REPRESENTATION('',(#10337),#10341);
#10337 = LINE('',#10338,#10339);
#10338 = CARTESIAN_POINT('',(-8.7,-0.25));
#10339 = VECTOR('',#10340,1.);
#10340 = DIRECTION('',(1.,0.));
#10341 = ( GEOMETRIC_REPRESENTATION_CONTEXT(2) 
PARAMETRIC_REPRESENTATION_CONTEXT() REPRESENTATION_CONTEXT('2D SPACE',''
  ) );
#10342 = ORIENTED_EDGE('',*,*,#10343,.T.);
#10343 = EDGE_CURVE('',#10316,#10344,#10346,.T.);
#10344 = VERTEX_POINT('',#10345);
#10345 = CARTESIAN_POINT('',(7.25,-0.35,19.9));
#10346 = SURFACE_CURVE('',#10347,(#10351,#10358),.PCURVE_S1.);
#10347 = LINE('',#10348,#10349);
#10348 = CARTESIAN_POINT('',(2.05,-0.35,19.9));
#10349 = VECTOR('',#10350,1.);
#10350 = DIRECTION('',(1.,0.,0.));
#10351 = PCURVE('',#8865,#10352);
#10352 = DEFINITIONAL_REPRESENTATION('',(#10353),#10357);
#10353 = LINE('',#10354,#10355);
#10354 = CARTESIAN_POINT('',(17.9,0.));
#10355 = VECTOR('',#10356,1.);
#10356 = DIRECTION('',(0.,1.));
#10357 = ( GEOMETRIC_REPRESENTATION_CONTEXT(2) 
PARAMETRIC_REPRESENTATION_CONTEXT() REPRESENTATION_CONTEXT('2D SPACE',''
  ) );
#10358 = PCURVE('',#10359,#10364);
#10359 = PLANE('',#10360);
#10360 = AXIS2_PLACEMENT_3D('',#10361,#10362,#10363);
#10361 = CARTESIAN_POINT('',(2.05,-0.35,19.9));
#10362 = DIRECTION('',(0.,0.,1.));
#10363 = DIRECTION('',(1.,0.,0.));
#10364 = DEFINITIONAL_REPRESENTATION('',(#10365),#10369);
#10365 = LINE('',#10366,#10367);
#10366 = CARTESIAN_POINT('',(0.,0.));
#10367 = VECTOR('',#10368,1.);
#10368 = DIRECTION('',(1.,0.));
#10369 = ( GEOMETRIC_REPRESENTATION_CONTEXT(2) 
PARAMETRIC_REPRESENTATION_CONTEXT() REPRESENTATION_CONTEXT('2D SPACE',''
  ) );
#10370 = ORIENTED_EDGE('',*,*,#10371,.F.);
#10371 = EDGE_CURVE('',#8848,#10344,#10372,.T.);
#10372 = SURFACE_CURVE('',#10373,(#10377,#10384),.PCURVE_S1.);
#10373 = LINE('',#10374,#10375);
#10374 = CARTESIAN_POINT('',(7.25,-0.35,2.));
#10375 = VECTOR('',#10376,1.);
#10376 = DIRECTION('',(0.,0.,1.));
#10377 = PCURVE('',#8865,#10378);
#10378 = DEFINITIONAL_REPRESENTATION('',(#10379),#10383);
#10379 = LINE('',#10380,#10381);
#10380 = CARTESIAN_POINT('',(0.,5.2));
#10381 = VECTOR('',#10382,1.);
#10382 = DIRECTION('',(1.,0.));
#10383 = ( GEOMETRIC_REPRESENTATION_CONTEXT(2) 
PARAMETRIC_REPRESENTATION_CONTEXT() REPRESENTATION_CONTEXT('2D SPACE',''
  ) );
#10384 = PCURVE('',#8947,#10385);
#10385 = DEFINITIONAL_REPRESENTATION('',(#10386),#10390);
#10386 = LINE('',#10387,#10388);
#10387 = CARTESIAN_POINT('',(0.,0.));
#10388 = VECTOR('',#10389,1.);
#10389 = DIRECTION('',(1.,0.));
#10390 = ( GEOMETRIC_REPRESENTATION_CONTEXT(2) 
PARAMETRIC_REPRESENTATION_CONTEXT() REPRESENTATION_CONTEXT('2D SPACE',''
  ) );
#10391 = ADVANCED_FACE('',(#10392),#8947,.F.);
#10392 = FACE_BOUND('',#10393,.F.);
#10393 = EDGE_LOOP('',(#10394,#10395,#10396,#10419));
#10394 = ORIENTED_EDGE('',*,*,#10371,.F.);
#10395 = ORIENTED_EDGE('',*,*,#8933,.T.);
#10396 = ORIENTED_EDGE('',*,*,#10397,.T.);
#10397 = EDGE_CURVE('',#8906,#10398,#10400,.T.);
#10398 = VERTEX_POINT('',#10399);
#10399 = CARTESIAN_POINT('',(7.25,0.35,19.9));
#10400 = SURFACE_CURVE('',#10401,(#10405,#10412),.PCURVE_S1.);
#10401 = LINE('',#10402,#10403);
#10402 = CARTESIAN_POINT('',(7.25,0.35,2.));
#10403 = VECTOR('',#10404,1.);
#10404 = DIRECTION('',(0.,0.,1.));
#10405 = PCURVE('',#8947,#10406);
#10406 = DEFINITIONAL_REPRESENTATION('',(#10407),#10411);
#10407 = LINE('',#10408,#10409);
#10408 = CARTESIAN_POINT('',(0.,-0.7));
#10409 = VECTOR('',#10410,1.);
#10410 = DIRECTION('',(1.,0.));
#10411 = ( GEOMETRIC_REPRESENTATION_CONTEXT(2) 
PARAMETRIC_REPRESENTATION_CONTEXT() REPRESENTATION_CONTEXT('2D SPACE',''
  ) );
#10412 = PCURVE('',#8921,#10413);
#10413 = DEFINITIONAL_REPRESENTATION('',(#10414),#10418);
#10414 = LINE('',#10415,#10416);
#10415 = CARTESIAN_POINT('',(0.,5.2));
#10416 = VECTOR('',#10417,1.);
#10417 = DIRECTION('',(1.,0.));
#10418 = ( GEOMETRIC_REPRESENTATION_CONTEXT(2) 
PARAMETRIC_REPRESENTATION_CONTEXT() REPRESENTATION_CONTEXT('2D SPACE',''
  ) );
#10419 = ORIENTED_EDGE('',*,*,#10420,.F.);
#10420 = EDGE_CURVE('',#10344,#10398,#10421,.T.);
#10421 = SURFACE_CURVE('',#10422,(#10426,#10433),.PCURVE_S1.);
#10422 = LINE('',#10423,#10424);
#10423 = CARTESIAN_POINT('',(7.25,-0.35,19.9));
#10424 = VECTOR('',#10425,1.);
#10425 = DIRECTION('',(0.,1.,0.));
#10426 = PCURVE('',#8947,#10427);
#10427 = DEFINITIONAL_REPRESENTATION('',(#10428),#10432);
#10428 = LINE('',#10429,#10430);
#10429 = CARTESIAN_POINT('',(17.9,0.));
#10430 = VECTOR('',#10431,1.);
#10431 = DIRECTION('',(0.,-1.));
#10432 = ( GEOMETRIC_REPRESENTATION_CONTEXT(2) 
PARAMETRIC_REPRESENTATION_CONTEXT() REPRESENTATION_CONTEXT('2D SPACE',''
  ) );
#10433 = PCURVE('',#10359,#10434);
#10434 = DEFINITIONAL_REPRESENTATION('',(#10435),#10439);
#10435 = LINE('',#10436,#10437);
#10436 = CARTESIAN_POINT('',(5.2,0.));
#10437 = VECTOR('',#10438,1.);
#10438 = DIRECTION('',(0.,1.));
#10439 = ( GEOMETRIC_REPRESENTATION_CONTEXT(2) 
PARAMETRIC_REPRESENTATION_CONTEXT() REPRESENTATION_CONTEXT('2D SPACE',''
  ) );
#10440 = ADVANCED_FACE('',(#10441),#8921,.F.);
#10441 = FACE_BOUND('',#10442,.F.);
#10442 = EDGE_LOOP('',(#10443,#10444,#10467,#10490,#10513,#10541,#10564,
    #10585));
#10443 = ORIENTED_EDGE('',*,*,#8905,.T.);
#10444 = ORIENTED_EDGE('',*,*,#10445,.T.);
#10445 = EDGE_CURVE('',#8878,#10446,#10448,.T.);
#10446 = VERTEX_POINT('',#10447);
#10447 = CARTESIAN_POINT('',(2.05,0.35,19.9));
#10448 = SURFACE_CURVE('',#10449,(#10453,#10460),.PCURVE_S1.);
#10449 = LINE('',#10450,#10451);
#10450 = CARTESIAN_POINT('',(2.05,0.35,2.));
#10451 = VECTOR('',#10452,1.);
#10452 = DIRECTION('',(0.,0.,1.));
#10453 = PCURVE('',#8921,#10454);
#10454 = DEFINITIONAL_REPRESENTATION('',(#10455),#10459);
#10455 = LINE('',#10456,#10457);
#10456 = CARTESIAN_POINT('',(0.,0.));
#10457 = VECTOR('',#10458,1.);
#10458 = DIRECTION('',(1.,0.));
#10459 = ( GEOMETRIC_REPRESENTATION_CONTEXT(2) 
PARAMETRIC_REPRESENTATION_CONTEXT() REPRESENTATION_CONTEXT('2D SPACE',''
  ) );
#10460 = PCURVE('',#8893,#10461);
#10461 = DEFINITIONAL_REPRESENTATION('',(#10462),#10466);
#10462 = LINE('',#10463,#10464);
#10463 = CARTESIAN_POINT('',(0.,-0.7));
#10464 = VECTOR('',#10465,1.);
#10465 = DIRECTION('',(1.,0.));
#10466 = ( GEOMETRIC_REPRESENTATION_CONTEXT(2) 
PARAMETRIC_REPRESENTATION_CONTEXT() REPRESENTATION_CONTEXT('2D SPACE',''
  ) );
#10467 = ORIENTED_EDGE('',*,*,#10468,.T.);
#10468 = EDGE_CURVE('',#10446,#10469,#10471,.T.);
#10469 = VERTEX_POINT('',#10470);
#10470 = CARTESIAN_POINT('',(3.65,0.35,19.9));
#10471 = SURFACE_CURVE('',#10472,(#10476,#10483),.PCURVE_S1.);
#10472 = LINE('',#10473,#10474);
#10473 = CARTESIAN_POINT('',(2.05,0.35,19.9));
#10474 = VECTOR('',#10475,1.);
#10475 = DIRECTION('',(1.,0.,0.));
#10476 = PCURVE('',#8921,#10477);
#10477 = DEFINITIONAL_REPRESENTATION('',(#10478),#10482);
#10478 = LINE('',#10479,#10480);
#10479 = CARTESIAN_POINT('',(17.9,0.));
#10480 = VECTOR('',#10481,1.);
#10481 = DIRECTION('',(0.,1.));
#10482 = ( GEOMETRIC_REPRESENTATION_CONTEXT(2) 
PARAMETRIC_REPRESENTATION_CONTEXT() REPRESENTATION_CONTEXT('2D SPACE',''
  ) );
#10483 = PCURVE('',#10247,#10484);
#10484 = DEFINITIONAL_REPRESENTATION('',(#10485),#10489);
#10485 = LINE('',#10486,#10487);
#10486 = CARTESIAN_POINT('',(0.,0.7));
#10487 = VECTOR('',#10488,1.);
#10488 = DIRECTION('',(1.,0.));
#10489 = ( GEOMETRIC_REPRESENTATION_CONTEXT(2) 
PARAMETRIC_REPRESENTATION_CONTEXT() REPRESENTATION_CONTEXT('2D SPACE',''
  ) );
#10490 = ORIENTED_EDGE('',*,*,#10491,.F.);
#10491 = EDGE_CURVE('',#10492,#10469,#10494,.T.);
#10492 = VERTEX_POINT('',#10493);
#10493 = CARTESIAN_POINT('',(3.65,0.35,19.4));
#10494 = SURFACE_CURVE('',#10495,(#10499,#10506),.PCURVE_S1.);
#10495 = LINE('',#10496,#10497);
#10496 = CARTESIAN_POINT('',(3.65,0.35,10.7));
#10497 = VECTOR('',#10498,1.);
#10498 = DIRECTION('',(0.,0.,1.));
#10499 = PCURVE('',#8921,#10500);
#10500 = DEFINITIONAL_REPRESENTATION('',(#10501),#10505);
#10501 = LINE('',#10502,#10503);
#10502 = CARTESIAN_POINT('',(8.7,1.6));
#10503 = VECTOR('',#10504,1.);
#10504 = DIRECTION('',(1.,0.));
#10505 = ( GEOMETRIC_REPRESENTATION_CONTEXT(2) 
PARAMETRIC_REPRESENTATION_CONTEXT() REPRESENTATION_CONTEXT('2D SPACE',''
  ) );
#10506 = PCURVE('',#10275,#10507);
#10507 = DEFINITIONAL_REPRESENTATION('',(#10508),#10512);
#10508 = LINE('',#10509,#10510);
#10509 = CARTESIAN_POINT('',(-8.7,-0.95));
#10510 = VECTOR('',#10511,1.);
#10511 = DIRECTION('',(1.,0.));
#10512 = ( GEOMETRIC_REPRESENTATION_CONTEXT(2) 
PARAMETRIC_REPRESENTATION_CONTEXT() REPRESENTATION_CONTEXT('2D SPACE',''
  ) );
#10513 = ORIENTED_EDGE('',*,*,#10514,.F.);
#10514 = EDGE_CURVE('',#10515,#10492,#10517,.T.);
#10515 = VERTEX_POINT('',#10516);
#10516 = CARTESIAN_POINT('',(5.65,0.35,19.4));
#10517 = SURFACE_CURVE('',#10518,(#10522,#10529),.PCURVE_S1.);
#10518 = LINE('',#10519,#10520);
#10519 = CARTESIAN_POINT('',(2.85,0.35,19.4));
#10520 = VECTOR('',#10521,1.);
#10521 = DIRECTION('',(-1.,0.,0.));
#10522 = PCURVE('',#8921,#10523);
#10523 = DEFINITIONAL_REPRESENTATION('',(#10524),#10528);
#10524 = LINE('',#10525,#10526);
#10525 = CARTESIAN_POINT('',(17.4,0.8));
#10526 = VECTOR('',#10527,1.);
#10527 = DIRECTION('',(0.,-1.));
#10528 = ( GEOMETRIC_REPRESENTATION_CONTEXT(2) 
PARAMETRIC_REPRESENTATION_CONTEXT() REPRESENTATION_CONTEXT('2D SPACE',''
  ) );
#10529 = PCURVE('',#10530,#10535);
#10530 = PLANE('',#10531);
#10531 = AXIS2_PLACEMENT_3D('',#10532,#10533,#10534);
#10532 = CARTESIAN_POINT('',(3.65,-0.6,19.4));
#10533 = DIRECTION('',(0.,0.,1.));
#10534 = DIRECTION('',(1.,0.,0.));
#10535 = DEFINITIONAL_REPRESENTATION('',(#10536),#10540);
#10536 = LINE('',#10537,#10538);
#10537 = CARTESIAN_POINT('',(-0.8,0.95));
#10538 = VECTOR('',#10539,1.);
#10539 = DIRECTION('',(-1.,0.));
#10540 = ( GEOMETRIC_REPRESENTATION_CONTEXT(2) 
PARAMETRIC_REPRESENTATION_CONTEXT() REPRESENTATION_CONTEXT('2D SPACE',''
  ) );
#10541 = ORIENTED_EDGE('',*,*,#10542,.T.);
#10542 = EDGE_CURVE('',#10515,#10543,#10545,.T.);
#10543 = VERTEX_POINT('',#10544);
#10544 = CARTESIAN_POINT('',(5.65,0.35,19.9));
#10545 = SURFACE_CURVE('',#10546,(#10550,#10557),.PCURVE_S1.);
#10546 = LINE('',#10547,#10548);
#10547 = CARTESIAN_POINT('',(5.65,0.35,10.7));
#10548 = VECTOR('',#10549,1.);
#10549 = DIRECTION('',(0.,0.,1.));
#10550 = PCURVE('',#8921,#10551);
#10551 = DEFINITIONAL_REPRESENTATION('',(#10552),#10556);
#10552 = LINE('',#10553,#10554);
#10553 = CARTESIAN_POINT('',(8.7,3.6));
#10554 = VECTOR('',#10555,1.);
#10555 = DIRECTION('',(1.,0.));
#10556 = ( GEOMETRIC_REPRESENTATION_CONTEXT(2) 
PARAMETRIC_REPRESENTATION_CONTEXT() REPRESENTATION_CONTEXT('2D SPACE',''
  ) );
#10557 = PCURVE('',#10331,#10558);
#10558 = DEFINITIONAL_REPRESENTATION('',(#10559),#10563);
#10559 = LINE('',#10560,#10561);
#10560 = CARTESIAN_POINT('',(-8.7,-0.95));
#10561 = VECTOR('',#10562,1.);
#10562 = DIRECTION('',(1.,0.));
#10563 = ( GEOMETRIC_REPRESENTATION_CONTEXT(2) 
PARAMETRIC_REPRESENTATION_CONTEXT() REPRESENTATION_CONTEXT('2D SPACE',''
  ) );
#10564 = ORIENTED_EDGE('',*,*,#10565,.T.);
#10565 = EDGE_CURVE('',#10543,#10398,#10566,.T.);
#10566 = SURFACE_CURVE('',#10567,(#10571,#10578),.PCURVE_S1.);
#10567 = LINE('',#10568,#10569);
#10568 = CARTESIAN_POINT('',(2.05,0.35,19.9));
#10569 = VECTOR('',#10570,1.);
#10570 = DIRECTION('',(1.,0.,0.));
#10571 = PCURVE('',#8921,#10572);
#10572 = DEFINITIONAL_REPRESENTATION('',(#10573),#10577);
#10573 = LINE('',#10574,#10575);
#10574 = CARTESIAN_POINT('',(17.9,0.));
#10575 = VECTOR('',#10576,1.);
#10576 = DIRECTION('',(0.,1.));
#10577 = ( GEOMETRIC_REPRESENTATION_CONTEXT(2) 
PARAMETRIC_REPRESENTATION_CONTEXT() REPRESENTATION_CONTEXT('2D SPACE',''
  ) );
#10578 = PCURVE('',#10359,#10579);
#10579 = DEFINITIONAL_REPRESENTATION('',(#10580),#10584);
#10580 = LINE('',#10581,#10582);
#10581 = CARTESIAN_POINT('',(0.,0.7));
#10582 = VECTOR('',#10583,1.);
#10583 = DIRECTION('',(1.,0.));
#10584 = ( GEOMETRIC_REPRESENTATION_CONTEXT(2) 
PARAMETRIC_REPRESENTATION_CONTEXT() REPRESENTATION_CONTEXT('2D SPACE',''
  ) );
#10585 = ORIENTED_EDGE('',*,*,#10397,.F.);
#10586 = ADVANCED_FACE('',(#10587),#8893,.T.);
#10587 = FACE_BOUND('',#10588,.T.);
#10588 = EDGE_LOOP('',(#10589,#10590,#10591,#10592));
#10589 = ORIENTED_EDGE('',*,*,#10208,.F.);
#10590 = ORIENTED_EDGE('',*,*,#8877,.T.);
#10591 = ORIENTED_EDGE('',*,*,#10445,.T.);
#10592 = ORIENTED_EDGE('',*,*,#10593,.F.);
#10593 = EDGE_CURVE('',#10209,#10446,#10594,.T.);
#10594 = SURFACE_CURVE('',#10595,(#10599,#10606),.PCURVE_S1.);
#10595 = LINE('',#10596,#10597);
#10596 = CARTESIAN_POINT('',(2.05,-0.35,19.9));
#10597 = VECTOR('',#10598,1.);
#10598 = DIRECTION('',(0.,1.,0.));
#10599 = PCURVE('',#8893,#10600);
#10600 = DEFINITIONAL_REPRESENTATION('',(#10601),#10605);
#10601 = LINE('',#10602,#10603);
#10602 = CARTESIAN_POINT('',(17.9,0.));
#10603 = VECTOR('',#10604,1.);
#10604 = DIRECTION('',(0.,-1.));
#10605 = ( GEOMETRIC_REPRESENTATION_CONTEXT(2) 
PARAMETRIC_REPRESENTATION_CONTEXT() REPRESENTATION_CONTEXT('2D SPACE',''
  ) );
#10606 = PCURVE('',#10247,#10607);
#10607 = DEFINITIONAL_REPRESENTATION('',(#10608),#10612);
#10608 = LINE('',#10609,#10610);
#10609 = CARTESIAN_POINT('',(0.,0.));
#10610 = VECTOR('',#10611,1.);
#10611 = DIRECTION('',(0.,1.));
#10612 = ( GEOMETRIC_REPRESENTATION_CONTEXT(2) 
PARAMETRIC_REPRESENTATION_CONTEXT() REPRESENTATION_CONTEXT('2D SPACE',''
  ) );
#10613 = ADVANCED_FACE('',(#10614),#8980,.F.);
#10614 = FACE_BOUND('',#10615,.F.);
#10615 = EDGE_LOOP('',(#10616,#10617,#10638,#10639));
#10616 = ORIENTED_EDGE('',*,*,#9119,.F.);
#10617 = ORIENTED_EDGE('',*,*,#10618,.T.);
#10618 = EDGE_CURVE('',#9092,#9192,#10619,.T.);
#10619 = SURFACE_CURVE('',#10620,(#10624,#10631),.PCURVE_S1.);
#10620 = LINE('',#10621,#10622);
#10621 = CARTESIAN_POINT('',(-8.95,-0.475,18.5));
#10622 = VECTOR('',#10623,1.);
#10623 = DIRECTION('',(0.,-1.,0.));
#10624 = PCURVE('',#8980,#10625);
#10625 = DEFINITIONAL_REPRESENTATION('',(#10626),#10630);
#10626 = LINE('',#10627,#10628);
#10627 = CARTESIAN_POINT('',(1.E-02,-2.075));
#10628 = VECTOR('',#10629,1.);
#10629 = DIRECTION('',(0.,-1.));
#10630 = ( GEOMETRIC_REPRESENTATION_CONTEXT(2) 
PARAMETRIC_REPRESENTATION_CONTEXT() REPRESENTATION_CONTEXT('2D SPACE',''
  ) );
#10631 = PCURVE('',#9107,#10632);
#10632 = DEFINITIONAL_REPRESENTATION('',(#10633),#10637);
#10633 = LINE('',#10634,#10635);
#10634 = CARTESIAN_POINT('',(0.6,2.075));
#10635 = VECTOR('',#10636,1.);
#10636 = DIRECTION('',(0.,-1.));
#10637 = ( GEOMETRIC_REPRESENTATION_CONTEXT(2) 
PARAMETRIC_REPRESENTATION_CONTEXT() REPRESENTATION_CONTEXT('2D SPACE',''
  ) );
#10638 = ORIENTED_EDGE('',*,*,#9214,.T.);
#10639 = ORIENTED_EDGE('',*,*,#8962,.F.);
#10640 = ADVANCED_FACE('',(#10641,#10879),#9107,.F.);
#10641 = FACE_BOUND('',#10642,.F.);
#10642 = EDGE_LOOP('',(#10643,#10673,#10702,#10730,#10763,#10791,#10820,
    #10848));
#10643 = ORIENTED_EDGE('',*,*,#10644,.F.);
#10644 = EDGE_CURVE('',#10645,#10647,#10649,.T.);
#10645 = VERTEX_POINT('',#10646);
#10646 = CARTESIAN_POINT('',(-9.55,-1.35,18.5));
#10647 = VERTEX_POINT('',#10648);
#10648 = CARTESIAN_POINT('',(-9.55,1.35,18.5));
#10649 = SURFACE_CURVE('',#10650,(#10654,#10661),.PCURVE_S1.);
#10650 = LINE('',#10651,#10652);
#10651 = CARTESIAN_POINT('',(-9.55,-2.55,18.5));
#10652 = VECTOR('',#10653,1.);
#10653 = DIRECTION('',(0.,1.,0.));
#10654 = PCURVE('',#9107,#10655);
#10655 = DEFINITIONAL_REPRESENTATION('',(#10656),#10660);
#10656 = LINE('',#10657,#10658);
#10657 = CARTESIAN_POINT('',(0.,0.));
#10658 = VECTOR('',#10659,1.);
#10659 = DIRECTION('',(0.,1.));
#10660 = ( GEOMETRIC_REPRESENTATION_CONTEXT(2) 
PARAMETRIC_REPRESENTATION_CONTEXT() REPRESENTATION_CONTEXT('2D SPACE',''
  ) );
#10661 = PCURVE('',#10662,#10667);
#10662 = PLANE('',#10663);
#10663 = AXIS2_PLACEMENT_3D('',#10664,#10665,#10666);
#10664 = CARTESIAN_POINT('',(-9.55,-2.55,18.5));
#10665 = DIRECTION('',(1.,0.,0.));
#10666 = DIRECTION('',(0.,0.,1.));
#10667 = DEFINITIONAL_REPRESENTATION('',(#10668),#10672);
#10668 = LINE('',#10669,#10670);
#10669 = CARTESIAN_POINT('',(0.,0.));
#10670 = VECTOR('',#10671,1.);
#10671 = DIRECTION('',(0.,-1.));
#10672 = ( GEOMETRIC_REPRESENTATION_CONTEXT(2) 
PARAMETRIC_REPRESENTATION_CONTEXT() REPRESENTATION_CONTEXT('2D SPACE',''
  ) );
#10673 = ORIENTED_EDGE('',*,*,#10674,.T.);
#10674 = EDGE_CURVE('',#10645,#10675,#10677,.T.);
#10675 = VERTEX_POINT('',#10676);
#10676 = CARTESIAN_POINT('',(-8.35,-2.55,18.5));
#10677 = SURFACE_CURVE('',#10678,(#10683,#10690),.PCURVE_S1.);
#10678 = CIRCLE('',#10679,1.2);
#10679 = AXIS2_PLACEMENT_3D('',#10680,#10681,#10682);
#10680 = CARTESIAN_POINT('',(-8.35,-1.35,18.5));
#10681 = DIRECTION('',(0.,0.,1.));
#10682 = DIRECTION('',(0.,-1.,0.));
#10683 = PCURVE('',#9107,#10684);
#10684 = DEFINITIONAL_REPRESENTATION('',(#10685),#10689);
#10685 = CIRCLE('',#10686,1.2);
#10686 = AXIS2_PLACEMENT_2D('',#10687,#10688);
#10687 = CARTESIAN_POINT('',(1.2,1.2));
#10688 = DIRECTION('',(0.,-1.));
#10689 = ( GEOMETRIC_REPRESENTATION_CONTEXT(2) 
PARAMETRIC_REPRESENTATION_CONTEXT() REPRESENTATION_CONTEXT('2D SPACE',''
  ) );
#10690 = PCURVE('',#10691,#10696);
#10691 = CYLINDRICAL_SURFACE('',#10692,1.2);
#10692 = AXIS2_PLACEMENT_3D('',#10693,#10694,#10695);
#10693 = CARTESIAN_POINT('',(-8.35,-1.35,18.5));
#10694 = DIRECTION('',(0.,0.,1.));
#10695 = DIRECTION('',(-1.,-0.,0.));
#10696 = DEFINITIONAL_REPRESENTATION('',(#10697),#10701);
#10697 = LINE('',#10698,#10699);
#10698 = CARTESIAN_POINT('',(-4.712388980385,0.));
#10699 = VECTOR('',#10700,1.);
#10700 = DIRECTION('',(1.,0.));
#10701 = ( GEOMETRIC_REPRESENTATION_CONTEXT(2) 
PARAMETRIC_REPRESENTATION_CONTEXT() REPRESENTATION_CONTEXT('2D SPACE',''
  ) );
#10702 = ORIENTED_EDGE('',*,*,#10703,.T.);
#10703 = EDGE_CURVE('',#10675,#10704,#10706,.T.);
#10704 = VERTEX_POINT('',#10705);
#10705 = CARTESIAN_POINT('',(8.35,-2.55,18.5));
#10706 = SURFACE_CURVE('',#10707,(#10711,#10718),.PCURVE_S1.);
#10707 = LINE('',#10708,#10709);
#10708 = CARTESIAN_POINT('',(-9.55,-2.55,18.5));
#10709 = VECTOR('',#10710,1.);
#10710 = DIRECTION('',(1.,0.,0.));
#10711 = PCURVE('',#9107,#10712);
#10712 = DEFINITIONAL_REPRESENTATION('',(#10713),#10717);
#10713 = LINE('',#10714,#10715);
#10714 = CARTESIAN_POINT('',(0.,0.));
#10715 = VECTOR('',#10716,1.);
#10716 = DIRECTION('',(1.,0.));
#10717 = ( GEOMETRIC_REPRESENTATION_CONTEXT(2) 
PARAMETRIC_REPRESENTATION_CONTEXT() REPRESENTATION_CONTEXT('2D SPACE',''
  ) );
#10718 = PCURVE('',#10719,#10724);
#10719 = PLANE('',#10720);
#10720 = AXIS2_PLACEMENT_3D('',#10721,#10722,#10723);
#10721 = CARTESIAN_POINT('',(-9.55,-2.55,18.5));
#10722 = DIRECTION('',(0.,1.,0.));
#10723 = DIRECTION('',(0.,0.,1.));
#10724 = DEFINITIONAL_REPRESENTATION('',(#10725),#10729);
#10725 = LINE('',#10726,#10727);
#10726 = CARTESIAN_POINT('',(0.,0.));
#10727 = VECTOR('',#10728,1.);
#10728 = DIRECTION('',(0.,1.));
#10729 = ( GEOMETRIC_REPRESENTATION_CONTEXT(2) 
PARAMETRIC_REPRESENTATION_CONTEXT() REPRESENTATION_CONTEXT('2D SPACE',''
  ) );
#10730 = ORIENTED_EDGE('',*,*,#10731,.F.);
#10731 = EDGE_CURVE('',#10732,#10704,#10734,.T.);
#10732 = VERTEX_POINT('',#10733);
#10733 = CARTESIAN_POINT('',(9.55,-1.35,18.5));
#10734 = SURFACE_CURVE('',#10735,(#10740,#10751),.PCURVE_S1.);
#10735 = CIRCLE('',#10736,1.2);
#10736 = AXIS2_PLACEMENT_3D('',#10737,#10738,#10739);
#10737 = CARTESIAN_POINT('',(8.35,-1.35,18.5));
#10738 = DIRECTION('',(-0.,-0.,-1.));
#10739 = DIRECTION('',(0.,-1.,0.));
#10740 = PCURVE('',#9107,#10741);
#10741 = DEFINITIONAL_REPRESENTATION('',(#10742),#10750);
#10742 = ( BOUNDED_CURVE() B_SPLINE_CURVE(2,(#10743,#10744,#10745,#10746
    ,#10747,#10748,#10749),.UNSPECIFIED.,.T.,.F.) 
B_SPLINE_CURVE_WITH_KNOTS((1,2,2,2,2,1),(-2.094395102393,0.,
    2.094395102393,4.188790204786,6.28318530718,8.377580409573),
.UNSPECIFIED.) CURVE() GEOMETRIC_REPRESENTATION_ITEM() 
RATIONAL_B_SPLINE_CURVE((1.,0.5,1.,0.5,1.,0.5,1.)) REPRESENTATION_ITEM(
  '') );
#10743 = CARTESIAN_POINT('',(17.9,0.));
#10744 = CARTESIAN_POINT('',(15.821539030917,0.));
#10745 = CARTESIAN_POINT('',(16.860769515459,1.8));
#10746 = CARTESIAN_POINT('',(17.9,3.6));
#10747 = CARTESIAN_POINT('',(18.939230484541,1.8));
#10748 = CARTESIAN_POINT('',(19.978460969083,1.7763568394E-15));
#10749 = CARTESIAN_POINT('',(17.9,0.));
#10750 = ( GEOMETRIC_REPRESENTATION_CONTEXT(2) 
PARAMETRIC_REPRESENTATION_CONTEXT() REPRESENTATION_CONTEXT('2D SPACE',''
  ) );
#10751 = PCURVE('',#10752,#10757);
#10752 = CYLINDRICAL_SURFACE('',#10753,1.2);
#10753 = AXIS2_PLACEMENT_3D('',#10754,#10755,#10756);
#10754 = CARTESIAN_POINT('',(8.35,-1.35,18.5));
#10755 = DIRECTION('',(0.,0.,1.));
#10756 = DIRECTION('',(1.,0.,-0.));
#10757 = DEFINITIONAL_REPRESENTATION('',(#10758),#10762);
#10758 = LINE('',#10759,#10760);
#10759 = CARTESIAN_POINT('',(4.712388980385,-0.));
#10760 = VECTOR('',#10761,1.);
#10761 = DIRECTION('',(-1.,0.));
#10762 = ( GEOMETRIC_REPRESENTATION_CONTEXT(2) 
PARAMETRIC_REPRESENTATION_CONTEXT() REPRESENTATION_CONTEXT('2D SPACE',''
  ) );
#10763 = ORIENTED_EDGE('',*,*,#10764,.T.);
#10764 = EDGE_CURVE('',#10732,#10765,#10767,.T.);
#10765 = VERTEX_POINT('',#10766);
#10766 = CARTESIAN_POINT('',(9.55,1.35,18.5));
#10767 = SURFACE_CURVE('',#10768,(#10772,#10779),.PCURVE_S1.);
#10768 = LINE('',#10769,#10770);
#10769 = CARTESIAN_POINT('',(9.55,-2.55,18.5));
#10770 = VECTOR('',#10771,1.);
#10771 = DIRECTION('',(0.,1.,0.));
#10772 = PCURVE('',#9107,#10773);
#10773 = DEFINITIONAL_REPRESENTATION('',(#10774),#10778);
#10774 = LINE('',#10775,#10776);
#10775 = CARTESIAN_POINT('',(19.1,0.));
#10776 = VECTOR('',#10777,1.);
#10777 = DIRECTION('',(0.,1.));
#10778 = ( GEOMETRIC_REPRESENTATION_CONTEXT(2) 
PARAMETRIC_REPRESENTATION_CONTEXT() REPRESENTATION_CONTEXT('2D SPACE',''
  ) );
#10779 = PCURVE('',#10780,#10785);
#10780 = PLANE('',#10781);
#10781 = AXIS2_PLACEMENT_3D('',#10782,#10783,#10784);
#10782 = CARTESIAN_POINT('',(9.55,-2.55,18.5));
#10783 = DIRECTION('',(1.,0.,0.));
#10784 = DIRECTION('',(0.,0.,1.));
#10785 = DEFINITIONAL_REPRESENTATION('',(#10786),#10790);
#10786 = LINE('',#10787,#10788);
#10787 = CARTESIAN_POINT('',(0.,0.));
#10788 = VECTOR('',#10789,1.);
#10789 = DIRECTION('',(0.,-1.));
#10790 = ( GEOMETRIC_REPRESENTATION_CONTEXT(2) 
PARAMETRIC_REPRESENTATION_CONTEXT() REPRESENTATION_CONTEXT('2D SPACE',''
  ) );
#10791 = ORIENTED_EDGE('',*,*,#10792,.T.);
#10792 = EDGE_CURVE('',#10765,#10793,#10795,.T.);
#10793 = VERTEX_POINT('',#10794);
#10794 = CARTESIAN_POINT('',(8.35,2.55,18.5));
#10795 = SURFACE_CURVE('',#10796,(#10801,#10808),.PCURVE_S1.);
#10796 = CIRCLE('',#10797,1.2);
#10797 = AXIS2_PLACEMENT_3D('',#10798,#10799,#10800);
#10798 = CARTESIAN_POINT('',(8.35,1.35,18.5));
#10799 = DIRECTION('',(0.,0.,1.));
#10800 = DIRECTION('',(0.,-1.,0.));
#10801 = PCURVE('',#9107,#10802);
#10802 = DEFINITIONAL_REPRESENTATION('',(#10803),#10807);
#10803 = CIRCLE('',#10804,1.2);
#10804 = AXIS2_PLACEMENT_2D('',#10805,#10806);
#10805 = CARTESIAN_POINT('',(17.9,3.9));
#10806 = DIRECTION('',(0.,-1.));
#10807 = ( GEOMETRIC_REPRESENTATION_CONTEXT(2) 
PARAMETRIC_REPRESENTATION_CONTEXT() REPRESENTATION_CONTEXT('2D SPACE',''
  ) );
#10808 = PCURVE('',#10809,#10814);
#10809 = CYLINDRICAL_SURFACE('',#10810,1.2);
#10810 = AXIS2_PLACEMENT_3D('',#10811,#10812,#10813);
#10811 = CARTESIAN_POINT('',(8.35,1.35,18.5));
#10812 = DIRECTION('',(0.,0.,1.));
#10813 = DIRECTION('',(1.,0.,-0.));
#10814 = DEFINITIONAL_REPRESENTATION('',(#10815),#10819);
#10815 = LINE('',#10816,#10817);
#10816 = CARTESIAN_POINT('',(-1.570796326795,0.));
#10817 = VECTOR('',#10818,1.);
#10818 = DIRECTION('',(1.,0.));
#10819 = ( GEOMETRIC_REPRESENTATION_CONTEXT(2) 
PARAMETRIC_REPRESENTATION_CONTEXT() REPRESENTATION_CONTEXT('2D SPACE',''
  ) );
#10820 = ORIENTED_EDGE('',*,*,#10821,.F.);
#10821 = EDGE_CURVE('',#10822,#10793,#10824,.T.);
#10822 = VERTEX_POINT('',#10823);
#10823 = CARTESIAN_POINT('',(-8.35,2.55,18.5));
#10824 = SURFACE_CURVE('',#10825,(#10829,#10836),.PCURVE_S1.);
#10825 = LINE('',#10826,#10827);
#10826 = CARTESIAN_POINT('',(-9.55,2.55,18.5));
#10827 = VECTOR('',#10828,1.);
#10828 = DIRECTION('',(1.,0.,0.));
#10829 = PCURVE('',#9107,#10830);
#10830 = DEFINITIONAL_REPRESENTATION('',(#10831),#10835);
#10831 = LINE('',#10832,#10833);
#10832 = CARTESIAN_POINT('',(0.,5.1));
#10833 = VECTOR('',#10834,1.);
#10834 = DIRECTION('',(1.,0.));
#10835 = ( GEOMETRIC_REPRESENTATION_CONTEXT(2) 
PARAMETRIC_REPRESENTATION_CONTEXT() REPRESENTATION_CONTEXT('2D SPACE',''
  ) );
#10836 = PCURVE('',#10837,#10842);
#10837 = PLANE('',#10838);
#10838 = AXIS2_PLACEMENT_3D('',#10839,#10840,#10841);
#10839 = CARTESIAN_POINT('',(-9.55,2.55,18.5));
#10840 = DIRECTION('',(0.,1.,0.));
#10841 = DIRECTION('',(0.,0.,1.));
#10842 = DEFINITIONAL_REPRESENTATION('',(#10843),#10847);
#10843 = LINE('',#10844,#10845);
#10844 = CARTESIAN_POINT('',(0.,0.));
#10845 = VECTOR('',#10846,1.);
#10846 = DIRECTION('',(0.,1.));
#10847 = ( GEOMETRIC_REPRESENTATION_CONTEXT(2) 
PARAMETRIC_REPRESENTATION_CONTEXT() REPRESENTATION_CONTEXT('2D SPACE',''
  ) );
#10848 = ORIENTED_EDGE('',*,*,#10849,.F.);
#10849 = EDGE_CURVE('',#10647,#10822,#10850,.T.);
#10850 = SURFACE_CURVE('',#10851,(#10856,#10867),.PCURVE_S1.);
#10851 = CIRCLE('',#10852,1.2);
#10852 = AXIS2_PLACEMENT_3D('',#10853,#10854,#10855);
#10853 = CARTESIAN_POINT('',(-8.35,1.35,18.5));
#10854 = DIRECTION('',(-0.,-0.,-1.));
#10855 = DIRECTION('',(0.,-1.,0.));
#10856 = PCURVE('',#9107,#10857);
#10857 = DEFINITIONAL_REPRESENTATION('',(#10858),#10866);
#10858 = ( BOUNDED_CURVE() B_SPLINE_CURVE(2,(#10859,#10860,#10861,#10862
    ,#10863,#10864,#10865),.UNSPECIFIED.,.T.,.F.) 
B_SPLINE_CURVE_WITH_KNOTS((1,2,2,2,2,1),(-2.094395102393,0.,
    2.094395102393,4.188790204786,6.28318530718,8.377580409573),
.UNSPECIFIED.) CURVE() GEOMETRIC_REPRESENTATION_ITEM() 
RATIONAL_B_SPLINE_CURVE((1.,0.5,1.,0.5,1.,0.5,1.)) REPRESENTATION_ITEM(
  '') );
#10859 = CARTESIAN_POINT('',(1.2,2.7));
#10860 = CARTESIAN_POINT('',(-0.878460969083,2.7));
#10861 = CARTESIAN_POINT('',(0.160769515459,4.5));
#10862 = CARTESIAN_POINT('',(1.2,6.3));
#10863 = CARTESIAN_POINT('',(2.239230484541,4.5));
#10864 = CARTESIAN_POINT('',(3.278460969083,2.7));
#10865 = CARTESIAN_POINT('',(1.2,2.7));
#10866 = ( GEOMETRIC_REPRESENTATION_CONTEXT(2) 
PARAMETRIC_REPRESENTATION_CONTEXT() REPRESENTATION_CONTEXT('2D SPACE',''
  ) );
#10867 = PCURVE('',#10868,#10873);
#10868 = CYLINDRICAL_SURFACE('',#10869,1.2);
#10869 = AXIS2_PLACEMENT_3D('',#10870,#10871,#10872);
#10870 = CARTESIAN_POINT('',(-8.35,1.35,18.5));
#10871 = DIRECTION('',(0.,0.,1.));
#10872 = DIRECTION('',(-1.,-0.,0.));
#10873 = DEFINITIONAL_REPRESENTATION('',(#10874),#10878);
#10874 = LINE('',#10875,#10876);
#10875 = CARTESIAN_POINT('',(1.570796326795,-0.));
#10876 = VECTOR('',#10877,1.);
#10877 = DIRECTION('',(-1.,0.));
#10878 = ( GEOMETRIC_REPRESENTATION_CONTEXT(2) 
PARAMETRIC_REPRESENTATION_CONTEXT() REPRESENTATION_CONTEXT('2D SPACE',''
  ) );
#10879 = FACE_BOUND('',#10880,.F.);
#10880 = EDGE_LOOP('',(#10881,#10902,#10903,#10904));
#10881 = ORIENTED_EDGE('',*,*,#10882,.F.);
#10882 = EDGE_CURVE('',#9169,#9064,#10883,.T.);
#10883 = SURFACE_CURVE('',#10884,(#10888,#10895),.PCURVE_S1.);
#10884 = LINE('',#10885,#10886);
#10885 = CARTESIAN_POINT('',(8.95,-0.475,18.5));
#10886 = VECTOR('',#10887,1.);
#10887 = DIRECTION('',(0.,1.,-0.));
#10888 = PCURVE('',#9107,#10889);
#10889 = DEFINITIONAL_REPRESENTATION('',(#10890),#10894);
#10890 = LINE('',#10891,#10892);
#10891 = CARTESIAN_POINT('',(18.5,2.075));
#10892 = VECTOR('',#10893,1.);
#10893 = DIRECTION('',(0.,1.));
#10894 = ( GEOMETRIC_REPRESENTATION_CONTEXT(2) 
PARAMETRIC_REPRESENTATION_CONTEXT() REPRESENTATION_CONTEXT('2D SPACE',''
  ) );
#10895 = PCURVE('',#9079,#10896);
#10896 = DEFINITIONAL_REPRESENTATION('',(#10897),#10901);
#10897 = LINE('',#10898,#10899);
#10898 = CARTESIAN_POINT('',(8.5,-2.075));
#10899 = VECTOR('',#10900,1.);
#10900 = DIRECTION('',(0.,1.));
#10901 = ( GEOMETRIC_REPRESENTATION_CONTEXT(2) 
PARAMETRIC_REPRESENTATION_CONTEXT() REPRESENTATION_CONTEXT('2D SPACE',''
  ) );
#10902 = ORIENTED_EDGE('',*,*,#9191,.T.);
#10903 = ORIENTED_EDGE('',*,*,#10618,.F.);
#10904 = ORIENTED_EDGE('',*,*,#9091,.F.);
#10905 = ADVANCED_FACE('',(#10906),#9079,.F.);
#10906 = FACE_BOUND('',#10907,.F.);
#10907 = EDGE_LOOP('',(#10908,#10909,#10910,#10911));
#10908 = ORIENTED_EDGE('',*,*,#9063,.F.);
#10909 = ORIENTED_EDGE('',*,*,#9772,.T.);
#10910 = ORIENTED_EDGE('',*,*,#9168,.T.);
#10911 = ORIENTED_EDGE('',*,*,#10882,.T.);
#10912 = ADVANCED_FACE('',(#10913),#9255,.T.);
#10913 = FACE_BOUND('',#10914,.T.);
#10914 = EDGE_LOOP('',(#10915,#10938,#10966,#10987));
#10915 = ORIENTED_EDGE('',*,*,#10916,.T.);
#10916 = EDGE_CURVE('',#9238,#10917,#10919,.T.);
#10917 = VERTEX_POINT('',#10918);
#10918 = CARTESIAN_POINT('',(-1.045003255208,-1.4,12.999999745687));
#10919 = SURFACE_CURVE('',#10920,(#10924,#10931),.PCURVE_S1.);
#10920 = LINE('',#10921,#10922);
#10921 = CARTESIAN_POINT('',(-1.045003255208,-1.6,12.999999745687));
#10922 = VECTOR('',#10923,1.);
#10923 = DIRECTION('',(-0.,1.,-0.));
#10924 = PCURVE('',#9255,#10925);
#10925 = DEFINITIONAL_REPRESENTATION('',(#10926),#10930);
#10926 = LINE('',#10927,#10928);
#10927 = CARTESIAN_POINT('',(0.,0.));
#10928 = VECTOR('',#10929,1.);
#10929 = DIRECTION('',(0.,-1.));
#10930 = ( GEOMETRIC_REPRESENTATION_CONTEXT(2) 
PARAMETRIC_REPRESENTATION_CONTEXT() REPRESENTATION_CONTEXT('2D SPACE',''
  ) );
#10931 = PCURVE('',#9453,#10932);
#10932 = DEFINITIONAL_REPRESENTATION('',(#10933),#10937);
#10933 = LINE('',#10934,#10935);
#10934 = CARTESIAN_POINT('',(3.545003255208,0.));
#10935 = VECTOR('',#10936,1.);
#10936 = DIRECTION('',(0.,-1.));
#10937 = ( GEOMETRIC_REPRESENTATION_CONTEXT(2) 
PARAMETRIC_REPRESENTATION_CONTEXT() REPRESENTATION_CONTEXT('2D SPACE',''
  ) );
#10938 = ORIENTED_EDGE('',*,*,#10939,.T.);
#10939 = EDGE_CURVE('',#10917,#10940,#10942,.T.);
#10940 = VERTEX_POINT('',#10941);
#10941 = CARTESIAN_POINT('',(-1.484993489583,-1.4,12.999999745687));
#10942 = SURFACE_CURVE('',#10943,(#10947,#10954),.PCURVE_S1.);
#10943 = LINE('',#10944,#10945);
#10944 = CARTESIAN_POINT('',(-1.045003255208,-1.4,12.999999745687));
#10945 = VECTOR('',#10946,1.);
#10946 = DIRECTION('',(-1.,0.,0.));
#10947 = PCURVE('',#9255,#10948);
#10948 = DEFINITIONAL_REPRESENTATION('',(#10949),#10953);
#10949 = LINE('',#10950,#10951);
#10950 = CARTESIAN_POINT('',(0.,-0.2));
#10951 = VECTOR('',#10952,1.);
#10952 = DIRECTION('',(1.,0.));
#10953 = ( GEOMETRIC_REPRESENTATION_CONTEXT(2) 
PARAMETRIC_REPRESENTATION_CONTEXT() REPRESENTATION_CONTEXT('2D SPACE',''
  ) );
#10954 = PCURVE('',#10955,#10960);
#10955 = PLANE('',#10956);
#10956 = AXIS2_PLACEMENT_3D('',#10957,#10958,#10959);
#10957 = CARTESIAN_POINT('',(-2.779996744792,-1.4,12.999999745687));
#10958 = DIRECTION('',(0.,-1.,0.));
#10959 = DIRECTION('',(1.,0.,0.));
#10960 = DEFINITIONAL_REPRESENTATION('',(#10961),#10965);
#10961 = LINE('',#10962,#10963);
#10962 = CARTESIAN_POINT('',(1.734993489583,0.));
#10963 = VECTOR('',#10964,1.);
#10964 = DIRECTION('',(-1.,0.));
#10965 = ( GEOMETRIC_REPRESENTATION_CONTEXT(2) 
PARAMETRIC_REPRESENTATION_CONTEXT() REPRESENTATION_CONTEXT('2D SPACE',''
  ) );
#10966 = ORIENTED_EDGE('',*,*,#10967,.F.);
#10967 = EDGE_CURVE('',#9240,#10940,#10968,.T.);
#10968 = SURFACE_CURVE('',#10969,(#10973,#10980),.PCURVE_S1.);
#10969 = LINE('',#10970,#10971);
#10970 = CARTESIAN_POINT('',(-1.484993489583,-1.6,12.999999745687));
#10971 = VECTOR('',#10972,1.);
#10972 = DIRECTION('',(-0.,1.,-0.));
#10973 = PCURVE('',#9255,#10974);
#10974 = DEFINITIONAL_REPRESENTATION('',(#10975),#10979);
#10975 = LINE('',#10976,#10977);
#10976 = CARTESIAN_POINT('',(0.439990234375,0.));
#10977 = VECTOR('',#10978,1.);
#10978 = DIRECTION('',(0.,-1.));
#10979 = ( GEOMETRIC_REPRESENTATION_CONTEXT(2) 
PARAMETRIC_REPRESENTATION_CONTEXT() REPRESENTATION_CONTEXT('2D SPACE',''
  ) );
#10980 = PCURVE('',#9283,#10981);
#10981 = DEFINITIONAL_REPRESENTATION('',(#10982),#10986);
#10982 = LINE('',#10983,#10984);
#10983 = CARTESIAN_POINT('',(0.,0.));
#10984 = VECTOR('',#10985,1.);
#10985 = DIRECTION('',(0.,-1.));
#10986 = ( GEOMETRIC_REPRESENTATION_CONTEXT(2) 
PARAMETRIC_REPRESENTATION_CONTEXT() REPRESENTATION_CONTEXT('2D SPACE',''
  ) );
#10987 = ORIENTED_EDGE('',*,*,#9237,.F.);
#10988 = ADVANCED_FACE('',(#10989),#9453,.T.);
#10989 = FACE_BOUND('',#10990,.T.);
#10990 = EDGE_LOOP('',(#10991,#11014,#11035,#11036));
#10991 = ORIENTED_EDGE('',*,*,#10992,.T.);
#10992 = EDGE_CURVE('',#9412,#10993,#10995,.T.);
#10993 = VERTEX_POINT('',#10994);
#10994 = CARTESIAN_POINT('',(-1.045003255208,-1.4,16.545003000895));
#10995 = SURFACE_CURVE('',#10996,(#11000,#11007),.PCURVE_S1.);
#10996 = LINE('',#10997,#10998);
#10997 = CARTESIAN_POINT('',(-1.045003255208,-1.6,16.545003000895));
#10998 = VECTOR('',#10999,1.);
#10999 = DIRECTION('',(-0.,1.,-0.));
#11000 = PCURVE('',#9453,#11001);
#11001 = DEFINITIONAL_REPRESENTATION('',(#11002),#11006);
#11002 = LINE('',#11003,#11004);
#11003 = CARTESIAN_POINT('',(0.,0.));
#11004 = VECTOR('',#11005,1.);
#11005 = DIRECTION('',(0.,-1.));
#11006 = ( GEOMETRIC_REPRESENTATION_CONTEXT(2) 
PARAMETRIC_REPRESENTATION_CONTEXT() REPRESENTATION_CONTEXT('2D SPACE',''
  ) );
#11007 = PCURVE('',#9427,#11008);
#11008 = DEFINITIONAL_REPRESENTATION('',(#11009),#11013);
#11009 = LINE('',#11010,#11011);
#11010 = CARTESIAN_POINT('',(0.289990234375,0.));
#11011 = VECTOR('',#11012,1.);
#11012 = DIRECTION('',(0.,-1.));
#11013 = ( GEOMETRIC_REPRESENTATION_CONTEXT(2) 
PARAMETRIC_REPRESENTATION_CONTEXT() REPRESENTATION_CONTEXT('2D SPACE',''
  ) );
#11014 = ORIENTED_EDGE('',*,*,#11015,.T.);
#11015 = EDGE_CURVE('',#10993,#10917,#11016,.T.);
#11016 = SURFACE_CURVE('',#11017,(#11021,#11028),.PCURVE_S1.);
#11017 = LINE('',#11018,#11019);
#11018 = CARTESIAN_POINT('',(-1.045003255208,-1.4,16.545003000895));
#11019 = VECTOR('',#11020,1.);
#11020 = DIRECTION('',(0.,0.,-1.));
#11021 = PCURVE('',#9453,#11022);
#11022 = DEFINITIONAL_REPRESENTATION('',(#11023),#11027);
#11023 = LINE('',#11024,#11025);
#11024 = CARTESIAN_POINT('',(-8.881784197001E-16,-0.2));
#11025 = VECTOR('',#11026,1.);
#11026 = DIRECTION('',(1.,0.));
#11027 = ( GEOMETRIC_REPRESENTATION_CONTEXT(2) 
PARAMETRIC_REPRESENTATION_CONTEXT() REPRESENTATION_CONTEXT('2D SPACE',''
  ) );
#11028 = PCURVE('',#10955,#11029);
#11029 = DEFINITIONAL_REPRESENTATION('',(#11030),#11034);
#11030 = LINE('',#11031,#11032);
#11031 = CARTESIAN_POINT('',(1.734993489583,3.545003255208));
#11032 = VECTOR('',#11033,1.);
#11033 = DIRECTION('',(0.,-1.));
#11034 = ( GEOMETRIC_REPRESENTATION_CONTEXT(2) 
PARAMETRIC_REPRESENTATION_CONTEXT() REPRESENTATION_CONTEXT('2D SPACE',''
  ) );
#11035 = ORIENTED_EDGE('',*,*,#10916,.F.);
#11036 = ORIENTED_EDGE('',*,*,#9439,.F.);
#11037 = ADVANCED_FACE('',(#11038),#9427,.T.);
#11038 = FACE_BOUND('',#11039,.T.);
#11039 = EDGE_LOOP('',(#11040,#11063,#11084,#11085));
#11040 = ORIENTED_EDGE('',*,*,#11041,.T.);
#11041 = EDGE_CURVE('',#9382,#11042,#11044,.T.);
#11042 = VERTEX_POINT('',#11043);
#11043 = CARTESIAN_POINT('',(-1.334993489583,-1.4,16.545003000895));
#11044 = SURFACE_CURVE('',#11045,(#11049,#11056),.PCURVE_S1.);
#11045 = LINE('',#11046,#11047);
#11046 = CARTESIAN_POINT('',(-1.334993489583,-1.6,16.545003000895));
#11047 = VECTOR('',#11048,1.);
#11048 = DIRECTION('',(-0.,1.,-0.));
#11049 = PCURVE('',#9427,#11050);
#11050 = DEFINITIONAL_REPRESENTATION('',(#11051),#11055);
#11051 = LINE('',#11052,#11053);
#11052 = CARTESIAN_POINT('',(0.,0.));
#11053 = VECTOR('',#11054,1.);
#11054 = DIRECTION('',(0.,-1.));
#11055 = ( GEOMETRIC_REPRESENTATION_CONTEXT(2) 
PARAMETRIC_REPRESENTATION_CONTEXT() REPRESENTATION_CONTEXT('2D SPACE',''
  ) );
#11056 = PCURVE('',#9397,#11057);
#11057 = DEFINITIONAL_REPRESENTATION('',(#11058),#11062);
#11058 = LINE('',#11059,#11060);
#11059 = CARTESIAN_POINT('',(1.,0.));
#11060 = VECTOR('',#11061,1.);
#11061 = DIRECTION('',(0.,-1.));
#11062 = ( GEOMETRIC_REPRESENTATION_CONTEXT(2) 
PARAMETRIC_REPRESENTATION_CONTEXT() REPRESENTATION_CONTEXT('2D SPACE',''
  ) );
#11063 = ORIENTED_EDGE('',*,*,#11064,.T.);
#11064 = EDGE_CURVE('',#11042,#10993,#11065,.T.);
#11065 = SURFACE_CURVE('',#11066,(#11070,#11077),.PCURVE_S1.);
#11066 = LINE('',#11067,#11068);
#11067 = CARTESIAN_POINT('',(-1.334993489583,-1.4,16.545003000895));
#11068 = VECTOR('',#11069,1.);
#11069 = DIRECTION('',(1.,0.,0.));
#11070 = PCURVE('',#9427,#11071);
#11071 = DEFINITIONAL_REPRESENTATION('',(#11072),#11076);
#11072 = LINE('',#11073,#11074);
#11073 = CARTESIAN_POINT('',(0.,-0.2));
#11074 = VECTOR('',#11075,1.);
#11075 = DIRECTION('',(1.,0.));
#11076 = ( GEOMETRIC_REPRESENTATION_CONTEXT(2) 
PARAMETRIC_REPRESENTATION_CONTEXT() REPRESENTATION_CONTEXT('2D SPACE',''
  ) );
#11077 = PCURVE('',#10955,#11078);
#11078 = DEFINITIONAL_REPRESENTATION('',(#11079),#11083);
#11079 = LINE('',#11080,#11081);
#11080 = CARTESIAN_POINT('',(1.445003255208,3.545003255208));
#11081 = VECTOR('',#11082,1.);
#11082 = DIRECTION('',(1.,0.));
#11083 = ( GEOMETRIC_REPRESENTATION_CONTEXT(2) 
PARAMETRIC_REPRESENTATION_CONTEXT() REPRESENTATION_CONTEXT('2D SPACE',''
  ) );
#11084 = ORIENTED_EDGE('',*,*,#10992,.F.);
#11085 = ORIENTED_EDGE('',*,*,#9411,.F.);
#11086 = ADVANCED_FACE('',(#11087),#9397,.T.);
#11087 = FACE_BOUND('',#11088,.T.);
#11088 = EDGE_LOOP('',(#11089,#11112,#11133,#11134));
#11089 = ORIENTED_EDGE('',*,*,#11090,.T.);
#11090 = EDGE_CURVE('',#9352,#11091,#11093,.T.);
#11091 = VERTEX_POINT('',#11092);
#11092 = CARTESIAN_POINT('',(-1.604996744792,-1.4,16.019994862874));
#11093 = SURFACE_CURVE('',#11094,(#11098,#11105),.PCURVE_S1.);
#11094 = LINE('',#11095,#11096);
#11095 = CARTESIAN_POINT('',(-1.604996744792,-1.6,16.019994862874));
#11096 = VECTOR('',#11097,1.);
#11097 = DIRECTION('',(-0.,1.,-0.));
#11098 = PCURVE('',#9397,#11099);
#11099 = DEFINITIONAL_REPRESENTATION('',(#11100),#11104);
#11100 = LINE('',#11101,#11102);
#11101 = CARTESIAN_POINT('',(0.,0.));
#11102 = VECTOR('',#11103,1.);
#11103 = DIRECTION('',(0.,-1.));
#11104 = ( GEOMETRIC_REPRESENTATION_CONTEXT(2) 
PARAMETRIC_REPRESENTATION_CONTEXT() REPRESENTATION_CONTEXT('2D SPACE',''
  ) );
#11105 = PCURVE('',#9367,#11106);
#11106 = DEFINITIONAL_REPRESENTATION('',(#11107),#11111);
#11107 = LINE('',#11108,#11109);
#11108 = CARTESIAN_POINT('',(1.,0.));
#11109 = VECTOR('',#11110,1.);
#11110 = DIRECTION('',(0.,-1.));
#11111 = ( GEOMETRIC_REPRESENTATION_CONTEXT(2) 
PARAMETRIC_REPRESENTATION_CONTEXT() REPRESENTATION_CONTEXT('2D SPACE',''
  ) );
#11112 = ORIENTED_EDGE('',*,*,#11113,.T.);
#11113 = EDGE_CURVE('',#11091,#11042,#11114,.T.);
#11114 = SURFACE_CURVE('',#11115,(#11119,#11126),.PCURVE_S1.);
#11115 = B_SPLINE_CURVE_WITH_KNOTS('',2,(#11116,#11117,#11118),
  .UNSPECIFIED.,.F.,.F.,(3,3),(0.,1.),.PIECEWISE_BEZIER_KNOTS.);
#11116 = CARTESIAN_POINT('',(-1.604996744792,-1.4,16.019994862874));
#11117 = CARTESIAN_POINT('',(-1.45,-1.4,16.13499323527));
#11118 = CARTESIAN_POINT('',(-1.334993489583,-1.4,16.545003000895));
#11119 = PCURVE('',#9397,#11120);
#11120 = DEFINITIONAL_REPRESENTATION('',(#11121),#11125);
#11121 = LINE('',#11122,#11123);
#11122 = CARTESIAN_POINT('',(0.,-0.2));
#11123 = VECTOR('',#11124,1.);
#11124 = DIRECTION('',(1.,0.));
#11125 = ( GEOMETRIC_REPRESENTATION_CONTEXT(2) 
PARAMETRIC_REPRESENTATION_CONTEXT() REPRESENTATION_CONTEXT('2D SPACE',''
  ) );
#11126 = PCURVE('',#10955,#11127);
#11127 = DEFINITIONAL_REPRESENTATION('',(#11128),#11132);
#11128 = B_SPLINE_CURVE_WITH_KNOTS('',2,(#11129,#11130,#11131),
  .UNSPECIFIED.,.F.,.F.,(3,3),(0.,1.),.PIECEWISE_BEZIER_KNOTS.);
#11129 = CARTESIAN_POINT('',(1.175,3.019995117188));
#11130 = CARTESIAN_POINT('',(1.329996744792,3.134993489583));
#11131 = CARTESIAN_POINT('',(1.445003255208,3.545003255208));
#11132 = ( GEOMETRIC_REPRESENTATION_CONTEXT(2) 
PARAMETRIC_REPRESENTATION_CONTEXT() REPRESENTATION_CONTEXT('2D SPACE',''
  ) );
#11133 = ORIENTED_EDGE('',*,*,#11041,.F.);
#11134 = ORIENTED_EDGE('',*,*,#9381,.F.);
#11135 = ADVANCED_FACE('',(#11136),#9367,.T.);
#11136 = FACE_BOUND('',#11137,.T.);
#11137 = EDGE_LOOP('',(#11138,#11161,#11182,#11183));
#11138 = ORIENTED_EDGE('',*,*,#11139,.T.);
#11139 = EDGE_CURVE('',#9324,#11140,#11142,.T.);
#11140 = VERTEX_POINT('',#11141);
#11141 = CARTESIAN_POINT('',(-2.270003255208,-1.4,15.840006256104));
#11142 = SURFACE_CURVE('',#11143,(#11147,#11154),.PCURVE_S1.);
#11143 = LINE('',#11144,#11145);
#11144 = CARTESIAN_POINT('',(-2.270003255208,-1.6,15.840006256104));
#11145 = VECTOR('',#11146,1.);
#11146 = DIRECTION('',(-0.,1.,-0.));
#11147 = PCURVE('',#9367,#11148);
#11148 = DEFINITIONAL_REPRESENTATION('',(#11149),#11153);
#11149 = LINE('',#11150,#11151);
#11150 = CARTESIAN_POINT('',(0.,0.));
#11151 = VECTOR('',#11152,1.);
#11152 = DIRECTION('',(0.,-1.));
#11153 = ( GEOMETRIC_REPRESENTATION_CONTEXT(2) 
PARAMETRIC_REPRESENTATION_CONTEXT() REPRESENTATION_CONTEXT('2D SPACE',''
  ) );
#11154 = PCURVE('',#9339,#11155);
#11155 = DEFINITIONAL_REPRESENTATION('',(#11156),#11160);
#11156 = LINE('',#11157,#11158);
#11157 = CARTESIAN_POINT('',(0.315006510417,0.));
#11158 = VECTOR('',#11159,1.);
#11159 = DIRECTION('',(0.,-1.));
#11160 = ( GEOMETRIC_REPRESENTATION_CONTEXT(2) 
PARAMETRIC_REPRESENTATION_CONTEXT() REPRESENTATION_CONTEXT('2D SPACE',''
  ) );
#11161 = ORIENTED_EDGE('',*,*,#11162,.T.);
#11162 = EDGE_CURVE('',#11140,#11091,#11163,.T.);
#11163 = SURFACE_CURVE('',#11164,(#11168,#11175),.PCURVE_S1.);
#11164 = B_SPLINE_CURVE_WITH_KNOTS('',2,(#11165,#11166,#11167),
  .UNSPECIFIED.,.F.,.F.,(3,3),(0.,1.),.PIECEWISE_BEZIER_KNOTS.);
#11165 = CARTESIAN_POINT('',(-2.270003255208,-1.4,15.840006256104));
#11166 = CARTESIAN_POINT('',(-1.759993489583,-1.4,15.904996490479));
#11167 = CARTESIAN_POINT('',(-1.604996744792,-1.4,16.019994862874));
#11168 = PCURVE('',#9367,#11169);
#11169 = DEFINITIONAL_REPRESENTATION('',(#11170),#11174);
#11170 = LINE('',#11171,#11172);
#11171 = CARTESIAN_POINT('',(0.,-0.2));
#11172 = VECTOR('',#11173,1.);
#11173 = DIRECTION('',(1.,0.));
#11174 = ( GEOMETRIC_REPRESENTATION_CONTEXT(2) 
PARAMETRIC_REPRESENTATION_CONTEXT() REPRESENTATION_CONTEXT('2D SPACE',''
  ) );
#11175 = PCURVE('',#10955,#11176);
#11176 = DEFINITIONAL_REPRESENTATION('',(#11177),#11181);
#11177 = B_SPLINE_CURVE_WITH_KNOTS('',2,(#11178,#11179,#11180),
  .UNSPECIFIED.,.F.,.F.,(3,3),(0.,1.),.PIECEWISE_BEZIER_KNOTS.);
#11178 = CARTESIAN_POINT('',(0.509993489583,2.840006510417));
#11179 = CARTESIAN_POINT('',(1.020003255208,2.904996744792));
#11180 = CARTESIAN_POINT('',(1.175,3.019995117188));
#11181 = ( GEOMETRIC_REPRESENTATION_CONTEXT(2) 
PARAMETRIC_REPRESENTATION_CONTEXT() REPRESENTATION_CONTEXT('2D SPACE',''
  ) );
#11182 = ORIENTED_EDGE('',*,*,#11090,.F.);
#11183 = ORIENTED_EDGE('',*,*,#9351,.F.);
#11184 = ADVANCED_FACE('',(#11185),#9339,.T.);
#11185 = FACE_BOUND('',#11186,.T.);
#11186 = EDGE_LOOP('',(#11187,#11210,#11231,#11232));
#11187 = ORIENTED_EDGE('',*,*,#11188,.T.);
#11188 = EDGE_CURVE('',#9296,#11189,#11191,.T.);
#11189 = VERTEX_POINT('',#11190);
#11190 = CARTESIAN_POINT('',(-2.270003255208,-1.4,15.524999745687));
#11191 = SURFACE_CURVE('',#11192,(#11196,#11203),.PCURVE_S1.);
#11192 = LINE('',#11193,#11194);
#11193 = CARTESIAN_POINT('',(-2.270003255208,-1.6,15.524999745687));
#11194 = VECTOR('',#11195,1.);
#11195 = DIRECTION('',(-0.,1.,-0.));
#11196 = PCURVE('',#9339,#11197);
#11197 = DEFINITIONAL_REPRESENTATION('',(#11198),#11202);
#11198 = LINE('',#11199,#11200);
#11199 = CARTESIAN_POINT('',(0.,0.));
#11200 = VECTOR('',#11201,1.);
#11201 = DIRECTION('',(0.,-1.));
#11202 = ( GEOMETRIC_REPRESENTATION_CONTEXT(2) 
PARAMETRIC_REPRESENTATION_CONTEXT() REPRESENTATION_CONTEXT('2D SPACE',''
  ) );
#11203 = PCURVE('',#9311,#11204);
#11204 = DEFINITIONAL_REPRESENTATION('',(#11205),#11209);
#11205 = LINE('',#11206,#11207);
#11206 = CARTESIAN_POINT('',(0.785009765625,0.));
#11207 = VECTOR('',#11208,1.);
#11208 = DIRECTION('',(0.,-1.));
#11209 = ( GEOMETRIC_REPRESENTATION_CONTEXT(2) 
PARAMETRIC_REPRESENTATION_CONTEXT() REPRESENTATION_CONTEXT('2D SPACE',''
  ) );
#11210 = ORIENTED_EDGE('',*,*,#11211,.T.);
#11211 = EDGE_CURVE('',#11189,#11140,#11212,.T.);
#11212 = SURFACE_CURVE('',#11213,(#11217,#11224),.PCURVE_S1.);
#11213 = LINE('',#11214,#11215);
#11214 = CARTESIAN_POINT('',(-2.270003255208,-1.4,15.524999745687));
#11215 = VECTOR('',#11216,1.);
#11216 = DIRECTION('',(0.,0.,1.));
#11217 = PCURVE('',#9339,#11218);
#11218 = DEFINITIONAL_REPRESENTATION('',(#11219),#11223);
#11219 = LINE('',#11220,#11221);
#11220 = CARTESIAN_POINT('',(4.440892098501E-16,-0.2));
#11221 = VECTOR('',#11222,1.);
#11222 = DIRECTION('',(1.,0.));
#11223 = ( GEOMETRIC_REPRESENTATION_CONTEXT(2) 
PARAMETRIC_REPRESENTATION_CONTEXT() REPRESENTATION_CONTEXT('2D SPACE',''
  ) );
#11224 = PCURVE('',#10955,#11225);
#11225 = DEFINITIONAL_REPRESENTATION('',(#11226),#11230);
#11226 = LINE('',#11227,#11228);
#11227 = CARTESIAN_POINT('',(0.509993489583,2.525));
#11228 = VECTOR('',#11229,1.);
#11229 = DIRECTION('',(0.,1.));
#11230 = ( GEOMETRIC_REPRESENTATION_CONTEXT(2) 
PARAMETRIC_REPRESENTATION_CONTEXT() REPRESENTATION_CONTEXT('2D SPACE',''
  ) );
#11231 = ORIENTED_EDGE('',*,*,#11139,.F.);
#11232 = ORIENTED_EDGE('',*,*,#9323,.F.);
#11233 = ADVANCED_FACE('',(#11234),#9311,.T.);
#11234 = FACE_BOUND('',#11235,.T.);
#11235 = EDGE_LOOP('',(#11236,#11259,#11280,#11281));
#11236 = ORIENTED_EDGE('',*,*,#11237,.T.);
#11237 = EDGE_CURVE('',#9268,#11238,#11240,.T.);
#11238 = VERTEX_POINT('',#11239);
#11239 = CARTESIAN_POINT('',(-1.484993489583,-1.4,15.524999745687));
#11240 = SURFACE_CURVE('',#11241,(#11245,#11252),.PCURVE_S1.);
#11241 = LINE('',#11242,#11243);
#11242 = CARTESIAN_POINT('',(-1.484993489583,-1.6,15.524999745687));
#11243 = VECTOR('',#11244,1.);
#11244 = DIRECTION('',(-0.,1.,-0.));
#11245 = PCURVE('',#9311,#11246);
#11246 = DEFINITIONAL_REPRESENTATION('',(#11247),#11251);
#11247 = LINE('',#11248,#11249);
#11248 = CARTESIAN_POINT('',(0.,0.));
#11249 = VECTOR('',#11250,1.);
#11250 = DIRECTION('',(0.,-1.));
#11251 = ( GEOMETRIC_REPRESENTATION_CONTEXT(2) 
PARAMETRIC_REPRESENTATION_CONTEXT() REPRESENTATION_CONTEXT('2D SPACE',''
  ) );
#11252 = PCURVE('',#9283,#11253);
#11253 = DEFINITIONAL_REPRESENTATION('',(#11254),#11258);
#11254 = LINE('',#11255,#11256);
#11255 = CARTESIAN_POINT('',(2.525,0.));
#11256 = VECTOR('',#11257,1.);
#11257 = DIRECTION('',(0.,-1.));
#11258 = ( GEOMETRIC_REPRESENTATION_CONTEXT(2) 
PARAMETRIC_REPRESENTATION_CONTEXT() REPRESENTATION_CONTEXT('2D SPACE',''
  ) );
#11259 = ORIENTED_EDGE('',*,*,#11260,.T.);
#11260 = EDGE_CURVE('',#11238,#11189,#11261,.T.);
#11261 = SURFACE_CURVE('',#11262,(#11266,#11273),.PCURVE_S1.);
#11262 = LINE('',#11263,#11264);
#11263 = CARTESIAN_POINT('',(-1.484993489583,-1.4,15.524999745687));
#11264 = VECTOR('',#11265,1.);
#11265 = DIRECTION('',(-1.,0.,0.));
#11266 = PCURVE('',#9311,#11267);
#11267 = DEFINITIONAL_REPRESENTATION('',(#11268),#11272);
#11268 = LINE('',#11269,#11270);
#11269 = CARTESIAN_POINT('',(0.,-0.2));
#11270 = VECTOR('',#11271,1.);
#11271 = DIRECTION('',(1.,0.));
#11272 = ( GEOMETRIC_REPRESENTATION_CONTEXT(2) 
PARAMETRIC_REPRESENTATION_CONTEXT() REPRESENTATION_CONTEXT('2D SPACE',''
  ) );
#11273 = PCURVE('',#10955,#11274);
#11274 = DEFINITIONAL_REPRESENTATION('',(#11275),#11279);
#11275 = LINE('',#11276,#11277);
#11276 = CARTESIAN_POINT('',(1.295003255208,2.525));
#11277 = VECTOR('',#11278,1.);
#11278 = DIRECTION('',(-1.,0.));
#11279 = ( GEOMETRIC_REPRESENTATION_CONTEXT(2) 
PARAMETRIC_REPRESENTATION_CONTEXT() REPRESENTATION_CONTEXT('2D SPACE',''
  ) );
#11280 = ORIENTED_EDGE('',*,*,#11188,.F.);
#11281 = ORIENTED_EDGE('',*,*,#9295,.F.);
#11282 = ADVANCED_FACE('',(#11283),#9283,.T.);
#11283 = FACE_BOUND('',#11284,.T.);
#11284 = EDGE_LOOP('',(#11285,#11286,#11307,#11308));
#11285 = ORIENTED_EDGE('',*,*,#10967,.T.);
#11286 = ORIENTED_EDGE('',*,*,#11287,.T.);
#11287 = EDGE_CURVE('',#10940,#11238,#11288,.T.);
#11288 = SURFACE_CURVE('',#11289,(#11293,#11300),.PCURVE_S1.);
#11289 = LINE('',#11290,#11291);
#11290 = CARTESIAN_POINT('',(-1.484993489583,-1.4,12.999999745687));
#11291 = VECTOR('',#11292,1.);
#11292 = DIRECTION('',(0.,0.,1.));
#11293 = PCURVE('',#9283,#11294);
#11294 = DEFINITIONAL_REPRESENTATION('',(#11295),#11299);
#11295 = LINE('',#11296,#11297);
#11296 = CARTESIAN_POINT('',(0.,-0.2));
#11297 = VECTOR('',#11298,1.);
#11298 = DIRECTION('',(1.,0.));
#11299 = ( GEOMETRIC_REPRESENTATION_CONTEXT(2) 
PARAMETRIC_REPRESENTATION_CONTEXT() REPRESENTATION_CONTEXT('2D SPACE',''
  ) );
#11300 = PCURVE('',#10955,#11301);
#11301 = DEFINITIONAL_REPRESENTATION('',(#11302),#11306);
#11302 = LINE('',#11303,#11304);
#11303 = CARTESIAN_POINT('',(1.295003255208,0.));
#11304 = VECTOR('',#11305,1.);
#11305 = DIRECTION('',(0.,1.));
#11306 = ( GEOMETRIC_REPRESENTATION_CONTEXT(2) 
PARAMETRIC_REPRESENTATION_CONTEXT() REPRESENTATION_CONTEXT('2D SPACE',''
  ) );
#11307 = ORIENTED_EDGE('',*,*,#11237,.F.);
#11308 = ORIENTED_EDGE('',*,*,#9267,.F.);
#11309 = ADVANCED_FACE('',(#11310),#9485,.T.);
#11310 = FACE_BOUND('',#11311,.T.);
#11311 = EDGE_LOOP('',(#11312,#11335,#11363,#11384));
#11312 = ORIENTED_EDGE('',*,*,#11313,.T.);
#11313 = EDGE_CURVE('',#9468,#11314,#11316,.T.);
#11314 = VERTEX_POINT('',#11315);
#11315 = CARTESIAN_POINT('',(0.510001627604,-1.4,13.352498118083));
#11316 = SURFACE_CURVE('',#11317,(#11321,#11328),.PCURVE_S1.);
#11317 = LINE('',#11318,#11319);
#11318 = CARTESIAN_POINT('',(0.510001627604,-1.6,13.352498118083));
#11319 = VECTOR('',#11320,1.);
#11320 = DIRECTION('',(-0.,1.,-0.));
#11321 = PCURVE('',#9485,#11322);
#11322 = DEFINITIONAL_REPRESENTATION('',(#11323),#11327);
#11323 = LINE('',#11324,#11325);
#11324 = CARTESIAN_POINT('',(0.,0.));
#11325 = VECTOR('',#11326,1.);
#11326 = DIRECTION('',(0.,-1.));
#11327 = ( GEOMETRIC_REPRESENTATION_CONTEXT(2) 
PARAMETRIC_REPRESENTATION_CONTEXT() REPRESENTATION_CONTEXT('2D SPACE',''
  ) );
#11328 = PCURVE('',#9753,#11329);
#11329 = DEFINITIONAL_REPRESENTATION('',(#11330),#11334);
#11330 = LINE('',#11331,#11332);
#11331 = CARTESIAN_POINT('',(1.,0.));
#11332 = VECTOR('',#11333,1.);
#11333 = DIRECTION('',(0.,-1.));
#11334 = ( GEOMETRIC_REPRESENTATION_CONTEXT(2) 
PARAMETRIC_REPRESENTATION_CONTEXT() REPRESENTATION_CONTEXT('2D SPACE',''
  ) );
#11335 = ORIENTED_EDGE('',*,*,#11336,.T.);
#11336 = EDGE_CURVE('',#11314,#11337,#11339,.T.);
#11337 = VERTEX_POINT('',#11338);
#11338 = CARTESIAN_POINT('',(0.215006510417,-1.4,14.715006256104));
#11339 = SURFACE_CURVE('',#11340,(#11344,#11351),.PCURVE_S1.);
#11340 = B_SPLINE_CURVE_WITH_KNOTS('',2,(#11341,#11342,#11343),
  .UNSPECIFIED.,.F.,.F.,(3,3),(0.,1.),.PIECEWISE_BEZIER_KNOTS.);
#11341 = CARTESIAN_POINT('',(0.510001627604,-1.4,13.352498118083));
#11342 = CARTESIAN_POINT('',(0.215006510417,-1.4,13.820003000895));
#11343 = CARTESIAN_POINT('',(0.215006510417,-1.4,14.715006256104));
#11344 = PCURVE('',#9485,#11345);
#11345 = DEFINITIONAL_REPRESENTATION('',(#11346),#11350);
#11346 = LINE('',#11347,#11348);
#11347 = CARTESIAN_POINT('',(0.,-0.2));
#11348 = VECTOR('',#11349,1.);
#11349 = DIRECTION('',(1.,0.));
#11350 = ( GEOMETRIC_REPRESENTATION_CONTEXT(2) 
PARAMETRIC_REPRESENTATION_CONTEXT() REPRESENTATION_CONTEXT('2D SPACE',''
  ) );
#11351 = PCURVE('',#11352,#11357);
#11352 = PLANE('',#11353);
#11353 = AXIS2_PLACEMENT_3D('',#11354,#11355,#11356);
#11354 = CARTESIAN_POINT('',(0.,-1.4,12.999999745687));
#11355 = DIRECTION('',(0.,-1.,0.));
#11356 = DIRECTION('',(1.,0.,0.));
#11357 = DEFINITIONAL_REPRESENTATION('',(#11358),#11362);
#11358 = B_SPLINE_CURVE_WITH_KNOTS('',2,(#11359,#11360,#11361),
  .UNSPECIFIED.,.F.,.F.,(3,3),(0.,1.),.PIECEWISE_BEZIER_KNOTS.);
#11359 = CARTESIAN_POINT('',(0.510001627604,0.352498372396));
#11360 = CARTESIAN_POINT('',(0.215006510417,0.820003255208));
#11361 = CARTESIAN_POINT('',(0.215006510417,1.715006510417));
#11362 = ( GEOMETRIC_REPRESENTATION_CONTEXT(2) 
PARAMETRIC_REPRESENTATION_CONTEXT() REPRESENTATION_CONTEXT('2D SPACE',''
  ) );
#11363 = ORIENTED_EDGE('',*,*,#11364,.F.);
#11364 = EDGE_CURVE('',#9470,#11337,#11365,.T.);
#11365 = SURFACE_CURVE('',#11366,(#11370,#11377),.PCURVE_S1.);
#11366 = LINE('',#11367,#11368);
#11367 = CARTESIAN_POINT('',(0.215006510417,-1.6,14.715006256104));
#11368 = VECTOR('',#11369,1.);
#11369 = DIRECTION('',(-0.,1.,-0.));
#11370 = PCURVE('',#9485,#11371);
#11371 = DEFINITIONAL_REPRESENTATION('',(#11372),#11376);
#11372 = LINE('',#11373,#11374);
#11373 = CARTESIAN_POINT('',(1.,0.));
#11374 = VECTOR('',#11375,1.);
#11375 = DIRECTION('',(0.,-1.));
#11376 = ( GEOMETRIC_REPRESENTATION_CONTEXT(2) 
PARAMETRIC_REPRESENTATION_CONTEXT() REPRESENTATION_CONTEXT('2D SPACE',''
  ) );
#11377 = PCURVE('',#9515,#11378);
#11378 = DEFINITIONAL_REPRESENTATION('',(#11379),#11383);
#11379 = LINE('',#11380,#11381);
#11380 = CARTESIAN_POINT('',(0.,0.));
#11381 = VECTOR('',#11382,1.);
#11382 = DIRECTION('',(0.,-1.));
#11383 = ( GEOMETRIC_REPRESENTATION_CONTEXT(2) 
PARAMETRIC_REPRESENTATION_CONTEXT() REPRESENTATION_CONTEXT('2D SPACE',''
  ) );
#11384 = ORIENTED_EDGE('',*,*,#9467,.F.);
#11385 = ADVANCED_FACE('',(#11386),#9753,.T.);
#11386 = FACE_BOUND('',#11387,.T.);
#11387 = EDGE_LOOP('',(#11388,#11411,#11432,#11433));
#11388 = ORIENTED_EDGE('',*,*,#11389,.T.);
#11389 = EDGE_CURVE('',#9710,#11390,#11392,.T.);
#11390 = VERTEX_POINT('',#11391);
#11391 = CARTESIAN_POINT('',(1.375,-1.4,12.88499323527));
#11392 = SURFACE_CURVE('',#11393,(#11397,#11404),.PCURVE_S1.);
#11393 = LINE('',#11394,#11395);
#11394 = CARTESIAN_POINT('',(1.375,-1.6,12.88499323527));
#11395 = VECTOR('',#11396,1.);
#11396 = DIRECTION('',(-0.,1.,-0.));
#11397 = PCURVE('',#9753,#11398);
#11398 = DEFINITIONAL_REPRESENTATION('',(#11399),#11403);
#11399 = LINE('',#11400,#11401);
#11400 = CARTESIAN_POINT('',(0.,0.));
#11401 = VECTOR('',#11402,1.);
#11402 = DIRECTION('',(0.,-1.));
#11403 = ( GEOMETRIC_REPRESENTATION_CONTEXT(2) 
PARAMETRIC_REPRESENTATION_CONTEXT() REPRESENTATION_CONTEXT('2D SPACE',''
  ) );
#11404 = PCURVE('',#9725,#11405);
#11405 = DEFINITIONAL_REPRESENTATION('',(#11406),#11410);
#11406 = LINE('',#11407,#11408);
#11407 = CARTESIAN_POINT('',(1.,0.));
#11408 = VECTOR('',#11409,1.);
#11409 = DIRECTION('',(0.,-1.));
#11410 = ( GEOMETRIC_REPRESENTATION_CONTEXT(2) 
PARAMETRIC_REPRESENTATION_CONTEXT() REPRESENTATION_CONTEXT('2D SPACE',''
  ) );
#11411 = ORIENTED_EDGE('',*,*,#11412,.T.);
#11412 = EDGE_CURVE('',#11390,#11314,#11413,.T.);
#11413 = SURFACE_CURVE('',#11414,(#11418,#11425),.PCURVE_S1.);
#11414 = B_SPLINE_CURVE_WITH_KNOTS('',2,(#11415,#11416,#11417),
  .UNSPECIFIED.,.F.,.F.,(3,3),(0.,1.),.PIECEWISE_BEZIER_KNOTS.);
#11415 = CARTESIAN_POINT('',(1.375,-1.4,12.88499323527));
#11416 = CARTESIAN_POINT('',(0.804996744792,-1.4,12.88499323527));
#11417 = CARTESIAN_POINT('',(0.510001627604,-1.4,13.352498118083));
#11418 = PCURVE('',#9753,#11419);
#11419 = DEFINITIONAL_REPRESENTATION('',(#11420),#11424);
#11420 = LINE('',#11421,#11422);
#11421 = CARTESIAN_POINT('',(0.,-0.2));
#11422 = VECTOR('',#11423,1.);
#11423 = DIRECTION('',(1.,0.));
#11424 = ( GEOMETRIC_REPRESENTATION_CONTEXT(2) 
PARAMETRIC_REPRESENTATION_CONTEXT() REPRESENTATION_CONTEXT('2D SPACE',''
  ) );
#11425 = PCURVE('',#11352,#11426);
#11426 = DEFINITIONAL_REPRESENTATION('',(#11427),#11431);
#11427 = B_SPLINE_CURVE_WITH_KNOTS('',2,(#11428,#11429,#11430),
  .UNSPECIFIED.,.F.,.F.,(3,3),(0.,1.),.PIECEWISE_BEZIER_KNOTS.);
#11428 = CARTESIAN_POINT('',(1.375,-0.115006510417));
#11429 = CARTESIAN_POINT('',(0.804996744792,-0.115006510417));
#11430 = CARTESIAN_POINT('',(0.510001627604,0.352498372396));
#11431 = ( GEOMETRIC_REPRESENTATION_CONTEXT(2) 
PARAMETRIC_REPRESENTATION_CONTEXT() REPRESENTATION_CONTEXT('2D SPACE',''
  ) );
#11432 = ORIENTED_EDGE('',*,*,#11313,.F.);
#11433 = ORIENTED_EDGE('',*,*,#9739,.F.);
#11434 = ADVANCED_FACE('',(#11435),#9725,.T.);
#11435 = FACE_BOUND('',#11436,.T.);
#11436 = EDGE_LOOP('',(#11437,#11460,#11481,#11482));
#11437 = ORIENTED_EDGE('',*,*,#11438,.T.);
#11438 = EDGE_CURVE('',#9680,#11439,#11441,.T.);
#11439 = VERTEX_POINT('',#11440);
#11440 = CARTESIAN_POINT('',(2.2375,-1.4,13.34749323527));
#11441 = SURFACE_CURVE('',#11442,(#11446,#11453),.PCURVE_S1.);
#11442 = LINE('',#11443,#11444);
#11443 = CARTESIAN_POINT('',(2.2375,-1.6,13.34749323527));
#11444 = VECTOR('',#11445,1.);
#11445 = DIRECTION('',(-0.,1.,-0.));
#11446 = PCURVE('',#9725,#11447);
#11447 = DEFINITIONAL_REPRESENTATION('',(#11448),#11452);
#11448 = LINE('',#11449,#11450);
#11449 = CARTESIAN_POINT('',(0.,0.));
#11450 = VECTOR('',#11451,1.);
#11451 = DIRECTION('',(0.,-1.));
#11452 = ( GEOMETRIC_REPRESENTATION_CONTEXT(2) 
PARAMETRIC_REPRESENTATION_CONTEXT() REPRESENTATION_CONTEXT('2D SPACE',''
  ) );
#11453 = PCURVE('',#9695,#11454);
#11454 = DEFINITIONAL_REPRESENTATION('',(#11455),#11459);
#11455 = LINE('',#11456,#11457);
#11456 = CARTESIAN_POINT('',(1.,0.));
#11457 = VECTOR('',#11458,1.);
#11458 = DIRECTION('',(0.,-1.));
#11459 = ( GEOMETRIC_REPRESENTATION_CONTEXT(2) 
PARAMETRIC_REPRESENTATION_CONTEXT() REPRESENTATION_CONTEXT('2D SPACE',''
  ) );
#11460 = ORIENTED_EDGE('',*,*,#11461,.T.);
#11461 = EDGE_CURVE('',#11439,#11390,#11462,.T.);
#11462 = SURFACE_CURVE('',#11463,(#11467,#11474),.PCURVE_S1.);
#11463 = B_SPLINE_CURVE_WITH_KNOTS('',2,(#11464,#11465,#11466),
  .UNSPECIFIED.,.F.,.F.,(3,3),(0.,1.),.PIECEWISE_BEZIER_KNOTS.);
#11464 = CARTESIAN_POINT('',(2.2375,-1.4,13.34749323527));
#11465 = CARTESIAN_POINT('',(1.940006510417,-1.4,12.88499323527));
#11466 = CARTESIAN_POINT('',(1.375,-1.4,12.88499323527));
#11467 = PCURVE('',#9725,#11468);
#11468 = DEFINITIONAL_REPRESENTATION('',(#11469),#11473);
#11469 = LINE('',#11470,#11471);
#11470 = CARTESIAN_POINT('',(0.,-0.2));
#11471 = VECTOR('',#11472,1.);
#11472 = DIRECTION('',(1.,0.));
#11473 = ( GEOMETRIC_REPRESENTATION_CONTEXT(2) 
PARAMETRIC_REPRESENTATION_CONTEXT() REPRESENTATION_CONTEXT('2D SPACE',''
  ) );
#11474 = PCURVE('',#11352,#11475);
#11475 = DEFINITIONAL_REPRESENTATION('',(#11476),#11480);
#11476 = B_SPLINE_CURVE_WITH_KNOTS('',2,(#11477,#11478,#11479),
  .UNSPECIFIED.,.F.,.F.,(3,3),(0.,1.),.PIECEWISE_BEZIER_KNOTS.);
#11477 = CARTESIAN_POINT('',(2.2375,0.347493489583));
#11478 = CARTESIAN_POINT('',(1.940006510417,-0.115006510417));
#11479 = CARTESIAN_POINT('',(1.375,-0.115006510417));
#11480 = ( GEOMETRIC_REPRESENTATION_CONTEXT(2) 
PARAMETRIC_REPRESENTATION_CONTEXT() REPRESENTATION_CONTEXT('2D SPACE',''
  ) );
#11481 = ORIENTED_EDGE('',*,*,#11389,.F.);
#11482 = ORIENTED_EDGE('',*,*,#9709,.F.);
#11483 = ADVANCED_FACE('',(#11484),#9695,.T.);
#11484 = FACE_BOUND('',#11485,.T.);
#11485 = EDGE_LOOP('',(#11486,#11509,#11530,#11531));
#11486 = ORIENTED_EDGE('',*,*,#11487,.T.);
#11487 = EDGE_CURVE('',#9650,#11488,#11490,.T.);
#11488 = VERTEX_POINT('',#11489);
#11489 = CARTESIAN_POINT('',(2.534993489583,-1.4,14.68499323527));
#11490 = SURFACE_CURVE('',#11491,(#11495,#11502),.PCURVE_S1.);
#11491 = LINE('',#11492,#11493);
#11492 = CARTESIAN_POINT('',(2.534993489583,-1.6,14.68499323527));
#11493 = VECTOR('',#11494,1.);
#11494 = DIRECTION('',(-0.,1.,-0.));
#11495 = PCURVE('',#9695,#11496);
#11496 = DEFINITIONAL_REPRESENTATION('',(#11497),#11501);
#11497 = LINE('',#11498,#11499);
#11498 = CARTESIAN_POINT('',(0.,0.));
#11499 = VECTOR('',#11500,1.);
#11500 = DIRECTION('',(0.,-1.));
#11501 = ( GEOMETRIC_REPRESENTATION_CONTEXT(2) 
PARAMETRIC_REPRESENTATION_CONTEXT() REPRESENTATION_CONTEXT('2D SPACE',''
  ) );
#11502 = PCURVE('',#9665,#11503);
#11503 = DEFINITIONAL_REPRESENTATION('',(#11504),#11508);
#11504 = LINE('',#11505,#11506);
#11505 = CARTESIAN_POINT('',(1.,0.));
#11506 = VECTOR('',#11507,1.);
#11507 = DIRECTION('',(0.,-1.));
#11508 = ( GEOMETRIC_REPRESENTATION_CONTEXT(2) 
PARAMETRIC_REPRESENTATION_CONTEXT() REPRESENTATION_CONTEXT('2D SPACE',''
  ) );
#11509 = ORIENTED_EDGE('',*,*,#11510,.T.);
#11510 = EDGE_CURVE('',#11488,#11439,#11511,.T.);
#11511 = SURFACE_CURVE('',#11512,(#11516,#11523),.PCURVE_S1.);
#11512 = B_SPLINE_CURVE_WITH_KNOTS('',2,(#11513,#11514,#11515),
  .UNSPECIFIED.,.F.,.F.,(3,3),(0.,1.),.PIECEWISE_BEZIER_KNOTS.);
#11513 = CARTESIAN_POINT('',(2.534993489583,-1.4,14.68499323527));
#11514 = CARTESIAN_POINT('',(2.534993489583,-1.4,13.80999323527));
#11515 = CARTESIAN_POINT('',(2.2375,-1.4,13.34749323527));
#11516 = PCURVE('',#9695,#11517);
#11517 = DEFINITIONAL_REPRESENTATION('',(#11518),#11522);
#11518 = LINE('',#11519,#11520);
#11519 = CARTESIAN_POINT('',(0.,-0.2));
#11520 = VECTOR('',#11521,1.);
#11521 = DIRECTION('',(1.,0.));
#11522 = ( GEOMETRIC_REPRESENTATION_CONTEXT(2) 
PARAMETRIC_REPRESENTATION_CONTEXT() REPRESENTATION_CONTEXT('2D SPACE',''
  ) );
#11523 = PCURVE('',#11352,#11524);
#11524 = DEFINITIONAL_REPRESENTATION('',(#11525),#11529);
#11525 = B_SPLINE_CURVE_WITH_KNOTS('',2,(#11526,#11527,#11528),
  .UNSPECIFIED.,.F.,.F.,(3,3),(0.,1.),.PIECEWISE_BEZIER_KNOTS.);
#11526 = CARTESIAN_POINT('',(2.534993489583,1.684993489583));
#11527 = CARTESIAN_POINT('',(2.534993489583,0.809993489583));
#11528 = CARTESIAN_POINT('',(2.2375,0.347493489583));
#11529 = ( GEOMETRIC_REPRESENTATION_CONTEXT(2) 
PARAMETRIC_REPRESENTATION_CONTEXT() REPRESENTATION_CONTEXT('2D SPACE',''
  ) );
#11530 = ORIENTED_EDGE('',*,*,#11438,.F.);
#11531 = ORIENTED_EDGE('',*,*,#9679,.F.);
#11532 = ADVANCED_FACE('',(#11533),#9665,.T.);
#11533 = FACE_BOUND('',#11534,.T.);
#11534 = EDGE_LOOP('',(#11535,#11558,#11579,#11580));
#11535 = ORIENTED_EDGE('',*,*,#11536,.T.);
#11536 = EDGE_CURVE('',#9620,#11537,#11539,.T.);
#11537 = VERTEX_POINT('',#11538);
#11538 = CARTESIAN_POINT('',(1.375,-1.4,16.545003000895));
#11539 = SURFACE_CURVE('',#11540,(#11544,#11551),.PCURVE_S1.);
#11540 = LINE('',#11541,#11542);
#11541 = CARTESIAN_POINT('',(1.375,-1.6,16.545003000895));
#11542 = VECTOR('',#11543,1.);
#11543 = DIRECTION('',(-0.,1.,-0.));
#11544 = PCURVE('',#9665,#11545);
#11545 = DEFINITIONAL_REPRESENTATION('',(#11546),#11550);
#11546 = LINE('',#11547,#11548);
#11547 = CARTESIAN_POINT('',(0.,0.));
#11548 = VECTOR('',#11549,1.);
#11549 = DIRECTION('',(0.,-1.));
#11550 = ( GEOMETRIC_REPRESENTATION_CONTEXT(2) 
PARAMETRIC_REPRESENTATION_CONTEXT() REPRESENTATION_CONTEXT('2D SPACE',''
  ) );
#11551 = PCURVE('',#9635,#11552);
#11552 = DEFINITIONAL_REPRESENTATION('',(#11553),#11557);
#11553 = LINE('',#11554,#11555);
#11554 = CARTESIAN_POINT('',(1.,0.));
#11555 = VECTOR('',#11556,1.);
#11556 = DIRECTION('',(0.,-1.));
#11557 = ( GEOMETRIC_REPRESENTATION_CONTEXT(2) 
PARAMETRIC_REPRESENTATION_CONTEXT() REPRESENTATION_CONTEXT('2D SPACE',''
  ) );
#11558 = ORIENTED_EDGE('',*,*,#11559,.T.);
#11559 = EDGE_CURVE('',#11537,#11488,#11560,.T.);
#11560 = SURFACE_CURVE('',#11561,(#11565,#11572),.PCURVE_S1.);
#11561 = B_SPLINE_CURVE_WITH_KNOTS('',2,(#11562,#11563,#11564),
  .UNSPECIFIED.,.F.,.F.,(3,3),(0.,1.),.PIECEWISE_BEZIER_KNOTS.);
#11562 = CARTESIAN_POINT('',(1.375,-1.4,16.545003000895));
#11563 = CARTESIAN_POINT('',(2.534993489583,-1.4,16.545003000895));
#11564 = CARTESIAN_POINT('',(2.534993489583,-1.4,14.68499323527));
#11565 = PCURVE('',#9665,#11566);
#11566 = DEFINITIONAL_REPRESENTATION('',(#11567),#11571);
#11567 = LINE('',#11568,#11569);
#11568 = CARTESIAN_POINT('',(0.,-0.2));
#11569 = VECTOR('',#11570,1.);
#11570 = DIRECTION('',(1.,0.));
#11571 = ( GEOMETRIC_REPRESENTATION_CONTEXT(2) 
PARAMETRIC_REPRESENTATION_CONTEXT() REPRESENTATION_CONTEXT('2D SPACE',''
  ) );
#11572 = PCURVE('',#11352,#11573);
#11573 = DEFINITIONAL_REPRESENTATION('',(#11574),#11578);
#11574 = B_SPLINE_CURVE_WITH_KNOTS('',2,(#11575,#11576,#11577),
  .UNSPECIFIED.,.F.,.F.,(3,3),(0.,1.),.PIECEWISE_BEZIER_KNOTS.);
#11575 = CARTESIAN_POINT('',(1.375,3.545003255208));
#11576 = CARTESIAN_POINT('',(2.534993489583,3.545003255208));
#11577 = CARTESIAN_POINT('',(2.534993489583,1.684993489583));
#11578 = ( GEOMETRIC_REPRESENTATION_CONTEXT(2) 
PARAMETRIC_REPRESENTATION_CONTEXT() REPRESENTATION_CONTEXT('2D SPACE',''
  ) );
#11579 = ORIENTED_EDGE('',*,*,#11487,.F.);
#11580 = ORIENTED_EDGE('',*,*,#9649,.F.);
#11581 = ADVANCED_FACE('',(#11582),#9635,.T.);
#11582 = FACE_BOUND('',#11583,.T.);
#11583 = EDGE_LOOP('',(#11584,#11607,#11628,#11629));
#11584 = ORIENTED_EDGE('',*,*,#11585,.T.);
#11585 = EDGE_CURVE('',#9590,#11586,#11588,.T.);
#11586 = VERTEX_POINT('',#11587);
#11587 = CARTESIAN_POINT('',(1.0625,-1.4,16.505004628499));
#11588 = SURFACE_CURVE('',#11589,(#11593,#11600),.PCURVE_S1.);
#11589 = LINE('',#11590,#11591);
#11590 = CARTESIAN_POINT('',(1.0625,-1.6,16.505004628499));
#11591 = VECTOR('',#11592,1.);
#11592 = DIRECTION('',(-0.,1.,-0.));
#11593 = PCURVE('',#9635,#11594);
#11594 = DEFINITIONAL_REPRESENTATION('',(#11595),#11599);
#11595 = LINE('',#11596,#11597);
#11596 = CARTESIAN_POINT('',(0.,0.));
#11597 = VECTOR('',#11598,1.);
#11598 = DIRECTION('',(0.,-1.));
#11599 = ( GEOMETRIC_REPRESENTATION_CONTEXT(2) 
PARAMETRIC_REPRESENTATION_CONTEXT() REPRESENTATION_CONTEXT('2D SPACE',''
  ) );
#11600 = PCURVE('',#9605,#11601);
#11601 = DEFINITIONAL_REPRESENTATION('',(#11602),#11606);
#11602 = LINE('',#11603,#11604);
#11603 = CARTESIAN_POINT('',(1.,0.));
#11604 = VECTOR('',#11605,1.);
#11605 = DIRECTION('',(0.,-1.));
#11606 = ( GEOMETRIC_REPRESENTATION_CONTEXT(2) 
PARAMETRIC_REPRESENTATION_CONTEXT() REPRESENTATION_CONTEXT('2D SPACE',''
  ) );
#11607 = ORIENTED_EDGE('',*,*,#11608,.T.);
#11608 = EDGE_CURVE('',#11586,#11537,#11609,.T.);
#11609 = SURFACE_CURVE('',#11610,(#11614,#11621),.PCURVE_S1.);
#11610 = B_SPLINE_CURVE_WITH_KNOTS('',2,(#11611,#11612,#11613),
  .UNSPECIFIED.,.F.,.F.,(3,3),(0.,1.),.PIECEWISE_BEZIER_KNOTS.);
#11611 = CARTESIAN_POINT('',(1.0625,-1.4,16.505004628499));
#11612 = CARTESIAN_POINT('',(1.209993489583,-1.4,16.545003000895));
#11613 = CARTESIAN_POINT('',(1.375,-1.4,16.545003000895));
#11614 = PCURVE('',#9635,#11615);
#11615 = DEFINITIONAL_REPRESENTATION('',(#11616),#11620);
#11616 = LINE('',#11617,#11618);
#11617 = CARTESIAN_POINT('',(0.,-0.2));
#11618 = VECTOR('',#11619,1.);
#11619 = DIRECTION('',(1.,0.));
#11620 = ( GEOMETRIC_REPRESENTATION_CONTEXT(2) 
PARAMETRIC_REPRESENTATION_CONTEXT() REPRESENTATION_CONTEXT('2D SPACE',''
  ) );
#11621 = PCURVE('',#11352,#11622);
#11622 = DEFINITIONAL_REPRESENTATION('',(#11623),#11627);
#11623 = B_SPLINE_CURVE_WITH_KNOTS('',2,(#11624,#11625,#11626),
  .UNSPECIFIED.,.F.,.F.,(3,3),(0.,1.),.PIECEWISE_BEZIER_KNOTS.);
#11624 = CARTESIAN_POINT('',(1.0625,3.505004882812));
#11625 = CARTESIAN_POINT('',(1.209993489583,3.545003255208));
#11626 = CARTESIAN_POINT('',(1.375,3.545003255208));
#11627 = ( GEOMETRIC_REPRESENTATION_CONTEXT(2) 
PARAMETRIC_REPRESENTATION_CONTEXT() REPRESENTATION_CONTEXT('2D SPACE',''
  ) );
#11628 = ORIENTED_EDGE('',*,*,#11536,.F.);
#11629 = ORIENTED_EDGE('',*,*,#9619,.F.);
#11630 = ADVANCED_FACE('',(#11631),#9605,.T.);
#11631 = FACE_BOUND('',#11632,.T.);
#11632 = EDGE_LOOP('',(#11633,#11656,#11677,#11678));
#11633 = ORIENTED_EDGE('',*,*,#11634,.T.);
#11634 = EDGE_CURVE('',#9560,#11635,#11637,.T.);
#11635 = VERTEX_POINT('',#11636);
#11636 = CARTESIAN_POINT('',(0.755004882812,-1.4,16.345003000895));
#11637 = SURFACE_CURVE('',#11638,(#11642,#11649),.PCURVE_S1.);
#11638 = LINE('',#11639,#11640);
#11639 = CARTESIAN_POINT('',(0.755004882812,-1.6,16.345003000895));
#11640 = VECTOR('',#11641,1.);
#11641 = DIRECTION('',(-0.,1.,-0.));
#11642 = PCURVE('',#9605,#11643);
#11643 = DEFINITIONAL_REPRESENTATION('',(#11644),#11648);
#11644 = LINE('',#11645,#11646);
#11645 = CARTESIAN_POINT('',(0.,0.));
#11646 = VECTOR('',#11647,1.);
#11647 = DIRECTION('',(0.,-1.));
#11648 = ( GEOMETRIC_REPRESENTATION_CONTEXT(2) 
PARAMETRIC_REPRESENTATION_CONTEXT() REPRESENTATION_CONTEXT('2D SPACE',''
  ) );
#11649 = PCURVE('',#9575,#11650);
#11650 = DEFINITIONAL_REPRESENTATION('',(#11651),#11655);
#11651 = LINE('',#11652,#11653);
#11652 = CARTESIAN_POINT('',(1.,0.));
#11653 = VECTOR('',#11654,1.);
#11654 = DIRECTION('',(0.,-1.));
#11655 = ( GEOMETRIC_REPRESENTATION_CONTEXT(2) 
PARAMETRIC_REPRESENTATION_CONTEXT() REPRESENTATION_CONTEXT('2D SPACE',''
  ) );
#11656 = ORIENTED_EDGE('',*,*,#11657,.T.);
#11657 = EDGE_CURVE('',#11635,#11586,#11658,.T.);
#11658 = SURFACE_CURVE('',#11659,(#11663,#11670),.PCURVE_S1.);
#11659 = B_SPLINE_CURVE_WITH_KNOTS('',2,(#11660,#11661,#11662),
  .UNSPECIFIED.,.F.,.F.,(3,3),(0.,1.),.PIECEWISE_BEZIER_KNOTS.);
#11660 = CARTESIAN_POINT('',(0.755004882812,-1.4,16.345003000895));
#11661 = CARTESIAN_POINT('',(0.915006510417,-1.4,16.465006256104));
#11662 = CARTESIAN_POINT('',(1.0625,-1.4,16.505004628499));
#11663 = PCURVE('',#9605,#11664);
#11664 = DEFINITIONAL_REPRESENTATION('',(#11665),#11669);
#11665 = LINE('',#11666,#11667);
#11666 = CARTESIAN_POINT('',(0.,-0.2));
#11667 = VECTOR('',#11668,1.);
#11668 = DIRECTION('',(1.,0.));
#11669 = ( GEOMETRIC_REPRESENTATION_CONTEXT(2) 
PARAMETRIC_REPRESENTATION_CONTEXT() REPRESENTATION_CONTEXT('2D SPACE',''
  ) );
#11670 = PCURVE('',#11352,#11671);
#11671 = DEFINITIONAL_REPRESENTATION('',(#11672),#11676);
#11672 = B_SPLINE_CURVE_WITH_KNOTS('',2,(#11673,#11674,#11675),
  .UNSPECIFIED.,.F.,.F.,(3,3),(0.,1.),.PIECEWISE_BEZIER_KNOTS.);
#11673 = CARTESIAN_POINT('',(0.755004882812,3.345003255208));
#11674 = CARTESIAN_POINT('',(0.915006510417,3.465006510417));
#11675 = CARTESIAN_POINT('',(1.0625,3.505004882812));
#11676 = ( GEOMETRIC_REPRESENTATION_CONTEXT(2) 
PARAMETRIC_REPRESENTATION_CONTEXT() REPRESENTATION_CONTEXT('2D SPACE',''
  ) );
#11677 = ORIENTED_EDGE('',*,*,#11585,.F.);
#11678 = ORIENTED_EDGE('',*,*,#9589,.F.);
#11679 = ADVANCED_FACE('',(#11680),#9575,.T.);
#11680 = FACE_BOUND('',#11681,.T.);
#11681 = EDGE_LOOP('',(#11682,#11705,#11726,#11727));
#11682 = ORIENTED_EDGE('',*,*,#11683,.T.);
#11683 = EDGE_CURVE('',#9530,#11684,#11686,.T.);
#11684 = VERTEX_POINT('',#11685);
#11685 = CARTESIAN_POINT('',(0.480004882812,-1.4,16.032503000895));
#11686 = SURFACE_CURVE('',#11687,(#11691,#11698),.PCURVE_S1.);
#11687 = LINE('',#11688,#11689);
#11688 = CARTESIAN_POINT('',(0.480004882812,-1.6,16.032503000895));
#11689 = VECTOR('',#11690,1.);
#11690 = DIRECTION('',(-0.,1.,-0.));
#11691 = PCURVE('',#9575,#11692);
#11692 = DEFINITIONAL_REPRESENTATION('',(#11693),#11697);
#11693 = LINE('',#11694,#11695);
#11694 = CARTESIAN_POINT('',(0.,0.));
#11695 = VECTOR('',#11696,1.);
#11696 = DIRECTION('',(0.,-1.));
#11697 = ( GEOMETRIC_REPRESENTATION_CONTEXT(2) 
PARAMETRIC_REPRESENTATION_CONTEXT() REPRESENTATION_CONTEXT('2D SPACE',''
  ) );
#11698 = PCURVE('',#9545,#11699);
#11699 = DEFINITIONAL_REPRESENTATION('',(#11700),#11704);
#11700 = LINE('',#11701,#11702);
#11701 = CARTESIAN_POINT('',(1.,0.));
#11702 = VECTOR('',#11703,1.);
#11703 = DIRECTION('',(0.,-1.));
#11704 = ( GEOMETRIC_REPRESENTATION_CONTEXT(2) 
PARAMETRIC_REPRESENTATION_CONTEXT() REPRESENTATION_CONTEXT('2D SPACE',''
  ) );
#11705 = ORIENTED_EDGE('',*,*,#11706,.T.);
#11706 = EDGE_CURVE('',#11684,#11635,#11707,.T.);
#11707 = SURFACE_CURVE('',#11708,(#11712,#11719),.PCURVE_S1.);
#11708 = B_SPLINE_CURVE_WITH_KNOTS('',2,(#11709,#11710,#11711),
  .UNSPECIFIED.,.F.,.F.,(3,3),(0.,1.),.PIECEWISE_BEZIER_KNOTS.);
#11709 = CARTESIAN_POINT('',(0.480004882812,-1.4,16.032503000895));
#11710 = CARTESIAN_POINT('',(0.595003255208,-1.4,16.224999745687));
#11711 = CARTESIAN_POINT('',(0.755004882812,-1.4,16.345003000895));
#11712 = PCURVE('',#9575,#11713);
#11713 = DEFINITIONAL_REPRESENTATION('',(#11714),#11718);
#11714 = LINE('',#11715,#11716);
#11715 = CARTESIAN_POINT('',(0.,-0.2));
#11716 = VECTOR('',#11717,1.);
#11717 = DIRECTION('',(1.,0.));
#11718 = ( GEOMETRIC_REPRESENTATION_CONTEXT(2) 
PARAMETRIC_REPRESENTATION_CONTEXT() REPRESENTATION_CONTEXT('2D SPACE',''
  ) );
#11719 = PCURVE('',#11352,#11720);
#11720 = DEFINITIONAL_REPRESENTATION('',(#11721),#11725);
#11721 = B_SPLINE_CURVE_WITH_KNOTS('',2,(#11722,#11723,#11724),
  .UNSPECIFIED.,.F.,.F.,(3,3),(0.,1.),.PIECEWISE_BEZIER_KNOTS.);
#11722 = CARTESIAN_POINT('',(0.480004882812,3.032503255208));
#11723 = CARTESIAN_POINT('',(0.595003255208,3.225));
#11724 = CARTESIAN_POINT('',(0.755004882812,3.345003255208));
#11725 = ( GEOMETRIC_REPRESENTATION_CONTEXT(2) 
PARAMETRIC_REPRESENTATION_CONTEXT() REPRESENTATION_CONTEXT('2D SPACE',''
  ) );
#11726 = ORIENTED_EDGE('',*,*,#11634,.F.);
#11727 = ORIENTED_EDGE('',*,*,#9559,.F.);
#11728 = ADVANCED_FACE('',(#11729),#9545,.T.);
#11729 = FACE_BOUND('',#11730,.T.);
#11730 = EDGE_LOOP('',(#11731,#11754,#11775,#11776));
#11731 = ORIENTED_EDGE('',*,*,#11732,.T.);
#11732 = EDGE_CURVE('',#9500,#11733,#11735,.T.);
#11733 = VERTEX_POINT('',#11734);
#11734 = CARTESIAN_POINT('',(0.290006510417,-1.4,15.499999745687));
#11735 = SURFACE_CURVE('',#11736,(#11740,#11747),.PCURVE_S1.);
#11736 = LINE('',#11737,#11738);
#11737 = CARTESIAN_POINT('',(0.290006510417,-1.6,15.499999745687));
#11738 = VECTOR('',#11739,1.);
#11739 = DIRECTION('',(-0.,1.,-0.));
#11740 = PCURVE('',#9545,#11741);
#11741 = DEFINITIONAL_REPRESENTATION('',(#11742),#11746);
#11742 = LINE('',#11743,#11744);
#11743 = CARTESIAN_POINT('',(0.,0.));
#11744 = VECTOR('',#11745,1.);
#11745 = DIRECTION('',(0.,-1.));
#11746 = ( GEOMETRIC_REPRESENTATION_CONTEXT(2) 
PARAMETRIC_REPRESENTATION_CONTEXT() REPRESENTATION_CONTEXT('2D SPACE',''
  ) );
#11747 = PCURVE('',#9515,#11748);
#11748 = DEFINITIONAL_REPRESENTATION('',(#11749),#11753);
#11749 = LINE('',#11750,#11751);
#11750 = CARTESIAN_POINT('',(1.,0.));
#11751 = VECTOR('',#11752,1.);
#11752 = DIRECTION('',(0.,-1.));
#11753 = ( GEOMETRIC_REPRESENTATION_CONTEXT(2) 
PARAMETRIC_REPRESENTATION_CONTEXT() REPRESENTATION_CONTEXT('2D SPACE',''
  ) );
#11754 = ORIENTED_EDGE('',*,*,#11755,.T.);
#11755 = EDGE_CURVE('',#11733,#11684,#11756,.T.);
#11756 = SURFACE_CURVE('',#11757,(#11761,#11768),.PCURVE_S1.);
#11757 = B_SPLINE_CURVE_WITH_KNOTS('',2,(#11758,#11759,#11760),
  .UNSPECIFIED.,.F.,.F.,(3,3),(0.,1.),.PIECEWISE_BEZIER_KNOTS.);
#11758 = CARTESIAN_POINT('',(0.290006510417,-1.4,15.499999745687));
#11759 = CARTESIAN_POINT('',(0.365006510417,-1.4,15.840006256104));
#11760 = CARTESIAN_POINT('',(0.480004882812,-1.4,16.032503000895));
#11761 = PCURVE('',#9545,#11762);
#11762 = DEFINITIONAL_REPRESENTATION('',(#11763),#11767);
#11763 = LINE('',#11764,#11765);
#11764 = CARTESIAN_POINT('',(0.,-0.2));
#11765 = VECTOR('',#11766,1.);
#11766 = DIRECTION('',(1.,0.));
#11767 = ( GEOMETRIC_REPRESENTATION_CONTEXT(2) 
PARAMETRIC_REPRESENTATION_CONTEXT() REPRESENTATION_CONTEXT('2D SPACE',''
  ) );
#11768 = PCURVE('',#11352,#11769);
#11769 = DEFINITIONAL_REPRESENTATION('',(#11770),#11774);
#11770 = B_SPLINE_CURVE_WITH_KNOTS('',2,(#11771,#11772,#11773),
  .UNSPECIFIED.,.F.,.F.,(3,3),(0.,1.),.PIECEWISE_BEZIER_KNOTS.);
#11771 = CARTESIAN_POINT('',(0.290006510417,2.5));
#11772 = CARTESIAN_POINT('',(0.365006510417,2.840006510417));
#11773 = CARTESIAN_POINT('',(0.480004882812,3.032503255208));
#11774 = ( GEOMETRIC_REPRESENTATION_CONTEXT(2) 
PARAMETRIC_REPRESENTATION_CONTEXT() REPRESENTATION_CONTEXT('2D SPACE',''
  ) );
#11775 = ORIENTED_EDGE('',*,*,#11683,.F.);
#11776 = ORIENTED_EDGE('',*,*,#9529,.F.);
#11777 = ADVANCED_FACE('',(#11778),#9515,.T.);
#11778 = FACE_BOUND('',#11779,.T.);
#11779 = EDGE_LOOP('',(#11780,#11781,#11802,#11803));
#11780 = ORIENTED_EDGE('',*,*,#11364,.T.);
#11781 = ORIENTED_EDGE('',*,*,#11782,.T.);
#11782 = EDGE_CURVE('',#11337,#11733,#11783,.T.);
#11783 = SURFACE_CURVE('',#11784,(#11788,#11795),.PCURVE_S1.);
#11784 = B_SPLINE_CURVE_WITH_KNOTS('',2,(#11785,#11786,#11787),
  .UNSPECIFIED.,.F.,.F.,(3,3),(0.,1.),.PIECEWISE_BEZIER_KNOTS.);
#11785 = CARTESIAN_POINT('',(0.215006510417,-1.4,14.715006256104));
#11786 = CARTESIAN_POINT('',(0.215006510417,-1.4,15.15999323527));
#11787 = CARTESIAN_POINT('',(0.290006510417,-1.4,15.499999745687));
#11788 = PCURVE('',#9515,#11789);
#11789 = DEFINITIONAL_REPRESENTATION('',(#11790),#11794);
#11790 = LINE('',#11791,#11792);
#11791 = CARTESIAN_POINT('',(0.,-0.2));
#11792 = VECTOR('',#11793,1.);
#11793 = DIRECTION('',(1.,0.));
#11794 = ( GEOMETRIC_REPRESENTATION_CONTEXT(2) 
PARAMETRIC_REPRESENTATION_CONTEXT() REPRESENTATION_CONTEXT('2D SPACE',''
  ) );
#11795 = PCURVE('',#11352,#11796);
#11796 = DEFINITIONAL_REPRESENTATION('',(#11797),#11801);
#11797 = B_SPLINE_CURVE_WITH_KNOTS('',2,(#11798,#11799,#11800),
  .UNSPECIFIED.,.F.,.F.,(3,3),(0.,1.),.PIECEWISE_BEZIER_KNOTS.);
#11798 = CARTESIAN_POINT('',(0.215006510417,1.715006510417));
#11799 = CARTESIAN_POINT('',(0.215006510417,2.159993489583));
#11800 = CARTESIAN_POINT('',(0.290006510417,2.5));
#11801 = ( GEOMETRIC_REPRESENTATION_CONTEXT(2) 
PARAMETRIC_REPRESENTATION_CONTEXT() REPRESENTATION_CONTEXT('2D SPACE',''
  ) );
#11802 = ORIENTED_EDGE('',*,*,#11732,.F.);
#11803 = ORIENTED_EDGE('',*,*,#9499,.F.);
#11804 = ADVANCED_FACE('',(#11805),#9949,.F.);
#11805 = FACE_BOUND('',#11806,.F.);
#11806 = EDGE_LOOP('',(#11807,#11808,#11829,#11830));
#11807 = ORIENTED_EDGE('',*,*,#10155,.F.);
#11808 = ORIENTED_EDGE('',*,*,#11809,.T.);
#11809 = EDGE_CURVE('',#10133,#9906,#11810,.T.);
#11810 = SURFACE_CURVE('',#11811,(#11815,#11822),.PCURVE_S1.);
#11811 = LINE('',#11812,#11813);
#11812 = CARTESIAN_POINT('',(-3.65,-0.475,19.9));
#11813 = VECTOR('',#11814,1.);
#11814 = DIRECTION('',(0.,-1.,0.));
#11815 = PCURVE('',#9949,#11816);
#11816 = DEFINITIONAL_REPRESENTATION('',(#11817),#11821);
#11817 = LINE('',#11818,#11819);
#11818 = CARTESIAN_POINT('',(3.6,-0.125));
#11819 = VECTOR('',#11820,1.);
#11820 = DIRECTION('',(0.,-1.));
#11821 = ( GEOMETRIC_REPRESENTATION_CONTEXT(2) 
PARAMETRIC_REPRESENTATION_CONTEXT() REPRESENTATION_CONTEXT('2D SPACE',''
  ) );
#11822 = PCURVE('',#9921,#11823);
#11823 = DEFINITIONAL_REPRESENTATION('',(#11824),#11828);
#11824 = LINE('',#11825,#11826);
#11825 = CARTESIAN_POINT('',(0.5,-0.125));
#11826 = VECTOR('',#11827,1.);
#11827 = DIRECTION('',(0.,1.));
#11828 = ( GEOMETRIC_REPRESENTATION_CONTEXT(2) 
PARAMETRIC_REPRESENTATION_CONTEXT() REPRESENTATION_CONTEXT('2D SPACE',''
  ) );
#11829 = ORIENTED_EDGE('',*,*,#9933,.T.);
#11830 = ORIENTED_EDGE('',*,*,#10010,.T.);
#11831 = ADVANCED_FACE('',(#11832),#9921,.F.);
#11832 = FACE_BOUND('',#11833,.F.);
#11833 = EDGE_LOOP('',(#11834,#11864,#11885,#11886,#11887,#11888,#11911,
    #11939));
#11834 = ORIENTED_EDGE('',*,*,#11835,.F.);
#11835 = EDGE_CURVE('',#11836,#11838,#11840,.T.);
#11836 = VERTEX_POINT('',#11837);
#11837 = CARTESIAN_POINT('',(-3.65,-0.6,19.4));
#11838 = VERTEX_POINT('',#11839);
#11839 = CARTESIAN_POINT('',(-3.65,-0.6,20.8));
#11840 = SURFACE_CURVE('',#11841,(#11845,#11852),.PCURVE_S1.);
#11841 = LINE('',#11842,#11843);
#11842 = CARTESIAN_POINT('',(-3.65,-0.6,19.4));
#11843 = VECTOR('',#11844,1.);
#11844 = DIRECTION('',(0.,0.,1.));
#11845 = PCURVE('',#9921,#11846);
#11846 = DEFINITIONAL_REPRESENTATION('',(#11847),#11851);
#11847 = LINE('',#11848,#11849);
#11848 = CARTESIAN_POINT('',(0.,0.));
#11849 = VECTOR('',#11850,1.);
#11850 = DIRECTION('',(1.,0.));
#11851 = ( GEOMETRIC_REPRESENTATION_CONTEXT(2) 
PARAMETRIC_REPRESENTATION_CONTEXT() REPRESENTATION_CONTEXT('2D SPACE',''
  ) );
#11852 = PCURVE('',#11853,#11858);
#11853 = PLANE('',#11854);
#11854 = AXIS2_PLACEMENT_3D('',#11855,#11856,#11857);
#11855 = CARTESIAN_POINT('',(-5.65,-0.6,19.4));
#11856 = DIRECTION('',(0.,1.,0.));
#11857 = DIRECTION('',(0.,0.,1.));
#11858 = DEFINITIONAL_REPRESENTATION('',(#11859),#11863);
#11859 = LINE('',#11860,#11861);
#11860 = CARTESIAN_POINT('',(0.,2.));
#11861 = VECTOR('',#11862,1.);
#11862 = DIRECTION('',(1.,0.));
#11863 = ( GEOMETRIC_REPRESENTATION_CONTEXT(2) 
PARAMETRIC_REPRESENTATION_CONTEXT() REPRESENTATION_CONTEXT('2D SPACE',''
  ) );
#11864 = ORIENTED_EDGE('',*,*,#11865,.T.);
#11865 = EDGE_CURVE('',#11836,#9878,#11866,.T.);
#11866 = SURFACE_CURVE('',#11867,(#11871,#11878),.PCURVE_S1.);
#11867 = LINE('',#11868,#11869);
#11868 = CARTESIAN_POINT('',(-3.65,-0.6,19.4));
#11869 = VECTOR('',#11870,1.);
#11870 = DIRECTION('',(0.,1.,0.));
#11871 = PCURVE('',#9921,#11872);
#11872 = DEFINITIONAL_REPRESENTATION('',(#11873),#11877);
#11873 = LINE('',#11874,#11875);
#11874 = CARTESIAN_POINT('',(0.,0.));
#11875 = VECTOR('',#11876,1.);
#11876 = DIRECTION('',(0.,-1.));
#11877 = ( GEOMETRIC_REPRESENTATION_CONTEXT(2) 
PARAMETRIC_REPRESENTATION_CONTEXT() REPRESENTATION_CONTEXT('2D SPACE',''
  ) );
#11878 = PCURVE('',#9893,#11879);
#11879 = DEFINITIONAL_REPRESENTATION('',(#11880),#11884);
#11880 = LINE('',#11881,#11882);
#11881 = CARTESIAN_POINT('',(2.,0.));
#11882 = VECTOR('',#11883,1.);
#11883 = DIRECTION('',(0.,1.));
#11884 = ( GEOMETRIC_REPRESENTATION_CONTEXT(2) 
PARAMETRIC_REPRESENTATION_CONTEXT() REPRESENTATION_CONTEXT('2D SPACE',''
  ) );
#11885 = ORIENTED_EDGE('',*,*,#9905,.T.);
#11886 = ORIENTED_EDGE('',*,*,#11809,.F.);
#11887 = ORIENTED_EDGE('',*,*,#10132,.F.);
#11888 = ORIENTED_EDGE('',*,*,#11889,.T.);
#11889 = EDGE_CURVE('',#10105,#11890,#11892,.T.);
#11890 = VERTEX_POINT('',#11891);
#11891 = CARTESIAN_POINT('',(-3.65,0.6,19.4));
#11892 = SURFACE_CURVE('',#11893,(#11897,#11904),.PCURVE_S1.);
#11893 = LINE('',#11894,#11895);
#11894 = CARTESIAN_POINT('',(-3.65,-0.6,19.4));
#11895 = VECTOR('',#11896,1.);
#11896 = DIRECTION('',(0.,1.,0.));
#11897 = PCURVE('',#9921,#11898);
#11898 = DEFINITIONAL_REPRESENTATION('',(#11899),#11903);
#11899 = LINE('',#11900,#11901);
#11900 = CARTESIAN_POINT('',(0.,0.));
#11901 = VECTOR('',#11902,1.);
#11902 = DIRECTION('',(0.,-1.));
#11903 = ( GEOMETRIC_REPRESENTATION_CONTEXT(2) 
PARAMETRIC_REPRESENTATION_CONTEXT() REPRESENTATION_CONTEXT('2D SPACE',''
  ) );
#11904 = PCURVE('',#10120,#11905);
#11905 = DEFINITIONAL_REPRESENTATION('',(#11906),#11910);
#11906 = LINE('',#11907,#11908);
#11907 = CARTESIAN_POINT('',(2.,0.));
#11908 = VECTOR('',#11909,1.);
#11909 = DIRECTION('',(0.,1.));
#11910 = ( GEOMETRIC_REPRESENTATION_CONTEXT(2) 
PARAMETRIC_REPRESENTATION_CONTEXT() REPRESENTATION_CONTEXT('2D SPACE',''
  ) );
#11911 = ORIENTED_EDGE('',*,*,#11912,.T.);
#11912 = EDGE_CURVE('',#11890,#11913,#11915,.T.);
#11913 = VERTEX_POINT('',#11914);
#11914 = CARTESIAN_POINT('',(-3.65,0.6,20.8));
#11915 = SURFACE_CURVE('',#11916,(#11920,#11927),.PCURVE_S1.);
#11916 = LINE('',#11917,#11918);
#11917 = CARTESIAN_POINT('',(-3.65,0.6,19.4));
#11918 = VECTOR('',#11919,1.);
#11919 = DIRECTION('',(0.,0.,1.));
#11920 = PCURVE('',#9921,#11921);
#11921 = DEFINITIONAL_REPRESENTATION('',(#11922),#11926);
#11922 = LINE('',#11923,#11924);
#11923 = CARTESIAN_POINT('',(0.,-1.2));
#11924 = VECTOR('',#11925,1.);
#11925 = DIRECTION('',(1.,0.));
#11926 = ( GEOMETRIC_REPRESENTATION_CONTEXT(2) 
PARAMETRIC_REPRESENTATION_CONTEXT() REPRESENTATION_CONTEXT('2D SPACE',''
  ) );
#11927 = PCURVE('',#11928,#11933);
#11928 = PLANE('',#11929);
#11929 = AXIS2_PLACEMENT_3D('',#11930,#11931,#11932);
#11930 = CARTESIAN_POINT('',(-5.65,0.6,19.4));
#11931 = DIRECTION('',(0.,1.,0.));
#11932 = DIRECTION('',(0.,0.,1.));
#11933 = DEFINITIONAL_REPRESENTATION('',(#11934),#11938);
#11934 = LINE('',#11935,#11936);
#11935 = CARTESIAN_POINT('',(0.,2.));
#11936 = VECTOR('',#11937,1.);
#11937 = DIRECTION('',(1.,0.));
#11938 = ( GEOMETRIC_REPRESENTATION_CONTEXT(2) 
PARAMETRIC_REPRESENTATION_CONTEXT() REPRESENTATION_CONTEXT('2D SPACE',''
  ) );
#11939 = ORIENTED_EDGE('',*,*,#11940,.F.);
#11940 = EDGE_CURVE('',#11838,#11913,#11941,.T.);
#11941 = SURFACE_CURVE('',#11942,(#11946,#11953),.PCURVE_S1.);
#11942 = LINE('',#11943,#11944);
#11943 = CARTESIAN_POINT('',(-3.65,-1.575,20.8));
#11944 = VECTOR('',#11945,1.);
#11945 = DIRECTION('',(0.,1.,0.));
#11946 = PCURVE('',#9921,#11947);
#11947 = DEFINITIONAL_REPRESENTATION('',(#11948),#11952);
#11948 = LINE('',#11949,#11950);
#11949 = CARTESIAN_POINT('',(1.4,0.975));
#11950 = VECTOR('',#11951,1.);
#11951 = DIRECTION('',(0.,-1.));
#11952 = ( GEOMETRIC_REPRESENTATION_CONTEXT(2) 
PARAMETRIC_REPRESENTATION_CONTEXT() REPRESENTATION_CONTEXT('2D SPACE',''
  ) );
#11953 = PCURVE('',#11954,#11959);
#11954 = PLANE('',#11955);
#11955 = AXIS2_PLACEMENT_3D('',#11956,#11957,#11958);
#11956 = CARTESIAN_POINT('',(-9.55,-2.55,20.8));
#11957 = DIRECTION('',(0.,0.,1.));
#11958 = DIRECTION('',(1.,0.,0.));
#11959 = DEFINITIONAL_REPRESENTATION('',(#11960),#11964);
#11960 = LINE('',#11961,#11962);
#11961 = CARTESIAN_POINT('',(5.9,0.975));
#11962 = VECTOR('',#11963,1.);
#11963 = DIRECTION('',(0.,1.));
#11964 = ( GEOMETRIC_REPRESENTATION_CONTEXT(2) 
PARAMETRIC_REPRESENTATION_CONTEXT() REPRESENTATION_CONTEXT('2D SPACE',''
  ) );
#11965 = ADVANCED_FACE('',(#11966),#9893,.T.);
#11966 = FACE_BOUND('',#11967,.T.);
#11967 = EDGE_LOOP('',(#11968,#11991,#12012,#12013));
#11968 = ORIENTED_EDGE('',*,*,#11969,.F.);
#11969 = EDGE_CURVE('',#11970,#9850,#11972,.T.);
#11970 = VERTEX_POINT('',#11971);
#11971 = CARTESIAN_POINT('',(-5.65,-0.6,19.4));
#11972 = SURFACE_CURVE('',#11973,(#11977,#11984),.PCURVE_S1.);
#11973 = LINE('',#11974,#11975);
#11974 = CARTESIAN_POINT('',(-5.65,-0.6,19.4));
#11975 = VECTOR('',#11976,1.);
#11976 = DIRECTION('',(0.,1.,0.));
#11977 = PCURVE('',#9893,#11978);
#11978 = DEFINITIONAL_REPRESENTATION('',(#11979),#11983);
#11979 = LINE('',#11980,#11981);
#11980 = CARTESIAN_POINT('',(0.,0.));
#11981 = VECTOR('',#11982,1.);
#11982 = DIRECTION('',(0.,1.));
#11983 = ( GEOMETRIC_REPRESENTATION_CONTEXT(2) 
PARAMETRIC_REPRESENTATION_CONTEXT() REPRESENTATION_CONTEXT('2D SPACE',''
  ) );
#11984 = PCURVE('',#9865,#11985);
#11985 = DEFINITIONAL_REPRESENTATION('',(#11986),#11990);
#11986 = LINE('',#11987,#11988);
#11987 = CARTESIAN_POINT('',(0.,0.));
#11988 = VECTOR('',#11989,1.);
#11989 = DIRECTION('',(0.,-1.));
#11990 = ( GEOMETRIC_REPRESENTATION_CONTEXT(2) 
PARAMETRIC_REPRESENTATION_CONTEXT() REPRESENTATION_CONTEXT('2D SPACE',''
  ) );
#11991 = ORIENTED_EDGE('',*,*,#11992,.T.);
#11992 = EDGE_CURVE('',#11970,#11836,#11993,.T.);
#11993 = SURFACE_CURVE('',#11994,(#11998,#12005),.PCURVE_S1.);
#11994 = LINE('',#11995,#11996);
#11995 = CARTESIAN_POINT('',(-5.65,-0.6,19.4));
#11996 = VECTOR('',#11997,1.);
#11997 = DIRECTION('',(1.,0.,0.));
#11998 = PCURVE('',#9893,#11999);
#11999 = DEFINITIONAL_REPRESENTATION('',(#12000),#12004);
#12000 = LINE('',#12001,#12002);
#12001 = CARTESIAN_POINT('',(0.,0.));
#12002 = VECTOR('',#12003,1.);
#12003 = DIRECTION('',(1.,0.));
#12004 = ( GEOMETRIC_REPRESENTATION_CONTEXT(2) 
PARAMETRIC_REPRESENTATION_CONTEXT() REPRESENTATION_CONTEXT('2D SPACE',''
  ) );
#12005 = PCURVE('',#11853,#12006);
#12006 = DEFINITIONAL_REPRESENTATION('',(#12007),#12011);
#12007 = LINE('',#12008,#12009);
#12008 = CARTESIAN_POINT('',(0.,0.));
#12009 = VECTOR('',#12010,1.);
#12010 = DIRECTION('',(0.,1.));
#12011 = ( GEOMETRIC_REPRESENTATION_CONTEXT(2) 
PARAMETRIC_REPRESENTATION_CONTEXT() REPRESENTATION_CONTEXT('2D SPACE',''
  ) );
#12012 = ORIENTED_EDGE('',*,*,#11865,.T.);
#12013 = ORIENTED_EDGE('',*,*,#9877,.T.);
#12014 = ADVANCED_FACE('',(#12015),#9865,.T.);
#12015 = FACE_BOUND('',#12016,.T.);
#12016 = EDGE_LOOP('',(#12017,#12040,#12041,#12042,#12063,#12064,#12087,
    #12110));
#12017 = ORIENTED_EDGE('',*,*,#12018,.F.);
#12018 = EDGE_CURVE('',#11970,#12019,#12021,.T.);
#12019 = VERTEX_POINT('',#12020);
#12020 = CARTESIAN_POINT('',(-5.65,-0.6,20.8));
#12021 = SURFACE_CURVE('',#12022,(#12026,#12033),.PCURVE_S1.);
#12022 = LINE('',#12023,#12024);
#12023 = CARTESIAN_POINT('',(-5.65,-0.6,19.4));
#12024 = VECTOR('',#12025,1.);
#12025 = DIRECTION('',(0.,0.,1.));
#12026 = PCURVE('',#9865,#12027);
#12027 = DEFINITIONAL_REPRESENTATION('',(#12028),#12032);
#12028 = LINE('',#12029,#12030);
#12029 = CARTESIAN_POINT('',(0.,0.));
#12030 = VECTOR('',#12031,1.);
#12031 = DIRECTION('',(1.,0.));
#12032 = ( GEOMETRIC_REPRESENTATION_CONTEXT(2) 
PARAMETRIC_REPRESENTATION_CONTEXT() REPRESENTATION_CONTEXT('2D SPACE',''
  ) );
#12033 = PCURVE('',#11853,#12034);
#12034 = DEFINITIONAL_REPRESENTATION('',(#12035),#12039);
#12035 = LINE('',#12036,#12037);
#12036 = CARTESIAN_POINT('',(0.,0.));
#12037 = VECTOR('',#12038,1.);
#12038 = DIRECTION('',(1.,0.));
#12039 = ( GEOMETRIC_REPRESENTATION_CONTEXT(2) 
PARAMETRIC_REPRESENTATION_CONTEXT() REPRESENTATION_CONTEXT('2D SPACE',''
  ) );
#12040 = ORIENTED_EDGE('',*,*,#11969,.T.);
#12041 = ORIENTED_EDGE('',*,*,#9849,.T.);
#12042 = ORIENTED_EDGE('',*,*,#12043,.F.);
#12043 = EDGE_CURVE('',#10059,#9822,#12044,.T.);
#12044 = SURFACE_CURVE('',#12045,(#12049,#12056),.PCURVE_S1.);
#12045 = LINE('',#12046,#12047);
#12046 = CARTESIAN_POINT('',(-5.65,-0.475,19.9));
#12047 = VECTOR('',#12048,1.);
#12048 = DIRECTION('',(0.,-1.,0.));
#12049 = PCURVE('',#9865,#12050);
#12050 = DEFINITIONAL_REPRESENTATION('',(#12051),#12055);
#12051 = LINE('',#12052,#12053);
#12052 = CARTESIAN_POINT('',(0.5,-0.125));
#12053 = VECTOR('',#12054,1.);
#12054 = DIRECTION('',(0.,1.));
#12055 = ( GEOMETRIC_REPRESENTATION_CONTEXT(2) 
PARAMETRIC_REPRESENTATION_CONTEXT() REPRESENTATION_CONTEXT('2D SPACE',''
  ) );
#12056 = PCURVE('',#9837,#12057);
#12057 = DEFINITIONAL_REPRESENTATION('',(#12058),#12062);
#12058 = LINE('',#12059,#12060);
#12059 = CARTESIAN_POINT('',(1.6,-0.125));
#12060 = VECTOR('',#12061,1.);
#12061 = DIRECTION('',(0.,-1.));
#12062 = ( GEOMETRIC_REPRESENTATION_CONTEXT(2) 
PARAMETRIC_REPRESENTATION_CONTEXT() REPRESENTATION_CONTEXT('2D SPACE',''
  ) );
#12063 = ORIENTED_EDGE('',*,*,#10081,.F.);
#12064 = ORIENTED_EDGE('',*,*,#12065,.T.);
#12065 = EDGE_CURVE('',#10082,#12066,#12068,.T.);
#12066 = VERTEX_POINT('',#12067);
#12067 = CARTESIAN_POINT('',(-5.65,0.6,19.4));
#12068 = SURFACE_CURVE('',#12069,(#12073,#12080),.PCURVE_S1.);
#12069 = LINE('',#12070,#12071);
#12070 = CARTESIAN_POINT('',(-5.65,-0.6,19.4));
#12071 = VECTOR('',#12072,1.);
#12072 = DIRECTION('',(0.,1.,0.));
#12073 = PCURVE('',#9865,#12074);
#12074 = DEFINITIONAL_REPRESENTATION('',(#12075),#12079);
#12075 = LINE('',#12076,#12077);
#12076 = CARTESIAN_POINT('',(0.,0.));
#12077 = VECTOR('',#12078,1.);
#12078 = DIRECTION('',(0.,-1.));
#12079 = ( GEOMETRIC_REPRESENTATION_CONTEXT(2) 
PARAMETRIC_REPRESENTATION_CONTEXT() REPRESENTATION_CONTEXT('2D SPACE',''
  ) );
#12080 = PCURVE('',#10120,#12081);
#12081 = DEFINITIONAL_REPRESENTATION('',(#12082),#12086);
#12082 = LINE('',#12083,#12084);
#12083 = CARTESIAN_POINT('',(0.,0.));
#12084 = VECTOR('',#12085,1.);
#12085 = DIRECTION('',(0.,1.));
#12086 = ( GEOMETRIC_REPRESENTATION_CONTEXT(2) 
PARAMETRIC_REPRESENTATION_CONTEXT() REPRESENTATION_CONTEXT('2D SPACE',''
  ) );
#12087 = ORIENTED_EDGE('',*,*,#12088,.T.);
#12088 = EDGE_CURVE('',#12066,#12089,#12091,.T.);
#12089 = VERTEX_POINT('',#12090);
#12090 = CARTESIAN_POINT('',(-5.65,0.6,20.8));
#12091 = SURFACE_CURVE('',#12092,(#12096,#12103),.PCURVE_S1.);
#12092 = LINE('',#12093,#12094);
#12093 = CARTESIAN_POINT('',(-5.65,0.6,19.4));
#12094 = VECTOR('',#12095,1.);
#12095 = DIRECTION('',(0.,0.,1.));
#12096 = PCURVE('',#9865,#12097);
#12097 = DEFINITIONAL_REPRESENTATION('',(#12098),#12102);
#12098 = LINE('',#12099,#12100);
#12099 = CARTESIAN_POINT('',(0.,-1.2));
#12100 = VECTOR('',#12101,1.);
#12101 = DIRECTION('',(1.,0.));
#12102 = ( GEOMETRIC_REPRESENTATION_CONTEXT(2) 
PARAMETRIC_REPRESENTATION_CONTEXT() REPRESENTATION_CONTEXT('2D SPACE',''
  ) );
#12103 = PCURVE('',#11928,#12104);
#12104 = DEFINITIONAL_REPRESENTATION('',(#12105),#12109);
#12105 = LINE('',#12106,#12107);
#12106 = CARTESIAN_POINT('',(0.,0.));
#12107 = VECTOR('',#12108,1.);
#12108 = DIRECTION('',(1.,0.));
#12109 = ( GEOMETRIC_REPRESENTATION_CONTEXT(2) 
PARAMETRIC_REPRESENTATION_CONTEXT() REPRESENTATION_CONTEXT('2D SPACE',''
  ) );
#12110 = ORIENTED_EDGE('',*,*,#12111,.F.);
#12111 = EDGE_CURVE('',#12019,#12089,#12112,.T.);
#12112 = SURFACE_CURVE('',#12113,(#12117,#12124),.PCURVE_S1.);
#12113 = LINE('',#12114,#12115);
#12114 = CARTESIAN_POINT('',(-5.65,-1.575,20.8));
#12115 = VECTOR('',#12116,1.);
#12116 = DIRECTION('',(0.,1.,0.));
#12117 = PCURVE('',#9865,#12118);
#12118 = DEFINITIONAL_REPRESENTATION('',(#12119),#12123);
#12119 = LINE('',#12120,#12121);
#12120 = CARTESIAN_POINT('',(1.4,0.975));
#12121 = VECTOR('',#12122,1.);
#12122 = DIRECTION('',(0.,-1.));
#12123 = ( GEOMETRIC_REPRESENTATION_CONTEXT(2) 
PARAMETRIC_REPRESENTATION_CONTEXT() REPRESENTATION_CONTEXT('2D SPACE',''
  ) );
#12124 = PCURVE('',#11954,#12125);
#12125 = DEFINITIONAL_REPRESENTATION('',(#12126),#12130);
#12126 = LINE('',#12127,#12128);
#12127 = CARTESIAN_POINT('',(3.9,0.975));
#12128 = VECTOR('',#12129,1.);
#12129 = DIRECTION('',(0.,1.));
#12130 = ( GEOMETRIC_REPRESENTATION_CONTEXT(2) 
PARAMETRIC_REPRESENTATION_CONTEXT() REPRESENTATION_CONTEXT('2D SPACE',''
  ) );
#12131 = ADVANCED_FACE('',(#12132),#9837,.F.);
#12132 = FACE_BOUND('',#12133,.F.);
#12133 = EDGE_LOOP('',(#12134,#12135,#12136,#12137));
#12134 = ORIENTED_EDGE('',*,*,#10058,.F.);
#12135 = ORIENTED_EDGE('',*,*,#10183,.F.);
#12136 = ORIENTED_EDGE('',*,*,#9821,.T.);
#12137 = ORIENTED_EDGE('',*,*,#12043,.F.);
#12138 = ADVANCED_FACE('',(#12139),#10120,.T.);
#12139 = FACE_BOUND('',#12140,.T.);
#12140 = EDGE_LOOP('',(#12141,#12142,#12143,#12144));
#12141 = ORIENTED_EDGE('',*,*,#12065,.F.);
#12142 = ORIENTED_EDGE('',*,*,#10104,.F.);
#12143 = ORIENTED_EDGE('',*,*,#11889,.T.);
#12144 = ORIENTED_EDGE('',*,*,#12145,.F.);
#12145 = EDGE_CURVE('',#12066,#11890,#12146,.T.);
#12146 = SURFACE_CURVE('',#12147,(#12151,#12158),.PCURVE_S1.);
#12147 = LINE('',#12148,#12149);
#12148 = CARTESIAN_POINT('',(-5.65,0.6,19.4));
#12149 = VECTOR('',#12150,1.);
#12150 = DIRECTION('',(1.,0.,0.));
#12151 = PCURVE('',#10120,#12152);
#12152 = DEFINITIONAL_REPRESENTATION('',(#12153),#12157);
#12153 = LINE('',#12154,#12155);
#12154 = CARTESIAN_POINT('',(0.,1.2));
#12155 = VECTOR('',#12156,1.);
#12156 = DIRECTION('',(1.,0.));
#12157 = ( GEOMETRIC_REPRESENTATION_CONTEXT(2) 
PARAMETRIC_REPRESENTATION_CONTEXT() REPRESENTATION_CONTEXT('2D SPACE',''
  ) );
#12158 = PCURVE('',#11928,#12159);
#12159 = DEFINITIONAL_REPRESENTATION('',(#12160),#12164);
#12160 = LINE('',#12161,#12162);
#12161 = CARTESIAN_POINT('',(0.,0.));
#12162 = VECTOR('',#12163,1.);
#12163 = DIRECTION('',(0.,1.));
#12164 = ( GEOMETRIC_REPRESENTATION_CONTEXT(2) 
PARAMETRIC_REPRESENTATION_CONTEXT() REPRESENTATION_CONTEXT('2D SPACE',''
  ) );
#12165 = ADVANCED_FACE('',(#12166),#10359,.F.);
#12166 = FACE_BOUND('',#12167,.F.);
#12167 = EDGE_LOOP('',(#12168,#12169,#12190,#12191));
#12168 = ORIENTED_EDGE('',*,*,#10565,.F.);
#12169 = ORIENTED_EDGE('',*,*,#12170,.T.);
#12170 = EDGE_CURVE('',#10543,#10316,#12171,.T.);
#12171 = SURFACE_CURVE('',#12172,(#12176,#12183),.PCURVE_S1.);
#12172 = LINE('',#12173,#12174);
#12173 = CARTESIAN_POINT('',(5.65,-0.475,19.9));
#12174 = VECTOR('',#12175,1.);
#12175 = DIRECTION('',(0.,-1.,0.));
#12176 = PCURVE('',#10359,#12177);
#12177 = DEFINITIONAL_REPRESENTATION('',(#12178),#12182);
#12178 = LINE('',#12179,#12180);
#12179 = CARTESIAN_POINT('',(3.6,-0.125));
#12180 = VECTOR('',#12181,1.);
#12181 = DIRECTION('',(0.,-1.));
#12182 = ( GEOMETRIC_REPRESENTATION_CONTEXT(2) 
PARAMETRIC_REPRESENTATION_CONTEXT() REPRESENTATION_CONTEXT('2D SPACE',''
  ) );
#12183 = PCURVE('',#10331,#12184);
#12184 = DEFINITIONAL_REPRESENTATION('',(#12185),#12189);
#12185 = LINE('',#12186,#12187);
#12186 = CARTESIAN_POINT('',(0.5,-0.125));
#12187 = VECTOR('',#12188,1.);
#12188 = DIRECTION('',(0.,1.));
#12189 = ( GEOMETRIC_REPRESENTATION_CONTEXT(2) 
PARAMETRIC_REPRESENTATION_CONTEXT() REPRESENTATION_CONTEXT('2D SPACE',''
  ) );
#12190 = ORIENTED_EDGE('',*,*,#10343,.T.);
#12191 = ORIENTED_EDGE('',*,*,#10420,.T.);
#12192 = ADVANCED_FACE('',(#12193),#10331,.F.);
#12193 = FACE_BOUND('',#12194,.F.);
#12194 = EDGE_LOOP('',(#12195,#12225,#12246,#12247,#12248,#12249,#12272,
    #12300));
#12195 = ORIENTED_EDGE('',*,*,#12196,.F.);
#12196 = EDGE_CURVE('',#12197,#12199,#12201,.T.);
#12197 = VERTEX_POINT('',#12198);
#12198 = CARTESIAN_POINT('',(5.65,-0.6,19.4));
#12199 = VERTEX_POINT('',#12200);
#12200 = CARTESIAN_POINT('',(5.65,-0.6,20.8));
#12201 = SURFACE_CURVE('',#12202,(#12206,#12213),.PCURVE_S1.);
#12202 = LINE('',#12203,#12204);
#12203 = CARTESIAN_POINT('',(5.65,-0.6,19.4));
#12204 = VECTOR('',#12205,1.);
#12205 = DIRECTION('',(0.,0.,1.));
#12206 = PCURVE('',#10331,#12207);
#12207 = DEFINITIONAL_REPRESENTATION('',(#12208),#12212);
#12208 = LINE('',#12209,#12210);
#12209 = CARTESIAN_POINT('',(0.,0.));
#12210 = VECTOR('',#12211,1.);
#12211 = DIRECTION('',(1.,0.));
#12212 = ( GEOMETRIC_REPRESENTATION_CONTEXT(2) 
PARAMETRIC_REPRESENTATION_CONTEXT() REPRESENTATION_CONTEXT('2D SPACE',''
  ) );
#12213 = PCURVE('',#12214,#12219);
#12214 = PLANE('',#12215);
#12215 = AXIS2_PLACEMENT_3D('',#12216,#12217,#12218);
#12216 = CARTESIAN_POINT('',(3.65,-0.6,19.4));
#12217 = DIRECTION('',(0.,1.,0.));
#12218 = DIRECTION('',(0.,0.,1.));
#12219 = DEFINITIONAL_REPRESENTATION('',(#12220),#12224);
#12220 = LINE('',#12221,#12222);
#12221 = CARTESIAN_POINT('',(0.,2.));
#12222 = VECTOR('',#12223,1.);
#12223 = DIRECTION('',(1.,0.));
#12224 = ( GEOMETRIC_REPRESENTATION_CONTEXT(2) 
PARAMETRIC_REPRESENTATION_CONTEXT() REPRESENTATION_CONTEXT('2D SPACE',''
  ) );
#12225 = ORIENTED_EDGE('',*,*,#12226,.T.);
#12226 = EDGE_CURVE('',#12197,#10288,#12227,.T.);
#12227 = SURFACE_CURVE('',#12228,(#12232,#12239),.PCURVE_S1.);
#12228 = LINE('',#12229,#12230);
#12229 = CARTESIAN_POINT('',(5.65,-0.6,19.4));
#12230 = VECTOR('',#12231,1.);
#12231 = DIRECTION('',(0.,1.,0.));
#12232 = PCURVE('',#10331,#12233);
#12233 = DEFINITIONAL_REPRESENTATION('',(#12234),#12238);
#12234 = LINE('',#12235,#12236);
#12235 = CARTESIAN_POINT('',(0.,0.));
#12236 = VECTOR('',#12237,1.);
#12237 = DIRECTION('',(0.,-1.));
#12238 = ( GEOMETRIC_REPRESENTATION_CONTEXT(2) 
PARAMETRIC_REPRESENTATION_CONTEXT() REPRESENTATION_CONTEXT('2D SPACE',''
  ) );
#12239 = PCURVE('',#10303,#12240);
#12240 = DEFINITIONAL_REPRESENTATION('',(#12241),#12245);
#12241 = LINE('',#12242,#12243);
#12242 = CARTESIAN_POINT('',(2.,0.));
#12243 = VECTOR('',#12244,1.);
#12244 = DIRECTION('',(0.,1.));
#12245 = ( GEOMETRIC_REPRESENTATION_CONTEXT(2) 
PARAMETRIC_REPRESENTATION_CONTEXT() REPRESENTATION_CONTEXT('2D SPACE',''
  ) );
#12246 = ORIENTED_EDGE('',*,*,#10315,.T.);
#12247 = ORIENTED_EDGE('',*,*,#12170,.F.);
#12248 = ORIENTED_EDGE('',*,*,#10542,.F.);
#12249 = ORIENTED_EDGE('',*,*,#12250,.T.);
#12250 = EDGE_CURVE('',#10515,#12251,#12253,.T.);
#12251 = VERTEX_POINT('',#12252);
#12252 = CARTESIAN_POINT('',(5.65,0.6,19.4));
#12253 = SURFACE_CURVE('',#12254,(#12258,#12265),.PCURVE_S1.);
#12254 = LINE('',#12255,#12256);
#12255 = CARTESIAN_POINT('',(5.65,-0.6,19.4));
#12256 = VECTOR('',#12257,1.);
#12257 = DIRECTION('',(0.,1.,0.));
#12258 = PCURVE('',#10331,#12259);
#12259 = DEFINITIONAL_REPRESENTATION('',(#12260),#12264);
#12260 = LINE('',#12261,#12262);
#12261 = CARTESIAN_POINT('',(0.,0.));
#12262 = VECTOR('',#12263,1.);
#12263 = DIRECTION('',(0.,-1.));
#12264 = ( GEOMETRIC_REPRESENTATION_CONTEXT(2) 
PARAMETRIC_REPRESENTATION_CONTEXT() REPRESENTATION_CONTEXT('2D SPACE',''
  ) );
#12265 = PCURVE('',#10530,#12266);
#12266 = DEFINITIONAL_REPRESENTATION('',(#12267),#12271);
#12267 = LINE('',#12268,#12269);
#12268 = CARTESIAN_POINT('',(2.,0.));
#12269 = VECTOR('',#12270,1.);
#12270 = DIRECTION('',(0.,1.));
#12271 = ( GEOMETRIC_REPRESENTATION_CONTEXT(2) 
PARAMETRIC_REPRESENTATION_CONTEXT() REPRESENTATION_CONTEXT('2D SPACE',''
  ) );
#12272 = ORIENTED_EDGE('',*,*,#12273,.T.);
#12273 = EDGE_CURVE('',#12251,#12274,#12276,.T.);
#12274 = VERTEX_POINT('',#12275);
#12275 = CARTESIAN_POINT('',(5.65,0.6,20.8));
#12276 = SURFACE_CURVE('',#12277,(#12281,#12288),.PCURVE_S1.);
#12277 = LINE('',#12278,#12279);
#12278 = CARTESIAN_POINT('',(5.65,0.6,19.4));
#12279 = VECTOR('',#12280,1.);
#12280 = DIRECTION('',(0.,0.,1.));
#12281 = PCURVE('',#10331,#12282);
#12282 = DEFINITIONAL_REPRESENTATION('',(#12283),#12287);
#12283 = LINE('',#12284,#12285);
#12284 = CARTESIAN_POINT('',(0.,-1.2));
#12285 = VECTOR('',#12286,1.);
#12286 = DIRECTION('',(1.,0.));
#12287 = ( GEOMETRIC_REPRESENTATION_CONTEXT(2) 
PARAMETRIC_REPRESENTATION_CONTEXT() REPRESENTATION_CONTEXT('2D SPACE',''
  ) );
#12288 = PCURVE('',#12289,#12294);
#12289 = PLANE('',#12290);
#12290 = AXIS2_PLACEMENT_3D('',#12291,#12292,#12293);
#12291 = CARTESIAN_POINT('',(3.65,0.6,19.4));
#12292 = DIRECTION('',(0.,1.,0.));
#12293 = DIRECTION('',(0.,0.,1.));
#12294 = DEFINITIONAL_REPRESENTATION('',(#12295),#12299);
#12295 = LINE('',#12296,#12297);
#12296 = CARTESIAN_POINT('',(0.,2.));
#12297 = VECTOR('',#12298,1.);
#12298 = DIRECTION('',(1.,0.));
#12299 = ( GEOMETRIC_REPRESENTATION_CONTEXT(2) 
PARAMETRIC_REPRESENTATION_CONTEXT() REPRESENTATION_CONTEXT('2D SPACE',''
  ) );
#12300 = ORIENTED_EDGE('',*,*,#12301,.F.);
#12301 = EDGE_CURVE('',#12199,#12274,#12302,.T.);
#12302 = SURFACE_CURVE('',#12303,(#12307,#12314),.PCURVE_S1.);
#12303 = LINE('',#12304,#12305);
#12304 = CARTESIAN_POINT('',(5.65,-1.575,20.8));
#12305 = VECTOR('',#12306,1.);
#12306 = DIRECTION('',(0.,1.,0.));
#12307 = PCURVE('',#10331,#12308);
#12308 = DEFINITIONAL_REPRESENTATION('',(#12309),#12313);
#12309 = LINE('',#12310,#12311);
#12310 = CARTESIAN_POINT('',(1.4,0.975));
#12311 = VECTOR('',#12312,1.);
#12312 = DIRECTION('',(0.,-1.));
#12313 = ( GEOMETRIC_REPRESENTATION_CONTEXT(2) 
PARAMETRIC_REPRESENTATION_CONTEXT() REPRESENTATION_CONTEXT('2D SPACE',''
  ) );
#12314 = PCURVE('',#11954,#12315);
#12315 = DEFINITIONAL_REPRESENTATION('',(#12316),#12320);
#12316 = LINE('',#12317,#12318);
#12317 = CARTESIAN_POINT('',(15.2,0.975));
#12318 = VECTOR('',#12319,1.);
#12319 = DIRECTION('',(0.,1.));
#12320 = ( GEOMETRIC_REPRESENTATION_CONTEXT(2) 
PARAMETRIC_REPRESENTATION_CONTEXT() REPRESENTATION_CONTEXT('2D SPACE',''
  ) );
#12321 = ADVANCED_FACE('',(#12322),#10303,.T.);
#12322 = FACE_BOUND('',#12323,.T.);
#12323 = EDGE_LOOP('',(#12324,#12347,#12368,#12369));
#12324 = ORIENTED_EDGE('',*,*,#12325,.F.);
#12325 = EDGE_CURVE('',#12326,#10260,#12328,.T.);
#12326 = VERTEX_POINT('',#12327);
#12327 = CARTESIAN_POINT('',(3.65,-0.6,19.4));
#12328 = SURFACE_CURVE('',#12329,(#12333,#12340),.PCURVE_S1.);
#12329 = LINE('',#12330,#12331);
#12330 = CARTESIAN_POINT('',(3.65,-0.6,19.4));
#12331 = VECTOR('',#12332,1.);
#12332 = DIRECTION('',(0.,1.,0.));
#12333 = PCURVE('',#10303,#12334);
#12334 = DEFINITIONAL_REPRESENTATION('',(#12335),#12339);
#12335 = LINE('',#12336,#12337);
#12336 = CARTESIAN_POINT('',(0.,0.));
#12337 = VECTOR('',#12338,1.);
#12338 = DIRECTION('',(0.,1.));
#12339 = ( GEOMETRIC_REPRESENTATION_CONTEXT(2) 
PARAMETRIC_REPRESENTATION_CONTEXT() REPRESENTATION_CONTEXT('2D SPACE',''
  ) );
#12340 = PCURVE('',#10275,#12341);
#12341 = DEFINITIONAL_REPRESENTATION('',(#12342),#12346);
#12342 = LINE('',#12343,#12344);
#12343 = CARTESIAN_POINT('',(0.,0.));
#12344 = VECTOR('',#12345,1.);
#12345 = DIRECTION('',(0.,-1.));
#12346 = ( GEOMETRIC_REPRESENTATION_CONTEXT(2) 
PARAMETRIC_REPRESENTATION_CONTEXT() REPRESENTATION_CONTEXT('2D SPACE',''
  ) );
#12347 = ORIENTED_EDGE('',*,*,#12348,.T.);
#12348 = EDGE_CURVE('',#12326,#12197,#12349,.T.);
#12349 = SURFACE_CURVE('',#12350,(#12354,#12361),.PCURVE_S1.);
#12350 = LINE('',#12351,#12352);
#12351 = CARTESIAN_POINT('',(3.65,-0.6,19.4));
#12352 = VECTOR('',#12353,1.);
#12353 = DIRECTION('',(1.,0.,0.));
#12354 = PCURVE('',#10303,#12355);
#12355 = DEFINITIONAL_REPRESENTATION('',(#12356),#12360);
#12356 = LINE('',#12357,#12358);
#12357 = CARTESIAN_POINT('',(0.,0.));
#12358 = VECTOR('',#12359,1.);
#12359 = DIRECTION('',(1.,0.));
#12360 = ( GEOMETRIC_REPRESENTATION_CONTEXT(2) 
PARAMETRIC_REPRESENTATION_CONTEXT() REPRESENTATION_CONTEXT('2D SPACE',''
  ) );
#12361 = PCURVE('',#12214,#12362);
#12362 = DEFINITIONAL_REPRESENTATION('',(#12363),#12367);
#12363 = LINE('',#12364,#12365);
#12364 = CARTESIAN_POINT('',(0.,0.));
#12365 = VECTOR('',#12366,1.);
#12366 = DIRECTION('',(0.,1.));
#12367 = ( GEOMETRIC_REPRESENTATION_CONTEXT(2) 
PARAMETRIC_REPRESENTATION_CONTEXT() REPRESENTATION_CONTEXT('2D SPACE',''
  ) );
#12368 = ORIENTED_EDGE('',*,*,#12226,.T.);
#12369 = ORIENTED_EDGE('',*,*,#10287,.T.);
#12370 = ADVANCED_FACE('',(#12371),#10275,.T.);
#12371 = FACE_BOUND('',#12372,.T.);
#12372 = EDGE_LOOP('',(#12373,#12396,#12397,#12398,#12419,#12420,#12443,
    #12466));
#12373 = ORIENTED_EDGE('',*,*,#12374,.F.);
#12374 = EDGE_CURVE('',#12326,#12375,#12377,.T.);
#12375 = VERTEX_POINT('',#12376);
#12376 = CARTESIAN_POINT('',(3.65,-0.6,20.8));
#12377 = SURFACE_CURVE('',#12378,(#12382,#12389),.PCURVE_S1.);
#12378 = LINE('',#12379,#12380);
#12379 = CARTESIAN_POINT('',(3.65,-0.6,19.4));
#12380 = VECTOR('',#12381,1.);
#12381 = DIRECTION('',(0.,0.,1.));
#12382 = PCURVE('',#10275,#12383);
#12383 = DEFINITIONAL_REPRESENTATION('',(#12384),#12388);
#12384 = LINE('',#12385,#12386);
#12385 = CARTESIAN_POINT('',(0.,0.));
#12386 = VECTOR('',#12387,1.);
#12387 = DIRECTION('',(1.,0.));
#12388 = ( GEOMETRIC_REPRESENTATION_CONTEXT(2) 
PARAMETRIC_REPRESENTATION_CONTEXT() REPRESENTATION_CONTEXT('2D SPACE',''
  ) );
#12389 = PCURVE('',#12214,#12390);
#12390 = DEFINITIONAL_REPRESENTATION('',(#12391),#12395);
#12391 = LINE('',#12392,#12393);
#12392 = CARTESIAN_POINT('',(0.,0.));
#12393 = VECTOR('',#12394,1.);
#12394 = DIRECTION('',(1.,0.));
#12395 = ( GEOMETRIC_REPRESENTATION_CONTEXT(2) 
PARAMETRIC_REPRESENTATION_CONTEXT() REPRESENTATION_CONTEXT('2D SPACE',''
  ) );
#12396 = ORIENTED_EDGE('',*,*,#12325,.T.);
#12397 = ORIENTED_EDGE('',*,*,#10259,.T.);
#12398 = ORIENTED_EDGE('',*,*,#12399,.F.);
#12399 = EDGE_CURVE('',#10469,#10232,#12400,.T.);
#12400 = SURFACE_CURVE('',#12401,(#12405,#12412),.PCURVE_S1.);
#12401 = LINE('',#12402,#12403);
#12402 = CARTESIAN_POINT('',(3.65,-0.475,19.9));
#12403 = VECTOR('',#12404,1.);
#12404 = DIRECTION('',(0.,-1.,0.));
#12405 = PCURVE('',#10275,#12406);
#12406 = DEFINITIONAL_REPRESENTATION('',(#12407),#12411);
#12407 = LINE('',#12408,#12409);
#12408 = CARTESIAN_POINT('',(0.5,-0.125));
#12409 = VECTOR('',#12410,1.);
#12410 = DIRECTION('',(0.,1.));
#12411 = ( GEOMETRIC_REPRESENTATION_CONTEXT(2) 
PARAMETRIC_REPRESENTATION_CONTEXT() REPRESENTATION_CONTEXT('2D SPACE',''
  ) );
#12412 = PCURVE('',#10247,#12413);
#12413 = DEFINITIONAL_REPRESENTATION('',(#12414),#12418);
#12414 = LINE('',#12415,#12416);
#12415 = CARTESIAN_POINT('',(1.6,-0.125));
#12416 = VECTOR('',#12417,1.);
#12417 = DIRECTION('',(0.,-1.));
#12418 = ( GEOMETRIC_REPRESENTATION_CONTEXT(2) 
PARAMETRIC_REPRESENTATION_CONTEXT() REPRESENTATION_CONTEXT('2D SPACE',''
  ) );
#12419 = ORIENTED_EDGE('',*,*,#10491,.F.);
#12420 = ORIENTED_EDGE('',*,*,#12421,.T.);
#12421 = EDGE_CURVE('',#10492,#12422,#12424,.T.);
#12422 = VERTEX_POINT('',#12423);
#12423 = CARTESIAN_POINT('',(3.65,0.6,19.4));
#12424 = SURFACE_CURVE('',#12425,(#12429,#12436),.PCURVE_S1.);
#12425 = LINE('',#12426,#12427);
#12426 = CARTESIAN_POINT('',(3.65,-0.6,19.4));
#12427 = VECTOR('',#12428,1.);
#12428 = DIRECTION('',(0.,1.,0.));
#12429 = PCURVE('',#10275,#12430);
#12430 = DEFINITIONAL_REPRESENTATION('',(#12431),#12435);
#12431 = LINE('',#12432,#12433);
#12432 = CARTESIAN_POINT('',(0.,0.));
#12433 = VECTOR('',#12434,1.);
#12434 = DIRECTION('',(0.,-1.));
#12435 = ( GEOMETRIC_REPRESENTATION_CONTEXT(2) 
PARAMETRIC_REPRESENTATION_CONTEXT() REPRESENTATION_CONTEXT('2D SPACE',''
  ) );
#12436 = PCURVE('',#10530,#12437);
#12437 = DEFINITIONAL_REPRESENTATION('',(#12438),#12442);
#12438 = LINE('',#12439,#12440);
#12439 = CARTESIAN_POINT('',(0.,0.));
#12440 = VECTOR('',#12441,1.);
#12441 = DIRECTION('',(0.,1.));
#12442 = ( GEOMETRIC_REPRESENTATION_CONTEXT(2) 
PARAMETRIC_REPRESENTATION_CONTEXT() REPRESENTATION_CONTEXT('2D SPACE',''
  ) );
#12443 = ORIENTED_EDGE('',*,*,#12444,.T.);
#12444 = EDGE_CURVE('',#12422,#12445,#12447,.T.);
#12445 = VERTEX_POINT('',#12446);
#12446 = CARTESIAN_POINT('',(3.65,0.6,20.8));
#12447 = SURFACE_CURVE('',#12448,(#12452,#12459),.PCURVE_S1.);
#12448 = LINE('',#12449,#12450);
#12449 = CARTESIAN_POINT('',(3.65,0.6,19.4));
#12450 = VECTOR('',#12451,1.);
#12451 = DIRECTION('',(0.,0.,1.));
#12452 = PCURVE('',#10275,#12453);
#12453 = DEFINITIONAL_REPRESENTATION('',(#12454),#12458);
#12454 = LINE('',#12455,#12456);
#12455 = CARTESIAN_POINT('',(0.,-1.2));
#12456 = VECTOR('',#12457,1.);
#12457 = DIRECTION('',(1.,0.));
#12458 = ( GEOMETRIC_REPRESENTATION_CONTEXT(2) 
PARAMETRIC_REPRESENTATION_CONTEXT() REPRESENTATION_CONTEXT('2D SPACE',''
  ) );
#12459 = PCURVE('',#12289,#12460);
#12460 = DEFINITIONAL_REPRESENTATION('',(#12461),#12465);
#12461 = LINE('',#12462,#12463);
#12462 = CARTESIAN_POINT('',(0.,0.));
#12463 = VECTOR('',#12464,1.);
#12464 = DIRECTION('',(1.,0.));
#12465 = ( GEOMETRIC_REPRESENTATION_CONTEXT(2) 
PARAMETRIC_REPRESENTATION_CONTEXT() REPRESENTATION_CONTEXT('2D SPACE',''
  ) );
#12466 = ORIENTED_EDGE('',*,*,#12467,.F.);
#12467 = EDGE_CURVE('',#12375,#12445,#12468,.T.);
#12468 = SURFACE_CURVE('',#12469,(#12473,#12480),.PCURVE_S1.);
#12469 = LINE('',#12470,#12471);
#12470 = CARTESIAN_POINT('',(3.65,-1.575,20.8));
#12471 = VECTOR('',#12472,1.);
#12472 = DIRECTION('',(0.,1.,0.));
#12473 = PCURVE('',#10275,#12474);
#12474 = DEFINITIONAL_REPRESENTATION('',(#12475),#12479);
#12475 = LINE('',#12476,#12477);
#12476 = CARTESIAN_POINT('',(1.4,0.975));
#12477 = VECTOR('',#12478,1.);
#12478 = DIRECTION('',(0.,-1.));
#12479 = ( GEOMETRIC_REPRESENTATION_CONTEXT(2) 
PARAMETRIC_REPRESENTATION_CONTEXT() REPRESENTATION_CONTEXT('2D SPACE',''
  ) );
#12480 = PCURVE('',#11954,#12481);
#12481 = DEFINITIONAL_REPRESENTATION('',(#12482),#12486);
#12482 = LINE('',#12483,#12484);
#12483 = CARTESIAN_POINT('',(13.2,0.975));
#12484 = VECTOR('',#12485,1.);
#12485 = DIRECTION('',(0.,1.));
#12486 = ( GEOMETRIC_REPRESENTATION_CONTEXT(2) 
PARAMETRIC_REPRESENTATION_CONTEXT() REPRESENTATION_CONTEXT('2D SPACE',''
  ) );
#12487 = ADVANCED_FACE('',(#12488),#10247,.F.);
#12488 = FACE_BOUND('',#12489,.F.);
#12489 = EDGE_LOOP('',(#12490,#12491,#12492,#12493));
#12490 = ORIENTED_EDGE('',*,*,#10468,.F.);
#12491 = ORIENTED_EDGE('',*,*,#10593,.F.);
#12492 = ORIENTED_EDGE('',*,*,#10231,.T.);
#12493 = ORIENTED_EDGE('',*,*,#12399,.F.);
#12494 = ADVANCED_FACE('',(#12495),#10530,.T.);
#12495 = FACE_BOUND('',#12496,.T.);
#12496 = EDGE_LOOP('',(#12497,#12498,#12499,#12500));
#12497 = ORIENTED_EDGE('',*,*,#12421,.F.);
#12498 = ORIENTED_EDGE('',*,*,#10514,.F.);
#12499 = ORIENTED_EDGE('',*,*,#12250,.T.);
#12500 = ORIENTED_EDGE('',*,*,#12501,.F.);
#12501 = EDGE_CURVE('',#12422,#12251,#12502,.T.);
#12502 = SURFACE_CURVE('',#12503,(#12507,#12514),.PCURVE_S1.);
#12503 = LINE('',#12504,#12505);
#12504 = CARTESIAN_POINT('',(3.65,0.6,19.4));
#12505 = VECTOR('',#12506,1.);
#12506 = DIRECTION('',(1.,0.,0.));
#12507 = PCURVE('',#10530,#12508);
#12508 = DEFINITIONAL_REPRESENTATION('',(#12509),#12513);
#12509 = LINE('',#12510,#12511);
#12510 = CARTESIAN_POINT('',(0.,1.2));
#12511 = VECTOR('',#12512,1.);
#12512 = DIRECTION('',(1.,0.));
#12513 = ( GEOMETRIC_REPRESENTATION_CONTEXT(2) 
PARAMETRIC_REPRESENTATION_CONTEXT() REPRESENTATION_CONTEXT('2D SPACE',''
  ) );
#12514 = PCURVE('',#12289,#12515);
#12515 = DEFINITIONAL_REPRESENTATION('',(#12516),#12520);
#12516 = LINE('',#12517,#12518);
#12517 = CARTESIAN_POINT('',(0.,0.));
#12518 = VECTOR('',#12519,1.);
#12519 = DIRECTION('',(0.,1.));
#12520 = ( GEOMETRIC_REPRESENTATION_CONTEXT(2) 
PARAMETRIC_REPRESENTATION_CONTEXT() REPRESENTATION_CONTEXT('2D SPACE',''
  ) );
#12521 = ADVANCED_FACE('',(#12522),#10662,.F.);
#12522 = FACE_BOUND('',#12523,.F.);
#12523 = EDGE_LOOP('',(#12524,#12547,#12548,#12571));
#12524 = ORIENTED_EDGE('',*,*,#12525,.F.);
#12525 = EDGE_CURVE('',#10645,#12526,#12528,.T.);
#12526 = VERTEX_POINT('',#12527);
#12527 = CARTESIAN_POINT('',(-9.55,-1.35,20.5));
#12528 = SURFACE_CURVE('',#12529,(#12533,#12540),.PCURVE_S1.);
#12529 = LINE('',#12530,#12531);
#12530 = CARTESIAN_POINT('',(-9.55,-1.35,18.5));
#12531 = VECTOR('',#12532,1.);
#12532 = DIRECTION('',(0.,0.,1.));
#12533 = PCURVE('',#10662,#12534);
#12534 = DEFINITIONAL_REPRESENTATION('',(#12535),#12539);
#12535 = LINE('',#12536,#12537);
#12536 = CARTESIAN_POINT('',(0.,-1.2));
#12537 = VECTOR('',#12538,1.);
#12538 = DIRECTION('',(1.,0.));
#12539 = ( GEOMETRIC_REPRESENTATION_CONTEXT(2) 
PARAMETRIC_REPRESENTATION_CONTEXT() REPRESENTATION_CONTEXT('2D SPACE',''
  ) );
#12540 = PCURVE('',#10691,#12541);
#12541 = DEFINITIONAL_REPRESENTATION('',(#12542),#12546);
#12542 = LINE('',#12543,#12544);
#12543 = CARTESIAN_POINT('',(0.,0.));
#12544 = VECTOR('',#12545,1.);
#12545 = DIRECTION('',(0.,1.));
#12546 = ( GEOMETRIC_REPRESENTATION_CONTEXT(2) 
PARAMETRIC_REPRESENTATION_CONTEXT() REPRESENTATION_CONTEXT('2D SPACE',''
  ) );
#12547 = ORIENTED_EDGE('',*,*,#10644,.T.);
#12548 = ORIENTED_EDGE('',*,*,#12549,.T.);
#12549 = EDGE_CURVE('',#10647,#12550,#12552,.T.);
#12550 = VERTEX_POINT('',#12551);
#12551 = CARTESIAN_POINT('',(-9.55,1.35,20.5));
#12552 = SURFACE_CURVE('',#12553,(#12557,#12564),.PCURVE_S1.);
#12553 = LINE('',#12554,#12555);
#12554 = CARTESIAN_POINT('',(-9.55,1.35,18.5));
#12555 = VECTOR('',#12556,1.);
#12556 = DIRECTION('',(0.,0.,1.));
#12557 = PCURVE('',#10662,#12558);
#12558 = DEFINITIONAL_REPRESENTATION('',(#12559),#12563);
#12559 = LINE('',#12560,#12561);
#12560 = CARTESIAN_POINT('',(0.,-3.9));
#12561 = VECTOR('',#12562,1.);
#12562 = DIRECTION('',(1.,0.));
#12563 = ( GEOMETRIC_REPRESENTATION_CONTEXT(2) 
PARAMETRIC_REPRESENTATION_CONTEXT() REPRESENTATION_CONTEXT('2D SPACE',''
  ) );
#12564 = PCURVE('',#10868,#12565);
#12565 = DEFINITIONAL_REPRESENTATION('',(#12566),#12570);
#12566 = LINE('',#12567,#12568);
#12567 = CARTESIAN_POINT('',(-0.,0.));
#12568 = VECTOR('',#12569,1.);
#12569 = DIRECTION('',(-0.,1.));
#12570 = ( GEOMETRIC_REPRESENTATION_CONTEXT(2) 
PARAMETRIC_REPRESENTATION_CONTEXT() REPRESENTATION_CONTEXT('2D SPACE',''
  ) );
#12571 = ORIENTED_EDGE('',*,*,#12572,.F.);
#12572 = EDGE_CURVE('',#12526,#12550,#12573,.T.);
#12573 = SURFACE_CURVE('',#12574,(#12578,#12585),.PCURVE_S1.);
#12574 = LINE('',#12575,#12576);
#12575 = CARTESIAN_POINT('',(-9.55,-1.35,20.5));
#12576 = VECTOR('',#12577,1.);
#12577 = DIRECTION('',(0.,1.,0.));
#12578 = PCURVE('',#10662,#12579);
#12579 = DEFINITIONAL_REPRESENTATION('',(#12580),#12584);
#12580 = LINE('',#12581,#12582);
#12581 = CARTESIAN_POINT('',(2.,-1.2));
#12582 = VECTOR('',#12583,1.);
#12583 = DIRECTION('',(0.,-1.));
#12584 = ( GEOMETRIC_REPRESENTATION_CONTEXT(2) 
PARAMETRIC_REPRESENTATION_CONTEXT() REPRESENTATION_CONTEXT('2D SPACE',''
  ) );
#12585 = PCURVE('',#12586,#12591);
#12586 = CYLINDRICAL_SURFACE('',#12587,0.3);
#12587 = AXIS2_PLACEMENT_3D('',#12588,#12589,#12590);
#12588 = CARTESIAN_POINT('',(-9.25,-1.35,20.5));
#12589 = DIRECTION('',(0.,1.,0.));
#12590 = DIRECTION('',(-1.,0.,0.));
#12591 = DEFINITIONAL_REPRESENTATION('',(#12592),#12596);
#12592 = LINE('',#12593,#12594);
#12593 = CARTESIAN_POINT('',(0.,0.));
#12594 = VECTOR('',#12595,1.);
#12595 = DIRECTION('',(0.,1.));
#12596 = ( GEOMETRIC_REPRESENTATION_CONTEXT(2) 
PARAMETRIC_REPRESENTATION_CONTEXT() REPRESENTATION_CONTEXT('2D SPACE',''
  ) );
#12597 = ADVANCED_FACE('',(#12598),#10691,.T.);
#12598 = FACE_BOUND('',#12599,.T.);
#12599 = EDGE_LOOP('',(#12600,#12601,#12602,#12625));
#12600 = ORIENTED_EDGE('',*,*,#12525,.F.);
#12601 = ORIENTED_EDGE('',*,*,#10674,.T.);
#12602 = ORIENTED_EDGE('',*,*,#12603,.T.);
#12603 = EDGE_CURVE('',#10675,#12604,#12606,.T.);
#12604 = VERTEX_POINT('',#12605);
#12605 = CARTESIAN_POINT('',(-8.35,-2.55,20.5));
#12606 = SURFACE_CURVE('',#12607,(#12611,#12618),.PCURVE_S1.);
#12607 = LINE('',#12608,#12609);
#12608 = CARTESIAN_POINT('',(-8.35,-2.55,18.5));
#12609 = VECTOR('',#12610,1.);
#12610 = DIRECTION('',(0.,0.,1.));
#12611 = PCURVE('',#10691,#12612);
#12612 = DEFINITIONAL_REPRESENTATION('',(#12613),#12617);
#12613 = LINE('',#12614,#12615);
#12614 = CARTESIAN_POINT('',(1.570796326795,0.));
#12615 = VECTOR('',#12616,1.);
#12616 = DIRECTION('',(0.,1.));
#12617 = ( GEOMETRIC_REPRESENTATION_CONTEXT(2) 
PARAMETRIC_REPRESENTATION_CONTEXT() REPRESENTATION_CONTEXT('2D SPACE',''
  ) );
#12618 = PCURVE('',#10719,#12619);
#12619 = DEFINITIONAL_REPRESENTATION('',(#12620),#12624);
#12620 = LINE('',#12621,#12622);
#12621 = CARTESIAN_POINT('',(0.,1.2));
#12622 = VECTOR('',#12623,1.);
#12623 = DIRECTION('',(1.,0.));
#12624 = ( GEOMETRIC_REPRESENTATION_CONTEXT(2) 
PARAMETRIC_REPRESENTATION_CONTEXT() REPRESENTATION_CONTEXT('2D SPACE',''
  ) );
#12625 = ORIENTED_EDGE('',*,*,#12626,.T.);
#12626 = EDGE_CURVE('',#12604,#12526,#12627,.T.);
#12627 = SURFACE_CURVE('',#12628,(#12633,#12640),.PCURVE_S1.);
#12628 = CIRCLE('',#12629,1.2);
#12629 = AXIS2_PLACEMENT_3D('',#12630,#12631,#12632);
#12630 = CARTESIAN_POINT('',(-8.35,-1.35,20.5));
#12631 = DIRECTION('',(-0.,-0.,-1.));
#12632 = DIRECTION('',(0.,-1.,0.));
#12633 = PCURVE('',#10691,#12634);
#12634 = DEFINITIONAL_REPRESENTATION('',(#12635),#12639);
#12635 = LINE('',#12636,#12637);
#12636 = CARTESIAN_POINT('',(1.570796326795,2.));
#12637 = VECTOR('',#12638,1.);
#12638 = DIRECTION('',(-1.,-0.));
#12639 = ( GEOMETRIC_REPRESENTATION_CONTEXT(2) 
PARAMETRIC_REPRESENTATION_CONTEXT() REPRESENTATION_CONTEXT('2D SPACE',''
  ) );
#12640 = PCURVE('',#12641,#12646);
#12641 = TOROIDAL_SURFACE('',#12642,0.9,0.3);
#12642 = AXIS2_PLACEMENT_3D('',#12643,#12644,#12645);
#12643 = CARTESIAN_POINT('',(-8.35,-1.35,20.5));
#12644 = DIRECTION('',(0.,0.,1.));
#12645 = DIRECTION('',(0.,-1.,0.));
#12646 = DEFINITIONAL_REPRESENTATION('',(#12647),#12651);
#12647 = LINE('',#12648,#12649);
#12648 = CARTESIAN_POINT('',(-0.,0.));
#12649 = VECTOR('',#12650,1.);
#12650 = DIRECTION('',(-1.,0.));
#12651 = ( GEOMETRIC_REPRESENTATION_CONTEXT(2) 
PARAMETRIC_REPRESENTATION_CONTEXT() REPRESENTATION_CONTEXT('2D SPACE',''
  ) );
#12652 = ADVANCED_FACE('',(#12653),#10868,.T.);
#12653 = FACE_BOUND('',#12654,.F.);
#12654 = EDGE_LOOP('',(#12655,#12656,#12657,#12680));
#12655 = ORIENTED_EDGE('',*,*,#12549,.F.);
#12656 = ORIENTED_EDGE('',*,*,#10849,.T.);
#12657 = ORIENTED_EDGE('',*,*,#12658,.T.);
#12658 = EDGE_CURVE('',#10822,#12659,#12661,.T.);
#12659 = VERTEX_POINT('',#12660);
#12660 = CARTESIAN_POINT('',(-8.35,2.55,20.5));
#12661 = SURFACE_CURVE('',#12662,(#12666,#12673),.PCURVE_S1.);
#12662 = LINE('',#12663,#12664);
#12663 = CARTESIAN_POINT('',(-8.35,2.55,18.5));
#12664 = VECTOR('',#12665,1.);
#12665 = DIRECTION('',(0.,0.,1.));
#12666 = PCURVE('',#10868,#12667);
#12667 = DEFINITIONAL_REPRESENTATION('',(#12668),#12672);
#12668 = LINE('',#12669,#12670);
#12669 = CARTESIAN_POINT('',(-1.570796326795,0.));
#12670 = VECTOR('',#12671,1.);
#12671 = DIRECTION('',(-0.,1.));
#12672 = ( GEOMETRIC_REPRESENTATION_CONTEXT(2) 
PARAMETRIC_REPRESENTATION_CONTEXT() REPRESENTATION_CONTEXT('2D SPACE',''
  ) );
#12673 = PCURVE('',#10837,#12674);
#12674 = DEFINITIONAL_REPRESENTATION('',(#12675),#12679);
#12675 = LINE('',#12676,#12677);
#12676 = CARTESIAN_POINT('',(0.,1.2));
#12677 = VECTOR('',#12678,1.);
#12678 = DIRECTION('',(1.,0.));
#12679 = ( GEOMETRIC_REPRESENTATION_CONTEXT(2) 
PARAMETRIC_REPRESENTATION_CONTEXT() REPRESENTATION_CONTEXT('2D SPACE',''
  ) );
#12680 = ORIENTED_EDGE('',*,*,#12681,.F.);
#12681 = EDGE_CURVE('',#12550,#12659,#12682,.T.);
#12682 = SURFACE_CURVE('',#12683,(#12688,#12695),.PCURVE_S1.);
#12683 = CIRCLE('',#12684,1.2);
#12684 = AXIS2_PLACEMENT_3D('',#12685,#12686,#12687);
#12685 = CARTESIAN_POINT('',(-8.35,1.35,20.5));
#12686 = DIRECTION('',(-0.,0.,-1.));
#12687 = DIRECTION('',(-1.,0.,0.));
#12688 = PCURVE('',#10868,#12689);
#12689 = DEFINITIONAL_REPRESENTATION('',(#12690),#12694);
#12690 = LINE('',#12691,#12692);
#12691 = CARTESIAN_POINT('',(-0.,2.));
#12692 = VECTOR('',#12693,1.);
#12693 = DIRECTION('',(-1.,0.));
#12694 = ( GEOMETRIC_REPRESENTATION_CONTEXT(2) 
PARAMETRIC_REPRESENTATION_CONTEXT() REPRESENTATION_CONTEXT('2D SPACE',''
  ) );
#12695 = PCURVE('',#12696,#12701);
#12696 = TOROIDAL_SURFACE('',#12697,0.9,0.3);
#12697 = AXIS2_PLACEMENT_3D('',#12698,#12699,#12700);
#12698 = CARTESIAN_POINT('',(-8.35,1.35,20.5));
#12699 = DIRECTION('',(0.,0.,1.));
#12700 = DIRECTION('',(-1.,0.,0.));
#12701 = DEFINITIONAL_REPRESENTATION('',(#12702),#12706);
#12702 = LINE('',#12703,#12704);
#12703 = CARTESIAN_POINT('',(-0.,0.));
#12704 = VECTOR('',#12705,1.);
#12705 = DIRECTION('',(-1.,0.));
#12706 = ( GEOMETRIC_REPRESENTATION_CONTEXT(2) 
PARAMETRIC_REPRESENTATION_CONTEXT() REPRESENTATION_CONTEXT('2D SPACE',''
  ) );
#12707 = ADVANCED_FACE('',(#12708),#10719,.F.);
#12708 = FACE_BOUND('',#12709,.F.);
#12709 = EDGE_LOOP('',(#12710,#12711,#12739,#12760));
#12710 = ORIENTED_EDGE('',*,*,#12603,.T.);
#12711 = ORIENTED_EDGE('',*,*,#12712,.F.);
#12712 = EDGE_CURVE('',#12713,#12604,#12715,.T.);
#12713 = VERTEX_POINT('',#12714);
#12714 = CARTESIAN_POINT('',(8.35,-2.55,20.5));
#12715 = SURFACE_CURVE('',#12716,(#12720,#12727),.PCURVE_S1.);
#12716 = LINE('',#12717,#12718);
#12717 = CARTESIAN_POINT('',(8.35,-2.55,20.5));
#12718 = VECTOR('',#12719,1.);
#12719 = DIRECTION('',(-1.,-0.,-0.));
#12720 = PCURVE('',#10719,#12721);
#12721 = DEFINITIONAL_REPRESENTATION('',(#12722),#12726);
#12722 = LINE('',#12723,#12724);
#12723 = CARTESIAN_POINT('',(2.,17.9));
#12724 = VECTOR('',#12725,1.);
#12725 = DIRECTION('',(0.,-1.));
#12726 = ( GEOMETRIC_REPRESENTATION_CONTEXT(2) 
PARAMETRIC_REPRESENTATION_CONTEXT() REPRESENTATION_CONTEXT('2D SPACE',''
  ) );
#12727 = PCURVE('',#12728,#12733);
#12728 = CYLINDRICAL_SURFACE('',#12729,0.3);
#12729 = AXIS2_PLACEMENT_3D('',#12730,#12731,#12732);
#12730 = CARTESIAN_POINT('',(8.35,-2.25,20.5));
#12731 = DIRECTION('',(-1.,-0.,-0.));
#12732 = DIRECTION('',(0.,-1.,0.));
#12733 = DEFINITIONAL_REPRESENTATION('',(#12734),#12738);
#12734 = LINE('',#12735,#12736);
#12735 = CARTESIAN_POINT('',(0.,0.));
#12736 = VECTOR('',#12737,1.);
#12737 = DIRECTION('',(0.,1.));
#12738 = ( GEOMETRIC_REPRESENTATION_CONTEXT(2) 
PARAMETRIC_REPRESENTATION_CONTEXT() REPRESENTATION_CONTEXT('2D SPACE',''
  ) );
#12739 = ORIENTED_EDGE('',*,*,#12740,.F.);
#12740 = EDGE_CURVE('',#10704,#12713,#12741,.T.);
#12741 = SURFACE_CURVE('',#12742,(#12746,#12753),.PCURVE_S1.);
#12742 = LINE('',#12743,#12744);
#12743 = CARTESIAN_POINT('',(8.35,-2.55,18.5));
#12744 = VECTOR('',#12745,1.);
#12745 = DIRECTION('',(0.,0.,1.));
#12746 = PCURVE('',#10719,#12747);
#12747 = DEFINITIONAL_REPRESENTATION('',(#12748),#12752);
#12748 = LINE('',#12749,#12750);
#12749 = CARTESIAN_POINT('',(0.,17.9));
#12750 = VECTOR('',#12751,1.);
#12751 = DIRECTION('',(1.,0.));
#12752 = ( GEOMETRIC_REPRESENTATION_CONTEXT(2) 
PARAMETRIC_REPRESENTATION_CONTEXT() REPRESENTATION_CONTEXT('2D SPACE',''
  ) );
#12753 = PCURVE('',#10752,#12754);
#12754 = DEFINITIONAL_REPRESENTATION('',(#12755),#12759);
#12755 = LINE('',#12756,#12757);
#12756 = CARTESIAN_POINT('',(-1.570796326795,0.));
#12757 = VECTOR('',#12758,1.);
#12758 = DIRECTION('',(-0.,1.));
#12759 = ( GEOMETRIC_REPRESENTATION_CONTEXT(2) 
PARAMETRIC_REPRESENTATION_CONTEXT() REPRESENTATION_CONTEXT('2D SPACE',''
  ) );
#12760 = ORIENTED_EDGE('',*,*,#10703,.F.);
#12761 = ADVANCED_FACE('',(#12762),#10837,.T.);
#12762 = FACE_BOUND('',#12763,.T.);
#12763 = EDGE_LOOP('',(#12764,#12765,#12793,#12814));
#12764 = ORIENTED_EDGE('',*,*,#12658,.T.);
#12765 = ORIENTED_EDGE('',*,*,#12766,.T.);
#12766 = EDGE_CURVE('',#12659,#12767,#12769,.T.);
#12767 = VERTEX_POINT('',#12768);
#12768 = CARTESIAN_POINT('',(8.35,2.55,20.5));
#12769 = SURFACE_CURVE('',#12770,(#12774,#12781),.PCURVE_S1.);
#12770 = LINE('',#12771,#12772);
#12771 = CARTESIAN_POINT('',(-8.35,2.55,20.5));
#12772 = VECTOR('',#12773,1.);
#12773 = DIRECTION('',(1.,0.,0.));
#12774 = PCURVE('',#10837,#12775);
#12775 = DEFINITIONAL_REPRESENTATION('',(#12776),#12780);
#12776 = LINE('',#12777,#12778);
#12777 = CARTESIAN_POINT('',(2.,1.2));
#12778 = VECTOR('',#12779,1.);
#12779 = DIRECTION('',(0.,1.));
#12780 = ( GEOMETRIC_REPRESENTATION_CONTEXT(2) 
PARAMETRIC_REPRESENTATION_CONTEXT() REPRESENTATION_CONTEXT('2D SPACE',''
  ) );
#12781 = PCURVE('',#12782,#12787);
#12782 = CYLINDRICAL_SURFACE('',#12783,0.3);
#12783 = AXIS2_PLACEMENT_3D('',#12784,#12785,#12786);
#12784 = CARTESIAN_POINT('',(-8.35,2.25,20.5));
#12785 = DIRECTION('',(1.,0.,0.));
#12786 = DIRECTION('',(-0.,1.,0.));
#12787 = DEFINITIONAL_REPRESENTATION('',(#12788),#12792);
#12788 = LINE('',#12789,#12790);
#12789 = CARTESIAN_POINT('',(0.,0.));
#12790 = VECTOR('',#12791,1.);
#12791 = DIRECTION('',(0.,1.));
#12792 = ( GEOMETRIC_REPRESENTATION_CONTEXT(2) 
PARAMETRIC_REPRESENTATION_CONTEXT() REPRESENTATION_CONTEXT('2D SPACE',''
  ) );
#12793 = ORIENTED_EDGE('',*,*,#12794,.F.);
#12794 = EDGE_CURVE('',#10793,#12767,#12795,.T.);
#12795 = SURFACE_CURVE('',#12796,(#12800,#12807),.PCURVE_S1.);
#12796 = LINE('',#12797,#12798);
#12797 = CARTESIAN_POINT('',(8.35,2.55,18.5));
#12798 = VECTOR('',#12799,1.);
#12799 = DIRECTION('',(0.,0.,1.));
#12800 = PCURVE('',#10837,#12801);
#12801 = DEFINITIONAL_REPRESENTATION('',(#12802),#12806);
#12802 = LINE('',#12803,#12804);
#12803 = CARTESIAN_POINT('',(0.,17.9));
#12804 = VECTOR('',#12805,1.);
#12805 = DIRECTION('',(1.,0.));
#12806 = ( GEOMETRIC_REPRESENTATION_CONTEXT(2) 
PARAMETRIC_REPRESENTATION_CONTEXT() REPRESENTATION_CONTEXT('2D SPACE',''
  ) );
#12807 = PCURVE('',#10809,#12808);
#12808 = DEFINITIONAL_REPRESENTATION('',(#12809),#12813);
#12809 = LINE('',#12810,#12811);
#12810 = CARTESIAN_POINT('',(1.570796326795,0.));
#12811 = VECTOR('',#12812,1.);
#12812 = DIRECTION('',(0.,1.));
#12813 = ( GEOMETRIC_REPRESENTATION_CONTEXT(2) 
PARAMETRIC_REPRESENTATION_CONTEXT() REPRESENTATION_CONTEXT('2D SPACE',''
  ) );
#12814 = ORIENTED_EDGE('',*,*,#10821,.F.);
#12815 = ADVANCED_FACE('',(#12816),#10752,.T.);
#12816 = FACE_BOUND('',#12817,.F.);
#12817 = EDGE_LOOP('',(#12818,#12841,#12842,#12843));
#12818 = ORIENTED_EDGE('',*,*,#12819,.F.);
#12819 = EDGE_CURVE('',#10732,#12820,#12822,.T.);
#12820 = VERTEX_POINT('',#12821);
#12821 = CARTESIAN_POINT('',(9.55,-1.35,20.5));
#12822 = SURFACE_CURVE('',#12823,(#12827,#12834),.PCURVE_S1.);
#12823 = LINE('',#12824,#12825);
#12824 = CARTESIAN_POINT('',(9.55,-1.35,18.5));
#12825 = VECTOR('',#12826,1.);
#12826 = DIRECTION('',(0.,0.,1.));
#12827 = PCURVE('',#10752,#12828);
#12828 = DEFINITIONAL_REPRESENTATION('',(#12829),#12833);
#12829 = LINE('',#12830,#12831);
#12830 = CARTESIAN_POINT('',(-0.,0.));
#12831 = VECTOR('',#12832,1.);
#12832 = DIRECTION('',(-0.,1.));
#12833 = ( GEOMETRIC_REPRESENTATION_CONTEXT(2) 
PARAMETRIC_REPRESENTATION_CONTEXT() REPRESENTATION_CONTEXT('2D SPACE',''
  ) );
#12834 = PCURVE('',#10780,#12835);
#12835 = DEFINITIONAL_REPRESENTATION('',(#12836),#12840);
#12836 = LINE('',#12837,#12838);
#12837 = CARTESIAN_POINT('',(0.,-1.2));
#12838 = VECTOR('',#12839,1.);
#12839 = DIRECTION('',(1.,0.));
#12840 = ( GEOMETRIC_REPRESENTATION_CONTEXT(2) 
PARAMETRIC_REPRESENTATION_CONTEXT() REPRESENTATION_CONTEXT('2D SPACE',''
  ) );
#12841 = ORIENTED_EDGE('',*,*,#10731,.T.);
#12842 = ORIENTED_EDGE('',*,*,#12740,.T.);
#12843 = ORIENTED_EDGE('',*,*,#12844,.F.);
#12844 = EDGE_CURVE('',#12820,#12713,#12845,.T.);
#12845 = SURFACE_CURVE('',#12846,(#12851,#12858),.PCURVE_S1.);
#12846 = CIRCLE('',#12847,1.2);
#12847 = AXIS2_PLACEMENT_3D('',#12848,#12849,#12850);
#12848 = CARTESIAN_POINT('',(8.35,-1.35,20.5));
#12849 = DIRECTION('',(0.,-0.,-1.));
#12850 = DIRECTION('',(1.,0.,-0.));
#12851 = PCURVE('',#10752,#12852);
#12852 = DEFINITIONAL_REPRESENTATION('',(#12853),#12857);
#12853 = LINE('',#12854,#12855);
#12854 = CARTESIAN_POINT('',(-0.,2.));
#12855 = VECTOR('',#12856,1.);
#12856 = DIRECTION('',(-1.,0.));
#12857 = ( GEOMETRIC_REPRESENTATION_CONTEXT(2) 
PARAMETRIC_REPRESENTATION_CONTEXT() REPRESENTATION_CONTEXT('2D SPACE',''
  ) );
#12858 = PCURVE('',#12859,#12864);
#12859 = TOROIDAL_SURFACE('',#12860,0.9,0.3);
#12860 = AXIS2_PLACEMENT_3D('',#12861,#12862,#12863);
#12861 = CARTESIAN_POINT('',(8.35,-1.35,20.5));
#12862 = DIRECTION('',(0.,0.,1.));
#12863 = DIRECTION('',(1.,0.,-0.));
#12864 = DEFINITIONAL_REPRESENTATION('',(#12865),#12869);
#12865 = LINE('',#12866,#12867);
#12866 = CARTESIAN_POINT('',(-0.,0.));
#12867 = VECTOR('',#12868,1.);
#12868 = DIRECTION('',(-1.,0.));
#12869 = ( GEOMETRIC_REPRESENTATION_CONTEXT(2) 
PARAMETRIC_REPRESENTATION_CONTEXT() REPRESENTATION_CONTEXT('2D SPACE',''
  ) );
#12870 = ADVANCED_FACE('',(#12871),#10809,.T.);
#12871 = FACE_BOUND('',#12872,.T.);
#12872 = EDGE_LOOP('',(#12873,#12896,#12897,#12898));
#12873 = ORIENTED_EDGE('',*,*,#12874,.F.);
#12874 = EDGE_CURVE('',#10765,#12875,#12877,.T.);
#12875 = VERTEX_POINT('',#12876);
#12876 = CARTESIAN_POINT('',(9.55,1.35,20.5));
#12877 = SURFACE_CURVE('',#12878,(#12882,#12889),.PCURVE_S1.);
#12878 = LINE('',#12879,#12880);
#12879 = CARTESIAN_POINT('',(9.55,1.35,18.5));
#12880 = VECTOR('',#12881,1.);
#12881 = DIRECTION('',(0.,0.,1.));
#12882 = PCURVE('',#10809,#12883);
#12883 = DEFINITIONAL_REPRESENTATION('',(#12884),#12888);
#12884 = LINE('',#12885,#12886);
#12885 = CARTESIAN_POINT('',(0.,0.));
#12886 = VECTOR('',#12887,1.);
#12887 = DIRECTION('',(0.,1.));
#12888 = ( GEOMETRIC_REPRESENTATION_CONTEXT(2) 
PARAMETRIC_REPRESENTATION_CONTEXT() REPRESENTATION_CONTEXT('2D SPACE',''
  ) );
#12889 = PCURVE('',#10780,#12890);
#12890 = DEFINITIONAL_REPRESENTATION('',(#12891),#12895);
#12891 = LINE('',#12892,#12893);
#12892 = CARTESIAN_POINT('',(0.,-3.9));
#12893 = VECTOR('',#12894,1.);
#12894 = DIRECTION('',(1.,0.));
#12895 = ( GEOMETRIC_REPRESENTATION_CONTEXT(2) 
PARAMETRIC_REPRESENTATION_CONTEXT() REPRESENTATION_CONTEXT('2D SPACE',''
  ) );
#12896 = ORIENTED_EDGE('',*,*,#10792,.T.);
#12897 = ORIENTED_EDGE('',*,*,#12794,.T.);
#12898 = ORIENTED_EDGE('',*,*,#12899,.T.);
#12899 = EDGE_CURVE('',#12767,#12875,#12900,.T.);
#12900 = SURFACE_CURVE('',#12901,(#12906,#12913),.PCURVE_S1.);
#12901 = CIRCLE('',#12902,1.2);
#12902 = AXIS2_PLACEMENT_3D('',#12903,#12904,#12905);
#12903 = CARTESIAN_POINT('',(8.35,1.35,20.5));
#12904 = DIRECTION('',(0.,-0.,-1.));
#12905 = DIRECTION('',(0.,1.,-0.));
#12906 = PCURVE('',#10809,#12907);
#12907 = DEFINITIONAL_REPRESENTATION('',(#12908),#12912);
#12908 = LINE('',#12909,#12910);
#12909 = CARTESIAN_POINT('',(1.570796326795,2.));
#12910 = VECTOR('',#12911,1.);
#12911 = DIRECTION('',(-1.,-0.));
#12912 = ( GEOMETRIC_REPRESENTATION_CONTEXT(2) 
PARAMETRIC_REPRESENTATION_CONTEXT() REPRESENTATION_CONTEXT('2D SPACE',''
  ) );
#12913 = PCURVE('',#12914,#12919);
#12914 = TOROIDAL_SURFACE('',#12915,0.9,0.3);
#12915 = AXIS2_PLACEMENT_3D('',#12916,#12917,#12918);
#12916 = CARTESIAN_POINT('',(8.35,1.35,20.5));
#12917 = DIRECTION('',(0.,0.,1.));
#12918 = DIRECTION('',(0.,1.,-0.));
#12919 = DEFINITIONAL_REPRESENTATION('',(#12920),#12924);
#12920 = LINE('',#12921,#12922);
#12921 = CARTESIAN_POINT('',(-0.,0.));
#12922 = VECTOR('',#12923,1.);
#12923 = DIRECTION('',(-1.,0.));
#12924 = ( GEOMETRIC_REPRESENTATION_CONTEXT(2) 
PARAMETRIC_REPRESENTATION_CONTEXT() REPRESENTATION_CONTEXT('2D SPACE',''
  ) );
#12925 = ADVANCED_FACE('',(#12926),#10780,.T.);
#12926 = FACE_BOUND('',#12927,.T.);
#12927 = EDGE_LOOP('',(#12928,#12929,#12930,#12931));
#12928 = ORIENTED_EDGE('',*,*,#12819,.F.);
#12929 = ORIENTED_EDGE('',*,*,#10764,.T.);
#12930 = ORIENTED_EDGE('',*,*,#12874,.T.);
#12931 = ORIENTED_EDGE('',*,*,#12932,.T.);
#12932 = EDGE_CURVE('',#12875,#12820,#12933,.T.);
#12933 = SURFACE_CURVE('',#12934,(#12938,#12945),.PCURVE_S1.);
#12934 = LINE('',#12935,#12936);
#12935 = CARTESIAN_POINT('',(9.55,1.35,20.5));
#12936 = VECTOR('',#12937,1.);
#12937 = DIRECTION('',(-0.,-1.,-0.));
#12938 = PCURVE('',#10780,#12939);
#12939 = DEFINITIONAL_REPRESENTATION('',(#12940),#12944);
#12940 = LINE('',#12941,#12942);
#12941 = CARTESIAN_POINT('',(2.,-3.9));
#12942 = VECTOR('',#12943,1.);
#12943 = DIRECTION('',(0.,1.));
#12944 = ( GEOMETRIC_REPRESENTATION_CONTEXT(2) 
PARAMETRIC_REPRESENTATION_CONTEXT() REPRESENTATION_CONTEXT('2D SPACE',''
  ) );
#12945 = PCURVE('',#12946,#12951);
#12946 = CYLINDRICAL_SURFACE('',#12947,0.3);
#12947 = AXIS2_PLACEMENT_3D('',#12948,#12949,#12950);
#12948 = CARTESIAN_POINT('',(9.25,1.35,20.5));
#12949 = DIRECTION('',(-0.,-1.,-0.));
#12950 = DIRECTION('',(1.,0.,-0.));
#12951 = DEFINITIONAL_REPRESENTATION('',(#12952),#12956);
#12952 = LINE('',#12953,#12954);
#12953 = CARTESIAN_POINT('',(0.,0.));
#12954 = VECTOR('',#12955,1.);
#12955 = DIRECTION('',(0.,1.));
#12956 = ( GEOMETRIC_REPRESENTATION_CONTEXT(2) 
PARAMETRIC_REPRESENTATION_CONTEXT() REPRESENTATION_CONTEXT('2D SPACE',''
  ) );
#12957 = ADVANCED_FACE('',(#12958),#10955,.T.);
#12958 = FACE_BOUND('',#12959,.F.);
#12959 = EDGE_LOOP('',(#12960,#12961,#12962,#12963,#12964,#12965,#12966,
    #12967));
#12960 = ORIENTED_EDGE('',*,*,#11287,.T.);
#12961 = ORIENTED_EDGE('',*,*,#11260,.T.);
#12962 = ORIENTED_EDGE('',*,*,#11211,.T.);
#12963 = ORIENTED_EDGE('',*,*,#11162,.T.);
#12964 = ORIENTED_EDGE('',*,*,#11113,.T.);
#12965 = ORIENTED_EDGE('',*,*,#11064,.T.);
#12966 = ORIENTED_EDGE('',*,*,#11015,.T.);
#12967 = ORIENTED_EDGE('',*,*,#10939,.T.);
#12968 = ADVANCED_FACE('',(#12969,#12981),#11352,.T.);
#12969 = FACE_BOUND('',#12970,.F.);
#12970 = EDGE_LOOP('',(#12971,#12972,#12973,#12974,#12975,#12976,#12977,
    #12978,#12979,#12980));
#12971 = ORIENTED_EDGE('',*,*,#11782,.T.);
#12972 = ORIENTED_EDGE('',*,*,#11755,.T.);
#12973 = ORIENTED_EDGE('',*,*,#11706,.T.);
#12974 = ORIENTED_EDGE('',*,*,#11657,.T.);
#12975 = ORIENTED_EDGE('',*,*,#11608,.T.);
#12976 = ORIENTED_EDGE('',*,*,#11559,.T.);
#12977 = ORIENTED_EDGE('',*,*,#11510,.T.);
#12978 = ORIENTED_EDGE('',*,*,#11461,.T.);
#12979 = ORIENTED_EDGE('',*,*,#11412,.T.);
#12980 = ORIENTED_EDGE('',*,*,#11336,.T.);
#12981 = FACE_BOUND('',#12982,.F.);
#12982 = EDGE_LOOP('',(#12983,#13015,#13045,#13075,#13105));
#12983 = ORIENTED_EDGE('',*,*,#12984,.T.);
#12984 = EDGE_CURVE('',#12985,#12987,#12989,.T.);
#12985 = VERTEX_POINT('',#12986);
#12986 = CARTESIAN_POINT('',(2.084993489583,-1.4,14.724999745687));
#12987 = VERTEX_POINT('',#12988);
#12988 = CARTESIAN_POINT('',(1.375,-1.4,16.154996490479));
#12989 = SURFACE_CURVE('',#12990,(#12994,#13001),.PCURVE_S1.);
#12990 = B_SPLINE_CURVE_WITH_KNOTS('',2,(#12991,#12992,#12993),
  .UNSPECIFIED.,.F.,.F.,(3,3),(0.,1.),.PIECEWISE_BEZIER_KNOTS.);
#12991 = CARTESIAN_POINT('',(2.084993489583,-1.4,14.724999745687));
#12992 = CARTESIAN_POINT('',(2.084993489583,-1.4,16.154996490479));
#12993 = CARTESIAN_POINT('',(1.375,-1.4,16.154996490479));
#12994 = PCURVE('',#11352,#12995);
#12995 = DEFINITIONAL_REPRESENTATION('',(#12996),#13000);
#12996 = B_SPLINE_CURVE_WITH_KNOTS('',2,(#12997,#12998,#12999),
  .UNSPECIFIED.,.F.,.F.,(3,3),(0.,1.),.PIECEWISE_BEZIER_KNOTS.);
#12997 = CARTESIAN_POINT('',(2.084993489583,1.725));
#12998 = CARTESIAN_POINT('',(2.084993489583,3.154996744792));
#12999 = CARTESIAN_POINT('',(1.375,3.154996744792));
#13000 = ( GEOMETRIC_REPRESENTATION_CONTEXT(2) 
PARAMETRIC_REPRESENTATION_CONTEXT() REPRESENTATION_CONTEXT('2D SPACE',''
  ) );
#13001 = PCURVE('',#13002,#13009);
#13002 = SURFACE_OF_LINEAR_EXTRUSION('',#13003,#13007);
#13003 = B_SPLINE_CURVE_WITH_KNOTS('',2,(#13004,#13005,#13006),
  .UNSPECIFIED.,.F.,.F.,(3,3),(0.,1.),.PIECEWISE_BEZIER_KNOTS.);
#13004 = CARTESIAN_POINT('',(2.084993489583,-1.6,14.724999745687));
#13005 = CARTESIAN_POINT('',(2.084993489583,-1.6,16.154996490479));
#13006 = CARTESIAN_POINT('',(1.375,-1.6,16.154996490479));
#13007 = VECTOR('',#13008,1.);
#13008 = DIRECTION('',(0.,-1.,0.));
#13009 = DEFINITIONAL_REPRESENTATION('',(#13010),#13014);
#13010 = LINE('',#13011,#13012);
#13011 = CARTESIAN_POINT('',(0.,-0.2));
#13012 = VECTOR('',#13013,1.);
#13013 = DIRECTION('',(1.,0.));
#13014 = ( GEOMETRIC_REPRESENTATION_CONTEXT(2) 
PARAMETRIC_REPRESENTATION_CONTEXT() REPRESENTATION_CONTEXT('2D SPACE',''
  ) );
#13015 = ORIENTED_EDGE('',*,*,#13016,.T.);
#13016 = EDGE_CURVE('',#12987,#13017,#13019,.T.);
#13017 = VERTEX_POINT('',#13018);
#13018 = CARTESIAN_POINT('',(0.665006510417,-1.4,14.70999323527));
#13019 = SURFACE_CURVE('',#13020,(#13024,#13031),.PCURVE_S1.);
#13020 = B_SPLINE_CURVE_WITH_KNOTS('',2,(#13021,#13022,#13023),
  .UNSPECIFIED.,.F.,.F.,(3,3),(0.,1.),.PIECEWISE_BEZIER_KNOTS.);
#13021 = CARTESIAN_POINT('',(1.375,-1.4,16.154996490479));
#13022 = CARTESIAN_POINT('',(0.665006510417,-1.4,16.154996490479));
#13023 = CARTESIAN_POINT('',(0.665006510417,-1.4,14.70999323527));
#13024 = PCURVE('',#11352,#13025);
#13025 = DEFINITIONAL_REPRESENTATION('',(#13026),#13030);
#13026 = B_SPLINE_CURVE_WITH_KNOTS('',2,(#13027,#13028,#13029),
  .UNSPECIFIED.,.F.,.F.,(3,3),(0.,1.),.PIECEWISE_BEZIER_KNOTS.);
#13027 = CARTESIAN_POINT('',(1.375,3.154996744792));
#13028 = CARTESIAN_POINT('',(0.665006510417,3.154996744792));
#13029 = CARTESIAN_POINT('',(0.665006510417,1.709993489583));
#13030 = ( GEOMETRIC_REPRESENTATION_CONTEXT(2) 
PARAMETRIC_REPRESENTATION_CONTEXT() REPRESENTATION_CONTEXT('2D SPACE',''
  ) );
#13031 = PCURVE('',#13032,#13039);
#13032 = SURFACE_OF_LINEAR_EXTRUSION('',#13033,#13037);
#13033 = B_SPLINE_CURVE_WITH_KNOTS('',2,(#13034,#13035,#13036),
  .UNSPECIFIED.,.F.,.F.,(3,3),(0.,1.),.PIECEWISE_BEZIER_KNOTS.);
#13034 = CARTESIAN_POINT('',(1.375,-1.6,16.154996490479));
#13035 = CARTESIAN_POINT('',(0.665006510417,-1.6,16.154996490479));
#13036 = CARTESIAN_POINT('',(0.665006510417,-1.6,14.70999323527));
#13037 = VECTOR('',#13038,1.);
#13038 = DIRECTION('',(0.,-1.,0.));
#13039 = DEFINITIONAL_REPRESENTATION('',(#13040),#13044);
#13040 = LINE('',#13041,#13042);
#13041 = CARTESIAN_POINT('',(0.,-0.2));
#13042 = VECTOR('',#13043,1.);
#13043 = DIRECTION('',(1.,0.));
#13044 = ( GEOMETRIC_REPRESENTATION_CONTEXT(2) 
PARAMETRIC_REPRESENTATION_CONTEXT() REPRESENTATION_CONTEXT('2D SPACE',''
  ) );
#13045 = ORIENTED_EDGE('',*,*,#13046,.T.);
#13046 = EDGE_CURVE('',#13017,#13047,#13049,.T.);
#13047 = VERTEX_POINT('',#13048);
#13048 = CARTESIAN_POINT('',(1.365006510417,-1.4,13.249999745687));
#13049 = SURFACE_CURVE('',#13050,(#13054,#13061),.PCURVE_S1.);
#13050 = B_SPLINE_CURVE_WITH_KNOTS('',2,(#13051,#13052,#13053),
  .UNSPECIFIED.,.F.,.F.,(3,3),(0.,1.),.PIECEWISE_BEZIER_KNOTS.);
#13051 = CARTESIAN_POINT('',(0.665006510417,-1.4,14.70999323527));
#13052 = CARTESIAN_POINT('',(0.665006510417,-1.4,13.249999745687));
#13053 = CARTESIAN_POINT('',(1.365006510417,-1.4,13.249999745687));
#13054 = PCURVE('',#11352,#13055);
#13055 = DEFINITIONAL_REPRESENTATION('',(#13056),#13060);
#13056 = B_SPLINE_CURVE_WITH_KNOTS('',2,(#13057,#13058,#13059),
  .UNSPECIFIED.,.F.,.F.,(3,3),(0.,1.),.PIECEWISE_BEZIER_KNOTS.);
#13057 = CARTESIAN_POINT('',(0.665006510417,1.709993489583));
#13058 = CARTESIAN_POINT('',(0.665006510417,0.25));
#13059 = CARTESIAN_POINT('',(1.365006510417,0.25));
#13060 = ( GEOMETRIC_REPRESENTATION_CONTEXT(2) 
PARAMETRIC_REPRESENTATION_CONTEXT() REPRESENTATION_CONTEXT('2D SPACE',''
  ) );
#13061 = PCURVE('',#13062,#13069);
#13062 = SURFACE_OF_LINEAR_EXTRUSION('',#13063,#13067);
#13063 = B_SPLINE_CURVE_WITH_KNOTS('',2,(#13064,#13065,#13066),
  .UNSPECIFIED.,.F.,.F.,(3,3),(0.,1.),.PIECEWISE_BEZIER_KNOTS.);
#13064 = CARTESIAN_POINT('',(0.665006510417,-1.6,14.70999323527));
#13065 = CARTESIAN_POINT('',(0.665006510417,-1.6,13.249999745687));
#13066 = CARTESIAN_POINT('',(1.365006510417,-1.6,13.249999745687));
#13067 = VECTOR('',#13068,1.);
#13068 = DIRECTION('',(0.,-1.,0.));
#13069 = DEFINITIONAL_REPRESENTATION('',(#13070),#13074);
#13070 = LINE('',#13071,#13072);
#13071 = CARTESIAN_POINT('',(0.,-0.2));
#13072 = VECTOR('',#13073,1.);
#13073 = DIRECTION('',(1.,0.));
#13074 = ( GEOMETRIC_REPRESENTATION_CONTEXT(2) 
PARAMETRIC_REPRESENTATION_CONTEXT() REPRESENTATION_CONTEXT('2D SPACE',''
  ) );
#13075 = ORIENTED_EDGE('',*,*,#13076,.T.);
#13076 = EDGE_CURVE('',#13047,#13077,#13079,.T.);
#13077 = VERTEX_POINT('',#13078);
#13078 = CARTESIAN_POINT('',(1.909993489583,-1.4,13.610001373291));
#13079 = SURFACE_CURVE('',#13080,(#13084,#13091),.PCURVE_S1.);
#13080 = B_SPLINE_CURVE_WITH_KNOTS('',2,(#13081,#13082,#13083),
  .UNSPECIFIED.,.F.,.F.,(3,3),(0.,1.),.PIECEWISE_BEZIER_KNOTS.);
#13081 = CARTESIAN_POINT('',(1.365006510417,-1.4,13.249999745687));
#13082 = CARTESIAN_POINT('',(1.734993489583,-1.4,13.249999745687));
#13083 = CARTESIAN_POINT('',(1.909993489583,-1.4,13.610001373291));
#13084 = PCURVE('',#11352,#13085);
#13085 = DEFINITIONAL_REPRESENTATION('',(#13086),#13090);
#13086 = B_SPLINE_CURVE_WITH_KNOTS('',2,(#13087,#13088,#13089),
  .UNSPECIFIED.,.F.,.F.,(3,3),(0.,1.),.PIECEWISE_BEZIER_KNOTS.);
#13087 = CARTESIAN_POINT('',(1.365006510417,0.25));
#13088 = CARTESIAN_POINT('',(1.734993489583,0.25));
#13089 = CARTESIAN_POINT('',(1.909993489583,0.610001627604));
#13090 = ( GEOMETRIC_REPRESENTATION_CONTEXT(2) 
PARAMETRIC_REPRESENTATION_CONTEXT() REPRESENTATION_CONTEXT('2D SPACE',''
  ) );
#13091 = PCURVE('',#13092,#13099);
#13092 = SURFACE_OF_LINEAR_EXTRUSION('',#13093,#13097);
#13093 = B_SPLINE_CURVE_WITH_KNOTS('',2,(#13094,#13095,#13096),
  .UNSPECIFIED.,.F.,.F.,(3,3),(0.,1.),.PIECEWISE_BEZIER_KNOTS.);
#13094 = CARTESIAN_POINT('',(1.365006510417,-1.6,13.249999745687));
#13095 = CARTESIAN_POINT('',(1.734993489583,-1.6,13.249999745687));
#13096 = CARTESIAN_POINT('',(1.909993489583,-1.6,13.610001373291));
#13097 = VECTOR('',#13098,1.);
#13098 = DIRECTION('',(0.,-1.,0.));
#13099 = DEFINITIONAL_REPRESENTATION('',(#13100),#13104);
#13100 = LINE('',#13101,#13102);
#13101 = CARTESIAN_POINT('',(0.,-0.2));
#13102 = VECTOR('',#13103,1.);
#13103 = DIRECTION('',(1.,0.));
#13104 = ( GEOMETRIC_REPRESENTATION_CONTEXT(2) 
PARAMETRIC_REPRESENTATION_CONTEXT() REPRESENTATION_CONTEXT('2D SPACE',''
  ) );
#13105 = ORIENTED_EDGE('',*,*,#13106,.T.);
#13106 = EDGE_CURVE('',#13077,#12985,#13107,.T.);
#13107 = SURFACE_CURVE('',#13108,(#13112,#13119),.PCURVE_S1.);
#13108 = B_SPLINE_CURVE_WITH_KNOTS('',2,(#13109,#13110,#13111),
  .UNSPECIFIED.,.F.,.F.,(3,3),(0.,1.),.PIECEWISE_BEZIER_KNOTS.);
#13109 = CARTESIAN_POINT('',(1.909993489583,-1.4,13.610001373291));
#13110 = CARTESIAN_POINT('',(2.084993489583,-1.4,13.970003000895));
#13111 = CARTESIAN_POINT('',(2.084993489583,-1.4,14.724999745687));
#13112 = PCURVE('',#11352,#13113);
#13113 = DEFINITIONAL_REPRESENTATION('',(#13114),#13118);
#13114 = B_SPLINE_CURVE_WITH_KNOTS('',2,(#13115,#13116,#13117),
  .UNSPECIFIED.,.F.,.F.,(3,3),(0.,1.),.PIECEWISE_BEZIER_KNOTS.);
#13115 = CARTESIAN_POINT('',(1.909993489583,0.610001627604));
#13116 = CARTESIAN_POINT('',(2.084993489583,0.970003255208));
#13117 = CARTESIAN_POINT('',(2.084993489583,1.725));
#13118 = ( GEOMETRIC_REPRESENTATION_CONTEXT(2) 
PARAMETRIC_REPRESENTATION_CONTEXT() REPRESENTATION_CONTEXT('2D SPACE',''
  ) );
#13119 = PCURVE('',#13120,#13127);
#13120 = SURFACE_OF_LINEAR_EXTRUSION('',#13121,#13125);
#13121 = B_SPLINE_CURVE_WITH_KNOTS('',2,(#13122,#13123,#13124),
  .UNSPECIFIED.,.F.,.F.,(3,3),(0.,1.),.PIECEWISE_BEZIER_KNOTS.);
#13122 = CARTESIAN_POINT('',(1.909993489583,-1.6,13.610001373291));
#13123 = CARTESIAN_POINT('',(2.084993489583,-1.6,13.970003000895));
#13124 = CARTESIAN_POINT('',(2.084993489583,-1.6,14.724999745687));
#13125 = VECTOR('',#13126,1.);
#13126 = DIRECTION('',(0.,-1.,0.));
#13127 = DEFINITIONAL_REPRESENTATION('',(#13128),#13132);
#13128 = LINE('',#13129,#13130);
#13129 = CARTESIAN_POINT('',(0.,-0.2));
#13130 = VECTOR('',#13131,1.);
#13131 = DIRECTION('',(1.,0.));
#13132 = ( GEOMETRIC_REPRESENTATION_CONTEXT(2) 
PARAMETRIC_REPRESENTATION_CONTEXT() REPRESENTATION_CONTEXT('2D SPACE',''
  ) );
#13133 = ADVANCED_FACE('',(#13134),#11853,.T.);
#13134 = FACE_BOUND('',#13135,.T.);
#13135 = EDGE_LOOP('',(#13136,#13137,#13138,#13139));
#13136 = ORIENTED_EDGE('',*,*,#11835,.F.);
#13137 = ORIENTED_EDGE('',*,*,#11992,.F.);
#13138 = ORIENTED_EDGE('',*,*,#12018,.T.);
#13139 = ORIENTED_EDGE('',*,*,#13140,.F.);
#13140 = EDGE_CURVE('',#11838,#12019,#13141,.T.);
#13141 = SURFACE_CURVE('',#13142,(#13146,#13153),.PCURVE_S1.);
#13142 = LINE('',#13143,#13144);
#13143 = CARTESIAN_POINT('',(-7.6,-0.6,20.8));
#13144 = VECTOR('',#13145,1.);
#13145 = DIRECTION('',(-1.,0.,0.));
#13146 = PCURVE('',#11853,#13147);
#13147 = DEFINITIONAL_REPRESENTATION('',(#13148),#13152);
#13148 = LINE('',#13149,#13150);
#13149 = CARTESIAN_POINT('',(1.4,-1.95));
#13150 = VECTOR('',#13151,1.);
#13151 = DIRECTION('',(0.,-1.));
#13152 = ( GEOMETRIC_REPRESENTATION_CONTEXT(2) 
PARAMETRIC_REPRESENTATION_CONTEXT() REPRESENTATION_CONTEXT('2D SPACE',''
  ) );
#13153 = PCURVE('',#11954,#13154);
#13154 = DEFINITIONAL_REPRESENTATION('',(#13155),#13159);
#13155 = LINE('',#13156,#13157);
#13156 = CARTESIAN_POINT('',(1.95,1.95));
#13157 = VECTOR('',#13158,1.);
#13158 = DIRECTION('',(-1.,0.));
#13159 = ( GEOMETRIC_REPRESENTATION_CONTEXT(2) 
PARAMETRIC_REPRESENTATION_CONTEXT() REPRESENTATION_CONTEXT('2D SPACE',''
  ) );
#13160 = ADVANCED_FACE('',(#13161,#13367,#13393,#13439,#13669),#11954,
  .T.);
#13161 = FACE_BOUND('',#13162,.T.);
#13162 = EDGE_LOOP('',(#13163,#13188,#13216,#13239,#13267,#13290,#13318,
    #13341));
#13163 = ORIENTED_EDGE('',*,*,#13164,.F.);
#13164 = EDGE_CURVE('',#13165,#13167,#13169,.T.);
#13165 = VERTEX_POINT('',#13166);
#13166 = CARTESIAN_POINT('',(-9.25,-1.35,20.8));
#13167 = VERTEX_POINT('',#13168);
#13168 = CARTESIAN_POINT('',(-9.25,1.35,20.8));
#13169 = SURFACE_CURVE('',#13170,(#13174,#13181),.PCURVE_S1.);
#13170 = LINE('',#13171,#13172);
#13171 = CARTESIAN_POINT('',(-9.25,-1.35,20.8));
#13172 = VECTOR('',#13173,1.);
#13173 = DIRECTION('',(0.,1.,0.));
#13174 = PCURVE('',#11954,#13175);
#13175 = DEFINITIONAL_REPRESENTATION('',(#13176),#13180);
#13176 = LINE('',#13177,#13178);
#13177 = CARTESIAN_POINT('',(0.3,1.2));
#13178 = VECTOR('',#13179,1.);
#13179 = DIRECTION('',(0.,1.));
#13180 = ( GEOMETRIC_REPRESENTATION_CONTEXT(2) 
PARAMETRIC_REPRESENTATION_CONTEXT() REPRESENTATION_CONTEXT('2D SPACE',''
  ) );
#13181 = PCURVE('',#12586,#13182);
#13182 = DEFINITIONAL_REPRESENTATION('',(#13183),#13187);
#13183 = LINE('',#13184,#13185);
#13184 = CARTESIAN_POINT('',(1.570796326795,0.));
#13185 = VECTOR('',#13186,1.);
#13186 = DIRECTION('',(0.,1.));
#13187 = ( GEOMETRIC_REPRESENTATION_CONTEXT(2) 
PARAMETRIC_REPRESENTATION_CONTEXT() REPRESENTATION_CONTEXT('2D SPACE',''
  ) );
#13188 = ORIENTED_EDGE('',*,*,#13189,.F.);
#13189 = EDGE_CURVE('',#13190,#13165,#13192,.T.);
#13190 = VERTEX_POINT('',#13191);
#13191 = CARTESIAN_POINT('',(-8.35,-2.25,20.8));
#13192 = SURFACE_CURVE('',#13193,(#13198,#13209),.PCURVE_S1.);
#13193 = CIRCLE('',#13194,0.9);
#13194 = AXIS2_PLACEMENT_3D('',#13195,#13196,#13197);
#13195 = CARTESIAN_POINT('',(-8.35,-1.35,20.8));
#13196 = DIRECTION('',(-0.,-0.,-1.));
#13197 = DIRECTION('',(0.,-1.,0.));
#13198 = PCURVE('',#11954,#13199);
#13199 = DEFINITIONAL_REPRESENTATION('',(#13200),#13208);
#13200 = ( BOUNDED_CURVE() B_SPLINE_CURVE(2,(#13201,#13202,#13203,#13204
    ,#13205,#13206,#13207),.UNSPECIFIED.,.T.,.F.) 
B_SPLINE_CURVE_WITH_KNOTS((1,2,2,2,2,1),(-2.094395102393,0.,
    2.094395102393,4.188790204786,6.28318530718,8.377580409573),
.UNSPECIFIED.) CURVE() GEOMETRIC_REPRESENTATION_ITEM() 
RATIONAL_B_SPLINE_CURVE((1.,0.5,1.,0.5,1.,0.5,1.)) REPRESENTATION_ITEM(
  '') );
#13201 = CARTESIAN_POINT('',(1.2,0.3));
#13202 = CARTESIAN_POINT('',(-0.358845726812,0.3));
#13203 = CARTESIAN_POINT('',(0.420577136594,1.65));
#13204 = CARTESIAN_POINT('',(1.2,3.));
#13205 = CARTESIAN_POINT('',(1.979422863406,1.65));
#13206 = CARTESIAN_POINT('',(2.758845726812,0.3));
#13207 = CARTESIAN_POINT('',(1.2,0.3));
#13208 = ( GEOMETRIC_REPRESENTATION_CONTEXT(2) 
PARAMETRIC_REPRESENTATION_CONTEXT() REPRESENTATION_CONTEXT('2D SPACE',''
  ) );
#13209 = PCURVE('',#12641,#13210);
#13210 = DEFINITIONAL_REPRESENTATION('',(#13211),#13215);
#13211 = LINE('',#13212,#13213);
#13212 = CARTESIAN_POINT('',(-0.,1.570796326795));
#13213 = VECTOR('',#13214,1.);
#13214 = DIRECTION('',(-1.,0.));
#13215 = ( GEOMETRIC_REPRESENTATION_CONTEXT(2) 
PARAMETRIC_REPRESENTATION_CONTEXT() REPRESENTATION_CONTEXT('2D SPACE',''
  ) );
#13216 = ORIENTED_EDGE('',*,*,#13217,.F.);
#13217 = EDGE_CURVE('',#13218,#13190,#13220,.T.);
#13218 = VERTEX_POINT('',#13219);
#13219 = CARTESIAN_POINT('',(8.35,-2.25,20.8));
#13220 = SURFACE_CURVE('',#13221,(#13225,#13232),.PCURVE_S1.);
#13221 = LINE('',#13222,#13223);
#13222 = CARTESIAN_POINT('',(8.35,-2.25,20.8));
#13223 = VECTOR('',#13224,1.);
#13224 = DIRECTION('',(-1.,-0.,-0.));
#13225 = PCURVE('',#11954,#13226);
#13226 = DEFINITIONAL_REPRESENTATION('',(#13227),#13231);
#13227 = LINE('',#13228,#13229);
#13228 = CARTESIAN_POINT('',(17.9,0.3));
#13229 = VECTOR('',#13230,1.);
#13230 = DIRECTION('',(-1.,0.));
#13231 = ( GEOMETRIC_REPRESENTATION_CONTEXT(2) 
PARAMETRIC_REPRESENTATION_CONTEXT() REPRESENTATION_CONTEXT('2D SPACE',''
  ) );
#13232 = PCURVE('',#12728,#13233);
#13233 = DEFINITIONAL_REPRESENTATION('',(#13234),#13238);
#13234 = LINE('',#13235,#13236);
#13235 = CARTESIAN_POINT('',(1.570796326795,0.));
#13236 = VECTOR('',#13237,1.);
#13237 = DIRECTION('',(0.,1.));
#13238 = ( GEOMETRIC_REPRESENTATION_CONTEXT(2) 
PARAMETRIC_REPRESENTATION_CONTEXT() REPRESENTATION_CONTEXT('2D SPACE',''
  ) );
#13239 = ORIENTED_EDGE('',*,*,#13240,.F.);
#13240 = EDGE_CURVE('',#13241,#13218,#13243,.T.);
#13241 = VERTEX_POINT('',#13242);
#13242 = CARTESIAN_POINT('',(9.25,-1.35,20.8));
#13243 = SURFACE_CURVE('',#13244,(#13249,#13260),.PCURVE_S1.);
#13244 = CIRCLE('',#13245,0.9);
#13245 = AXIS2_PLACEMENT_3D('',#13246,#13247,#13248);
#13246 = CARTESIAN_POINT('',(8.35,-1.35,20.8));
#13247 = DIRECTION('',(0.,-0.,-1.));
#13248 = DIRECTION('',(1.,0.,-0.));
#13249 = PCURVE('',#11954,#13250);
#13250 = DEFINITIONAL_REPRESENTATION('',(#13251),#13259);
#13251 = ( BOUNDED_CURVE() B_SPLINE_CURVE(2,(#13252,#13253,#13254,#13255
    ,#13256,#13257,#13258),.UNSPECIFIED.,.T.,.F.) 
B_SPLINE_CURVE_WITH_KNOTS((1,2,2,2,2,1),(-2.094395102393,0.,
    2.094395102393,4.188790204786,6.28318530718,8.377580409573),
.UNSPECIFIED.) CURVE() GEOMETRIC_REPRESENTATION_ITEM() 
RATIONAL_B_SPLINE_CURVE((1.,0.5,1.,0.5,1.,0.5,1.)) REPRESENTATION_ITEM(
  '') );
#13252 = CARTESIAN_POINT('',(18.8,1.2));
#13253 = CARTESIAN_POINT('',(18.8,-0.358845726812));
#13254 = CARTESIAN_POINT('',(17.45,0.420577136594));
#13255 = CARTESIAN_POINT('',(16.1,1.2));
#13256 = CARTESIAN_POINT('',(17.45,1.979422863406));
#13257 = CARTESIAN_POINT('',(18.8,2.758845726812));
#13258 = CARTESIAN_POINT('',(18.8,1.2));
#13259 = ( GEOMETRIC_REPRESENTATION_CONTEXT(2) 
PARAMETRIC_REPRESENTATION_CONTEXT() REPRESENTATION_CONTEXT('2D SPACE',''
  ) );
#13260 = PCURVE('',#12859,#13261);
#13261 = DEFINITIONAL_REPRESENTATION('',(#13262),#13266);
#13262 = LINE('',#13263,#13264);
#13263 = CARTESIAN_POINT('',(-0.,1.570796326795));
#13264 = VECTOR('',#13265,1.);
#13265 = DIRECTION('',(-1.,0.));
#13266 = ( GEOMETRIC_REPRESENTATION_CONTEXT(2) 
PARAMETRIC_REPRESENTATION_CONTEXT() REPRESENTATION_CONTEXT('2D SPACE',''
  ) );
#13267 = ORIENTED_EDGE('',*,*,#13268,.F.);
#13268 = EDGE_CURVE('',#13269,#13241,#13271,.T.);
#13269 = VERTEX_POINT('',#13270);
#13270 = CARTESIAN_POINT('',(9.25,1.35,20.8));
#13271 = SURFACE_CURVE('',#13272,(#13276,#13283),.PCURVE_S1.);
#13272 = LINE('',#13273,#13274);
#13273 = CARTESIAN_POINT('',(9.25,1.35,20.8));
#13274 = VECTOR('',#13275,1.);
#13275 = DIRECTION('',(-0.,-1.,-0.));
#13276 = PCURVE('',#11954,#13277);
#13277 = DEFINITIONAL_REPRESENTATION('',(#13278),#13282);
#13278 = LINE('',#13279,#13280);
#13279 = CARTESIAN_POINT('',(18.8,3.9));
#13280 = VECTOR('',#13281,1.);
#13281 = DIRECTION('',(0.,-1.));
#13282 = ( GEOMETRIC_REPRESENTATION_CONTEXT(2) 
PARAMETRIC_REPRESENTATION_CONTEXT() REPRESENTATION_CONTEXT('2D SPACE',''
  ) );
#13283 = PCURVE('',#12946,#13284);
#13284 = DEFINITIONAL_REPRESENTATION('',(#13285),#13289);
#13285 = LINE('',#13286,#13287);
#13286 = CARTESIAN_POINT('',(1.570796326795,0.));
#13287 = VECTOR('',#13288,1.);
#13288 = DIRECTION('',(0.,1.));
#13289 = ( GEOMETRIC_REPRESENTATION_CONTEXT(2) 
PARAMETRIC_REPRESENTATION_CONTEXT() REPRESENTATION_CONTEXT('2D SPACE',''
  ) );
#13290 = ORIENTED_EDGE('',*,*,#13291,.F.);
#13291 = EDGE_CURVE('',#13292,#13269,#13294,.T.);
#13292 = VERTEX_POINT('',#13293);
#13293 = CARTESIAN_POINT('',(8.35,2.25,20.8));
#13294 = SURFACE_CURVE('',#13295,(#13300,#13311),.PCURVE_S1.);
#13295 = CIRCLE('',#13296,0.9);
#13296 = AXIS2_PLACEMENT_3D('',#13297,#13298,#13299);
#13297 = CARTESIAN_POINT('',(8.35,1.35,20.8));
#13298 = DIRECTION('',(0.,-0.,-1.));
#13299 = DIRECTION('',(0.,1.,-0.));
#13300 = PCURVE('',#11954,#13301);
#13301 = DEFINITIONAL_REPRESENTATION('',(#13302),#13310);
#13302 = ( BOUNDED_CURVE() B_SPLINE_CURVE(2,(#13303,#13304,#13305,#13306
    ,#13307,#13308,#13309),.UNSPECIFIED.,.T.,.F.) 
B_SPLINE_CURVE_WITH_KNOTS((1,2,2,2,2,1),(-2.094395102393,0.,
    2.094395102393,4.188790204786,6.28318530718,8.377580409573),
.UNSPECIFIED.) CURVE() GEOMETRIC_REPRESENTATION_ITEM() 
RATIONAL_B_SPLINE_CURVE((1.,0.5,1.,0.5,1.,0.5,1.)) REPRESENTATION_ITEM(
  '') );
#13303 = CARTESIAN_POINT('',(17.9,4.8));
#13304 = CARTESIAN_POINT('',(19.458845726812,4.8));
#13305 = CARTESIAN_POINT('',(18.679422863406,3.45));
#13306 = CARTESIAN_POINT('',(17.9,2.1));
#13307 = CARTESIAN_POINT('',(17.120577136594,3.45));
#13308 = CARTESIAN_POINT('',(16.341154273188,4.8));
#13309 = CARTESIAN_POINT('',(17.9,4.8));
#13310 = ( GEOMETRIC_REPRESENTATION_CONTEXT(2) 
PARAMETRIC_REPRESENTATION_CONTEXT() REPRESENTATION_CONTEXT('2D SPACE',''
  ) );
#13311 = PCURVE('',#12914,#13312);
#13312 = DEFINITIONAL_REPRESENTATION('',(#13313),#13317);
#13313 = LINE('',#13314,#13315);
#13314 = CARTESIAN_POINT('',(-0.,1.570796326795));
#13315 = VECTOR('',#13316,1.);
#13316 = DIRECTION('',(-1.,0.));
#13317 = ( GEOMETRIC_REPRESENTATION_CONTEXT(2) 
PARAMETRIC_REPRESENTATION_CONTEXT() REPRESENTATION_CONTEXT('2D SPACE',''
  ) );
#13318 = ORIENTED_EDGE('',*,*,#13319,.F.);
#13319 = EDGE_CURVE('',#13320,#13292,#13322,.T.);
#13320 = VERTEX_POINT('',#13321);
#13321 = CARTESIAN_POINT('',(-8.35,2.25,20.8));
#13322 = SURFACE_CURVE('',#13323,(#13327,#13334),.PCURVE_S1.);
#13323 = LINE('',#13324,#13325);
#13324 = CARTESIAN_POINT('',(-8.35,2.25,20.8));
#13325 = VECTOR('',#13326,1.);
#13326 = DIRECTION('',(1.,0.,0.));
#13327 = PCURVE('',#11954,#13328);
#13328 = DEFINITIONAL_REPRESENTATION('',(#13329),#13333);
#13329 = LINE('',#13330,#13331);
#13330 = CARTESIAN_POINT('',(1.2,4.8));
#13331 = VECTOR('',#13332,1.);
#13332 = DIRECTION('',(1.,0.));
#13333 = ( GEOMETRIC_REPRESENTATION_CONTEXT(2) 
PARAMETRIC_REPRESENTATION_CONTEXT() REPRESENTATION_CONTEXT('2D SPACE',''
  ) );
#13334 = PCURVE('',#12782,#13335);
#13335 = DEFINITIONAL_REPRESENTATION('',(#13336),#13340);
#13336 = LINE('',#13337,#13338);
#13337 = CARTESIAN_POINT('',(1.570796326795,0.));
#13338 = VECTOR('',#13339,1.);
#13339 = DIRECTION('',(0.,1.));
#13340 = ( GEOMETRIC_REPRESENTATION_CONTEXT(2) 
PARAMETRIC_REPRESENTATION_CONTEXT() REPRESENTATION_CONTEXT('2D SPACE',''
  ) );
#13341 = ORIENTED_EDGE('',*,*,#13342,.F.);
#13342 = EDGE_CURVE('',#13167,#13320,#13343,.T.);
#13343 = SURFACE_CURVE('',#13344,(#13349,#13360),.PCURVE_S1.);
#13344 = CIRCLE('',#13345,0.9);
#13345 = AXIS2_PLACEMENT_3D('',#13346,#13347,#13348);
#13346 = CARTESIAN_POINT('',(-8.35,1.35,20.8));
#13347 = DIRECTION('',(-0.,0.,-1.));
#13348 = DIRECTION('',(-1.,0.,0.));
#13349 = PCURVE('',#11954,#13350);
#13350 = DEFINITIONAL_REPRESENTATION('',(#13351),#13359);
#13351 = ( BOUNDED_CURVE() B_SPLINE_CURVE(2,(#13352,#13353,#13354,#13355
    ,#13356,#13357,#13358),.UNSPECIFIED.,.T.,.F.) 
B_SPLINE_CURVE_WITH_KNOTS((1,2,2,2,2,1),(-2.094395102393,0.,
    2.094395102393,4.188790204786,6.28318530718,8.377580409573),
.UNSPECIFIED.) CURVE() GEOMETRIC_REPRESENTATION_ITEM() 
RATIONAL_B_SPLINE_CURVE((1.,0.5,1.,0.5,1.,0.5,1.)) REPRESENTATION_ITEM(
  '') );
#13352 = CARTESIAN_POINT('',(0.3,3.9));
#13353 = CARTESIAN_POINT('',(0.3,5.458845726812));
#13354 = CARTESIAN_POINT('',(1.65,4.679422863406));
#13355 = CARTESIAN_POINT('',(3.,3.9));
#13356 = CARTESIAN_POINT('',(1.65,3.120577136594));
#13357 = CARTESIAN_POINT('',(0.3,2.341154273188));
#13358 = CARTESIAN_POINT('',(0.3,3.9));
#13359 = ( GEOMETRIC_REPRESENTATION_CONTEXT(2) 
PARAMETRIC_REPRESENTATION_CONTEXT() REPRESENTATION_CONTEXT('2D SPACE',''
  ) );
#13360 = PCURVE('',#12696,#13361);
#13361 = DEFINITIONAL_REPRESENTATION('',(#13362),#13366);
#13362 = LINE('',#13363,#13364);
#13363 = CARTESIAN_POINT('',(-0.,1.570796326795));
#13364 = VECTOR('',#13365,1.);
#13365 = DIRECTION('',(-1.,0.));
#13366 = ( GEOMETRIC_REPRESENTATION_CONTEXT(2) 
PARAMETRIC_REPRESENTATION_CONTEXT() REPRESENTATION_CONTEXT('2D SPACE',''
  ) );
#13367 = FACE_BOUND('',#13368,.T.);
#13368 = EDGE_LOOP('',(#13369,#13370,#13371,#13392));
#13369 = ORIENTED_EDGE('',*,*,#13140,.T.);
#13370 = ORIENTED_EDGE('',*,*,#12111,.T.);
#13371 = ORIENTED_EDGE('',*,*,#13372,.F.);
#13372 = EDGE_CURVE('',#11913,#12089,#13373,.T.);
#13373 = SURFACE_CURVE('',#13374,(#13378,#13385),.PCURVE_S1.);
#13374 = LINE('',#13375,#13376);
#13375 = CARTESIAN_POINT('',(-7.6,0.6,20.8));
#13376 = VECTOR('',#13377,1.);
#13377 = DIRECTION('',(-1.,0.,0.));
#13378 = PCURVE('',#11954,#13379);
#13379 = DEFINITIONAL_REPRESENTATION('',(#13380),#13384);
#13380 = LINE('',#13381,#13382);
#13381 = CARTESIAN_POINT('',(1.95,3.15));
#13382 = VECTOR('',#13383,1.);
#13383 = DIRECTION('',(-1.,0.));
#13384 = ( GEOMETRIC_REPRESENTATION_CONTEXT(2) 
PARAMETRIC_REPRESENTATION_CONTEXT() REPRESENTATION_CONTEXT('2D SPACE',''
  ) );
#13385 = PCURVE('',#11928,#13386);
#13386 = DEFINITIONAL_REPRESENTATION('',(#13387),#13391);
#13387 = LINE('',#13388,#13389);
#13388 = CARTESIAN_POINT('',(1.4,-1.95));
#13389 = VECTOR('',#13390,1.);
#13390 = DIRECTION('',(0.,-1.));
#13391 = ( GEOMETRIC_REPRESENTATION_CONTEXT(2) 
PARAMETRIC_REPRESENTATION_CONTEXT() REPRESENTATION_CONTEXT('2D SPACE',''
  ) );
#13392 = ORIENTED_EDGE('',*,*,#11940,.F.);
#13393 = FACE_BOUND('',#13394,.T.);
#13394 = EDGE_LOOP('',(#13395,#13416,#13417,#13438));
#13395 = ORIENTED_EDGE('',*,*,#13396,.T.);
#13396 = EDGE_CURVE('',#12199,#12375,#13397,.T.);
#13397 = SURFACE_CURVE('',#13398,(#13402,#13409),.PCURVE_S1.);
#13398 = LINE('',#13399,#13400);
#13399 = CARTESIAN_POINT('',(-2.95,-0.6,20.8));
#13400 = VECTOR('',#13401,1.);
#13401 = DIRECTION('',(-1.,0.,0.));
#13402 = PCURVE('',#11954,#13403);
#13403 = DEFINITIONAL_REPRESENTATION('',(#13404),#13408);
#13404 = LINE('',#13405,#13406);
#13405 = CARTESIAN_POINT('',(6.6,1.95));
#13406 = VECTOR('',#13407,1.);
#13407 = DIRECTION('',(-1.,0.));
#13408 = ( GEOMETRIC_REPRESENTATION_CONTEXT(2) 
PARAMETRIC_REPRESENTATION_CONTEXT() REPRESENTATION_CONTEXT('2D SPACE',''
  ) );
#13409 = PCURVE('',#12214,#13410);
#13410 = DEFINITIONAL_REPRESENTATION('',(#13411),#13415);
#13411 = LINE('',#13412,#13413);
#13412 = CARTESIAN_POINT('',(1.4,-6.6));
#13413 = VECTOR('',#13414,1.);
#13414 = DIRECTION('',(0.,-1.));
#13415 = ( GEOMETRIC_REPRESENTATION_CONTEXT(2) 
PARAMETRIC_REPRESENTATION_CONTEXT() REPRESENTATION_CONTEXT('2D SPACE',''
  ) );
#13416 = ORIENTED_EDGE('',*,*,#12467,.T.);
#13417 = ORIENTED_EDGE('',*,*,#13418,.F.);
#13418 = EDGE_CURVE('',#12274,#12445,#13419,.T.);
#13419 = SURFACE_CURVE('',#13420,(#13424,#13431),.PCURVE_S1.);
#13420 = LINE('',#13421,#13422);
#13421 = CARTESIAN_POINT('',(-2.95,0.6,20.8));
#13422 = VECTOR('',#13423,1.);
#13423 = DIRECTION('',(-1.,0.,0.));
#13424 = PCURVE('',#11954,#13425);
#13425 = DEFINITIONAL_REPRESENTATION('',(#13426),#13430);
#13426 = LINE('',#13427,#13428);
#13427 = CARTESIAN_POINT('',(6.6,3.15));
#13428 = VECTOR('',#13429,1.);
#13429 = DIRECTION('',(-1.,0.));
#13430 = ( GEOMETRIC_REPRESENTATION_CONTEXT(2) 
PARAMETRIC_REPRESENTATION_CONTEXT() REPRESENTATION_CONTEXT('2D SPACE',''
  ) );
#13431 = PCURVE('',#12289,#13432);
#13432 = DEFINITIONAL_REPRESENTATION('',(#13433),#13437);
#13433 = LINE('',#13434,#13435);
#13434 = CARTESIAN_POINT('',(1.4,-6.6));
#13435 = VECTOR('',#13436,1.);
#13436 = DIRECTION('',(0.,-1.));
#13437 = ( GEOMETRIC_REPRESENTATION_CONTEXT(2) 
PARAMETRIC_REPRESENTATION_CONTEXT() REPRESENTATION_CONTEXT('2D SPACE',''
  ) );
#13438 = ORIENTED_EDGE('',*,*,#12301,.F.);
#13439 = FACE_BOUND('',#13440,.T.);
#13440 = EDGE_LOOP('',(#13441,#13471,#13499,#13527,#13555,#13585,#13615,
    #13643));
#13441 = ORIENTED_EDGE('',*,*,#13442,.T.);
#13442 = EDGE_CURVE('',#13443,#13445,#13447,.T.);
#13443 = VERTEX_POINT('',#13444);
#13444 = CARTESIAN_POINT('',(-0.459801432292,-0.550000111898,20.8));
#13445 = VERTEX_POINT('',#13446);
#13446 = CARTESIAN_POINT('',(-0.653397135417,-0.550000111898,20.8));
#13447 = SURFACE_CURVE('',#13448,(#13452,#13459),.PCURVE_S1.);
#13448 = LINE('',#13449,#13450);
#13449 = CARTESIAN_POINT('',(-0.459801432292,-0.550000111898,20.8));
#13450 = VECTOR('',#13451,1.);
#13451 = DIRECTION('',(-1.,0.,0.));
#13452 = PCURVE('',#11954,#13453);
#13453 = DEFINITIONAL_REPRESENTATION('',(#13454),#13458);
#13454 = LINE('',#13455,#13456);
#13455 = CARTESIAN_POINT('',(9.090198567708,1.999999888102));
#13456 = VECTOR('',#13457,1.);
#13457 = DIRECTION('',(-1.,0.));
#13458 = ( GEOMETRIC_REPRESENTATION_CONTEXT(2) 
PARAMETRIC_REPRESENTATION_CONTEXT() REPRESENTATION_CONTEXT('2D SPACE',''
  ) );
#13459 = PCURVE('',#13460,#13465);
#13460 = PLANE('',#13461);
#13461 = AXIS2_PLACEMENT_3D('',#13462,#13463,#13464);
#13462 = CARTESIAN_POINT('',(-0.459801432292,-0.550000111898,20.8));
#13463 = DIRECTION('',(0.,1.,0.));
#13464 = DIRECTION('',(-1.,0.,0.));
#13465 = DEFINITIONAL_REPRESENTATION('',(#13466),#13470);
#13466 = LINE('',#13467,#13468);
#13467 = CARTESIAN_POINT('',(0.,0.));
#13468 = VECTOR('',#13469,1.);
#13469 = DIRECTION('',(1.,0.));
#13470 = ( GEOMETRIC_REPRESENTATION_CONTEXT(2) 
PARAMETRIC_REPRESENTATION_CONTEXT() REPRESENTATION_CONTEXT('2D SPACE',''
  ) );
#13471 = ORIENTED_EDGE('',*,*,#13472,.T.);
#13472 = EDGE_CURVE('',#13445,#13473,#13475,.T.);
#13473 = VERTEX_POINT('',#13474);
#13474 = CARTESIAN_POINT('',(-0.653397135417,0.560999888102,20.8));
#13475 = SURFACE_CURVE('',#13476,(#13480,#13487),.PCURVE_S1.);
#13476 = LINE('',#13477,#13478);
#13477 = CARTESIAN_POINT('',(-0.653397135417,-0.550000111898,20.8));
#13478 = VECTOR('',#13479,1.);
#13479 = DIRECTION('',(0.,1.,0.));
#13480 = PCURVE('',#11954,#13481);
#13481 = DEFINITIONAL_REPRESENTATION('',(#13482),#13486);
#13482 = LINE('',#13483,#13484);
#13483 = CARTESIAN_POINT('',(8.896602864583,1.999999888102));
#13484 = VECTOR('',#13485,1.);
#13485 = DIRECTION('',(0.,1.));
#13486 = ( GEOMETRIC_REPRESENTATION_CONTEXT(2) 
PARAMETRIC_REPRESENTATION_CONTEXT() REPRESENTATION_CONTEXT('2D SPACE',''
  ) );
#13487 = PCURVE('',#13488,#13493);
#13488 = PLANE('',#13489);
#13489 = AXIS2_PLACEMENT_3D('',#13490,#13491,#13492);
#13490 = CARTESIAN_POINT('',(-0.653397135417,-0.550000111898,20.8));
#13491 = DIRECTION('',(1.,0.,0.));
#13492 = DIRECTION('',(0.,1.,0.));
#13493 = DEFINITIONAL_REPRESENTATION('',(#13494),#13498);
#13494 = LINE('',#13495,#13496);
#13495 = CARTESIAN_POINT('',(0.,0.));
#13496 = VECTOR('',#13497,1.);
#13497 = DIRECTION('',(1.,0.));
#13498 = ( GEOMETRIC_REPRESENTATION_CONTEXT(2) 
PARAMETRIC_REPRESENTATION_CONTEXT() REPRESENTATION_CONTEXT('2D SPACE',''
  ) );
#13499 = ORIENTED_EDGE('',*,*,#13500,.T.);
#13500 = EDGE_CURVE('',#13473,#13501,#13503,.T.);
#13501 = VERTEX_POINT('',#13502);
#13502 = CARTESIAN_POINT('',(-0.998801432292,0.560999888102,20.8));
#13503 = SURFACE_CURVE('',#13504,(#13508,#13515),.PCURVE_S1.);
#13504 = LINE('',#13505,#13506);
#13505 = CARTESIAN_POINT('',(-0.653397135417,0.560999888102,20.8));
#13506 = VECTOR('',#13507,1.);
#13507 = DIRECTION('',(-1.,0.,0.));
#13508 = PCURVE('',#11954,#13509);
#13509 = DEFINITIONAL_REPRESENTATION('',(#13510),#13514);
#13510 = LINE('',#13511,#13512);
#13511 = CARTESIAN_POINT('',(8.896602864583,3.110999888102));
#13512 = VECTOR('',#13513,1.);
#13513 = DIRECTION('',(-1.,0.));
#13514 = ( GEOMETRIC_REPRESENTATION_CONTEXT(2) 
PARAMETRIC_REPRESENTATION_CONTEXT() REPRESENTATION_CONTEXT('2D SPACE',''
  ) );
#13515 = PCURVE('',#13516,#13521);
#13516 = PLANE('',#13517);
#13517 = AXIS2_PLACEMENT_3D('',#13518,#13519,#13520);
#13518 = CARTESIAN_POINT('',(-0.653397135417,0.560999888102,20.8));
#13519 = DIRECTION('',(0.,1.,0.));
#13520 = DIRECTION('',(-1.,0.,0.));
#13521 = DEFINITIONAL_REPRESENTATION('',(#13522),#13526);
#13522 = LINE('',#13523,#13524);
#13523 = CARTESIAN_POINT('',(0.,0.));
#13524 = VECTOR('',#13525,1.);
#13525 = DIRECTION('',(1.,0.));
#13526 = ( GEOMETRIC_REPRESENTATION_CONTEXT(2) 
PARAMETRIC_REPRESENTATION_CONTEXT() REPRESENTATION_CONTEXT('2D SPACE',''
  ) );
#13527 = ORIENTED_EDGE('',*,*,#13528,.T.);
#13528 = EDGE_CURVE('',#13501,#13529,#13531,.T.);
#13529 = VERTEX_POINT('',#13530);
#13530 = CARTESIAN_POINT('',(-0.998801432292,0.699602752686,20.8));
#13531 = SURFACE_CURVE('',#13532,(#13536,#13543),.PCURVE_S1.);
#13532 = LINE('',#13533,#13534);
#13533 = CARTESIAN_POINT('',(-0.998801432292,0.560999888102,20.8));
#13534 = VECTOR('',#13535,1.);
#13535 = DIRECTION('',(0.,1.,0.));
#13536 = PCURVE('',#11954,#13537);
#13537 = DEFINITIONAL_REPRESENTATION('',(#13538),#13542);
#13538 = LINE('',#13539,#13540);
#13539 = CARTESIAN_POINT('',(8.551198567708,3.110999888102));
#13540 = VECTOR('',#13541,1.);
#13541 = DIRECTION('',(0.,1.));
#13542 = ( GEOMETRIC_REPRESENTATION_CONTEXT(2) 
PARAMETRIC_REPRESENTATION_CONTEXT() REPRESENTATION_CONTEXT('2D SPACE',''
  ) );
#13543 = PCURVE('',#13544,#13549);
#13544 = PLANE('',#13545);
#13545 = AXIS2_PLACEMENT_3D('',#13546,#13547,#13548);
#13546 = CARTESIAN_POINT('',(-0.998801432292,0.560999888102,20.8));
#13547 = DIRECTION('',(1.,0.,0.));
#13548 = DIRECTION('',(0.,1.,0.));
#13549 = DEFINITIONAL_REPRESENTATION('',(#13550),#13554);
#13550 = LINE('',#13551,#13552);
#13551 = CARTESIAN_POINT('',(0.,0.));
#13552 = VECTOR('',#13553,1.);
#13553 = DIRECTION('',(1.,0.));
#13554 = ( GEOMETRIC_REPRESENTATION_CONTEXT(2) 
PARAMETRIC_REPRESENTATION_CONTEXT() REPRESENTATION_CONTEXT('2D SPACE',''
  ) );
#13555 = ORIENTED_EDGE('',*,*,#13556,.T.);
#13556 = EDGE_CURVE('',#13529,#13557,#13559,.T.);
#13557 = VERTEX_POINT('',#13558);
#13558 = CARTESIAN_POINT('',(-0.706198567708,0.778797739665,20.8));
#13559 = SURFACE_CURVE('',#13560,(#13564,#13571),.PCURVE_S1.);
#13560 = B_SPLINE_CURVE_WITH_KNOTS('',2,(#13561,#13562,#13563),
  .UNSPECIFIED.,.F.,.F.,(3,3),(0.,1.),.PIECEWISE_BEZIER_KNOTS.);
#13561 = CARTESIAN_POINT('',(-0.998801432292,0.699602752686,20.8));
#13562 = CARTESIAN_POINT('',(-0.774397135417,0.728198455811,20.8));
#13563 = CARTESIAN_POINT('',(-0.706198567708,0.778797739665,20.8));
#13564 = PCURVE('',#11954,#13565);
#13565 = DEFINITIONAL_REPRESENTATION('',(#13566),#13570);
#13566 = B_SPLINE_CURVE_WITH_KNOTS('',2,(#13567,#13568,#13569),
  .UNSPECIFIED.,.F.,.F.,(3,3),(0.,1.),.PIECEWISE_BEZIER_KNOTS.);
#13567 = CARTESIAN_POINT('',(8.551198567708,3.249602752686));
#13568 = CARTESIAN_POINT('',(8.775602864583,3.278198455811));
#13569 = CARTESIAN_POINT('',(8.843801432292,3.328797739665));
#13570 = ( GEOMETRIC_REPRESENTATION_CONTEXT(2) 
PARAMETRIC_REPRESENTATION_CONTEXT() REPRESENTATION_CONTEXT('2D SPACE',''
  ) );
#13571 = PCURVE('',#13572,#13579);
#13572 = SURFACE_OF_LINEAR_EXTRUSION('',#13573,#13577);
#13573 = B_SPLINE_CURVE_WITH_KNOTS('',2,(#13574,#13575,#13576),
  .UNSPECIFIED.,.F.,.F.,(3,3),(0.,1.),.PIECEWISE_BEZIER_KNOTS.);
#13574 = CARTESIAN_POINT('',(-0.998801432292,0.699602752686,20.8));
#13575 = CARTESIAN_POINT('',(-0.774397135417,0.728198455811,20.8));
#13576 = CARTESIAN_POINT('',(-0.706198567708,0.778797739665,20.8));
#13577 = VECTOR('',#13578,1.);
#13578 = DIRECTION('',(0.,0.,1.));
#13579 = DEFINITIONAL_REPRESENTATION('',(#13580),#13584);
#13580 = LINE('',#13581,#13582);
#13581 = CARTESIAN_POINT('',(0.,0.));
#13582 = VECTOR('',#13583,1.);
#13583 = DIRECTION('',(1.,0.));
#13584 = ( GEOMETRIC_REPRESENTATION_CONTEXT(2) 
PARAMETRIC_REPRESENTATION_CONTEXT() REPRESENTATION_CONTEXT('2D SPACE',''
  ) );
#13585 = ORIENTED_EDGE('',*,*,#13586,.T.);
#13586 = EDGE_CURVE('',#13557,#13587,#13589,.T.);
#13587 = VERTEX_POINT('',#13588);
#13588 = CARTESIAN_POINT('',(-0.587397135417,1.009801320394,20.8));
#13589 = SURFACE_CURVE('',#13590,(#13594,#13601),.PCURVE_S1.);
#13590 = B_SPLINE_CURVE_WITH_KNOTS('',2,(#13591,#13592,#13593),
  .UNSPECIFIED.,.F.,.F.,(3,3),(0.,1.),.PIECEWISE_BEZIER_KNOTS.);
#13591 = CARTESIAN_POINT('',(-0.706198567708,0.778797739665,20.8));
#13592 = CARTESIAN_POINT('',(-0.638,0.829397023519,20.8));
#13593 = CARTESIAN_POINT('',(-0.587397135417,1.009801320394,20.8));
#13594 = PCURVE('',#11954,#13595);
#13595 = DEFINITIONAL_REPRESENTATION('',(#13596),#13600);
#13596 = B_SPLINE_CURVE_WITH_KNOTS('',2,(#13597,#13598,#13599),
  .UNSPECIFIED.,.F.,.F.,(3,3),(0.,1.),.PIECEWISE_BEZIER_KNOTS.);
#13597 = CARTESIAN_POINT('',(8.843801432292,3.328797739665));
#13598 = CARTESIAN_POINT('',(8.912,3.379397023519));
#13599 = CARTESIAN_POINT('',(8.962602864583,3.559801320394));
#13600 = ( GEOMETRIC_REPRESENTATION_CONTEXT(2) 
PARAMETRIC_REPRESENTATION_CONTEXT() REPRESENTATION_CONTEXT('2D SPACE',''
  ) );
#13601 = PCURVE('',#13602,#13609);
#13602 = SURFACE_OF_LINEAR_EXTRUSION('',#13603,#13607);
#13603 = B_SPLINE_CURVE_WITH_KNOTS('',2,(#13604,#13605,#13606),
  .UNSPECIFIED.,.F.,.F.,(3,3),(0.,1.),.PIECEWISE_BEZIER_KNOTS.);
#13604 = CARTESIAN_POINT('',(-0.706198567708,0.778797739665,20.8));
#13605 = CARTESIAN_POINT('',(-0.638,0.829397023519,20.8));
#13606 = CARTESIAN_POINT('',(-0.587397135417,1.009801320394,20.8));
#13607 = VECTOR('',#13608,1.);
#13608 = DIRECTION('',(0.,0.,1.));
#13609 = DEFINITIONAL_REPRESENTATION('',(#13610),#13614);
#13610 = LINE('',#13611,#13612);
#13611 = CARTESIAN_POINT('',(0.,0.));
#13612 = VECTOR('',#13613,1.);
#13613 = DIRECTION('',(1.,0.));
#13614 = ( GEOMETRIC_REPRESENTATION_CONTEXT(2) 
PARAMETRIC_REPRESENTATION_CONTEXT() REPRESENTATION_CONTEXT('2D SPACE',''
  ) );
#13615 = ORIENTED_EDGE('',*,*,#13616,.T.);
#13616 = EDGE_CURVE('',#13587,#13617,#13619,.T.);
#13617 = VERTEX_POINT('',#13618);
#13618 = CARTESIAN_POINT('',(-0.459801432292,1.009801320394,20.8));
#13619 = SURFACE_CURVE('',#13620,(#13624,#13631),.PCURVE_S1.);
#13620 = LINE('',#13621,#13622);
#13621 = CARTESIAN_POINT('',(-0.587397135417,1.009801320394,20.8));
#13622 = VECTOR('',#13623,1.);
#13623 = DIRECTION('',(1.,0.,0.));
#13624 = PCURVE('',#11954,#13625);
#13625 = DEFINITIONAL_REPRESENTATION('',(#13626),#13630);
#13626 = LINE('',#13627,#13628);
#13627 = CARTESIAN_POINT('',(8.962602864583,3.559801320394));
#13628 = VECTOR('',#13629,1.);
#13629 = DIRECTION('',(1.,0.));
#13630 = ( GEOMETRIC_REPRESENTATION_CONTEXT(2) 
PARAMETRIC_REPRESENTATION_CONTEXT() REPRESENTATION_CONTEXT('2D SPACE',''
  ) );
#13631 = PCURVE('',#13632,#13637);
#13632 = PLANE('',#13633);
#13633 = AXIS2_PLACEMENT_3D('',#13634,#13635,#13636);
#13634 = CARTESIAN_POINT('',(-0.587397135417,1.009801320394,20.8));
#13635 = DIRECTION('',(0.,-1.,0.));
#13636 = DIRECTION('',(1.,0.,0.));
#13637 = DEFINITIONAL_REPRESENTATION('',(#13638),#13642);
#13638 = LINE('',#13639,#13640);
#13639 = CARTESIAN_POINT('',(0.,0.));
#13640 = VECTOR('',#13641,1.);
#13641 = DIRECTION('',(1.,0.));
#13642 = ( GEOMETRIC_REPRESENTATION_CONTEXT(2) 
PARAMETRIC_REPRESENTATION_CONTEXT() REPRESENTATION_CONTEXT('2D SPACE',''
  ) );
#13643 = ORIENTED_EDGE('',*,*,#13644,.T.);
#13644 = EDGE_CURVE('',#13617,#13443,#13645,.T.);
#13645 = SURFACE_CURVE('',#13646,(#13650,#13657),.PCURVE_S1.);
#13646 = LINE('',#13647,#13648);
#13647 = CARTESIAN_POINT('',(-0.459801432292,1.009801320394,20.8));
#13648 = VECTOR('',#13649,1.);
#13649 = DIRECTION('',(0.,-1.,0.));
#13650 = PCURVE('',#11954,#13651);
#13651 = DEFINITIONAL_REPRESENTATION('',(#13652),#13656);
#13652 = LINE('',#13653,#13654);
#13653 = CARTESIAN_POINT('',(9.090198567708,3.559801320394));
#13654 = VECTOR('',#13655,1.);
#13655 = DIRECTION('',(0.,-1.));
#13656 = ( GEOMETRIC_REPRESENTATION_CONTEXT(2) 
PARAMETRIC_REPRESENTATION_CONTEXT() REPRESENTATION_CONTEXT('2D SPACE',''
  ) );
#13657 = PCURVE('',#13658,#13663);
#13658 = PLANE('',#13659);
#13659 = AXIS2_PLACEMENT_3D('',#13660,#13661,#13662);
#13660 = CARTESIAN_POINT('',(-0.459801432292,1.009801320394,20.8));
#13661 = DIRECTION('',(-1.,0.,0.));
#13662 = DIRECTION('',(0.,-1.,0.));
#13663 = DEFINITIONAL_REPRESENTATION('',(#13664),#13668);
#13664 = LINE('',#13665,#13666);
#13665 = CARTESIAN_POINT('',(0.,0.));
#13666 = VECTOR('',#13667,1.);
#13667 = DIRECTION('',(1.,0.));
#13668 = ( GEOMETRIC_REPRESENTATION_CONTEXT(2) 
PARAMETRIC_REPRESENTATION_CONTEXT() REPRESENTATION_CONTEXT('2D SPACE',''
  ) );
#13669 = FACE_BOUND('',#13670,.T.);
#13670 = EDGE_LOOP('',(#13671,#13703,#13733,#13763,#13793,#13823,#13853,
    #13883,#13913,#13943));
#13671 = ORIENTED_EDGE('',*,*,#13672,.T.);
#13672 = EDGE_CURVE('',#13673,#13675,#13677,.T.);
#13673 = VERTEX_POINT('',#13674);
#13674 = CARTESIAN_POINT('',(0.224400716146,-0.394900828044,20.8));
#13675 = VERTEX_POINT('',#13676);
#13676 = CARTESIAN_POINT('',(9.460286458333E-02,0.204602752686,20.8));
#13677 = SURFACE_CURVE('',#13678,(#13682,#13689),.PCURVE_S1.);
#13678 = B_SPLINE_CURVE_WITH_KNOTS('',2,(#13679,#13680,#13681),
  .UNSPECIFIED.,.F.,.F.,(3,3),(0.,1.),.PIECEWISE_BEZIER_KNOTS.);
#13679 = CARTESIAN_POINT('',(0.224400716146,-0.394900828044,20.8));
#13680 = CARTESIAN_POINT('',(9.460286458333E-02,-0.189198679606,20.8));
#13681 = CARTESIAN_POINT('',(9.460286458333E-02,0.204602752686,20.8));
#13682 = PCURVE('',#11954,#13683);
#13683 = DEFINITIONAL_REPRESENTATION('',(#13684),#13688);
#13684 = B_SPLINE_CURVE_WITH_KNOTS('',2,(#13685,#13686,#13687),
  .UNSPECIFIED.,.F.,.F.,(3,3),(0.,1.),.PIECEWISE_BEZIER_KNOTS.);
#13685 = CARTESIAN_POINT('',(9.774400716146,2.155099171956));
#13686 = CARTESIAN_POINT('',(9.644602864583,2.360801320394));
#13687 = CARTESIAN_POINT('',(9.644602864583,2.754602752686));
#13688 = ( GEOMETRIC_REPRESENTATION_CONTEXT(2) 
PARAMETRIC_REPRESENTATION_CONTEXT() REPRESENTATION_CONTEXT('2D SPACE',''
  ) );
#13689 = PCURVE('',#13690,#13697);
#13690 = SURFACE_OF_LINEAR_EXTRUSION('',#13691,#13695);
#13691 = B_SPLINE_CURVE_WITH_KNOTS('',2,(#13692,#13693,#13694),
  .UNSPECIFIED.,.F.,.F.,(3,3),(0.,1.),.PIECEWISE_BEZIER_KNOTS.);
#13692 = CARTESIAN_POINT('',(0.224400716146,-0.394900828044,20.8));
#13693 = CARTESIAN_POINT('',(9.460286458333E-02,-0.189198679606,20.8));
#13694 = CARTESIAN_POINT('',(9.460286458333E-02,0.204602752686,20.8));
#13695 = VECTOR('',#13696,1.);
#13696 = DIRECTION('',(0.,0.,1.));
#13697 = DEFINITIONAL_REPRESENTATION('',(#13698),#13702);
#13698 = LINE('',#13699,#13700);
#13699 = CARTESIAN_POINT('',(0.,0.));
#13700 = VECTOR('',#13701,1.);
#13701 = DIRECTION('',(1.,0.));
#13702 = ( GEOMETRIC_REPRESENTATION_CONTEXT(2) 
PARAMETRIC_REPRESENTATION_CONTEXT() REPRESENTATION_CONTEXT('2D SPACE',''
  ) );
#13703 = ORIENTED_EDGE('',*,*,#13704,.T.);
#13704 = EDGE_CURVE('',#13675,#13705,#13707,.T.);
#13705 = VERTEX_POINT('',#13706);
#13706 = CARTESIAN_POINT('',(0.127602864583,0.549999888102,20.8));
#13707 = SURFACE_CURVE('',#13708,(#13712,#13719),.PCURVE_S1.);
#13708 = B_SPLINE_CURVE_WITH_KNOTS('',2,(#13709,#13710,#13711),
  .UNSPECIFIED.,.F.,.F.,(3,3),(0.,1.),.PIECEWISE_BEZIER_KNOTS.);
#13709 = CARTESIAN_POINT('',(9.460286458333E-02,0.204602752686,20.8));
#13710 = CARTESIAN_POINT('',(9.460286458333E-02,0.400397023519,20.8));
#13711 = CARTESIAN_POINT('',(0.127602864583,0.549999888102,20.8));
#13712 = PCURVE('',#11954,#13713);
#13713 = DEFINITIONAL_REPRESENTATION('',(#13714),#13718);
#13714 = B_SPLINE_CURVE_WITH_KNOTS('',2,(#13715,#13716,#13717),
  .UNSPECIFIED.,.F.,.F.,(3,3),(0.,1.),.PIECEWISE_BEZIER_KNOTS.);
#13715 = CARTESIAN_POINT('',(9.644602864583,2.754602752686));
#13716 = CARTESIAN_POINT('',(9.644602864583,2.950397023519));
#13717 = CARTESIAN_POINT('',(9.677602864583,3.099999888102));
#13718 = ( GEOMETRIC_REPRESENTATION_CONTEXT(2) 
PARAMETRIC_REPRESENTATION_CONTEXT() REPRESENTATION_CONTEXT('2D SPACE',''
  ) );
#13719 = PCURVE('',#13720,#13727);
#13720 = SURFACE_OF_LINEAR_EXTRUSION('',#13721,#13725);
#13721 = B_SPLINE_CURVE_WITH_KNOTS('',2,(#13722,#13723,#13724),
  .UNSPECIFIED.,.F.,.F.,(3,3),(0.,1.),.PIECEWISE_BEZIER_KNOTS.);
#13722 = CARTESIAN_POINT('',(9.460286458333E-02,0.204602752686,20.8));
#13723 = CARTESIAN_POINT('',(9.460286458333E-02,0.400397023519,20.8));
#13724 = CARTESIAN_POINT('',(0.127602864583,0.549999888102,20.8));
#13725 = VECTOR('',#13726,1.);
#13726 = DIRECTION('',(0.,0.,1.));
#13727 = DEFINITIONAL_REPRESENTATION('',(#13728),#13732);
#13728 = LINE('',#13729,#13730);
#13729 = CARTESIAN_POINT('',(0.,0.));
#13730 = VECTOR('',#13731,1.);
#13731 = DIRECTION('',(1.,0.));
#13732 = ( GEOMETRIC_REPRESENTATION_CONTEXT(2) 
PARAMETRIC_REPRESENTATION_CONTEXT() REPRESENTATION_CONTEXT('2D SPACE',''
  ) );
#13733 = ORIENTED_EDGE('',*,*,#13734,.T.);
#13734 = EDGE_CURVE('',#13705,#13735,#13737,.T.);
#13735 = VERTEX_POINT('',#13736);
#13736 = CARTESIAN_POINT('',(0.211202148438,0.784301320394,20.8));
#13737 = SURFACE_CURVE('',#13738,(#13742,#13749),.PCURVE_S1.);
#13738 = B_SPLINE_CURVE_WITH_KNOTS('',2,(#13739,#13740,#13741),
  .UNSPECIFIED.,.F.,.F.,(3,3),(0.,1.),.PIECEWISE_BEZIER_KNOTS.);
#13739 = CARTESIAN_POINT('',(0.127602864583,0.549999888102,20.8));
#13740 = CARTESIAN_POINT('',(0.160602864583,0.699602752686,20.8));
#13741 = CARTESIAN_POINT('',(0.211202148438,0.784301320394,20.8));
#13742 = PCURVE('',#11954,#13743);
#13743 = DEFINITIONAL_REPRESENTATION('',(#13744),#13748);
#13744 = B_SPLINE_CURVE_WITH_KNOTS('',2,(#13745,#13746,#13747),
  .UNSPECIFIED.,.F.,.F.,(3,3),(0.,1.),.PIECEWISE_BEZIER_KNOTS.);
#13745 = CARTESIAN_POINT('',(9.677602864583,3.099999888102));
#13746 = CARTESIAN_POINT('',(9.710602864583,3.249602752686));
#13747 = CARTESIAN_POINT('',(9.761202148438,3.334301320394));
#13748 = ( GEOMETRIC_REPRESENTATION_CONTEXT(2) 
PARAMETRIC_REPRESENTATION_CONTEXT() REPRESENTATION_CONTEXT('2D SPACE',''
  ) );
#13749 = PCURVE('',#13750,#13757);
#13750 = SURFACE_OF_LINEAR_EXTRUSION('',#13751,#13755);
#13751 = B_SPLINE_CURVE_WITH_KNOTS('',2,(#13752,#13753,#13754),
  .UNSPECIFIED.,.F.,.F.,(3,3),(0.,1.),.PIECEWISE_BEZIER_KNOTS.);
#13752 = CARTESIAN_POINT('',(0.127602864583,0.549999888102,20.8));
#13753 = CARTESIAN_POINT('',(0.160602864583,0.699602752686,20.8));
#13754 = CARTESIAN_POINT('',(0.211202148438,0.784301320394,20.8));
#13755 = VECTOR('',#13756,1.);
#13756 = DIRECTION('',(0.,0.,1.));
#13757 = DEFINITIONAL_REPRESENTATION('',(#13758),#13762);
#13758 = LINE('',#13759,#13760);
#13759 = CARTESIAN_POINT('',(0.,0.));
#13760 = VECTOR('',#13761,1.);
#13761 = DIRECTION('',(1.,0.));
#13762 = ( GEOMETRIC_REPRESENTATION_CONTEXT(2) 
PARAMETRIC_REPRESENTATION_CONTEXT() REPRESENTATION_CONTEXT('2D SPACE',''
  ) );
#13763 = ORIENTED_EDGE('',*,*,#13764,.T.);
#13764 = EDGE_CURVE('',#13735,#13765,#13767,.T.);
#13765 = VERTEX_POINT('',#13766);
#13766 = CARTESIAN_POINT('',(0.332202148438,0.921801320394,20.8));
#13767 = SURFACE_CURVE('',#13768,(#13772,#13779),.PCURVE_S1.);
#13768 = B_SPLINE_CURVE_WITH_KNOTS('',2,(#13769,#13770,#13771),
  .UNSPECIFIED.,.F.,.F.,(3,3),(0.,1.),.PIECEWISE_BEZIER_KNOTS.);
#13769 = CARTESIAN_POINT('',(0.211202148438,0.784301320394,20.8));
#13770 = CARTESIAN_POINT('',(0.261801432292,0.868999888102,20.8));
#13771 = CARTESIAN_POINT('',(0.332202148438,0.921801320394,20.8));
#13772 = PCURVE('',#11954,#13773);
#13773 = DEFINITIONAL_REPRESENTATION('',(#13774),#13778);
#13774 = B_SPLINE_CURVE_WITH_KNOTS('',2,(#13775,#13776,#13777),
  .UNSPECIFIED.,.F.,.F.,(3,3),(0.,1.),.PIECEWISE_BEZIER_KNOTS.);
#13775 = CARTESIAN_POINT('',(9.761202148438,3.334301320394));
#13776 = CARTESIAN_POINT('',(9.811801432292,3.418999888102));
#13777 = CARTESIAN_POINT('',(9.882202148438,3.471801320394));
#13778 = ( GEOMETRIC_REPRESENTATION_CONTEXT(2) 
PARAMETRIC_REPRESENTATION_CONTEXT() REPRESENTATION_CONTEXT('2D SPACE',''
  ) );
#13779 = PCURVE('',#13780,#13787);
#13780 = SURFACE_OF_LINEAR_EXTRUSION('',#13781,#13785);
#13781 = B_SPLINE_CURVE_WITH_KNOTS('',2,(#13782,#13783,#13784),
  .UNSPECIFIED.,.F.,.F.,(3,3),(0.,1.),.PIECEWISE_BEZIER_KNOTS.);
#13782 = CARTESIAN_POINT('',(0.211202148438,0.784301320394,20.8));
#13783 = CARTESIAN_POINT('',(0.261801432292,0.868999888102,20.8));
#13784 = CARTESIAN_POINT('',(0.332202148438,0.921801320394,20.8));
#13785 = VECTOR('',#13786,1.);
#13786 = DIRECTION('',(0.,0.,1.));
#13787 = DEFINITIONAL_REPRESENTATION('',(#13788),#13792);
#13788 = LINE('',#13789,#13790);
#13789 = CARTESIAN_POINT('',(0.,0.));
#13790 = VECTOR('',#13791,1.);
#13791 = DIRECTION('',(1.,0.));
#13792 = ( GEOMETRIC_REPRESENTATION_CONTEXT(2) 
PARAMETRIC_REPRESENTATION_CONTEXT() REPRESENTATION_CONTEXT('2D SPACE',''
  ) );
#13793 = ORIENTED_EDGE('',*,*,#13794,.T.);
#13794 = EDGE_CURVE('',#13765,#13795,#13797,.T.);
#13795 = VERTEX_POINT('',#13796);
#13796 = CARTESIAN_POINT('',(0.4675,0.99220203654,20.8));
#13797 = SURFACE_CURVE('',#13798,(#13802,#13809),.PCURVE_S1.);
#13798 = B_SPLINE_CURVE_WITH_KNOTS('',2,(#13799,#13800,#13801),
  .UNSPECIFIED.,.F.,.F.,(3,3),(0.,1.),.PIECEWISE_BEZIER_KNOTS.);
#13799 = CARTESIAN_POINT('',(0.332202148438,0.921801320394,20.8));
#13800 = CARTESIAN_POINT('',(0.402602864583,0.974602752686,20.8));
#13801 = CARTESIAN_POINT('',(0.4675,0.99220203654,20.8));
#13802 = PCURVE('',#11954,#13803);
#13803 = DEFINITIONAL_REPRESENTATION('',(#13804),#13808);
#13804 = B_SPLINE_CURVE_WITH_KNOTS('',2,(#13805,#13806,#13807),
  .UNSPECIFIED.,.F.,.F.,(3,3),(0.,1.),.PIECEWISE_BEZIER_KNOTS.);
#13805 = CARTESIAN_POINT('',(9.882202148438,3.471801320394));
#13806 = CARTESIAN_POINT('',(9.952602864583,3.524602752686));
#13807 = CARTESIAN_POINT('',(10.0175,3.54220203654));
#13808 = ( GEOMETRIC_REPRESENTATION_CONTEXT(2) 
PARAMETRIC_REPRESENTATION_CONTEXT() REPRESENTATION_CONTEXT('2D SPACE',''
  ) );
#13809 = PCURVE('',#13810,#13817);
#13810 = SURFACE_OF_LINEAR_EXTRUSION('',#13811,#13815);
#13811 = B_SPLINE_CURVE_WITH_KNOTS('',2,(#13812,#13813,#13814),
  .UNSPECIFIED.,.F.,.F.,(3,3),(0.,1.),.PIECEWISE_BEZIER_KNOTS.);
#13812 = CARTESIAN_POINT('',(0.332202148438,0.921801320394,20.8));
#13813 = CARTESIAN_POINT('',(0.402602864583,0.974602752686,20.8));
#13814 = CARTESIAN_POINT('',(0.4675,0.99220203654,20.8));
#13815 = VECTOR('',#13816,1.);
#13816 = DIRECTION('',(0.,0.,1.));
#13817 = DEFINITIONAL_REPRESENTATION('',(#13818),#13822);
#13818 = LINE('',#13819,#13820);
#13819 = CARTESIAN_POINT('',(0.,0.));
#13820 = VECTOR('',#13821,1.);
#13821 = DIRECTION('',(1.,0.));
#13822 = ( GEOMETRIC_REPRESENTATION_CONTEXT(2) 
PARAMETRIC_REPRESENTATION_CONTEXT() REPRESENTATION_CONTEXT('2D SPACE',''
  ) );
#13823 = ORIENTED_EDGE('',*,*,#13824,.T.);
#13824 = EDGE_CURVE('',#13795,#13825,#13827,.T.);
#13825 = VERTEX_POINT('',#13826);
#13826 = CARTESIAN_POINT('',(0.605,1.009801320394,20.8));
#13827 = SURFACE_CURVE('',#13828,(#13832,#13839),.PCURVE_S1.);
#13828 = B_SPLINE_CURVE_WITH_KNOTS('',2,(#13829,#13830,#13831),
  .UNSPECIFIED.,.F.,.F.,(3,3),(0.,1.),.PIECEWISE_BEZIER_KNOTS.);
#13829 = CARTESIAN_POINT('',(0.4675,0.99220203654,20.8));
#13830 = CARTESIAN_POINT('',(0.532397135417,1.009801320394,20.8));
#13831 = CARTESIAN_POINT('',(0.605,1.009801320394,20.8));
#13832 = PCURVE('',#11954,#13833);
#13833 = DEFINITIONAL_REPRESENTATION('',(#13834),#13838);
#13834 = B_SPLINE_CURVE_WITH_KNOTS('',2,(#13835,#13836,#13837),
  .UNSPECIFIED.,.F.,.F.,(3,3),(0.,1.),.PIECEWISE_BEZIER_KNOTS.);
#13835 = CARTESIAN_POINT('',(10.0175,3.54220203654));
#13836 = CARTESIAN_POINT('',(10.082397135417,3.559801320394));
#13837 = CARTESIAN_POINT('',(10.155,3.559801320394));
#13838 = ( GEOMETRIC_REPRESENTATION_CONTEXT(2) 
PARAMETRIC_REPRESENTATION_CONTEXT() REPRESENTATION_CONTEXT('2D SPACE',''
  ) );
#13839 = PCURVE('',#13840,#13847);
#13840 = SURFACE_OF_LINEAR_EXTRUSION('',#13841,#13845);
#13841 = B_SPLINE_CURVE_WITH_KNOTS('',2,(#13842,#13843,#13844),
  .UNSPECIFIED.,.F.,.F.,(3,3),(0.,1.),.PIECEWISE_BEZIER_KNOTS.);
#13842 = CARTESIAN_POINT('',(0.4675,0.99220203654,20.8));
#13843 = CARTESIAN_POINT('',(0.532397135417,1.009801320394,20.8));
#13844 = CARTESIAN_POINT('',(0.605,1.009801320394,20.8));
#13845 = VECTOR('',#13846,1.);
#13846 = DIRECTION('',(0.,0.,1.));
#13847 = DEFINITIONAL_REPRESENTATION('',(#13848),#13852);
#13848 = LINE('',#13849,#13850);
#13849 = CARTESIAN_POINT('',(0.,0.));
#13850 = VECTOR('',#13851,1.);
#13851 = DIRECTION('',(1.,0.));
#13852 = ( GEOMETRIC_REPRESENTATION_CONTEXT(2) 
PARAMETRIC_REPRESENTATION_CONTEXT() REPRESENTATION_CONTEXT('2D SPACE',''
  ) );
#13853 = ORIENTED_EDGE('',*,*,#13854,.T.);
#13854 = EDGE_CURVE('',#13825,#13855,#13857,.T.);
#13855 = VERTEX_POINT('',#13856);
#13856 = CARTESIAN_POINT('',(1.115397135417,0.191397023519,20.8));
#13857 = SURFACE_CURVE('',#13858,(#13862,#13869),.PCURVE_S1.);
#13858 = B_SPLINE_CURVE_WITH_KNOTS('',2,(#13859,#13860,#13861),
  .UNSPECIFIED.,.F.,.F.,(3,3),(0.,1.),.PIECEWISE_BEZIER_KNOTS.);
#13859 = CARTESIAN_POINT('',(0.605,1.009801320394,20.8));
#13860 = CARTESIAN_POINT('',(1.115397135417,1.009801320394,20.8));
#13861 = CARTESIAN_POINT('',(1.115397135417,0.191397023519,20.8));
#13862 = PCURVE('',#11954,#13863);
#13863 = DEFINITIONAL_REPRESENTATION('',(#13864),#13868);
#13864 = B_SPLINE_CURVE_WITH_KNOTS('',2,(#13865,#13866,#13867),
  .UNSPECIFIED.,.F.,.F.,(3,3),(0.,1.),.PIECEWISE_BEZIER_KNOTS.);
#13865 = CARTESIAN_POINT('',(10.155,3.559801320394));
#13866 = CARTESIAN_POINT('',(10.665397135417,3.559801320394));
#13867 = CARTESIAN_POINT('',(10.665397135417,2.741397023519));
#13868 = ( GEOMETRIC_REPRESENTATION_CONTEXT(2) 
PARAMETRIC_REPRESENTATION_CONTEXT() REPRESENTATION_CONTEXT('2D SPACE',''
  ) );
#13869 = PCURVE('',#13870,#13877);
#13870 = SURFACE_OF_LINEAR_EXTRUSION('',#13871,#13875);
#13871 = B_SPLINE_CURVE_WITH_KNOTS('',2,(#13872,#13873,#13874),
  .UNSPECIFIED.,.F.,.F.,(3,3),(0.,1.),.PIECEWISE_BEZIER_KNOTS.);
#13872 = CARTESIAN_POINT('',(0.605,1.009801320394,20.8));
#13873 = CARTESIAN_POINT('',(1.115397135417,1.009801320394,20.8));
#13874 = CARTESIAN_POINT('',(1.115397135417,0.191397023519,20.8));
#13875 = VECTOR('',#13876,1.);
#13876 = DIRECTION('',(0.,0.,1.));
#13877 = DEFINITIONAL_REPRESENTATION('',(#13878),#13882);
#13878 = LINE('',#13879,#13880);
#13879 = CARTESIAN_POINT('',(0.,0.));
#13880 = VECTOR('',#13881,1.);
#13881 = DIRECTION('',(1.,0.));
#13882 = ( GEOMETRIC_REPRESENTATION_CONTEXT(2) 
PARAMETRIC_REPRESENTATION_CONTEXT() REPRESENTATION_CONTEXT('2D SPACE',''
  ) );
#13883 = ORIENTED_EDGE('',*,*,#13884,.T.);
#13884 = EDGE_CURVE('',#13855,#13885,#13887,.T.);
#13885 = VERTEX_POINT('',#13886);
#13886 = CARTESIAN_POINT('',(0.9845,-0.397102976481,20.8));
#13887 = SURFACE_CURVE('',#13888,(#13892,#13899),.PCURVE_S1.);
#13888 = B_SPLINE_CURVE_WITH_KNOTS('',2,(#13889,#13890,#13891),
  .UNSPECIFIED.,.F.,.F.,(3,3),(0.,1.),.PIECEWISE_BEZIER_KNOTS.);
#13889 = CARTESIAN_POINT('',(1.115397135417,0.191397023519,20.8));
#13890 = CARTESIAN_POINT('',(1.115397135417,-0.193602976481,20.8));
#13891 = CARTESIAN_POINT('',(0.9845,-0.397102976481,20.8));
#13892 = PCURVE('',#11954,#13893);
#13893 = DEFINITIONAL_REPRESENTATION('',(#13894),#13898);
#13894 = B_SPLINE_CURVE_WITH_KNOTS('',2,(#13895,#13896,#13897),
  .UNSPECIFIED.,.F.,.F.,(3,3),(0.,1.),.PIECEWISE_BEZIER_KNOTS.);
#13895 = CARTESIAN_POINT('',(10.665397135417,2.741397023519));
#13896 = CARTESIAN_POINT('',(10.665397135417,2.356397023519));
#13897 = CARTESIAN_POINT('',(10.5345,2.152897023519));
#13898 = ( GEOMETRIC_REPRESENTATION_CONTEXT(2) 
PARAMETRIC_REPRESENTATION_CONTEXT() REPRESENTATION_CONTEXT('2D SPACE',''
  ) );
#13899 = PCURVE('',#13900,#13907);
#13900 = SURFACE_OF_LINEAR_EXTRUSION('',#13901,#13905);
#13901 = B_SPLINE_CURVE_WITH_KNOTS('',2,(#13902,#13903,#13904),
  .UNSPECIFIED.,.F.,.F.,(3,3),(0.,1.),.PIECEWISE_BEZIER_KNOTS.);
#13902 = CARTESIAN_POINT('',(1.115397135417,0.191397023519,20.8));
#13903 = CARTESIAN_POINT('',(1.115397135417,-0.193602976481,20.8));
#13904 = CARTESIAN_POINT('',(0.9845,-0.397102976481,20.8));
#13905 = VECTOR('',#13906,1.);
#13906 = DIRECTION('',(0.,0.,1.));
#13907 = DEFINITIONAL_REPRESENTATION('',(#13908),#13912);
#13908 = LINE('',#13909,#13910);
#13909 = CARTESIAN_POINT('',(0.,0.));
#13910 = VECTOR('',#13911,1.);
#13911 = DIRECTION('',(1.,0.));
#13912 = ( GEOMETRIC_REPRESENTATION_CONTEXT(2) 
PARAMETRIC_REPRESENTATION_CONTEXT() REPRESENTATION_CONTEXT('2D SPACE',''
  ) );
#13913 = ORIENTED_EDGE('',*,*,#13914,.T.);
#13914 = EDGE_CURVE('',#13885,#13915,#13917,.T.);
#13915 = VERTEX_POINT('',#13916);
#13916 = CARTESIAN_POINT('',(0.605,-0.600602976481,20.8));
#13917 = SURFACE_CURVE('',#13918,(#13922,#13929),.PCURVE_S1.);
#13918 = B_SPLINE_CURVE_WITH_KNOTS('',2,(#13919,#13920,#13921),
  .UNSPECIFIED.,.F.,.F.,(3,3),(0.,1.),.PIECEWISE_BEZIER_KNOTS.);
#13919 = CARTESIAN_POINT('',(0.9845,-0.397102976481,20.8));
#13920 = CARTESIAN_POINT('',(0.853602864583,-0.600602976481,20.8));
#13921 = CARTESIAN_POINT('',(0.605,-0.600602976481,20.8));
#13922 = PCURVE('',#11954,#13923);
#13923 = DEFINITIONAL_REPRESENTATION('',(#13924),#13928);
#13924 = B_SPLINE_CURVE_WITH_KNOTS('',2,(#13925,#13926,#13927),
  .UNSPECIFIED.,.F.,.F.,(3,3),(0.,1.),.PIECEWISE_BEZIER_KNOTS.);
#13925 = CARTESIAN_POINT('',(10.5345,2.152897023519));
#13926 = CARTESIAN_POINT('',(10.403602864583,1.949397023519));
#13927 = CARTESIAN_POINT('',(10.155,1.949397023519));
#13928 = ( GEOMETRIC_REPRESENTATION_CONTEXT(2) 
PARAMETRIC_REPRESENTATION_CONTEXT() REPRESENTATION_CONTEXT('2D SPACE',''
  ) );
#13929 = PCURVE('',#13930,#13937);
#13930 = SURFACE_OF_LINEAR_EXTRUSION('',#13931,#13935);
#13931 = B_SPLINE_CURVE_WITH_KNOTS('',2,(#13932,#13933,#13934),
  .UNSPECIFIED.,.F.,.F.,(3,3),(0.,1.),.PIECEWISE_BEZIER_KNOTS.);
#13932 = CARTESIAN_POINT('',(0.9845,-0.397102976481,20.8));
#13933 = CARTESIAN_POINT('',(0.853602864583,-0.600602976481,20.8));
#13934 = CARTESIAN_POINT('',(0.605,-0.600602976481,20.8));
#13935 = VECTOR('',#13936,1.);
#13936 = DIRECTION('',(0.,0.,1.));
#13937 = DEFINITIONAL_REPRESENTATION('',(#13938),#13942);
#13938 = LINE('',#13939,#13940);
#13939 = CARTESIAN_POINT('',(0.,0.));
#13940 = VECTOR('',#13941,1.);
#13941 = DIRECTION('',(1.,0.));
#13942 = ( GEOMETRIC_REPRESENTATION_CONTEXT(2) 
PARAMETRIC_REPRESENTATION_CONTEXT() REPRESENTATION_CONTEXT('2D SPACE',''
  ) );
#13943 = ORIENTED_EDGE('',*,*,#13944,.T.);
#13944 = EDGE_CURVE('',#13915,#13673,#13945,.T.);
#13945 = SURFACE_CURVE('',#13946,(#13950,#13957),.PCURVE_S1.);
#13946 = B_SPLINE_CURVE_WITH_KNOTS('',2,(#13947,#13948,#13949),
  .UNSPECIFIED.,.F.,.F.,(3,3),(0.,1.),.PIECEWISE_BEZIER_KNOTS.);
#13947 = CARTESIAN_POINT('',(0.605,-0.600602976481,20.8));
#13948 = CARTESIAN_POINT('',(0.354198567708,-0.600602976481,20.8));
#13949 = CARTESIAN_POINT('',(0.224400716146,-0.394900828044,20.8));
#13950 = PCURVE('',#11954,#13951);
#13951 = DEFINITIONAL_REPRESENTATION('',(#13952),#13956);
#13952 = B_SPLINE_CURVE_WITH_KNOTS('',2,(#13953,#13954,#13955),
  .UNSPECIFIED.,.F.,.F.,(3,3),(0.,1.),.PIECEWISE_BEZIER_KNOTS.);
#13953 = CARTESIAN_POINT('',(10.155,1.949397023519));
#13954 = CARTESIAN_POINT('',(9.904198567708,1.949397023519));
#13955 = CARTESIAN_POINT('',(9.774400716146,2.155099171956));
#13956 = ( GEOMETRIC_REPRESENTATION_CONTEXT(2) 
PARAMETRIC_REPRESENTATION_CONTEXT() REPRESENTATION_CONTEXT('2D SPACE',''
  ) );
#13957 = PCURVE('',#13958,#13965);
#13958 = SURFACE_OF_LINEAR_EXTRUSION('',#13959,#13963);
#13959 = B_SPLINE_CURVE_WITH_KNOTS('',2,(#13960,#13961,#13962),
  .UNSPECIFIED.,.F.,.F.,(3,3),(0.,1.),.PIECEWISE_BEZIER_KNOTS.);
#13960 = CARTESIAN_POINT('',(0.605,-0.600602976481,20.8));
#13961 = CARTESIAN_POINT('',(0.354198567708,-0.600602976481,20.8));
#13962 = CARTESIAN_POINT('',(0.224400716146,-0.394900828044,20.8));
#13963 = VECTOR('',#13964,1.);
#13964 = DIRECTION('',(0.,0.,1.));
#13965 = DEFINITIONAL_REPRESENTATION('',(#13966),#13970);
#13966 = LINE('',#13967,#13968);
#13967 = CARTESIAN_POINT('',(0.,0.));
#13968 = VECTOR('',#13969,1.);
#13969 = DIRECTION('',(1.,0.));
#13970 = ( GEOMETRIC_REPRESENTATION_CONTEXT(2) 
PARAMETRIC_REPRESENTATION_CONTEXT() REPRESENTATION_CONTEXT('2D SPACE',''
  ) );
#13971 = ADVANCED_FACE('',(#13972),#11928,.F.);
#13972 = FACE_BOUND('',#13973,.F.);
#13973 = EDGE_LOOP('',(#13974,#13975,#13976,#13977));
#13974 = ORIENTED_EDGE('',*,*,#11912,.F.);
#13975 = ORIENTED_EDGE('',*,*,#12145,.F.);
#13976 = ORIENTED_EDGE('',*,*,#12088,.T.);
#13977 = ORIENTED_EDGE('',*,*,#13372,.F.);
#13978 = ADVANCED_FACE('',(#13979),#12214,.T.);
#13979 = FACE_BOUND('',#13980,.T.);
#13980 = EDGE_LOOP('',(#13981,#13982,#13983,#13984));
#13981 = ORIENTED_EDGE('',*,*,#12196,.F.);
#13982 = ORIENTED_EDGE('',*,*,#12348,.F.);
#13983 = ORIENTED_EDGE('',*,*,#12374,.T.);
#13984 = ORIENTED_EDGE('',*,*,#13396,.F.);
#13985 = ADVANCED_FACE('',(#13986),#12289,.F.);
#13986 = FACE_BOUND('',#13987,.F.);
#13987 = EDGE_LOOP('',(#13988,#13989,#13990,#13991));
#13988 = ORIENTED_EDGE('',*,*,#12273,.F.);
#13989 = ORIENTED_EDGE('',*,*,#12501,.F.);
#13990 = ORIENTED_EDGE('',*,*,#12444,.T.);
#13991 = ORIENTED_EDGE('',*,*,#13418,.F.);
#13992 = ADVANCED_FACE('',(#13993),#12586,.T.);
#13993 = FACE_BOUND('',#13994,.T.);
#13994 = EDGE_LOOP('',(#13995,#14017,#14018,#14040));
#13995 = ORIENTED_EDGE('',*,*,#13996,.T.);
#13996 = EDGE_CURVE('',#12526,#13165,#13997,.T.);
#13997 = SURFACE_CURVE('',#13998,(#14003,#14010),.PCURVE_S1.);
#13998 = CIRCLE('',#13999,0.3);
#13999 = AXIS2_PLACEMENT_3D('',#14000,#14001,#14002);
#14000 = CARTESIAN_POINT('',(-9.25,-1.35,20.5));
#14001 = DIRECTION('',(0.,1.,0.));
#14002 = DIRECTION('',(-1.,0.,0.));
#14003 = PCURVE('',#12586,#14004);
#14004 = DEFINITIONAL_REPRESENTATION('',(#14005),#14009);
#14005 = LINE('',#14006,#14007);
#14006 = CARTESIAN_POINT('',(0.,0.));
#14007 = VECTOR('',#14008,1.);
#14008 = DIRECTION('',(1.,0.));
#14009 = ( GEOMETRIC_REPRESENTATION_CONTEXT(2) 
PARAMETRIC_REPRESENTATION_CONTEXT() REPRESENTATION_CONTEXT('2D SPACE',''
  ) );
#14010 = PCURVE('',#12641,#14011);
#14011 = DEFINITIONAL_REPRESENTATION('',(#14012),#14016);
#14012 = LINE('',#14013,#14014);
#14013 = CARTESIAN_POINT('',(-1.570796326795,0.));
#14014 = VECTOR('',#14015,1.);
#14015 = DIRECTION('',(-0.,1.));
#14016 = ( GEOMETRIC_REPRESENTATION_CONTEXT(2) 
PARAMETRIC_REPRESENTATION_CONTEXT() REPRESENTATION_CONTEXT('2D SPACE',''
  ) );
#14017 = ORIENTED_EDGE('',*,*,#13164,.T.);
#14018 = ORIENTED_EDGE('',*,*,#14019,.F.);
#14019 = EDGE_CURVE('',#12550,#13167,#14020,.T.);
#14020 = SURFACE_CURVE('',#14021,(#14026,#14033),.PCURVE_S1.);
#14021 = CIRCLE('',#14022,0.3);
#14022 = AXIS2_PLACEMENT_3D('',#14023,#14024,#14025);
#14023 = CARTESIAN_POINT('',(-9.25,1.35,20.5));
#14024 = DIRECTION('',(0.,1.,0.));
#14025 = DIRECTION('',(-1.,0.,0.));
#14026 = PCURVE('',#12586,#14027);
#14027 = DEFINITIONAL_REPRESENTATION('',(#14028),#14032);
#14028 = LINE('',#14029,#14030);
#14029 = CARTESIAN_POINT('',(0.,2.7));
#14030 = VECTOR('',#14031,1.);
#14031 = DIRECTION('',(1.,0.));
#14032 = ( GEOMETRIC_REPRESENTATION_CONTEXT(2) 
PARAMETRIC_REPRESENTATION_CONTEXT() REPRESENTATION_CONTEXT('2D SPACE',''
  ) );
#14033 = PCURVE('',#12696,#14034);
#14034 = DEFINITIONAL_REPRESENTATION('',(#14035),#14039);
#14035 = LINE('',#14036,#14037);
#14036 = CARTESIAN_POINT('',(-0.,0.));
#14037 = VECTOR('',#14038,1.);
#14038 = DIRECTION('',(-0.,1.));
#14039 = ( GEOMETRIC_REPRESENTATION_CONTEXT(2) 
PARAMETRIC_REPRESENTATION_CONTEXT() REPRESENTATION_CONTEXT('2D SPACE',''
  ) );
#14040 = ORIENTED_EDGE('',*,*,#12572,.F.);
#14041 = ADVANCED_FACE('',(#14042),#12641,.T.);
#14042 = FACE_BOUND('',#14043,.F.);
#14043 = EDGE_LOOP('',(#14044,#14066,#14067,#14068));
#14044 = ORIENTED_EDGE('',*,*,#14045,.F.);
#14045 = EDGE_CURVE('',#12604,#13190,#14046,.T.);
#14046 = SURFACE_CURVE('',#14047,(#14052,#14059),.PCURVE_S1.);
#14047 = CIRCLE('',#14048,0.3);
#14048 = AXIS2_PLACEMENT_3D('',#14049,#14050,#14051);
#14049 = CARTESIAN_POINT('',(-8.35,-2.25,20.5));
#14050 = DIRECTION('',(-1.,-0.,0.));
#14051 = DIRECTION('',(0.,-1.,0.));
#14052 = PCURVE('',#12641,#14053);
#14053 = DEFINITIONAL_REPRESENTATION('',(#14054),#14058);
#14054 = LINE('',#14055,#14056);
#14055 = CARTESIAN_POINT('',(-0.,0.));
#14056 = VECTOR('',#14057,1.);
#14057 = DIRECTION('',(-0.,1.));
#14058 = ( GEOMETRIC_REPRESENTATION_CONTEXT(2) 
PARAMETRIC_REPRESENTATION_CONTEXT() REPRESENTATION_CONTEXT('2D SPACE',''
  ) );
#14059 = PCURVE('',#12728,#14060);
#14060 = DEFINITIONAL_REPRESENTATION('',(#14061),#14065);
#14061 = LINE('',#14062,#14063);
#14062 = CARTESIAN_POINT('',(0.,16.7));
#14063 = VECTOR('',#14064,1.);
#14064 = DIRECTION('',(1.,0.));
#14065 = ( GEOMETRIC_REPRESENTATION_CONTEXT(2) 
PARAMETRIC_REPRESENTATION_CONTEXT() REPRESENTATION_CONTEXT('2D SPACE',''
  ) );
#14066 = ORIENTED_EDGE('',*,*,#12626,.T.);
#14067 = ORIENTED_EDGE('',*,*,#13996,.T.);
#14068 = ORIENTED_EDGE('',*,*,#13189,.F.);
#14069 = ADVANCED_FACE('',(#14070),#12696,.T.);
#14070 = FACE_BOUND('',#14071,.F.);
#14071 = EDGE_LOOP('',(#14072,#14073,#14074,#14096));
#14072 = ORIENTED_EDGE('',*,*,#14019,.F.);
#14073 = ORIENTED_EDGE('',*,*,#12681,.T.);
#14074 = ORIENTED_EDGE('',*,*,#14075,.T.);
#14075 = EDGE_CURVE('',#12659,#13320,#14076,.T.);
#14076 = SURFACE_CURVE('',#14077,(#14082,#14089),.PCURVE_S1.);
#14077 = CIRCLE('',#14078,0.3);
#14078 = AXIS2_PLACEMENT_3D('',#14079,#14080,#14081);
#14079 = CARTESIAN_POINT('',(-8.35,2.25,20.5));
#14080 = DIRECTION('',(1.,6.123233995737E-17,-0.));
#14081 = DIRECTION('',(-6.123233995737E-17,1.,0.));
#14082 = PCURVE('',#12696,#14083);
#14083 = DEFINITIONAL_REPRESENTATION('',(#14084),#14088);
#14084 = LINE('',#14085,#14086);
#14085 = CARTESIAN_POINT('',(-1.570796326795,0.));
#14086 = VECTOR('',#14087,1.);
#14087 = DIRECTION('',(-0.,1.));
#14088 = ( GEOMETRIC_REPRESENTATION_CONTEXT(2) 
PARAMETRIC_REPRESENTATION_CONTEXT() REPRESENTATION_CONTEXT('2D SPACE',''
  ) );
#14089 = PCURVE('',#12782,#14090);
#14090 = DEFINITIONAL_REPRESENTATION('',(#14091),#14095);
#14091 = LINE('',#14092,#14093);
#14092 = CARTESIAN_POINT('',(0.,0.));
#14093 = VECTOR('',#14094,1.);
#14094 = DIRECTION('',(1.,0.));
#14095 = ( GEOMETRIC_REPRESENTATION_CONTEXT(2) 
PARAMETRIC_REPRESENTATION_CONTEXT() REPRESENTATION_CONTEXT('2D SPACE',''
  ) );
#14096 = ORIENTED_EDGE('',*,*,#13342,.F.);
#14097 = ADVANCED_FACE('',(#14098),#12728,.T.);
#14098 = FACE_BOUND('',#14099,.T.);
#14099 = EDGE_LOOP('',(#14100,#14122,#14123,#14124));
#14100 = ORIENTED_EDGE('',*,*,#14101,.T.);
#14101 = EDGE_CURVE('',#12713,#13218,#14102,.T.);
#14102 = SURFACE_CURVE('',#14103,(#14108,#14115),.PCURVE_S1.);
#14103 = CIRCLE('',#14104,0.3);
#14104 = AXIS2_PLACEMENT_3D('',#14105,#14106,#14107);
#14105 = CARTESIAN_POINT('',(8.35,-2.25,20.5));
#14106 = DIRECTION('',(-1.,-6.123233995737E-17,0.));
#14107 = DIRECTION('',(6.123233995737E-17,-1.,-0.));
#14108 = PCURVE('',#12728,#14109);
#14109 = DEFINITIONAL_REPRESENTATION('',(#14110),#14114);
#14110 = LINE('',#14111,#14112);
#14111 = CARTESIAN_POINT('',(0.,0.));
#14112 = VECTOR('',#14113,1.);
#14113 = DIRECTION('',(1.,0.));
#14114 = ( GEOMETRIC_REPRESENTATION_CONTEXT(2) 
PARAMETRIC_REPRESENTATION_CONTEXT() REPRESENTATION_CONTEXT('2D SPACE',''
  ) );
#14115 = PCURVE('',#12859,#14116);
#14116 = DEFINITIONAL_REPRESENTATION('',(#14117),#14121);
#14117 = LINE('',#14118,#14119);
#14118 = CARTESIAN_POINT('',(-1.570796326795,0.));
#14119 = VECTOR('',#14120,1.);
#14120 = DIRECTION('',(-0.,1.));
#14121 = ( GEOMETRIC_REPRESENTATION_CONTEXT(2) 
PARAMETRIC_REPRESENTATION_CONTEXT() REPRESENTATION_CONTEXT('2D SPACE',''
  ) );
#14122 = ORIENTED_EDGE('',*,*,#13217,.T.);
#14123 = ORIENTED_EDGE('',*,*,#14045,.F.);
#14124 = ORIENTED_EDGE('',*,*,#12712,.F.);
#14125 = ADVANCED_FACE('',(#14126),#12782,.T.);
#14126 = FACE_BOUND('',#14127,.T.);
#14127 = EDGE_LOOP('',(#14128,#14129,#14130,#14152));
#14128 = ORIENTED_EDGE('',*,*,#14075,.T.);
#14129 = ORIENTED_EDGE('',*,*,#13319,.T.);
#14130 = ORIENTED_EDGE('',*,*,#14131,.F.);
#14131 = EDGE_CURVE('',#12767,#13292,#14132,.T.);
#14132 = SURFACE_CURVE('',#14133,(#14138,#14145),.PCURVE_S1.);
#14133 = CIRCLE('',#14134,0.3);
#14134 = AXIS2_PLACEMENT_3D('',#14135,#14136,#14137);
#14135 = CARTESIAN_POINT('',(8.35,2.25,20.5));
#14136 = DIRECTION('',(1.,0.,0.));
#14137 = DIRECTION('',(-0.,1.,0.));
#14138 = PCURVE('',#12782,#14139);
#14139 = DEFINITIONAL_REPRESENTATION('',(#14140),#14144);
#14140 = LINE('',#14141,#14142);
#14141 = CARTESIAN_POINT('',(0.,16.7));
#14142 = VECTOR('',#14143,1.);
#14143 = DIRECTION('',(1.,0.));
#14144 = ( GEOMETRIC_REPRESENTATION_CONTEXT(2) 
PARAMETRIC_REPRESENTATION_CONTEXT() REPRESENTATION_CONTEXT('2D SPACE',''
  ) );
#14145 = PCURVE('',#12914,#14146);
#14146 = DEFINITIONAL_REPRESENTATION('',(#14147),#14151);
#14147 = LINE('',#14148,#14149);
#14148 = CARTESIAN_POINT('',(-0.,0.));
#14149 = VECTOR('',#14150,1.);
#14150 = DIRECTION('',(-0.,1.));
#14151 = ( GEOMETRIC_REPRESENTATION_CONTEXT(2) 
PARAMETRIC_REPRESENTATION_CONTEXT() REPRESENTATION_CONTEXT('2D SPACE',''
  ) );
#14152 = ORIENTED_EDGE('',*,*,#12766,.F.);
#14153 = ADVANCED_FACE('',(#14154),#12859,.T.);
#14154 = FACE_BOUND('',#14155,.F.);
#14155 = EDGE_LOOP('',(#14156,#14178,#14179,#14180));
#14156 = ORIENTED_EDGE('',*,*,#14157,.F.);
#14157 = EDGE_CURVE('',#12820,#13241,#14158,.T.);
#14158 = SURFACE_CURVE('',#14159,(#14164,#14171),.PCURVE_S1.);
#14159 = CIRCLE('',#14160,0.3);
#14160 = AXIS2_PLACEMENT_3D('',#14161,#14162,#14163);
#14161 = CARTESIAN_POINT('',(9.25,-1.35,20.5));
#14162 = DIRECTION('',(0.,-1.,-0.));
#14163 = DIRECTION('',(1.,0.,-0.));
#14164 = PCURVE('',#12859,#14165);
#14165 = DEFINITIONAL_REPRESENTATION('',(#14166),#14170);
#14166 = LINE('',#14167,#14168);
#14167 = CARTESIAN_POINT('',(-0.,0.));
#14168 = VECTOR('',#14169,1.);
#14169 = DIRECTION('',(-0.,1.));
#14170 = ( GEOMETRIC_REPRESENTATION_CONTEXT(2) 
PARAMETRIC_REPRESENTATION_CONTEXT() REPRESENTATION_CONTEXT('2D SPACE',''
  ) );
#14171 = PCURVE('',#12946,#14172);
#14172 = DEFINITIONAL_REPRESENTATION('',(#14173),#14177);
#14173 = LINE('',#14174,#14175);
#14174 = CARTESIAN_POINT('',(0.,2.7));
#14175 = VECTOR('',#14176,1.);
#14176 = DIRECTION('',(1.,0.));
#14177 = ( GEOMETRIC_REPRESENTATION_CONTEXT(2) 
PARAMETRIC_REPRESENTATION_CONTEXT() REPRESENTATION_CONTEXT('2D SPACE',''
  ) );
#14178 = ORIENTED_EDGE('',*,*,#12844,.T.);
#14179 = ORIENTED_EDGE('',*,*,#14101,.T.);
#14180 = ORIENTED_EDGE('',*,*,#13240,.F.);
#14181 = ADVANCED_FACE('',(#14182),#12914,.T.);
#14182 = FACE_BOUND('',#14183,.F.);
#14183 = EDGE_LOOP('',(#14184,#14185,#14186,#14208));
#14184 = ORIENTED_EDGE('',*,*,#14131,.F.);
#14185 = ORIENTED_EDGE('',*,*,#12899,.T.);
#14186 = ORIENTED_EDGE('',*,*,#14187,.T.);
#14187 = EDGE_CURVE('',#12875,#13269,#14188,.T.);
#14188 = SURFACE_CURVE('',#14189,(#14194,#14201),.PCURVE_S1.);
#14189 = CIRCLE('',#14190,0.3);
#14190 = AXIS2_PLACEMENT_3D('',#14191,#14192,#14193);
#14191 = CARTESIAN_POINT('',(9.25,1.35,20.5));
#14192 = DIRECTION('',(6.123233995737E-17,-1.,0.));
#14193 = DIRECTION('',(1.,6.123233995737E-17,0.));
#14194 = PCURVE('',#12914,#14195);
#14195 = DEFINITIONAL_REPRESENTATION('',(#14196),#14200);
#14196 = LINE('',#14197,#14198);
#14197 = CARTESIAN_POINT('',(-1.570796326795,0.));
#14198 = VECTOR('',#14199,1.);
#14199 = DIRECTION('',(-0.,1.));
#14200 = ( GEOMETRIC_REPRESENTATION_CONTEXT(2) 
PARAMETRIC_REPRESENTATION_CONTEXT() REPRESENTATION_CONTEXT('2D SPACE',''
  ) );
#14201 = PCURVE('',#12946,#14202);
#14202 = DEFINITIONAL_REPRESENTATION('',(#14203),#14207);
#14203 = LINE('',#14204,#14205);
#14204 = CARTESIAN_POINT('',(0.,0.));
#14205 = VECTOR('',#14206,1.);
#14206 = DIRECTION('',(1.,0.));
#14207 = ( GEOMETRIC_REPRESENTATION_CONTEXT(2) 
PARAMETRIC_REPRESENTATION_CONTEXT() REPRESENTATION_CONTEXT('2D SPACE',''
  ) );
#14208 = ORIENTED_EDGE('',*,*,#13291,.F.);
#14209 = ADVANCED_FACE('',(#14210),#12946,.T.);
#14210 = FACE_BOUND('',#14211,.T.);
#14211 = EDGE_LOOP('',(#14212,#14213,#14214,#14215));
#14212 = ORIENTED_EDGE('',*,*,#14187,.T.);
#14213 = ORIENTED_EDGE('',*,*,#13268,.T.);
#14214 = ORIENTED_EDGE('',*,*,#14157,.F.);
#14215 = ORIENTED_EDGE('',*,*,#12932,.F.);
#14216 = ADVANCED_FACE('',(#14217),#13002,.T.);
#14217 = FACE_BOUND('',#14218,.T.);
#14218 = EDGE_LOOP('',(#14219,#14242,#14243,#14266));
#14219 = ORIENTED_EDGE('',*,*,#14220,.T.);
#14220 = EDGE_CURVE('',#14221,#12985,#14223,.T.);
#14221 = VERTEX_POINT('',#14222);
#14222 = CARTESIAN_POINT('',(2.084993489583,-1.6,14.724999745687));
#14223 = SURFACE_CURVE('',#14224,(#14228,#14235),.PCURVE_S1.);
#14224 = LINE('',#14225,#14226);
#14225 = CARTESIAN_POINT('',(2.084993489583,-1.6,14.724999745687));
#14226 = VECTOR('',#14227,1.);
#14227 = DIRECTION('',(-0.,1.,-0.));
#14228 = PCURVE('',#13002,#14229);
#14229 = DEFINITIONAL_REPRESENTATION('',(#14230),#14234);
#14230 = LINE('',#14231,#14232);
#14231 = CARTESIAN_POINT('',(0.,0.));
#14232 = VECTOR('',#14233,1.);
#14233 = DIRECTION('',(0.,-1.));
#14234 = ( GEOMETRIC_REPRESENTATION_CONTEXT(2) 
PARAMETRIC_REPRESENTATION_CONTEXT() REPRESENTATION_CONTEXT('2D SPACE',''
  ) );
#14235 = PCURVE('',#13120,#14236);
#14236 = DEFINITIONAL_REPRESENTATION('',(#14237),#14241);
#14237 = LINE('',#14238,#14239);
#14238 = CARTESIAN_POINT('',(1.,0.));
#14239 = VECTOR('',#14240,1.);
#14240 = DIRECTION('',(0.,-1.));
#14241 = ( GEOMETRIC_REPRESENTATION_CONTEXT(2) 
PARAMETRIC_REPRESENTATION_CONTEXT() REPRESENTATION_CONTEXT('2D SPACE',''
  ) );
#14242 = ORIENTED_EDGE('',*,*,#12984,.T.);
#14243 = ORIENTED_EDGE('',*,*,#14244,.F.);
#14244 = EDGE_CURVE('',#14245,#12987,#14247,.T.);
#14245 = VERTEX_POINT('',#14246);
#14246 = CARTESIAN_POINT('',(1.375,-1.6,16.154996490479));
#14247 = SURFACE_CURVE('',#14248,(#14252,#14259),.PCURVE_S1.);
#14248 = LINE('',#14249,#14250);
#14249 = CARTESIAN_POINT('',(1.375,-1.6,16.154996490479));
#14250 = VECTOR('',#14251,1.);
#14251 = DIRECTION('',(-0.,1.,-0.));
#14252 = PCURVE('',#13002,#14253);
#14253 = DEFINITIONAL_REPRESENTATION('',(#14254),#14258);
#14254 = LINE('',#14255,#14256);
#14255 = CARTESIAN_POINT('',(1.,0.));
#14256 = VECTOR('',#14257,1.);
#14257 = DIRECTION('',(0.,-1.));
#14258 = ( GEOMETRIC_REPRESENTATION_CONTEXT(2) 
PARAMETRIC_REPRESENTATION_CONTEXT() REPRESENTATION_CONTEXT('2D SPACE',''
  ) );
#14259 = PCURVE('',#13032,#14260);
#14260 = DEFINITIONAL_REPRESENTATION('',(#14261),#14265);
#14261 = LINE('',#14262,#14263);
#14262 = CARTESIAN_POINT('',(0.,0.));
#14263 = VECTOR('',#14264,1.);
#14264 = DIRECTION('',(0.,-1.));
#14265 = ( GEOMETRIC_REPRESENTATION_CONTEXT(2) 
PARAMETRIC_REPRESENTATION_CONTEXT() REPRESENTATION_CONTEXT('2D SPACE',''
  ) );
#14266 = ORIENTED_EDGE('',*,*,#14267,.F.);
#14267 = EDGE_CURVE('',#14221,#14245,#14268,.T.);
#14268 = SURFACE_CURVE('',#14269,(#14273,#14280),.PCURVE_S1.);
#14269 = B_SPLINE_CURVE_WITH_KNOTS('',2,(#14270,#14271,#14272),
  .UNSPECIFIED.,.F.,.F.,(3,3),(0.,1.),.PIECEWISE_BEZIER_KNOTS.);
#14270 = CARTESIAN_POINT('',(2.084993489583,-1.6,14.724999745687));
#14271 = CARTESIAN_POINT('',(2.084993489583,-1.6,16.154996490479));
#14272 = CARTESIAN_POINT('',(1.375,-1.6,16.154996490479));
#14273 = PCURVE('',#13002,#14274);
#14274 = DEFINITIONAL_REPRESENTATION('',(#14275),#14279);
#14275 = LINE('',#14276,#14277);
#14276 = CARTESIAN_POINT('',(0.,0.));
#14277 = VECTOR('',#14278,1.);
#14278 = DIRECTION('',(1.,0.));
#14279 = ( GEOMETRIC_REPRESENTATION_CONTEXT(2) 
PARAMETRIC_REPRESENTATION_CONTEXT() REPRESENTATION_CONTEXT('2D SPACE',''
  ) );
#14280 = PCURVE('',#14281,#14286);
#14281 = PLANE('',#14282);
#14282 = AXIS2_PLACEMENT_3D('',#14283,#14284,#14285);
#14283 = CARTESIAN_POINT('',(1.479367804803E-16,-1.6,13.688675771084));
#14284 = DIRECTION('',(-0.,-1.,-0.));
#14285 = DIRECTION('',(0.,0.,-1.));
#14286 = DEFINITIONAL_REPRESENTATION('',(#14287),#14291);
#14287 = B_SPLINE_CURVE_WITH_KNOTS('',2,(#14288,#14289,#14290),
  .UNSPECIFIED.,.F.,.F.,(3,3),(0.,1.),.PIECEWISE_BEZIER_KNOTS.);
#14288 = CARTESIAN_POINT('',(-1.036323974603,2.084993489583));
#14289 = CARTESIAN_POINT('',(-2.466320719395,2.084993489583));
#14290 = CARTESIAN_POINT('',(-2.466320719395,1.375));
#14291 = ( GEOMETRIC_REPRESENTATION_CONTEXT(2) 
PARAMETRIC_REPRESENTATION_CONTEXT() REPRESENTATION_CONTEXT('2D SPACE',''
  ) );
#14292 = ADVANCED_FACE('',(#14293),#13032,.T.);
#14293 = FACE_BOUND('',#14294,.T.);
#14294 = EDGE_LOOP('',(#14295,#14296,#14297,#14320));
#14295 = ORIENTED_EDGE('',*,*,#14244,.T.);
#14296 = ORIENTED_EDGE('',*,*,#13016,.T.);
#14297 = ORIENTED_EDGE('',*,*,#14298,.F.);
#14298 = EDGE_CURVE('',#14299,#13017,#14301,.T.);
#14299 = VERTEX_POINT('',#14300);
#14300 = CARTESIAN_POINT('',(0.665006510417,-1.6,14.70999323527));
#14301 = SURFACE_CURVE('',#14302,(#14306,#14313),.PCURVE_S1.);
#14302 = LINE('',#14303,#14304);
#14303 = CARTESIAN_POINT('',(0.665006510417,-1.6,14.70999323527));
#14304 = VECTOR('',#14305,1.);
#14305 = DIRECTION('',(-0.,1.,-0.));
#14306 = PCURVE('',#13032,#14307);
#14307 = DEFINITIONAL_REPRESENTATION('',(#14308),#14312);
#14308 = LINE('',#14309,#14310);
#14309 = CARTESIAN_POINT('',(1.,0.));
#14310 = VECTOR('',#14311,1.);
#14311 = DIRECTION('',(0.,-1.));
#14312 = ( GEOMETRIC_REPRESENTATION_CONTEXT(2) 
PARAMETRIC_REPRESENTATION_CONTEXT() REPRESENTATION_CONTEXT('2D SPACE',''
  ) );
#14313 = PCURVE('',#13062,#14314);
#14314 = DEFINITIONAL_REPRESENTATION('',(#14315),#14319);
#14315 = LINE('',#14316,#14317);
#14316 = CARTESIAN_POINT('',(0.,0.));
#14317 = VECTOR('',#14318,1.);
#14318 = DIRECTION('',(0.,-1.));
#14319 = ( GEOMETRIC_REPRESENTATION_CONTEXT(2) 
PARAMETRIC_REPRESENTATION_CONTEXT() REPRESENTATION_CONTEXT('2D SPACE',''
  ) );
#14320 = ORIENTED_EDGE('',*,*,#14321,.F.);
#14321 = EDGE_CURVE('',#14245,#14299,#14322,.T.);
#14322 = SURFACE_CURVE('',#14323,(#14327,#14334),.PCURVE_S1.);
#14323 = B_SPLINE_CURVE_WITH_KNOTS('',2,(#14324,#14325,#14326),
  .UNSPECIFIED.,.F.,.F.,(3,3),(0.,1.),.PIECEWISE_BEZIER_KNOTS.);
#14324 = CARTESIAN_POINT('',(1.375,-1.6,16.154996490479));
#14325 = CARTESIAN_POINT('',(0.665006510417,-1.6,16.154996490479));
#14326 = CARTESIAN_POINT('',(0.665006510417,-1.6,14.70999323527));
#14327 = PCURVE('',#13032,#14328);
#14328 = DEFINITIONAL_REPRESENTATION('',(#14329),#14333);
#14329 = LINE('',#14330,#14331);
#14330 = CARTESIAN_POINT('',(0.,0.));
#14331 = VECTOR('',#14332,1.);
#14332 = DIRECTION('',(1.,0.));
#14333 = ( GEOMETRIC_REPRESENTATION_CONTEXT(2) 
PARAMETRIC_REPRESENTATION_CONTEXT() REPRESENTATION_CONTEXT('2D SPACE',''
  ) );
#14334 = PCURVE('',#14281,#14335);
#14335 = DEFINITIONAL_REPRESENTATION('',(#14336),#14340);
#14336 = B_SPLINE_CURVE_WITH_KNOTS('',2,(#14337,#14338,#14339),
  .UNSPECIFIED.,.F.,.F.,(3,3),(0.,1.),.PIECEWISE_BEZIER_KNOTS.);
#14337 = CARTESIAN_POINT('',(-2.466320719395,1.375));
#14338 = CARTESIAN_POINT('',(-2.466320719395,0.665006510417));
#14339 = CARTESIAN_POINT('',(-1.021317464187,0.665006510417));
#14340 = ( GEOMETRIC_REPRESENTATION_CONTEXT(2) 
PARAMETRIC_REPRESENTATION_CONTEXT() REPRESENTATION_CONTEXT('2D SPACE',''
  ) );
#14341 = ADVANCED_FACE('',(#14342),#13062,.T.);
#14342 = FACE_BOUND('',#14343,.T.);
#14343 = EDGE_LOOP('',(#14344,#14345,#14346,#14369));
#14344 = ORIENTED_EDGE('',*,*,#14298,.T.);
#14345 = ORIENTED_EDGE('',*,*,#13046,.T.);
#14346 = ORIENTED_EDGE('',*,*,#14347,.F.);
#14347 = EDGE_CURVE('',#14348,#13047,#14350,.T.);
#14348 = VERTEX_POINT('',#14349);
#14349 = CARTESIAN_POINT('',(1.365006510417,-1.6,13.249999745687));
#14350 = SURFACE_CURVE('',#14351,(#14355,#14362),.PCURVE_S1.);
#14351 = LINE('',#14352,#14353);
#14352 = CARTESIAN_POINT('',(1.365006510417,-1.6,13.249999745687));
#14353 = VECTOR('',#14354,1.);
#14354 = DIRECTION('',(-0.,1.,-0.));
#14355 = PCURVE('',#13062,#14356);
#14356 = DEFINITIONAL_REPRESENTATION('',(#14357),#14361);
#14357 = LINE('',#14358,#14359);
#14358 = CARTESIAN_POINT('',(1.,0.));
#14359 = VECTOR('',#14360,1.);
#14360 = DIRECTION('',(0.,-1.));
#14361 = ( GEOMETRIC_REPRESENTATION_CONTEXT(2) 
PARAMETRIC_REPRESENTATION_CONTEXT() REPRESENTATION_CONTEXT('2D SPACE',''
  ) );
#14362 = PCURVE('',#13092,#14363);
#14363 = DEFINITIONAL_REPRESENTATION('',(#14364),#14368);
#14364 = LINE('',#14365,#14366);
#14365 = CARTESIAN_POINT('',(0.,0.));
#14366 = VECTOR('',#14367,1.);
#14367 = DIRECTION('',(0.,-1.));
#14368 = ( GEOMETRIC_REPRESENTATION_CONTEXT(2) 
PARAMETRIC_REPRESENTATION_CONTEXT() REPRESENTATION_CONTEXT('2D SPACE',''
  ) );
#14369 = ORIENTED_EDGE('',*,*,#14370,.F.);
#14370 = EDGE_CURVE('',#14299,#14348,#14371,.T.);
#14371 = SURFACE_CURVE('',#14372,(#14376,#14383),.PCURVE_S1.);
#14372 = B_SPLINE_CURVE_WITH_KNOTS('',2,(#14373,#14374,#14375),
  .UNSPECIFIED.,.F.,.F.,(3,3),(0.,1.),.PIECEWISE_BEZIER_KNOTS.);
#14373 = CARTESIAN_POINT('',(0.665006510417,-1.6,14.70999323527));
#14374 = CARTESIAN_POINT('',(0.665006510417,-1.6,13.249999745687));
#14375 = CARTESIAN_POINT('',(1.365006510417,-1.6,13.249999745687));
#14376 = PCURVE('',#13062,#14377);
#14377 = DEFINITIONAL_REPRESENTATION('',(#14378),#14382);
#14378 = LINE('',#14379,#14380);
#14379 = CARTESIAN_POINT('',(0.,0.));
#14380 = VECTOR('',#14381,1.);
#14381 = DIRECTION('',(1.,0.));
#14382 = ( GEOMETRIC_REPRESENTATION_CONTEXT(2) 
PARAMETRIC_REPRESENTATION_CONTEXT() REPRESENTATION_CONTEXT('2D SPACE',''
  ) );
#14383 = PCURVE('',#14281,#14384);
#14384 = DEFINITIONAL_REPRESENTATION('',(#14385),#14389);
#14385 = B_SPLINE_CURVE_WITH_KNOTS('',2,(#14386,#14387,#14388),
  .UNSPECIFIED.,.F.,.F.,(3,3),(0.,1.),.PIECEWISE_BEZIER_KNOTS.);
#14386 = CARTESIAN_POINT('',(-1.021317464187,0.665006510417));
#14387 = CARTESIAN_POINT('',(0.438676025397,0.665006510417));
#14388 = CARTESIAN_POINT('',(0.438676025397,1.365006510417));
#14389 = ( GEOMETRIC_REPRESENTATION_CONTEXT(2) 
PARAMETRIC_REPRESENTATION_CONTEXT() REPRESENTATION_CONTEXT('2D SPACE',''
  ) );
#14390 = ADVANCED_FACE('',(#14391),#13092,.T.);
#14391 = FACE_BOUND('',#14392,.T.);
#14392 = EDGE_LOOP('',(#14393,#14394,#14395,#14418));
#14393 = ORIENTED_EDGE('',*,*,#14347,.T.);
#14394 = ORIENTED_EDGE('',*,*,#13076,.T.);
#14395 = ORIENTED_EDGE('',*,*,#14396,.F.);
#14396 = EDGE_CURVE('',#14397,#13077,#14399,.T.);
#14397 = VERTEX_POINT('',#14398);
#14398 = CARTESIAN_POINT('',(1.909993489583,-1.6,13.610001373291));
#14399 = SURFACE_CURVE('',#14400,(#14404,#14411),.PCURVE_S1.);
#14400 = LINE('',#14401,#14402);
#14401 = CARTESIAN_POINT('',(1.909993489583,-1.6,13.610001373291));
#14402 = VECTOR('',#14403,1.);
#14403 = DIRECTION('',(-0.,1.,-0.));
#14404 = PCURVE('',#13092,#14405);
#14405 = DEFINITIONAL_REPRESENTATION('',(#14406),#14410);
#14406 = LINE('',#14407,#14408);
#14407 = CARTESIAN_POINT('',(1.,0.));
#14408 = VECTOR('',#14409,1.);
#14409 = DIRECTION('',(0.,-1.));
#14410 = ( GEOMETRIC_REPRESENTATION_CONTEXT(2) 
PARAMETRIC_REPRESENTATION_CONTEXT() REPRESENTATION_CONTEXT('2D SPACE',''
  ) );
#14411 = PCURVE('',#13120,#14412);
#14412 = DEFINITIONAL_REPRESENTATION('',(#14413),#14417);
#14413 = LINE('',#14414,#14415);
#14414 = CARTESIAN_POINT('',(0.,0.));
#14415 = VECTOR('',#14416,1.);
#14416 = DIRECTION('',(0.,-1.));
#14417 = ( GEOMETRIC_REPRESENTATION_CONTEXT(2) 
PARAMETRIC_REPRESENTATION_CONTEXT() REPRESENTATION_CONTEXT('2D SPACE',''
  ) );
#14418 = ORIENTED_EDGE('',*,*,#14419,.F.);
#14419 = EDGE_CURVE('',#14348,#14397,#14420,.T.);
#14420 = SURFACE_CURVE('',#14421,(#14425,#14432),.PCURVE_S1.);
#14421 = B_SPLINE_CURVE_WITH_KNOTS('',2,(#14422,#14423,#14424),
  .UNSPECIFIED.,.F.,.F.,(3,3),(0.,1.),.PIECEWISE_BEZIER_KNOTS.);
#14422 = CARTESIAN_POINT('',(1.365006510417,-1.6,13.249999745687));
#14423 = CARTESIAN_POINT('',(1.734993489583,-1.6,13.249999745687));
#14424 = CARTESIAN_POINT('',(1.909993489583,-1.6,13.610001373291));
#14425 = PCURVE('',#13092,#14426);
#14426 = DEFINITIONAL_REPRESENTATION('',(#14427),#14431);
#14427 = LINE('',#14428,#14429);
#14428 = CARTESIAN_POINT('',(0.,0.));
#14429 = VECTOR('',#14430,1.);
#14430 = DIRECTION('',(1.,0.));
#14431 = ( GEOMETRIC_REPRESENTATION_CONTEXT(2) 
PARAMETRIC_REPRESENTATION_CONTEXT() REPRESENTATION_CONTEXT('2D SPACE',''
  ) );
#14432 = PCURVE('',#14281,#14433);
#14433 = DEFINITIONAL_REPRESENTATION('',(#14434),#14438);
#14434 = B_SPLINE_CURVE_WITH_KNOTS('',2,(#14435,#14436,#14437),
  .UNSPECIFIED.,.F.,.F.,(3,3),(0.,1.),.PIECEWISE_BEZIER_KNOTS.);
#14435 = CARTESIAN_POINT('',(0.438676025397,1.365006510417));
#14436 = CARTESIAN_POINT('',(0.438676025397,1.734993489583));
#14437 = CARTESIAN_POINT('',(7.867439779266E-02,1.909993489583));
#14438 = ( GEOMETRIC_REPRESENTATION_CONTEXT(2) 
PARAMETRIC_REPRESENTATION_CONTEXT() REPRESENTATION_CONTEXT('2D SPACE',''
  ) );
#14439 = ADVANCED_FACE('',(#14440),#13120,.T.);
#14440 = FACE_BOUND('',#14441,.T.);
#14441 = EDGE_LOOP('',(#14442,#14443,#14444,#14445));
#14442 = ORIENTED_EDGE('',*,*,#14396,.T.);
#14443 = ORIENTED_EDGE('',*,*,#13106,.T.);
#14444 = ORIENTED_EDGE('',*,*,#14220,.F.);
#14445 = ORIENTED_EDGE('',*,*,#14446,.F.);
#14446 = EDGE_CURVE('',#14397,#14221,#14447,.T.);
#14447 = SURFACE_CURVE('',#14448,(#14452,#14459),.PCURVE_S1.);
#14448 = B_SPLINE_CURVE_WITH_KNOTS('',2,(#14449,#14450,#14451),
  .UNSPECIFIED.,.F.,.F.,(3,3),(0.,1.),.PIECEWISE_BEZIER_KNOTS.);
#14449 = CARTESIAN_POINT('',(1.909993489583,-1.6,13.610001373291));
#14450 = CARTESIAN_POINT('',(2.084993489583,-1.6,13.970003000895));
#14451 = CARTESIAN_POINT('',(2.084993489583,-1.6,14.724999745687));
#14452 = PCURVE('',#13120,#14453);
#14453 = DEFINITIONAL_REPRESENTATION('',(#14454),#14458);
#14454 = LINE('',#14455,#14456);
#14455 = CARTESIAN_POINT('',(0.,0.));
#14456 = VECTOR('',#14457,1.);
#14457 = DIRECTION('',(1.,0.));
#14458 = ( GEOMETRIC_REPRESENTATION_CONTEXT(2) 
PARAMETRIC_REPRESENTATION_CONTEXT() REPRESENTATION_CONTEXT('2D SPACE',''
  ) );
#14459 = PCURVE('',#14281,#14460);
#14460 = DEFINITIONAL_REPRESENTATION('',(#14461),#14465);
#14461 = B_SPLINE_CURVE_WITH_KNOTS('',2,(#14462,#14463,#14464),
  .UNSPECIFIED.,.F.,.F.,(3,3),(0.,1.),.PIECEWISE_BEZIER_KNOTS.);
#14462 = CARTESIAN_POINT('',(7.867439779266E-02,1.909993489583));
#14463 = CARTESIAN_POINT('',(-0.281327229812,2.084993489583));
#14464 = CARTESIAN_POINT('',(-1.036323974603,2.084993489583));
#14465 = ( GEOMETRIC_REPRESENTATION_CONTEXT(2) 
PARAMETRIC_REPRESENTATION_CONTEXT() REPRESENTATION_CONTEXT('2D SPACE',''
  ) );
#14466 = ADVANCED_FACE('',(#14467),#13460,.T.);
#14467 = FACE_BOUND('',#14468,.T.);
#14468 = EDGE_LOOP('',(#14469,#14492,#14520,#14541));
#14469 = ORIENTED_EDGE('',*,*,#14470,.T.);
#14470 = EDGE_CURVE('',#13443,#14471,#14473,.T.);
#14471 = VERTEX_POINT('',#14472);
#14472 = CARTESIAN_POINT('',(-0.459801432292,-0.550000111898,20.65));
#14473 = SURFACE_CURVE('',#14474,(#14478,#14485),.PCURVE_S1.);
#14474 = LINE('',#14475,#14476);
#14475 = CARTESIAN_POINT('',(-0.459801432292,-0.550000111898,20.8));
#14476 = VECTOR('',#14477,1.);
#14477 = DIRECTION('',(-0.,-0.,-1.));
#14478 = PCURVE('',#13460,#14479);
#14479 = DEFINITIONAL_REPRESENTATION('',(#14480),#14484);
#14480 = LINE('',#14481,#14482);
#14481 = CARTESIAN_POINT('',(0.,0.));
#14482 = VECTOR('',#14483,1.);
#14483 = DIRECTION('',(0.,-1.));
#14484 = ( GEOMETRIC_REPRESENTATION_CONTEXT(2) 
PARAMETRIC_REPRESENTATION_CONTEXT() REPRESENTATION_CONTEXT('2D SPACE',''
  ) );
#14485 = PCURVE('',#13658,#14486);
#14486 = DEFINITIONAL_REPRESENTATION('',(#14487),#14491);
#14487 = LINE('',#14488,#14489);
#14488 = CARTESIAN_POINT('',(1.559801432292,0.));
#14489 = VECTOR('',#14490,1.);
#14490 = DIRECTION('',(0.,-1.));
#14491 = ( GEOMETRIC_REPRESENTATION_CONTEXT(2) 
PARAMETRIC_REPRESENTATION_CONTEXT() REPRESENTATION_CONTEXT('2D SPACE',''
  ) );
#14492 = ORIENTED_EDGE('',*,*,#14493,.T.);
#14493 = EDGE_CURVE('',#14471,#14494,#14496,.T.);
#14494 = VERTEX_POINT('',#14495);
#14495 = CARTESIAN_POINT('',(-0.653397135417,-0.550000111898,20.65));
#14496 = SURFACE_CURVE('',#14497,(#14501,#14508),.PCURVE_S1.);
#14497 = LINE('',#14498,#14499);
#14498 = CARTESIAN_POINT('',(-0.459801432292,-0.550000111898,20.65));
#14499 = VECTOR('',#14500,1.);
#14500 = DIRECTION('',(-1.,0.,0.));
#14501 = PCURVE('',#13460,#14502);
#14502 = DEFINITIONAL_REPRESENTATION('',(#14503),#14507);
#14503 = LINE('',#14504,#14505);
#14504 = CARTESIAN_POINT('',(0.,-0.15));
#14505 = VECTOR('',#14506,1.);
#14506 = DIRECTION('',(1.,0.));
#14507 = ( GEOMETRIC_REPRESENTATION_CONTEXT(2) 
PARAMETRIC_REPRESENTATION_CONTEXT() REPRESENTATION_CONTEXT('2D SPACE',''
  ) );
#14508 = PCURVE('',#14509,#14514);
#14509 = PLANE('',#14510);
#14510 = AXIS2_PLACEMENT_3D('',#14511,#14512,#14513);
#14511 = CARTESIAN_POINT('',(-1.223198567708,-0.550000111898,20.65));
#14512 = DIRECTION('',(0.,0.,1.));
#14513 = DIRECTION('',(1.,0.,0.));
#14514 = DEFINITIONAL_REPRESENTATION('',(#14515),#14519);
#14515 = LINE('',#14516,#14517);
#14516 = CARTESIAN_POINT('',(0.763397135417,0.));
#14517 = VECTOR('',#14518,1.);
#14518 = DIRECTION('',(-1.,0.));
#14519 = ( GEOMETRIC_REPRESENTATION_CONTEXT(2) 
PARAMETRIC_REPRESENTATION_CONTEXT() REPRESENTATION_CONTEXT('2D SPACE',''
  ) );
#14520 = ORIENTED_EDGE('',*,*,#14521,.F.);
#14521 = EDGE_CURVE('',#13445,#14494,#14522,.T.);
#14522 = SURFACE_CURVE('',#14523,(#14527,#14534),.PCURVE_S1.);
#14523 = LINE('',#14524,#14525);
#14524 = CARTESIAN_POINT('',(-0.653397135417,-0.550000111898,20.8));
#14525 = VECTOR('',#14526,1.);
#14526 = DIRECTION('',(-0.,-0.,-1.));
#14527 = PCURVE('',#13460,#14528);
#14528 = DEFINITIONAL_REPRESENTATION('',(#14529),#14533);
#14529 = LINE('',#14530,#14531);
#14530 = CARTESIAN_POINT('',(0.193595703125,0.));
#14531 = VECTOR('',#14532,1.);
#14532 = DIRECTION('',(0.,-1.));
#14533 = ( GEOMETRIC_REPRESENTATION_CONTEXT(2) 
PARAMETRIC_REPRESENTATION_CONTEXT() REPRESENTATION_CONTEXT('2D SPACE',''
  ) );
#14534 = PCURVE('',#13488,#14535);
#14535 = DEFINITIONAL_REPRESENTATION('',(#14536),#14540);
#14536 = LINE('',#14537,#14538);
#14537 = CARTESIAN_POINT('',(0.,0.));
#14538 = VECTOR('',#14539,1.);
#14539 = DIRECTION('',(0.,-1.));
#14540 = ( GEOMETRIC_REPRESENTATION_CONTEXT(2) 
PARAMETRIC_REPRESENTATION_CONTEXT() REPRESENTATION_CONTEXT('2D SPACE',''
  ) );
#14541 = ORIENTED_EDGE('',*,*,#13442,.F.);
#14542 = ADVANCED_FACE('',(#14543),#13658,.T.);
#14543 = FACE_BOUND('',#14544,.T.);
#14544 = EDGE_LOOP('',(#14545,#14568,#14589,#14590));
#14545 = ORIENTED_EDGE('',*,*,#14546,.T.);
#14546 = EDGE_CURVE('',#13617,#14547,#14549,.T.);
#14547 = VERTEX_POINT('',#14548);
#14548 = CARTESIAN_POINT('',(-0.459801432292,1.009801320394,20.65));
#14549 = SURFACE_CURVE('',#14550,(#14554,#14561),.PCURVE_S1.);
#14550 = LINE('',#14551,#14552);
#14551 = CARTESIAN_POINT('',(-0.459801432292,1.009801320394,20.8));
#14552 = VECTOR('',#14553,1.);
#14553 = DIRECTION('',(-0.,-0.,-1.));
#14554 = PCURVE('',#13658,#14555);
#14555 = DEFINITIONAL_REPRESENTATION('',(#14556),#14560);
#14556 = LINE('',#14557,#14558);
#14557 = CARTESIAN_POINT('',(0.,0.));
#14558 = VECTOR('',#14559,1.);
#14559 = DIRECTION('',(0.,-1.));
#14560 = ( GEOMETRIC_REPRESENTATION_CONTEXT(2) 
PARAMETRIC_REPRESENTATION_CONTEXT() REPRESENTATION_CONTEXT('2D SPACE',''
  ) );
#14561 = PCURVE('',#13632,#14562);
#14562 = DEFINITIONAL_REPRESENTATION('',(#14563),#14567);
#14563 = LINE('',#14564,#14565);
#14564 = CARTESIAN_POINT('',(0.127595703125,0.));
#14565 = VECTOR('',#14566,1.);
#14566 = DIRECTION('',(0.,-1.));
#14567 = ( GEOMETRIC_REPRESENTATION_CONTEXT(2) 
PARAMETRIC_REPRESENTATION_CONTEXT() REPRESENTATION_CONTEXT('2D SPACE',''
  ) );
#14568 = ORIENTED_EDGE('',*,*,#14569,.T.);
#14569 = EDGE_CURVE('',#14547,#14471,#14570,.T.);
#14570 = SURFACE_CURVE('',#14571,(#14575,#14582),.PCURVE_S1.);
#14571 = LINE('',#14572,#14573);
#14572 = CARTESIAN_POINT('',(-0.459801432292,1.009801320394,20.65));
#14573 = VECTOR('',#14574,1.);
#14574 = DIRECTION('',(0.,-1.,0.));
#14575 = PCURVE('',#13658,#14576);
#14576 = DEFINITIONAL_REPRESENTATION('',(#14577),#14581);
#14577 = LINE('',#14578,#14579);
#14578 = CARTESIAN_POINT('',(0.,-0.15));
#14579 = VECTOR('',#14580,1.);
#14580 = DIRECTION('',(1.,0.));
#14581 = ( GEOMETRIC_REPRESENTATION_CONTEXT(2) 
PARAMETRIC_REPRESENTATION_CONTEXT() REPRESENTATION_CONTEXT('2D SPACE',''
  ) );
#14582 = PCURVE('',#14509,#14583);
#14583 = DEFINITIONAL_REPRESENTATION('',(#14584),#14588);
#14584 = LINE('',#14585,#14586);
#14585 = CARTESIAN_POINT('',(0.763397135417,1.559801432292));
#14586 = VECTOR('',#14587,1.);
#14587 = DIRECTION('',(0.,-1.));
#14588 = ( GEOMETRIC_REPRESENTATION_CONTEXT(2) 
PARAMETRIC_REPRESENTATION_CONTEXT() REPRESENTATION_CONTEXT('2D SPACE',''
  ) );
#14589 = ORIENTED_EDGE('',*,*,#14470,.F.);
#14590 = ORIENTED_EDGE('',*,*,#13644,.F.);
#14591 = ADVANCED_FACE('',(#14592),#13632,.T.);
#14592 = FACE_BOUND('',#14593,.T.);
#14593 = EDGE_LOOP('',(#14594,#14617,#14638,#14639));
#14594 = ORIENTED_EDGE('',*,*,#14595,.T.);
#14595 = EDGE_CURVE('',#13587,#14596,#14598,.T.);
#14596 = VERTEX_POINT('',#14597);
#14597 = CARTESIAN_POINT('',(-0.587397135417,1.009801320394,20.65));
#14598 = SURFACE_CURVE('',#14599,(#14603,#14610),.PCURVE_S1.);
#14599 = LINE('',#14600,#14601);
#14600 = CARTESIAN_POINT('',(-0.587397135417,1.009801320394,20.8));
#14601 = VECTOR('',#14602,1.);
#14602 = DIRECTION('',(-0.,-0.,-1.));
#14603 = PCURVE('',#13632,#14604);
#14604 = DEFINITIONAL_REPRESENTATION('',(#14605),#14609);
#14605 = LINE('',#14606,#14607);
#14606 = CARTESIAN_POINT('',(0.,0.));
#14607 = VECTOR('',#14608,1.);
#14608 = DIRECTION('',(0.,-1.));
#14609 = ( GEOMETRIC_REPRESENTATION_CONTEXT(2) 
PARAMETRIC_REPRESENTATION_CONTEXT() REPRESENTATION_CONTEXT('2D SPACE',''
  ) );
#14610 = PCURVE('',#13602,#14611);
#14611 = DEFINITIONAL_REPRESENTATION('',(#14612),#14616);
#14612 = LINE('',#14613,#14614);
#14613 = CARTESIAN_POINT('',(1.,0.));
#14614 = VECTOR('',#14615,1.);
#14615 = DIRECTION('',(0.,-1.));
#14616 = ( GEOMETRIC_REPRESENTATION_CONTEXT(2) 
PARAMETRIC_REPRESENTATION_CONTEXT() REPRESENTATION_CONTEXT('2D SPACE',''
  ) );
#14617 = ORIENTED_EDGE('',*,*,#14618,.T.);
#14618 = EDGE_CURVE('',#14596,#14547,#14619,.T.);
#14619 = SURFACE_CURVE('',#14620,(#14624,#14631),.PCURVE_S1.);
#14620 = LINE('',#14621,#14622);
#14621 = CARTESIAN_POINT('',(-0.587397135417,1.009801320394,20.65));
#14622 = VECTOR('',#14623,1.);
#14623 = DIRECTION('',(1.,0.,0.));
#14624 = PCURVE('',#13632,#14625);
#14625 = DEFINITIONAL_REPRESENTATION('',(#14626),#14630);
#14626 = LINE('',#14627,#14628);
#14627 = CARTESIAN_POINT('',(0.,-0.15));
#14628 = VECTOR('',#14629,1.);
#14629 = DIRECTION('',(1.,0.));
#14630 = ( GEOMETRIC_REPRESENTATION_CONTEXT(2) 
PARAMETRIC_REPRESENTATION_CONTEXT() REPRESENTATION_CONTEXT('2D SPACE',''
  ) );
#14631 = PCURVE('',#14509,#14632);
#14632 = DEFINITIONAL_REPRESENTATION('',(#14633),#14637);
#14633 = LINE('',#14634,#14635);
#14634 = CARTESIAN_POINT('',(0.635801432292,1.559801432292));
#14635 = VECTOR('',#14636,1.);
#14636 = DIRECTION('',(1.,0.));
#14637 = ( GEOMETRIC_REPRESENTATION_CONTEXT(2) 
PARAMETRIC_REPRESENTATION_CONTEXT() REPRESENTATION_CONTEXT('2D SPACE',''
  ) );
#14638 = ORIENTED_EDGE('',*,*,#14546,.F.);
#14639 = ORIENTED_EDGE('',*,*,#13616,.F.);
#14640 = ADVANCED_FACE('',(#14641),#13602,.T.);
#14641 = FACE_BOUND('',#14642,.T.);
#14642 = EDGE_LOOP('',(#14643,#14666,#14687,#14688));
#14643 = ORIENTED_EDGE('',*,*,#14644,.T.);
#14644 = EDGE_CURVE('',#13557,#14645,#14647,.T.);
#14645 = VERTEX_POINT('',#14646);
#14646 = CARTESIAN_POINT('',(-0.706198567708,0.778797739665,20.65));
#14647 = SURFACE_CURVE('',#14648,(#14652,#14659),.PCURVE_S1.);
#14648 = LINE('',#14649,#14650);
#14649 = CARTESIAN_POINT('',(-0.706198567708,0.778797739665,20.8));
#14650 = VECTOR('',#14651,1.);
#14651 = DIRECTION('',(-0.,-0.,-1.));
#14652 = PCURVE('',#13602,#14653);
#14653 = DEFINITIONAL_REPRESENTATION('',(#14654),#14658);
#14654 = LINE('',#14655,#14656);
#14655 = CARTESIAN_POINT('',(0.,0.));
#14656 = VECTOR('',#14657,1.);
#14657 = DIRECTION('',(0.,-1.));
#14658 = ( GEOMETRIC_REPRESENTATION_CONTEXT(2) 
PARAMETRIC_REPRESENTATION_CONTEXT() REPRESENTATION_CONTEXT('2D SPACE',''
  ) );
#14659 = PCURVE('',#13572,#14660);
#14660 = DEFINITIONAL_REPRESENTATION('',(#14661),#14665);
#14661 = LINE('',#14662,#14663);
#14662 = CARTESIAN_POINT('',(1.,0.));
#14663 = VECTOR('',#14664,1.);
#14664 = DIRECTION('',(0.,-1.));
#14665 = ( GEOMETRIC_REPRESENTATION_CONTEXT(2) 
PARAMETRIC_REPRESENTATION_CONTEXT() REPRESENTATION_CONTEXT('2D SPACE',''
  ) );
#14666 = ORIENTED_EDGE('',*,*,#14667,.T.);
#14667 = EDGE_CURVE('',#14645,#14596,#14668,.T.);
#14668 = SURFACE_CURVE('',#14669,(#14673,#14680),.PCURVE_S1.);
#14669 = B_SPLINE_CURVE_WITH_KNOTS('',2,(#14670,#14671,#14672),
  .UNSPECIFIED.,.F.,.F.,(3,3),(0.,1.),.PIECEWISE_BEZIER_KNOTS.);
#14670 = CARTESIAN_POINT('',(-0.706198567708,0.778797739665,20.65));
#14671 = CARTESIAN_POINT('',(-0.638,0.829397023519,20.65));
#14672 = CARTESIAN_POINT('',(-0.587397135417,1.009801320394,20.65));
#14673 = PCURVE('',#13602,#14674);
#14674 = DEFINITIONAL_REPRESENTATION('',(#14675),#14679);
#14675 = LINE('',#14676,#14677);
#14676 = CARTESIAN_POINT('',(0.,-0.15));
#14677 = VECTOR('',#14678,1.);
#14678 = DIRECTION('',(1.,0.));
#14679 = ( GEOMETRIC_REPRESENTATION_CONTEXT(2) 
PARAMETRIC_REPRESENTATION_CONTEXT() REPRESENTATION_CONTEXT('2D SPACE',''
  ) );
#14680 = PCURVE('',#14509,#14681);
#14681 = DEFINITIONAL_REPRESENTATION('',(#14682),#14686);
#14682 = B_SPLINE_CURVE_WITH_KNOTS('',2,(#14683,#14684,#14685),
  .UNSPECIFIED.,.F.,.F.,(3,3),(0.,1.),.PIECEWISE_BEZIER_KNOTS.);
#14683 = CARTESIAN_POINT('',(0.517,1.328797851563));
#14684 = CARTESIAN_POINT('',(0.585198567708,1.379397135417));
#14685 = CARTESIAN_POINT('',(0.635801432292,1.559801432292));
#14686 = ( GEOMETRIC_REPRESENTATION_CONTEXT(2) 
PARAMETRIC_REPRESENTATION_CONTEXT() REPRESENTATION_CONTEXT('2D SPACE',''
  ) );
#14687 = ORIENTED_EDGE('',*,*,#14595,.F.);
#14688 = ORIENTED_EDGE('',*,*,#13586,.F.);
#14689 = ADVANCED_FACE('',(#14690),#13572,.T.);
#14690 = FACE_BOUND('',#14691,.T.);
#14691 = EDGE_LOOP('',(#14692,#14715,#14736,#14737));
#14692 = ORIENTED_EDGE('',*,*,#14693,.T.);
#14693 = EDGE_CURVE('',#13529,#14694,#14696,.T.);
#14694 = VERTEX_POINT('',#14695);
#14695 = CARTESIAN_POINT('',(-0.998801432292,0.699602752686,20.65));
#14696 = SURFACE_CURVE('',#14697,(#14701,#14708),.PCURVE_S1.);
#14697 = LINE('',#14698,#14699);
#14698 = CARTESIAN_POINT('',(-0.998801432292,0.699602752686,20.8));
#14699 = VECTOR('',#14700,1.);
#14700 = DIRECTION('',(-0.,-0.,-1.));
#14701 = PCURVE('',#13572,#14702);
#14702 = DEFINITIONAL_REPRESENTATION('',(#14703),#14707);
#14703 = LINE('',#14704,#14705);
#14704 = CARTESIAN_POINT('',(0.,0.));
#14705 = VECTOR('',#14706,1.);
#14706 = DIRECTION('',(0.,-1.));
#14707 = ( GEOMETRIC_REPRESENTATION_CONTEXT(2) 
PARAMETRIC_REPRESENTATION_CONTEXT() REPRESENTATION_CONTEXT('2D SPACE',''
  ) );
#14708 = PCURVE('',#13544,#14709);
#14709 = DEFINITIONAL_REPRESENTATION('',(#14710),#14714);
#14710 = LINE('',#14711,#14712);
#14711 = CARTESIAN_POINT('',(0.138602864583,0.));
#14712 = VECTOR('',#14713,1.);
#14713 = DIRECTION('',(0.,-1.));
#14714 = ( GEOMETRIC_REPRESENTATION_CONTEXT(2) 
PARAMETRIC_REPRESENTATION_CONTEXT() REPRESENTATION_CONTEXT('2D SPACE',''
  ) );
#14715 = ORIENTED_EDGE('',*,*,#14716,.T.);
#14716 = EDGE_CURVE('',#14694,#14645,#14717,.T.);
#14717 = SURFACE_CURVE('',#14718,(#14722,#14729),.PCURVE_S1.);
#14718 = B_SPLINE_CURVE_WITH_KNOTS('',2,(#14719,#14720,#14721),
  .UNSPECIFIED.,.F.,.F.,(3,3),(0.,1.),.PIECEWISE_BEZIER_KNOTS.);
#14719 = CARTESIAN_POINT('',(-0.998801432292,0.699602752686,20.65));
#14720 = CARTESIAN_POINT('',(-0.774397135417,0.728198455811,20.65));
#14721 = CARTESIAN_POINT('',(-0.706198567708,0.778797739665,20.65));
#14722 = PCURVE('',#13572,#14723);
#14723 = DEFINITIONAL_REPRESENTATION('',(#14724),#14728);
#14724 = LINE('',#14725,#14726);
#14725 = CARTESIAN_POINT('',(0.,-0.15));
#14726 = VECTOR('',#14727,1.);
#14727 = DIRECTION('',(1.,0.));
#14728 = ( GEOMETRIC_REPRESENTATION_CONTEXT(2) 
PARAMETRIC_REPRESENTATION_CONTEXT() REPRESENTATION_CONTEXT('2D SPACE',''
  ) );
#14729 = PCURVE('',#14509,#14730);
#14730 = DEFINITIONAL_REPRESENTATION('',(#14731),#14735);
#14731 = B_SPLINE_CURVE_WITH_KNOTS('',2,(#14732,#14733,#14734),
  .UNSPECIFIED.,.F.,.F.,(3,3),(0.,1.),.PIECEWISE_BEZIER_KNOTS.);
#14732 = CARTESIAN_POINT('',(0.224397135417,1.249602864583));
#14733 = CARTESIAN_POINT('',(0.448801432292,1.278198567708));
#14734 = CARTESIAN_POINT('',(0.517,1.328797851563));
#14735 = ( GEOMETRIC_REPRESENTATION_CONTEXT(2) 
PARAMETRIC_REPRESENTATION_CONTEXT() REPRESENTATION_CONTEXT('2D SPACE',''
  ) );
#14736 = ORIENTED_EDGE('',*,*,#14644,.F.);
#14737 = ORIENTED_EDGE('',*,*,#13556,.F.);
#14738 = ADVANCED_FACE('',(#14739),#13544,.T.);
#14739 = FACE_BOUND('',#14740,.T.);
#14740 = EDGE_LOOP('',(#14741,#14764,#14785,#14786));
#14741 = ORIENTED_EDGE('',*,*,#14742,.T.);
#14742 = EDGE_CURVE('',#13501,#14743,#14745,.T.);
#14743 = VERTEX_POINT('',#14744);
#14744 = CARTESIAN_POINT('',(-0.998801432292,0.560999888102,20.65));
#14745 = SURFACE_CURVE('',#14746,(#14750,#14757),.PCURVE_S1.);
#14746 = LINE('',#14747,#14748);
#14747 = CARTESIAN_POINT('',(-0.998801432292,0.560999888102,20.8));
#14748 = VECTOR('',#14749,1.);
#14749 = DIRECTION('',(-0.,-0.,-1.));
#14750 = PCURVE('',#13544,#14751);
#14751 = DEFINITIONAL_REPRESENTATION('',(#14752),#14756);
#14752 = LINE('',#14753,#14754);
#14753 = CARTESIAN_POINT('',(0.,0.));
#14754 = VECTOR('',#14755,1.);
#14755 = DIRECTION('',(0.,-1.));
#14756 = ( GEOMETRIC_REPRESENTATION_CONTEXT(2) 
PARAMETRIC_REPRESENTATION_CONTEXT() REPRESENTATION_CONTEXT('2D SPACE',''
  ) );
#14757 = PCURVE('',#13516,#14758);
#14758 = DEFINITIONAL_REPRESENTATION('',(#14759),#14763);
#14759 = LINE('',#14760,#14761);
#14760 = CARTESIAN_POINT('',(0.345404296875,0.));
#14761 = VECTOR('',#14762,1.);
#14762 = DIRECTION('',(0.,-1.));
#14763 = ( GEOMETRIC_REPRESENTATION_CONTEXT(2) 
PARAMETRIC_REPRESENTATION_CONTEXT() REPRESENTATION_CONTEXT('2D SPACE',''
  ) );
#14764 = ORIENTED_EDGE('',*,*,#14765,.T.);
#14765 = EDGE_CURVE('',#14743,#14694,#14766,.T.);
#14766 = SURFACE_CURVE('',#14767,(#14771,#14778),.PCURVE_S1.);
#14767 = LINE('',#14768,#14769);
#14768 = CARTESIAN_POINT('',(-0.998801432292,0.560999888102,20.65));
#14769 = VECTOR('',#14770,1.);
#14770 = DIRECTION('',(0.,1.,0.));
#14771 = PCURVE('',#13544,#14772);
#14772 = DEFINITIONAL_REPRESENTATION('',(#14773),#14777);
#14773 = LINE('',#14774,#14775);
#14774 = CARTESIAN_POINT('',(0.,-0.15));
#14775 = VECTOR('',#14776,1.);
#14776 = DIRECTION('',(1.,0.));
#14777 = ( GEOMETRIC_REPRESENTATION_CONTEXT(2) 
PARAMETRIC_REPRESENTATION_CONTEXT() REPRESENTATION_CONTEXT('2D SPACE',''
  ) );
#14778 = PCURVE('',#14509,#14779);
#14779 = DEFINITIONAL_REPRESENTATION('',(#14780),#14784);
#14780 = LINE('',#14781,#14782);
#14781 = CARTESIAN_POINT('',(0.224397135417,1.111));
#14782 = VECTOR('',#14783,1.);
#14783 = DIRECTION('',(0.,1.));
#14784 = ( GEOMETRIC_REPRESENTATION_CONTEXT(2) 
PARAMETRIC_REPRESENTATION_CONTEXT() REPRESENTATION_CONTEXT('2D SPACE',''
  ) );
#14785 = ORIENTED_EDGE('',*,*,#14693,.F.);
#14786 = ORIENTED_EDGE('',*,*,#13528,.F.);
#14787 = ADVANCED_FACE('',(#14788),#13516,.T.);
#14788 = FACE_BOUND('',#14789,.T.);
#14789 = EDGE_LOOP('',(#14790,#14813,#14834,#14835));
#14790 = ORIENTED_EDGE('',*,*,#14791,.T.);
#14791 = EDGE_CURVE('',#13473,#14792,#14794,.T.);
#14792 = VERTEX_POINT('',#14793);
#14793 = CARTESIAN_POINT('',(-0.653397135417,0.560999888102,20.65));
#14794 = SURFACE_CURVE('',#14795,(#14799,#14806),.PCURVE_S1.);
#14795 = LINE('',#14796,#14797);
#14796 = CARTESIAN_POINT('',(-0.653397135417,0.560999888102,20.8));
#14797 = VECTOR('',#14798,1.);
#14798 = DIRECTION('',(-0.,-0.,-1.));
#14799 = PCURVE('',#13516,#14800);
#14800 = DEFINITIONAL_REPRESENTATION('',(#14801),#14805);
#14801 = LINE('',#14802,#14803);
#14802 = CARTESIAN_POINT('',(0.,0.));
#14803 = VECTOR('',#14804,1.);
#14804 = DIRECTION('',(0.,-1.));
#14805 = ( GEOMETRIC_REPRESENTATION_CONTEXT(2) 
PARAMETRIC_REPRESENTATION_CONTEXT() REPRESENTATION_CONTEXT('2D SPACE',''
  ) );
#14806 = PCURVE('',#13488,#14807);
#14807 = DEFINITIONAL_REPRESENTATION('',(#14808),#14812);
#14808 = LINE('',#14809,#14810);
#14809 = CARTESIAN_POINT('',(1.111,0.));
#14810 = VECTOR('',#14811,1.);
#14811 = DIRECTION('',(0.,-1.));
#14812 = ( GEOMETRIC_REPRESENTATION_CONTEXT(2) 
PARAMETRIC_REPRESENTATION_CONTEXT() REPRESENTATION_CONTEXT('2D SPACE',''
  ) );
#14813 = ORIENTED_EDGE('',*,*,#14814,.T.);
#14814 = EDGE_CURVE('',#14792,#14743,#14815,.T.);
#14815 = SURFACE_CURVE('',#14816,(#14820,#14827),.PCURVE_S1.);
#14816 = LINE('',#14817,#14818);
#14817 = CARTESIAN_POINT('',(-0.653397135417,0.560999888102,20.65));
#14818 = VECTOR('',#14819,1.);
#14819 = DIRECTION('',(-1.,0.,0.));
#14820 = PCURVE('',#13516,#14821);
#14821 = DEFINITIONAL_REPRESENTATION('',(#14822),#14826);
#14822 = LINE('',#14823,#14824);
#14823 = CARTESIAN_POINT('',(0.,-0.15));
#14824 = VECTOR('',#14825,1.);
#14825 = DIRECTION('',(1.,0.));
#14826 = ( GEOMETRIC_REPRESENTATION_CONTEXT(2) 
PARAMETRIC_REPRESENTATION_CONTEXT() REPRESENTATION_CONTEXT('2D SPACE',''
  ) );
#14827 = PCURVE('',#14509,#14828);
#14828 = DEFINITIONAL_REPRESENTATION('',(#14829),#14833);
#14829 = LINE('',#14830,#14831);
#14830 = CARTESIAN_POINT('',(0.569801432292,1.111));
#14831 = VECTOR('',#14832,1.);
#14832 = DIRECTION('',(-1.,0.));
#14833 = ( GEOMETRIC_REPRESENTATION_CONTEXT(2) 
PARAMETRIC_REPRESENTATION_CONTEXT() REPRESENTATION_CONTEXT('2D SPACE',''
  ) );
#14834 = ORIENTED_EDGE('',*,*,#14742,.F.);
#14835 = ORIENTED_EDGE('',*,*,#13500,.F.);
#14836 = ADVANCED_FACE('',(#14837),#13488,.T.);
#14837 = FACE_BOUND('',#14838,.T.);
#14838 = EDGE_LOOP('',(#14839,#14840,#14861,#14862));
#14839 = ORIENTED_EDGE('',*,*,#14521,.T.);
#14840 = ORIENTED_EDGE('',*,*,#14841,.T.);
#14841 = EDGE_CURVE('',#14494,#14792,#14842,.T.);
#14842 = SURFACE_CURVE('',#14843,(#14847,#14854),.PCURVE_S1.);
#14843 = LINE('',#14844,#14845);
#14844 = CARTESIAN_POINT('',(-0.653397135417,-0.550000111898,20.65));
#14845 = VECTOR('',#14846,1.);
#14846 = DIRECTION('',(0.,1.,0.));
#14847 = PCURVE('',#13488,#14848);
#14848 = DEFINITIONAL_REPRESENTATION('',(#14849),#14853);
#14849 = LINE('',#14850,#14851);
#14850 = CARTESIAN_POINT('',(0.,-0.15));
#14851 = VECTOR('',#14852,1.);
#14852 = DIRECTION('',(1.,0.));
#14853 = ( GEOMETRIC_REPRESENTATION_CONTEXT(2) 
PARAMETRIC_REPRESENTATION_CONTEXT() REPRESENTATION_CONTEXT('2D SPACE',''
  ) );
#14854 = PCURVE('',#14509,#14855);
#14855 = DEFINITIONAL_REPRESENTATION('',(#14856),#14860);
#14856 = LINE('',#14857,#14858);
#14857 = CARTESIAN_POINT('',(0.569801432292,0.));
#14858 = VECTOR('',#14859,1.);
#14859 = DIRECTION('',(0.,1.));
#14860 = ( GEOMETRIC_REPRESENTATION_CONTEXT(2) 
PARAMETRIC_REPRESENTATION_CONTEXT() REPRESENTATION_CONTEXT('2D SPACE',''
  ) );
#14861 = ORIENTED_EDGE('',*,*,#14791,.F.);
#14862 = ORIENTED_EDGE('',*,*,#13472,.F.);
#14863 = ADVANCED_FACE('',(#14864),#13690,.T.);
#14864 = FACE_BOUND('',#14865,.T.);
#14865 = EDGE_LOOP('',(#14866,#14889,#14917,#14938));
#14866 = ORIENTED_EDGE('',*,*,#14867,.T.);
#14867 = EDGE_CURVE('',#13673,#14868,#14870,.T.);
#14868 = VERTEX_POINT('',#14869);
#14869 = CARTESIAN_POINT('',(0.224400716146,-0.394900828044,20.65));
#14870 = SURFACE_CURVE('',#14871,(#14875,#14882),.PCURVE_S1.);
#14871 = LINE('',#14872,#14873);
#14872 = CARTESIAN_POINT('',(0.224400716146,-0.394900828044,20.8));
#14873 = VECTOR('',#14874,1.);
#14874 = DIRECTION('',(-0.,-0.,-1.));
#14875 = PCURVE('',#13690,#14876);
#14876 = DEFINITIONAL_REPRESENTATION('',(#14877),#14881);
#14877 = LINE('',#14878,#14879);
#14878 = CARTESIAN_POINT('',(0.,0.));
#14879 = VECTOR('',#14880,1.);
#14880 = DIRECTION('',(0.,-1.));
#14881 = ( GEOMETRIC_REPRESENTATION_CONTEXT(2) 
PARAMETRIC_REPRESENTATION_CONTEXT() REPRESENTATION_CONTEXT('2D SPACE',''
  ) );
#14882 = PCURVE('',#13958,#14883);
#14883 = DEFINITIONAL_REPRESENTATION('',(#14884),#14888);
#14884 = LINE('',#14885,#14886);
#14885 = CARTESIAN_POINT('',(1.,0.));
#14886 = VECTOR('',#14887,1.);
#14887 = DIRECTION('',(0.,-1.));
#14888 = ( GEOMETRIC_REPRESENTATION_CONTEXT(2) 
PARAMETRIC_REPRESENTATION_CONTEXT() REPRESENTATION_CONTEXT('2D SPACE',''
  ) );
#14889 = ORIENTED_EDGE('',*,*,#14890,.T.);
#14890 = EDGE_CURVE('',#14868,#14891,#14893,.T.);
#14891 = VERTEX_POINT('',#14892);
#14892 = CARTESIAN_POINT('',(9.460286458333E-02,0.204602752686,20.65));
#14893 = SURFACE_CURVE('',#14894,(#14898,#14905),.PCURVE_S1.);
#14894 = B_SPLINE_CURVE_WITH_KNOTS('',2,(#14895,#14896,#14897),
  .UNSPECIFIED.,.F.,.F.,(3,3),(0.,1.),.PIECEWISE_BEZIER_KNOTS.);
#14895 = CARTESIAN_POINT('',(0.224400716146,-0.394900828044,20.65));
#14896 = CARTESIAN_POINT('',(9.460286458333E-02,-0.189198679606,20.65));
#14897 = CARTESIAN_POINT('',(9.460286458333E-02,0.204602752686,20.65));
#14898 = PCURVE('',#13690,#14899);
#14899 = DEFINITIONAL_REPRESENTATION('',(#14900),#14904);
#14900 = LINE('',#14901,#14902);
#14901 = CARTESIAN_POINT('',(0.,-0.15));
#14902 = VECTOR('',#14903,1.);
#14903 = DIRECTION('',(1.,0.));
#14904 = ( GEOMETRIC_REPRESENTATION_CONTEXT(2) 
PARAMETRIC_REPRESENTATION_CONTEXT() REPRESENTATION_CONTEXT('2D SPACE',''
  ) );
#14905 = PCURVE('',#14906,#14911);
#14906 = PLANE('',#14907);
#14907 = AXIS2_PLACEMENT_3D('',#14908,#14909,#14910);
#14908 = CARTESIAN_POINT('',(0.,-0.550000111898,20.65));
#14909 = DIRECTION('',(0.,0.,1.));
#14910 = DIRECTION('',(1.,0.,0.));
#14911 = DEFINITIONAL_REPRESENTATION('',(#14912),#14916);
#14912 = B_SPLINE_CURVE_WITH_KNOTS('',2,(#14913,#14914,#14915),
  .UNSPECIFIED.,.F.,.F.,(3,3),(0.,1.),.PIECEWISE_BEZIER_KNOTS.);
#14913 = CARTESIAN_POINT('',(0.224400716146,0.155099283854));
#14914 = CARTESIAN_POINT('',(9.460286458333E-02,0.360801432292));
#14915 = CARTESIAN_POINT('',(9.460286458333E-02,0.754602864583));
#14916 = ( GEOMETRIC_REPRESENTATION_CONTEXT(2) 
PARAMETRIC_REPRESENTATION_CONTEXT() REPRESENTATION_CONTEXT('2D SPACE',''
  ) );
#14917 = ORIENTED_EDGE('',*,*,#14918,.F.);
#14918 = EDGE_CURVE('',#13675,#14891,#14919,.T.);
#14919 = SURFACE_CURVE('',#14920,(#14924,#14931),.PCURVE_S1.);
#14920 = LINE('',#14921,#14922);
#14921 = CARTESIAN_POINT('',(9.460286458333E-02,0.204602752686,20.8));
#14922 = VECTOR('',#14923,1.);
#14923 = DIRECTION('',(-0.,-0.,-1.));
#14924 = PCURVE('',#13690,#14925);
#14925 = DEFINITIONAL_REPRESENTATION('',(#14926),#14930);
#14926 = LINE('',#14927,#14928);
#14927 = CARTESIAN_POINT('',(1.,0.));
#14928 = VECTOR('',#14929,1.);
#14929 = DIRECTION('',(0.,-1.));
#14930 = ( GEOMETRIC_REPRESENTATION_CONTEXT(2) 
PARAMETRIC_REPRESENTATION_CONTEXT() REPRESENTATION_CONTEXT('2D SPACE',''
  ) );
#14931 = PCURVE('',#13720,#14932);
#14932 = DEFINITIONAL_REPRESENTATION('',(#14933),#14937);
#14933 = LINE('',#14934,#14935);
#14934 = CARTESIAN_POINT('',(0.,0.));
#14935 = VECTOR('',#14936,1.);
#14936 = DIRECTION('',(0.,-1.));
#14937 = ( GEOMETRIC_REPRESENTATION_CONTEXT(2) 
PARAMETRIC_REPRESENTATION_CONTEXT() REPRESENTATION_CONTEXT('2D SPACE',''
  ) );
#14938 = ORIENTED_EDGE('',*,*,#13672,.F.);
#14939 = ADVANCED_FACE('',(#14940),#13958,.T.);
#14940 = FACE_BOUND('',#14941,.T.);
#14941 = EDGE_LOOP('',(#14942,#14965,#14986,#14987));
#14942 = ORIENTED_EDGE('',*,*,#14943,.T.);
#14943 = EDGE_CURVE('',#13915,#14944,#14946,.T.);
#14944 = VERTEX_POINT('',#14945);
#14945 = CARTESIAN_POINT('',(0.605,-0.600602976481,20.65));
#14946 = SURFACE_CURVE('',#14947,(#14951,#14958),.PCURVE_S1.);
#14947 = LINE('',#14948,#14949);
#14948 = CARTESIAN_POINT('',(0.605,-0.600602976481,20.8));
#14949 = VECTOR('',#14950,1.);
#14950 = DIRECTION('',(-0.,-0.,-1.));
#14951 = PCURVE('',#13958,#14952);
#14952 = DEFINITIONAL_REPRESENTATION('',(#14953),#14957);
#14953 = LINE('',#14954,#14955);
#14954 = CARTESIAN_POINT('',(0.,0.));
#14955 = VECTOR('',#14956,1.);
#14956 = DIRECTION('',(0.,-1.));
#14957 = ( GEOMETRIC_REPRESENTATION_CONTEXT(2) 
PARAMETRIC_REPRESENTATION_CONTEXT() REPRESENTATION_CONTEXT('2D SPACE',''
  ) );
#14958 = PCURVE('',#13930,#14959);
#14959 = DEFINITIONAL_REPRESENTATION('',(#14960),#14964);
#14960 = LINE('',#14961,#14962);
#14961 = CARTESIAN_POINT('',(1.,0.));
#14962 = VECTOR('',#14963,1.);
#14963 = DIRECTION('',(0.,-1.));
#14964 = ( GEOMETRIC_REPRESENTATION_CONTEXT(2) 
PARAMETRIC_REPRESENTATION_CONTEXT() REPRESENTATION_CONTEXT('2D SPACE',''
  ) );
#14965 = ORIENTED_EDGE('',*,*,#14966,.T.);
#14966 = EDGE_CURVE('',#14944,#14868,#14967,.T.);
#14967 = SURFACE_CURVE('',#14968,(#14972,#14979),.PCURVE_S1.);
#14968 = B_SPLINE_CURVE_WITH_KNOTS('',2,(#14969,#14970,#14971),
  .UNSPECIFIED.,.F.,.F.,(3,3),(0.,1.),.PIECEWISE_BEZIER_KNOTS.);
#14969 = CARTESIAN_POINT('',(0.605,-0.600602976481,20.65));
#14970 = CARTESIAN_POINT('',(0.354198567708,-0.600602976481,20.65));
#14971 = CARTESIAN_POINT('',(0.224400716146,-0.394900828044,20.65));
#14972 = PCURVE('',#13958,#14973);
#14973 = DEFINITIONAL_REPRESENTATION('',(#14974),#14978);
#14974 = LINE('',#14975,#14976);
#14975 = CARTESIAN_POINT('',(0.,-0.15));
#14976 = VECTOR('',#14977,1.);
#14977 = DIRECTION('',(1.,0.));
#14978 = ( GEOMETRIC_REPRESENTATION_CONTEXT(2) 
PARAMETRIC_REPRESENTATION_CONTEXT() REPRESENTATION_CONTEXT('2D SPACE',''
  ) );
#14979 = PCURVE('',#14906,#14980);
#14980 = DEFINITIONAL_REPRESENTATION('',(#14981),#14985);
#14981 = B_SPLINE_CURVE_WITH_KNOTS('',2,(#14982,#14983,#14984),
  .UNSPECIFIED.,.F.,.F.,(3,3),(0.,1.),.PIECEWISE_BEZIER_KNOTS.);
#14982 = CARTESIAN_POINT('',(0.605,-5.060286458333E-02));
#14983 = CARTESIAN_POINT('',(0.354198567708,-5.060286458333E-02));
#14984 = CARTESIAN_POINT('',(0.224400716146,0.155099283854));
#14985 = ( GEOMETRIC_REPRESENTATION_CONTEXT(2) 
PARAMETRIC_REPRESENTATION_CONTEXT() REPRESENTATION_CONTEXT('2D SPACE',''
  ) );
#14986 = ORIENTED_EDGE('',*,*,#14867,.F.);
#14987 = ORIENTED_EDGE('',*,*,#13944,.F.);
#14988 = ADVANCED_FACE('',(#14989),#13930,.T.);
#14989 = FACE_BOUND('',#14990,.T.);
#14990 = EDGE_LOOP('',(#14991,#15014,#15035,#15036));
#14991 = ORIENTED_EDGE('',*,*,#14992,.T.);
#14992 = EDGE_CURVE('',#13885,#14993,#14995,.T.);
#14993 = VERTEX_POINT('',#14994);
#14994 = CARTESIAN_POINT('',(0.9845,-0.397102976481,20.65));
#14995 = SURFACE_CURVE('',#14996,(#15000,#15007),.PCURVE_S1.);
#14996 = LINE('',#14997,#14998);
#14997 = CARTESIAN_POINT('',(0.9845,-0.397102976481,20.8));
#14998 = VECTOR('',#14999,1.);
#14999 = DIRECTION('',(-0.,-0.,-1.));
#15000 = PCURVE('',#13930,#15001);
#15001 = DEFINITIONAL_REPRESENTATION('',(#15002),#15006);
#15002 = LINE('',#15003,#15004);
#15003 = CARTESIAN_POINT('',(0.,0.));
#15004 = VECTOR('',#15005,1.);
#15005 = DIRECTION('',(0.,-1.));
#15006 = ( GEOMETRIC_REPRESENTATION_CONTEXT(2) 
PARAMETRIC_REPRESENTATION_CONTEXT() REPRESENTATION_CONTEXT('2D SPACE',''
  ) );
#15007 = PCURVE('',#13900,#15008);
#15008 = DEFINITIONAL_REPRESENTATION('',(#15009),#15013);
#15009 = LINE('',#15010,#15011);
#15010 = CARTESIAN_POINT('',(1.,0.));
#15011 = VECTOR('',#15012,1.);
#15012 = DIRECTION('',(0.,-1.));
#15013 = ( GEOMETRIC_REPRESENTATION_CONTEXT(2) 
PARAMETRIC_REPRESENTATION_CONTEXT() REPRESENTATION_CONTEXT('2D SPACE',''
  ) );
#15014 = ORIENTED_EDGE('',*,*,#15015,.T.);
#15015 = EDGE_CURVE('',#14993,#14944,#15016,.T.);
#15016 = SURFACE_CURVE('',#15017,(#15021,#15028),.PCURVE_S1.);
#15017 = B_SPLINE_CURVE_WITH_KNOTS('',2,(#15018,#15019,#15020),
  .UNSPECIFIED.,.F.,.F.,(3,3),(0.,1.),.PIECEWISE_BEZIER_KNOTS.);
#15018 = CARTESIAN_POINT('',(0.9845,-0.397102976481,20.65));
#15019 = CARTESIAN_POINT('',(0.853602864583,-0.600602976481,20.65));
#15020 = CARTESIAN_POINT('',(0.605,-0.600602976481,20.65));
#15021 = PCURVE('',#13930,#15022);
#15022 = DEFINITIONAL_REPRESENTATION('',(#15023),#15027);
#15023 = LINE('',#15024,#15025);
#15024 = CARTESIAN_POINT('',(0.,-0.15));
#15025 = VECTOR('',#15026,1.);
#15026 = DIRECTION('',(1.,0.));
#15027 = ( GEOMETRIC_REPRESENTATION_CONTEXT(2) 
PARAMETRIC_REPRESENTATION_CONTEXT() REPRESENTATION_CONTEXT('2D SPACE',''
  ) );
#15028 = PCURVE('',#14906,#15029);
#15029 = DEFINITIONAL_REPRESENTATION('',(#15030),#15034);
#15030 = B_SPLINE_CURVE_WITH_KNOTS('',2,(#15031,#15032,#15033),
  .UNSPECIFIED.,.F.,.F.,(3,3),(0.,1.),.PIECEWISE_BEZIER_KNOTS.);
#15031 = CARTESIAN_POINT('',(0.9845,0.152897135417));
#15032 = CARTESIAN_POINT('',(0.853602864583,-5.060286458333E-02));
#15033 = CARTESIAN_POINT('',(0.605,-5.060286458333E-02));
#15034 = ( GEOMETRIC_REPRESENTATION_CONTEXT(2) 
PARAMETRIC_REPRESENTATION_CONTEXT() REPRESENTATION_CONTEXT('2D SPACE',''
  ) );
#15035 = ORIENTED_EDGE('',*,*,#14943,.F.);
#15036 = ORIENTED_EDGE('',*,*,#13914,.F.);
#15037 = ADVANCED_FACE('',(#15038),#13900,.T.);
#15038 = FACE_BOUND('',#15039,.T.);
#15039 = EDGE_LOOP('',(#15040,#15063,#15084,#15085));
#15040 = ORIENTED_EDGE('',*,*,#15041,.T.);
#15041 = EDGE_CURVE('',#13855,#15042,#15044,.T.);
#15042 = VERTEX_POINT('',#15043);
#15043 = CARTESIAN_POINT('',(1.115397135417,0.191397023519,20.65));
#15044 = SURFACE_CURVE('',#15045,(#15049,#15056),.PCURVE_S1.);
#15045 = LINE('',#15046,#15047);
#15046 = CARTESIAN_POINT('',(1.115397135417,0.191397023519,20.8));
#15047 = VECTOR('',#15048,1.);
#15048 = DIRECTION('',(-0.,-0.,-1.));
#15049 = PCURVE('',#13900,#15050);
#15050 = DEFINITIONAL_REPRESENTATION('',(#15051),#15055);
#15051 = LINE('',#15052,#15053);
#15052 = CARTESIAN_POINT('',(0.,0.));
#15053 = VECTOR('',#15054,1.);
#15054 = DIRECTION('',(0.,-1.));
#15055 = ( GEOMETRIC_REPRESENTATION_CONTEXT(2) 
PARAMETRIC_REPRESENTATION_CONTEXT() REPRESENTATION_CONTEXT('2D SPACE',''
  ) );
#15056 = PCURVE('',#13870,#15057);
#15057 = DEFINITIONAL_REPRESENTATION('',(#15058),#15062);
#15058 = LINE('',#15059,#15060);
#15059 = CARTESIAN_POINT('',(1.,0.));
#15060 = VECTOR('',#15061,1.);
#15061 = DIRECTION('',(0.,-1.));
#15062 = ( GEOMETRIC_REPRESENTATION_CONTEXT(2) 
PARAMETRIC_REPRESENTATION_CONTEXT() REPRESENTATION_CONTEXT('2D SPACE',''
  ) );
#15063 = ORIENTED_EDGE('',*,*,#15064,.T.);
#15064 = EDGE_CURVE('',#15042,#14993,#15065,.T.);
#15065 = SURFACE_CURVE('',#15066,(#15070,#15077),.PCURVE_S1.);
#15066 = B_SPLINE_CURVE_WITH_KNOTS('',2,(#15067,#15068,#15069),
  .UNSPECIFIED.,.F.,.F.,(3,3),(0.,1.),.PIECEWISE_BEZIER_KNOTS.);
#15067 = CARTESIAN_POINT('',(1.115397135417,0.191397023519,20.65));
#15068 = CARTESIAN_POINT('',(1.115397135417,-0.193602976481,20.65));
#15069 = CARTESIAN_POINT('',(0.9845,-0.397102976481,20.65));
#15070 = PCURVE('',#13900,#15071);
#15071 = DEFINITIONAL_REPRESENTATION('',(#15072),#15076);
#15072 = LINE('',#15073,#15074);
#15073 = CARTESIAN_POINT('',(0.,-0.15));
#15074 = VECTOR('',#15075,1.);
#15075 = DIRECTION('',(1.,0.));
#15076 = ( GEOMETRIC_REPRESENTATION_CONTEXT(2) 
PARAMETRIC_REPRESENTATION_CONTEXT() REPRESENTATION_CONTEXT('2D SPACE',''
  ) );
#15077 = PCURVE('',#14906,#15078);
#15078 = DEFINITIONAL_REPRESENTATION('',(#15079),#15083);
#15079 = B_SPLINE_CURVE_WITH_KNOTS('',2,(#15080,#15081,#15082),
  .UNSPECIFIED.,.F.,.F.,(3,3),(0.,1.),.PIECEWISE_BEZIER_KNOTS.);
#15080 = CARTESIAN_POINT('',(1.115397135417,0.741397135417));
#15081 = CARTESIAN_POINT('',(1.115397135417,0.356397135417));
#15082 = CARTESIAN_POINT('',(0.9845,0.152897135417));
#15083 = ( GEOMETRIC_REPRESENTATION_CONTEXT(2) 
PARAMETRIC_REPRESENTATION_CONTEXT() REPRESENTATION_CONTEXT('2D SPACE',''
  ) );
#15084 = ORIENTED_EDGE('',*,*,#14992,.F.);
#15085 = ORIENTED_EDGE('',*,*,#13884,.F.);
#15086 = ADVANCED_FACE('',(#15087),#13870,.T.);
#15087 = FACE_BOUND('',#15088,.T.);
#15088 = EDGE_LOOP('',(#15089,#15112,#15133,#15134));
#15089 = ORIENTED_EDGE('',*,*,#15090,.T.);
#15090 = EDGE_CURVE('',#13825,#15091,#15093,.T.);
#15091 = VERTEX_POINT('',#15092);
#15092 = CARTESIAN_POINT('',(0.605,1.009801320394,20.65));
#15093 = SURFACE_CURVE('',#15094,(#15098,#15105),.PCURVE_S1.);
#15094 = LINE('',#15095,#15096);
#15095 = CARTESIAN_POINT('',(0.605,1.009801320394,20.8));
#15096 = VECTOR('',#15097,1.);
#15097 = DIRECTION('',(-0.,-0.,-1.));
#15098 = PCURVE('',#13870,#15099);
#15099 = DEFINITIONAL_REPRESENTATION('',(#15100),#15104);
#15100 = LINE('',#15101,#15102);
#15101 = CARTESIAN_POINT('',(0.,0.));
#15102 = VECTOR('',#15103,1.);
#15103 = DIRECTION('',(0.,-1.));
#15104 = ( GEOMETRIC_REPRESENTATION_CONTEXT(2) 
PARAMETRIC_REPRESENTATION_CONTEXT() REPRESENTATION_CONTEXT('2D SPACE',''
  ) );
#15105 = PCURVE('',#13840,#15106);
#15106 = DEFINITIONAL_REPRESENTATION('',(#15107),#15111);
#15107 = LINE('',#15108,#15109);
#15108 = CARTESIAN_POINT('',(1.,0.));
#15109 = VECTOR('',#15110,1.);
#15110 = DIRECTION('',(0.,-1.));
#15111 = ( GEOMETRIC_REPRESENTATION_CONTEXT(2) 
PARAMETRIC_REPRESENTATION_CONTEXT() REPRESENTATION_CONTEXT('2D SPACE',''
  ) );
#15112 = ORIENTED_EDGE('',*,*,#15113,.T.);
#15113 = EDGE_CURVE('',#15091,#15042,#15114,.T.);
#15114 = SURFACE_CURVE('',#15115,(#15119,#15126),.PCURVE_S1.);
#15115 = B_SPLINE_CURVE_WITH_KNOTS('',2,(#15116,#15117,#15118),
  .UNSPECIFIED.,.F.,.F.,(3,3),(0.,1.),.PIECEWISE_BEZIER_KNOTS.);
#15116 = CARTESIAN_POINT('',(0.605,1.009801320394,20.65));
#15117 = CARTESIAN_POINT('',(1.115397135417,1.009801320394,20.65));
#15118 = CARTESIAN_POINT('',(1.115397135417,0.191397023519,20.65));
#15119 = PCURVE('',#13870,#15120);
#15120 = DEFINITIONAL_REPRESENTATION('',(#15121),#15125);
#15121 = LINE('',#15122,#15123);
#15122 = CARTESIAN_POINT('',(0.,-0.15));
#15123 = VECTOR('',#15124,1.);
#15124 = DIRECTION('',(1.,0.));
#15125 = ( GEOMETRIC_REPRESENTATION_CONTEXT(2) 
PARAMETRIC_REPRESENTATION_CONTEXT() REPRESENTATION_CONTEXT('2D SPACE',''
  ) );
#15126 = PCURVE('',#14906,#15127);
#15127 = DEFINITIONAL_REPRESENTATION('',(#15128),#15132);
#15128 = B_SPLINE_CURVE_WITH_KNOTS('',2,(#15129,#15130,#15131),
  .UNSPECIFIED.,.F.,.F.,(3,3),(0.,1.),.PIECEWISE_BEZIER_KNOTS.);
#15129 = CARTESIAN_POINT('',(0.605,1.559801432292));
#15130 = CARTESIAN_POINT('',(1.115397135417,1.559801432292));
#15131 = CARTESIAN_POINT('',(1.115397135417,0.741397135417));
#15132 = ( GEOMETRIC_REPRESENTATION_CONTEXT(2) 
PARAMETRIC_REPRESENTATION_CONTEXT() REPRESENTATION_CONTEXT('2D SPACE',''
  ) );
#15133 = ORIENTED_EDGE('',*,*,#15041,.F.);
#15134 = ORIENTED_EDGE('',*,*,#13854,.F.);
#15135 = ADVANCED_FACE('',(#15136),#13840,.T.);
#15136 = FACE_BOUND('',#15137,.T.);
#15137 = EDGE_LOOP('',(#15138,#15161,#15182,#15183));
#15138 = ORIENTED_EDGE('',*,*,#15139,.T.);
#15139 = EDGE_CURVE('',#13795,#15140,#15142,.T.);
#15140 = VERTEX_POINT('',#15141);
#15141 = CARTESIAN_POINT('',(0.4675,0.99220203654,20.65));
#15142 = SURFACE_CURVE('',#15143,(#15147,#15154),.PCURVE_S1.);
#15143 = LINE('',#15144,#15145);
#15144 = CARTESIAN_POINT('',(0.4675,0.99220203654,20.8));
#15145 = VECTOR('',#15146,1.);
#15146 = DIRECTION('',(-0.,-0.,-1.));
#15147 = PCURVE('',#13840,#15148);
#15148 = DEFINITIONAL_REPRESENTATION('',(#15149),#15153);
#15149 = LINE('',#15150,#15151);
#15150 = CARTESIAN_POINT('',(0.,0.));
#15151 = VECTOR('',#15152,1.);
#15152 = DIRECTION('',(0.,-1.));
#15153 = ( GEOMETRIC_REPRESENTATION_CONTEXT(2) 
PARAMETRIC_REPRESENTATION_CONTEXT() REPRESENTATION_CONTEXT('2D SPACE',''
  ) );
#15154 = PCURVE('',#13810,#15155);
#15155 = DEFINITIONAL_REPRESENTATION('',(#15156),#15160);
#15156 = LINE('',#15157,#15158);
#15157 = CARTESIAN_POINT('',(1.,0.));
#15158 = VECTOR('',#15159,1.);
#15159 = DIRECTION('',(0.,-1.));
#15160 = ( GEOMETRIC_REPRESENTATION_CONTEXT(2) 
PARAMETRIC_REPRESENTATION_CONTEXT() REPRESENTATION_CONTEXT('2D SPACE',''
  ) );
#15161 = ORIENTED_EDGE('',*,*,#15162,.T.);
#15162 = EDGE_CURVE('',#15140,#15091,#15163,.T.);
#15163 = SURFACE_CURVE('',#15164,(#15168,#15175),.PCURVE_S1.);
#15164 = B_SPLINE_CURVE_WITH_KNOTS('',2,(#15165,#15166,#15167),
  .UNSPECIFIED.,.F.,.F.,(3,3),(0.,1.),.PIECEWISE_BEZIER_KNOTS.);
#15165 = CARTESIAN_POINT('',(0.4675,0.99220203654,20.65));
#15166 = CARTESIAN_POINT('',(0.532397135417,1.009801320394,20.65));
#15167 = CARTESIAN_POINT('',(0.605,1.009801320394,20.65));
#15168 = PCURVE('',#13840,#15169);
#15169 = DEFINITIONAL_REPRESENTATION('',(#15170),#15174);
#15170 = LINE('',#15171,#15172);
#15171 = CARTESIAN_POINT('',(0.,-0.15));
#15172 = VECTOR('',#15173,1.);
#15173 = DIRECTION('',(1.,0.));
#15174 = ( GEOMETRIC_REPRESENTATION_CONTEXT(2) 
PARAMETRIC_REPRESENTATION_CONTEXT() REPRESENTATION_CONTEXT('2D SPACE',''
  ) );
#15175 = PCURVE('',#14906,#15176);
#15176 = DEFINITIONAL_REPRESENTATION('',(#15177),#15181);
#15177 = B_SPLINE_CURVE_WITH_KNOTS('',2,(#15178,#15179,#15180),
  .UNSPECIFIED.,.F.,.F.,(3,3),(0.,1.),.PIECEWISE_BEZIER_KNOTS.);
#15178 = CARTESIAN_POINT('',(0.4675,1.542202148438));
#15179 = CARTESIAN_POINT('',(0.532397135417,1.559801432292));
#15180 = CARTESIAN_POINT('',(0.605,1.559801432292));
#15181 = ( GEOMETRIC_REPRESENTATION_CONTEXT(2) 
PARAMETRIC_REPRESENTATION_CONTEXT() REPRESENTATION_CONTEXT('2D SPACE',''
  ) );
#15182 = ORIENTED_EDGE('',*,*,#15090,.F.);
#15183 = ORIENTED_EDGE('',*,*,#13824,.F.);
#15184 = ADVANCED_FACE('',(#15185),#13810,.T.);
#15185 = FACE_BOUND('',#15186,.T.);
#15186 = EDGE_LOOP('',(#15187,#15210,#15231,#15232));
#15187 = ORIENTED_EDGE('',*,*,#15188,.T.);
#15188 = EDGE_CURVE('',#13765,#15189,#15191,.T.);
#15189 = VERTEX_POINT('',#15190);
#15190 = CARTESIAN_POINT('',(0.332202148438,0.921801320394,20.65));
#15191 = SURFACE_CURVE('',#15192,(#15196,#15203),.PCURVE_S1.);
#15192 = LINE('',#15193,#15194);
#15193 = CARTESIAN_POINT('',(0.332202148438,0.921801320394,20.8));
#15194 = VECTOR('',#15195,1.);
#15195 = DIRECTION('',(-0.,-0.,-1.));
#15196 = PCURVE('',#13810,#15197);
#15197 = DEFINITIONAL_REPRESENTATION('',(#15198),#15202);
#15198 = LINE('',#15199,#15200);
#15199 = CARTESIAN_POINT('',(0.,0.));
#15200 = VECTOR('',#15201,1.);
#15201 = DIRECTION('',(0.,-1.));
#15202 = ( GEOMETRIC_REPRESENTATION_CONTEXT(2) 
PARAMETRIC_REPRESENTATION_CONTEXT() REPRESENTATION_CONTEXT('2D SPACE',''
  ) );
#15203 = PCURVE('',#13780,#15204);
#15204 = DEFINITIONAL_REPRESENTATION('',(#15205),#15209);
#15205 = LINE('',#15206,#15207);
#15206 = CARTESIAN_POINT('',(1.,0.));
#15207 = VECTOR('',#15208,1.);
#15208 = DIRECTION('',(0.,-1.));
#15209 = ( GEOMETRIC_REPRESENTATION_CONTEXT(2) 
PARAMETRIC_REPRESENTATION_CONTEXT() REPRESENTATION_CONTEXT('2D SPACE',''
  ) );
#15210 = ORIENTED_EDGE('',*,*,#15211,.T.);
#15211 = EDGE_CURVE('',#15189,#15140,#15212,.T.);
#15212 = SURFACE_CURVE('',#15213,(#15217,#15224),.PCURVE_S1.);
#15213 = B_SPLINE_CURVE_WITH_KNOTS('',2,(#15214,#15215,#15216),
  .UNSPECIFIED.,.F.,.F.,(3,3),(0.,1.),.PIECEWISE_BEZIER_KNOTS.);
#15214 = CARTESIAN_POINT('',(0.332202148438,0.921801320394,20.65));
#15215 = CARTESIAN_POINT('',(0.402602864583,0.974602752686,20.65));
#15216 = CARTESIAN_POINT('',(0.4675,0.99220203654,20.65));
#15217 = PCURVE('',#13810,#15218);
#15218 = DEFINITIONAL_REPRESENTATION('',(#15219),#15223);
#15219 = LINE('',#15220,#15221);
#15220 = CARTESIAN_POINT('',(0.,-0.15));
#15221 = VECTOR('',#15222,1.);
#15222 = DIRECTION('',(1.,0.));
#15223 = ( GEOMETRIC_REPRESENTATION_CONTEXT(2) 
PARAMETRIC_REPRESENTATION_CONTEXT() REPRESENTATION_CONTEXT('2D SPACE',''
  ) );
#15224 = PCURVE('',#14906,#15225);
#15225 = DEFINITIONAL_REPRESENTATION('',(#15226),#15230);
#15226 = B_SPLINE_CURVE_WITH_KNOTS('',2,(#15227,#15228,#15229),
  .UNSPECIFIED.,.F.,.F.,(3,3),(0.,1.),.PIECEWISE_BEZIER_KNOTS.);
#15227 = CARTESIAN_POINT('',(0.332202148438,1.471801432292));
#15228 = CARTESIAN_POINT('',(0.402602864583,1.524602864583));
#15229 = CARTESIAN_POINT('',(0.4675,1.542202148438));
#15230 = ( GEOMETRIC_REPRESENTATION_CONTEXT(2) 
PARAMETRIC_REPRESENTATION_CONTEXT() REPRESENTATION_CONTEXT('2D SPACE',''
  ) );
#15231 = ORIENTED_EDGE('',*,*,#15139,.F.);
#15232 = ORIENTED_EDGE('',*,*,#13794,.F.);
#15233 = ADVANCED_FACE('',(#15234),#13780,.T.);
#15234 = FACE_BOUND('',#15235,.T.);
#15235 = EDGE_LOOP('',(#15236,#15259,#15280,#15281));
#15236 = ORIENTED_EDGE('',*,*,#15237,.T.);
#15237 = EDGE_CURVE('',#13735,#15238,#15240,.T.);
#15238 = VERTEX_POINT('',#15239);
#15239 = CARTESIAN_POINT('',(0.211202148438,0.784301320394,20.65));
#15240 = SURFACE_CURVE('',#15241,(#15245,#15252),.PCURVE_S1.);
#15241 = LINE('',#15242,#15243);
#15242 = CARTESIAN_POINT('',(0.211202148438,0.784301320394,20.8));
#15243 = VECTOR('',#15244,1.);
#15244 = DIRECTION('',(-0.,-0.,-1.));
#15245 = PCURVE('',#13780,#15246);
#15246 = DEFINITIONAL_REPRESENTATION('',(#15247),#15251);
#15247 = LINE('',#15248,#15249);
#15248 = CARTESIAN_POINT('',(0.,0.));
#15249 = VECTOR('',#15250,1.);
#15250 = DIRECTION('',(0.,-1.));
#15251 = ( GEOMETRIC_REPRESENTATION_CONTEXT(2) 
PARAMETRIC_REPRESENTATION_CONTEXT() REPRESENTATION_CONTEXT('2D SPACE',''
  ) );
#15252 = PCURVE('',#13750,#15253);
#15253 = DEFINITIONAL_REPRESENTATION('',(#15254),#15258);
#15254 = LINE('',#15255,#15256);
#15255 = CARTESIAN_POINT('',(1.,0.));
#15256 = VECTOR('',#15257,1.);
#15257 = DIRECTION('',(0.,-1.));
#15258 = ( GEOMETRIC_REPRESENTATION_CONTEXT(2) 
PARAMETRIC_REPRESENTATION_CONTEXT() REPRESENTATION_CONTEXT('2D SPACE',''
  ) );
#15259 = ORIENTED_EDGE('',*,*,#15260,.T.);
#15260 = EDGE_CURVE('',#15238,#15189,#15261,.T.);
#15261 = SURFACE_CURVE('',#15262,(#15266,#15273),.PCURVE_S1.);
#15262 = B_SPLINE_CURVE_WITH_KNOTS('',2,(#15263,#15264,#15265),
  .UNSPECIFIED.,.F.,.F.,(3,3),(0.,1.),.PIECEWISE_BEZIER_KNOTS.);
#15263 = CARTESIAN_POINT('',(0.211202148438,0.784301320394,20.65));
#15264 = CARTESIAN_POINT('',(0.261801432292,0.868999888102,20.65));
#15265 = CARTESIAN_POINT('',(0.332202148438,0.921801320394,20.65));
#15266 = PCURVE('',#13780,#15267);
#15267 = DEFINITIONAL_REPRESENTATION('',(#15268),#15272);
#15268 = LINE('',#15269,#15270);
#15269 = CARTESIAN_POINT('',(0.,-0.15));
#15270 = VECTOR('',#15271,1.);
#15271 = DIRECTION('',(1.,0.));
#15272 = ( GEOMETRIC_REPRESENTATION_CONTEXT(2) 
PARAMETRIC_REPRESENTATION_CONTEXT() REPRESENTATION_CONTEXT('2D SPACE',''
  ) );
#15273 = PCURVE('',#14906,#15274);
#15274 = DEFINITIONAL_REPRESENTATION('',(#15275),#15279);
#15275 = B_SPLINE_CURVE_WITH_KNOTS('',2,(#15276,#15277,#15278),
  .UNSPECIFIED.,.F.,.F.,(3,3),(0.,1.),.PIECEWISE_BEZIER_KNOTS.);
#15276 = CARTESIAN_POINT('',(0.211202148438,1.334301432292));
#15277 = CARTESIAN_POINT('',(0.261801432292,1.419));
#15278 = CARTESIAN_POINT('',(0.332202148438,1.471801432292));
#15279 = ( GEOMETRIC_REPRESENTATION_CONTEXT(2) 
PARAMETRIC_REPRESENTATION_CONTEXT() REPRESENTATION_CONTEXT('2D SPACE',''
  ) );
#15280 = ORIENTED_EDGE('',*,*,#15188,.F.);
#15281 = ORIENTED_EDGE('',*,*,#13764,.F.);
#15282 = ADVANCED_FACE('',(#15283),#13750,.T.);
#15283 = FACE_BOUND('',#15284,.T.);
#15284 = EDGE_LOOP('',(#15285,#15308,#15329,#15330));
#15285 = ORIENTED_EDGE('',*,*,#15286,.T.);
#15286 = EDGE_CURVE('',#13705,#15287,#15289,.T.);
#15287 = VERTEX_POINT('',#15288);
#15288 = CARTESIAN_POINT('',(0.127602864583,0.549999888102,20.65));
#15289 = SURFACE_CURVE('',#15290,(#15294,#15301),.PCURVE_S1.);
#15290 = LINE('',#15291,#15292);
#15291 = CARTESIAN_POINT('',(0.127602864583,0.549999888102,20.8));
#15292 = VECTOR('',#15293,1.);
#15293 = DIRECTION('',(-0.,-0.,-1.));
#15294 = PCURVE('',#13750,#15295);
#15295 = DEFINITIONAL_REPRESENTATION('',(#15296),#15300);
#15296 = LINE('',#15297,#15298);
#15297 = CARTESIAN_POINT('',(0.,0.));
#15298 = VECTOR('',#15299,1.);
#15299 = DIRECTION('',(0.,-1.));
#15300 = ( GEOMETRIC_REPRESENTATION_CONTEXT(2) 
PARAMETRIC_REPRESENTATION_CONTEXT() REPRESENTATION_CONTEXT('2D SPACE',''
  ) );
#15301 = PCURVE('',#13720,#15302);
#15302 = DEFINITIONAL_REPRESENTATION('',(#15303),#15307);
#15303 = LINE('',#15304,#15305);
#15304 = CARTESIAN_POINT('',(1.,0.));
#15305 = VECTOR('',#15306,1.);
#15306 = DIRECTION('',(0.,-1.));
#15307 = ( GEOMETRIC_REPRESENTATION_CONTEXT(2) 
PARAMETRIC_REPRESENTATION_CONTEXT() REPRESENTATION_CONTEXT('2D SPACE',''
  ) );
#15308 = ORIENTED_EDGE('',*,*,#15309,.T.);
#15309 = EDGE_CURVE('',#15287,#15238,#15310,.T.);
#15310 = SURFACE_CURVE('',#15311,(#15315,#15322),.PCURVE_S1.);
#15311 = B_SPLINE_CURVE_WITH_KNOTS('',2,(#15312,#15313,#15314),
  .UNSPECIFIED.,.F.,.F.,(3,3),(0.,1.),.PIECEWISE_BEZIER_KNOTS.);
#15312 = CARTESIAN_POINT('',(0.127602864583,0.549999888102,20.65));
#15313 = CARTESIAN_POINT('',(0.160602864583,0.699602752686,20.65));
#15314 = CARTESIAN_POINT('',(0.211202148438,0.784301320394,20.65));
#15315 = PCURVE('',#13750,#15316);
#15316 = DEFINITIONAL_REPRESENTATION('',(#15317),#15321);
#15317 = LINE('',#15318,#15319);
#15318 = CARTESIAN_POINT('',(0.,-0.15));
#15319 = VECTOR('',#15320,1.);
#15320 = DIRECTION('',(1.,0.));
#15321 = ( GEOMETRIC_REPRESENTATION_CONTEXT(2) 
PARAMETRIC_REPRESENTATION_CONTEXT() REPRESENTATION_CONTEXT('2D SPACE',''
  ) );
#15322 = PCURVE('',#14906,#15323);
#15323 = DEFINITIONAL_REPRESENTATION('',(#15324),#15328);
#15324 = B_SPLINE_CURVE_WITH_KNOTS('',2,(#15325,#15326,#15327),
  .UNSPECIFIED.,.F.,.F.,(3,3),(0.,1.),.PIECEWISE_BEZIER_KNOTS.);
#15325 = CARTESIAN_POINT('',(0.127602864583,1.1));
#15326 = CARTESIAN_POINT('',(0.160602864583,1.249602864583));
#15327 = CARTESIAN_POINT('',(0.211202148438,1.334301432292));
#15328 = ( GEOMETRIC_REPRESENTATION_CONTEXT(2) 
PARAMETRIC_REPRESENTATION_CONTEXT() REPRESENTATION_CONTEXT('2D SPACE',''
  ) );
#15329 = ORIENTED_EDGE('',*,*,#15237,.F.);
#15330 = ORIENTED_EDGE('',*,*,#13734,.F.);
#15331 = ADVANCED_FACE('',(#15332),#13720,.T.);
#15332 = FACE_BOUND('',#15333,.T.);
#15333 = EDGE_LOOP('',(#15334,#15335,#15356,#15357));
#15334 = ORIENTED_EDGE('',*,*,#14918,.T.);
#15335 = ORIENTED_EDGE('',*,*,#15336,.T.);
#15336 = EDGE_CURVE('',#14891,#15287,#15337,.T.);
#15337 = SURFACE_CURVE('',#15338,(#15342,#15349),.PCURVE_S1.);
#15338 = B_SPLINE_CURVE_WITH_KNOTS('',2,(#15339,#15340,#15341),
  .UNSPECIFIED.,.F.,.F.,(3,3),(0.,1.),.PIECEWISE_BEZIER_KNOTS.);
#15339 = CARTESIAN_POINT('',(9.460286458333E-02,0.204602752686,20.65));
#15340 = CARTESIAN_POINT('',(9.460286458333E-02,0.400397023519,20.65));
#15341 = CARTESIAN_POINT('',(0.127602864583,0.549999888102,20.65));
#15342 = PCURVE('',#13720,#15343);
#15343 = DEFINITIONAL_REPRESENTATION('',(#15344),#15348);
#15344 = LINE('',#15345,#15346);
#15345 = CARTESIAN_POINT('',(0.,-0.15));
#15346 = VECTOR('',#15347,1.);
#15347 = DIRECTION('',(1.,0.));
#15348 = ( GEOMETRIC_REPRESENTATION_CONTEXT(2) 
PARAMETRIC_REPRESENTATION_CONTEXT() REPRESENTATION_CONTEXT('2D SPACE',''
  ) );
#15349 = PCURVE('',#14906,#15350);
#15350 = DEFINITIONAL_REPRESENTATION('',(#15351),#15355);
#15351 = B_SPLINE_CURVE_WITH_KNOTS('',2,(#15352,#15353,#15354),
  .UNSPECIFIED.,.F.,.F.,(3,3),(0.,1.),.PIECEWISE_BEZIER_KNOTS.);
#15352 = CARTESIAN_POINT('',(9.460286458333E-02,0.754602864583));
#15353 = CARTESIAN_POINT('',(9.460286458333E-02,0.950397135417));
#15354 = CARTESIAN_POINT('',(0.127602864583,1.1));
#15355 = ( GEOMETRIC_REPRESENTATION_CONTEXT(2) 
PARAMETRIC_REPRESENTATION_CONTEXT() REPRESENTATION_CONTEXT('2D SPACE',''
  ) );
#15356 = ORIENTED_EDGE('',*,*,#15286,.F.);
#15357 = ORIENTED_EDGE('',*,*,#13704,.F.);
#15358 = ADVANCED_FACE('',(#15359),#14281,.T.);
#15359 = FACE_BOUND('',#15360,.T.);
#15360 = EDGE_LOOP('',(#15361,#15362,#15363,#15364,#15365));
#15361 = ORIENTED_EDGE('',*,*,#14446,.T.);
#15362 = ORIENTED_EDGE('',*,*,#14267,.T.);
#15363 = ORIENTED_EDGE('',*,*,#14321,.T.);
#15364 = ORIENTED_EDGE('',*,*,#14370,.T.);
#15365 = ORIENTED_EDGE('',*,*,#14419,.T.);
#15366 = ADVANCED_FACE('',(#15367),#14509,.T.);
#15367 = FACE_BOUND('',#15368,.F.);
#15368 = EDGE_LOOP('',(#15369,#15370,#15371,#15372,#15373,#15374,#15375,
    #15376));
#15369 = ORIENTED_EDGE('',*,*,#14841,.T.);
#15370 = ORIENTED_EDGE('',*,*,#14814,.T.);
#15371 = ORIENTED_EDGE('',*,*,#14765,.T.);
#15372 = ORIENTED_EDGE('',*,*,#14716,.T.);
#15373 = ORIENTED_EDGE('',*,*,#14667,.T.);
#15374 = ORIENTED_EDGE('',*,*,#14618,.T.);
#15375 = ORIENTED_EDGE('',*,*,#14569,.T.);
#15376 = ORIENTED_EDGE('',*,*,#14493,.T.);
#15377 = ADVANCED_FACE('',(#15378,#15390),#14906,.T.);
#15378 = FACE_BOUND('',#15379,.F.);
#15379 = EDGE_LOOP('',(#15380,#15381,#15382,#15383,#15384,#15385,#15386,
    #15387,#15388,#15389));
#15380 = ORIENTED_EDGE('',*,*,#15336,.T.);
#15381 = ORIENTED_EDGE('',*,*,#15309,.T.);
#15382 = ORIENTED_EDGE('',*,*,#15260,.T.);
#15383 = ORIENTED_EDGE('',*,*,#15211,.T.);
#15384 = ORIENTED_EDGE('',*,*,#15162,.T.);
#15385 = ORIENTED_EDGE('',*,*,#15113,.T.);
#15386 = ORIENTED_EDGE('',*,*,#15064,.T.);
#15387 = ORIENTED_EDGE('',*,*,#15015,.T.);
#15388 = ORIENTED_EDGE('',*,*,#14966,.T.);
#15389 = ORIENTED_EDGE('',*,*,#14890,.T.);
#15390 = FACE_BOUND('',#15391,.F.);
#15391 = EDGE_LOOP('',(#15392,#15424,#15454,#15484,#15514));
#15392 = ORIENTED_EDGE('',*,*,#15393,.T.);
#15393 = EDGE_CURVE('',#15394,#15396,#15398,.T.);
#15394 = VERTEX_POINT('',#15395);
#15395 = CARTESIAN_POINT('',(0.917397135417,0.208999888102,20.65));
#15396 = VERTEX_POINT('',#15397);
#15397 = CARTESIAN_POINT('',(0.605,0.838198455811,20.65));
#15398 = SURFACE_CURVE('',#15399,(#15403,#15410),.PCURVE_S1.);
#15399 = B_SPLINE_CURVE_WITH_KNOTS('',2,(#15400,#15401,#15402),
  .UNSPECIFIED.,.F.,.F.,(3,3),(0.,1.),.PIECEWISE_BEZIER_KNOTS.);
#15400 = CARTESIAN_POINT('',(0.917397135417,0.208999888102,20.65));
#15401 = CARTESIAN_POINT('',(0.917397135417,0.838198455811,20.65));
#15402 = CARTESIAN_POINT('',(0.605,0.838198455811,20.65));
#15403 = PCURVE('',#14906,#15404);
#15404 = DEFINITIONAL_REPRESENTATION('',(#15405),#15409);
#15405 = B_SPLINE_CURVE_WITH_KNOTS('',2,(#15406,#15407,#15408),
  .UNSPECIFIED.,.F.,.F.,(3,3),(0.,1.),.PIECEWISE_BEZIER_KNOTS.);
#15406 = CARTESIAN_POINT('',(0.917397135417,0.759));
#15407 = CARTESIAN_POINT('',(0.917397135417,1.388198567708));
#15408 = CARTESIAN_POINT('',(0.605,1.388198567708));
#15409 = ( GEOMETRIC_REPRESENTATION_CONTEXT(2) 
PARAMETRIC_REPRESENTATION_CONTEXT() REPRESENTATION_CONTEXT('2D SPACE',''
  ) );
#15410 = PCURVE('',#15411,#15418);
#15411 = SURFACE_OF_LINEAR_EXTRUSION('',#15412,#15416);
#15412 = B_SPLINE_CURVE_WITH_KNOTS('',2,(#15413,#15414,#15415),
  .UNSPECIFIED.,.F.,.F.,(3,3),(0.,1.),.PIECEWISE_BEZIER_KNOTS.);
#15413 = CARTESIAN_POINT('',(0.917397135417,0.208999888102,20.8));
#15414 = CARTESIAN_POINT('',(0.917397135417,0.838198455811,20.8));
#15415 = CARTESIAN_POINT('',(0.605,0.838198455811,20.8));
#15416 = VECTOR('',#15417,1.);
#15417 = DIRECTION('',(0.,0.,1.));
#15418 = DEFINITIONAL_REPRESENTATION('',(#15419),#15423);
#15419 = LINE('',#15420,#15421);
#15420 = CARTESIAN_POINT('',(0.,-0.15));
#15421 = VECTOR('',#15422,1.);
#15422 = DIRECTION('',(1.,0.));
#15423 = ( GEOMETRIC_REPRESENTATION_CONTEXT(2) 
PARAMETRIC_REPRESENTATION_CONTEXT() REPRESENTATION_CONTEXT('2D SPACE',''
  ) );
#15424 = ORIENTED_EDGE('',*,*,#15425,.T.);
#15425 = EDGE_CURVE('',#15396,#15426,#15428,.T.);
#15426 = VERTEX_POINT('',#15427);
#15427 = CARTESIAN_POINT('',(0.292602864583,0.202397023519,20.65));
#15428 = SURFACE_CURVE('',#15429,(#15433,#15440),.PCURVE_S1.);
#15429 = B_SPLINE_CURVE_WITH_KNOTS('',2,(#15430,#15431,#15432),
  .UNSPECIFIED.,.F.,.F.,(3,3),(0.,1.),.PIECEWISE_BEZIER_KNOTS.);
#15430 = CARTESIAN_POINT('',(0.605,0.838198455811,20.65));
#15431 = CARTESIAN_POINT('',(0.292602864583,0.838198455811,20.65));
#15432 = CARTESIAN_POINT('',(0.292602864583,0.202397023519,20.65));
#15433 = PCURVE('',#14906,#15434);
#15434 = DEFINITIONAL_REPRESENTATION('',(#15435),#15439);
#15435 = B_SPLINE_CURVE_WITH_KNOTS('',2,(#15436,#15437,#15438),
  .UNSPECIFIED.,.F.,.F.,(3,3),(0.,1.),.PIECEWISE_BEZIER_KNOTS.);
#15436 = CARTESIAN_POINT('',(0.605,1.388198567708));
#15437 = CARTESIAN_POINT('',(0.292602864583,1.388198567708));
#15438 = CARTESIAN_POINT('',(0.292602864583,0.752397135417));
#15439 = ( GEOMETRIC_REPRESENTATION_CONTEXT(2) 
PARAMETRIC_REPRESENTATION_CONTEXT() REPRESENTATION_CONTEXT('2D SPACE',''
  ) );
#15440 = PCURVE('',#15441,#15448);
#15441 = SURFACE_OF_LINEAR_EXTRUSION('',#15442,#15446);
#15442 = B_SPLINE_CURVE_WITH_KNOTS('',2,(#15443,#15444,#15445),
  .UNSPECIFIED.,.F.,.F.,(3,3),(0.,1.),.PIECEWISE_BEZIER_KNOTS.);
#15443 = CARTESIAN_POINT('',(0.605,0.838198455811,20.8));
#15444 = CARTESIAN_POINT('',(0.292602864583,0.838198455811,20.8));
#15445 = CARTESIAN_POINT('',(0.292602864583,0.202397023519,20.8));
#15446 = VECTOR('',#15447,1.);
#15447 = DIRECTION('',(0.,0.,1.));
#15448 = DEFINITIONAL_REPRESENTATION('',(#15449),#15453);
#15449 = LINE('',#15450,#15451);
#15450 = CARTESIAN_POINT('',(0.,-0.15));
#15451 = VECTOR('',#15452,1.);
#15452 = DIRECTION('',(1.,0.));
#15453 = ( GEOMETRIC_REPRESENTATION_CONTEXT(2) 
PARAMETRIC_REPRESENTATION_CONTEXT() REPRESENTATION_CONTEXT('2D SPACE',''
  ) );
#15454 = ORIENTED_EDGE('',*,*,#15455,.T.);
#15455 = EDGE_CURVE('',#15426,#15456,#15458,.T.);
#15456 = VERTEX_POINT('',#15457);
#15457 = CARTESIAN_POINT('',(0.600602864583,-0.440000111898,20.65));
#15458 = SURFACE_CURVE('',#15459,(#15463,#15470),.PCURVE_S1.);
#15459 = B_SPLINE_CURVE_WITH_KNOTS('',2,(#15460,#15461,#15462),
  .UNSPECIFIED.,.F.,.F.,(3,3),(0.,1.),.PIECEWISE_BEZIER_KNOTS.);
#15460 = CARTESIAN_POINT('',(0.292602864583,0.202397023519,20.65));
#15461 = CARTESIAN_POINT('',(0.292602864583,-0.440000111898,20.65));
#15462 = CARTESIAN_POINT('',(0.600602864583,-0.440000111898,20.65));
#15463 = PCURVE('',#14906,#15464);
#15464 = DEFINITIONAL_REPRESENTATION('',(#15465),#15469);
#15465 = B_SPLINE_CURVE_WITH_KNOTS('',2,(#15466,#15467,#15468),
  .UNSPECIFIED.,.F.,.F.,(3,3),(0.,1.),.PIECEWISE_BEZIER_KNOTS.);
#15466 = CARTESIAN_POINT('',(0.292602864583,0.752397135417));
#15467 = CARTESIAN_POINT('',(0.292602864583,0.11));
#15468 = CARTESIAN_POINT('',(0.600602864583,0.11));
#15469 = ( GEOMETRIC_REPRESENTATION_CONTEXT(2) 
PARAMETRIC_REPRESENTATION_CONTEXT() REPRESENTATION_CONTEXT('2D SPACE',''
  ) );
#15470 = PCURVE('',#15471,#15478);
#15471 = SURFACE_OF_LINEAR_EXTRUSION('',#15472,#15476);
#15472 = B_SPLINE_CURVE_WITH_KNOTS('',2,(#15473,#15474,#15475),
  .UNSPECIFIED.,.F.,.F.,(3,3),(0.,1.),.PIECEWISE_BEZIER_KNOTS.);
#15473 = CARTESIAN_POINT('',(0.292602864583,0.202397023519,20.8));
#15474 = CARTESIAN_POINT('',(0.292602864583,-0.440000111898,20.8));
#15475 = CARTESIAN_POINT('',(0.600602864583,-0.440000111898,20.8));
#15476 = VECTOR('',#15477,1.);
#15477 = DIRECTION('',(0.,0.,1.));
#15478 = DEFINITIONAL_REPRESENTATION('',(#15479),#15483);
#15479 = LINE('',#15480,#15481);
#15480 = CARTESIAN_POINT('',(0.,-0.15));
#15481 = VECTOR('',#15482,1.);
#15482 = DIRECTION('',(1.,0.));
#15483 = ( GEOMETRIC_REPRESENTATION_CONTEXT(2) 
PARAMETRIC_REPRESENTATION_CONTEXT() REPRESENTATION_CONTEXT('2D SPACE',''
  ) );
#15484 = ORIENTED_EDGE('',*,*,#15485,.T.);
#15485 = EDGE_CURVE('',#15456,#15486,#15488,.T.);
#15486 = VERTEX_POINT('',#15487);
#15487 = CARTESIAN_POINT('',(0.840397135417,-0.281599395752,20.65));
#15488 = SURFACE_CURVE('',#15489,(#15493,#15500),.PCURVE_S1.);
#15489 = B_SPLINE_CURVE_WITH_KNOTS('',2,(#15490,#15491,#15492),
  .UNSPECIFIED.,.F.,.F.,(3,3),(0.,1.),.PIECEWISE_BEZIER_KNOTS.);
#15490 = CARTESIAN_POINT('',(0.600602864583,-0.440000111898,20.65));
#15491 = CARTESIAN_POINT('',(0.763397135417,-0.440000111898,20.65));
#15492 = CARTESIAN_POINT('',(0.840397135417,-0.281599395752,20.65));
#15493 = PCURVE('',#14906,#15494);
#15494 = DEFINITIONAL_REPRESENTATION('',(#15495),#15499);
#15495 = B_SPLINE_CURVE_WITH_KNOTS('',2,(#15496,#15497,#15498),
  .UNSPECIFIED.,.F.,.F.,(3,3),(0.,1.),.PIECEWISE_BEZIER_KNOTS.);
#15496 = CARTESIAN_POINT('',(0.600602864583,0.11));
#15497 = CARTESIAN_POINT('',(0.763397135417,0.11));
#15498 = CARTESIAN_POINT('',(0.840397135417,0.268400716146));
#15499 = ( GEOMETRIC_REPRESENTATION_CONTEXT(2) 
PARAMETRIC_REPRESENTATION_CONTEXT() REPRESENTATION_CONTEXT('2D SPACE',''
  ) );
#15500 = PCURVE('',#15501,#15508);
#15501 = SURFACE_OF_LINEAR_EXTRUSION('',#15502,#15506);
#15502 = B_SPLINE_CURVE_WITH_KNOTS('',2,(#15503,#15504,#15505),
  .UNSPECIFIED.,.F.,.F.,(3,3),(0.,1.),.PIECEWISE_BEZIER_KNOTS.);
#15503 = CARTESIAN_POINT('',(0.600602864583,-0.440000111898,20.8));
#15504 = CARTESIAN_POINT('',(0.763397135417,-0.440000111898,20.8));
#15505 = CARTESIAN_POINT('',(0.840397135417,-0.281599395752,20.8));
#15506 = VECTOR('',#15507,1.);
#15507 = DIRECTION('',(0.,0.,1.));
#15508 = DEFINITIONAL_REPRESENTATION('',(#15509),#15513);
#15509 = LINE('',#15510,#15511);
#15510 = CARTESIAN_POINT('',(0.,-0.15));
#15511 = VECTOR('',#15512,1.);
#15512 = DIRECTION('',(1.,0.));
#15513 = ( GEOMETRIC_REPRESENTATION_CONTEXT(2) 
PARAMETRIC_REPRESENTATION_CONTEXT() REPRESENTATION_CONTEXT('2D SPACE',''
  ) );
#15514 = ORIENTED_EDGE('',*,*,#15515,.T.);
#15515 = EDGE_CURVE('',#15486,#15394,#15516,.T.);
#15516 = SURFACE_CURVE('',#15517,(#15521,#15528),.PCURVE_S1.);
#15517 = B_SPLINE_CURVE_WITH_KNOTS('',2,(#15518,#15519,#15520),
  .UNSPECIFIED.,.F.,.F.,(3,3),(0.,1.),.PIECEWISE_BEZIER_KNOTS.);
#15518 = CARTESIAN_POINT('',(0.840397135417,-0.281599395752,20.65));
#15519 = CARTESIAN_POINT('',(0.917397135417,-0.123198679606,20.65));
#15520 = CARTESIAN_POINT('',(0.917397135417,0.208999888102,20.65));
#15521 = PCURVE('',#14906,#15522);
#15522 = DEFINITIONAL_REPRESENTATION('',(#15523),#15527);
#15523 = B_SPLINE_CURVE_WITH_KNOTS('',2,(#15524,#15525,#15526),
  .UNSPECIFIED.,.F.,.F.,(3,3),(0.,1.),.PIECEWISE_BEZIER_KNOTS.);
#15524 = CARTESIAN_POINT('',(0.840397135417,0.268400716146));
#15525 = CARTESIAN_POINT('',(0.917397135417,0.426801432292));
#15526 = CARTESIAN_POINT('',(0.917397135417,0.759));
#15527 = ( GEOMETRIC_REPRESENTATION_CONTEXT(2) 
PARAMETRIC_REPRESENTATION_CONTEXT() REPRESENTATION_CONTEXT('2D SPACE',''
  ) );
#15528 = PCURVE('',#15529,#15536);
#15529 = SURFACE_OF_LINEAR_EXTRUSION('',#15530,#15534);
#15530 = B_SPLINE_CURVE_WITH_KNOTS('',2,(#15531,#15532,#15533),
  .UNSPECIFIED.,.F.,.F.,(3,3),(0.,1.),.PIECEWISE_BEZIER_KNOTS.);
#15531 = CARTESIAN_POINT('',(0.840397135417,-0.281599395752,20.8));
#15532 = CARTESIAN_POINT('',(0.917397135417,-0.123198679606,20.8));
#15533 = CARTESIAN_POINT('',(0.917397135417,0.208999888102,20.8));
#15534 = VECTOR('',#15535,1.);
#15535 = DIRECTION('',(0.,0.,1.));
#15536 = DEFINITIONAL_REPRESENTATION('',(#15537),#15541);
#15537 = LINE('',#15538,#15539);
#15538 = CARTESIAN_POINT('',(0.,-0.15));
#15539 = VECTOR('',#15540,1.);
#15540 = DIRECTION('',(1.,0.));
#15541 = ( GEOMETRIC_REPRESENTATION_CONTEXT(2) 
PARAMETRIC_REPRESENTATION_CONTEXT() REPRESENTATION_CONTEXT('2D SPACE',''
  ) );
#15542 = ADVANCED_FACE('',(#15543),#15411,.T.);
#15543 = FACE_BOUND('',#15544,.T.);
#15544 = EDGE_LOOP('',(#15545,#15568,#15569,#15592));
#15545 = ORIENTED_EDGE('',*,*,#15546,.T.);
#15546 = EDGE_CURVE('',#15547,#15394,#15549,.T.);
#15547 = VERTEX_POINT('',#15548);
#15548 = CARTESIAN_POINT('',(0.917397135417,0.208999888102,20.8));
#15549 = SURFACE_CURVE('',#15550,(#15554,#15561),.PCURVE_S1.);
#15550 = LINE('',#15551,#15552);
#15551 = CARTESIAN_POINT('',(0.917397135417,0.208999888102,20.8));
#15552 = VECTOR('',#15553,1.);
#15553 = DIRECTION('',(-0.,-0.,-1.));
#15554 = PCURVE('',#15411,#15555);
#15555 = DEFINITIONAL_REPRESENTATION('',(#15556),#15560);
#15556 = LINE('',#15557,#15558);
#15557 = CARTESIAN_POINT('',(0.,0.));
#15558 = VECTOR('',#15559,1.);
#15559 = DIRECTION('',(0.,-1.));
#15560 = ( GEOMETRIC_REPRESENTATION_CONTEXT(2) 
PARAMETRIC_REPRESENTATION_CONTEXT() REPRESENTATION_CONTEXT('2D SPACE',''
  ) );
#15561 = PCURVE('',#15529,#15562);
#15562 = DEFINITIONAL_REPRESENTATION('',(#15563),#15567);
#15563 = LINE('',#15564,#15565);
#15564 = CARTESIAN_POINT('',(1.,0.));
#15565 = VECTOR('',#15566,1.);
#15566 = DIRECTION('',(0.,-1.));
#15567 = ( GEOMETRIC_REPRESENTATION_CONTEXT(2) 
PARAMETRIC_REPRESENTATION_CONTEXT() REPRESENTATION_CONTEXT('2D SPACE',''
  ) );
#15568 = ORIENTED_EDGE('',*,*,#15393,.T.);
#15569 = ORIENTED_EDGE('',*,*,#15570,.F.);
#15570 = EDGE_CURVE('',#15571,#15396,#15573,.T.);
#15571 = VERTEX_POINT('',#15572);
#15572 = CARTESIAN_POINT('',(0.605,0.838198455811,20.8));
#15573 = SURFACE_CURVE('',#15574,(#15578,#15585),.PCURVE_S1.);
#15574 = LINE('',#15575,#15576);
#15575 = CARTESIAN_POINT('',(0.605,0.838198455811,20.8));
#15576 = VECTOR('',#15577,1.);
#15577 = DIRECTION('',(-0.,-0.,-1.));
#15578 = PCURVE('',#15411,#15579);
#15579 = DEFINITIONAL_REPRESENTATION('',(#15580),#15584);
#15580 = LINE('',#15581,#15582);
#15581 = CARTESIAN_POINT('',(1.,0.));
#15582 = VECTOR('',#15583,1.);
#15583 = DIRECTION('',(0.,-1.));
#15584 = ( GEOMETRIC_REPRESENTATION_CONTEXT(2) 
PARAMETRIC_REPRESENTATION_CONTEXT() REPRESENTATION_CONTEXT('2D SPACE',''
  ) );
#15585 = PCURVE('',#15441,#15586);
#15586 = DEFINITIONAL_REPRESENTATION('',(#15587),#15591);
#15587 = LINE('',#15588,#15589);
#15588 = CARTESIAN_POINT('',(0.,0.));
#15589 = VECTOR('',#15590,1.);
#15590 = DIRECTION('',(0.,-1.));
#15591 = ( GEOMETRIC_REPRESENTATION_CONTEXT(2) 
PARAMETRIC_REPRESENTATION_CONTEXT() REPRESENTATION_CONTEXT('2D SPACE',''
  ) );
#15592 = ORIENTED_EDGE('',*,*,#15593,.F.);
#15593 = EDGE_CURVE('',#15547,#15571,#15594,.T.);
#15594 = SURFACE_CURVE('',#15595,(#15599,#15606),.PCURVE_S1.);
#15595 = B_SPLINE_CURVE_WITH_KNOTS('',2,(#15596,#15597,#15598),
  .UNSPECIFIED.,.F.,.F.,(3,3),(0.,1.),.PIECEWISE_BEZIER_KNOTS.);
#15596 = CARTESIAN_POINT('',(0.917397135417,0.208999888102,20.8));
#15597 = CARTESIAN_POINT('',(0.917397135417,0.838198455811,20.8));
#15598 = CARTESIAN_POINT('',(0.605,0.838198455811,20.8));
#15599 = PCURVE('',#15411,#15600);
#15600 = DEFINITIONAL_REPRESENTATION('',(#15601),#15605);
#15601 = LINE('',#15602,#15603);
#15602 = CARTESIAN_POINT('',(0.,0.));
#15603 = VECTOR('',#15604,1.);
#15604 = DIRECTION('',(1.,0.));
#15605 = ( GEOMETRIC_REPRESENTATION_CONTEXT(2) 
PARAMETRIC_REPRESENTATION_CONTEXT() REPRESENTATION_CONTEXT('2D SPACE',''
  ) );
#15606 = PCURVE('',#15607,#15612);
#15607 = PLANE('',#15608);
#15608 = AXIS2_PLACEMENT_3D('',#15609,#15610,#15611);
#15609 = CARTESIAN_POINT('',(-9.55,-2.55,20.8));
#15610 = DIRECTION('',(0.,0.,1.));
#15611 = DIRECTION('',(1.,0.,0.));
#15612 = DEFINITIONAL_REPRESENTATION('',(#15613),#15617);
#15613 = B_SPLINE_CURVE_WITH_KNOTS('',2,(#15614,#15615,#15616),
  .UNSPECIFIED.,.F.,.F.,(3,3),(0.,1.),.PIECEWISE_BEZIER_KNOTS.);
#15614 = CARTESIAN_POINT('',(10.467397135417,2.758999888102));
#15615 = CARTESIAN_POINT('',(10.467397135417,3.388198455811));
#15616 = CARTESIAN_POINT('',(10.155,3.388198455811));
#15617 = ( GEOMETRIC_REPRESENTATION_CONTEXT(2) 
PARAMETRIC_REPRESENTATION_CONTEXT() REPRESENTATION_CONTEXT('2D SPACE',''
  ) );
#15618 = ADVANCED_FACE('',(#15619),#15441,.T.);
#15619 = FACE_BOUND('',#15620,.T.);
#15620 = EDGE_LOOP('',(#15621,#15622,#15623,#15646));
#15621 = ORIENTED_EDGE('',*,*,#15570,.T.);
#15622 = ORIENTED_EDGE('',*,*,#15425,.T.);
#15623 = ORIENTED_EDGE('',*,*,#15624,.F.);
#15624 = EDGE_CURVE('',#15625,#15426,#15627,.T.);
#15625 = VERTEX_POINT('',#15626);
#15626 = CARTESIAN_POINT('',(0.292602864583,0.202397023519,20.8));
#15627 = SURFACE_CURVE('',#15628,(#15632,#15639),.PCURVE_S1.);
#15628 = LINE('',#15629,#15630);
#15629 = CARTESIAN_POINT('',(0.292602864583,0.202397023519,20.8));
#15630 = VECTOR('',#15631,1.);
#15631 = DIRECTION('',(-0.,-0.,-1.));
#15632 = PCURVE('',#15441,#15633);
#15633 = DEFINITIONAL_REPRESENTATION('',(#15634),#15638);
#15634 = LINE('',#15635,#15636);
#15635 = CARTESIAN_POINT('',(1.,0.));
#15636 = VECTOR('',#15637,1.);
#15637 = DIRECTION('',(0.,-1.));
#15638 = ( GEOMETRIC_REPRESENTATION_CONTEXT(2) 
PARAMETRIC_REPRESENTATION_CONTEXT() REPRESENTATION_CONTEXT('2D SPACE',''
  ) );
#15639 = PCURVE('',#15471,#15640);
#15640 = DEFINITIONAL_REPRESENTATION('',(#15641),#15645);
#15641 = LINE('',#15642,#15643);
#15642 = CARTESIAN_POINT('',(0.,0.));
#15643 = VECTOR('',#15644,1.);
#15644 = DIRECTION('',(0.,-1.));
#15645 = ( GEOMETRIC_REPRESENTATION_CONTEXT(2) 
PARAMETRIC_REPRESENTATION_CONTEXT() REPRESENTATION_CONTEXT('2D SPACE',''
  ) );
#15646 = ORIENTED_EDGE('',*,*,#15647,.F.);
#15647 = EDGE_CURVE('',#15571,#15625,#15648,.T.);
#15648 = SURFACE_CURVE('',#15649,(#15653,#15660),.PCURVE_S1.);
#15649 = B_SPLINE_CURVE_WITH_KNOTS('',2,(#15650,#15651,#15652),
  .UNSPECIFIED.,.F.,.F.,(3,3),(0.,1.),.PIECEWISE_BEZIER_KNOTS.);
#15650 = CARTESIAN_POINT('',(0.605,0.838198455811,20.8));
#15651 = CARTESIAN_POINT('',(0.292602864583,0.838198455811,20.8));
#15652 = CARTESIAN_POINT('',(0.292602864583,0.202397023519,20.8));
#15653 = PCURVE('',#15441,#15654);
#15654 = DEFINITIONAL_REPRESENTATION('',(#15655),#15659);
#15655 = LINE('',#15656,#15657);
#15656 = CARTESIAN_POINT('',(0.,0.));
#15657 = VECTOR('',#15658,1.);
#15658 = DIRECTION('',(1.,0.));
#15659 = ( GEOMETRIC_REPRESENTATION_CONTEXT(2) 
PARAMETRIC_REPRESENTATION_CONTEXT() REPRESENTATION_CONTEXT('2D SPACE',''
  ) );
#15660 = PCURVE('',#15607,#15661);
#15661 = DEFINITIONAL_REPRESENTATION('',(#15662),#15666);
#15662 = B_SPLINE_CURVE_WITH_KNOTS('',2,(#15663,#15664,#15665),
  .UNSPECIFIED.,.F.,.F.,(3,3),(0.,1.),.PIECEWISE_BEZIER_KNOTS.);
#15663 = CARTESIAN_POINT('',(10.155,3.388198455811));
#15664 = CARTESIAN_POINT('',(9.842602864583,3.388198455811));
#15665 = CARTESIAN_POINT('',(9.842602864583,2.752397023519));
#15666 = ( GEOMETRIC_REPRESENTATION_CONTEXT(2) 
PARAMETRIC_REPRESENTATION_CONTEXT() REPRESENTATION_CONTEXT('2D SPACE',''
  ) );
#15667 = ADVANCED_FACE('',(#15668),#15471,.T.);
#15668 = FACE_BOUND('',#15669,.T.);
#15669 = EDGE_LOOP('',(#15670,#15671,#15672,#15695));
#15670 = ORIENTED_EDGE('',*,*,#15624,.T.);
#15671 = ORIENTED_EDGE('',*,*,#15455,.T.);
#15672 = ORIENTED_EDGE('',*,*,#15673,.F.);
#15673 = EDGE_CURVE('',#15674,#15456,#15676,.T.);
#15674 = VERTEX_POINT('',#15675);
#15675 = CARTESIAN_POINT('',(0.600602864583,-0.440000111898,20.8));
#15676 = SURFACE_CURVE('',#15677,(#15681,#15688),.PCURVE_S1.);
#15677 = LINE('',#15678,#15679);
#15678 = CARTESIAN_POINT('',(0.600602864583,-0.440000111898,20.8));
#15679 = VECTOR('',#15680,1.);
#15680 = DIRECTION('',(-0.,-0.,-1.));
#15681 = PCURVE('',#15471,#15682);
#15682 = DEFINITIONAL_REPRESENTATION('',(#15683),#15687);
#15683 = LINE('',#15684,#15685);
#15684 = CARTESIAN_POINT('',(1.,0.));
#15685 = VECTOR('',#15686,1.);
#15686 = DIRECTION('',(0.,-1.));
#15687 = ( GEOMETRIC_REPRESENTATION_CONTEXT(2) 
PARAMETRIC_REPRESENTATION_CONTEXT() REPRESENTATION_CONTEXT('2D SPACE',''
  ) );
#15688 = PCURVE('',#15501,#15689);
#15689 = DEFINITIONAL_REPRESENTATION('',(#15690),#15694);
#15690 = LINE('',#15691,#15692);
#15691 = CARTESIAN_POINT('',(0.,0.));
#15692 = VECTOR('',#15693,1.);
#15693 = DIRECTION('',(0.,-1.));
#15694 = ( GEOMETRIC_REPRESENTATION_CONTEXT(2) 
PARAMETRIC_REPRESENTATION_CONTEXT() REPRESENTATION_CONTEXT('2D SPACE',''
  ) );
#15695 = ORIENTED_EDGE('',*,*,#15696,.F.);
#15696 = EDGE_CURVE('',#15625,#15674,#15697,.T.);
#15697 = SURFACE_CURVE('',#15698,(#15702,#15709),.PCURVE_S1.);
#15698 = B_SPLINE_CURVE_WITH_KNOTS('',2,(#15699,#15700,#15701),
  .UNSPECIFIED.,.F.,.F.,(3,3),(0.,1.),.PIECEWISE_BEZIER_KNOTS.);
#15699 = CARTESIAN_POINT('',(0.292602864583,0.202397023519,20.8));
#15700 = CARTESIAN_POINT('',(0.292602864583,-0.440000111898,20.8));
#15701 = CARTESIAN_POINT('',(0.600602864583,-0.440000111898,20.8));
#15702 = PCURVE('',#15471,#15703);
#15703 = DEFINITIONAL_REPRESENTATION('',(#15704),#15708);
#15704 = LINE('',#15705,#15706);
#15705 = CARTESIAN_POINT('',(0.,0.));
#15706 = VECTOR('',#15707,1.);
#15707 = DIRECTION('',(1.,0.));
#15708 = ( GEOMETRIC_REPRESENTATION_CONTEXT(2) 
PARAMETRIC_REPRESENTATION_CONTEXT() REPRESENTATION_CONTEXT('2D SPACE',''
  ) );
#15709 = PCURVE('',#15607,#15710);
#15710 = DEFINITIONAL_REPRESENTATION('',(#15711),#15715);
#15711 = B_SPLINE_CURVE_WITH_KNOTS('',2,(#15712,#15713,#15714),
  .UNSPECIFIED.,.F.,.F.,(3,3),(0.,1.),.PIECEWISE_BEZIER_KNOTS.);
#15712 = CARTESIAN_POINT('',(9.842602864583,2.752397023519));
#15713 = CARTESIAN_POINT('',(9.842602864583,2.109999888102));
#15714 = CARTESIAN_POINT('',(10.150602864583,2.109999888102));
#15715 = ( GEOMETRIC_REPRESENTATION_CONTEXT(2) 
PARAMETRIC_REPRESENTATION_CONTEXT() REPRESENTATION_CONTEXT('2D SPACE',''
  ) );
#15716 = ADVANCED_FACE('',(#15717),#15501,.T.);
#15717 = FACE_BOUND('',#15718,.T.);
#15718 = EDGE_LOOP('',(#15719,#15720,#15721,#15744));
#15719 = ORIENTED_EDGE('',*,*,#15673,.T.);
#15720 = ORIENTED_EDGE('',*,*,#15485,.T.);
#15721 = ORIENTED_EDGE('',*,*,#15722,.F.);
#15722 = EDGE_CURVE('',#15723,#15486,#15725,.T.);
#15723 = VERTEX_POINT('',#15724);
#15724 = CARTESIAN_POINT('',(0.840397135417,-0.281599395752,20.8));
#15725 = SURFACE_CURVE('',#15726,(#15730,#15737),.PCURVE_S1.);
#15726 = LINE('',#15727,#15728);
#15727 = CARTESIAN_POINT('',(0.840397135417,-0.281599395752,20.8));
#15728 = VECTOR('',#15729,1.);
#15729 = DIRECTION('',(-0.,-0.,-1.));
#15730 = PCURVE('',#15501,#15731);
#15731 = DEFINITIONAL_REPRESENTATION('',(#15732),#15736);
#15732 = LINE('',#15733,#15734);
#15733 = CARTESIAN_POINT('',(1.,0.));
#15734 = VECTOR('',#15735,1.);
#15735 = DIRECTION('',(0.,-1.));
#15736 = ( GEOMETRIC_REPRESENTATION_CONTEXT(2) 
PARAMETRIC_REPRESENTATION_CONTEXT() REPRESENTATION_CONTEXT('2D SPACE',''
  ) );
#15737 = PCURVE('',#15529,#15738);
#15738 = DEFINITIONAL_REPRESENTATION('',(#15739),#15743);
#15739 = LINE('',#15740,#15741);
#15740 = CARTESIAN_POINT('',(0.,0.));
#15741 = VECTOR('',#15742,1.);
#15742 = DIRECTION('',(0.,-1.));
#15743 = ( GEOMETRIC_REPRESENTATION_CONTEXT(2) 
PARAMETRIC_REPRESENTATION_CONTEXT() REPRESENTATION_CONTEXT('2D SPACE',''
  ) );
#15744 = ORIENTED_EDGE('',*,*,#15745,.F.);
#15745 = EDGE_CURVE('',#15674,#15723,#15746,.T.);
#15746 = SURFACE_CURVE('',#15747,(#15751,#15758),.PCURVE_S1.);
#15747 = B_SPLINE_CURVE_WITH_KNOTS('',2,(#15748,#15749,#15750),
  .UNSPECIFIED.,.F.,.F.,(3,3),(0.,1.),.PIECEWISE_BEZIER_KNOTS.);
#15748 = CARTESIAN_POINT('',(0.600602864583,-0.440000111898,20.8));
#15749 = CARTESIAN_POINT('',(0.763397135417,-0.440000111898,20.8));
#15750 = CARTESIAN_POINT('',(0.840397135417,-0.281599395752,20.8));
#15751 = PCURVE('',#15501,#15752);
#15752 = DEFINITIONAL_REPRESENTATION('',(#15753),#15757);
#15753 = LINE('',#15754,#15755);
#15754 = CARTESIAN_POINT('',(0.,0.));
#15755 = VECTOR('',#15756,1.);
#15756 = DIRECTION('',(1.,0.));
#15757 = ( GEOMETRIC_REPRESENTATION_CONTEXT(2) 
PARAMETRIC_REPRESENTATION_CONTEXT() REPRESENTATION_CONTEXT('2D SPACE',''
  ) );
#15758 = PCURVE('',#15607,#15759);
#15759 = DEFINITIONAL_REPRESENTATION('',(#15760),#15764);
#15760 = B_SPLINE_CURVE_WITH_KNOTS('',2,(#15761,#15762,#15763),
  .UNSPECIFIED.,.F.,.F.,(3,3),(0.,1.),.PIECEWISE_BEZIER_KNOTS.);
#15761 = CARTESIAN_POINT('',(10.150602864583,2.109999888102));
#15762 = CARTESIAN_POINT('',(10.313397135417,2.109999888102));
#15763 = CARTESIAN_POINT('',(10.390397135417,2.268400604248));
#15764 = ( GEOMETRIC_REPRESENTATION_CONTEXT(2) 
PARAMETRIC_REPRESENTATION_CONTEXT() REPRESENTATION_CONTEXT('2D SPACE',''
  ) );
#15765 = ADVANCED_FACE('',(#15766),#15529,.T.);
#15766 = FACE_BOUND('',#15767,.T.);
#15767 = EDGE_LOOP('',(#15768,#15769,#15770,#15771));
#15768 = ORIENTED_EDGE('',*,*,#15722,.T.);
#15769 = ORIENTED_EDGE('',*,*,#15515,.T.);
#15770 = ORIENTED_EDGE('',*,*,#15546,.F.);
#15771 = ORIENTED_EDGE('',*,*,#15772,.F.);
#15772 = EDGE_CURVE('',#15723,#15547,#15773,.T.);
#15773 = SURFACE_CURVE('',#15774,(#15778,#15785),.PCURVE_S1.);
#15774 = B_SPLINE_CURVE_WITH_KNOTS('',2,(#15775,#15776,#15777),
  .UNSPECIFIED.,.F.,.F.,(3,3),(0.,1.),.PIECEWISE_BEZIER_KNOTS.);
#15775 = CARTESIAN_POINT('',(0.840397135417,-0.281599395752,20.8));
#15776 = CARTESIAN_POINT('',(0.917397135417,-0.123198679606,20.8));
#15777 = CARTESIAN_POINT('',(0.917397135417,0.208999888102,20.8));
#15778 = PCURVE('',#15529,#15779);
#15779 = DEFINITIONAL_REPRESENTATION('',(#15780),#15784);
#15780 = LINE('',#15781,#15782);
#15781 = CARTESIAN_POINT('',(0.,0.));
#15782 = VECTOR('',#15783,1.);
#15783 = DIRECTION('',(1.,0.));
#15784 = ( GEOMETRIC_REPRESENTATION_CONTEXT(2) 
PARAMETRIC_REPRESENTATION_CONTEXT() REPRESENTATION_CONTEXT('2D SPACE',''
  ) );
#15785 = PCURVE('',#15607,#15786);
#15786 = DEFINITIONAL_REPRESENTATION('',(#15787),#15791);
#15787 = B_SPLINE_CURVE_WITH_KNOTS('',2,(#15788,#15789,#15790),
  .UNSPECIFIED.,.F.,.F.,(3,3),(0.,1.),.PIECEWISE_BEZIER_KNOTS.);
#15788 = CARTESIAN_POINT('',(10.390397135417,2.268400604248));
#15789 = CARTESIAN_POINT('',(10.467397135417,2.426801320394));
#15790 = CARTESIAN_POINT('',(10.467397135417,2.758999888102));
#15791 = ( GEOMETRIC_REPRESENTATION_CONTEXT(2) 
PARAMETRIC_REPRESENTATION_CONTEXT() REPRESENTATION_CONTEXT('2D SPACE',''
  ) );
#15792 = ADVANCED_FACE('',(#15793),#15607,.T.);
#15793 = FACE_BOUND('',#15794,.T.);
#15794 = EDGE_LOOP('',(#15795,#15796,#15797,#15798,#15799));
#15795 = ORIENTED_EDGE('',*,*,#15772,.T.);
#15796 = ORIENTED_EDGE('',*,*,#15593,.T.);
#15797 = ORIENTED_EDGE('',*,*,#15647,.T.);
#15798 = ORIENTED_EDGE('',*,*,#15696,.T.);
#15799 = ORIENTED_EDGE('',*,*,#15745,.T.);
#15800 = ( GEOMETRIC_REPRESENTATION_CONTEXT(3) 
GLOBAL_UNCERTAINTY_ASSIGNED_CONTEXT((#15804)) 
GLOBAL_UNIT_ASSIGNED_CONTEXT((#15801,#15802,#15803)) 
REPRESENTATION_CONTEXT('Context #1',
  '3D Context with UNIT and UNCERTAINTY') );
#15801 = ( LENGTH_UNIT() NAMED_UNIT(*) SI_UNIT(.MILLI.,.METRE.) );
#15802 = ( NAMED_UNIT(*) PLANE_ANGLE_UNIT() SI_UNIT($,.RADIAN.) );
#15803 = ( NAMED_UNIT(*) SI_UNIT($,.STERADIAN.) SOLID_ANGLE_UNIT() );
#15804 = UNCERTAINTY_MEASURE_WITH_UNIT(LENGTH_MEASURE(1.E-07),#15801,
  'distance_accuracy_value','confusion accuracy');
#15805 = CONTEXT_DEPENDENT_SHAPE_REPRESENTATION(#15806,#15808);
#15806 = ( REPRESENTATION_RELATIONSHIP('','',#8607,#10) 
REPRESENTATION_RELATIONSHIP_WITH_TRANSFORMATION(#15807) 
SHAPE_REPRESENTATION_RELATIONSHIP() );
#15807 = ITEM_DEFINED_TRANSFORMATION('','',#11,#27);
#15808 = PRODUCT_DEFINITION_SHAPE('Placement','Placement of an item',
  #15809);
#15809 = NEXT_ASSEMBLY_USAGE_OCCURRENCE('4','fuse_housing_10A','',#5,
  #8602,$);
#15810 = PRODUCT_RELATED_PRODUCT_CATEGORY('part',$,(#8604));
#15811 = SHAPE_DEFINITION_REPRESENTATION(#15812,#15818);
#15812 = PRODUCT_DEFINITION_SHAPE('','',#15813);
#15813 = PRODUCT_DEFINITION('design','',#15814,#15817);
#15814 = PRODUCT_DEFINITION_FORMATION('','',#15815);
#15815 = PRODUCT('fuse_blades','fuse_blades','',(#15816));
#15816 = PRODUCT_CONTEXT('',#2,'mechanical');
#15817 = PRODUCT_DEFINITION_CONTEXT('part definition',#2,'design');
#15818 = SHAPE_REPRESENTATION('',(#11,#15819,#16305),#16791);
#15819 = MANIFOLD_SOLID_BREP('',#15820);
#15820 = CLOSED_SHELL('',(#15821,#15941,#16073,#16122,#16171,#16244,
    #16271,#16298));
#15821 = ADVANCED_FACE('',(#15822),#15836,.F.);
#15822 = FACE_BOUND('',#15823,.F.);
#15823 = EDGE_LOOP('',(#15824,#15859,#15887,#15915));
#15824 = ORIENTED_EDGE('',*,*,#15825,.F.);
#15825 = EDGE_CURVE('',#15826,#15828,#15830,.T.);
#15826 = VERTEX_POINT('',#15827);
#15827 = CARTESIAN_POINT('',(-7.25,-0.35,2.6));
#15828 = VERTEX_POINT('',#15829);
#15829 = CARTESIAN_POINT('',(-7.25,-0.35,19.9));
#15830 = SURFACE_CURVE('',#15831,(#15835,#15847),.PCURVE_S1.);
#15831 = LINE('',#15832,#15833);
#15832 = CARTESIAN_POINT('',(-7.25,-0.35,2.));
#15833 = VECTOR('',#15834,1.);
#15834 = DIRECTION('',(0.,0.,1.));
#15835 = PCURVE('',#15836,#15841);
#15836 = PLANE('',#15837);
#15837 = AXIS2_PLACEMENT_3D('',#15838,#15839,#15840);
#15838 = CARTESIAN_POINT('',(-7.25,-0.35,2.));
#15839 = DIRECTION('',(1.,0.,0.));
#15840 = DIRECTION('',(0.,0.,1.));
#15841 = DEFINITIONAL_REPRESENTATION('',(#15842),#15846);
#15842 = LINE('',#15843,#15844);
#15843 = CARTESIAN_POINT('',(0.,0.));
#15844 = VECTOR('',#15845,1.);
#15845 = DIRECTION('',(1.,0.));
#15846 = ( GEOMETRIC_REPRESENTATION_CONTEXT(2) 
PARAMETRIC_REPRESENTATION_CONTEXT() REPRESENTATION_CONTEXT('2D SPACE',''
  ) );
#15847 = PCURVE('',#15848,#15853);
#15848 = PLANE('',#15849);
#15849 = AXIS2_PLACEMENT_3D('',#15850,#15851,#15852);
#15850 = CARTESIAN_POINT('',(-7.25,-0.35,2.));
#15851 = DIRECTION('',(0.,1.,0.));
#15852 = DIRECTION('',(0.,0.,1.));
#15853 = DEFINITIONAL_REPRESENTATION('',(#15854),#15858);
#15854 = LINE('',#15855,#15856);
#15855 = CARTESIAN_POINT('',(0.,0.));
#15856 = VECTOR('',#15857,1.);
#15857 = DIRECTION('',(1.,0.));
#15858 = ( GEOMETRIC_REPRESENTATION_CONTEXT(2) 
PARAMETRIC_REPRESENTATION_CONTEXT() REPRESENTATION_CONTEXT('2D SPACE',''
  ) );
#15859 = ORIENTED_EDGE('',*,*,#15860,.T.);
#15860 = EDGE_CURVE('',#15826,#15861,#15863,.T.);
#15861 = VERTEX_POINT('',#15862);
#15862 = CARTESIAN_POINT('',(-7.25,0.35,2.6));
#15863 = SURFACE_CURVE('',#15864,(#15868,#15875),.PCURVE_S1.);
#15864 = LINE('',#15865,#15866);
#15865 = CARTESIAN_POINT('',(-7.25,-0.35,2.6));
#15866 = VECTOR('',#15867,1.);
#15867 = DIRECTION('',(0.,1.,0.));
#15868 = PCURVE('',#15836,#15869);
#15869 = DEFINITIONAL_REPRESENTATION('',(#15870),#15874);
#15870 = LINE('',#15871,#15872);
#15871 = CARTESIAN_POINT('',(0.6,0.));
#15872 = VECTOR('',#15873,1.);
#15873 = DIRECTION('',(0.,-1.));
#15874 = ( GEOMETRIC_REPRESENTATION_CONTEXT(2) 
PARAMETRIC_REPRESENTATION_CONTEXT() REPRESENTATION_CONTEXT('2D SPACE',''
  ) );
#15875 = PCURVE('',#15876,#15881);
#15876 = PLANE('',#15877);
#15877 = AXIS2_PLACEMENT_3D('',#15878,#15879,#15880);
#15878 = CARTESIAN_POINT('',(-6.95,-0.35,2.3));
#15879 = DIRECTION('',(-0.707106781187,0.,-0.707106781187));
#15880 = DIRECTION('',(0.,1.,0.));
#15881 = DEFINITIONAL_REPRESENTATION('',(#15882),#15886);
#15882 = LINE('',#15883,#15884);
#15883 = CARTESIAN_POINT('',(0.,-0.424264068712));
#15884 = VECTOR('',#15885,1.);
#15885 = DIRECTION('',(1.,0.));
#15886 = ( GEOMETRIC_REPRESENTATION_CONTEXT(2) 
PARAMETRIC_REPRESENTATION_CONTEXT() REPRESENTATION_CONTEXT('2D SPACE',''
  ) );
#15887 = ORIENTED_EDGE('',*,*,#15888,.T.);
#15888 = EDGE_CURVE('',#15861,#15889,#15891,.T.);
#15889 = VERTEX_POINT('',#15890);
#15890 = CARTESIAN_POINT('',(-7.25,0.35,19.9));
#15891 = SURFACE_CURVE('',#15892,(#15896,#15903),.PCURVE_S1.);
#15892 = LINE('',#15893,#15894);
#15893 = CARTESIAN_POINT('',(-7.25,0.35,2.));
#15894 = VECTOR('',#15895,1.);
#15895 = DIRECTION('',(0.,0.,1.));
#15896 = PCURVE('',#15836,#15897);
#15897 = DEFINITIONAL_REPRESENTATION('',(#15898),#15902);
#15898 = LINE('',#15899,#15900);
#15899 = CARTESIAN_POINT('',(0.,-0.7));
#15900 = VECTOR('',#15901,1.);
#15901 = DIRECTION('',(1.,0.));
#15902 = ( GEOMETRIC_REPRESENTATION_CONTEXT(2) 
PARAMETRIC_REPRESENTATION_CONTEXT() REPRESENTATION_CONTEXT('2D SPACE',''
  ) );
#15903 = PCURVE('',#15904,#15909);
#15904 = PLANE('',#15905);
#15905 = AXIS2_PLACEMENT_3D('',#15906,#15907,#15908);
#15906 = CARTESIAN_POINT('',(-7.25,0.35,2.));
#15907 = DIRECTION('',(0.,1.,0.));
#15908 = DIRECTION('',(0.,0.,1.));
#15909 = DEFINITIONAL_REPRESENTATION('',(#15910),#15914);
#15910 = LINE('',#15911,#15912);
#15911 = CARTESIAN_POINT('',(0.,0.));
#15912 = VECTOR('',#15913,1.);
#15913 = DIRECTION('',(1.,0.));
#15914 = ( GEOMETRIC_REPRESENTATION_CONTEXT(2) 
PARAMETRIC_REPRESENTATION_CONTEXT() REPRESENTATION_CONTEXT('2D SPACE',''
  ) );
#15915 = ORIENTED_EDGE('',*,*,#15916,.F.);
#15916 = EDGE_CURVE('',#15828,#15889,#15917,.T.);
#15917 = SURFACE_CURVE('',#15918,(#15922,#15929),.PCURVE_S1.);
#15918 = LINE('',#15919,#15920);
#15919 = CARTESIAN_POINT('',(-7.25,-0.35,19.9));
#15920 = VECTOR('',#15921,1.);
#15921 = DIRECTION('',(0.,1.,0.));
#15922 = PCURVE('',#15836,#15923);
#15923 = DEFINITIONAL_REPRESENTATION('',(#15924),#15928);
#15924 = LINE('',#15925,#15926);
#15925 = CARTESIAN_POINT('',(17.9,0.));
#15926 = VECTOR('',#15927,1.);
#15927 = DIRECTION('',(0.,-1.));
#15928 = ( GEOMETRIC_REPRESENTATION_CONTEXT(2) 
PARAMETRIC_REPRESENTATION_CONTEXT() REPRESENTATION_CONTEXT('2D SPACE',''
  ) );
#15929 = PCURVE('',#15930,#15935);
#15930 = PLANE('',#15931);
#15931 = AXIS2_PLACEMENT_3D('',#15932,#15933,#15934);
#15932 = CARTESIAN_POINT('',(-7.25,-0.35,19.9));
#15933 = DIRECTION('',(0.,0.,1.));
#15934 = DIRECTION('',(1.,0.,0.));
#15935 = DEFINITIONAL_REPRESENTATION('',(#15936),#15940);
#15936 = LINE('',#15937,#15938);
#15937 = CARTESIAN_POINT('',(0.,0.));
#15938 = VECTOR('',#15939,1.);
#15939 = DIRECTION('',(0.,1.));
#15940 = ( GEOMETRIC_REPRESENTATION_CONTEXT(2) 
PARAMETRIC_REPRESENTATION_CONTEXT() REPRESENTATION_CONTEXT('2D SPACE',''
  ) );
#15941 = ADVANCED_FACE('',(#15942),#15848,.F.);
#15942 = FACE_BOUND('',#15943,.F.);
#15943 = EDGE_LOOP('',(#15944,#15974,#15995,#15996,#16019,#16047));
#15944 = ORIENTED_EDGE('',*,*,#15945,.F.);
#15945 = EDGE_CURVE('',#15946,#15948,#15950,.T.);
#15946 = VERTEX_POINT('',#15947);
#15947 = CARTESIAN_POINT('',(-6.65,-0.35,2.));
#15948 = VERTEX_POINT('',#15949);
#15949 = CARTESIAN_POINT('',(-2.65,-0.35,2.));
#15950 = SURFACE_CURVE('',#15951,(#15955,#15962),.PCURVE_S1.);
#15951 = LINE('',#15952,#15953);
#15952 = CARTESIAN_POINT('',(-7.25,-0.35,2.));
#15953 = VECTOR('',#15954,1.);
#15954 = DIRECTION('',(1.,0.,0.));
#15955 = PCURVE('',#15848,#15956);
#15956 = DEFINITIONAL_REPRESENTATION('',(#15957),#15961);
#15957 = LINE('',#15958,#15959);
#15958 = CARTESIAN_POINT('',(0.,0.));
#15959 = VECTOR('',#15960,1.);
#15960 = DIRECTION('',(0.,1.));
#15961 = ( GEOMETRIC_REPRESENTATION_CONTEXT(2) 
PARAMETRIC_REPRESENTATION_CONTEXT() REPRESENTATION_CONTEXT('2D SPACE',''
  ) );
#15962 = PCURVE('',#15963,#15968);
#15963 = PLANE('',#15964);
#15964 = AXIS2_PLACEMENT_3D('',#15965,#15966,#15967);
#15965 = CARTESIAN_POINT('',(-7.25,-0.35,2.));
#15966 = DIRECTION('',(0.,0.,1.));
#15967 = DIRECTION('',(1.,0.,0.));
#15968 = DEFINITIONAL_REPRESENTATION('',(#15969),#15973);
#15969 = LINE('',#15970,#15971);
#15970 = CARTESIAN_POINT('',(0.,0.));
#15971 = VECTOR('',#15972,1.);
#15972 = DIRECTION('',(1.,0.));
#15973 = ( GEOMETRIC_REPRESENTATION_CONTEXT(2) 
PARAMETRIC_REPRESENTATION_CONTEXT() REPRESENTATION_CONTEXT('2D SPACE',''
  ) );
#15974 = ORIENTED_EDGE('',*,*,#15975,.F.);
#15975 = EDGE_CURVE('',#15826,#15946,#15976,.T.);
#15976 = SURFACE_CURVE('',#15977,(#15981,#15988),.PCURVE_S1.);
#15977 = LINE('',#15978,#15979);
#15978 = CARTESIAN_POINT('',(-6.95,-0.35,2.3));
#15979 = VECTOR('',#15980,1.);
#15980 = DIRECTION('',(0.707106781187,0.,-0.707106781187));
#15981 = PCURVE('',#15848,#15982);
#15982 = DEFINITIONAL_REPRESENTATION('',(#15983),#15987);
#15983 = LINE('',#15984,#15985);
#15984 = CARTESIAN_POINT('',(0.3,0.3));
#15985 = VECTOR('',#15986,1.);
#15986 = DIRECTION('',(-0.707106781187,0.707106781187));
#15987 = ( GEOMETRIC_REPRESENTATION_CONTEXT(2) 
PARAMETRIC_REPRESENTATION_CONTEXT() REPRESENTATION_CONTEXT('2D SPACE',''
  ) );
#15988 = PCURVE('',#15876,#15989);
#15989 = DEFINITIONAL_REPRESENTATION('',(#15990),#15994);
#15990 = LINE('',#15991,#15992);
#15991 = CARTESIAN_POINT('',(0.,0.));
#15992 = VECTOR('',#15993,1.);
#15993 = DIRECTION('',(0.,1.));
#15994 = ( GEOMETRIC_REPRESENTATION_CONTEXT(2) 
PARAMETRIC_REPRESENTATION_CONTEXT() REPRESENTATION_CONTEXT('2D SPACE',''
  ) );
#15995 = ORIENTED_EDGE('',*,*,#15825,.T.);
#15996 = ORIENTED_EDGE('',*,*,#15997,.T.);
#15997 = EDGE_CURVE('',#15828,#15998,#16000,.T.);
#15998 = VERTEX_POINT('',#15999);
#15999 = CARTESIAN_POINT('',(-2.05,-0.35,19.9));
#16000 = SURFACE_CURVE('',#16001,(#16005,#16012),.PCURVE_S1.);
#16001 = LINE('',#16002,#16003);
#16002 = CARTESIAN_POINT('',(-7.25,-0.35,19.9));
#16003 = VECTOR('',#16004,1.);
#16004 = DIRECTION('',(1.,0.,0.));
#16005 = PCURVE('',#15848,#16006);
#16006 = DEFINITIONAL_REPRESENTATION('',(#16007),#16011);
#16007 = LINE('',#16008,#16009);
#16008 = CARTESIAN_POINT('',(17.9,0.));
#16009 = VECTOR('',#16010,1.);
#16010 = DIRECTION('',(0.,1.));
#16011 = ( GEOMETRIC_REPRESENTATION_CONTEXT(2) 
PARAMETRIC_REPRESENTATION_CONTEXT() REPRESENTATION_CONTEXT('2D SPACE',''
  ) );
#16012 = PCURVE('',#15930,#16013);
#16013 = DEFINITIONAL_REPRESENTATION('',(#16014),#16018);
#16014 = LINE('',#16015,#16016);
#16015 = CARTESIAN_POINT('',(0.,0.));
#16016 = VECTOR('',#16017,1.);
#16017 = DIRECTION('',(1.,0.));
#16018 = ( GEOMETRIC_REPRESENTATION_CONTEXT(2) 
PARAMETRIC_REPRESENTATION_CONTEXT() REPRESENTATION_CONTEXT('2D SPACE',''
  ) );
#16019 = ORIENTED_EDGE('',*,*,#16020,.F.);
#16020 = EDGE_CURVE('',#16021,#15998,#16023,.T.);
#16021 = VERTEX_POINT('',#16022);
#16022 = CARTESIAN_POINT('',(-2.05,-0.35,2.6));
#16023 = SURFACE_CURVE('',#16024,(#16028,#16035),.PCURVE_S1.);
#16024 = LINE('',#16025,#16026);
#16025 = CARTESIAN_POINT('',(-2.05,-0.35,2.));
#16026 = VECTOR('',#16027,1.);
#16027 = DIRECTION('',(0.,0.,1.));
#16028 = PCURVE('',#15848,#16029);
#16029 = DEFINITIONAL_REPRESENTATION('',(#16030),#16034);
#16030 = LINE('',#16031,#16032);
#16031 = CARTESIAN_POINT('',(0.,5.2));
#16032 = VECTOR('',#16033,1.);
#16033 = DIRECTION('',(1.,0.));
#16034 = ( GEOMETRIC_REPRESENTATION_CONTEXT(2) 
PARAMETRIC_REPRESENTATION_CONTEXT() REPRESENTATION_CONTEXT('2D SPACE',''
  ) );
#16035 = PCURVE('',#16036,#16041);
#16036 = PLANE('',#16037);
#16037 = AXIS2_PLACEMENT_3D('',#16038,#16039,#16040);
#16038 = CARTESIAN_POINT('',(-2.05,-0.35,2.));
#16039 = DIRECTION('',(1.,0.,0.));
#16040 = DIRECTION('',(0.,0.,1.));
#16041 = DEFINITIONAL_REPRESENTATION('',(#16042),#16046);
#16042 = LINE('',#16043,#16044);
#16043 = CARTESIAN_POINT('',(0.,0.));
#16044 = VECTOR('',#16045,1.);
#16045 = DIRECTION('',(1.,0.));
#16046 = ( GEOMETRIC_REPRESENTATION_CONTEXT(2) 
PARAMETRIC_REPRESENTATION_CONTEXT() REPRESENTATION_CONTEXT('2D SPACE',''
  ) );
#16047 = ORIENTED_EDGE('',*,*,#16048,.T.);
#16048 = EDGE_CURVE('',#16021,#15948,#16049,.T.);
#16049 = SURFACE_CURVE('',#16050,(#16054,#16061),.PCURVE_S1.);
#16050 = LINE('',#16051,#16052);
#16051 = CARTESIAN_POINT('',(-3.65,-0.35,1.));
#16052 = VECTOR('',#16053,1.);
#16053 = DIRECTION('',(-0.707106781187,0.,-0.707106781187));
#16054 = PCURVE('',#15848,#16055);
#16055 = DEFINITIONAL_REPRESENTATION('',(#16056),#16060);
#16056 = LINE('',#16057,#16058);
#16057 = CARTESIAN_POINT('',(-1.,3.6));
#16058 = VECTOR('',#16059,1.);
#16059 = DIRECTION('',(-0.707106781187,-0.707106781187));
#16060 = ( GEOMETRIC_REPRESENTATION_CONTEXT(2) 
PARAMETRIC_REPRESENTATION_CONTEXT() REPRESENTATION_CONTEXT('2D SPACE',''
  ) );
#16061 = PCURVE('',#16062,#16067);
#16062 = PLANE('',#16063);
#16063 = AXIS2_PLACEMENT_3D('',#16064,#16065,#16066);
#16064 = CARTESIAN_POINT('',(-2.35,-0.35,2.3));
#16065 = DIRECTION('',(-0.707106781187,6.963829119075E-18,0.707106781187
    ));
#16066 = DIRECTION('',(4.924170793122E-18,1.,-4.924170793122E-18));
#16067 = DEFINITIONAL_REPRESENTATION('',(#16068),#16072);
#16068 = LINE('',#16069,#16070);
#16069 = CARTESIAN_POINT('',(-7.703719777549E-34,1.838477631085));
#16070 = VECTOR('',#16071,1.);
#16071 = DIRECTION('',(0.,1.));
#16072 = ( GEOMETRIC_REPRESENTATION_CONTEXT(2) 
PARAMETRIC_REPRESENTATION_CONTEXT() REPRESENTATION_CONTEXT('2D SPACE',''
  ) );
#16073 = ADVANCED_FACE('',(#16074),#15876,.T.);
#16074 = FACE_BOUND('',#16075,.T.);
#16075 = EDGE_LOOP('',(#16076,#16077,#16078,#16101));
#16076 = ORIENTED_EDGE('',*,*,#15975,.F.);
#16077 = ORIENTED_EDGE('',*,*,#15860,.T.);
#16078 = ORIENTED_EDGE('',*,*,#16079,.T.);
#16079 = EDGE_CURVE('',#15861,#16080,#16082,.T.);
#16080 = VERTEX_POINT('',#16081);
#16081 = CARTESIAN_POINT('',(-6.65,0.35,2.));
#16082 = SURFACE_CURVE('',#16083,(#16087,#16094),.PCURVE_S1.);
#16083 = LINE('',#16084,#16085);
#16084 = CARTESIAN_POINT('',(-6.95,0.35,2.3));
#16085 = VECTOR('',#16086,1.);
#16086 = DIRECTION('',(0.707106781187,0.,-0.707106781187));
#16087 = PCURVE('',#15876,#16088);
#16088 = DEFINITIONAL_REPRESENTATION('',(#16089),#16093);
#16089 = LINE('',#16090,#16091);
#16090 = CARTESIAN_POINT('',(0.7,0.));
#16091 = VECTOR('',#16092,1.);
#16092 = DIRECTION('',(0.,1.));
#16093 = ( GEOMETRIC_REPRESENTATION_CONTEXT(2) 
PARAMETRIC_REPRESENTATION_CONTEXT() REPRESENTATION_CONTEXT('2D SPACE',''
  ) );
#16094 = PCURVE('',#15904,#16095);
#16095 = DEFINITIONAL_REPRESENTATION('',(#16096),#16100);
#16096 = LINE('',#16097,#16098);
#16097 = CARTESIAN_POINT('',(0.3,0.3));
#16098 = VECTOR('',#16099,1.);
#16099 = DIRECTION('',(-0.707106781187,0.707106781187));
#16100 = ( GEOMETRIC_REPRESENTATION_CONTEXT(2) 
PARAMETRIC_REPRESENTATION_CONTEXT() REPRESENTATION_CONTEXT('2D SPACE',''
  ) );
#16101 = ORIENTED_EDGE('',*,*,#16102,.F.);
#16102 = EDGE_CURVE('',#15946,#16080,#16103,.T.);
#16103 = SURFACE_CURVE('',#16104,(#16108,#16115),.PCURVE_S1.);
#16104 = LINE('',#16105,#16106);
#16105 = CARTESIAN_POINT('',(-6.65,-0.35,2.));
#16106 = VECTOR('',#16107,1.);
#16107 = DIRECTION('',(0.,1.,0.));
#16108 = PCURVE('',#15876,#16109);
#16109 = DEFINITIONAL_REPRESENTATION('',(#16110),#16114);
#16110 = LINE('',#16111,#16112);
#16111 = CARTESIAN_POINT('',(0.,0.424264068712));
#16112 = VECTOR('',#16113,1.);
#16113 = DIRECTION('',(1.,0.));
#16114 = ( GEOMETRIC_REPRESENTATION_CONTEXT(2) 
PARAMETRIC_REPRESENTATION_CONTEXT() REPRESENTATION_CONTEXT('2D SPACE',''
  ) );
#16115 = PCURVE('',#15963,#16116);
#16116 = DEFINITIONAL_REPRESENTATION('',(#16117),#16121);
#16117 = LINE('',#16118,#16119);
#16118 = CARTESIAN_POINT('',(0.6,0.));
#16119 = VECTOR('',#16120,1.);
#16120 = DIRECTION('',(0.,1.));
#16121 = ( GEOMETRIC_REPRESENTATION_CONTEXT(2) 
PARAMETRIC_REPRESENTATION_CONTEXT() REPRESENTATION_CONTEXT('2D SPACE',''
  ) );
#16122 = ADVANCED_FACE('',(#16123),#15930,.T.);
#16123 = FACE_BOUND('',#16124,.T.);
#16124 = EDGE_LOOP('',(#16125,#16126,#16127,#16150));
#16125 = ORIENTED_EDGE('',*,*,#15916,.F.);
#16126 = ORIENTED_EDGE('',*,*,#15997,.T.);
#16127 = ORIENTED_EDGE('',*,*,#16128,.T.);
#16128 = EDGE_CURVE('',#15998,#16129,#16131,.T.);
#16129 = VERTEX_POINT('',#16130);
#16130 = CARTESIAN_POINT('',(-2.05,0.35,19.9));
#16131 = SURFACE_CURVE('',#16132,(#16136,#16143),.PCURVE_S1.);
#16132 = LINE('',#16133,#16134);
#16133 = CARTESIAN_POINT('',(-2.05,-0.35,19.9));
#16134 = VECTOR('',#16135,1.);
#16135 = DIRECTION('',(0.,1.,0.));
#16136 = PCURVE('',#15930,#16137);
#16137 = DEFINITIONAL_REPRESENTATION('',(#16138),#16142);
#16138 = LINE('',#16139,#16140);
#16139 = CARTESIAN_POINT('',(5.2,0.));
#16140 = VECTOR('',#16141,1.);
#16141 = DIRECTION('',(0.,1.));
#16142 = ( GEOMETRIC_REPRESENTATION_CONTEXT(2) 
PARAMETRIC_REPRESENTATION_CONTEXT() REPRESENTATION_CONTEXT('2D SPACE',''
  ) );
#16143 = PCURVE('',#16036,#16144);
#16144 = DEFINITIONAL_REPRESENTATION('',(#16145),#16149);
#16145 = LINE('',#16146,#16147);
#16146 = CARTESIAN_POINT('',(17.9,0.));
#16147 = VECTOR('',#16148,1.);
#16148 = DIRECTION('',(0.,-1.));
#16149 = ( GEOMETRIC_REPRESENTATION_CONTEXT(2) 
PARAMETRIC_REPRESENTATION_CONTEXT() REPRESENTATION_CONTEXT('2D SPACE',''
  ) );
#16150 = ORIENTED_EDGE('',*,*,#16151,.F.);
#16151 = EDGE_CURVE('',#15889,#16129,#16152,.T.);
#16152 = SURFACE_CURVE('',#16153,(#16157,#16164),.PCURVE_S1.);
#16153 = LINE('',#16154,#16155);
#16154 = CARTESIAN_POINT('',(-7.25,0.35,19.9));
#16155 = VECTOR('',#16156,1.);
#16156 = DIRECTION('',(1.,0.,0.));
#16157 = PCURVE('',#15930,#16158);
#16158 = DEFINITIONAL_REPRESENTATION('',(#16159),#16163);
#16159 = LINE('',#16160,#16161);
#16160 = CARTESIAN_POINT('',(0.,0.7));
#16161 = VECTOR('',#16162,1.);
#16162 = DIRECTION('',(1.,0.));
#16163 = ( GEOMETRIC_REPRESENTATION_CONTEXT(2) 
PARAMETRIC_REPRESENTATION_CONTEXT() REPRESENTATION_CONTEXT('2D SPACE',''
  ) );
#16164 = PCURVE('',#15904,#16165);
#16165 = DEFINITIONAL_REPRESENTATION('',(#16166),#16170);
#16166 = LINE('',#16167,#16168);
#16167 = CARTESIAN_POINT('',(17.9,0.));
#16168 = VECTOR('',#16169,1.);
#16169 = DIRECTION('',(0.,1.));
#16170 = ( GEOMETRIC_REPRESENTATION_CONTEXT(2) 
PARAMETRIC_REPRESENTATION_CONTEXT() REPRESENTATION_CONTEXT('2D SPACE',''
  ) );
#16171 = ADVANCED_FACE('',(#16172),#15904,.T.);
#16172 = FACE_BOUND('',#16173,.T.);
#16173 = EDGE_LOOP('',(#16174,#16197,#16198,#16199,#16200,#16223));
#16174 = ORIENTED_EDGE('',*,*,#16175,.F.);
#16175 = EDGE_CURVE('',#16080,#16176,#16178,.T.);
#16176 = VERTEX_POINT('',#16177);
#16177 = CARTESIAN_POINT('',(-2.65,0.35,2.));
#16178 = SURFACE_CURVE('',#16179,(#16183,#16190),.PCURVE_S1.);
#16179 = LINE('',#16180,#16181);
#16180 = CARTESIAN_POINT('',(-7.25,0.35,2.));
#16181 = VECTOR('',#16182,1.);
#16182 = DIRECTION('',(1.,0.,0.));
#16183 = PCURVE('',#15904,#16184);
#16184 = DEFINITIONAL_REPRESENTATION('',(#16185),#16189);
#16185 = LINE('',#16186,#16187);
#16186 = CARTESIAN_POINT('',(0.,0.));
#16187 = VECTOR('',#16188,1.);
#16188 = DIRECTION('',(0.,1.));
#16189 = ( GEOMETRIC_REPRESENTATION_CONTEXT(2) 
PARAMETRIC_REPRESENTATION_CONTEXT() REPRESENTATION_CONTEXT('2D SPACE',''
  ) );
#16190 = PCURVE('',#15963,#16191);
#16191 = DEFINITIONAL_REPRESENTATION('',(#16192),#16196);
#16192 = LINE('',#16193,#16194);
#16193 = CARTESIAN_POINT('',(0.,0.7));
#16194 = VECTOR('',#16195,1.);
#16195 = DIRECTION('',(1.,0.));
#16196 = ( GEOMETRIC_REPRESENTATION_CONTEXT(2) 
PARAMETRIC_REPRESENTATION_CONTEXT() REPRESENTATION_CONTEXT('2D SPACE',''
  ) );
#16197 = ORIENTED_EDGE('',*,*,#16079,.F.);
#16198 = ORIENTED_EDGE('',*,*,#15888,.T.);
#16199 = ORIENTED_EDGE('',*,*,#16151,.T.);
#16200 = ORIENTED_EDGE('',*,*,#16201,.F.);
#16201 = EDGE_CURVE('',#16202,#16129,#16204,.T.);
#16202 = VERTEX_POINT('',#16203);
#16203 = CARTESIAN_POINT('',(-2.05,0.35,2.6));
#16204 = SURFACE_CURVE('',#16205,(#16209,#16216),.PCURVE_S1.);
#16205 = LINE('',#16206,#16207);
#16206 = CARTESIAN_POINT('',(-2.05,0.35,2.));
#16207 = VECTOR('',#16208,1.);
#16208 = DIRECTION('',(0.,0.,1.));
#16209 = PCURVE('',#15904,#16210);
#16210 = DEFINITIONAL_REPRESENTATION('',(#16211),#16215);
#16211 = LINE('',#16212,#16213);
#16212 = CARTESIAN_POINT('',(0.,5.2));
#16213 = VECTOR('',#16214,1.);
#16214 = DIRECTION('',(1.,0.));
#16215 = ( GEOMETRIC_REPRESENTATION_CONTEXT(2) 
PARAMETRIC_REPRESENTATION_CONTEXT() REPRESENTATION_CONTEXT('2D SPACE',''
  ) );
#16216 = PCURVE('',#16036,#16217);
#16217 = DEFINITIONAL_REPRESENTATION('',(#16218),#16222);
#16218 = LINE('',#16219,#16220);
#16219 = CARTESIAN_POINT('',(0.,-0.7));
#16220 = VECTOR('',#16221,1.);
#16221 = DIRECTION('',(1.,0.));
#16222 = ( GEOMETRIC_REPRESENTATION_CONTEXT(2) 
PARAMETRIC_REPRESENTATION_CONTEXT() REPRESENTATION_CONTEXT('2D SPACE',''
  ) );
#16223 = ORIENTED_EDGE('',*,*,#16224,.T.);
#16224 = EDGE_CURVE('',#16202,#16176,#16225,.T.);
#16225 = SURFACE_CURVE('',#16226,(#16230,#16237),.PCURVE_S1.);
#16226 = LINE('',#16227,#16228);
#16227 = CARTESIAN_POINT('',(-3.65,0.35,1.));
#16228 = VECTOR('',#16229,1.);
#16229 = DIRECTION('',(-0.707106781187,0.,-0.707106781187));
#16230 = PCURVE('',#15904,#16231);
#16231 = DEFINITIONAL_REPRESENTATION('',(#16232),#16236);
#16232 = LINE('',#16233,#16234);
#16233 = CARTESIAN_POINT('',(-1.,3.6));
#16234 = VECTOR('',#16235,1.);
#16235 = DIRECTION('',(-0.707106781187,-0.707106781187));
#16236 = ( GEOMETRIC_REPRESENTATION_CONTEXT(2) 
PARAMETRIC_REPRESENTATION_CONTEXT() REPRESENTATION_CONTEXT('2D SPACE',''
  ) );
#16237 = PCURVE('',#16062,#16238);
#16238 = DEFINITIONAL_REPRESENTATION('',(#16239),#16243);
#16239 = LINE('',#16240,#16241);
#16240 = CARTESIAN_POINT('',(0.7,1.838477631085));
#16241 = VECTOR('',#16242,1.);
#16242 = DIRECTION('',(0.,1.));
#16243 = ( GEOMETRIC_REPRESENTATION_CONTEXT(2) 
PARAMETRIC_REPRESENTATION_CONTEXT() REPRESENTATION_CONTEXT('2D SPACE',''
  ) );
#16244 = ADVANCED_FACE('',(#16245),#15963,.F.);
#16245 = FACE_BOUND('',#16246,.F.);
#16246 = EDGE_LOOP('',(#16247,#16248,#16249,#16250));
#16247 = ORIENTED_EDGE('',*,*,#16175,.F.);
#16248 = ORIENTED_EDGE('',*,*,#16102,.F.);
#16249 = ORIENTED_EDGE('',*,*,#15945,.T.);
#16250 = ORIENTED_EDGE('',*,*,#16251,.T.);
#16251 = EDGE_CURVE('',#15948,#16176,#16252,.T.);
#16252 = SURFACE_CURVE('',#16253,(#16257,#16264),.PCURVE_S1.);
#16253 = LINE('',#16254,#16255);
#16254 = CARTESIAN_POINT('',(-2.65,-0.35,2.));
#16255 = VECTOR('',#16256,1.);
#16256 = DIRECTION('',(0.,1.,0.));
#16257 = PCURVE('',#15963,#16258);
#16258 = DEFINITIONAL_REPRESENTATION('',(#16259),#16263);
#16259 = LINE('',#16260,#16261);
#16260 = CARTESIAN_POINT('',(4.6,0.));
#16261 = VECTOR('',#16262,1.);
#16262 = DIRECTION('',(0.,1.));
#16263 = ( GEOMETRIC_REPRESENTATION_CONTEXT(2) 
PARAMETRIC_REPRESENTATION_CONTEXT() REPRESENTATION_CONTEXT('2D SPACE',''
  ) );
#16264 = PCURVE('',#16062,#16265);
#16265 = DEFINITIONAL_REPRESENTATION('',(#16266),#16270);
#16266 = LINE('',#16267,#16268);
#16267 = CARTESIAN_POINT('',(-9.629649721936E-34,0.424264068712));
#16268 = VECTOR('',#16269,1.);
#16269 = DIRECTION('',(1.,0.));
#16270 = ( GEOMETRIC_REPRESENTATION_CONTEXT(2) 
PARAMETRIC_REPRESENTATION_CONTEXT() REPRESENTATION_CONTEXT('2D SPACE',''
  ) );
#16271 = ADVANCED_FACE('',(#16272),#16062,.F.);
#16272 = FACE_BOUND('',#16273,.F.);
#16273 = EDGE_LOOP('',(#16274,#16275,#16296,#16297));
#16274 = ORIENTED_EDGE('',*,*,#16048,.F.);
#16275 = ORIENTED_EDGE('',*,*,#16276,.T.);
#16276 = EDGE_CURVE('',#16021,#16202,#16277,.T.);
#16277 = SURFACE_CURVE('',#16278,(#16282,#16289),.PCURVE_S1.);
#16278 = LINE('',#16279,#16280);
#16279 = CARTESIAN_POINT('',(-2.05,-0.35,2.6));
#16280 = VECTOR('',#16281,1.);
#16281 = DIRECTION('',(0.,1.,0.));
#16282 = PCURVE('',#16062,#16283);
#16283 = DEFINITIONAL_REPRESENTATION('',(#16284),#16288);
#16284 = LINE('',#16285,#16286);
#16285 = CARTESIAN_POINT('',(2.118522938826E-33,-0.424264068712));
#16286 = VECTOR('',#16287,1.);
#16287 = DIRECTION('',(1.,0.));
#16288 = ( GEOMETRIC_REPRESENTATION_CONTEXT(2) 
PARAMETRIC_REPRESENTATION_CONTEXT() REPRESENTATION_CONTEXT('2D SPACE',''
  ) );
#16289 = PCURVE('',#16036,#16290);
#16290 = DEFINITIONAL_REPRESENTATION('',(#16291),#16295);
#16291 = LINE('',#16292,#16293);
#16292 = CARTESIAN_POINT('',(0.6,0.));
#16293 = VECTOR('',#16294,1.);
#16294 = DIRECTION('',(0.,-1.));
#16295 = ( GEOMETRIC_REPRESENTATION_CONTEXT(2) 
PARAMETRIC_REPRESENTATION_CONTEXT() REPRESENTATION_CONTEXT('2D SPACE',''
  ) );
#16296 = ORIENTED_EDGE('',*,*,#16224,.T.);
#16297 = ORIENTED_EDGE('',*,*,#16251,.F.);
#16298 = ADVANCED_FACE('',(#16299),#16036,.T.);
#16299 = FACE_BOUND('',#16300,.T.);
#16300 = EDGE_LOOP('',(#16301,#16302,#16303,#16304));
#16301 = ORIENTED_EDGE('',*,*,#16020,.F.);
#16302 = ORIENTED_EDGE('',*,*,#16276,.T.);
#16303 = ORIENTED_EDGE('',*,*,#16201,.T.);
#16304 = ORIENTED_EDGE('',*,*,#16128,.F.);
#16305 = MANIFOLD_SOLID_BREP('',#16306);
#16306 = CLOSED_SHELL('',(#16307,#16427,#16559,#16608,#16657,#16730,
    #16757,#16784));
#16307 = ADVANCED_FACE('',(#16308),#16322,.F.);
#16308 = FACE_BOUND('',#16309,.F.);
#16309 = EDGE_LOOP('',(#16310,#16345,#16373,#16401));
#16310 = ORIENTED_EDGE('',*,*,#16311,.F.);
#16311 = EDGE_CURVE('',#16312,#16314,#16316,.T.);
#16312 = VERTEX_POINT('',#16313);
#16313 = CARTESIAN_POINT('',(2.05,-0.35,2.6));
#16314 = VERTEX_POINT('',#16315);
#16315 = CARTESIAN_POINT('',(2.05,-0.35,19.9));
#16316 = SURFACE_CURVE('',#16317,(#16321,#16333),.PCURVE_S1.);
#16317 = LINE('',#16318,#16319);
#16318 = CARTESIAN_POINT('',(2.05,-0.35,2.));
#16319 = VECTOR('',#16320,1.);
#16320 = DIRECTION('',(0.,0.,1.));
#16321 = PCURVE('',#16322,#16327);
#16322 = PLANE('',#16323);
#16323 = AXIS2_PLACEMENT_3D('',#16324,#16325,#16326);
#16324 = CARTESIAN_POINT('',(2.05,-0.35,2.));
#16325 = DIRECTION('',(1.,0.,0.));
#16326 = DIRECTION('',(0.,0.,1.));
#16327 = DEFINITIONAL_REPRESENTATION('',(#16328),#16332);
#16328 = LINE('',#16329,#16330);
#16329 = CARTESIAN_POINT('',(0.,0.));
#16330 = VECTOR('',#16331,1.);
#16331 = DIRECTION('',(1.,0.));
#16332 = ( GEOMETRIC_REPRESENTATION_CONTEXT(2) 
PARAMETRIC_REPRESENTATION_CONTEXT() REPRESENTATION_CONTEXT('2D SPACE',''
  ) );
#16333 = PCURVE('',#16334,#16339);
#16334 = PLANE('',#16335);
#16335 = AXIS2_PLACEMENT_3D('',#16336,#16337,#16338);
#16336 = CARTESIAN_POINT('',(2.05,-0.35,2.));
#16337 = DIRECTION('',(0.,1.,0.));
#16338 = DIRECTION('',(0.,0.,1.));
#16339 = DEFINITIONAL_REPRESENTATION('',(#16340),#16344);
#16340 = LINE('',#16341,#16342);
#16341 = CARTESIAN_POINT('',(0.,0.));
#16342 = VECTOR('',#16343,1.);
#16343 = DIRECTION('',(1.,0.));
#16344 = ( GEOMETRIC_REPRESENTATION_CONTEXT(2) 
PARAMETRIC_REPRESENTATION_CONTEXT() REPRESENTATION_CONTEXT('2D SPACE',''
  ) );
#16345 = ORIENTED_EDGE('',*,*,#16346,.T.);
#16346 = EDGE_CURVE('',#16312,#16347,#16349,.T.);
#16347 = VERTEX_POINT('',#16348);
#16348 = CARTESIAN_POINT('',(2.05,0.35,2.6));
#16349 = SURFACE_CURVE('',#16350,(#16354,#16361),.PCURVE_S1.);
#16350 = LINE('',#16351,#16352);
#16351 = CARTESIAN_POINT('',(2.05,-0.35,2.6));
#16352 = VECTOR('',#16353,1.);
#16353 = DIRECTION('',(0.,1.,0.));
#16354 = PCURVE('',#16322,#16355);
#16355 = DEFINITIONAL_REPRESENTATION('',(#16356),#16360);
#16356 = LINE('',#16357,#16358);
#16357 = CARTESIAN_POINT('',(0.6,0.));
#16358 = VECTOR('',#16359,1.);
#16359 = DIRECTION('',(0.,-1.));
#16360 = ( GEOMETRIC_REPRESENTATION_CONTEXT(2) 
PARAMETRIC_REPRESENTATION_CONTEXT() REPRESENTATION_CONTEXT('2D SPACE',''
  ) );
#16361 = PCURVE('',#16362,#16367);
#16362 = PLANE('',#16363);
#16363 = AXIS2_PLACEMENT_3D('',#16364,#16365,#16366);
#16364 = CARTESIAN_POINT('',(2.35,-0.35,2.3));
#16365 = DIRECTION('',(-0.707106781187,-6.963829119075E-18,
    -0.707106781187));
#16366 = DIRECTION('',(-4.924170793122E-18,1.,-4.924170793122E-18));
#16367 = DEFINITIONAL_REPRESENTATION('',(#16368),#16372);
#16368 = LINE('',#16369,#16370);
#16369 = CARTESIAN_POINT('',(2.118522938826E-33,-0.424264068712));
#16370 = VECTOR('',#16371,1.);
#16371 = DIRECTION('',(1.,0.));
#16372 = ( GEOMETRIC_REPRESENTATION_CONTEXT(2) 
PARAMETRIC_REPRESENTATION_CONTEXT() REPRESENTATION_CONTEXT('2D SPACE',''
  ) );
#16373 = ORIENTED_EDGE('',*,*,#16374,.T.);
#16374 = EDGE_CURVE('',#16347,#16375,#16377,.T.);
#16375 = VERTEX_POINT('',#16376);
#16376 = CARTESIAN_POINT('',(2.05,0.35,19.9));
#16377 = SURFACE_CURVE('',#16378,(#16382,#16389),.PCURVE_S1.);
#16378 = LINE('',#16379,#16380);
#16379 = CARTESIAN_POINT('',(2.05,0.35,2.));
#16380 = VECTOR('',#16381,1.);
#16381 = DIRECTION('',(0.,0.,1.));
#16382 = PCURVE('',#16322,#16383);
#16383 = DEFINITIONAL_REPRESENTATION('',(#16384),#16388);
#16384 = LINE('',#16385,#16386);
#16385 = CARTESIAN_POINT('',(0.,-0.7));
#16386 = VECTOR('',#16387,1.);
#16387 = DIRECTION('',(1.,0.));
#16388 = ( GEOMETRIC_REPRESENTATION_CONTEXT(2) 
PARAMETRIC_REPRESENTATION_CONTEXT() REPRESENTATION_CONTEXT('2D SPACE',''
  ) );
#16389 = PCURVE('',#16390,#16395);
#16390 = PLANE('',#16391);
#16391 = AXIS2_PLACEMENT_3D('',#16392,#16393,#16394);
#16392 = CARTESIAN_POINT('',(2.05,0.35,2.));
#16393 = DIRECTION('',(0.,1.,0.));
#16394 = DIRECTION('',(0.,0.,1.));
#16395 = DEFINITIONAL_REPRESENTATION('',(#16396),#16400);
#16396 = LINE('',#16397,#16398);
#16397 = CARTESIAN_POINT('',(0.,0.));
#16398 = VECTOR('',#16399,1.);
#16399 = DIRECTION('',(1.,0.));
#16400 = ( GEOMETRIC_REPRESENTATION_CONTEXT(2) 
PARAMETRIC_REPRESENTATION_CONTEXT() REPRESENTATION_CONTEXT('2D SPACE',''
  ) );
#16401 = ORIENTED_EDGE('',*,*,#16402,.F.);
#16402 = EDGE_CURVE('',#16314,#16375,#16403,.T.);
#16403 = SURFACE_CURVE('',#16404,(#16408,#16415),.PCURVE_S1.);
#16404 = LINE('',#16405,#16406);
#16405 = CARTESIAN_POINT('',(2.05,-0.35,19.9));
#16406 = VECTOR('',#16407,1.);
#16407 = DIRECTION('',(0.,1.,0.));
#16408 = PCURVE('',#16322,#16409);
#16409 = DEFINITIONAL_REPRESENTATION('',(#16410),#16414);
#16410 = LINE('',#16411,#16412);
#16411 = CARTESIAN_POINT('',(17.9,0.));
#16412 = VECTOR('',#16413,1.);
#16413 = DIRECTION('',(0.,-1.));
#16414 = ( GEOMETRIC_REPRESENTATION_CONTEXT(2) 
PARAMETRIC_REPRESENTATION_CONTEXT() REPRESENTATION_CONTEXT('2D SPACE',''
  ) );
#16415 = PCURVE('',#16416,#16421);
#16416 = PLANE('',#16417);
#16417 = AXIS2_PLACEMENT_3D('',#16418,#16419,#16420);
#16418 = CARTESIAN_POINT('',(2.05,-0.35,19.9));
#16419 = DIRECTION('',(0.,0.,1.));
#16420 = DIRECTION('',(1.,0.,0.));
#16421 = DEFINITIONAL_REPRESENTATION('',(#16422),#16426);
#16422 = LINE('',#16423,#16424);
#16423 = CARTESIAN_POINT('',(0.,0.));
#16424 = VECTOR('',#16425,1.);
#16425 = DIRECTION('',(0.,1.));
#16426 = ( GEOMETRIC_REPRESENTATION_CONTEXT(2) 
PARAMETRIC_REPRESENTATION_CONTEXT() REPRESENTATION_CONTEXT('2D SPACE',''
  ) );
#16427 = ADVANCED_FACE('',(#16428),#16334,.F.);
#16428 = FACE_BOUND('',#16429,.F.);
#16429 = EDGE_LOOP('',(#16430,#16460,#16481,#16482,#16505,#16533));
#16430 = ORIENTED_EDGE('',*,*,#16431,.F.);
#16431 = EDGE_CURVE('',#16432,#16434,#16436,.T.);
#16432 = VERTEX_POINT('',#16433);
#16433 = CARTESIAN_POINT('',(2.65,-0.35,2.));
#16434 = VERTEX_POINT('',#16435);
#16435 = CARTESIAN_POINT('',(6.65,-0.35,2.));
#16436 = SURFACE_CURVE('',#16437,(#16441,#16448),.PCURVE_S1.);
#16437 = LINE('',#16438,#16439);
#16438 = CARTESIAN_POINT('',(2.05,-0.35,2.));
#16439 = VECTOR('',#16440,1.);
#16440 = DIRECTION('',(1.,0.,0.));
#16441 = PCURVE('',#16334,#16442);
#16442 = DEFINITIONAL_REPRESENTATION('',(#16443),#16447);
#16443 = LINE('',#16444,#16445);
#16444 = CARTESIAN_POINT('',(0.,0.));
#16445 = VECTOR('',#16446,1.);
#16446 = DIRECTION('',(0.,1.));
#16447 = ( GEOMETRIC_REPRESENTATION_CONTEXT(2) 
PARAMETRIC_REPRESENTATION_CONTEXT() REPRESENTATION_CONTEXT('2D SPACE',''
  ) );
#16448 = PCURVE('',#16449,#16454);
#16449 = PLANE('',#16450);
#16450 = AXIS2_PLACEMENT_3D('',#16451,#16452,#16453);
#16451 = CARTESIAN_POINT('',(2.05,-0.35,2.));
#16452 = DIRECTION('',(0.,0.,1.));
#16453 = DIRECTION('',(1.,0.,0.));
#16454 = DEFINITIONAL_REPRESENTATION('',(#16455),#16459);
#16455 = LINE('',#16456,#16457);
#16456 = CARTESIAN_POINT('',(0.,0.));
#16457 = VECTOR('',#16458,1.);
#16458 = DIRECTION('',(1.,0.));
#16459 = ( GEOMETRIC_REPRESENTATION_CONTEXT(2) 
PARAMETRIC_REPRESENTATION_CONTEXT() REPRESENTATION_CONTEXT('2D SPACE',''
  ) );
#16460 = ORIENTED_EDGE('',*,*,#16461,.F.);
#16461 = EDGE_CURVE('',#16312,#16432,#16462,.T.);
#16462 = SURFACE_CURVE('',#16463,(#16467,#16474),.PCURVE_S1.);
#16463 = LINE('',#16464,#16465);
#16464 = CARTESIAN_POINT('',(2.35,-0.35,2.3));
#16465 = VECTOR('',#16466,1.);
#16466 = DIRECTION('',(0.707106781187,0.,-0.707106781187));
#16467 = PCURVE('',#16334,#16468);
#16468 = DEFINITIONAL_REPRESENTATION('',(#16469),#16473);
#16469 = LINE('',#16470,#16471);
#16470 = CARTESIAN_POINT('',(0.3,0.3));
#16471 = VECTOR('',#16472,1.);
#16472 = DIRECTION('',(-0.707106781187,0.707106781187));
#16473 = ( GEOMETRIC_REPRESENTATION_CONTEXT(2) 
PARAMETRIC_REPRESENTATION_CONTEXT() REPRESENTATION_CONTEXT('2D SPACE',''
  ) );
#16474 = PCURVE('',#16362,#16475);
#16475 = DEFINITIONAL_REPRESENTATION('',(#16476),#16480);
#16476 = LINE('',#16477,#16478);
#16477 = CARTESIAN_POINT('',(0.,0.));
#16478 = VECTOR('',#16479,1.);
#16479 = DIRECTION('',(0.,1.));
#16480 = ( GEOMETRIC_REPRESENTATION_CONTEXT(2) 
PARAMETRIC_REPRESENTATION_CONTEXT() REPRESENTATION_CONTEXT('2D SPACE',''
  ) );
#16481 = ORIENTED_EDGE('',*,*,#16311,.T.);
#16482 = ORIENTED_EDGE('',*,*,#16483,.T.);
#16483 = EDGE_CURVE('',#16314,#16484,#16486,.T.);
#16484 = VERTEX_POINT('',#16485);
#16485 = CARTESIAN_POINT('',(7.25,-0.35,19.9));
#16486 = SURFACE_CURVE('',#16487,(#16491,#16498),.PCURVE_S1.);
#16487 = LINE('',#16488,#16489);
#16488 = CARTESIAN_POINT('',(2.05,-0.35,19.9));
#16489 = VECTOR('',#16490,1.);
#16490 = DIRECTION('',(1.,0.,0.));
#16491 = PCURVE('',#16334,#16492);
#16492 = DEFINITIONAL_REPRESENTATION('',(#16493),#16497);
#16493 = LINE('',#16494,#16495);
#16494 = CARTESIAN_POINT('',(17.9,0.));
#16495 = VECTOR('',#16496,1.);
#16496 = DIRECTION('',(0.,1.));
#16497 = ( GEOMETRIC_REPRESENTATION_CONTEXT(2) 
PARAMETRIC_REPRESENTATION_CONTEXT() REPRESENTATION_CONTEXT('2D SPACE',''
  ) );
#16498 = PCURVE('',#16416,#16499);
#16499 = DEFINITIONAL_REPRESENTATION('',(#16500),#16504);
#16500 = LINE('',#16501,#16502);
#16501 = CARTESIAN_POINT('',(0.,0.));
#16502 = VECTOR('',#16503,1.);
#16503 = DIRECTION('',(1.,0.));
#16504 = ( GEOMETRIC_REPRESENTATION_CONTEXT(2) 
PARAMETRIC_REPRESENTATION_CONTEXT() REPRESENTATION_CONTEXT('2D SPACE',''
  ) );
#16505 = ORIENTED_EDGE('',*,*,#16506,.F.);
#16506 = EDGE_CURVE('',#16507,#16484,#16509,.T.);
#16507 = VERTEX_POINT('',#16508);
#16508 = CARTESIAN_POINT('',(7.25,-0.35,2.6));
#16509 = SURFACE_CURVE('',#16510,(#16514,#16521),.PCURVE_S1.);
#16510 = LINE('',#16511,#16512);
#16511 = CARTESIAN_POINT('',(7.25,-0.35,2.));
#16512 = VECTOR('',#16513,1.);
#16513 = DIRECTION('',(0.,0.,1.));
#16514 = PCURVE('',#16334,#16515);
#16515 = DEFINITIONAL_REPRESENTATION('',(#16516),#16520);
#16516 = LINE('',#16517,#16518);
#16517 = CARTESIAN_POINT('',(0.,5.2));
#16518 = VECTOR('',#16519,1.);
#16519 = DIRECTION('',(1.,0.));
#16520 = ( GEOMETRIC_REPRESENTATION_CONTEXT(2) 
PARAMETRIC_REPRESENTATION_CONTEXT() REPRESENTATION_CONTEXT('2D SPACE',''
  ) );
#16521 = PCURVE('',#16522,#16527);
#16522 = PLANE('',#16523);
#16523 = AXIS2_PLACEMENT_3D('',#16524,#16525,#16526);
#16524 = CARTESIAN_POINT('',(7.25,-0.35,2.));
#16525 = DIRECTION('',(1.,0.,0.));
#16526 = DIRECTION('',(0.,0.,1.));
#16527 = DEFINITIONAL_REPRESENTATION('',(#16528),#16532);
#16528 = LINE('',#16529,#16530);
#16529 = CARTESIAN_POINT('',(0.,0.));
#16530 = VECTOR('',#16531,1.);
#16531 = DIRECTION('',(1.,0.));
#16532 = ( GEOMETRIC_REPRESENTATION_CONTEXT(2) 
PARAMETRIC_REPRESENTATION_CONTEXT() REPRESENTATION_CONTEXT('2D SPACE',''
  ) );
#16533 = ORIENTED_EDGE('',*,*,#16534,.T.);
#16534 = EDGE_CURVE('',#16507,#16434,#16535,.T.);
#16535 = SURFACE_CURVE('',#16536,(#16540,#16547),.PCURVE_S1.);
#16536 = LINE('',#16537,#16538);
#16537 = CARTESIAN_POINT('',(5.65,-0.35,1.));
#16538 = VECTOR('',#16539,1.);
#16539 = DIRECTION('',(-0.707106781187,0.,-0.707106781187));
#16540 = PCURVE('',#16334,#16541);
#16541 = DEFINITIONAL_REPRESENTATION('',(#16542),#16546);
#16542 = LINE('',#16543,#16544);
#16543 = CARTESIAN_POINT('',(-1.,3.6));
#16544 = VECTOR('',#16545,1.);
#16545 = DIRECTION('',(-0.707106781187,-0.707106781187));
#16546 = ( GEOMETRIC_REPRESENTATION_CONTEXT(2) 
PARAMETRIC_REPRESENTATION_CONTEXT() REPRESENTATION_CONTEXT('2D SPACE',''
  ) );
#16547 = PCURVE('',#16548,#16553);
#16548 = PLANE('',#16549);
#16549 = AXIS2_PLACEMENT_3D('',#16550,#16551,#16552);
#16550 = CARTESIAN_POINT('',(6.95,-0.35,2.3));
#16551 = DIRECTION('',(-0.707106781187,0.,0.707106781187));
#16552 = DIRECTION('',(0.,1.,0.));
#16553 = DEFINITIONAL_REPRESENTATION('',(#16554),#16558);
#16554 = LINE('',#16555,#16556);
#16555 = CARTESIAN_POINT('',(0.,1.838477631085));
#16556 = VECTOR('',#16557,1.);
#16557 = DIRECTION('',(0.,1.));
#16558 = ( GEOMETRIC_REPRESENTATION_CONTEXT(2) 
PARAMETRIC_REPRESENTATION_CONTEXT() REPRESENTATION_CONTEXT('2D SPACE',''
  ) );
#16559 = ADVANCED_FACE('',(#16560),#16362,.T.);
#16560 = FACE_BOUND('',#16561,.T.);
#16561 = EDGE_LOOP('',(#16562,#16563,#16564,#16587));
#16562 = ORIENTED_EDGE('',*,*,#16461,.F.);
#16563 = ORIENTED_EDGE('',*,*,#16346,.T.);
#16564 = ORIENTED_EDGE('',*,*,#16565,.T.);
#16565 = EDGE_CURVE('',#16347,#16566,#16568,.T.);
#16566 = VERTEX_POINT('',#16567);
#16567 = CARTESIAN_POINT('',(2.65,0.35,2.));
#16568 = SURFACE_CURVE('',#16569,(#16573,#16580),.PCURVE_S1.);
#16569 = LINE('',#16570,#16571);
#16570 = CARTESIAN_POINT('',(2.35,0.35,2.3));
#16571 = VECTOR('',#16572,1.);
#16572 = DIRECTION('',(0.707106781187,0.,-0.707106781187));
#16573 = PCURVE('',#16362,#16574);
#16574 = DEFINITIONAL_REPRESENTATION('',(#16575),#16579);
#16575 = LINE('',#16576,#16577);
#16576 = CARTESIAN_POINT('',(0.7,0.));
#16577 = VECTOR('',#16578,1.);
#16578 = DIRECTION('',(0.,1.));
#16579 = ( GEOMETRIC_REPRESENTATION_CONTEXT(2) 
PARAMETRIC_REPRESENTATION_CONTEXT() REPRESENTATION_CONTEXT('2D SPACE',''
  ) );
#16580 = PCURVE('',#16390,#16581);
#16581 = DEFINITIONAL_REPRESENTATION('',(#16582),#16586);
#16582 = LINE('',#16583,#16584);
#16583 = CARTESIAN_POINT('',(0.3,0.3));
#16584 = VECTOR('',#16585,1.);
#16585 = DIRECTION('',(-0.707106781187,0.707106781187));
#16586 = ( GEOMETRIC_REPRESENTATION_CONTEXT(2) 
PARAMETRIC_REPRESENTATION_CONTEXT() REPRESENTATION_CONTEXT('2D SPACE',''
  ) );
#16587 = ORIENTED_EDGE('',*,*,#16588,.F.);
#16588 = EDGE_CURVE('',#16432,#16566,#16589,.T.);
#16589 = SURFACE_CURVE('',#16590,(#16594,#16601),.PCURVE_S1.);
#16590 = LINE('',#16591,#16592);
#16591 = CARTESIAN_POINT('',(2.65,-0.35,2.));
#16592 = VECTOR('',#16593,1.);
#16593 = DIRECTION('',(0.,1.,0.));
#16594 = PCURVE('',#16362,#16595);
#16595 = DEFINITIONAL_REPRESENTATION('',(#16596),#16600);
#16596 = LINE('',#16597,#16598);
#16597 = CARTESIAN_POINT('',(-9.629649721936E-34,0.424264068712));
#16598 = VECTOR('',#16599,1.);
#16599 = DIRECTION('',(1.,0.));
#16600 = ( GEOMETRIC_REPRESENTATION_CONTEXT(2) 
PARAMETRIC_REPRESENTATION_CONTEXT() REPRESENTATION_CONTEXT('2D SPACE',''
  ) );
#16601 = PCURVE('',#16449,#16602);
#16602 = DEFINITIONAL_REPRESENTATION('',(#16603),#16607);
#16603 = LINE('',#16604,#16605);
#16604 = CARTESIAN_POINT('',(0.6,0.));
#16605 = VECTOR('',#16606,1.);
#16606 = DIRECTION('',(0.,1.));
#16607 = ( GEOMETRIC_REPRESENTATION_CONTEXT(2) 
PARAMETRIC_REPRESENTATION_CONTEXT() REPRESENTATION_CONTEXT('2D SPACE',''
  ) );
#16608 = ADVANCED_FACE('',(#16609),#16416,.T.);
#16609 = FACE_BOUND('',#16610,.T.);
#16610 = EDGE_LOOP('',(#16611,#16612,#16613,#16636));
#16611 = ORIENTED_EDGE('',*,*,#16402,.F.);
#16612 = ORIENTED_EDGE('',*,*,#16483,.T.);
#16613 = ORIENTED_EDGE('',*,*,#16614,.T.);
#16614 = EDGE_CURVE('',#16484,#16615,#16617,.T.);
#16615 = VERTEX_POINT('',#16616);
#16616 = CARTESIAN_POINT('',(7.25,0.35,19.9));
#16617 = SURFACE_CURVE('',#16618,(#16622,#16629),.PCURVE_S1.);
#16618 = LINE('',#16619,#16620);
#16619 = CARTESIAN_POINT('',(7.25,-0.35,19.9));
#16620 = VECTOR('',#16621,1.);
#16621 = DIRECTION('',(0.,1.,0.));
#16622 = PCURVE('',#16416,#16623);
#16623 = DEFINITIONAL_REPRESENTATION('',(#16624),#16628);
#16624 = LINE('',#16625,#16626);
#16625 = CARTESIAN_POINT('',(5.2,0.));
#16626 = VECTOR('',#16627,1.);
#16627 = DIRECTION('',(0.,1.));
#16628 = ( GEOMETRIC_REPRESENTATION_CONTEXT(2) 
PARAMETRIC_REPRESENTATION_CONTEXT() REPRESENTATION_CONTEXT('2D SPACE',''
  ) );
#16629 = PCURVE('',#16522,#16630);
#16630 = DEFINITIONAL_REPRESENTATION('',(#16631),#16635);
#16631 = LINE('',#16632,#16633);
#16632 = CARTESIAN_POINT('',(17.9,0.));
#16633 = VECTOR('',#16634,1.);
#16634 = DIRECTION('',(0.,-1.));
#16635 = ( GEOMETRIC_REPRESENTATION_CONTEXT(2) 
PARAMETRIC_REPRESENTATION_CONTEXT() REPRESENTATION_CONTEXT('2D SPACE',''
  ) );
#16636 = ORIENTED_EDGE('',*,*,#16637,.F.);
#16637 = EDGE_CURVE('',#16375,#16615,#16638,.T.);
#16638 = SURFACE_CURVE('',#16639,(#16643,#16650),.PCURVE_S1.);
#16639 = LINE('',#16640,#16641);
#16640 = CARTESIAN_POINT('',(2.05,0.35,19.9));
#16641 = VECTOR('',#16642,1.);
#16642 = DIRECTION('',(1.,0.,0.));
#16643 = PCURVE('',#16416,#16644);
#16644 = DEFINITIONAL_REPRESENTATION('',(#16645),#16649);
#16645 = LINE('',#16646,#16647);
#16646 = CARTESIAN_POINT('',(0.,0.7));
#16647 = VECTOR('',#16648,1.);
#16648 = DIRECTION('',(1.,0.));
#16649 = ( GEOMETRIC_REPRESENTATION_CONTEXT(2) 
PARAMETRIC_REPRESENTATION_CONTEXT() REPRESENTATION_CONTEXT('2D SPACE',''
  ) );
#16650 = PCURVE('',#16390,#16651);
#16651 = DEFINITIONAL_REPRESENTATION('',(#16652),#16656);
#16652 = LINE('',#16653,#16654);
#16653 = CARTESIAN_POINT('',(17.9,0.));
#16654 = VECTOR('',#16655,1.);
#16655 = DIRECTION('',(0.,1.));
#16656 = ( GEOMETRIC_REPRESENTATION_CONTEXT(2) 
PARAMETRIC_REPRESENTATION_CONTEXT() REPRESENTATION_CONTEXT('2D SPACE',''
  ) );
#16657 = ADVANCED_FACE('',(#16658),#16390,.T.);
#16658 = FACE_BOUND('',#16659,.T.);
#16659 = EDGE_LOOP('',(#16660,#16683,#16684,#16685,#16686,#16709));
#16660 = ORIENTED_EDGE('',*,*,#16661,.F.);
#16661 = EDGE_CURVE('',#16566,#16662,#16664,.T.);
#16662 = VERTEX_POINT('',#16663);
#16663 = CARTESIAN_POINT('',(6.65,0.35,2.));
#16664 = SURFACE_CURVE('',#16665,(#16669,#16676),.PCURVE_S1.);
#16665 = LINE('',#16666,#16667);
#16666 = CARTESIAN_POINT('',(2.05,0.35,2.));
#16667 = VECTOR('',#16668,1.);
#16668 = DIRECTION('',(1.,0.,0.));
#16669 = PCURVE('',#16390,#16670);
#16670 = DEFINITIONAL_REPRESENTATION('',(#16671),#16675);
#16671 = LINE('',#16672,#16673);
#16672 = CARTESIAN_POINT('',(0.,0.));
#16673 = VECTOR('',#16674,1.);
#16674 = DIRECTION('',(0.,1.));
#16675 = ( GEOMETRIC_REPRESENTATION_CONTEXT(2) 
PARAMETRIC_REPRESENTATION_CONTEXT() REPRESENTATION_CONTEXT('2D SPACE',''
  ) );
#16676 = PCURVE('',#16449,#16677);
#16677 = DEFINITIONAL_REPRESENTATION('',(#16678),#16682);
#16678 = LINE('',#16679,#16680);
#16679 = CARTESIAN_POINT('',(0.,0.7));
#16680 = VECTOR('',#16681,1.);
#16681 = DIRECTION('',(1.,0.));
#16682 = ( GEOMETRIC_REPRESENTATION_CONTEXT(2) 
PARAMETRIC_REPRESENTATION_CONTEXT() REPRESENTATION_CONTEXT('2D SPACE',''
  ) );
#16683 = ORIENTED_EDGE('',*,*,#16565,.F.);
#16684 = ORIENTED_EDGE('',*,*,#16374,.T.);
#16685 = ORIENTED_EDGE('',*,*,#16637,.T.);
#16686 = ORIENTED_EDGE('',*,*,#16687,.F.);
#16687 = EDGE_CURVE('',#16688,#16615,#16690,.T.);
#16688 = VERTEX_POINT('',#16689);
#16689 = CARTESIAN_POINT('',(7.25,0.35,2.6));
#16690 = SURFACE_CURVE('',#16691,(#16695,#16702),.PCURVE_S1.);
#16691 = LINE('',#16692,#16693);
#16692 = CARTESIAN_POINT('',(7.25,0.35,2.));
#16693 = VECTOR('',#16694,1.);
#16694 = DIRECTION('',(0.,0.,1.));
#16695 = PCURVE('',#16390,#16696);
#16696 = DEFINITIONAL_REPRESENTATION('',(#16697),#16701);
#16697 = LINE('',#16698,#16699);
#16698 = CARTESIAN_POINT('',(0.,5.2));
#16699 = VECTOR('',#16700,1.);
#16700 = DIRECTION('',(1.,0.));
#16701 = ( GEOMETRIC_REPRESENTATION_CONTEXT(2) 
PARAMETRIC_REPRESENTATION_CONTEXT() REPRESENTATION_CONTEXT('2D SPACE',''
  ) );
#16702 = PCURVE('',#16522,#16703);
#16703 = DEFINITIONAL_REPRESENTATION('',(#16704),#16708);
#16704 = LINE('',#16705,#16706);
#16705 = CARTESIAN_POINT('',(0.,-0.7));
#16706 = VECTOR('',#16707,1.);
#16707 = DIRECTION('',(1.,0.));
#16708 = ( GEOMETRIC_REPRESENTATION_CONTEXT(2) 
PARAMETRIC_REPRESENTATION_CONTEXT() REPRESENTATION_CONTEXT('2D SPACE',''
  ) );
#16709 = ORIENTED_EDGE('',*,*,#16710,.T.);
#16710 = EDGE_CURVE('',#16688,#16662,#16711,.T.);
#16711 = SURFACE_CURVE('',#16712,(#16716,#16723),.PCURVE_S1.);
#16712 = LINE('',#16713,#16714);
#16713 = CARTESIAN_POINT('',(5.65,0.35,1.));
#16714 = VECTOR('',#16715,1.);
#16715 = DIRECTION('',(-0.707106781187,0.,-0.707106781187));
#16716 = PCURVE('',#16390,#16717);
#16717 = DEFINITIONAL_REPRESENTATION('',(#16718),#16722);
#16718 = LINE('',#16719,#16720);
#16719 = CARTESIAN_POINT('',(-1.,3.6));
#16720 = VECTOR('',#16721,1.);
#16721 = DIRECTION('',(-0.707106781187,-0.707106781187));
#16722 = ( GEOMETRIC_REPRESENTATION_CONTEXT(2) 
PARAMETRIC_REPRESENTATION_CONTEXT() REPRESENTATION_CONTEXT('2D SPACE',''
  ) );
#16723 = PCURVE('',#16548,#16724);
#16724 = DEFINITIONAL_REPRESENTATION('',(#16725),#16729);
#16725 = LINE('',#16726,#16727);
#16726 = CARTESIAN_POINT('',(0.7,1.838477631085));
#16727 = VECTOR('',#16728,1.);
#16728 = DIRECTION('',(0.,1.));
#16729 = ( GEOMETRIC_REPRESENTATION_CONTEXT(2) 
PARAMETRIC_REPRESENTATION_CONTEXT() REPRESENTATION_CONTEXT('2D SPACE',''
  ) );
#16730 = ADVANCED_FACE('',(#16731),#16449,.F.);
#16731 = FACE_BOUND('',#16732,.F.);
#16732 = EDGE_LOOP('',(#16733,#16734,#16735,#16736));
#16733 = ORIENTED_EDGE('',*,*,#16661,.F.);
#16734 = ORIENTED_EDGE('',*,*,#16588,.F.);
#16735 = ORIENTED_EDGE('',*,*,#16431,.T.);
#16736 = ORIENTED_EDGE('',*,*,#16737,.T.);
#16737 = EDGE_CURVE('',#16434,#16662,#16738,.T.);
#16738 = SURFACE_CURVE('',#16739,(#16743,#16750),.PCURVE_S1.);
#16739 = LINE('',#16740,#16741);
#16740 = CARTESIAN_POINT('',(6.65,-0.35,2.));
#16741 = VECTOR('',#16742,1.);
#16742 = DIRECTION('',(0.,1.,0.));
#16743 = PCURVE('',#16449,#16744);
#16744 = DEFINITIONAL_REPRESENTATION('',(#16745),#16749);
#16745 = LINE('',#16746,#16747);
#16746 = CARTESIAN_POINT('',(4.6,0.));
#16747 = VECTOR('',#16748,1.);
#16748 = DIRECTION('',(0.,1.));
#16749 = ( GEOMETRIC_REPRESENTATION_CONTEXT(2) 
PARAMETRIC_REPRESENTATION_CONTEXT() REPRESENTATION_CONTEXT('2D SPACE',''
  ) );
#16750 = PCURVE('',#16548,#16751);
#16751 = DEFINITIONAL_REPRESENTATION('',(#16752),#16756);
#16752 = LINE('',#16753,#16754);
#16753 = CARTESIAN_POINT('',(0.,0.424264068712));
#16754 = VECTOR('',#16755,1.);
#16755 = DIRECTION('',(1.,0.));
#16756 = ( GEOMETRIC_REPRESENTATION_CONTEXT(2) 
PARAMETRIC_REPRESENTATION_CONTEXT() REPRESENTATION_CONTEXT('2D SPACE',''
  ) );
#16757 = ADVANCED_FACE('',(#16758),#16548,.F.);
#16758 = FACE_BOUND('',#16759,.F.);
#16759 = EDGE_LOOP('',(#16760,#16761,#16782,#16783));
#16760 = ORIENTED_EDGE('',*,*,#16534,.F.);
#16761 = ORIENTED_EDGE('',*,*,#16762,.T.);
#16762 = EDGE_CURVE('',#16507,#16688,#16763,.T.);
#16763 = SURFACE_CURVE('',#16764,(#16768,#16775),.PCURVE_S1.);
#16764 = LINE('',#16765,#16766);
#16765 = CARTESIAN_POINT('',(7.25,-0.35,2.6));
#16766 = VECTOR('',#16767,1.);
#16767 = DIRECTION('',(0.,1.,0.));
#16768 = PCURVE('',#16548,#16769);
#16769 = DEFINITIONAL_REPRESENTATION('',(#16770),#16774);
#16770 = LINE('',#16771,#16772);
#16771 = CARTESIAN_POINT('',(0.,-0.424264068712));
#16772 = VECTOR('',#16773,1.);
#16773 = DIRECTION('',(1.,0.));
#16774 = ( GEOMETRIC_REPRESENTATION_CONTEXT(2) 
PARAMETRIC_REPRESENTATION_CONTEXT() REPRESENTATION_CONTEXT('2D SPACE',''
  ) );
#16775 = PCURVE('',#16522,#16776);
#16776 = DEFINITIONAL_REPRESENTATION('',(#16777),#16781);
#16777 = LINE('',#16778,#16779);
#16778 = CARTESIAN_POINT('',(0.6,0.));
#16779 = VECTOR('',#16780,1.);
#16780 = DIRECTION('',(0.,-1.));
#16781 = ( GEOMETRIC_REPRESENTATION_CONTEXT(2) 
PARAMETRIC_REPRESENTATION_CONTEXT() REPRESENTATION_CONTEXT('2D SPACE',''
  ) );
#16782 = ORIENTED_EDGE('',*,*,#16710,.T.);
#16783 = ORIENTED_EDGE('',*,*,#16737,.F.);
#16784 = ADVANCED_FACE('',(#16785),#16522,.T.);
#16785 = FACE_BOUND('',#16786,.T.);
#16786 = EDGE_LOOP('',(#16787,#16788,#16789,#16790));
#16787 = ORIENTED_EDGE('',*,*,#16506,.F.);
#16788 = ORIENTED_EDGE('',*,*,#16762,.T.);
#16789 = ORIENTED_EDGE('',*,*,#16687,.T.);
#16790 = ORIENTED_EDGE('',*,*,#16614,.F.);
#16791 = ( GEOMETRIC_REPRESENTATION_CONTEXT(3) 
GLOBAL_UNCERTAINTY_ASSIGNED_CONTEXT((#16795)) 
GLOBAL_UNIT_ASSIGNED_CONTEXT((#16792,#16793,#16794)) 
REPRESENTATION_CONTEXT('Context #1',
  '3D Context with UNIT and UNCERTAINTY') );
#16792 = ( LENGTH_UNIT() NAMED_UNIT(*) SI_UNIT(.MILLI.,.METRE.) );
#16793 = ( NAMED_UNIT(*) PLANE_ANGLE_UNIT() SI_UNIT($,.RADIAN.) );
#16794 = ( NAMED_UNIT(*) SI_UNIT($,.STERADIAN.) SOLID_ANGLE_UNIT() );
#16795 = UNCERTAINTY_MEASURE_WITH_UNIT(LENGTH_MEASURE(5.E-05),#16792,
  'distance_accuracy_value','confusion accuracy');
#16796 = CONTEXT_DEPENDENT_SHAPE_REPRESENTATION(#16797,#16799);
#16797 = ( REPRESENTATION_RELATIONSHIP('','',#15818,#10) 
REPRESENTATION_RELATIONSHIP_WITH_TRANSFORMATION(#16798) 
SHAPE_REPRESENTATION_RELATIONSHIP() );
#16798 = ITEM_DEFINED_TRANSFORMATION('','',#11,#31);
#16799 = PRODUCT_DEFINITION_SHAPE('Placement','Placement of an item',
  #16800);
#16800 = NEXT_ASSEMBLY_USAGE_OCCURRENCE('5','fuse_blades','',#5,#15813,$
  );
#16801 = PRODUCT_RELATED_PRODUCT_CATEGORY('part',$,(#15815));
#16802 = MECHANICAL_DESIGN_GEOMETRIC_PRESENTATION_REPRESENTATION('',(
    #16803),#2913);
#16803 = STYLED_ITEM('color',(#16804),#49);
#16804 = PRESENTATION_STYLE_ASSIGNMENT((#16805));
#16805 = SURFACE_STYLE_USAGE(.BOTH.,#16806);
#16806 = SURFACE_SIDE_STYLE('',(#16807));
#16807 = SURFACE_STYLE_FILL_AREA(#16808);
#16808 = FILL_AREA_STYLE('',(#16809));
#16809 = FILL_AREA_STYLE_COLOUR('',#16810);
#16810 = COLOUR_RGB('',7.999999887273E-02,7.999999887273E-02,
  7.999999887273E-02);
#16811 = MECHANICAL_DESIGN_GEOMETRIC_PRESENTATION_REPRESENTATION('',(
    #16812,#16820),#16791);
#16812 = STYLED_ITEM('color',(#16813),#15819);
#16813 = PRESENTATION_STYLE_ASSIGNMENT((#16814));
#16814 = SURFACE_STYLE_USAGE(.BOTH.,#16815);
#16815 = SURFACE_SIDE_STYLE('',(#16816));
#16816 = SURFACE_STYLE_FILL_AREA(#16817);
#16817 = FILL_AREA_STYLE('',(#16818));
#16818 = FILL_AREA_STYLE_COLOUR('',#16819);
#16819 = COLOUR_RGB('',0.800000010877,0.800000010877,0.819999987296);
#16820 = STYLED_ITEM('color',(#16821),#16305);
#16821 = PRESENTATION_STYLE_ASSIGNMENT((#16822));
#16822 = SURFACE_STYLE_USAGE(.BOTH.,#16823);
#16823 = SURFACE_SIDE_STYLE('',(#16824));
#16824 = SURFACE_STYLE_FILL_AREA(#16825);
#16825 = FILL_AREA_STYLE('',(#16826));
#16826 = FILL_AREA_STYLE_COLOUR('',#16819);
#16827 = MECHANICAL_DESIGN_GEOMETRIC_PRESENTATION_REPRESENTATION('',(
    #16828),#8589);
#16828 = STYLED_ITEM('color',(#16829),#5770);
#16829 = PRESENTATION_STYLE_ASSIGNMENT((#16830));
#16830 = SURFACE_STYLE_USAGE(.BOTH.,#16831);
#16831 = SURFACE_SIDE_STYLE('',(#16832));
#16832 = SURFACE_STYLE_FILL_AREA(#16833);
#16833 = FILL_AREA_STYLE('',(#16834));
#16834 = FILL_AREA_STYLE_COLOUR('',#16819);
#16835 = MECHANICAL_DESIGN_GEOMETRIC_PRESENTATION_REPRESENTATION('',(
    #16836),#15800);
#16836 = STYLED_ITEM('color',(#16837),#8608);
#16837 = PRESENTATION_STYLE_ASSIGNMENT((#16838));
#16838 = SURFACE_STYLE_USAGE(.BOTH.,#16839);
#16839 = SURFACE_SIDE_STYLE('',(#16840));
#16840 = SURFACE_STYLE_FILL_AREA(#16841);
#16841 = FILL_AREA_STYLE('',(#16842));
#16842 = FILL_AREA_STYLE_COLOUR('',#16843);
#16843 = COLOUR_RGB('',0.859999984366,9.999999991362E-02,
  9.999999991362E-02);
#16844 = MECHANICAL_DESIGN_GEOMETRIC_PRESENTATION_REPRESENTATION('',(
    #16845),#5751);
#16845 = STYLED_ITEM('color',(#16846),#2932);
#16846 = PRESENTATION_STYLE_ASSIGNMENT((#16847));
#16847 = SURFACE_STYLE_USAGE(.BOTH.,#16848);
#16848 = SURFACE_SIDE_STYLE('',(#16849));
#16849 = SURFACE_STYLE_FILL_AREA(#16850);
#16850 = FILL_AREA_STYLE('',(#16851));
#16851 = FILL_AREA_STYLE_COLOUR('',#16819);
ENDSEC;
END-ISO-10303-21;
